ISO-10303-21;
HEADER;
FILE_DESCRIPTION(('FreeCAD Model'),'2;1');
FILE_NAME('Open CASCADE Shape Model','2026-07-17T22:25:44',(''),(''),
  'Open CASCADE STEP processor 7.8','FreeCAD','Unknown');
FILE_SCHEMA(('AUTOMOTIVE_DESIGN { 1 0 10303 214 1 1 1 1 }'));
ENDSEC;
DATA;
#1 = APPLICATION_PROTOCOL_DEFINITION('international standard',
  'automotive_design',2000,#2);
#2 = APPLICATION_CONTEXT(
  'core data for automotive mechanical design processes');
#3 = SHAPE_DEFINITION_REPRESENTATION(#4,#10);
#4 = PRODUCT_DEFINITION_SHAPE('','',#5);
#5 = PRODUCT_DEFINITION('design','',#6,#9);
#6 = PRODUCT_DEFINITION_FORMATION('','',#7);
#7 = PRODUCT('riohs_b4_final_assembly','riohs_b4_final_assembly','',(#8)
  );
#8 = PRODUCT_CONTEXT('',#2,'mechanical');
#9 = PRODUCT_DEFINITION_CONTEXT('part definition',#2,'design');
#10 = SHAPE_REPRESENTATION('',(#11,#15,#19,#23,#27,#31,#35,#39,#43,#47,
    #51,#55,#59,#63,#67,#71,#75,#79,#83,#87,#91,#95,#99,#103,#107,#111,
    #115,#119,#123,#127,#131,#135,#139,#143,#147,#151,#155,#159,#163,
    #167,#171,#175,#179,#183,#187,#191,#195,#199,#203,#207,#211,#215,
    #219),#223);
#11 = AXIS2_PLACEMENT_3D('',#12,#13,#14);
#12 = CARTESIAN_POINT('',(0.,0.,0.));
#13 = DIRECTION('',(0.,0.,1.));
#14 = DIRECTION('',(1.,0.,-0.));
#15 = AXIS2_PLACEMENT_3D('',#16,#17,#18);
#16 = CARTESIAN_POINT('',(0.,0.,0.));
#17 = DIRECTION('',(0.,0.,1.));
#18 = DIRECTION('',(1.,0.,0.));
#19 = AXIS2_PLACEMENT_3D('',#20,#21,#22);
#20 = CARTESIAN_POINT('',(0.,0.,0.));
#21 = DIRECTION('',(0.,0.,1.));
#22 = DIRECTION('',(1.,0.,0.));
#23 = AXIS2_PLACEMENT_3D('',#24,#25,#26);
#24 = CARTESIAN_POINT('',(-4.5,-1.6,-1.));
#25 = DIRECTION('',(0.,0.,1.));
#26 = DIRECTION('',(1.,0.,0.));
#27 = AXIS2_PLACEMENT_3D('',#28,#29,#30);
#28 = CARTESIAN_POINT('',(-3.5,-0.6,2.));
#29 = DIRECTION('',(0.,0.,1.));
#30 = DIRECTION('',(1.,0.,0.));
#31 = AXIS2_PLACEMENT_3D('',#32,#33,#34);
#32 = CARTESIAN_POINT('',(35.5,-7.5,90.));
#33 = DIRECTION('',(0.,0.,1.));
#34 = DIRECTION('',(1.,0.,0.));
#35 = AXIS2_PLACEMENT_3D('',#36,#37,#38);
#36 = CARTESIAN_POINT('',(40.5,-7.,90.25));
#37 = DIRECTION('',(0.,0.,1.));
#38 = DIRECTION('',(1.,0.,0.));
#39 = AXIS2_PLACEMENT_3D('',#40,#41,#42);
#40 = CARTESIAN_POINT('',(0.,0.,0.));
#41 = DIRECTION('',(0.,0.,1.));
#42 = DIRECTION('',(1.,0.,0.));
#43 = AXIS2_PLACEMENT_3D('',#44,#45,#46);
#44 = CARTESIAN_POINT('',(0.,0.,0.));
#45 = DIRECTION('',(0.,0.,1.));
#46 = DIRECTION('',(1.,0.,0.));
#47 = AXIS2_PLACEMENT_3D('',#48,#49,#50);
#48 = CARTESIAN_POINT('',(-26.5,18.,76.5));
#49 = DIRECTION('',(0.,0.,1.));
#50 = DIRECTION('',(1.,0.,0.));
#51 = AXIS2_PLACEMENT_3D('',#52,#53,#54);
#52 = CARTESIAN_POINT('',(12.5,18.,76.5));
#53 = DIRECTION('',(0.,0.,1.));
#54 = DIRECTION('',(1.,0.,0.));
#55 = AXIS2_PLACEMENT_3D('',#56,#57,#58);
#56 = CARTESIAN_POINT('',(-26.5,18.,26.5));
#57 = DIRECTION('',(0.,0.,1.));
#58 = DIRECTION('',(1.,0.,0.));
#59 = AXIS2_PLACEMENT_3D('',#60,#61,#62);
#60 = CARTESIAN_POINT('',(12.5,18.,26.5));
#61 = DIRECTION('',(0.,0.,1.));
#62 = DIRECTION('',(1.,0.,0.));
#63 = AXIS2_PLACEMENT_3D('',#64,#65,#66);
#64 = CARTESIAN_POINT('',(0.,0.,0.));
#65 = DIRECTION('',(0.,0.,1.));
#66 = DIRECTION('',(1.,0.,0.));
#67 = AXIS2_PLACEMENT_3D('',#68,#69,#70);
#68 = CARTESIAN_POINT('',(0.,0.,0.));
#69 = DIRECTION('',(0.,0.,1.));
#70 = DIRECTION('',(1.,0.,0.));
#71 = AXIS2_PLACEMENT_3D('',#72,#73,#74);
#72 = CARTESIAN_POINT('',(-18.,-7.,-8.));
#73 = DIRECTION('',(0.,0.,1.));
#74 = DIRECTION('',(1.,0.,0.));
#75 = AXIS2_PLACEMENT_3D('',#76,#77,#78);
#76 = CARTESIAN_POINT('',(-10.,0.,-26.));
#77 = DIRECTION('',(0.,0.,1.));
#78 = DIRECTION('',(1.,0.,0.));
#79 = AXIS2_PLACEMENT_3D('',#80,#81,#82);
#80 = CARTESIAN_POINT('',(0.,0.,0.));
#81 = DIRECTION('',(0.,0.,1.));
#82 = DIRECTION('',(1.,0.,0.));
#83 = AXIS2_PLACEMENT_3D('',#84,#85,#86);
#84 = CARTESIAN_POINT('',(-31.,-10.,18.));
#85 = DIRECTION('',(0.,0.,1.));
#86 = DIRECTION('',(1.,0.,0.));
#87 = AXIS2_PLACEMENT_3D('',#88,#89,#90);
#88 = CARTESIAN_POINT('',(-9.,-8.4,72.));
#89 = DIRECTION('',(0.,0.,1.));
#90 = DIRECTION('',(1.,0.,0.));
#91 = AXIS2_PLACEMENT_3D('',#92,#93,#94);
#92 = CARTESIAN_POINT('',(-6.,-8.4,89.));
#93 = DIRECTION('',(0.,0.,1.));
#94 = DIRECTION('',(1.,0.,0.));
#95 = AXIS2_PLACEMENT_3D('',#96,#97,#98);
#96 = CARTESIAN_POINT('',(-5.,-8.4,55.));
#97 = DIRECTION('',(0.,0.,1.));
#98 = DIRECTION('',(1.,0.,0.));
#99 = AXIS2_PLACEMENT_3D('',#100,#101,#102);
#100 = CARTESIAN_POINT('',(10.,-8.4,58.));
#101 = DIRECTION('',(0.,0.,1.));
#102 = DIRECTION('',(1.,0.,0.));
#103 = AXIS2_PLACEMENT_3D('',#104,#105,#106);
#104 = CARTESIAN_POINT('',(-4.5,-8.4,2.5));
#105 = DIRECTION('',(0.,0.,1.));
#106 = DIRECTION('',(1.,0.,0.));
#107 = AXIS2_PLACEMENT_3D('',#108,#109,#110);
#108 = CARTESIAN_POINT('',(-18.,-8.4,40.));
#109 = DIRECTION('',(0.,0.,1.));
#110 = DIRECTION('',(1.,0.,0.));
#111 = AXIS2_PLACEMENT_3D('',#112,#113,#114);
#112 = CARTESIAN_POINT('',(-18.,-8.4,30.));
#113 = DIRECTION('',(0.,0.,1.));
#114 = DIRECTION('',(1.,0.,0.));
#115 = AXIS2_PLACEMENT_3D('',#116,#117,#118);
#116 = CARTESIAN_POINT('',(-11.,-8.4,45.));
#117 = DIRECTION('',(0.,0.,1.));
#118 = DIRECTION('',(1.,0.,0.));
#119 = AXIS2_PLACEMENT_3D('',#120,#121,#122);
#120 = CARTESIAN_POINT('',(-11.,-8.4,34.));
#121 = DIRECTION('',(0.,0.,1.));
#122 = DIRECTION('',(1.,0.,0.));
#123 = AXIS2_PLACEMENT_3D('',#124,#125,#126);
#124 = CARTESIAN_POINT('',(-4.,-8.4,50.));
#125 = DIRECTION('',(0.,0.,1.));
#126 = DIRECTION('',(1.,0.,0.));
#127 = AXIS2_PLACEMENT_3D('',#128,#129,#130);
#128 = CARTESIAN_POINT('',(-4.,-8.4,38.));
#129 = DIRECTION('',(0.,0.,1.));
#130 = DIRECTION('',(1.,0.,0.));
#131 = AXIS2_PLACEMENT_3D('',#132,#133,#134);
#132 = CARTESIAN_POINT('',(3.,-8.4,55.));
#133 = DIRECTION('',(0.,0.,1.));
#134 = DIRECTION('',(1.,0.,0.));
#135 = AXIS2_PLACEMENT_3D('',#136,#137,#138);
#136 = CARTESIAN_POINT('',(3.,-8.4,42.));
#137 = DIRECTION('',(0.,0.,1.));
#138 = DIRECTION('',(1.,0.,0.));
#139 = AXIS2_PLACEMENT_3D('',#140,#141,#142);
#140 = CARTESIAN_POINT('',(-18.,-14.5,100.));
#141 = DIRECTION('',(0.,0.,1.));
#142 = DIRECTION('',(1.,0.,0.));
#143 = AXIS2_PLACEMENT_3D('',#144,#145,#146);
#144 = CARTESIAN_POINT('',(-17.,-8.,145.));
#145 = DIRECTION('',(0.,0.,1.));
#146 = DIRECTION('',(1.,0.,0.));
#147 = AXIS2_PLACEMENT_3D('',#148,#149,#150);
#148 = CARTESIAN_POINT('',(-6.,-8.,150.));
#149 = DIRECTION('',(0.,-1.,-2.22044604925E-16));
#150 = DIRECTION('',(1.,0.,0.));
#151 = AXIS2_PLACEMENT_3D('',#152,#153,#154);
#152 = CARTESIAN_POINT('',(6.,-8.,150.));
#153 = DIRECTION('',(0.,-1.,-2.22044604925E-16));
#154 = DIRECTION('',(1.,0.,0.));
#155 = AXIS2_PLACEMENT_3D('',#156,#157,#158);
#156 = CARTESIAN_POINT('',(0.,0.,0.));
#157 = DIRECTION('',(0.,0.,1.));
#158 = DIRECTION('',(1.,0.,0.));
#159 = AXIS2_PLACEMENT_3D('',#160,#161,#162);
#160 = CARTESIAN_POINT('',(-24.,16.5,91.));
#161 = DIRECTION('',(0.,0.,1.));
#162 = DIRECTION('',(1.,0.,0.));
#163 = AXIS2_PLACEMENT_3D('',#164,#165,#166);
#164 = CARTESIAN_POINT('',(0.,0.,0.));
#165 = DIRECTION('',(0.,0.,1.));
#166 = DIRECTION('',(1.,0.,0.));
#167 = AXIS2_PLACEMENT_3D('',#168,#169,#170);
#168 = CARTESIAN_POINT('',(0.,0.,0.));
#169 = DIRECTION('',(0.,0.,1.));
#170 = DIRECTION('',(1.,0.,0.));
#171 = AXIS2_PLACEMENT_3D('',#172,#173,#174);
#172 = CARTESIAN_POINT('',(0.,0.,0.));
#173 = DIRECTION('',(0.,0.,1.));
#174 = DIRECTION('',(1.,0.,0.));
#175 = AXIS2_PLACEMENT_3D('',#176,#177,#178);
#176 = CARTESIAN_POINT('',(0.,0.,0.));
#177 = DIRECTION('',(0.,0.,1.));
#178 = DIRECTION('',(1.,0.,0.));
#179 = AXIS2_PLACEMENT_3D('',#180,#181,#182);
#180 = CARTESIAN_POINT('',(0.,0.,0.));
#181 = DIRECTION('',(0.,0.,1.));
#182 = DIRECTION('',(1.,0.,0.));
#183 = AXIS2_PLACEMENT_3D('',#184,#185,#186);
#184 = CARTESIAN_POINT('',(0.,0.,0.));
#185 = DIRECTION('',(0.,0.,1.));
#186 = DIRECTION('',(1.,0.,0.));
#187 = AXIS2_PLACEMENT_3D('',#188,#189,#190);
#188 = CARTESIAN_POINT('',(0.,0.,0.));
#189 = DIRECTION('',(0.,0.,1.));
#190 = DIRECTION('',(1.,0.,0.));
#191 = AXIS2_PLACEMENT_3D('',#192,#193,#194);
#192 = CARTESIAN_POINT('',(0.,0.,0.));
#193 = DIRECTION('',(0.,0.,1.));
#194 = DIRECTION('',(1.,0.,0.));
#195 = AXIS2_PLACEMENT_3D('',#196,#197,#198);
#196 = CARTESIAN_POINT('',(0.,0.,0.));
#197 = DIRECTION('',(0.,0.,1.));
#198 = DIRECTION('',(1.,0.,0.));
#199 = AXIS2_PLACEMENT_3D('',#200,#201,#202);
#200 = CARTESIAN_POINT('',(0.,0.,0.));
#201 = DIRECTION('',(1.,1.232595164408E-32,1.110223024625E-16));
#202 = DIRECTION('',(0.,1.,-1.110223024625E-16));
#203 = AXIS2_PLACEMENT_3D('',#204,#205,#206);
#204 = CARTESIAN_POINT('',(0.,0.,0.));
#205 = DIRECTION('',(0.,-1.,1.110223024625E-16));
#206 = DIRECTION('',(0.,1.110223024625E-16,1.));
#207 = AXIS2_PLACEMENT_3D('',#208,#209,#210);
#208 = CARTESIAN_POINT('',(0.,0.,0.));
#209 = DIRECTION('',(0.,0.,1.));
#210 = DIRECTION('',(1.,0.,0.));
#211 = AXIS2_PLACEMENT_3D('',#212,#213,#214);
#212 = CARTESIAN_POINT('',(0.,0.,0.));
#213 = DIRECTION('',(0.,-1.,-2.22044604925E-16));
#214 = DIRECTION('',(1.,0.,0.));
#215 = AXIS2_PLACEMENT_3D('',#216,#217,#218);
#216 = CARTESIAN_POINT('',(0.,0.,0.));
#217 = DIRECTION('',(1.,1.232595164408E-32,1.110223024625E-16));
#218 = DIRECTION('',(0.,1.,-1.110223024625E-16));
#219 = AXIS2_PLACEMENT_3D('',#220,#221,#222);
#220 = CARTESIAN_POINT('',(0.,0.,0.));
#221 = DIRECTION('',(0.,0.,1.));
#222 = DIRECTION('',(1.,0.,-0.));
#223 = ( GEOMETRIC_REPRESENTATION_CONTEXT(3) 
GLOBAL_UNCERTAINTY_ASSIGNED_CONTEXT((#227)) GLOBAL_UNIT_ASSIGNED_CONTEXT
((#224,#225,#226)) REPRESENTATION_CONTEXT('Context #1',
  '3D Context with UNIT and UNCERTAINTY') );
#224 = ( LENGTH_UNIT() NAMED_UNIT(*) SI_UNIT(.MILLI.,.METRE.) );
#225 = ( NAMED_UNIT(*) PLANE_ANGLE_UNIT() SI_UNIT($,.RADIAN.) );
#226 = ( NAMED_UNIT(*) SI_UNIT($,.STERADIAN.) SOLID_ANGLE_UNIT() );
#227 = UNCERTAINTY_MEASURE_WITH_UNIT(LENGTH_MEASURE(1.E-06),#224,
  'distance_accuracy_value','confusion accuracy');
#228 = PRODUCT_RELATED_PRODUCT_CATEGORY('part',$,(#7));
#229 = SHAPE_DEFINITION_REPRESENTATION(#230,#236);
#230 = PRODUCT_DEFINITION_SHAPE('','',#231);
#231 = PRODUCT_DEFINITION('design','',#232,#235);
#232 = PRODUCT_DEFINITION_FORMATION('','',#233);
#233 = PRODUCT('Front_Housing_Shell','Front_Housing_Shell','',(#234));
#234 = PRODUCT_CONTEXT('',#2,'mechanical');
#235 = PRODUCT_DEFINITION_CONTEXT('part definition',#2,'design');
#236 = ADVANCED_BREP_SHAPE_REPRESENTATION('',(#11,#237),#2144);
#237 = MANIFOLD_SOLID_BREP('',#238);
#238 = CLOSED_SHELL('',(#239,#341,#386,#420,#631,#944,#1107,#1123,#1148,
    #1172,#1190,#1388,#1411,#1429,#1446,#1458,#1474,#1491,#1502,#1540,
    #1571,#1588,#1600,#1631,#1655,#1679,#1703,#1727,#1751,#1775,#1799,
    #1823,#1847,#1871,#1888,#1910,#1927,#1960,#1986,#2008,#2025,#2042,
    #2054,#2079,#2097,#2115));
#239 = ADVANCED_FACE('',(#240),#336,.T.);
#240 = FACE_BOUND('',#241,.T.);
#241 = EDGE_LOOP('',(#242,#252,#260,#291,#299,#330));
#242 = ORIENTED_EDGE('',*,*,#243,.F.);
#243 = EDGE_CURVE('',#244,#246,#248,.T.);
#244 = VERTEX_POINT('',#245);
#245 = CARTESIAN_POINT('',(-36.,0.,0.));
#246 = VERTEX_POINT('',#247);
#247 = CARTESIAN_POINT('',(36.,0.,0.));
#248 = LINE('',#249,#250);
#249 = CARTESIAN_POINT('',(-41.,0.,0.));
#250 = VECTOR('',#251,1.);
#251 = DIRECTION('',(1.,0.,0.));
#252 = ORIENTED_EDGE('',*,*,#253,.F.);
#253 = EDGE_CURVE('',#254,#244,#256,.T.);
#254 = VERTEX_POINT('',#255);
#255 = CARTESIAN_POINT('',(-36.,11.502056050147,0.));
#256 = LINE('',#257,#258);
#257 = CARTESIAN_POINT('',(-36.,17.5,0.));
#258 = VECTOR('',#259,1.);
#259 = DIRECTION('',(0.,-1.,0.));
#260 = ORIENTED_EDGE('',*,*,#261,.F.);
#261 = EDGE_CURVE('',#262,#254,#264,.T.);
#262 = VERTEX_POINT('',#263);
#263 = CARTESIAN_POINT('',(-30.00205605014,17.5,0.));
#264 = B_SPLINE_CURVE_WITH_KNOTS('',7,(#265,#266,#267,#268,#269,#270,
    #271,#272,#273,#274,#275,#276,#277,#278,#279,#280,#281,#282,#283,
    #284,#285,#286,#287,#288,#289,#290),.UNSPECIFIED.,.F.,.F.,(8,6,6,6,8
    ),(0.,0.249337484205,0.498999841523,0.749028534534,1.),
  .UNSPECIFIED.);
#265 = CARTESIAN_POINT('',(-30.00205605014,17.5,0.));
#266 = CARTESIAN_POINT('',(-30.30438176453,17.5,0.));
#267 = CARTESIAN_POINT('',(-30.61403386056,17.48223312682,0.));
#268 = CARTESIAN_POINT('',(-30.92945217424,17.44514998801,0.));
#269 = CARTESIAN_POINT('',(-31.24869175699,17.387352678942,0.));
#270 = CARTESIAN_POINT('',(-31.56941750632,17.307753760715,0.));
#271 = CARTESIAN_POINT('',(-31.8889891959,17.205710922142,0.));
#272 = CARTESIAN_POINT('',(-32.52069588629,16.956401416846,0.));
#273 = CARTESIAN_POINT('',(-32.83282104622,16.809075175404,0.));
#274 = CARTESIAN_POINT('',(-33.13823093751,16.639068579406,0.));
#275 = CARTESIAN_POINT('',(-33.4340139897,16.446836252634,0.));
#276 = CARTESIAN_POINT('',(-33.71729706077,16.233466159984,0.));
#277 = CARTESIAN_POINT('',(-33.98549447077,16.000647716093,0.));
#278 = CARTESIAN_POINT('',(-34.48779432447,15.500009919115,0.));
#279 = CARTESIAN_POINT('',(-34.72184650407,15.232139367665,0.));
#280 = CARTESIAN_POINT('',(-34.93646178183,14.949041868347,0.));
#281 = CARTESIAN_POINT('',(-35.12992604054,14.653304572365,0.));
#282 = CARTESIAN_POINT('',(-35.30112826417,14.34780883874,0.));
#283 = CARTESIAN_POINT('',(-35.4495950581,14.035479296575,0.));
#284 = CARTESIAN_POINT('',(-35.70168418788,13.401553915553,0.));
#285 = CARTESIAN_POINT('',(-35.80513617634,13.079927183984,0.));
#286 = CARTESIAN_POINT('',(-35.88583229835,12.757061023122,0.));
#287 = CARTESIAN_POINT('',(-35.94441847773,12.435654004883,0.));
#288 = CARTESIAN_POINT('',(-35.98199948101,12.118092655233,0.));
#289 = CARTESIAN_POINT('',(-36.,11.80636299047,0.));
#290 = CARTESIAN_POINT('',(-36.,11.502056050147,0.));
#291 = ORIENTED_EDGE('',*,*,#292,.F.);
#292 = EDGE_CURVE('',#293,#262,#295,.T.);
#293 = VERTEX_POINT('',#294);
#294 = CARTESIAN_POINT('',(30.002056050147,17.5,0.));
#295 = LINE('',#296,#297);
#296 = CARTESIAN_POINT('',(36.,17.5,0.));
#297 = VECTOR('',#298,1.);
#298 = DIRECTION('',(-1.,0.,0.));
#299 = ORIENTED_EDGE('',*,*,#300,.F.);
#300 = EDGE_CURVE('',#301,#293,#303,.T.);
#301 = VERTEX_POINT('',#302);
#302 = CARTESIAN_POINT('',(36.,11.502056050147,0.));
#303 = B_SPLINE_CURVE_WITH_KNOTS('',7,(#304,#305,#306,#307,#308,#309,
    #310,#311,#312,#313,#314,#315,#316,#317,#318,#319,#320,#321,#322,
    #323,#324,#325,#326,#327,#328,#329),.UNSPECIFIED.,.F.,.F.,(8,6,6,6,8
    ),(0.,0.249337484206,0.498999841525,0.749028534534,1.),
  .UNSPECIFIED.);
#304 = CARTESIAN_POINT('',(36.,11.502056050147,0.));
#305 = CARTESIAN_POINT('',(36.,11.804381764535,0.));
#306 = CARTESIAN_POINT('',(35.98223312682,12.114033860568,0.));
#307 = CARTESIAN_POINT('',(35.94514998801,12.429452174245,0.));
#308 = CARTESIAN_POINT('',(35.887352678942,12.748691756998,0.));
#309 = CARTESIAN_POINT('',(35.807753760715,13.06941750632,0.));
#310 = CARTESIAN_POINT('',(35.705710922143,13.388989195899,0.));
#311 = CARTESIAN_POINT('',(35.456401416847,14.020695886289,0.));
#312 = CARTESIAN_POINT('',(35.309075175406,14.33282104622,0.));
#313 = CARTESIAN_POINT('',(35.139068579406,14.638230937516,0.));
#314 = CARTESIAN_POINT('',(34.946836252636,14.934013989705,0.));
#315 = CARTESIAN_POINT('',(34.733466159984,15.217297060773,0.));
#316 = CARTESIAN_POINT('',(34.500647716094,15.485494470778,0.));
#317 = CARTESIAN_POINT('',(34.000009919117,15.987794324472,0.));
#318 = CARTESIAN_POINT('',(33.732139367658,16.22184650408,0.));
#319 = CARTESIAN_POINT('',(33.44904186836,16.436461781826,0.));
#320 = CARTESIAN_POINT('',(33.153304572352,16.629926040553,0.));
#321 = CARTESIAN_POINT('',(32.847808838747,16.80112826417,0.));
#322 = CARTESIAN_POINT('',(32.535479296574,16.949595058102,0.));
#323 = CARTESIAN_POINT('',(31.901553915553,17.201684187884,0.));
#324 = CARTESIAN_POINT('',(31.579927183984,17.305136176346,0.));
#325 = CARTESIAN_POINT('',(31.257061023122,17.385832298351,0.));
#326 = CARTESIAN_POINT('',(30.935654004883,17.444418477737,0.));
#327 = CARTESIAN_POINT('',(30.618092655233,17.481999481016,0.));
#328 = CARTESIAN_POINT('',(30.30636299047,17.5,0.));
#329 = CARTESIAN_POINT('',(30.002056050147,17.5,0.));
#330 = ORIENTED_EDGE('',*,*,#331,.F.);
#331 = EDGE_CURVE('',#246,#301,#332,.T.);
#332 = LINE('',#333,#334);
#333 = CARTESIAN_POINT('',(36.,-17.5,0.));
#334 = VECTOR('',#335,1.);
#335 = DIRECTION('',(0.,1.,0.));
#336 = PLANE('',#337);
#337 = AXIS2_PLACEMENT_3D('',#338,#339,#340);
#338 = CARTESIAN_POINT('',(-36.,-17.5,0.));
#339 = DIRECTION('',(0.,0.,-1.));
#340 = DIRECTION('',(0.899367854138,0.437192706873,0.));
#341 = ADVANCED_FACE('',(#342),#381,.F.);
#342 = FACE_BOUND('',#343,.F.);
#343 = EDGE_LOOP('',(#344,#345,#352,#360,#368,#376));
#344 = ORIENTED_EDGE('',*,*,#243,.F.);
#345 = ORIENTED_EDGE('',*,*,#346,.T.);
#346 = EDGE_CURVE('',#244,#347,#349,.T.);
#347 = VERTEX_POINT('',#348);
#348 = CARTESIAN_POINT('',(-33.5,0.,95.471148242564));
#349 = B_SPLINE_CURVE_WITH_KNOTS('',1,(#350,#351),.UNSPECIFIED.,.F.,.F.,
  (2,2),(0.,1.),.PIECEWISE_BEZIER_KNOTS.);
#350 = CARTESIAN_POINT('',(-36.,0.,0.));
#351 = CARTESIAN_POINT('',(-33.49999725047,0.,95.471253242564));
#352 = ORIENTED_EDGE('',*,*,#353,.F.);
#353 = EDGE_CURVE('',#354,#347,#356,.T.);
#354 = VERTEX_POINT('',#355);
#355 = CARTESIAN_POINT('',(-33.5,0.,2.5));
#356 = LINE('',#357,#358);
#357 = CARTESIAN_POINT('',(-33.5,0.,-3.75));
#358 = VECTOR('',#359,1.);
#359 = DIRECTION('',(0.,0.,1.));
#360 = ORIENTED_EDGE('',*,*,#361,.F.);
#361 = EDGE_CURVE('',#362,#354,#364,.T.);
#362 = VERTEX_POINT('',#363);
#363 = CARTESIAN_POINT('',(33.5,0.,2.5));
#364 = LINE('',#365,#366);
#365 = CARTESIAN_POINT('',(-39.75,0.,2.5));
#366 = VECTOR('',#367,1.);
#367 = DIRECTION('',(-1.,-0.,0.));
#368 = ORIENTED_EDGE('',*,*,#369,.T.);
#369 = EDGE_CURVE('',#362,#370,#372,.T.);
#370 = VERTEX_POINT('',#371);
#371 = CARTESIAN_POINT('',(33.5,2.E-15,95.471148242564));
#372 = LINE('',#373,#374);
#373 = CARTESIAN_POINT('',(33.5,0.,-3.75));
#374 = VECTOR('',#375,1.);
#375 = DIRECTION('',(0.,0.,1.));
#376 = ORIENTED_EDGE('',*,*,#377,.F.);
#377 = EDGE_CURVE('',#246,#370,#378,.T.);
#378 = B_SPLINE_CURVE_WITH_KNOTS('',1,(#379,#380),.UNSPECIFIED.,.F.,.F.,
  (2,2),(0.,1.),.PIECEWISE_BEZIER_KNOTS.);
#379 = CARTESIAN_POINT('',(36.,0.,0.));
#380 = CARTESIAN_POINT('',(33.499997250478,0.,95.471253242564));
#381 = PLANE('',#382);
#382 = AXIS2_PLACEMENT_3D('',#383,#384,#385);
#383 = CARTESIAN_POINT('',(-46.,0.,-10.));
#384 = DIRECTION('',(0.,1.,0.));
#385 = DIRECTION('',(0.,0.,1.));
#386 = ADVANCED_FACE('',(#387),#415,.T.);
#387 = FACE_BOUND('',#388,.T.);
#388 = EDGE_LOOP('',(#389,#390,#391,#410));
#389 = ORIENTED_EDGE('',*,*,#377,.F.);
#390 = ORIENTED_EDGE('',*,*,#331,.T.);
#391 = ORIENTED_EDGE('',*,*,#392,.T.);
#392 = EDGE_CURVE('',#301,#393,#395,.T.);
#393 = VERTEX_POINT('',#394);
#394 = CARTESIAN_POINT('',(33.5,9.002056050147,95.471148242564));
#395 = B_SPLINE_CURVE_WITH_KNOTS('',5,(#396,#397,#398,#399,#400,#401,
    #402,#403,#404,#405,#406,#407,#408,#409),.UNSPECIFIED.,.F.,.F.,(6,4,
    4,6),(-10.56038725461,0.156954102902,175.27691092512,185.99425228264
    ),.UNSPECIFIED.);
#396 = CARTESIAN_POINT('',(36.280451220006,11.782507270153,-10.71));
#397 = CARTESIAN_POINT('',(36.224360976005,11.726417026151,-8.568));
#398 = CARTESIAN_POINT('',(36.168270732004,11.67032678215,-6.426));
#399 = CARTESIAN_POINT('',(36.112180488002,11.614236538149,-4.284));
#400 = CARTESIAN_POINT('',(36.056090244001,11.558146294148,-2.142));
#401 = CARTESIAN_POINT('',(35.083492745078,10.585548795225,35.));
#402 = CARTESIAN_POINT('',(34.166985490157,9.669041540304,70.));
#403 = CARTESIAN_POINT('',(33.250478235235,8.752534285382,105.));
#404 = CARTESIAN_POINT('',(32.333970980314,7.83602703046,140.));
#405 = CARTESIAN_POINT('',(31.361373481391,6.863429531538,177.142));
#406 = CARTESIAN_POINT('',(31.30528323739,6.807339287537,179.284));
#407 = CARTESIAN_POINT('',(31.249192993389,6.751249043535,181.426));
#408 = CARTESIAN_POINT('',(31.193102749387,6.695158799534,183.568));
#409 = CARTESIAN_POINT('',(31.137012505386,6.639068555533,185.71));
#410 = ORIENTED_EDGE('',*,*,#411,.T.);
#411 = EDGE_CURVE('',#393,#370,#412,.T.);
#412 = B_SPLINE_CURVE_WITH_KNOTS('',1,(#413,#414),.UNSPECIFIED.,.F.,.F.,
  (2,2),(0.,1.),.PIECEWISE_BEZIER_KNOTS.);
#413 = CARTESIAN_POINT('',(33.5,9.858905700126,95.471148242564));
#414 = CARTESIAN_POINT('',(33.5,-9.858905700126,95.471148242564));
#415 = B_SPLINE_SURFACE_WITH_KNOTS('',1,1,(
    (#416,#417)
    ,(#418,#419
  )),.UNSPECIFIED.,.F.,.F.,.F.,(2,2),(2,2),(0.,35.),(0.,1.),
  .PIECEWISE_BEZIER_KNOTS.);
#416 = CARTESIAN_POINT('',(36.,-17.5,0.));
#417 = CARTESIAN_POINT('',(31.417463725392,-12.91746372539,175.));
#418 = CARTESIAN_POINT('',(36.,17.5,0.));
#419 = CARTESIAN_POINT('',(31.417463725392,12.917463725392,175.));
#420 = ADVANCED_FACE('',(#421),#588,.T.);
#421 = FACE_BOUND('',#422,.T.);
#422 = EDGE_LOOP('',(#423,#424,#425,#444,#463,#473,#492,#541));
#423 = ORIENTED_EDGE('',*,*,#392,.F.);
#424 = ORIENTED_EDGE('',*,*,#300,.T.);
#425 = ORIENTED_EDGE('',*,*,#426,.T.);
#426 = EDGE_CURVE('',#293,#427,#429,.T.);
#427 = VERTEX_POINT('',#428);
#428 = CARTESIAN_POINT('',(28.,15.497943949853,76.455435981389));
#429 = B_SPLINE_CURVE_WITH_KNOTS('',5,(#430,#431,#432,#433,#434,#435,
    #436,#437,#438,#439,#440,#441,#442,#443),.UNSPECIFIED.,.F.,.F.,(6,4,
    4,6),(-10.56038725461,0.156954102902,175.27691092512,185.99425228264
    ),.UNSPECIFIED.);
#430 = CARTESIAN_POINT('',(30.282507270153,17.780451220006,-10.71));
#431 = CARTESIAN_POINT('',(30.226417026151,17.724360976005,-8.568));
#432 = CARTESIAN_POINT('',(30.17032678215,17.668270732004,-6.426));
#433 = CARTESIAN_POINT('',(30.114236538149,17.612180488002,-4.284));
#434 = CARTESIAN_POINT('',(30.058146294148,17.556090244001,-2.142));
#435 = CARTESIAN_POINT('',(29.085548795225,16.583492745078,35.));
#436 = CARTESIAN_POINT('',(28.169041540304,15.666985490157,70.));
#437 = CARTESIAN_POINT('',(27.252534285382,14.750478235235,105.));
#438 = CARTESIAN_POINT('',(26.336027030461,13.833970980314,140.));
#439 = CARTESIAN_POINT('',(25.363429531538,12.861373481391,177.142));
#440 = CARTESIAN_POINT('',(25.307339287537,12.80528323739,179.284));
#441 = CARTESIAN_POINT('',(25.251249043535,12.749192993389,181.426));
#442 = CARTESIAN_POINT('',(25.195158799534,12.693102749387,183.568));
#443 = CARTESIAN_POINT('',(25.139068555533,12.637012505386,185.71));
#444 = ORIENTED_EDGE('',*,*,#445,.T.);
#445 = EDGE_CURVE('',#427,#446,#448,.T.);
#446 = VERTEX_POINT('',#447);
#447 = CARTESIAN_POINT('',(28.,15.270024633808,85.));
#448 = B_SPLINE_CURVE_WITH_KNOTS('',4,(#449,#450,#451,#452,#453,#454,
    #455,#456,#457,#458,#459,#460,#461,#462),.UNSPECIFIED.,.F.,.F.,(5,3,
    3,3,5),(0.,0.671505255595,0.839254481597,0.917526184295,1.),
  .UNSPECIFIED.);
#449 = CARTESIAN_POINT('',(28.,15.497943949853,76.455435981389));
#450 = CARTESIAN_POINT('',(28.,15.460415852741,77.888576190441));
#451 = CARTESIAN_POINT('',(28.,15.422558608626,79.322338317014));
#452 = CARTESIAN_POINT('',(28.,15.384372517934,80.756687285901));
#453 = CARTESIAN_POINT('',(28.,15.336236200811,82.550043600688));
#454 = CARTESIAN_POINT('',(28.,15.326594250244,82.908532140845));
#455 = CARTESIAN_POINT('',(28.,15.316931781935,83.267054689119));
#456 = CARTESIAN_POINT('',(28.,15.302730719326,83.792912791961));
#457 = CARTESIAN_POINT('',(28.,15.298208376162,83.960214730549));
#458 = CARTESIAN_POINT('',(28.,15.293681765645,84.127516544038));
#459 = CARTESIAN_POINT('',(28.,15.284376762816,84.471101718573));
#460 = CARTESIAN_POINT('',(28.,15.279597687079,84.647392927306));
#461 = CARTESIAN_POINT('',(28.,15.274813633441,84.823692765895));
#462 = CARTESIAN_POINT('',(28.,15.270024633808,85.));
#463 = ORIENTED_EDGE('',*,*,#464,.F.);
#464 = EDGE_CURVE('',#465,#446,#467,.T.);
#465 = VERTEX_POINT('',#466);
#466 = CARTESIAN_POINT('',(27.776252716766,15.274196666619,85.));
#467 = B_SPLINE_CURVE_WITH_KNOTS('',4,(#468,#469,#470,#471,#472),
  .UNSPECIFIED.,.F.,.F.,(5,5),(0.,1.),.PIECEWISE_BEZIER_KNOTS.);
#468 = CARTESIAN_POINT('',(27.776252716766,15.274196666619,85.));
#469 = CARTESIAN_POINT('',(27.831782031545,15.274196666619,85.));
#470 = CARTESIAN_POINT('',(27.887593808709,15.273511680839,85.));
#471 = CARTESIAN_POINT('',(27.943672270471,15.272125985562,85.));
#472 = CARTESIAN_POINT('',(28.,15.270024633808,85.));
#473 = ORIENTED_EDGE('',*,*,#474,.T.);
#474 = EDGE_CURVE('',#465,#475,#477,.T.);
#475 = VERTEX_POINT('',#476);
#476 = CARTESIAN_POINT('',(27.502056050147,15.,95.471148242564));
#477 = B_SPLINE_CURVE_WITH_KNOTS('',5,(#478,#479,#480,#481,#482,#483,
    #484,#485,#486,#487,#488,#489,#490,#491),.UNSPECIFIED.,.F.,.F.,(6,4,
    4,6),(-10.56038725461,0.156954102902,175.27691092512,185.99425228264
    ),.UNSPECIFIED.);
#478 = CARTESIAN_POINT('',(30.282507270153,17.780451220006,-10.71));
#479 = CARTESIAN_POINT('',(30.226417026151,17.724360976005,-8.568));
#480 = CARTESIAN_POINT('',(30.17032678215,17.668270732004,-6.426));
#481 = CARTESIAN_POINT('',(30.114236538149,17.612180488002,-4.284));
#482 = CARTESIAN_POINT('',(30.058146294148,17.556090244001,-2.142));
#483 = CARTESIAN_POINT('',(29.085548795225,16.583492745078,35.));
#484 = CARTESIAN_POINT('',(28.169041540304,15.666985490157,70.));
#485 = CARTESIAN_POINT('',(27.252534285382,14.750478235235,105.));
#486 = CARTESIAN_POINT('',(26.336027030461,13.833970980314,140.));
#487 = CARTESIAN_POINT('',(25.363429531538,12.861373481391,177.142));
#488 = CARTESIAN_POINT('',(25.307339287537,12.80528323739,179.284));
#489 = CARTESIAN_POINT('',(25.251249043535,12.749192993389,181.426));
#490 = CARTESIAN_POINT('',(25.195158799534,12.693102749387,183.568));
#491 = CARTESIAN_POINT('',(25.139068555533,12.637012505386,185.71));
#492 = ORIENTED_EDGE('',*,*,#493,.F.);
#493 = EDGE_CURVE('',#494,#475,#496,.T.);
#494 = VERTEX_POINT('',#495);
#495 = CARTESIAN_POINT('',(33.5,15.,28.392818742335));
#496 = B_SPLINE_CURVE_WITH_KNOTS('',8,(#497,#498,#499,#500,#501,#502,
    #503,#504,#505,#506,#507,#508,#509,#510,#511,#512,#513,#514,#515,
    #516,#517,#518,#519,#520,#521,#522,#523,#524,#525,#526,#527,#528,
    #529,#530,#531,#532,#533,#534,#535,#536,#537,#538,#539,#540),
  .UNSPECIFIED.,.F.,.F.,(9,7,7,7,7,7,9),(0.,0.215349815483,
    0.442466070073,0.746460601752,0.827931200363,0.95491278265,1.),
  .UNSPECIFIED.);
#497 = CARTESIAN_POINT('',(33.5,15.,28.392818742335));
#498 = CARTESIAN_POINT('',(33.377247806416,15.,30.736677316481));
#499 = CARTESIAN_POINT('',(33.252825524667,15.,33.073646686562));
#500 = CARTESIAN_POINT('',(33.126667846952,15.,35.403129020932));
#501 = CARTESIAN_POINT('',(32.998704690897,15.,37.724410482439));
#502 = CARTESIAN_POINT('',(32.868860385837,15.,40.036652897994));
#503 = CARTESIAN_POINT('',(32.737052096776,15.,42.338878147542));
#504 = CARTESIAN_POINT('',(32.603187486021,15.,44.629945272441));
#505 = CARTESIAN_POINT('',(32.323703458818,15.,49.311593766024));
#506 = CARTESIAN_POINT('',(32.177851749272,15.,51.700599373304));
#507 = CARTESIAN_POINT('',(32.029475771129,15.,54.07410977034));
#508 = CARTESIAN_POINT('',(31.878440038072,15.,56.430261146668));
#509 = CARTESIAN_POINT('',(31.724601125534,15.,58.766703844354));
#510 = CARTESIAN_POINT('',(31.567804201479,15.,61.080550179006));
#511 = CARTESIAN_POINT('',(31.407876254672,15.,63.368278959436));
#512 = CARTESIAN_POINT('',(31.026085599635,15.,68.646916051646));
#513 = CARTESIAN_POINT('',(30.801944329133,15.,71.608719715995));
#514 = CARTESIAN_POINT('',(30.571350248757,15.,74.506194788089));
#515 = CARTESIAN_POINT('',(30.333676997063,15.,77.326484625905));
#516 = CARTESIAN_POINT('',(30.088529876978,15.,80.04830260365));
#517 = CARTESIAN_POINT('',(29.835763630692,15.,82.641216392686));
#518 = CARTESIAN_POINT('',(29.575508059176,15.,85.064943451944));
#519 = CARTESIAN_POINT('',(29.236547219189,15.,87.857231961526));
#520 = CARTESIAN_POINT('',(29.16443417042,15.,88.431188092581));
#521 = CARTESIAN_POINT('',(29.091873459174,15.,88.987829255379));
#522 = CARTESIAN_POINT('',(29.018897871157,15.,89.525956303742));
#523 = CARTESIAN_POINT('',(28.945549645164,15.,90.044286835833));
#524 = CARTESIAN_POINT('',(28.871880929814,15.,90.541475228374));
#525 = CARTESIAN_POINT('',(28.797954253344,15.,91.016139313668));
#526 = CARTESIAN_POINT('',(28.608331845977,15.,92.169447824492));
#527 = CARTESIAN_POINT('',(28.492332762006,15.,92.814159140193));
#528 = CARTESIAN_POINT('',(28.376176444842,15.,93.39538824504));
#529 = CARTESIAN_POINT('',(28.260240364192,15.,93.907736732659));
#530 = CARTESIAN_POINT('',(28.144945712299,15.,94.346353049162));
#531 = CARTESIAN_POINT('',(28.030751137753,15.,94.707335305805));
#532 = CARTESIAN_POINT('',(27.918143366338,15.,94.98817094134));
#533 = CARTESIAN_POINT('',(27.768383095524,15.,95.259160594174));
#534 = CARTESIAN_POINT('',(27.729401431582,15.,95.31998061684));
#535 = CARTESIAN_POINT('',(27.690700567906,15.,95.370581647274));
#536 = CARTESIAN_POINT('',(27.652300135021,15.,95.410960927594));
#537 = CARTESIAN_POINT('',(27.614218640672,15.,95.441143333338));
#538 = CARTESIAN_POINT('',(27.57647347104,15.,95.461180215497));
#539 = CARTESIAN_POINT('',(27.539080891961,15.,95.471148242564));
#540 = CARTESIAN_POINT('',(27.502056050147,15.,95.471148242564));
#541 = ORIENTED_EDGE('',*,*,#542,.T.);
#542 = EDGE_CURVE('',#494,#393,#543,.T.);
#543 = B_SPLINE_CURVE_WITH_KNOTS('',8,(#544,#545,#546,#547,#548,#549,
    #550,#551,#552,#553,#554,#555,#556,#557,#558,#559,#560,#561,#562,
    #563,#564,#565,#566,#567,#568,#569,#570,#571,#572,#573,#574,#575,
    #576,#577,#578,#579,#580,#581,#582,#583,#584,#585,#586,#587),
  .UNSPECIFIED.,.F.,.F.,(9,7,7,7,7,7,9),(0.,0.215349815483,
    0.442466070072,0.746460601752,0.827931200364,0.954912782649,1.),
  .UNSPECIFIED.);
#544 = CARTESIAN_POINT('',(33.5,15.,28.392818742335));
#545 = CARTESIAN_POINT('',(33.5,14.877247806416,30.736677316481));
#546 = CARTESIAN_POINT('',(33.5,14.752825524667,33.073646686562));
#547 = CARTESIAN_POINT('',(33.5,14.626667846952,35.403129020932));
#548 = CARTESIAN_POINT('',(33.5,14.498704690897,37.724410482438));
#549 = CARTESIAN_POINT('',(33.5,14.368860385837,40.036652897994));
#550 = CARTESIAN_POINT('',(33.5,14.237052096776,42.338878147542));
#551 = CARTESIAN_POINT('',(33.5,14.103187486021,44.629945272441));
#552 = CARTESIAN_POINT('',(33.5,13.823703458818,49.311593766022));
#553 = CARTESIAN_POINT('',(33.5,13.677851749272,51.700599373304));
#554 = CARTESIAN_POINT('',(33.5,13.529475771129,54.074109770343));
#555 = CARTESIAN_POINT('',(33.5,13.378440038072,56.430261146667));
#556 = CARTESIAN_POINT('',(33.5,13.224601125534,58.766703844351));
#557 = CARTESIAN_POINT('',(33.5,13.067804201479,61.080550179009));
#558 = CARTESIAN_POINT('',(33.5,12.907876254672,63.368278959436));
#559 = CARTESIAN_POINT('',(33.5,12.526085599634,68.64691605166));
#560 = CARTESIAN_POINT('',(33.5,12.301944329137,71.608719715956));
#561 = CARTESIAN_POINT('',(33.5,12.07135024875,74.506194788145));
#562 = CARTESIAN_POINT('',(33.5,11.833676997071,77.326484625856));
#563 = CARTESIAN_POINT('',(33.5,11.588529876972,80.04830260368));
#564 = CARTESIAN_POINT('',(33.5,11.335763630694,82.641216392672));
#565 = CARTESIAN_POINT('',(33.5,11.075508059175,85.064943451948));
#566 = CARTESIAN_POINT('',(33.5,10.736547219189,87.857231961525));
#567 = CARTESIAN_POINT('',(33.5,10.66443417042,88.431188092584));
#568 = CARTESIAN_POINT('',(33.5,10.591873459174,88.98782925538));
#569 = CARTESIAN_POINT('',(33.5,10.518897871157,89.52595630374));
#570 = CARTESIAN_POINT('',(33.5,10.445549645164,90.044286835833));
#571 = CARTESIAN_POINT('',(33.5,10.371880929814,90.541475228376));
#572 = CARTESIAN_POINT('',(33.5,10.297954253344,91.016139313667));
#573 = CARTESIAN_POINT('',(33.5,10.108331845977,92.169447824488));
#574 = CARTESIAN_POINT('',(33.5,9.992332762004,92.814159140206));
#575 = CARTESIAN_POINT('',(33.5,9.876176444844,93.395388245026));
#576 = CARTESIAN_POINT('',(33.5,9.760240364192,93.907736732657));
#577 = CARTESIAN_POINT('',(33.5,9.644945712296,94.346353049177));
#578 = CARTESIAN_POINT('',(33.5,9.530751137755,94.707335305796));
#579 = CARTESIAN_POINT('',(33.5,9.418143366337,94.988170941341));
#580 = CARTESIAN_POINT('',(33.5,9.268383095524,95.259160594174));
#581 = CARTESIAN_POINT('',(33.5,9.229401431582,95.319980616839));
#582 = CARTESIAN_POINT('',(33.5,9.190700567906,95.370581647273));
#583 = CARTESIAN_POINT('',(33.5,9.152300135021,95.410960927594));
#584 = CARTESIAN_POINT('',(33.5,9.114218640672,95.441143333338));
#585 = CARTESIAN_POINT('',(33.5,9.07647347104,95.461180215497));
#586 = CARTESIAN_POINT('',(33.5,9.039080891961,95.471148242564));
#587 = CARTESIAN_POINT('',(33.5,9.002056050147,95.471148242564));
#588 = ( BOUNDED_SURFACE() B_SPLINE_SURFACE(2,5,(
    (#589,#590,#591,#592,#593,#594,#595,#596,#597,#598,#599,#600,#601
      ,#602)
    ,(#603,#604,#605,#606,#607,#608,#609,#610,#611,#612,#613,#614,#615
      ,#616)
    ,(#617,#618,#619,#620,#621,#622,#623,#624,#625,#626,#627,#628,#629
,#630
    )),.UNSPECIFIED.,.F.,.F.,.F.) B_SPLINE_SURFACE_WITH_KNOTS((3,3),(6,4
    ,4,6),(0.,175.11995682222),(-10.56038725461,0.156954102902,
    175.27691092512,185.99425228264),.UNSPECIFIED.) 
GEOMETRIC_REPRESENTATION_ITEM() RATIONAL_B_SPLINE_SURFACE((
    (1.,1.,1.,1.,1.,1.,1.,1.,1.,1.,1.,1.,1.,1.)
    ,(0.707349006016,0.707349006016,0.707349006016,0.707349006016
      ,0.707349006016,0.707349006016,0.707349006016,0.707349006016
      ,0.707349006016,0.707349006016,0.707349006016,0.707349006016
      ,0.707349006016,0.707349006016)
,(1.,1.,1.,1.,1.,1.,1.,1.,1.,1.,1.,1.,1.,1.
))) REPRESENTATION_ITEM('') SURFACE() );
#589 = CARTESIAN_POINT('',(36.280451220006,11.782507270153,-10.71));
#590 = CARTESIAN_POINT('',(36.224360976005,11.726417026151,-8.568));
#591 = CARTESIAN_POINT('',(36.168270732004,11.67032678215,-6.426));
#592 = CARTESIAN_POINT('',(36.112180488002,11.614236538149,-4.284));
#593 = CARTESIAN_POINT('',(36.056090244001,11.558146294148,-2.142));
#594 = CARTESIAN_POINT('',(35.083492745078,10.585548795225,35.));
#595 = CARTESIAN_POINT('',(34.166985490157,9.669041540304,70.));
#596 = CARTESIAN_POINT('',(33.250478235235,8.752534285382,105.));
#597 = CARTESIAN_POINT('',(32.333970980314,7.83602703046,140.));
#598 = CARTESIAN_POINT('',(31.361373481391,6.863429531538,177.142));
#599 = CARTESIAN_POINT('',(31.30528323739,6.807339287537,179.284));
#600 = CARTESIAN_POINT('',(31.249192993389,6.751249043535,181.426));
#601 = CARTESIAN_POINT('',(31.193102749387,6.695158799534,183.568));
#602 = CARTESIAN_POINT('',(31.137012505386,6.639068555533,185.71));
#603 = CARTESIAN_POINT('',(36.276344047511,17.776344047511,
    -10.55315341034));
#604 = CARTESIAN_POINT('',(36.22025380351,17.72025380351,-8.411153410346
    ));
#605 = CARTESIAN_POINT('',(36.164163559509,17.664163559509,
    -6.269153410346));
#606 = CARTESIAN_POINT('',(36.108073315507,17.608073315507,
    -4.127153410346));
#607 = CARTESIAN_POINT('',(36.051983071506,17.551983071506,
    -1.985153410346));
#608 = CARTESIAN_POINT('',(35.079385572583,16.579385572583,
    35.156846589653));
#609 = CARTESIAN_POINT('',(34.162878317662,15.662878317662,
    70.156846589654));
#610 = CARTESIAN_POINT('',(33.24637106274,14.74637106274,105.15684658965
    ));
#611 = CARTESIAN_POINT('',(32.329863807819,13.829863807819,
    140.15684658965));
#612 = CARTESIAN_POINT('',(31.357266308896,12.857266308896,
    177.29884658965));
#613 = CARTESIAN_POINT('',(31.301176064895,12.801176064895,
    179.44084658965));
#614 = CARTESIAN_POINT('',(31.245085820894,12.745085820894,
    181.58284658965));
#615 = CARTESIAN_POINT('',(31.188995576892,12.688995576892,
    183.72484658965));
#616 = CARTESIAN_POINT('',(31.132905332891,12.632905332891,
    185.86684658965));
#617 = CARTESIAN_POINT('',(30.282507270153,17.780451220006,-10.71));
#618 = CARTESIAN_POINT('',(30.226417026151,17.724360976005,-8.568));
#619 = CARTESIAN_POINT('',(30.17032678215,17.668270732004,-6.426));
#620 = CARTESIAN_POINT('',(30.114236538149,17.612180488002,-4.284));
#621 = CARTESIAN_POINT('',(30.058146294148,17.556090244001,-2.142));
#622 = CARTESIAN_POINT('',(29.085548795225,16.583492745078,35.));
#623 = CARTESIAN_POINT('',(28.169041540304,15.666985490157,70.));
#624 = CARTESIAN_POINT('',(27.252534285382,14.750478235235,105.));
#625 = CARTESIAN_POINT('',(26.336027030461,13.833970980314,140.));
#626 = CARTESIAN_POINT('',(25.363429531538,12.861373481391,177.142));
#627 = CARTESIAN_POINT('',(25.307339287537,12.80528323739,179.284));
#628 = CARTESIAN_POINT('',(25.251249043535,12.749192993389,181.426));
#629 = CARTESIAN_POINT('',(25.195158799534,12.693102749387,183.568));
#630 = CARTESIAN_POINT('',(25.139068555533,12.637012505386,185.71));
#631 = ADVANCED_FACE('',(#632,#727,#763,#867,#903),#939,.T.);
#632 = FACE_BOUND('',#633,.T.);
#633 = EDGE_LOOP('',(#634,#635,#636,#655,#662,#672,#679,#689,#694,#695,
    #702,#712,#719));
#634 = ORIENTED_EDGE('',*,*,#426,.F.);
#635 = ORIENTED_EDGE('',*,*,#292,.T.);
#636 = ORIENTED_EDGE('',*,*,#637,.T.);
#637 = EDGE_CURVE('',#262,#638,#640,.T.);
#638 = VERTEX_POINT('',#639);
#639 = CARTESIAN_POINT('',(-27.50205605014,15.,95.471148242564));
#640 = B_SPLINE_CURVE_WITH_KNOTS('',5,(#641,#642,#643,#644,#645,#646,
    #647,#648,#649,#650,#651,#652,#653,#654),.UNSPECIFIED.,.F.,.F.,(6,4,
    4,6),(-10.56038725461,0.156954102902,175.27691092512,185.99425228264
    ),.UNSPECIFIED.);
#641 = CARTESIAN_POINT('',(-30.28250727015,17.780451220006,-10.71));
#642 = CARTESIAN_POINT('',(-30.22641702615,17.724360976005,-8.568));
#643 = CARTESIAN_POINT('',(-30.17032678215,17.668270732004,-6.426));
#644 = CARTESIAN_POINT('',(-30.11423653814,17.612180488002,-4.284));
#645 = CARTESIAN_POINT('',(-30.05814629414,17.556090244001,-2.142));
#646 = CARTESIAN_POINT('',(-29.08554879522,16.583492745078,35.));
#647 = CARTESIAN_POINT('',(-28.1690415403,15.666985490157,70.));
#648 = CARTESIAN_POINT('',(-27.25253428538,14.750478235235,105.));
#649 = CARTESIAN_POINT('',(-26.33602703046,13.833970980314,140.));
#650 = CARTESIAN_POINT('',(-25.36342953153,12.861373481391,177.142));
#651 = CARTESIAN_POINT('',(-25.30733928753,12.80528323739,179.284));
#652 = CARTESIAN_POINT('',(-25.25124904353,12.749192993389,181.426));
#653 = CARTESIAN_POINT('',(-25.19515879953,12.693102749387,183.568));
#654 = CARTESIAN_POINT('',(-25.13906855553,12.637012505386,185.71));
#655 = ORIENTED_EDGE('',*,*,#656,.T.);
#656 = EDGE_CURVE('',#638,#657,#659,.T.);
#657 = VERTEX_POINT('',#658);
#658 = CARTESIAN_POINT('',(-26.,15.,95.471148242564));
#659 = B_SPLINE_CURVE_WITH_KNOTS('',1,(#660,#661),.UNSPECIFIED.,.F.,.F.,
  (2,2),(0.,1.),.PIECEWISE_BEZIER_KNOTS.);
#660 = CARTESIAN_POINT('',(-27.91858049388,15.,95.471148242564));
#661 = CARTESIAN_POINT('',(27.918580493886,15.,95.471148242564));
#662 = ORIENTED_EDGE('',*,*,#663,.F.);
#663 = EDGE_CURVE('',#664,#657,#666,.T.);
#664 = VERTEX_POINT('',#665);
#665 = CARTESIAN_POINT('',(-26.,15.195638901912,88.));
#666 = B_SPLINE_CURVE_WITH_KNOTS('',4,(#667,#668,#669,#670,#671),
  .UNSPECIFIED.,.F.,.F.,(5,5),(0.,1.),.PIECEWISE_BEZIER_KNOTS.);
#667 = CARTESIAN_POINT('',(-26.,15.195638901912,88.));
#668 = CARTESIAN_POINT('',(-26.,15.14672904297,89.86779215742));
#669 = CARTESIAN_POINT('',(-26.,15.097819272117,91.735580950841));
#670 = CARTESIAN_POINT('',(-26.,15.048909590707,93.603366328634));
#671 = CARTESIAN_POINT('',(-26.,15.,95.471148242564));
#672 = ORIENTED_EDGE('',*,*,#673,.T.);
#673 = EDGE_CURVE('',#664,#674,#676,.T.);
#674 = VERTEX_POINT('',#675);
#675 = CARTESIAN_POINT('',(26.,15.195638901912,88.));
#676 = B_SPLINE_CURVE_WITH_KNOTS('',1,(#677,#678),.UNSPECIFIED.,.F.,.F.,
  (2,2),(0.,1.),.PIECEWISE_BEZIER_KNOTS.);
#677 = CARTESIAN_POINT('',(-26.,15.195638901912,88.));
#678 = CARTESIAN_POINT('',(26.,15.195638901912,88.));
#679 = ORIENTED_EDGE('',*,*,#680,.T.);
#680 = EDGE_CURVE('',#674,#681,#683,.T.);
#681 = VERTEX_POINT('',#682);
#682 = CARTESIAN_POINT('',(26.,15.,95.471148242564));
#683 = B_SPLINE_CURVE_WITH_KNOTS('',4,(#684,#685,#686,#687,#688),
  .UNSPECIFIED.,.F.,.F.,(5,5),(0.,1.),.PIECEWISE_BEZIER_KNOTS.);
#684 = CARTESIAN_POINT('',(26.,15.195638901912,88.));
#685 = CARTESIAN_POINT('',(26.,15.14672904297,89.86779215742));
#686 = CARTESIAN_POINT('',(26.,15.097819272117,91.735580950841));
#687 = CARTESIAN_POINT('',(26.,15.048909590707,93.603366328634));
#688 = CARTESIAN_POINT('',(26.,15.,95.471148242564));
#689 = ORIENTED_EDGE('',*,*,#690,.T.);
#690 = EDGE_CURVE('',#681,#475,#691,.T.);
#691 = B_SPLINE_CURVE_WITH_KNOTS('',1,(#692,#693),.UNSPECIFIED.,.F.,.F.,
  (2,2),(0.,1.),.PIECEWISE_BEZIER_KNOTS.);
#692 = CARTESIAN_POINT('',(-27.91858049388,15.,95.471148242564));
#693 = CARTESIAN_POINT('',(27.918580493886,15.,95.471148242564));
#694 = ORIENTED_EDGE('',*,*,#474,.F.);
#695 = ORIENTED_EDGE('',*,*,#696,.F.);
#696 = EDGE_CURVE('',#697,#465,#699,.T.);
#697 = VERTEX_POINT('',#698);
#698 = CARTESIAN_POINT('',(13.,15.274196666619,85.));
#699 = B_SPLINE_CURVE_WITH_KNOTS('',1,(#700,#701),.UNSPECIFIED.,.F.,.F.,
  (2,2),(0.,1.),.PIECEWISE_BEZIER_KNOTS.);
#700 = CARTESIAN_POINT('',(13.,15.274196666619,85.));
#701 = CARTESIAN_POINT('',(28.,15.274196666619,85.));
#702 = ORIENTED_EDGE('',*,*,#703,.F.);
#703 = EDGE_CURVE('',#704,#697,#706,.T.);
#704 = VERTEX_POINT('',#705);
#705 = CARTESIAN_POINT('',(13.,15.509869960742,76.));
#706 = B_SPLINE_CURVE_WITH_KNOTS('',4,(#707,#708,#709,#710,#711),
  .UNSPECIFIED.,.F.,.F.,(5,5),(0.,1.),.PIECEWISE_BEZIER_KNOTS.);
#707 = CARTESIAN_POINT('',(13.,15.509869960742,76.));
#708 = CARTESIAN_POINT('',(13.,15.450951590883,78.250001769212));
#709 = CARTESIAN_POINT('',(13.,15.392033251542,80.500002372976));
#710 = CARTESIAN_POINT('',(13.,15.333114943283,82.750001789772));
#711 = CARTESIAN_POINT('',(13.,15.274196666619,85.));
#712 = ORIENTED_EDGE('',*,*,#713,.T.);
#713 = EDGE_CURVE('',#704,#714,#716,.T.);
#714 = VERTEX_POINT('',#715);
#715 = CARTESIAN_POINT('',(28.,15.509869960742,76.));
#716 = B_SPLINE_CURVE_WITH_KNOTS('',1,(#717,#718),.UNSPECIFIED.,.F.,.F.,
  (2,2),(0.,1.),.PIECEWISE_BEZIER_KNOTS.);
#717 = CARTESIAN_POINT('',(13.,15.509869960742,76.));
#718 = CARTESIAN_POINT('',(28.,15.509869960742,76.));
#719 = ORIENTED_EDGE('',*,*,#720,.T.);
#720 = EDGE_CURVE('',#714,#427,#721,.T.);
#721 = B_SPLINE_CURVE_WITH_KNOTS('',4,(#722,#723,#724,#725,#726),
  .UNSPECIFIED.,.F.,.F.,(5,5),(0.,1.),.PIECEWISE_BEZIER_KNOTS.);
#722 = CARTESIAN_POINT('',(28.,15.509869960742,76.));
#723 = CARTESIAN_POINT('',(28.,15.450951422379,78.250008204098));
#724 = CARTESIAN_POINT('',(28.,15.392033025534,80.50001100388));
#725 = CARTESIAN_POINT('',(28.,15.333114772823,82.750008299388));
#726 = CARTESIAN_POINT('',(28.,15.274196666619,85.));
#727 = FACE_BOUND('',#728,.T.);
#728 = EDGE_LOOP('',(#729,#741,#748,#758));
#729 = ORIENTED_EDGE('',*,*,#730,.F.);
#730 = EDGE_CURVE('',#731,#733,#735,.T.);
#731 = VERTEX_POINT('',#732);
#732 = CARTESIAN_POINT('',(13.,16.819166039201,26.));
#733 = VERTEX_POINT('',#734);
#734 = CARTESIAN_POINT('',(13.,16.583492745078,35.));
#735 = B_SPLINE_CURVE_WITH_KNOTS('',4,(#736,#737,#738,#739,#740),
  .UNSPECIFIED.,.F.,.F.,(5,5),(0.,1.),.PIECEWISE_BEZIER_KNOTS.);
#736 = CARTESIAN_POINT('',(13.,16.819166039201,26.));
#737 = CARTESIAN_POINT('',(13.,16.760247677332,28.250001464084));
#738 = CARTESIAN_POINT('',(13.,16.701329340724,30.500001963487));
#739 = CARTESIAN_POINT('',(13.,16.642411029841,32.750001480507));
#740 = CARTESIAN_POINT('',(13.,16.583492745078,35.));
#741 = ORIENTED_EDGE('',*,*,#742,.T.);
#742 = EDGE_CURVE('',#731,#743,#745,.T.);
#743 = VERTEX_POINT('',#744);
#744 = CARTESIAN_POINT('',(28.,16.819166039201,26.));
#745 = B_SPLINE_CURVE_WITH_KNOTS('',1,(#746,#747),.UNSPECIFIED.,.F.,.F.,
  (2,2),(0.,1.),.PIECEWISE_BEZIER_KNOTS.);
#746 = CARTESIAN_POINT('',(13.,16.819166039201,26.));
#747 = CARTESIAN_POINT('',(28.,16.819166039201,26.));
#748 = ORIENTED_EDGE('',*,*,#749,.T.);
#749 = EDGE_CURVE('',#743,#750,#752,.T.);
#750 = VERTEX_POINT('',#751);
#751 = CARTESIAN_POINT('',(28.,16.583492745078,35.));
#752 = B_SPLINE_CURVE_WITH_KNOTS('',4,(#753,#754,#755,#756,#757),
  .UNSPECIFIED.,.F.,.F.,(5,5),(0.,1.),.PIECEWISE_BEZIER_KNOTS.);
#753 = CARTESIAN_POINT('',(28.,16.819166039201,26.));
#754 = CARTESIAN_POINT('',(28.,16.760247537879,28.250006789567));
#755 = CARTESIAN_POINT('',(28.,16.701329153704,30.500009105483));
#756 = CARTESIAN_POINT('',(28.,16.642410888825,32.750006865689));
#757 = CARTESIAN_POINT('',(28.,16.583492745078,35.));
#758 = ORIENTED_EDGE('',*,*,#759,.F.);
#759 = EDGE_CURVE('',#733,#750,#760,.T.);
#760 = B_SPLINE_CURVE_WITH_KNOTS('',1,(#761,#762),.UNSPECIFIED.,.F.,.F.,
  (2,2),(0.,1.),.PIECEWISE_BEZIER_KNOTS.);
#761 = CARTESIAN_POINT('',(13.,16.583492745078,35.));
#762 = CARTESIAN_POINT('',(28.,16.583492745078,35.));
#763 = FACE_BOUND('',#764,.T.);
#764 = EDGE_LOOP('',(#765,#777,#784,#794,#801,#811,#818,#828,#835,#845,
    #852,#862));
#765 = ORIENTED_EDGE('',*,*,#766,.F.);
#766 = EDGE_CURVE('',#767,#769,#771,.T.);
#767 = VERTEX_POINT('',#768);
#768 = CARTESIAN_POINT('',(-5.,16.635864588217,33.));
#769 = VERTEX_POINT('',#770);
#770 = CARTESIAN_POINT('',(-5.,16.321633529387,45.));
#771 = B_SPLINE_CURVE_WITH_KNOTS('',4,(#772,#773,#774,#775,#776),
  .UNSPECIFIED.,.F.,.F.,(5,5),(0.,1.),.PIECEWISE_BEZIER_KNOTS.);
#772 = CARTESIAN_POINT('',(-5.,16.635864588217,33.));
#773 = CARTESIAN_POINT('',(-5.,16.413284169115,41.50000327517));
#774 = CARTESIAN_POINT('',(-5.,16.190703804786,50.000004458694));
#775 = CARTESIAN_POINT('',(-5.,15.968123498692,58.500003418281));
#776 = CARTESIAN_POINT('',(-5.,15.745543254864,67.));
#777 = ORIENTED_EDGE('',*,*,#778,.T.);
#778 = EDGE_CURVE('',#767,#779,#781,.T.);
#779 = VERTEX_POINT('',#780);
#780 = CARTESIAN_POINT('',(5.,16.635864588217,33.));
#781 = B_SPLINE_CURVE_WITH_KNOTS('',1,(#782,#783),.UNSPECIFIED.,.F.,.F.,
  (2,2),(0.,1.),.PIECEWISE_BEZIER_KNOTS.);
#782 = CARTESIAN_POINT('',(-5.,16.635864588217,33.));
#783 = CARTESIAN_POINT('',(5.,16.635864588217,33.));
#784 = ORIENTED_EDGE('',*,*,#785,.T.);
#785 = EDGE_CURVE('',#779,#786,#788,.T.);
#786 = VERTEX_POINT('',#787);
#787 = CARTESIAN_POINT('',(5.,16.321633529387,45.));
#788 = B_SPLINE_CURVE_WITH_KNOTS('',4,(#789,#790,#791,#792,#793),
  .UNSPECIFIED.,.F.,.F.,(5,5),(0.,1.),.PIECEWISE_BEZIER_KNOTS.);
#789 = CARTESIAN_POINT('',(5.,16.635864588217,33.));
#790 = CARTESIAN_POINT('',(5.,16.413284169115,41.50000327517));
#791 = CARTESIAN_POINT('',(5.,16.190703804786,50.000004458694));
#792 = CARTESIAN_POINT('',(5.,15.968123498692,58.500003418281));
#793 = CARTESIAN_POINT('',(5.,15.745543254864,67.));
#794 = ORIENTED_EDGE('',*,*,#795,.T.);
#795 = EDGE_CURVE('',#786,#796,#798,.T.);
#796 = VERTEX_POINT('',#797);
#797 = CARTESIAN_POINT('',(17.,16.321633529387,45.));
#798 = B_SPLINE_CURVE_WITH_KNOTS('',1,(#799,#800),.UNSPECIFIED.,.F.,.F.,
  (2,2),(0.,1.),.PIECEWISE_BEZIER_KNOTS.);
#799 = CARTESIAN_POINT('',(-17.,16.321633529387,45.));
#800 = CARTESIAN_POINT('',(17.,16.321633529387,45.));
#801 = ORIENTED_EDGE('',*,*,#802,.T.);
#802 = EDGE_CURVE('',#796,#803,#805,.T.);
#803 = VERTEX_POINT('',#804);
#804 = CARTESIAN_POINT('',(17.,16.059774313695,55.));
#805 = B_SPLINE_CURVE_WITH_KNOTS('',4,(#806,#807,#808,#809,#810),
  .UNSPECIFIED.,.F.,.F.,(5,5),(0.,1.),.PIECEWISE_BEZIER_KNOTS.);
#806 = CARTESIAN_POINT('',(17.,16.321633529387,45.));
#807 = CARTESIAN_POINT('',(17.,16.256168638458,47.500003322608));
#808 = CARTESIAN_POINT('',(17.,16.190703804788,50.00000445862));
#809 = CARTESIAN_POINT('',(17.,16.125239029509,52.500003364738));
#810 = CARTESIAN_POINT('',(17.,16.059774313695,55.));
#811 = ORIENTED_EDGE('',*,*,#812,.F.);
#812 = EDGE_CURVE('',#813,#803,#815,.T.);
#813 = VERTEX_POINT('',#814);
#814 = CARTESIAN_POINT('',(5.,16.059774313695,55.));
#815 = B_SPLINE_CURVE_WITH_KNOTS('',1,(#816,#817),.UNSPECIFIED.,.F.,.F.,
  (2,2),(0.,1.),.PIECEWISE_BEZIER_KNOTS.);
#816 = CARTESIAN_POINT('',(-17.,16.059774313695,55.));
#817 = CARTESIAN_POINT('',(17.,16.059774313695,55.));
#818 = ORIENTED_EDGE('',*,*,#819,.T.);
#819 = EDGE_CURVE('',#813,#820,#822,.T.);
#820 = VERTEX_POINT('',#821);
#821 = CARTESIAN_POINT('',(5.,15.745543254864,67.));
#822 = B_SPLINE_CURVE_WITH_KNOTS('',4,(#823,#824,#825,#826,#827),
  .UNSPECIFIED.,.F.,.F.,(5,5),(0.,1.),.PIECEWISE_BEZIER_KNOTS.);
#823 = CARTESIAN_POINT('',(5.,16.635864588217,33.));
#824 = CARTESIAN_POINT('',(5.,16.413284169115,41.50000327517));
#825 = CARTESIAN_POINT('',(5.,16.190703804786,50.000004458694));
#826 = CARTESIAN_POINT('',(5.,15.968123498692,58.500003418281));
#827 = CARTESIAN_POINT('',(5.,15.745543254864,67.));
#828 = ORIENTED_EDGE('',*,*,#829,.F.);
#829 = EDGE_CURVE('',#830,#820,#832,.T.);
#830 = VERTEX_POINT('',#831);
#831 = CARTESIAN_POINT('',(-5.,15.745543254864,67.));
#832 = B_SPLINE_CURVE_WITH_KNOTS('',1,(#833,#834),.UNSPECIFIED.,.F.,.F.,
  (2,2),(0.,1.),.PIECEWISE_BEZIER_KNOTS.);
#833 = CARTESIAN_POINT('',(-5.,15.745543254864,67.));
#834 = CARTESIAN_POINT('',(5.,15.745543254864,67.));
#835 = ORIENTED_EDGE('',*,*,#836,.F.);
#836 = EDGE_CURVE('',#837,#830,#839,.T.);
#837 = VERTEX_POINT('',#838);
#838 = CARTESIAN_POINT('',(-5.,16.059774313695,55.));
#839 = B_SPLINE_CURVE_WITH_KNOTS('',4,(#840,#841,#842,#843,#844),
  .UNSPECIFIED.,.F.,.F.,(5,5),(0.,1.),.PIECEWISE_BEZIER_KNOTS.);
#840 = CARTESIAN_POINT('',(-5.,16.635864588217,33.));
#841 = CARTESIAN_POINT('',(-5.,16.413284169115,41.50000327517));
#842 = CARTESIAN_POINT('',(-5.,16.190703804786,50.000004458694));
#843 = CARTESIAN_POINT('',(-5.,15.968123498692,58.500003418281));
#844 = CARTESIAN_POINT('',(-5.,15.745543254864,67.));
#845 = ORIENTED_EDGE('',*,*,#846,.F.);
#846 = EDGE_CURVE('',#847,#837,#849,.T.);
#847 = VERTEX_POINT('',#848);
#848 = CARTESIAN_POINT('',(-17.,16.059774313695,55.));
#849 = B_SPLINE_CURVE_WITH_KNOTS('',1,(#850,#851),.UNSPECIFIED.,.F.,.F.,
  (2,2),(0.,1.),.PIECEWISE_BEZIER_KNOTS.);
#850 = CARTESIAN_POINT('',(-17.,16.059774313695,55.));
#851 = CARTESIAN_POINT('',(17.,16.059774313695,55.));
#852 = ORIENTED_EDGE('',*,*,#853,.F.);
#853 = EDGE_CURVE('',#854,#847,#856,.T.);
#854 = VERTEX_POINT('',#855);
#855 = CARTESIAN_POINT('',(-17.,16.321633529387,45.));
#856 = B_SPLINE_CURVE_WITH_KNOTS('',4,(#857,#858,#859,#860,#861),
  .UNSPECIFIED.,.F.,.F.,(5,5),(0.,1.),.PIECEWISE_BEZIER_KNOTS.);
#857 = CARTESIAN_POINT('',(-17.,16.321633529387,45.));
#858 = CARTESIAN_POINT('',(-17.,16.256168638458,47.500003322608));
#859 = CARTESIAN_POINT('',(-17.,16.190703804788,50.00000445862));
#860 = CARTESIAN_POINT('',(-17.,16.125239029509,52.500003364738));
#861 = CARTESIAN_POINT('',(-17.,16.059774313695,55.));
#862 = ORIENTED_EDGE('',*,*,#863,.T.);
#863 = EDGE_CURVE('',#854,#769,#864,.T.);
#864 = B_SPLINE_CURVE_WITH_KNOTS('',1,(#865,#866),.UNSPECIFIED.,.F.,.F.,
  (2,2),(0.,1.),.PIECEWISE_BEZIER_KNOTS.);
#865 = CARTESIAN_POINT('',(-17.,16.321633529387,45.));
#866 = CARTESIAN_POINT('',(17.,16.321633529387,45.));
#867 = FACE_BOUND('',#868,.T.);
#868 = EDGE_LOOP('',(#869,#881,#888,#898));
#869 = ORIENTED_EDGE('',*,*,#870,.F.);
#870 = EDGE_CURVE('',#871,#873,#875,.T.);
#871 = VERTEX_POINT('',#872);
#872 = CARTESIAN_POINT('',(-27.,16.819166039201,26.));
#873 = VERTEX_POINT('',#874);
#874 = CARTESIAN_POINT('',(-27.,16.583492745078,35.));
#875 = B_SPLINE_CURVE_WITH_KNOTS('',4,(#876,#877,#878,#879,#880),
  .UNSPECIFIED.,.F.,.F.,(5,5),(0.,1.),.PIECEWISE_BEZIER_KNOTS.);
#876 = CARTESIAN_POINT('',(-27.,16.819166039201,26.));
#877 = CARTESIAN_POINT('',(-27.,16.760247550347,28.250006313457));
#878 = CARTESIAN_POINT('',(-27.,16.701329170424,30.500008466974));
#879 = CARTESIAN_POINT('',(-27.,16.642410901432,32.750006384245));
#880 = CARTESIAN_POINT('',(-27.,16.583492745078,35.));
#881 = ORIENTED_EDGE('',*,*,#882,.T.);
#882 = EDGE_CURVE('',#871,#883,#885,.T.);
#883 = VERTEX_POINT('',#884);
#884 = CARTESIAN_POINT('',(-12.,16.819166039201,26.));
#885 = B_SPLINE_CURVE_WITH_KNOTS('',1,(#886,#887),.UNSPECIFIED.,.F.,.F.,
  (2,2),(0.,1.),.PIECEWISE_BEZIER_KNOTS.);
#886 = CARTESIAN_POINT('',(-27.,16.819166039201,26.));
#887 = CARTESIAN_POINT('',(-12.,16.819166039201,26.));
#888 = ORIENTED_EDGE('',*,*,#889,.T.);
#889 = EDGE_CURVE('',#883,#890,#892,.T.);
#890 = VERTEX_POINT('',#891);
#891 = CARTESIAN_POINT('',(-12.,16.583492745078,35.));
#892 = B_SPLINE_CURVE_WITH_KNOTS('',4,(#893,#894,#895,#896,#897),
  .UNSPECIFIED.,.F.,.F.,(5,5),(0.,1.),.PIECEWISE_BEZIER_KNOTS.);
#893 = CARTESIAN_POINT('',(-12.,16.819166039201,26.));
#894 = CARTESIAN_POINT('',(-12.,16.760247683003,28.250001247521));
#895 = CARTESIAN_POINT('',(-12.,16.701329348329,30.500001673055));
#896 = CARTESIAN_POINT('',(-12.,16.642411035575,32.750001261515));
#897 = CARTESIAN_POINT('',(-12.,16.583492745078,35.));
#898 = ORIENTED_EDGE('',*,*,#899,.F.);
#899 = EDGE_CURVE('',#873,#890,#900,.T.);
#900 = B_SPLINE_CURVE_WITH_KNOTS('',1,(#901,#902),.UNSPECIFIED.,.F.,.F.,
  (2,2),(0.,1.),.PIECEWISE_BEZIER_KNOTS.);
#901 = CARTESIAN_POINT('',(-27.,16.583492745078,35.));
#902 = CARTESIAN_POINT('',(-12.,16.583492745078,35.));
#903 = FACE_BOUND('',#904,.T.);
#904 = EDGE_LOOP('',(#905,#917,#924,#934));
#905 = ORIENTED_EDGE('',*,*,#906,.F.);
#906 = EDGE_CURVE('',#907,#909,#911,.T.);
#907 = VERTEX_POINT('',#908);
#908 = CARTESIAN_POINT('',(-27.,15.509869960742,76.));
#909 = VERTEX_POINT('',#910);
#910 = CARTESIAN_POINT('',(-27.,15.274196666619,85.));
#911 = B_SPLINE_CURVE_WITH_KNOTS('',4,(#912,#913,#914,#915,#916),
  .UNSPECIFIED.,.F.,.F.,(5,5),(0.,1.),.PIECEWISE_BEZIER_KNOTS.);
#912 = CARTESIAN_POINT('',(-27.,15.509869960742,76.));
#913 = CARTESIAN_POINT('',(-27.,15.450951437443,78.250007628835));
#914 = CARTESIAN_POINT('',(-27.,15.392033045738,80.500010232301));
#915 = CARTESIAN_POINT('',(-27.,15.333114788061,82.750007717448));
#916 = CARTESIAN_POINT('',(-27.,15.274196666619,85.));
#917 = ORIENTED_EDGE('',*,*,#918,.T.);
#918 = EDGE_CURVE('',#907,#919,#921,.T.);
#919 = VERTEX_POINT('',#920);
#920 = CARTESIAN_POINT('',(-12.,15.509869960742,76.));
#921 = B_SPLINE_CURVE_WITH_KNOTS('',1,(#922,#923),.UNSPECIFIED.,.F.,.F.,
  (2,2),(0.,1.),.PIECEWISE_BEZIER_KNOTS.);
#922 = CARTESIAN_POINT('',(-27.,15.509869960742,76.));
#923 = CARTESIAN_POINT('',(-12.,15.509869960742,76.));
#924 = ORIENTED_EDGE('',*,*,#925,.T.);
#925 = EDGE_CURVE('',#919,#926,#928,.T.);
#926 = VERTEX_POINT('',#927);
#927 = CARTESIAN_POINT('',(-12.,15.274196666619,85.));
#928 = B_SPLINE_CURVE_WITH_KNOTS('',4,(#929,#930,#931,#932,#933),
  .UNSPECIFIED.,.F.,.F.,(5,5),(0.,1.),.PIECEWISE_BEZIER_KNOTS.);
#929 = CARTESIAN_POINT('',(-12.,15.509869960742,76.));
#930 = CARTESIAN_POINT('',(-12.,15.450951597735,78.250001507519));
#931 = CARTESIAN_POINT('',(-12.,15.392033260733,80.500002021976));
#932 = CARTESIAN_POINT('',(-12.,15.333114950215,82.750001525039));
#933 = CARTESIAN_POINT('',(-12.,15.274196666619,85.));
#934 = ORIENTED_EDGE('',*,*,#935,.F.);
#935 = EDGE_CURVE('',#909,#926,#936,.T.);
#936 = B_SPLINE_CURVE_WITH_KNOTS('',1,(#937,#938),.UNSPECIFIED.,.F.,.F.,
  (2,2),(0.,1.),.PIECEWISE_BEZIER_KNOTS.);
#937 = CARTESIAN_POINT('',(-27.,15.274196666619,85.));
#938 = CARTESIAN_POINT('',(-12.,15.274196666619,85.));
#939 = B_SPLINE_SURFACE_WITH_KNOTS('',1,1,(
    (#940,#941)
    ,(#942,#943
  )),.UNSPECIFIED.,.F.,.F.,.F.,(2,2),(2,2),(0.,72.),(0.,1.),
  .PIECEWISE_BEZIER_KNOTS.);
#940 = CARTESIAN_POINT('',(36.,17.5,0.));
#941 = CARTESIAN_POINT('',(31.417463725392,12.917463725392,175.));
#942 = CARTESIAN_POINT('',(-36.,17.5,0.));
#943 = CARTESIAN_POINT('',(-31.41746372539,12.917463725392,175.));
#944 = ADVANCED_FACE('',(#945),#1064,.T.);
#945 = FACE_BOUND('',#946,.T.);
#946 = EDGE_LOOP('',(#947,#948,#949,#968,#1017));
#947 = ORIENTED_EDGE('',*,*,#637,.F.);
#948 = ORIENTED_EDGE('',*,*,#261,.T.);
#949 = ORIENTED_EDGE('',*,*,#950,.T.);
#950 = EDGE_CURVE('',#254,#951,#953,.T.);
#951 = VERTEX_POINT('',#952);
#952 = CARTESIAN_POINT('',(-33.5,9.002056050147,95.471148242564));
#953 = B_SPLINE_CURVE_WITH_KNOTS('',5,(#954,#955,#956,#957,#958,#959,
    #960,#961,#962,#963,#964,#965,#966,#967),.UNSPECIFIED.,.F.,.F.,(6,4,
    4,6),(-10.56038725461,0.156954102902,175.27691092512,185.99425228264
    ),.UNSPECIFIED.);
#954 = CARTESIAN_POINT('',(-36.28045122,11.782507270153,-10.71));
#955 = CARTESIAN_POINT('',(-36.224360976,11.726417026151,-8.568));
#956 = CARTESIAN_POINT('',(-36.168270732,11.67032678215,-6.426));
#957 = CARTESIAN_POINT('',(-36.112180488,11.614236538149,-4.284));
#958 = CARTESIAN_POINT('',(-36.056090244,11.558146294148,-2.142));
#959 = CARTESIAN_POINT('',(-35.08349274507,10.585548795225,35.));
#960 = CARTESIAN_POINT('',(-34.16698549015,9.669041540304,70.));
#961 = CARTESIAN_POINT('',(-33.25047823523,8.752534285382,105.));
#962 = CARTESIAN_POINT('',(-32.33397098031,7.83602703046,140.));
#963 = CARTESIAN_POINT('',(-31.36137348139,6.863429531538,177.142));
#964 = CARTESIAN_POINT('',(-31.30528323739,6.807339287537,179.284));
#965 = CARTESIAN_POINT('',(-31.24919299338,6.751249043535,181.426));
#966 = CARTESIAN_POINT('',(-31.19310274938,6.695158799534,183.568));
#967 = CARTESIAN_POINT('',(-31.13701250538,6.639068555533,185.71));
#968 = ORIENTED_EDGE('',*,*,#969,.F.);
#969 = EDGE_CURVE('',#970,#951,#972,.T.);
#970 = VERTEX_POINT('',#971);
#971 = CARTESIAN_POINT('',(-33.5,15.,28.392818742335));
#972 = B_SPLINE_CURVE_WITH_KNOTS('',8,(#973,#974,#975,#976,#977,#978,
    #979,#980,#981,#982,#983,#984,#985,#986,#987,#988,#989,#990,#991,
    #992,#993,#994,#995,#996,#997,#998,#999,#1000,#1001,#1002,#1003,
    #1004,#1005,#1006,#1007,#1008,#1009,#1010,#1011,#1012,#1013,#1014,
    #1015,#1016),.UNSPECIFIED.,.F.,.F.,(9,7,7,7,7,7,9),(0.,
    0.215349815483,0.442466070071,0.746460601751,0.827931200363,
    0.954912782649,1.),.UNSPECIFIED.);
#973 = CARTESIAN_POINT('',(-33.5,15.,28.392818742335));
#974 = CARTESIAN_POINT('',(-33.5,14.877247806416,30.736677316481));
#975 = CARTESIAN_POINT('',(-33.5,14.752825524667,33.073646686563));
#976 = CARTESIAN_POINT('',(-33.5,14.626667846952,35.403129020932));
#977 = CARTESIAN_POINT('',(-33.5,14.498704690897,37.724410482438));
#978 = CARTESIAN_POINT('',(-33.5,14.368860385837,40.036652897994));
#979 = CARTESIAN_POINT('',(-33.5,14.237052096776,42.338878147542));
#980 = CARTESIAN_POINT('',(-33.5,14.103187486021,44.62994527244));
#981 = CARTESIAN_POINT('',(-33.5,13.823703458818,49.311593766019));
#982 = CARTESIAN_POINT('',(-33.5,13.677851749271,51.700599373315));
#983 = CARTESIAN_POINT('',(-33.5,13.52947577113,54.074109770331));
#984 = CARTESIAN_POINT('',(-33.5,13.378440038072,56.430261146665));
#985 = CARTESIAN_POINT('',(-33.5,13.224601125534,58.766703844362));
#986 = CARTESIAN_POINT('',(-33.5,13.067804201479,61.080550179));
#987 = CARTESIAN_POINT('',(-33.5,12.907876254672,63.368278959438));
#988 = CARTESIAN_POINT('',(-33.5,12.526085599633,68.64691605167));
#989 = CARTESIAN_POINT('',(-33.5,12.30194432914,71.608719715909));
#990 = CARTESIAN_POINT('',(-33.5,12.071350248744,74.506194788244));
#991 = CARTESIAN_POINT('',(-33.5,11.833676997079,77.326484625732));
#992 = CARTESIAN_POINT('',(-33.5,11.588529876965,80.048302603772));
#993 = CARTESIAN_POINT('',(-33.5,11.335763630698,82.641216392633));
#994 = CARTESIAN_POINT('',(-33.5,11.075508059174,85.064943451955));
#995 = CARTESIAN_POINT('',(-33.5,10.736547219189,87.857231961526));
#996 = CARTESIAN_POINT('',(-33.5,10.66443417042,88.43118809258));
#997 = CARTESIAN_POINT('',(-33.5,10.591873459174,88.987829255379));
#998 = CARTESIAN_POINT('',(-33.5,10.518897871157,89.525956303742));
#999 = CARTESIAN_POINT('',(-33.5,10.445549645164,90.044286835832));
#1000 = CARTESIAN_POINT('',(-33.5,10.371880929814,90.541475228373));
#1001 = CARTESIAN_POINT('',(-33.5,10.297954253343,91.016139313668));
#1002 = CARTESIAN_POINT('',(-33.5,10.108331845978,92.169447824482));
#1003 = CARTESIAN_POINT('',(-33.5,9.992332762002,92.814159140218));
#1004 = CARTESIAN_POINT('',(-33.5,9.876176444846,93.395388245015));
#1005 = CARTESIAN_POINT('',(-33.5,9.760240364193,93.907736732654));
#1006 = CARTESIAN_POINT('',(-33.5,9.644945712295,94.346353049187));
#1007 = CARTESIAN_POINT('',(-33.5,9.530751137756,94.707335305789));
#1008 = CARTESIAN_POINT('',(-33.5,9.418143366337,94.988170941341));
#1009 = CARTESIAN_POINT('',(-33.5,9.268383095524,95.259160594174));
#1010 = CARTESIAN_POINT('',(-33.5,9.229401431582,95.319980616839));
#1011 = CARTESIAN_POINT('',(-33.5,9.190700567906,95.370581647273));
#1012 = CARTESIAN_POINT('',(-33.5,9.152300135021,95.410960927594));
#1013 = CARTESIAN_POINT('',(-33.5,9.114218640672,95.441143333337));
#1014 = CARTESIAN_POINT('',(-33.5,9.07647347104,95.461180215497));
#1015 = CARTESIAN_POINT('',(-33.5,9.039080891961,95.471148242564));
#1016 = CARTESIAN_POINT('',(-33.5,9.002056050147,95.471148242564));
#1017 = ORIENTED_EDGE('',*,*,#1018,.T.);
#1018 = EDGE_CURVE('',#970,#638,#1019,.T.);
#1019 = B_SPLINE_CURVE_WITH_KNOTS('',8,(#1020,#1021,#1022,#1023,#1024,
    #1025,#1026,#1027,#1028,#1029,#1030,#1031,#1032,#1033,#1034,#1035,
    #1036,#1037,#1038,#1039,#1040,#1041,#1042,#1043,#1044,#1045,#1046,
    #1047,#1048,#1049,#1050,#1051,#1052,#1053,#1054,#1055,#1056,#1057,
    #1058,#1059,#1060,#1061,#1062,#1063),.UNSPECIFIED.,.F.,.F.,(9,7,7,7,
    7,7,9),(0.,0.215349815483,0.442466070071,0.746460601751,
    0.827931200363,0.954912782649,1.),.UNSPECIFIED.);
#1020 = CARTESIAN_POINT('',(-33.5,15.,28.392818742335));
#1021 = CARTESIAN_POINT('',(-33.37724780641,15.,30.73667731648));
#1022 = CARTESIAN_POINT('',(-33.25282552466,15.,33.073646686564));
#1023 = CARTESIAN_POINT('',(-33.12666784695,15.,35.403129020932));
#1024 = CARTESIAN_POINT('',(-32.99870469089,15.,37.724410482437));
#1025 = CARTESIAN_POINT('',(-32.86886038583,15.,40.036652897994));
#1026 = CARTESIAN_POINT('',(-32.73705209677,15.,42.338878147543));
#1027 = CARTESIAN_POINT('',(-32.60318748602,15.,44.62994527244));
#1028 = CARTESIAN_POINT('',(-32.32370345881,15.,49.311593766022));
#1029 = CARTESIAN_POINT('',(-32.17785174927,15.,51.700599373304));
#1030 = CARTESIAN_POINT('',(-32.02947577112,15.,54.074109770344));
#1031 = CARTESIAN_POINT('',(-31.87844003807,15.,56.430261146666));
#1032 = CARTESIAN_POINT('',(-31.72460112553,15.,58.766703844349));
#1033 = CARTESIAN_POINT('',(-31.56780420147,15.,61.080550179011));
#1034 = CARTESIAN_POINT('',(-31.40787625467,15.,63.368278959435));
#1035 = CARTESIAN_POINT('',(-31.02608559963,15.,68.646916051664));
#1036 = CARTESIAN_POINT('',(-30.80194432913,15.,71.608719715936));
#1037 = CARTESIAN_POINT('',(-30.57135024874,15.,74.506194788198));
#1038 = CARTESIAN_POINT('',(-30.33367699707,15.,77.326484625775));
#1039 = CARTESIAN_POINT('',(-30.08852987696,15.,80.048302603752));
#1040 = CARTESIAN_POINT('',(-29.83576363069,15.,82.641216392637));
#1041 = CARTESIAN_POINT('',(-29.57550805917,15.,85.064943451957));
#1042 = CARTESIAN_POINT('',(-29.23654721918,15.,87.857231961526));
#1043 = CARTESIAN_POINT('',(-29.16443417042,15.,88.431188092583));
#1044 = CARTESIAN_POINT('',(-29.09187345917,15.,88.98782925538));
#1045 = CARTESIAN_POINT('',(-29.01889787115,15.,89.525956303741));
#1046 = CARTESIAN_POINT('',(-28.94554964516,15.,90.044286835833));
#1047 = CARTESIAN_POINT('',(-28.87188092981,15.,90.541475228375));
#1048 = CARTESIAN_POINT('',(-28.79795425334,15.,91.016139313668));
#1049 = CARTESIAN_POINT('',(-28.60833184597,15.,92.16944782449));
#1050 = CARTESIAN_POINT('',(-28.492332762,15.,92.814159140197));
#1051 = CARTESIAN_POINT('',(-28.37617644484,15.,93.395388245036));
#1052 = CARTESIAN_POINT('',(-28.26024036419,15.,93.907736732659));
#1053 = CARTESIAN_POINT('',(-28.14494571229,15.,94.346353049167));
#1054 = CARTESIAN_POINT('',(-28.03075113775,15.,94.707335305802));
#1055 = CARTESIAN_POINT('',(-27.91814336633,15.,94.988170941341));
#1056 = CARTESIAN_POINT('',(-27.76838309552,15.,95.259160594174));
#1057 = CARTESIAN_POINT('',(-27.72940143158,15.,95.31998061684));
#1058 = CARTESIAN_POINT('',(-27.6907005679,15.,95.370581647274));
#1059 = CARTESIAN_POINT('',(-27.65230013502,15.,95.410960927594));
#1060 = CARTESIAN_POINT('',(-27.61421864067,15.,95.441143333337));
#1061 = CARTESIAN_POINT('',(-27.57647347104,15.,95.461180215497));
#1062 = CARTESIAN_POINT('',(-27.53908089196,15.,95.471148242564));
#1063 = CARTESIAN_POINT('',(-27.50205605014,15.,95.471148242564));
#1064 = ( BOUNDED_SURFACE() B_SPLINE_SURFACE(2,5,(
    (#1065,#1066,#1067,#1068,#1069,#1070,#1071,#1072,#1073,#1074,#1075
      ,#1076,#1077,#1078)
    ,(#1079,#1080,#1081,#1082,#1083,#1084,#1085,#1086,#1087,#1088,#1089
      ,#1090,#1091,#1092)
    ,(#1093,#1094,#1095,#1096,#1097,#1098,#1099,#1100,#1101,#1102,#1103
      ,#1104,#1105,#1106
)),.UNSPECIFIED.,.F.,.F.,.F.) B_SPLINE_SURFACE_WITH_KNOTS((3,3),(6,4,4,6
    ),(0.,175.11995682222),(-10.56038725461,0.156954102902,
    175.27691092512,185.99425228264),.UNSPECIFIED.) 
GEOMETRIC_REPRESENTATION_ITEM() RATIONAL_B_SPLINE_SURFACE((
    (1.,1.,1.,1.,1.,1.,1.,1.,1.,1.,1.,1.,1.,1.)
    ,(0.707349006016,0.707349006016,0.707349006016,0.707349006016
      ,0.707349006016,0.707349006016,0.707349006016,0.707349006016
      ,0.707349006016,0.707349006016,0.707349006016,0.707349006016
      ,0.707349006016,0.707349006016)
,(1.,1.,1.,1.,1.,1.,1.,1.,1.,1.,1.,1.,1.,1.
))) REPRESENTATION_ITEM('') SURFACE() );
#1065 = CARTESIAN_POINT('',(-30.28250727015,17.780451220006,-10.71));
#1066 = CARTESIAN_POINT('',(-30.22641702615,17.724360976005,-8.568));
#1067 = CARTESIAN_POINT('',(-30.17032678215,17.668270732004,-6.426));
#1068 = CARTESIAN_POINT('',(-30.11423653814,17.612180488002,-4.284));
#1069 = CARTESIAN_POINT('',(-30.05814629414,17.556090244001,-2.142));
#1070 = CARTESIAN_POINT('',(-29.08554879522,16.583492745078,35.));
#1071 = CARTESIAN_POINT('',(-28.1690415403,15.666985490157,70.));
#1072 = CARTESIAN_POINT('',(-27.25253428538,14.750478235235,105.));
#1073 = CARTESIAN_POINT('',(-26.33602703046,13.833970980314,140.));
#1074 = CARTESIAN_POINT('',(-25.36342953153,12.861373481391,177.142));
#1075 = CARTESIAN_POINT('',(-25.30733928753,12.80528323739,179.284));
#1076 = CARTESIAN_POINT('',(-25.25124904353,12.749192993389,181.426));
#1077 = CARTESIAN_POINT('',(-25.19515879953,12.693102749387,183.568));
#1078 = CARTESIAN_POINT('',(-25.13906855553,12.637012505386,185.71));
#1079 = CARTESIAN_POINT('',(-36.27634404751,17.776344047511,
    -10.55315341034));
#1080 = CARTESIAN_POINT('',(-36.22025380351,17.72025380351,
    -8.411153410346));
#1081 = CARTESIAN_POINT('',(-36.1641635595,17.664163559509,
    -6.269153410346));
#1082 = CARTESIAN_POINT('',(-36.1080733155,17.608073315507,
    -4.127153410346));
#1083 = CARTESIAN_POINT('',(-36.0519830715,17.551983071506,
    -1.985153410346));
#1084 = CARTESIAN_POINT('',(-35.07938557258,16.579385572583,
    35.156846589654));
#1085 = CARTESIAN_POINT('',(-34.16287831766,15.662878317662,
    70.156846589654));
#1086 = CARTESIAN_POINT('',(-33.24637106274,14.74637106274,
    105.15684658965));
#1087 = CARTESIAN_POINT('',(-32.32986380781,13.829863807819,
    140.15684658965));
#1088 = CARTESIAN_POINT('',(-31.35726630889,12.857266308896,
    177.29884658965));
#1089 = CARTESIAN_POINT('',(-31.30117606489,12.801176064895,
    179.44084658965));
#1090 = CARTESIAN_POINT('',(-31.24508582089,12.745085820894,
    181.58284658965));
#1091 = CARTESIAN_POINT('',(-31.18899557689,12.688995576892,
    183.72484658965));
#1092 = CARTESIAN_POINT('',(-31.13290533289,12.632905332891,
    185.86684658965));
#1093 = CARTESIAN_POINT('',(-36.28045122,11.782507270153,-10.71));
#1094 = CARTESIAN_POINT('',(-36.224360976,11.726417026151,-8.568));
#1095 = CARTESIAN_POINT('',(-36.168270732,11.67032678215,-6.426));
#1096 = CARTESIAN_POINT('',(-36.112180488,11.614236538149,-4.284));
#1097 = CARTESIAN_POINT('',(-36.056090244,11.558146294148,-2.142));
#1098 = CARTESIAN_POINT('',(-35.08349274507,10.585548795225,35.));
#1099 = CARTESIAN_POINT('',(-34.16698549015,9.669041540304,70.));
#1100 = CARTESIAN_POINT('',(-33.25047823523,8.752534285382,105.));
#1101 = CARTESIAN_POINT('',(-32.33397098031,7.83602703046,140.));
#1102 = CARTESIAN_POINT('',(-31.36137348139,6.863429531538,177.142));
#1103 = CARTESIAN_POINT('',(-31.30528323739,6.807339287537,179.284));
#1104 = CARTESIAN_POINT('',(-31.24919299338,6.751249043535,181.426));
#1105 = CARTESIAN_POINT('',(-31.19310274938,6.695158799534,183.568));
#1106 = CARTESIAN_POINT('',(-31.13701250538,6.639068555533,185.71));
#1107 = ADVANCED_FACE('',(#1108),#1118,.T.);
#1108 = FACE_BOUND('',#1109,.T.);
#1109 = EDGE_LOOP('',(#1110,#1111,#1112,#1113));
#1110 = ORIENTED_EDGE('',*,*,#950,.F.);
#1111 = ORIENTED_EDGE('',*,*,#253,.T.);
#1112 = ORIENTED_EDGE('',*,*,#346,.T.);
#1113 = ORIENTED_EDGE('',*,*,#1114,.T.);
#1114 = EDGE_CURVE('',#347,#951,#1115,.T.);
#1115 = B_SPLINE_CURVE_WITH_KNOTS('',1,(#1116,#1117),.UNSPECIFIED.,.F.,
  .F.,(2,2),(0.,1.),.PIECEWISE_BEZIER_KNOTS.);
#1116 = CARTESIAN_POINT('',(-33.5,-9.858905700126,95.471148242564));
#1117 = CARTESIAN_POINT('',(-33.5,9.858905700126,95.471148242564));
#1118 = B_SPLINE_SURFACE_WITH_KNOTS('',1,1,(
    (#1119,#1120)
    ,(#1121,#1122
    )),.UNSPECIFIED.,.F.,.F.,.F.,(2,2),(2,2),(0.,35.),(0.,1.),
  .PIECEWISE_BEZIER_KNOTS.);
#1119 = CARTESIAN_POINT('',(-36.,17.5,0.));
#1120 = CARTESIAN_POINT('',(-31.41746372539,12.917463725392,175.));
#1121 = CARTESIAN_POINT('',(-36.,-17.5,0.));
#1122 = CARTESIAN_POINT('',(-31.41746372539,-12.91746372539,175.));
#1123 = ADVANCED_FACE('',(#1124),#1143,.F.);
#1124 = FACE_BOUND('',#1125,.F.);
#1125 = EDGE_LOOP('',(#1126,#1127,#1135,#1141,#1142));
#1126 = ORIENTED_EDGE('',*,*,#369,.F.);
#1127 = ORIENTED_EDGE('',*,*,#1128,.T.);
#1128 = EDGE_CURVE('',#362,#1129,#1131,.T.);
#1129 = VERTEX_POINT('',#1130);
#1130 = CARTESIAN_POINT('',(33.5,15.,2.5));
#1131 = LINE('',#1132,#1133);
#1132 = CARTESIAN_POINT('',(33.5,-15.,2.5));
#1133 = VECTOR('',#1134,1.);
#1134 = DIRECTION('',(0.,1.,0.));
#1135 = ORIENTED_EDGE('',*,*,#1136,.T.);
#1136 = EDGE_CURVE('',#1129,#494,#1137,.T.);
#1137 = LINE('',#1138,#1139);
#1138 = CARTESIAN_POINT('',(33.5,15.,2.5));
#1139 = VECTOR('',#1140,1.);
#1140 = DIRECTION('',(0.,0.,1.));
#1141 = ORIENTED_EDGE('',*,*,#542,.T.);
#1142 = ORIENTED_EDGE('',*,*,#411,.T.);
#1143 = PLANE('',#1144);
#1144 = AXIS2_PLACEMENT_3D('',#1145,#1146,#1147);
#1145 = CARTESIAN_POINT('',(33.5,-15.,2.5));
#1146 = DIRECTION('',(1.,0.,0.));
#1147 = DIRECTION('',(0.,0.,1.));
#1148 = ADVANCED_FACE('',(#1149),#1167,.T.);
#1149 = FACE_BOUND('',#1150,.T.);
#1150 = EDGE_LOOP('',(#1151,#1159,#1160,#1161));
#1151 = ORIENTED_EDGE('',*,*,#1152,.F.);
#1152 = EDGE_CURVE('',#354,#1153,#1155,.T.);
#1153 = VERTEX_POINT('',#1154);
#1154 = CARTESIAN_POINT('',(-33.5,15.,2.5));
#1155 = LINE('',#1156,#1157);
#1156 = CARTESIAN_POINT('',(-33.5,-15.,2.5));
#1157 = VECTOR('',#1158,1.);
#1158 = DIRECTION('',(0.,1.,0.));
#1159 = ORIENTED_EDGE('',*,*,#361,.F.);
#1160 = ORIENTED_EDGE('',*,*,#1128,.T.);
#1161 = ORIENTED_EDGE('',*,*,#1162,.F.);
#1162 = EDGE_CURVE('',#1153,#1129,#1163,.T.);
#1163 = LINE('',#1164,#1165);
#1164 = CARTESIAN_POINT('',(-33.5,15.,2.5));
#1165 = VECTOR('',#1166,1.);
#1166 = DIRECTION('',(1.,0.,0.));
#1167 = PLANE('',#1168);
#1168 = AXIS2_PLACEMENT_3D('',#1169,#1170,#1171);
#1169 = CARTESIAN_POINT('',(-33.5,-15.,2.5));
#1170 = DIRECTION('',(0.,0.,1.));
#1171 = DIRECTION('',(1.,0.,0.));
#1172 = ADVANCED_FACE('',(#1173),#1185,.T.);
#1173 = FACE_BOUND('',#1174,.T.);
#1174 = EDGE_LOOP('',(#1175,#1176,#1177,#1183,#1184));
#1175 = ORIENTED_EDGE('',*,*,#353,.F.);
#1176 = ORIENTED_EDGE('',*,*,#1152,.T.);
#1177 = ORIENTED_EDGE('',*,*,#1178,.T.);
#1178 = EDGE_CURVE('',#1153,#970,#1179,.T.);
#1179 = LINE('',#1180,#1181);
#1180 = CARTESIAN_POINT('',(-33.5,15.,2.5));
#1181 = VECTOR('',#1182,1.);
#1182 = DIRECTION('',(0.,0.,1.));
#1183 = ORIENTED_EDGE('',*,*,#969,.T.);
#1184 = ORIENTED_EDGE('',*,*,#1114,.F.);
#1185 = PLANE('',#1186);
#1186 = AXIS2_PLACEMENT_3D('',#1187,#1188,#1189);
#1187 = CARTESIAN_POINT('',(-33.5,-15.,2.5));
#1188 = DIRECTION('',(1.,0.,0.));
#1189 = DIRECTION('',(0.,0.,1.));
#1190 = ADVANCED_FACE('',(#1191,#1222,#1256,#1349),#1383,.F.);
#1191 = FACE_BOUND('',#1192,.F.);
#1192 = EDGE_LOOP('',(#1193,#1194,#1195,#1196,#1197,#1198,#1206,#1214,
    #1220,#1221));
#1193 = ORIENTED_EDGE('',*,*,#1136,.F.);
#1194 = ORIENTED_EDGE('',*,*,#1162,.F.);
#1195 = ORIENTED_EDGE('',*,*,#1178,.T.);
#1196 = ORIENTED_EDGE('',*,*,#1018,.T.);
#1197 = ORIENTED_EDGE('',*,*,#656,.T.);
#1198 = ORIENTED_EDGE('',*,*,#1199,.F.);
#1199 = EDGE_CURVE('',#1200,#657,#1202,.T.);
#1200 = VERTEX_POINT('',#1201);
#1201 = CARTESIAN_POINT('',(-26.,15.,88.));
#1202 = LINE('',#1203,#1204);
#1203 = CARTESIAN_POINT('',(-26.,15.,88.));
#1204 = VECTOR('',#1205,1.);
#1205 = DIRECTION('',(0.,0.,1.));
#1206 = ORIENTED_EDGE('',*,*,#1207,.T.);
#1207 = EDGE_CURVE('',#1200,#1208,#1210,.T.);
#1208 = VERTEX_POINT('',#1209);
#1209 = CARTESIAN_POINT('',(26.,15.,88.));
#1210 = LINE('',#1211,#1212);
#1211 = CARTESIAN_POINT('',(-26.,15.,88.));
#1212 = VECTOR('',#1213,1.);
#1213 = DIRECTION('',(1.,0.,0.));
#1214 = ORIENTED_EDGE('',*,*,#1215,.T.);
#1215 = EDGE_CURVE('',#1208,#681,#1216,.T.);
#1216 = LINE('',#1217,#1218);
#1217 = CARTESIAN_POINT('',(26.,15.,88.));
#1218 = VECTOR('',#1219,1.);
#1219 = DIRECTION('',(0.,0.,1.));
#1220 = ORIENTED_EDGE('',*,*,#690,.T.);
#1221 = ORIENTED_EDGE('',*,*,#493,.F.);
#1222 = FACE_BOUND('',#1223,.F.);
#1223 = EDGE_LOOP('',(#1224,#1234,#1242,#1250));
#1224 = ORIENTED_EDGE('',*,*,#1225,.F.);
#1225 = EDGE_CURVE('',#1226,#1228,#1230,.T.);
#1226 = VERTEX_POINT('',#1227);
#1227 = CARTESIAN_POINT('',(-27.,15.,85.));
#1228 = VERTEX_POINT('',#1229);
#1229 = CARTESIAN_POINT('',(-12.,15.,85.));
#1230 = LINE('',#1231,#1232);
#1231 = CARTESIAN_POINT('',(-30.25,15.,85.));
#1232 = VECTOR('',#1233,1.);
#1233 = DIRECTION('',(1.,0.,-0.));
#1234 = ORIENTED_EDGE('',*,*,#1235,.T.);
#1235 = EDGE_CURVE('',#1226,#1236,#1238,.T.);
#1236 = VERTEX_POINT('',#1237);
#1237 = CARTESIAN_POINT('',(-27.,15.,76.));
#1238 = LINE('',#1239,#1240);
#1239 = CARTESIAN_POINT('',(-27.,15.,39.25));
#1240 = VECTOR('',#1241,1.);
#1241 = DIRECTION('',(-0.,0.,-1.));
#1242 = ORIENTED_EDGE('',*,*,#1243,.T.);
#1243 = EDGE_CURVE('',#1236,#1244,#1246,.T.);
#1244 = VERTEX_POINT('',#1245);
#1245 = CARTESIAN_POINT('',(-12.,15.,76.));
#1246 = LINE('',#1247,#1248);
#1247 = CARTESIAN_POINT('',(-30.25,15.,76.));
#1248 = VECTOR('',#1249,1.);
#1249 = DIRECTION('',(1.,0.,-0.));
#1250 = ORIENTED_EDGE('',*,*,#1251,.F.);
#1251 = EDGE_CURVE('',#1228,#1244,#1252,.T.);
#1252 = LINE('',#1253,#1254);
#1253 = CARTESIAN_POINT('',(-12.,15.,39.25));
#1254 = VECTOR('',#1255,1.);
#1255 = DIRECTION('',(-0.,0.,-1.));
#1256 = FACE_BOUND('',#1257,.F.);
#1257 = EDGE_LOOP('',(#1258,#1268,#1277,#1285,#1293,#1301,#1309,#1318,
    #1327,#1335,#1343));
#1258 = ORIENTED_EDGE('',*,*,#1259,.F.);
#1259 = EDGE_CURVE('',#1260,#1262,#1264,.T.);
#1260 = VERTEX_POINT('',#1261);
#1261 = CARTESIAN_POINT('',(-12.,15.,31.560911085414));
#1262 = VERTEX_POINT('',#1263);
#1263 = CARTESIAN_POINT('',(-12.,15.,26.));
#1264 = LINE('',#1265,#1266);
#1265 = CARTESIAN_POINT('',(-12.,15.,14.25));
#1266 = VECTOR('',#1267,1.);
#1267 = DIRECTION('',(-0.,0.,-1.));
#1268 = ORIENTED_EDGE('',*,*,#1269,.T.);
#1269 = EDGE_CURVE('',#1260,#1270,#1272,.T.);
#1270 = VERTEX_POINT('',#1271);
#1271 = CARTESIAN_POINT('',(13.,15.,32.251760650701));
#1272 = CIRCLE('',#1273,22.);
#1273 = AXIS2_PLACEMENT_3D('',#1274,#1275,#1276);
#1274 = CARTESIAN_POINT('',(0.,15.,50.));
#1275 = DIRECTION('',(0.,-1.,1.1E-16));
#1276 = DIRECTION('',(1.,0.,0.));
#1277 = ORIENTED_EDGE('',*,*,#1278,.T.);
#1278 = EDGE_CURVE('',#1270,#1279,#1281,.T.);
#1279 = VERTEX_POINT('',#1280);
#1280 = CARTESIAN_POINT('',(13.,15.,26.));
#1281 = LINE('',#1282,#1283);
#1282 = CARTESIAN_POINT('',(13.,15.,14.25));
#1283 = VECTOR('',#1284,1.);
#1284 = DIRECTION('',(-0.,0.,-1.));
#1285 = ORIENTED_EDGE('',*,*,#1286,.T.);
#1286 = EDGE_CURVE('',#1279,#1287,#1289,.T.);
#1287 = VERTEX_POINT('',#1288);
#1288 = CARTESIAN_POINT('',(28.,15.,26.));
#1289 = LINE('',#1290,#1291);
#1290 = CARTESIAN_POINT('',(-10.25,15.,26.));
#1291 = VECTOR('',#1292,1.);
#1292 = DIRECTION('',(1.,0.,-0.));
#1293 = ORIENTED_EDGE('',*,*,#1294,.F.);
#1294 = EDGE_CURVE('',#1295,#1287,#1297,.T.);
#1295 = VERTEX_POINT('',#1296);
#1296 = CARTESIAN_POINT('',(28.,15.,35.));
#1297 = LINE('',#1298,#1299);
#1298 = CARTESIAN_POINT('',(28.,15.,14.25));
#1299 = VECTOR('',#1300,1.);
#1300 = DIRECTION('',(-0.,0.,-1.));
#1301 = ORIENTED_EDGE('',*,*,#1302,.F.);
#1302 = EDGE_CURVE('',#1303,#1295,#1305,.T.);
#1303 = VERTEX_POINT('',#1304);
#1304 = CARTESIAN_POINT('',(16.093476939431,15.,35.));
#1305 = LINE('',#1306,#1307);
#1306 = CARTESIAN_POINT('',(-10.25,15.,35.));
#1307 = VECTOR('',#1308,1.);
#1308 = DIRECTION('',(1.,0.,-0.));
#1309 = ORIENTED_EDGE('',*,*,#1310,.T.);
#1310 = EDGE_CURVE('',#1303,#1311,#1313,.T.);
#1311 = VERTEX_POINT('',#1312);
#1312 = CARTESIAN_POINT('',(22.,15.,50.));
#1313 = CIRCLE('',#1314,22.);
#1314 = AXIS2_PLACEMENT_3D('',#1315,#1316,#1317);
#1315 = CARTESIAN_POINT('',(0.,15.,50.));
#1316 = DIRECTION('',(0.,-1.,1.1E-16));
#1317 = DIRECTION('',(1.,0.,0.));
#1318 = ORIENTED_EDGE('',*,*,#1319,.T.);
#1319 = EDGE_CURVE('',#1311,#1320,#1322,.T.);
#1320 = VERTEX_POINT('',#1321);
#1321 = CARTESIAN_POINT('',(-16.09347693943,15.,35.));
#1322 = CIRCLE('',#1323,22.);
#1323 = AXIS2_PLACEMENT_3D('',#1324,#1325,#1326);
#1324 = CARTESIAN_POINT('',(0.,15.,50.));
#1325 = DIRECTION('',(0.,-1.,1.1E-16));
#1326 = DIRECTION('',(1.,0.,0.));
#1327 = ORIENTED_EDGE('',*,*,#1328,.F.);
#1328 = EDGE_CURVE('',#1329,#1320,#1331,.T.);
#1329 = VERTEX_POINT('',#1330);
#1330 = CARTESIAN_POINT('',(-27.,15.,35.));
#1331 = LINE('',#1332,#1333);
#1332 = CARTESIAN_POINT('',(-30.25,15.,35.));
#1333 = VECTOR('',#1334,1.);
#1334 = DIRECTION('',(1.,0.,-0.));
#1335 = ORIENTED_EDGE('',*,*,#1336,.T.);
#1336 = EDGE_CURVE('',#1329,#1337,#1339,.T.);
#1337 = VERTEX_POINT('',#1338);
#1338 = CARTESIAN_POINT('',(-27.,15.,26.));
#1339 = LINE('',#1340,#1341);
#1340 = CARTESIAN_POINT('',(-27.,15.,14.25));
#1341 = VECTOR('',#1342,1.);
#1342 = DIRECTION('',(-0.,0.,-1.));
#1343 = ORIENTED_EDGE('',*,*,#1344,.T.);
#1344 = EDGE_CURVE('',#1337,#1262,#1345,.T.);
#1345 = LINE('',#1346,#1347);
#1346 = CARTESIAN_POINT('',(-30.25,15.,26.));
#1347 = VECTOR('',#1348,1.);
#1348 = DIRECTION('',(1.,0.,-0.));
#1349 = FACE_BOUND('',#1350,.F.);
#1350 = EDGE_LOOP('',(#1351,#1361,#1369,#1377));
#1351 = ORIENTED_EDGE('',*,*,#1352,.F.);
#1352 = EDGE_CURVE('',#1353,#1355,#1357,.T.);
#1353 = VERTEX_POINT('',#1354);
#1354 = CARTESIAN_POINT('',(13.,15.,85.));
#1355 = VERTEX_POINT('',#1356);
#1356 = CARTESIAN_POINT('',(28.,15.,85.));
#1357 = LINE('',#1358,#1359);
#1358 = CARTESIAN_POINT('',(-10.25,15.,85.));
#1359 = VECTOR('',#1360,1.);
#1360 = DIRECTION('',(1.,0.,-0.));
#1361 = ORIENTED_EDGE('',*,*,#1362,.T.);
#1362 = EDGE_CURVE('',#1353,#1363,#1365,.T.);
#1363 = VERTEX_POINT('',#1364);
#1364 = CARTESIAN_POINT('',(13.,15.,76.));
#1365 = LINE('',#1366,#1367);
#1366 = CARTESIAN_POINT('',(13.,15.,39.25));
#1367 = VECTOR('',#1368,1.);
#1368 = DIRECTION('',(-0.,0.,-1.));
#1369 = ORIENTED_EDGE('',*,*,#1370,.T.);
#1370 = EDGE_CURVE('',#1363,#1371,#1373,.T.);
#1371 = VERTEX_POINT('',#1372);
#1372 = CARTESIAN_POINT('',(28.,15.,76.));
#1373 = LINE('',#1374,#1375);
#1374 = CARTESIAN_POINT('',(-10.25,15.,76.));
#1375 = VECTOR('',#1376,1.);
#1376 = DIRECTION('',(1.,0.,-0.));
#1377 = ORIENTED_EDGE('',*,*,#1378,.F.);
#1378 = EDGE_CURVE('',#1355,#1371,#1379,.T.);
#1379 = LINE('',#1380,#1381);
#1380 = CARTESIAN_POINT('',(28.,15.,39.25));
#1381 = VECTOR('',#1382,1.);
#1382 = DIRECTION('',(-0.,0.,-1.));
#1383 = PLANE('',#1384);
#1384 = AXIS2_PLACEMENT_3D('',#1385,#1386,#1387);
#1385 = CARTESIAN_POINT('',(-33.5,15.,2.5));
#1386 = DIRECTION('',(0.,1.,0.));
#1387 = DIRECTION('',(0.,0.,1.));
#1388 = ADVANCED_FACE('',(#1389),#1406,.F.);
#1389 = FACE_BOUND('',#1390,.F.);
#1390 = EDGE_LOOP('',(#1391,#1397,#1398,#1404,#1405));
#1391 = ORIENTED_EDGE('',*,*,#1392,.F.);
#1392 = EDGE_CURVE('',#1353,#697,#1393,.T.);
#1393 = LINE('',#1394,#1395);
#1394 = CARTESIAN_POINT('',(13.,12.5,85.));
#1395 = VECTOR('',#1396,1.);
#1396 = DIRECTION('',(0.,1.,0.));
#1397 = ORIENTED_EDGE('',*,*,#1352,.T.);
#1398 = ORIENTED_EDGE('',*,*,#1399,.T.);
#1399 = EDGE_CURVE('',#1355,#446,#1400,.T.);
#1400 = LINE('',#1401,#1402);
#1401 = CARTESIAN_POINT('',(28.,12.5,85.));
#1402 = VECTOR('',#1403,1.);
#1403 = DIRECTION('',(0.,1.,0.));
#1404 = ORIENTED_EDGE('',*,*,#464,.F.);
#1405 = ORIENTED_EDGE('',*,*,#696,.F.);
#1406 = PLANE('',#1407);
#1407 = AXIS2_PLACEMENT_3D('',#1408,#1409,#1410);
#1408 = CARTESIAN_POINT('',(13.,12.5,85.));
#1409 = DIRECTION('',(0.,0.,1.));
#1410 = DIRECTION('',(1.,0.,0.));
#1411 = ADVANCED_FACE('',(#1412),#1424,.F.);
#1412 = FACE_BOUND('',#1413,.F.);
#1413 = EDGE_LOOP('',(#1414,#1415,#1416,#1422,#1423));
#1414 = ORIENTED_EDGE('',*,*,#1399,.F.);
#1415 = ORIENTED_EDGE('',*,*,#1378,.T.);
#1416 = ORIENTED_EDGE('',*,*,#1417,.T.);
#1417 = EDGE_CURVE('',#1371,#714,#1418,.T.);
#1418 = LINE('',#1419,#1420);
#1419 = CARTESIAN_POINT('',(28.,12.5,76.));
#1420 = VECTOR('',#1421,1.);
#1421 = DIRECTION('',(0.,1.,0.));
#1422 = ORIENTED_EDGE('',*,*,#720,.T.);
#1423 = ORIENTED_EDGE('',*,*,#445,.T.);
#1424 = PLANE('',#1425);
#1425 = AXIS2_PLACEMENT_3D('',#1426,#1427,#1428);
#1426 = CARTESIAN_POINT('',(28.,12.5,76.));
#1427 = DIRECTION('',(1.,0.,0.));
#1428 = DIRECTION('',(0.,0.,1.));
#1429 = ADVANCED_FACE('',(#1430),#1441,.T.);
#1430 = FACE_BOUND('',#1431,.T.);
#1431 = EDGE_LOOP('',(#1432,#1438,#1439,#1440));
#1432 = ORIENTED_EDGE('',*,*,#1433,.F.);
#1433 = EDGE_CURVE('',#1363,#704,#1434,.T.);
#1434 = LINE('',#1435,#1436);
#1435 = CARTESIAN_POINT('',(13.,12.5,76.));
#1436 = VECTOR('',#1437,1.);
#1437 = DIRECTION('',(0.,1.,0.));
#1438 = ORIENTED_EDGE('',*,*,#1370,.T.);
#1439 = ORIENTED_EDGE('',*,*,#1417,.T.);
#1440 = ORIENTED_EDGE('',*,*,#713,.F.);
#1441 = PLANE('',#1442);
#1442 = AXIS2_PLACEMENT_3D('',#1443,#1444,#1445);
#1443 = CARTESIAN_POINT('',(13.,12.5,76.));
#1444 = DIRECTION('',(0.,0.,1.));
#1445 = DIRECTION('',(1.,0.,0.));
#1446 = ADVANCED_FACE('',(#1447),#1453,.T.);
#1447 = FACE_BOUND('',#1448,.T.);
#1448 = EDGE_LOOP('',(#1449,#1450,#1451,#1452));
#1449 = ORIENTED_EDGE('',*,*,#1392,.F.);
#1450 = ORIENTED_EDGE('',*,*,#1362,.T.);
#1451 = ORIENTED_EDGE('',*,*,#1433,.T.);
#1452 = ORIENTED_EDGE('',*,*,#703,.T.);
#1453 = PLANE('',#1454);
#1454 = AXIS2_PLACEMENT_3D('',#1455,#1456,#1457);
#1455 = CARTESIAN_POINT('',(13.,12.5,76.));
#1456 = DIRECTION('',(1.,0.,0.));
#1457 = DIRECTION('',(0.,0.,1.));
#1458 = ADVANCED_FACE('',(#1459),#1469,.T.);
#1459 = FACE_BOUND('',#1460,.T.);
#1460 = EDGE_LOOP('',(#1461,#1462,#1468));
#1461 = ORIENTED_EDGE('',*,*,#1199,.F.);
#1462 = ORIENTED_EDGE('',*,*,#1463,.T.);
#1463 = EDGE_CURVE('',#1200,#664,#1464,.T.);
#1464 = LINE('',#1465,#1466);
#1465 = CARTESIAN_POINT('',(-26.,15.,88.));
#1466 = VECTOR('',#1467,1.);
#1467 = DIRECTION('',(0.,1.,0.));
#1468 = ORIENTED_EDGE('',*,*,#663,.T.);
#1469 = PLANE('',#1470);
#1470 = AXIS2_PLACEMENT_3D('',#1471,#1472,#1473);
#1471 = CARTESIAN_POINT('',(-26.,15.,88.));
#1472 = DIRECTION('',(1.,0.,0.));
#1473 = DIRECTION('',(0.,0.,1.));
#1474 = ADVANCED_FACE('',(#1475),#1486,.T.);
#1475 = FACE_BOUND('',#1476,.T.);
#1476 = EDGE_LOOP('',(#1477,#1478,#1479,#1485));
#1477 = ORIENTED_EDGE('',*,*,#1463,.F.);
#1478 = ORIENTED_EDGE('',*,*,#1207,.T.);
#1479 = ORIENTED_EDGE('',*,*,#1480,.T.);
#1480 = EDGE_CURVE('',#1208,#674,#1481,.T.);
#1481 = LINE('',#1482,#1483);
#1482 = CARTESIAN_POINT('',(26.,15.,88.));
#1483 = VECTOR('',#1484,1.);
#1484 = DIRECTION('',(0.,1.,0.));
#1485 = ORIENTED_EDGE('',*,*,#673,.F.);
#1486 = PLANE('',#1487);
#1487 = AXIS2_PLACEMENT_3D('',#1488,#1489,#1490);
#1488 = CARTESIAN_POINT('',(-26.,15.,88.));
#1489 = DIRECTION('',(0.,0.,1.));
#1490 = DIRECTION('',(1.,0.,0.));
#1491 = ADVANCED_FACE('',(#1492),#1497,.F.);
#1492 = FACE_BOUND('',#1493,.F.);
#1493 = EDGE_LOOP('',(#1494,#1495,#1496));
#1494 = ORIENTED_EDGE('',*,*,#1215,.F.);
#1495 = ORIENTED_EDGE('',*,*,#1480,.T.);
#1496 = ORIENTED_EDGE('',*,*,#680,.T.);
#1497 = PLANE('',#1498);
#1498 = AXIS2_PLACEMENT_3D('',#1499,#1500,#1501);
#1499 = CARTESIAN_POINT('',(26.,15.,88.));
#1500 = DIRECTION('',(1.,0.,0.));
#1501 = DIRECTION('',(0.,0.,1.));
#1502 = ADVANCED_FACE('',(#1503),#1535,.T.);
#1503 = FACE_BOUND('',#1504,.T.);
#1504 = EDGE_LOOP('',(#1505,#1513,#1521,#1527,#1528,#1534));
#1505 = ORIENTED_EDGE('',*,*,#1506,.F.);
#1506 = EDGE_CURVE('',#1507,#733,#1509,.T.);
#1507 = VERTEX_POINT('',#1508);
#1508 = CARTESIAN_POINT('',(13.,15.5,35.));
#1509 = LINE('',#1510,#1511);
#1510 = CARTESIAN_POINT('',(13.,12.5,35.));
#1511 = VECTOR('',#1512,1.);
#1512 = DIRECTION('',(0.,1.,0.));
#1513 = ORIENTED_EDGE('',*,*,#1514,.F.);
#1514 = EDGE_CURVE('',#1515,#1507,#1517,.T.);
#1515 = VERTEX_POINT('',#1516);
#1516 = CARTESIAN_POINT('',(13.,15.5,32.251760650701));
#1517 = LINE('',#1518,#1519);
#1518 = CARTESIAN_POINT('',(13.,15.5,38.));
#1519 = VECTOR('',#1520,1.);
#1520 = DIRECTION('',(0.,1.1E-16,1.));
#1521 = ORIENTED_EDGE('',*,*,#1522,.T.);
#1522 = EDGE_CURVE('',#1515,#1270,#1523,.T.);
#1523 = LINE('',#1524,#1525);
#1524 = CARTESIAN_POINT('',(13.,15.5,32.251760650701));
#1525 = VECTOR('',#1526,1.);
#1526 = DIRECTION('',(0.,-1.,1.1E-16));
#1527 = ORIENTED_EDGE('',*,*,#1278,.T.);
#1528 = ORIENTED_EDGE('',*,*,#1529,.T.);
#1529 = EDGE_CURVE('',#1279,#731,#1530,.T.);
#1530 = LINE('',#1531,#1532);
#1531 = CARTESIAN_POINT('',(13.,12.5,26.));
#1532 = VECTOR('',#1533,1.);
#1533 = DIRECTION('',(0.,1.,0.));
#1534 = ORIENTED_EDGE('',*,*,#730,.T.);
#1535 = PLANE('',#1536);
#1536 = AXIS2_PLACEMENT_3D('',#1537,#1538,#1539);
#1537 = CARTESIAN_POINT('',(13.,12.5,26.));
#1538 = DIRECTION('',(1.,0.,0.));
#1539 = DIRECTION('',(0.,0.,1.));
#1540 = ADVANCED_FACE('',(#1541),#1566,.F.);
#1541 = FACE_BOUND('',#1542,.F.);
#1542 = EDGE_LOOP('',(#1543,#1544,#1552,#1558,#1559,#1565));
#1543 = ORIENTED_EDGE('',*,*,#1506,.F.);
#1544 = ORIENTED_EDGE('',*,*,#1545,.F.);
#1545 = EDGE_CURVE('',#1546,#1507,#1548,.T.);
#1546 = VERTEX_POINT('',#1547);
#1547 = CARTESIAN_POINT('',(16.093476939431,15.5,35.));
#1548 = LINE('',#1549,#1550);
#1549 = CARTESIAN_POINT('',(6.5,15.5,35.));
#1550 = VECTOR('',#1551,1.);
#1551 = DIRECTION('',(-1.,0.,0.));
#1552 = ORIENTED_EDGE('',*,*,#1553,.T.);
#1553 = EDGE_CURVE('',#1546,#1303,#1554,.T.);
#1554 = LINE('',#1555,#1556);
#1555 = CARTESIAN_POINT('',(16.093476939431,15.5,35.));
#1556 = VECTOR('',#1557,1.);
#1557 = DIRECTION('',(0.,-1.,1.1E-16));
#1558 = ORIENTED_EDGE('',*,*,#1302,.T.);
#1559 = ORIENTED_EDGE('',*,*,#1560,.T.);
#1560 = EDGE_CURVE('',#1295,#750,#1561,.T.);
#1561 = LINE('',#1562,#1563);
#1562 = CARTESIAN_POINT('',(28.,12.5,35.));
#1563 = VECTOR('',#1564,1.);
#1564 = DIRECTION('',(0.,1.,0.));
#1565 = ORIENTED_EDGE('',*,*,#759,.F.);
#1566 = PLANE('',#1567);
#1567 = AXIS2_PLACEMENT_3D('',#1568,#1569,#1570);
#1568 = CARTESIAN_POINT('',(13.,12.5,35.));
#1569 = DIRECTION('',(0.,0.,1.));
#1570 = DIRECTION('',(1.,0.,0.));
#1571 = ADVANCED_FACE('',(#1572),#1583,.F.);
#1572 = FACE_BOUND('',#1573,.F.);
#1573 = EDGE_LOOP('',(#1574,#1575,#1576,#1582));
#1574 = ORIENTED_EDGE('',*,*,#1560,.F.);
#1575 = ORIENTED_EDGE('',*,*,#1294,.T.);
#1576 = ORIENTED_EDGE('',*,*,#1577,.T.);
#1577 = EDGE_CURVE('',#1287,#743,#1578,.T.);
#1578 = LINE('',#1579,#1580);
#1579 = CARTESIAN_POINT('',(28.,12.5,26.));
#1580 = VECTOR('',#1581,1.);
#1581 = DIRECTION('',(0.,1.,0.));
#1582 = ORIENTED_EDGE('',*,*,#749,.T.);
#1583 = PLANE('',#1584);
#1584 = AXIS2_PLACEMENT_3D('',#1585,#1586,#1587);
#1585 = CARTESIAN_POINT('',(28.,12.5,26.));
#1586 = DIRECTION('',(1.,0.,0.));
#1587 = DIRECTION('',(0.,0.,1.));
#1588 = ADVANCED_FACE('',(#1589),#1595,.T.);
#1589 = FACE_BOUND('',#1590,.T.);
#1590 = EDGE_LOOP('',(#1591,#1592,#1593,#1594));
#1591 = ORIENTED_EDGE('',*,*,#1529,.F.);
#1592 = ORIENTED_EDGE('',*,*,#1286,.T.);
#1593 = ORIENTED_EDGE('',*,*,#1577,.T.);
#1594 = ORIENTED_EDGE('',*,*,#742,.F.);
#1595 = PLANE('',#1596);
#1596 = AXIS2_PLACEMENT_3D('',#1597,#1598,#1599);
#1597 = CARTESIAN_POINT('',(13.,12.5,26.));
#1598 = DIRECTION('',(0.,0.,1.));
#1599 = DIRECTION('',(1.,0.,0.));
#1600 = ADVANCED_FACE('',(#1601),#1626,.T.);
#1601 = FACE_BOUND('',#1602,.T.);
#1602 = EDGE_LOOP('',(#1603,#1611,#1619,#1625));
#1603 = ORIENTED_EDGE('',*,*,#1604,.T.);
#1604 = EDGE_CURVE('',#769,#1605,#1607,.T.);
#1605 = VERTEX_POINT('',#1606);
#1606 = CARTESIAN_POINT('',(-5.,15.5,45.));
#1607 = LINE('',#1608,#1609);
#1608 = CARTESIAN_POINT('',(-5.,13.5,45.));
#1609 = VECTOR('',#1610,1.);
#1610 = DIRECTION('',(0.,-1.,0.));
#1611 = ORIENTED_EDGE('',*,*,#1612,.F.);
#1612 = EDGE_CURVE('',#1613,#1605,#1615,.T.);
#1613 = VERTEX_POINT('',#1614);
#1614 = CARTESIAN_POINT('',(-5.,15.5,33.));
#1615 = LINE('',#1616,#1617);
#1616 = CARTESIAN_POINT('',(-5.,15.5,41.5));
#1617 = VECTOR('',#1618,1.);
#1618 = DIRECTION('',(0.,1.1E-16,1.));
#1619 = ORIENTED_EDGE('',*,*,#1620,.T.);
#1620 = EDGE_CURVE('',#1613,#767,#1621,.T.);
#1621 = LINE('',#1622,#1623);
#1622 = CARTESIAN_POINT('',(-5.,13.5,33.));
#1623 = VECTOR('',#1624,1.);
#1624 = DIRECTION('',(0.,1.,0.));
#1625 = ORIENTED_EDGE('',*,*,#766,.T.);
#1626 = PLANE('',#1627);
#1627 = AXIS2_PLACEMENT_3D('',#1628,#1629,#1630);
#1628 = CARTESIAN_POINT('',(-5.,13.5,33.));
#1629 = DIRECTION('',(1.,0.,0.));
#1630 = DIRECTION('',(0.,0.,1.));
#1631 = ADVANCED_FACE('',(#1632),#1650,.T.);
#1632 = FACE_BOUND('',#1633,.T.);
#1633 = EDGE_LOOP('',(#1634,#1635,#1643,#1649));
#1634 = ORIENTED_EDGE('',*,*,#1620,.F.);
#1635 = ORIENTED_EDGE('',*,*,#1636,.F.);
#1636 = EDGE_CURVE('',#1637,#1613,#1639,.T.);
#1637 = VERTEX_POINT('',#1638);
#1638 = CARTESIAN_POINT('',(5.,15.5,33.));
#1639 = LINE('',#1640,#1641);
#1640 = CARTESIAN_POINT('',(-2.5,15.5,33.));
#1641 = VECTOR('',#1642,1.);
#1642 = DIRECTION('',(-1.,0.,0.));
#1643 = ORIENTED_EDGE('',*,*,#1644,.T.);
#1644 = EDGE_CURVE('',#1637,#779,#1645,.T.);
#1645 = LINE('',#1646,#1647);
#1646 = CARTESIAN_POINT('',(5.,13.5,33.));
#1647 = VECTOR('',#1648,1.);
#1648 = DIRECTION('',(0.,1.,0.));
#1649 = ORIENTED_EDGE('',*,*,#778,.F.);
#1650 = PLANE('',#1651);
#1651 = AXIS2_PLACEMENT_3D('',#1652,#1653,#1654);
#1652 = CARTESIAN_POINT('',(-5.,13.5,33.));
#1653 = DIRECTION('',(0.,0.,1.));
#1654 = DIRECTION('',(1.,0.,0.));
#1655 = ADVANCED_FACE('',(#1656),#1674,.T.);
#1656 = FACE_BOUND('',#1657,.T.);
#1657 = EDGE_LOOP('',(#1658,#1666,#1672,#1673));
#1658 = ORIENTED_EDGE('',*,*,#1659,.F.);
#1659 = EDGE_CURVE('',#1660,#854,#1662,.T.);
#1660 = VERTEX_POINT('',#1661);
#1661 = CARTESIAN_POINT('',(-17.,15.5,45.));
#1662 = LINE('',#1663,#1664);
#1663 = CARTESIAN_POINT('',(-17.,13.5,45.));
#1664 = VECTOR('',#1665,1.);
#1665 = DIRECTION('',(0.,1.,0.));
#1666 = ORIENTED_EDGE('',*,*,#1667,.F.);
#1667 = EDGE_CURVE('',#1605,#1660,#1668,.T.);
#1668 = LINE('',#1669,#1670);
#1669 = CARTESIAN_POINT('',(-8.5,15.5,45.));
#1670 = VECTOR('',#1671,1.);
#1671 = DIRECTION('',(-1.,0.,0.));
#1672 = ORIENTED_EDGE('',*,*,#1604,.F.);
#1673 = ORIENTED_EDGE('',*,*,#863,.F.);
#1674 = PLANE('',#1675);
#1675 = AXIS2_PLACEMENT_3D('',#1676,#1677,#1678);
#1676 = CARTESIAN_POINT('',(-17.,13.5,45.));
#1677 = DIRECTION('',(0.,0.,1.));
#1678 = DIRECTION('',(1.,0.,0.));
#1679 = ADVANCED_FACE('',(#1680),#1698,.F.);
#1680 = FACE_BOUND('',#1681,.F.);
#1681 = EDGE_LOOP('',(#1682,#1690,#1696,#1697));
#1682 = ORIENTED_EDGE('',*,*,#1683,.T.);
#1683 = EDGE_CURVE('',#786,#1684,#1686,.T.);
#1684 = VERTEX_POINT('',#1685);
#1685 = CARTESIAN_POINT('',(5.,15.5,45.));
#1686 = LINE('',#1687,#1688);
#1687 = CARTESIAN_POINT('',(5.,13.5,45.));
#1688 = VECTOR('',#1689,1.);
#1689 = DIRECTION('',(0.,-1.,0.));
#1690 = ORIENTED_EDGE('',*,*,#1691,.F.);
#1691 = EDGE_CURVE('',#1637,#1684,#1692,.T.);
#1692 = LINE('',#1693,#1694);
#1693 = CARTESIAN_POINT('',(5.,15.5,41.5));
#1694 = VECTOR('',#1695,1.);
#1695 = DIRECTION('',(0.,1.1E-16,1.));
#1696 = ORIENTED_EDGE('',*,*,#1644,.T.);
#1697 = ORIENTED_EDGE('',*,*,#785,.T.);
#1698 = PLANE('',#1699);
#1699 = AXIS2_PLACEMENT_3D('',#1700,#1701,#1702);
#1700 = CARTESIAN_POINT('',(5.,13.5,33.));
#1701 = DIRECTION('',(1.,0.,0.));
#1702 = DIRECTION('',(0.,0.,1.));
#1703 = ADVANCED_FACE('',(#1704),#1722,.T.);
#1704 = FACE_BOUND('',#1705,.T.);
#1705 = EDGE_LOOP('',(#1706,#1714,#1720,#1721));
#1706 = ORIENTED_EDGE('',*,*,#1707,.F.);
#1707 = EDGE_CURVE('',#1708,#847,#1710,.T.);
#1708 = VERTEX_POINT('',#1709);
#1709 = CARTESIAN_POINT('',(-17.,15.5,55.));
#1710 = LINE('',#1711,#1712);
#1711 = CARTESIAN_POINT('',(-17.,13.5,55.));
#1712 = VECTOR('',#1713,1.);
#1713 = DIRECTION('',(0.,1.,0.));
#1714 = ORIENTED_EDGE('',*,*,#1715,.F.);
#1715 = EDGE_CURVE('',#1660,#1708,#1716,.T.);
#1716 = LINE('',#1717,#1718);
#1717 = CARTESIAN_POINT('',(-17.,15.5,47.5));
#1718 = VECTOR('',#1719,1.);
#1719 = DIRECTION('',(0.,1.1E-16,1.));
#1720 = ORIENTED_EDGE('',*,*,#1659,.T.);
#1721 = ORIENTED_EDGE('',*,*,#853,.T.);
#1722 = PLANE('',#1723);
#1723 = AXIS2_PLACEMENT_3D('',#1724,#1725,#1726);
#1724 = CARTESIAN_POINT('',(-17.,13.5,45.));
#1725 = DIRECTION('',(1.,0.,0.));
#1726 = DIRECTION('',(0.,0.,1.));
#1727 = ADVANCED_FACE('',(#1728),#1746,.T.);
#1728 = FACE_BOUND('',#1729,.T.);
#1729 = EDGE_LOOP('',(#1730,#1738,#1744,#1745));
#1730 = ORIENTED_EDGE('',*,*,#1731,.F.);
#1731 = EDGE_CURVE('',#1732,#1684,#1734,.T.);
#1732 = VERTEX_POINT('',#1733);
#1733 = CARTESIAN_POINT('',(17.,15.5,45.));
#1734 = LINE('',#1735,#1736);
#1735 = CARTESIAN_POINT('',(-8.5,15.5,45.));
#1736 = VECTOR('',#1737,1.);
#1737 = DIRECTION('',(-1.,0.,0.));
#1738 = ORIENTED_EDGE('',*,*,#1739,.T.);
#1739 = EDGE_CURVE('',#1732,#796,#1740,.T.);
#1740 = LINE('',#1741,#1742);
#1741 = CARTESIAN_POINT('',(17.,13.5,45.));
#1742 = VECTOR('',#1743,1.);
#1743 = DIRECTION('',(0.,1.,0.));
#1744 = ORIENTED_EDGE('',*,*,#795,.F.);
#1745 = ORIENTED_EDGE('',*,*,#1683,.T.);
#1746 = PLANE('',#1747);
#1747 = AXIS2_PLACEMENT_3D('',#1748,#1749,#1750);
#1748 = CARTESIAN_POINT('',(-17.,13.5,45.));
#1749 = DIRECTION('',(0.,0.,1.));
#1750 = DIRECTION('',(1.,0.,0.));
#1751 = ADVANCED_FACE('',(#1752),#1770,.F.);
#1752 = FACE_BOUND('',#1753,.F.);
#1753 = EDGE_LOOP('',(#1754,#1755,#1763,#1769));
#1754 = ORIENTED_EDGE('',*,*,#1707,.F.);
#1755 = ORIENTED_EDGE('',*,*,#1756,.F.);
#1756 = EDGE_CURVE('',#1757,#1708,#1759,.T.);
#1757 = VERTEX_POINT('',#1758);
#1758 = CARTESIAN_POINT('',(-5.,15.5,55.));
#1759 = LINE('',#1760,#1761);
#1760 = CARTESIAN_POINT('',(-8.5,15.5,55.));
#1761 = VECTOR('',#1762,1.);
#1762 = DIRECTION('',(-1.,0.,0.));
#1763 = ORIENTED_EDGE('',*,*,#1764,.F.);
#1764 = EDGE_CURVE('',#837,#1757,#1765,.T.);
#1765 = LINE('',#1766,#1767);
#1766 = CARTESIAN_POINT('',(-5.,13.5,55.));
#1767 = VECTOR('',#1768,1.);
#1768 = DIRECTION('',(0.,-1.,0.));
#1769 = ORIENTED_EDGE('',*,*,#846,.F.);
#1770 = PLANE('',#1771);
#1771 = AXIS2_PLACEMENT_3D('',#1772,#1773,#1774);
#1772 = CARTESIAN_POINT('',(-17.,13.5,55.));
#1773 = DIRECTION('',(0.,0.,1.));
#1774 = DIRECTION('',(1.,0.,0.));
#1775 = ADVANCED_FACE('',(#1776),#1794,.F.);
#1776 = FACE_BOUND('',#1777,.F.);
#1777 = EDGE_LOOP('',(#1778,#1786,#1792,#1793));
#1778 = ORIENTED_EDGE('',*,*,#1779,.F.);
#1779 = EDGE_CURVE('',#1780,#803,#1782,.T.);
#1780 = VERTEX_POINT('',#1781);
#1781 = CARTESIAN_POINT('',(17.,15.5,55.));
#1782 = LINE('',#1783,#1784);
#1783 = CARTESIAN_POINT('',(17.,13.5,55.));
#1784 = VECTOR('',#1785,1.);
#1785 = DIRECTION('',(0.,1.,0.));
#1786 = ORIENTED_EDGE('',*,*,#1787,.F.);
#1787 = EDGE_CURVE('',#1732,#1780,#1788,.T.);
#1788 = LINE('',#1789,#1790);
#1789 = CARTESIAN_POINT('',(17.,15.5,47.5));
#1790 = VECTOR('',#1791,1.);
#1791 = DIRECTION('',(0.,1.1E-16,1.));
#1792 = ORIENTED_EDGE('',*,*,#1739,.T.);
#1793 = ORIENTED_EDGE('',*,*,#802,.T.);
#1794 = PLANE('',#1795);
#1795 = AXIS2_PLACEMENT_3D('',#1796,#1797,#1798);
#1796 = CARTESIAN_POINT('',(17.,13.5,45.));
#1797 = DIRECTION('',(1.,0.,0.));
#1798 = DIRECTION('',(0.,0.,1.));
#1799 = ADVANCED_FACE('',(#1800),#1818,.T.);
#1800 = FACE_BOUND('',#1801,.T.);
#1801 = EDGE_LOOP('',(#1802,#1810,#1816,#1817));
#1802 = ORIENTED_EDGE('',*,*,#1803,.F.);
#1803 = EDGE_CURVE('',#1804,#830,#1806,.T.);
#1804 = VERTEX_POINT('',#1805);
#1805 = CARTESIAN_POINT('',(-5.,15.5,67.));
#1806 = LINE('',#1807,#1808);
#1807 = CARTESIAN_POINT('',(-5.,13.5,67.));
#1808 = VECTOR('',#1809,1.);
#1809 = DIRECTION('',(0.,1.,0.));
#1810 = ORIENTED_EDGE('',*,*,#1811,.F.);
#1811 = EDGE_CURVE('',#1757,#1804,#1812,.T.);
#1812 = LINE('',#1813,#1814);
#1813 = CARTESIAN_POINT('',(-5.,15.5,41.5));
#1814 = VECTOR('',#1815,1.);
#1815 = DIRECTION('',(0.,1.1E-16,1.));
#1816 = ORIENTED_EDGE('',*,*,#1764,.F.);
#1817 = ORIENTED_EDGE('',*,*,#836,.T.);
#1818 = PLANE('',#1819);
#1819 = AXIS2_PLACEMENT_3D('',#1820,#1821,#1822);
#1820 = CARTESIAN_POINT('',(-5.,13.5,33.));
#1821 = DIRECTION('',(1.,0.,0.));
#1822 = DIRECTION('',(0.,0.,1.));
#1823 = ADVANCED_FACE('',(#1824),#1842,.F.);
#1824 = FACE_BOUND('',#1825,.F.);
#1825 = EDGE_LOOP('',(#1826,#1834,#1835,#1836));
#1826 = ORIENTED_EDGE('',*,*,#1827,.F.);
#1827 = EDGE_CURVE('',#1780,#1828,#1830,.T.);
#1828 = VERTEX_POINT('',#1829);
#1829 = CARTESIAN_POINT('',(5.,15.5,55.));
#1830 = LINE('',#1831,#1832);
#1831 = CARTESIAN_POINT('',(-8.5,15.5,55.));
#1832 = VECTOR('',#1833,1.);
#1833 = DIRECTION('',(-1.,0.,0.));
#1834 = ORIENTED_EDGE('',*,*,#1779,.T.);
#1835 = ORIENTED_EDGE('',*,*,#812,.F.);
#1836 = ORIENTED_EDGE('',*,*,#1837,.T.);
#1837 = EDGE_CURVE('',#813,#1828,#1838,.T.);
#1838 = LINE('',#1839,#1840);
#1839 = CARTESIAN_POINT('',(5.,13.5,55.));
#1840 = VECTOR('',#1841,1.);
#1841 = DIRECTION('',(0.,-1.,0.));
#1842 = PLANE('',#1843);
#1843 = AXIS2_PLACEMENT_3D('',#1844,#1845,#1846);
#1844 = CARTESIAN_POINT('',(-17.,13.5,55.));
#1845 = DIRECTION('',(0.,0.,1.));
#1846 = DIRECTION('',(1.,0.,0.));
#1847 = ADVANCED_FACE('',(#1848),#1866,.F.);
#1848 = FACE_BOUND('',#1849,.F.);
#1849 = EDGE_LOOP('',(#1850,#1851,#1859,#1865));
#1850 = ORIENTED_EDGE('',*,*,#1803,.F.);
#1851 = ORIENTED_EDGE('',*,*,#1852,.F.);
#1852 = EDGE_CURVE('',#1853,#1804,#1855,.T.);
#1853 = VERTEX_POINT('',#1854);
#1854 = CARTESIAN_POINT('',(5.,15.5,67.));
#1855 = LINE('',#1856,#1857);
#1856 = CARTESIAN_POINT('',(-2.5,15.5,67.));
#1857 = VECTOR('',#1858,1.);
#1858 = DIRECTION('',(-1.,0.,0.));
#1859 = ORIENTED_EDGE('',*,*,#1860,.T.);
#1860 = EDGE_CURVE('',#1853,#820,#1861,.T.);
#1861 = LINE('',#1862,#1863);
#1862 = CARTESIAN_POINT('',(5.,13.5,67.));
#1863 = VECTOR('',#1864,1.);
#1864 = DIRECTION('',(0.,1.,0.));
#1865 = ORIENTED_EDGE('',*,*,#829,.F.);
#1866 = PLANE('',#1867);
#1867 = AXIS2_PLACEMENT_3D('',#1868,#1869,#1870);
#1868 = CARTESIAN_POINT('',(-5.,13.5,67.));
#1869 = DIRECTION('',(0.,0.,1.));
#1870 = DIRECTION('',(1.,0.,0.));
#1871 = ADVANCED_FACE('',(#1872),#1883,.F.);
#1872 = FACE_BOUND('',#1873,.F.);
#1873 = EDGE_LOOP('',(#1874,#1875,#1881,#1882));
#1874 = ORIENTED_EDGE('',*,*,#1860,.F.);
#1875 = ORIENTED_EDGE('',*,*,#1876,.F.);
#1876 = EDGE_CURVE('',#1828,#1853,#1877,.T.);
#1877 = LINE('',#1878,#1879);
#1878 = CARTESIAN_POINT('',(5.,15.5,41.5));
#1879 = VECTOR('',#1880,1.);
#1880 = DIRECTION('',(0.,1.1E-16,1.));
#1881 = ORIENTED_EDGE('',*,*,#1837,.F.);
#1882 = ORIENTED_EDGE('',*,*,#819,.T.);
#1883 = PLANE('',#1884);
#1884 = AXIS2_PLACEMENT_3D('',#1885,#1886,#1887);
#1885 = CARTESIAN_POINT('',(5.,13.5,33.));
#1886 = DIRECTION('',(1.,0.,0.));
#1887 = DIRECTION('',(0.,0.,1.));
#1888 = ADVANCED_FACE('',(#1889),#1905,.T.);
#1889 = FACE_BOUND('',#1890,.T.);
#1890 = EDGE_LOOP('',(#1891,#1897,#1898,#1904));
#1891 = ORIENTED_EDGE('',*,*,#1892,.F.);
#1892 = EDGE_CURVE('',#1329,#873,#1893,.T.);
#1893 = LINE('',#1894,#1895);
#1894 = CARTESIAN_POINT('',(-27.,12.5,35.));
#1895 = VECTOR('',#1896,1.);
#1896 = DIRECTION('',(0.,1.,0.));
#1897 = ORIENTED_EDGE('',*,*,#1336,.T.);
#1898 = ORIENTED_EDGE('',*,*,#1899,.T.);
#1899 = EDGE_CURVE('',#1337,#871,#1900,.T.);
#1900 = LINE('',#1901,#1902);
#1901 = CARTESIAN_POINT('',(-27.,12.5,26.));
#1902 = VECTOR('',#1903,1.);
#1903 = DIRECTION('',(0.,1.,0.));
#1904 = ORIENTED_EDGE('',*,*,#870,.T.);
#1905 = PLANE('',#1906);
#1906 = AXIS2_PLACEMENT_3D('',#1907,#1908,#1909);
#1907 = CARTESIAN_POINT('',(-27.,12.5,26.));
#1908 = DIRECTION('',(1.,0.,0.));
#1909 = DIRECTION('',(0.,0.,1.));
#1910 = ADVANCED_FACE('',(#1911),#1922,.T.);
#1911 = FACE_BOUND('',#1912,.T.);
#1912 = EDGE_LOOP('',(#1913,#1914,#1915,#1921));
#1913 = ORIENTED_EDGE('',*,*,#1899,.F.);
#1914 = ORIENTED_EDGE('',*,*,#1344,.T.);
#1915 = ORIENTED_EDGE('',*,*,#1916,.T.);
#1916 = EDGE_CURVE('',#1262,#883,#1917,.T.);
#1917 = LINE('',#1918,#1919);
#1918 = CARTESIAN_POINT('',(-12.,12.5,26.));
#1919 = VECTOR('',#1920,1.);
#1920 = DIRECTION('',(0.,1.,0.));
#1921 = ORIENTED_EDGE('',*,*,#882,.F.);
#1922 = PLANE('',#1923);
#1923 = AXIS2_PLACEMENT_3D('',#1924,#1925,#1926);
#1924 = CARTESIAN_POINT('',(-27.,12.5,26.));
#1925 = DIRECTION('',(0.,0.,1.));
#1926 = DIRECTION('',(1.,0.,0.));
#1927 = ADVANCED_FACE('',(#1928),#1955,.F.);
#1928 = FACE_BOUND('',#1929,.F.);
#1929 = EDGE_LOOP('',(#1930,#1931,#1932,#1940,#1948,#1954));
#1930 = ORIENTED_EDGE('',*,*,#1892,.F.);
#1931 = ORIENTED_EDGE('',*,*,#1328,.T.);
#1932 = ORIENTED_EDGE('',*,*,#1933,.F.);
#1933 = EDGE_CURVE('',#1934,#1320,#1936,.T.);
#1934 = VERTEX_POINT('',#1935);
#1935 = CARTESIAN_POINT('',(-16.09347693943,15.5,35.));
#1936 = LINE('',#1937,#1938);
#1937 = CARTESIAN_POINT('',(-16.09347693943,15.5,35.));
#1938 = VECTOR('',#1939,1.);
#1939 = DIRECTION('',(0.,-1.,1.1E-16));
#1940 = ORIENTED_EDGE('',*,*,#1941,.F.);
#1941 = EDGE_CURVE('',#1942,#1934,#1944,.T.);
#1942 = VERTEX_POINT('',#1943);
#1943 = CARTESIAN_POINT('',(-12.,15.5,35.));
#1944 = LINE('',#1945,#1946);
#1945 = CARTESIAN_POINT('',(-13.5,15.5,35.));
#1946 = VECTOR('',#1947,1.);
#1947 = DIRECTION('',(-1.,0.,0.));
#1948 = ORIENTED_EDGE('',*,*,#1949,.T.);
#1949 = EDGE_CURVE('',#1942,#890,#1950,.T.);
#1950 = LINE('',#1951,#1952);
#1951 = CARTESIAN_POINT('',(-12.,12.5,35.));
#1952 = VECTOR('',#1953,1.);
#1953 = DIRECTION('',(0.,1.,0.));
#1954 = ORIENTED_EDGE('',*,*,#899,.F.);
#1955 = PLANE('',#1956);
#1956 = AXIS2_PLACEMENT_3D('',#1957,#1958,#1959);
#1957 = CARTESIAN_POINT('',(-27.,12.5,35.));
#1958 = DIRECTION('',(0.,0.,1.));
#1959 = DIRECTION('',(1.,0.,0.));
#1960 = ADVANCED_FACE('',(#1961),#1981,.F.);
#1961 = FACE_BOUND('',#1962,.F.);
#1962 = EDGE_LOOP('',(#1963,#1964,#1972,#1978,#1979,#1980));
#1963 = ORIENTED_EDGE('',*,*,#1949,.F.);
#1964 = ORIENTED_EDGE('',*,*,#1965,.F.);
#1965 = EDGE_CURVE('',#1966,#1942,#1968,.T.);
#1966 = VERTEX_POINT('',#1967);
#1967 = CARTESIAN_POINT('',(-12.,15.5,31.560911085414));
#1968 = LINE('',#1969,#1970);
#1969 = CARTESIAN_POINT('',(-12.,15.5,38.));
#1970 = VECTOR('',#1971,1.);
#1971 = DIRECTION('',(0.,1.1E-16,1.));
#1972 = ORIENTED_EDGE('',*,*,#1973,.T.);
#1973 = EDGE_CURVE('',#1966,#1260,#1974,.T.);
#1974 = LINE('',#1975,#1976);
#1975 = CARTESIAN_POINT('',(-12.,15.5,31.560911085414));
#1976 = VECTOR('',#1977,1.);
#1977 = DIRECTION('',(0.,-1.,1.1E-16));
#1978 = ORIENTED_EDGE('',*,*,#1259,.T.);
#1979 = ORIENTED_EDGE('',*,*,#1916,.T.);
#1980 = ORIENTED_EDGE('',*,*,#889,.T.);
#1981 = PLANE('',#1982);
#1982 = AXIS2_PLACEMENT_3D('',#1983,#1984,#1985);
#1983 = CARTESIAN_POINT('',(-12.,12.5,26.));
#1984 = DIRECTION('',(1.,0.,0.));
#1985 = DIRECTION('',(0.,0.,1.));
#1986 = ADVANCED_FACE('',(#1987),#2003,.T.);
#1987 = FACE_BOUND('',#1988,.T.);
#1988 = EDGE_LOOP('',(#1989,#1995,#1996,#2002));
#1989 = ORIENTED_EDGE('',*,*,#1990,.F.);
#1990 = EDGE_CURVE('',#1226,#909,#1991,.T.);
#1991 = LINE('',#1992,#1993);
#1992 = CARTESIAN_POINT('',(-27.,12.5,85.));
#1993 = VECTOR('',#1994,1.);
#1994 = DIRECTION('',(0.,1.,0.));
#1995 = ORIENTED_EDGE('',*,*,#1235,.T.);
#1996 = ORIENTED_EDGE('',*,*,#1997,.T.);
#1997 = EDGE_CURVE('',#1236,#907,#1998,.T.);
#1998 = LINE('',#1999,#2000);
#1999 = CARTESIAN_POINT('',(-27.,12.5,76.));
#2000 = VECTOR('',#2001,1.);
#2001 = DIRECTION('',(0.,1.,0.));
#2002 = ORIENTED_EDGE('',*,*,#906,.T.);
#2003 = PLANE('',#2004);
#2004 = AXIS2_PLACEMENT_3D('',#2005,#2006,#2007);
#2005 = CARTESIAN_POINT('',(-27.,12.5,76.));
#2006 = DIRECTION('',(1.,0.,0.));
#2007 = DIRECTION('',(0.,0.,1.));
#2008 = ADVANCED_FACE('',(#2009),#2020,.T.);
#2009 = FACE_BOUND('',#2010,.T.);
#2010 = EDGE_LOOP('',(#2011,#2012,#2013,#2019));
#2011 = ORIENTED_EDGE('',*,*,#1997,.F.);
#2012 = ORIENTED_EDGE('',*,*,#1243,.T.);
#2013 = ORIENTED_EDGE('',*,*,#2014,.T.);
#2014 = EDGE_CURVE('',#1244,#919,#2015,.T.);
#2015 = LINE('',#2016,#2017);
#2016 = CARTESIAN_POINT('',(-12.,12.5,76.));
#2017 = VECTOR('',#2018,1.);
#2018 = DIRECTION('',(0.,1.,0.));
#2019 = ORIENTED_EDGE('',*,*,#918,.F.);
#2020 = PLANE('',#2021);
#2021 = AXIS2_PLACEMENT_3D('',#2022,#2023,#2024);
#2022 = CARTESIAN_POINT('',(-27.,12.5,76.));
#2023 = DIRECTION('',(0.,0.,1.));
#2024 = DIRECTION('',(1.,0.,0.));
#2025 = ADVANCED_FACE('',(#2026),#2037,.F.);
#2026 = FACE_BOUND('',#2027,.F.);
#2027 = EDGE_LOOP('',(#2028,#2029,#2030,#2036));
#2028 = ORIENTED_EDGE('',*,*,#1990,.F.);
#2029 = ORIENTED_EDGE('',*,*,#1225,.T.);
#2030 = ORIENTED_EDGE('',*,*,#2031,.T.);
#2031 = EDGE_CURVE('',#1228,#926,#2032,.T.);
#2032 = LINE('',#2033,#2034);
#2033 = CARTESIAN_POINT('',(-12.,12.5,85.));
#2034 = VECTOR('',#2035,1.);
#2035 = DIRECTION('',(0.,1.,0.));
#2036 = ORIENTED_EDGE('',*,*,#935,.F.);
#2037 = PLANE('',#2038);
#2038 = AXIS2_PLACEMENT_3D('',#2039,#2040,#2041);
#2039 = CARTESIAN_POINT('',(-27.,12.5,85.));
#2040 = DIRECTION('',(0.,0.,1.));
#2041 = DIRECTION('',(1.,0.,0.));
#2042 = ADVANCED_FACE('',(#2043),#2049,.F.);
#2043 = FACE_BOUND('',#2044,.F.);
#2044 = EDGE_LOOP('',(#2045,#2046,#2047,#2048));
#2045 = ORIENTED_EDGE('',*,*,#2031,.F.);
#2046 = ORIENTED_EDGE('',*,*,#1251,.T.);
#2047 = ORIENTED_EDGE('',*,*,#2014,.T.);
#2048 = ORIENTED_EDGE('',*,*,#925,.T.);
#2049 = PLANE('',#2050);
#2050 = AXIS2_PLACEMENT_3D('',#2051,#2052,#2053);
#2051 = CARTESIAN_POINT('',(-12.,12.5,76.));
#2052 = DIRECTION('',(1.,0.,0.));
#2053 = DIRECTION('',(0.,0.,1.));
#2054 = ADVANCED_FACE('',(#2055),#2074,.F.);
#2055 = FACE_BOUND('',#2056,.F.);
#2056 = EDGE_LOOP('',(#2057,#2058,#2066,#2073));
#2057 = ORIENTED_EDGE('',*,*,#1319,.F.);
#2058 = ORIENTED_EDGE('',*,*,#2059,.F.);
#2059 = EDGE_CURVE('',#2060,#1311,#2062,.T.);
#2060 = VERTEX_POINT('',#2061);
#2061 = CARTESIAN_POINT('',(22.,15.5,50.));
#2062 = LINE('',#2063,#2064);
#2063 = CARTESIAN_POINT('',(22.,15.5,50.));
#2064 = VECTOR('',#2065,1.);
#2065 = DIRECTION('',(0.,-1.,0.));
#2066 = ORIENTED_EDGE('',*,*,#2067,.T.);
#2067 = EDGE_CURVE('',#2060,#1934,#2068,.T.);
#2068 = CIRCLE('',#2069,22.);
#2069 = AXIS2_PLACEMENT_3D('',#2070,#2071,#2072);
#2070 = CARTESIAN_POINT('',(0.,15.5,50.));
#2071 = DIRECTION('',(0.,-1.,0.));
#2072 = DIRECTION('',(1.,0.,0.));
#2073 = ORIENTED_EDGE('',*,*,#1933,.T.);
#2074 = CYLINDRICAL_SURFACE('',#2075,22.);
#2075 = AXIS2_PLACEMENT_3D('',#2076,#2077,#2078);
#2076 = CARTESIAN_POINT('',(0.,15.5,50.));
#2077 = DIRECTION('',(0.,-1.,0.));
#2078 = DIRECTION('',(1.,0.,0.));
#2079 = ADVANCED_FACE('',(#2080),#2092,.F.);
#2080 = FACE_BOUND('',#2081,.F.);
#2081 = EDGE_LOOP('',(#2082,#2089,#2090,#2091));
#2082 = ORIENTED_EDGE('',*,*,#2083,.T.);
#2083 = EDGE_CURVE('',#1546,#2060,#2084,.T.);
#2084 = CIRCLE('',#2085,22.);
#2085 = AXIS2_PLACEMENT_3D('',#2086,#2087,#2088);
#2086 = CARTESIAN_POINT('',(0.,15.5,50.));
#2087 = DIRECTION('',(0.,-1.,0.));
#2088 = DIRECTION('',(1.,0.,0.));
#2089 = ORIENTED_EDGE('',*,*,#2059,.T.);
#2090 = ORIENTED_EDGE('',*,*,#1310,.F.);
#2091 = ORIENTED_EDGE('',*,*,#1553,.F.);
#2092 = CYLINDRICAL_SURFACE('',#2093,22.);
#2093 = AXIS2_PLACEMENT_3D('',#2094,#2095,#2096);
#2094 = CARTESIAN_POINT('',(0.,15.5,50.));
#2095 = DIRECTION('',(0.,-1.,0.));
#2096 = DIRECTION('',(1.,0.,0.));
#2097 = ADVANCED_FACE('',(#2098),#2110,.F.);
#2098 = FACE_BOUND('',#2099,.F.);
#2099 = EDGE_LOOP('',(#2100,#2107,#2108,#2109));
#2100 = ORIENTED_EDGE('',*,*,#2101,.T.);
#2101 = EDGE_CURVE('',#1966,#1515,#2102,.T.);
#2102 = CIRCLE('',#2103,22.);
#2103 = AXIS2_PLACEMENT_3D('',#2104,#2105,#2106);
#2104 = CARTESIAN_POINT('',(0.,15.5,50.));
#2105 = DIRECTION('',(0.,-1.,0.));
#2106 = DIRECTION('',(1.,0.,0.));
#2107 = ORIENTED_EDGE('',*,*,#1522,.T.);
#2108 = ORIENTED_EDGE('',*,*,#1269,.F.);
#2109 = ORIENTED_EDGE('',*,*,#1973,.F.);
#2110 = CYLINDRICAL_SURFACE('',#2111,22.);
#2111 = AXIS2_PLACEMENT_3D('',#2112,#2113,#2114);
#2112 = CARTESIAN_POINT('',(0.,15.5,50.));
#2113 = DIRECTION('',(0.,-1.,0.));
#2114 = DIRECTION('',(1.,0.,0.));
#2115 = ADVANCED_FACE('',(#2116,#2125),#2139,.T.);
#2116 = FACE_BOUND('',#2117,.T.);
#2117 = EDGE_LOOP('',(#2118,#2119,#2120,#2121,#2122,#2123,#2124));
#2118 = ORIENTED_EDGE('',*,*,#1965,.F.);
#2119 = ORIENTED_EDGE('',*,*,#2101,.T.);
#2120 = ORIENTED_EDGE('',*,*,#1514,.T.);
#2121 = ORIENTED_EDGE('',*,*,#1545,.F.);
#2122 = ORIENTED_EDGE('',*,*,#2083,.T.);
#2123 = ORIENTED_EDGE('',*,*,#2067,.T.);
#2124 = ORIENTED_EDGE('',*,*,#1941,.F.);
#2125 = FACE_BOUND('',#2126,.T.);
#2126 = EDGE_LOOP('',(#2127,#2128,#2129,#2130,#2131,#2132,#2133,#2134,
    #2135,#2136,#2137,#2138));
#2127 = ORIENTED_EDGE('',*,*,#1691,.F.);
#2128 = ORIENTED_EDGE('',*,*,#1636,.T.);
#2129 = ORIENTED_EDGE('',*,*,#1612,.T.);
#2130 = ORIENTED_EDGE('',*,*,#1667,.T.);
#2131 = ORIENTED_EDGE('',*,*,#1715,.T.);
#2132 = ORIENTED_EDGE('',*,*,#1756,.F.);
#2133 = ORIENTED_EDGE('',*,*,#1811,.T.);
#2134 = ORIENTED_EDGE('',*,*,#1852,.F.);
#2135 = ORIENTED_EDGE('',*,*,#1876,.F.);
#2136 = ORIENTED_EDGE('',*,*,#1827,.F.);
#2137 = ORIENTED_EDGE('',*,*,#1787,.F.);
#2138 = ORIENTED_EDGE('',*,*,#1731,.T.);
#2139 = PLANE('',#2140);
#2140 = AXIS2_PLACEMENT_3D('',#2141,#2142,#2143);
#2141 = CARTESIAN_POINT('',(0.,15.5,50.));
#2142 = DIRECTION('',(0.,-1.,0.));
#2143 = DIRECTION('',(1.,0.,0.));
#2144 = ( GEOMETRIC_REPRESENTATION_CONTEXT(3) 
GLOBAL_UNCERTAINTY_ASSIGNED_CONTEXT((#2148)) 
GLOBAL_UNIT_ASSIGNED_CONTEXT((#2145,#2146,#2147)) REPRESENTATION_CONTEXT
('Context #1','3D Context with UNIT and UNCERTAINTY') );
#2145 = ( LENGTH_UNIT() NAMED_UNIT(*) SI_UNIT(.MILLI.,.METRE.) );
#2146 = ( NAMED_UNIT(*) PLANE_ANGLE_UNIT() SI_UNIT($,.RADIAN.) );
#2147 = ( NAMED_UNIT(*) SI_UNIT($,.STERADIAN.) SOLID_ANGLE_UNIT() );
#2148 = UNCERTAINTY_MEASURE_WITH_UNIT(LENGTH_MEASURE(2.E-06),#2145,
  'distance_accuracy_value','confusion accuracy');
#2149 = CONTEXT_DEPENDENT_SHAPE_REPRESENTATION(#2150,#2152);
#2150 = ( REPRESENTATION_RELATIONSHIP('','',#236,#10) 
REPRESENTATION_RELATIONSHIP_WITH_TRANSFORMATION(#2151) 
SHAPE_REPRESENTATION_RELATIONSHIP() );
#2151 = ITEM_DEFINED_TRANSFORMATION('','',#11,#15);
#2152 = PRODUCT_DEFINITION_SHAPE('Placement','Placement of an item',
  #2153);
#2153 = NEXT_ASSEMBLY_USAGE_OCCURRENCE('53','Front_Housing_Shell','',#5,
  #231,$);
#2154 = PRODUCT_RELATED_PRODUCT_CATEGORY('part',$,(#233));
#2155 = SHAPE_DEFINITION_REPRESENTATION(#2156,#2162);
#2156 = PRODUCT_DEFINITION_SHAPE('','',#2157);
#2157 = PRODUCT_DEFINITION('design','',#2158,#2161);
#2158 = PRODUCT_DEFINITION_FORMATION('','',#2159);
#2159 = PRODUCT('Rear_Housing_Shell','Rear_Housing_Shell','',(#2160));
#2160 = PRODUCT_CONTEXT('',#2,'mechanical');
#2161 = PRODUCT_DEFINITION_CONTEXT('part definition',#2,'design');
#2162 = SHAPE_REPRESENTATION('',(#11,#2163,#3930,#4492),#5026);
#2163 = MANIFOLD_SOLID_BREP('',#2164);
#2164 = CLOSED_SHELL('',(#2165,#2342,#2535,#2598,#2802,#2890,#2978,#3093
    ,#3111,#3142,#3158,#3180,#3206,#3224,#3236,#3268,#3292,#3324,#3349,
    #3373,#3398,#3423,#3448,#3473,#3498,#3523,#3548,#3565,#3582,#3594,
    #3606,#3626,#3646,#3666,#3686,#3706,#3726,#3751,#3776,#3801,#3826,
    #3851,#3876,#3885,#3894,#3903,#3912,#3921));
#2165 = ADVANCED_FACE('',(#2166,#2249),#2337,.T.);
#2166 = FACE_BOUND('',#2167,.T.);
#2167 = EDGE_LOOP('',(#2168,#2189,#2197,#2216,#2223,#2230,#2237,#2244));
#2168 = ORIENTED_EDGE('',*,*,#2169,.F.);
#2169 = EDGE_CURVE('',#2170,#2172,#2174,.T.);
#2170 = VERTEX_POINT('',#2171);
#2171 = CARTESIAN_POINT('',(-30.00205605014,-17.5,0.));
#2172 = VERTEX_POINT('',#2173);
#2173 = CARTESIAN_POINT('',(-27.50205605014,-15.,95.471148242564));
#2174 = B_SPLINE_CURVE_WITH_KNOTS('',5,(#2175,#2176,#2177,#2178,#2179,
    #2180,#2181,#2182,#2183,#2184,#2185,#2186,#2187,#2188),
  .UNSPECIFIED.,.F.,.F.,(6,4,4,6),(-10.56038725461,0.156954102902,
    175.27691092512,185.99425228264),.UNSPECIFIED.);
#2175 = CARTESIAN_POINT('',(-30.28250727015,-17.78045122,-10.71));
#2176 = CARTESIAN_POINT('',(-30.22641702615,-17.724360976,-8.568));
#2177 = CARTESIAN_POINT('',(-30.17032678215,-17.668270732,-6.426));
#2178 = CARTESIAN_POINT('',(-30.11423653814,-17.612180488,-4.284));
#2179 = CARTESIAN_POINT('',(-30.05814629414,-17.556090244,-2.142));
#2180 = CARTESIAN_POINT('',(-29.08554879522,-16.58349274507,35.));
#2181 = CARTESIAN_POINT('',(-28.1690415403,-15.66698549015,70.));
#2182 = CARTESIAN_POINT('',(-27.25253428538,-14.75047823523,105.));
#2183 = CARTESIAN_POINT('',(-26.33602703046,-13.83397098031,140.));
#2184 = CARTESIAN_POINT('',(-25.36342953153,-12.86137348139,177.142));
#2185 = CARTESIAN_POINT('',(-25.30733928753,-12.80528323739,179.284));
#2186 = CARTESIAN_POINT('',(-25.25124904353,-12.74919299338,181.426));
#2187 = CARTESIAN_POINT('',(-25.19515879953,-12.69310274938,183.568));
#2188 = CARTESIAN_POINT('',(-25.13906855553,-12.63701250538,185.71));
#2189 = ORIENTED_EDGE('',*,*,#2190,.T.);
#2190 = EDGE_CURVE('',#2170,#2191,#2193,.T.);
#2191 = VERTEX_POINT('',#2192);
#2192 = CARTESIAN_POINT('',(30.002056050147,-17.5,0.));
#2193 = LINE('',#2194,#2195);
#2194 = CARTESIAN_POINT('',(-36.,-17.5,0.));
#2195 = VECTOR('',#2196,1.);
#2196 = DIRECTION('',(1.,0.,0.));
#2197 = ORIENTED_EDGE('',*,*,#2198,.T.);
#2198 = EDGE_CURVE('',#2191,#2199,#2201,.T.);
#2199 = VERTEX_POINT('',#2200);
#2200 = CARTESIAN_POINT('',(27.502056050147,-15.,95.471148242564));
#2201 = B_SPLINE_CURVE_WITH_KNOTS('',5,(#2202,#2203,#2204,#2205,#2206,
    #2207,#2208,#2209,#2210,#2211,#2212,#2213,#2214,#2215),
  .UNSPECIFIED.,.F.,.F.,(6,4,4,6),(-10.56038725461,0.156954102902,
    175.27691092512,185.99425228264),.UNSPECIFIED.);
#2202 = CARTESIAN_POINT('',(30.282507270153,-17.78045122,-10.71));
#2203 = CARTESIAN_POINT('',(30.226417026151,-17.724360976,-8.568));
#2204 = CARTESIAN_POINT('',(30.17032678215,-17.668270732,-6.426));
#2205 = CARTESIAN_POINT('',(30.114236538149,-17.612180488,-4.284));
#2206 = CARTESIAN_POINT('',(30.058146294148,-17.556090244,-2.142));
#2207 = CARTESIAN_POINT('',(29.085548795225,-16.58349274507,35.));
#2208 = CARTESIAN_POINT('',(28.169041540304,-15.66698549015,70.));
#2209 = CARTESIAN_POINT('',(27.252534285382,-14.75047823523,105.));
#2210 = CARTESIAN_POINT('',(26.33602703046,-13.83397098031,140.));
#2211 = CARTESIAN_POINT('',(25.363429531538,-12.86137348139,177.142));
#2212 = CARTESIAN_POINT('',(25.307339287537,-12.80528323739,179.284));
#2213 = CARTESIAN_POINT('',(25.251249043535,-12.74919299338,181.426));
#2214 = CARTESIAN_POINT('',(25.195158799534,-12.69310274938,183.568));
#2215 = CARTESIAN_POINT('',(25.139068555533,-12.63701250538,185.71));
#2216 = ORIENTED_EDGE('',*,*,#2217,.T.);
#2217 = EDGE_CURVE('',#2199,#2218,#2220,.T.);
#2218 = VERTEX_POINT('',#2219);
#2219 = CARTESIAN_POINT('',(18.999999999999,-15.,95.471148242564));
#2220 = B_SPLINE_CURVE_WITH_KNOTS('',1,(#2221,#2222),.UNSPECIFIED.,.F.,
  .F.,(2,2),(0.,1.),.PIECEWISE_BEZIER_KNOTS.);
#2221 = CARTESIAN_POINT('',(27.918580493886,-15.,95.471148242564));
#2222 = CARTESIAN_POINT('',(-27.91858049388,-15.,95.471148242564));
#2223 = ORIENTED_EDGE('',*,*,#2224,.T.);
#2224 = EDGE_CURVE('',#2218,#2225,#2227,.T.);
#2225 = VERTEX_POINT('',#2226);
#2226 = CARTESIAN_POINT('',(17.499999999999,-15.,95.471148242564));
#2227 = B_SPLINE_CURVE_WITH_KNOTS('',1,(#2228,#2229),.UNSPECIFIED.,.F.,
  .F.,(2,2),(0.,1.),.PIECEWISE_BEZIER_KNOTS.);
#2228 = CARTESIAN_POINT('',(27.918580493886,-15.,95.471148242564));
#2229 = CARTESIAN_POINT('',(-27.91858049388,-15.,95.471148242564));
#2230 = ORIENTED_EDGE('',*,*,#2231,.T.);
#2231 = EDGE_CURVE('',#2225,#2232,#2234,.T.);
#2232 = VERTEX_POINT('',#2233);
#2233 = CARTESIAN_POINT('',(-17.49999999999,-15.,95.471148242564));
#2234 = B_SPLINE_CURVE_WITH_KNOTS('',1,(#2235,#2236),.UNSPECIFIED.,.F.,
  .F.,(2,2),(0.,1.),.PIECEWISE_BEZIER_KNOTS.);
#2235 = CARTESIAN_POINT('',(27.918580493886,-15.,95.471148242564));
#2236 = CARTESIAN_POINT('',(-27.91858049388,-15.,95.471148242564));
#2237 = ORIENTED_EDGE('',*,*,#2238,.T.);
#2238 = EDGE_CURVE('',#2232,#2239,#2241,.T.);
#2239 = VERTEX_POINT('',#2240);
#2240 = CARTESIAN_POINT('',(-18.99999999999,-15.,95.471148242564));
#2241 = B_SPLINE_CURVE_WITH_KNOTS('',1,(#2242,#2243),.UNSPECIFIED.,.F.,
  .F.,(2,2),(0.,1.),.PIECEWISE_BEZIER_KNOTS.);
#2242 = CARTESIAN_POINT('',(27.918580493886,-15.,95.471148242564));
#2243 = CARTESIAN_POINT('',(-27.91858049388,-15.,95.471148242564));
#2244 = ORIENTED_EDGE('',*,*,#2245,.T.);
#2245 = EDGE_CURVE('',#2239,#2172,#2246,.T.);
#2246 = B_SPLINE_CURVE_WITH_KNOTS('',1,(#2247,#2248),.UNSPECIFIED.,.F.,
  .F.,(2,2),(0.,1.),.PIECEWISE_BEZIER_KNOTS.);
#2247 = CARTESIAN_POINT('',(27.918580493886,-15.,95.471148242564));
#2248 = CARTESIAN_POINT('',(-27.91858049388,-15.,95.471148242564));
#2249 = FACE_BOUND('',#2250,.T.);
#2250 = EDGE_LOOP('',(#2251,#2302));
#2251 = ORIENTED_EDGE('',*,*,#2252,.T.);
#2252 = EDGE_CURVE('',#2253,#2255,#2257,.T.);
#2253 = VERTEX_POINT('',#2254);
#2254 = CARTESIAN_POINT('',(3.,-17.29051262744,8.));
#2255 = VERTEX_POINT('',#2256);
#2256 = CARTESIAN_POINT('',(-2.709128314211,-17.25676808927,
    9.288651922414));
#2257 = B_SPLINE_CURVE_WITH_KNOTS('',8,(#2258,#2259,#2260,#2261,#2262,
    #2263,#2264,#2265,#2266,#2267,#2268,#2269,#2270,#2271,#2272,#2273,
    #2274,#2275,#2276,#2277,#2278,#2279,#2280,#2281,#2282,#2283,#2284,
    #2285,#2286,#2287,#2288,#2289,#2290,#2291,#2292,#2293,#2294,#2295,
    #2296,#2297,#2298,#2299,#2300,#2301),.UNSPECIFIED.,.F.,.F.,(9,7,7,7,
    7,7,9),(0.,8.780495887578E-02,0.283941626649,0.450745492063,
    0.613263054402,0.832280779395,1.),.UNSPECIFIED.);
#2258 = CARTESIAN_POINT('',(3.,-17.29051262744,8.));
#2259 = CARTESIAN_POINT('',(3.,-17.29415439119,7.860926653211));
#2260 = CARTESIAN_POINT('',(2.992631662063,-17.29779696608,
    7.721822330261));
#2261 = CARTESIAN_POINT('',(2.977890184805,-17.30141519108,
    7.583647892374));
#2262 = CARTESIAN_POINT('',(2.955951782221,-17.30498701296,
    7.447245517932));
#2263 = CARTESIAN_POINT('',(2.927124230168,-17.30849326901,
    7.313347001443));
#2264 = CARTESIAN_POINT('',(2.891808824573,-17.3119175032,7.182580773323
    ));
#2265 = CARTESIAN_POINT('',(2.850473751375,-17.31524581587,
    7.055477640481));
#2266 = CARTESIAN_POINT('',(2.699020199282,-17.32566158739,
    6.657715373642));
#2267 = CARTESIAN_POINT('',(2.567266957869,-17.33229928689,6.40423185661
    ));
#2268 = CARTESIAN_POINT('',(2.413489641283,-17.33832380803,
    6.174164676177));
#2269 = CARTESIAN_POINT('',(2.242434219783,-17.3437155541,5.968262200732
    ));
#2270 = CARTESIAN_POINT('',(2.058172806663,-17.34847863999,
    5.786367289243));
#2271 = CARTESIAN_POINT('',(1.863949404857,-17.35263344437,
    5.627701711387));
#2272 = CARTESIAN_POINT('',(1.662052548902,-17.3562094047,5.491141295825
    ));
#2273 = CARTESIAN_POINT('',(1.276297445914,-17.36180443862,
    5.277475570464));
#2274 = CARTESIAN_POINT('',(1.094584772893,-17.36397163078,
    5.194713841038));
#2275 = CARTESIAN_POINT('',(0.90943174749,-17.3657494829,5.126820407667)
  );
#2276 = CARTESIAN_POINT('',(0.721705908528,-17.36714792394,
    5.073416099008));
#2277 = CARTESIAN_POINT('',(0.532183695585,-17.36817441154,
    5.034216119223));
#2278 = CARTESIAN_POINT('',(0.341557225189,-17.36883446845,
    5.009009562547));
#2279 = CARTESIAN_POINT('',(0.150433757548,-17.36913100616,
    4.997685244193));
#2280 = CARTESIAN_POINT('',(-0.226846768813,-17.36899708873,
    5.002799344599));
#2281 = CARTESIAN_POINT('',(-0.412874071115,-17.36858516504,
    5.018530075736));
#2282 = CARTESIAN_POINT('',(-0.598255168491,-17.36782740795,
    5.047467651511));
#2283 = CARTESIAN_POINT('',(-0.782419578665,-17.36672051832,
    5.089738061109));
#2284 = CARTESIAN_POINT('',(-0.96471298378,-17.36525886456,
    5.145556366277));
#2285 = CARTESIAN_POINT('',(-1.14439779479,-17.36343507921,
    5.215203918823));
#2286 = CARTESIAN_POINT('',(-1.320646965292,-17.36123958209,
    5.299046571282));
#2287 = CARTESIAN_POINT('',(-1.724150103127,-17.35517969018,
    5.530464506897));
#2288 = CARTESIAN_POINT('',(-1.947294246384,-17.35100857752,
    5.689752872849));
#2289 = CARTESIAN_POINT('',(-2.160437495714,-17.34610520376,
    5.877005162146));
#2290 = CARTESIAN_POINT('',(-2.360066778182,-17.34042717601,
    6.093840293732));
#2291 = CARTESIAN_POINT('',(-2.540992972255,-17.3339504443,
    6.341176698808));
#2292 = CARTESIAN_POINT('',(-2.696954617664,-17.32668840297,
    6.618502868887));
#2293 = CARTESIAN_POINT('',(-2.820578774079,-17.31869827689,
    6.92363347339));
#2294 = CARTESIAN_POINT('',(-2.969597395823,-17.30356566008,
    7.501524794261));
#2295 = CARTESIAN_POINT('',(-3.011268403832,-17.29665783471,
    7.765324002428));
#2296 = CARTESIAN_POINT('',(-3.025752638421,-17.28958043284,
    8.035599075621));
#2297 = CARTESIAN_POINT('',(-3.011900709138,-17.28249510322,
    8.306176897462));
#2298 = CARTESIAN_POINT('',(-2.970436625763,-17.27554844252,
    8.571459166975));
#2299 = CARTESIAN_POINT('',(-2.90351048276,-17.26887168381,
    8.826434295052));
#2300 = CARTESIAN_POINT('',(-2.814697518514,-17.26257973404,
    9.066714162875));
#2301 = CARTESIAN_POINT('',(-2.709128314211,-17.25676808927,
    9.288651922414));
#2302 = ORIENTED_EDGE('',*,*,#2303,.T.);
#2303 = EDGE_CURVE('',#2255,#2253,#2304,.T.);
#2304 = B_SPLINE_CURVE_WITH_KNOTS('',7,(#2305,#2306,#2307,#2308,#2309,
    #2310,#2311,#2312,#2313,#2314,#2315,#2316,#2317,#2318,#2319,#2320,
    #2321,#2322,#2323,#2324,#2325,#2326,#2327,#2328,#2329,#2330,#2331,
    #2332,#2333,#2334,#2335,#2336),.UNSPECIFIED.,.F.,.F.,(8,6,6,6,6,8),(
    0.,0.254192118942,0.431226920085,0.640448474599,0.88506695459,1.),
  .UNSPECIFIED.);
#2305 = CARTESIAN_POINT('',(-2.709128314211,-17.25676808927,
    9.288651922414));
#2306 = CARTESIAN_POINT('',(-2.565564081273,-17.24886479656,
    9.590466494368));
#2307 = CARTESIAN_POINT('',(-2.389102190467,-17.24179853541,
    9.860316120684));
#2308 = CARTESIAN_POINT('',(-2.188010713789,-17.2356048229,
    10.096844458751));
#2309 = CARTESIAN_POINT('',(-1.969112491528,-17.2302787721,
    10.300238132893));
#2310 = CARTESIAN_POINT('',(-1.737776178512,-17.22578432264,
    10.471874233132));
#2311 = CARTESIAN_POINT('',(-1.497594263313,-17.22207079772,
    10.613688028383));
#2312 = CARTESIAN_POINT('',(-1.077643055659,-17.21703018051,
    10.806181433749));
#2313 = CARTESIAN_POINT('',(-0.901966420423,-17.2153244788,
    10.871319554103));
#2314 = CARTESIAN_POINT('',(-0.723822972154,-17.21397063134,
    10.923020902561));
#2315 = CARTESIAN_POINT('',(-0.543927664186,-17.21296092893,
    10.961579881882));
#2316 = CARTESIAN_POINT('',(-0.362921237232,-17.2122899832,
    10.987202265694));
#2317 = CARTESIAN_POINT('',(-0.181376296743,-17.21195453723,
    11.000012430692));
#2318 = CARTESIAN_POINT('',(0.214800718381,-17.21195524783,
    10.999985293925));
#2319 = CARTESIAN_POINT('',(0.4293055115,-17.21242458267,10.982062119196
    ));
#2320 = CARTESIAN_POINT('',(0.642938294164,-17.21336221848,
    10.946255252345));
#2321 = CARTESIAN_POINT('',(0.854753197004,-17.21477464825,
    10.892316735587));
#2322 = CARTESIAN_POINT('',(1.063634317036,-17.216672708,10.819832757996
    ));
#2323 = CARTESIAN_POINT('',(1.268300360754,-17.21907046614,
    10.728266069035));
#2324 = CARTESIAN_POINT('',(1.699842537306,-17.22540677786,
    10.486292086749));
#2325 = CARTESIAN_POINT('',(1.924068395248,-17.22952933207,
    10.328858093102));
#2326 = CARTESIAN_POINT('',(2.138208041412,-17.23440018109,
    10.14284787346));
#2327 = CARTESIAN_POINT('',(2.338365293299,-17.24006527188,9.92650678452
    ));
#2328 = CARTESIAN_POINT('',(2.519001291823,-17.24654672917,9.67898991647
    ));
#2329 = CARTESIAN_POINT('',(2.673112222983,-17.25383081559,
    9.400821878663));
#2330 = CARTESIAN_POINT('',(2.849301015689,-17.26559760757,8.95146622218
    ));
#2331 = CARTESIAN_POINT('',(2.897974150867,-17.26951229397,
    8.801970379946));
#2332 = CARTESIAN_POINT('',(2.938095015212,-17.27356121924,8.64734816224
    ));
#2333 = CARTESIAN_POINT('',(2.968862597095,-17.2777197222,8.488541341071
    ));
#2334 = CARTESIAN_POINT('',(2.989628405532,-17.28195715913,8.32672015352
    ));
#2335 = CARTESIAN_POINT('',(3.,-17.28623631014,8.163305969087));
#2336 = CARTESIAN_POINT('',(3.,-17.29051262744,8.));
#2337 = B_SPLINE_SURFACE_WITH_KNOTS('',1,1,(
    (#2338,#2339)
    ,(#2340,#2341
    )),.UNSPECIFIED.,.F.,.F.,.F.,(2,2),(2,2),(0.,72.),(0.,1.),
  .PIECEWISE_BEZIER_KNOTS.);
#2338 = CARTESIAN_POINT('',(-36.,-17.5,0.));
#2339 = CARTESIAN_POINT('',(-31.41746372539,-12.91746372539,175.));
#2340 = CARTESIAN_POINT('',(36.,-17.5,0.));
#2341 = CARTESIAN_POINT('',(31.417463725392,-12.91746372539,175.));
#2342 = ADVANCED_FACE('',(#2343),#2492,.F.);
#2343 = FACE_BOUND('',#2344,.F.);
#2344 = EDGE_LOOP('',(#2345,#2346,#2377,#2396,#2445));
#2345 = ORIENTED_EDGE('',*,*,#2169,.F.);
#2346 = ORIENTED_EDGE('',*,*,#2347,.T.);
#2347 = EDGE_CURVE('',#2170,#2348,#2350,.T.);
#2348 = VERTEX_POINT('',#2349);
#2349 = CARTESIAN_POINT('',(-36.,-11.50205605014,0.));
#2350 = B_SPLINE_CURVE_WITH_KNOTS('',7,(#2351,#2352,#2353,#2354,#2355,
    #2356,#2357,#2358,#2359,#2360,#2361,#2362,#2363,#2364,#2365,#2366,
    #2367,#2368,#2369,#2370,#2371,#2372,#2373,#2374,#2375,#2376),
  .UNSPECIFIED.,.F.,.F.,(8,6,6,6,8),(0.,0.249337484208,0.498999841523,
    0.749028534534,1.),.UNSPECIFIED.);
#2351 = CARTESIAN_POINT('',(-30.00205605014,-17.5,0.));
#2352 = CARTESIAN_POINT('',(-30.30438176453,-17.5,0.));
#2353 = CARTESIAN_POINT('',(-30.61403386057,-17.48223312681,0.));
#2354 = CARTESIAN_POINT('',(-30.92945217425,-17.445149988,0.));
#2355 = CARTESIAN_POINT('',(-31.24869175701,-17.38735267893,0.));
#2356 = CARTESIAN_POINT('',(-31.56941750633,-17.30775376071,0.));
#2357 = CARTESIAN_POINT('',(-31.88898919592,-17.20571092213,0.));
#2358 = CARTESIAN_POINT('',(-32.52069588631,-16.95640141683,0.));
#2359 = CARTESIAN_POINT('',(-32.83282104624,-16.80907517539,0.));
#2360 = CARTESIAN_POINT('',(-33.13823093752,-16.6390685794,0.));
#2361 = CARTESIAN_POINT('',(-33.43401398971,-16.44683625262,0.));
#2362 = CARTESIAN_POINT('',(-33.71729706077,-16.23346615998,0.));
#2363 = CARTESIAN_POINT('',(-33.98549447078,-16.00064771609,0.));
#2364 = CARTESIAN_POINT('',(-34.48779432447,-15.50000991911,0.));
#2365 = CARTESIAN_POINT('',(-34.72184650407,-15.23213936766,0.));
#2366 = CARTESIAN_POINT('',(-34.93646178183,-14.94904186835,0.));
#2367 = CARTESIAN_POINT('',(-35.12992604054,-14.65330457236,0.));
#2368 = CARTESIAN_POINT('',(-35.30112826417,-14.34780883874,0.));
#2369 = CARTESIAN_POINT('',(-35.4495950581,-14.03547929657,0.));
#2370 = CARTESIAN_POINT('',(-35.70168418788,-13.40155391555,0.));
#2371 = CARTESIAN_POINT('',(-35.80513617634,-13.07992718398,0.));
#2372 = CARTESIAN_POINT('',(-35.88583229835,-12.75706102312,0.));
#2373 = CARTESIAN_POINT('',(-35.94441847773,-12.43565400488,0.));
#2374 = CARTESIAN_POINT('',(-35.98199948101,-12.11809265523,0.));
#2375 = CARTESIAN_POINT('',(-36.,-11.80636299047,0.));
#2376 = CARTESIAN_POINT('',(-36.,-11.50205605014,0.));
#2377 = ORIENTED_EDGE('',*,*,#2378,.T.);
#2378 = EDGE_CURVE('',#2348,#2379,#2381,.T.);
#2379 = VERTEX_POINT('',#2380);
#2380 = CARTESIAN_POINT('',(-33.5,-9.002056050147,95.471148242564));
#2381 = B_SPLINE_CURVE_WITH_KNOTS('',5,(#2382,#2383,#2384,#2385,#2386,
    #2387,#2388,#2389,#2390,#2391,#2392,#2393,#2394,#2395),
  .UNSPECIFIED.,.F.,.F.,(6,4,4,6),(-10.56038725461,0.156954102902,
    175.27691092512,185.99425228264),.UNSPECIFIED.);
#2382 = CARTESIAN_POINT('',(-36.28045122,-11.78250727015,-10.71));
#2383 = CARTESIAN_POINT('',(-36.224360976,-11.72641702615,-8.568));
#2384 = CARTESIAN_POINT('',(-36.168270732,-11.67032678215,-6.426));
#2385 = CARTESIAN_POINT('',(-36.112180488,-11.61423653814,-4.284));
#2386 = CARTESIAN_POINT('',(-36.056090244,-11.55814629414,-2.142));
#2387 = CARTESIAN_POINT('',(-35.08349274507,-10.58554879522,35.));
#2388 = CARTESIAN_POINT('',(-34.16698549015,-9.669041540304,70.));
#2389 = CARTESIAN_POINT('',(-33.25047823523,-8.752534285382,105.));
#2390 = CARTESIAN_POINT('',(-32.33397098031,-7.83602703046,140.));
#2391 = CARTESIAN_POINT('',(-31.36137348139,-6.863429531538,177.142));
#2392 = CARTESIAN_POINT('',(-31.30528323739,-6.807339287537,179.284));
#2393 = CARTESIAN_POINT('',(-31.24919299338,-6.751249043535,181.426));
#2394 = CARTESIAN_POINT('',(-31.19310274938,-6.695158799534,183.568));
#2395 = CARTESIAN_POINT('',(-31.13701250538,-6.639068555533,185.71));
#2396 = ORIENTED_EDGE('',*,*,#2397,.F.);
#2397 = EDGE_CURVE('',#2398,#2379,#2400,.T.);
#2398 = VERTEX_POINT('',#2399);
#2399 = CARTESIAN_POINT('',(-33.5,-15.,28.392818742335));
#2400 = B_SPLINE_CURVE_WITH_KNOTS('',8,(#2401,#2402,#2403,#2404,#2405,
    #2406,#2407,#2408,#2409,#2410,#2411,#2412,#2413,#2414,#2415,#2416,
    #2417,#2418,#2419,#2420,#2421,#2422,#2423,#2424,#2425,#2426,#2427,
    #2428,#2429,#2430,#2431,#2432,#2433,#2434,#2435,#2436,#2437,#2438,
    #2439,#2440,#2441,#2442,#2443,#2444),.UNSPECIFIED.,.F.,.F.,(9,7,7,7,
    7,7,9),(0.,0.215349815484,0.442466070074,0.746460601753,
    0.827931200365,0.95491278265,1.),.UNSPECIFIED.);
#2401 = CARTESIAN_POINT('',(-33.5,-15.,28.392818742335));
#2402 = CARTESIAN_POINT('',(-33.5,-14.87724780641,30.736677316481));
#2403 = CARTESIAN_POINT('',(-33.5,-14.75282552466,33.073646686562));
#2404 = CARTESIAN_POINT('',(-33.5,-14.62666784695,35.403129020931));
#2405 = CARTESIAN_POINT('',(-33.5,-14.49870469089,37.724410482438));
#2406 = CARTESIAN_POINT('',(-33.5,-14.36886038583,40.036652897994));
#2407 = CARTESIAN_POINT('',(-33.5,-14.23705209677,42.338878147542));
#2408 = CARTESIAN_POINT('',(-33.5,-14.10318748602,44.629945272441));
#2409 = CARTESIAN_POINT('',(-33.5,-13.82370345881,49.311593766024));
#2410 = CARTESIAN_POINT('',(-33.5,-13.67785174927,51.700599373303));
#2411 = CARTESIAN_POINT('',(-33.5,-13.52947577112,54.074109770344));
#2412 = CARTESIAN_POINT('',(-33.5,-13.37844003807,56.430261146666));
#2413 = CARTESIAN_POINT('',(-33.5,-13.22460112553,58.76670384435));
#2414 = CARTESIAN_POINT('',(-33.5,-13.06780420147,61.080550179013));
#2415 = CARTESIAN_POINT('',(-33.5,-12.90787625467,63.368278959434));
#2416 = CARTESIAN_POINT('',(-33.5,-12.52608559963,68.64691605165));
#2417 = CARTESIAN_POINT('',(-33.5,-12.30194432913,71.608719715989));
#2418 = CARTESIAN_POINT('',(-33.5,-12.07135024875,74.506194788099));
#2419 = CARTESIAN_POINT('',(-33.5,-11.83367699706,77.326484625882));
#2420 = CARTESIAN_POINT('',(-33.5,-11.58852987697,80.04830260368));
#2421 = CARTESIAN_POINT('',(-33.5,-11.33576363069,82.641216392666));
#2422 = CARTESIAN_POINT('',(-33.5,-11.07550805917,85.06494345195));
#2423 = CARTESIAN_POINT('',(-33.5,-10.73654721919,87.857231961524));
#2424 = CARTESIAN_POINT('',(-33.5,-10.66443417041,88.431188092585));
#2425 = CARTESIAN_POINT('',(-33.5,-10.59187345917,88.98782925538));
#2426 = CARTESIAN_POINT('',(-33.5,-10.51889787115,89.525956303738));
#2427 = CARTESIAN_POINT('',(-33.5,-10.44554964516,90.044286835832));
#2428 = CARTESIAN_POINT('',(-33.5,-10.37188092981,90.541475228377));
#2429 = CARTESIAN_POINT('',(-33.5,-10.29795425334,91.016139313666));
#2430 = CARTESIAN_POINT('',(-33.5,-10.10833184597,92.169447824487));
#2431 = CARTESIAN_POINT('',(-33.5,-9.992332762004,92.814159140201));
#2432 = CARTESIAN_POINT('',(-33.5,-9.876176444844,93.395388245034));
#2433 = CARTESIAN_POINT('',(-33.5,-9.760240364193,93.907736732657));
#2434 = CARTESIAN_POINT('',(-33.5,-9.644945712296,94.346353049169));
#2435 = CARTESIAN_POINT('',(-33.5,-9.530751137755,94.7073353058));
#2436 = CARTESIAN_POINT('',(-33.5,-9.418143366337,94.988170941341));
#2437 = CARTESIAN_POINT('',(-33.5,-9.268383095524,95.259160594174));
#2438 = CARTESIAN_POINT('',(-33.5,-9.229401431582,95.319980616839));
#2439 = CARTESIAN_POINT('',(-33.5,-9.190700567906,95.370581647273));
#2440 = CARTESIAN_POINT('',(-33.5,-9.152300135021,95.410960927594));
#2441 = CARTESIAN_POINT('',(-33.5,-9.114218640672,95.441143333337));
#2442 = CARTESIAN_POINT('',(-33.5,-9.07647347104,95.461180215497));
#2443 = CARTESIAN_POINT('',(-33.5,-9.039080891961,95.471148242564));
#2444 = CARTESIAN_POINT('',(-33.5,-9.002056050147,95.471148242564));
#2445 = ORIENTED_EDGE('',*,*,#2446,.T.);
#2446 = EDGE_CURVE('',#2398,#2172,#2447,.T.);
#2447 = B_SPLINE_CURVE_WITH_KNOTS('',8,(#2448,#2449,#2450,#2451,#2452,
    #2453,#2454,#2455,#2456,#2457,#2458,#2459,#2460,#2461,#2462,#2463,
    #2464,#2465,#2466,#2467,#2468,#2469,#2470,#2471,#2472,#2473,#2474,
    #2475,#2476,#2477,#2478,#2479,#2480,#2481,#2482,#2483,#2484,#2485,
    #2486,#2487,#2488,#2489,#2490,#2491),.UNSPECIFIED.,.F.,.F.,(9,7,7,7,
    7,7,9),(0.,0.215349815482,0.442466070071,0.746460601751,
    0.827931200363,0.954912782649,1.),.UNSPECIFIED.);
#2448 = CARTESIAN_POINT('',(-33.5,-15.,28.392818742335));
#2449 = CARTESIAN_POINT('',(-33.37724780641,-15.,30.736677316481));
#2450 = CARTESIAN_POINT('',(-33.25282552466,-15.,33.073646686562));
#2451 = CARTESIAN_POINT('',(-33.12666784695,-15.,35.403129020932));
#2452 = CARTESIAN_POINT('',(-32.99870469089,-15.,37.724410482439));
#2453 = CARTESIAN_POINT('',(-32.86886038583,-15.,40.036652897994));
#2454 = CARTESIAN_POINT('',(-32.73705209677,-15.,42.338878147541));
#2455 = CARTESIAN_POINT('',(-32.60318748602,-15.,44.629945272441));
#2456 = CARTESIAN_POINT('',(-32.32370345881,-15.,49.311593766018));
#2457 = CARTESIAN_POINT('',(-32.17785174927,-15.,51.700599373316));
#2458 = CARTESIAN_POINT('',(-32.02947577112,-15.,54.074109770331));
#2459 = CARTESIAN_POINT('',(-31.87844003807,-15.,56.430261146665));
#2460 = CARTESIAN_POINT('',(-31.72460112553,-15.,58.766703844362));
#2461 = CARTESIAN_POINT('',(-31.56780420147,-15.,61.080550179));
#2462 = CARTESIAN_POINT('',(-31.40787625467,-15.,63.368278959438));
#2463 = CARTESIAN_POINT('',(-31.02608559963,-15.,68.646916051672));
#2464 = CARTESIAN_POINT('',(-30.80194432914,-15.,71.608719715902));
#2465 = CARTESIAN_POINT('',(-30.57135024874,-15.,74.506194788265));
#2466 = CARTESIAN_POINT('',(-30.33367699707,-15.,77.326484625697));
#2467 = CARTESIAN_POINT('',(-30.08852987696,-15.,80.04830260381));
#2468 = CARTESIAN_POINT('',(-29.8357636307,-15.,82.641216392611));
#2469 = CARTESIAN_POINT('',(-29.57550805917,-15.,85.064943451962));
#2470 = CARTESIAN_POINT('',(-29.23654721919,-15.,87.857231961524));
#2471 = CARTESIAN_POINT('',(-29.16443417041,-15.,88.431188092584));
#2472 = CARTESIAN_POINT('',(-29.09187345917,-15.,88.98782925538));
#2473 = CARTESIAN_POINT('',(-29.01889787115,-15.,89.52595630374));
#2474 = CARTESIAN_POINT('',(-28.94554964516,-15.,90.044286835833));
#2475 = CARTESIAN_POINT('',(-28.87188092981,-15.,90.541475228376));
#2476 = CARTESIAN_POINT('',(-28.79795425334,-15.,91.016139313667));
#2477 = CARTESIAN_POINT('',(-28.60833184597,-15.,92.169447824489));
#2478 = CARTESIAN_POINT('',(-28.492332762,-15.,92.814159140205));
#2479 = CARTESIAN_POINT('',(-28.37617644484,-15.,93.395388245026));
#2480 = CARTESIAN_POINT('',(-28.26024036419,-15.,93.907736732658));
#2481 = CARTESIAN_POINT('',(-28.14494571229,-15.,94.346353049177));
#2482 = CARTESIAN_POINT('',(-28.03075113775,-15.,94.707335305795));
#2483 = CARTESIAN_POINT('',(-27.91814336633,-15.,94.988170941341));
#2484 = CARTESIAN_POINT('',(-27.76838309552,-15.,95.259160594174));
#2485 = CARTESIAN_POINT('',(-27.72940143158,-15.,95.31998061684));
#2486 = CARTESIAN_POINT('',(-27.6907005679,-15.,95.370581647274));
#2487 = CARTESIAN_POINT('',(-27.65230013502,-15.,95.410960927594));
#2488 = CARTESIAN_POINT('',(-27.61421864067,-15.,95.441143333338));
#2489 = CARTESIAN_POINT('',(-27.57647347104,-15.,95.461180215497));
#2490 = CARTESIAN_POINT('',(-27.53908089196,-15.,95.471148242564));
#2491 = CARTESIAN_POINT('',(-27.50205605014,-15.,95.471148242564));
#2492 = ( BOUNDED_SURFACE() B_SPLINE_SURFACE(2,5,(
    (#2493,#2494,#2495,#2496,#2497,#2498,#2499,#2500,#2501,#2502,#2503
      ,#2504,#2505,#2506)
    ,(#2507,#2508,#2509,#2510,#2511,#2512,#2513,#2514,#2515,#2516,#2517
      ,#2518,#2519,#2520)
    ,(#2521,#2522,#2523,#2524,#2525,#2526,#2527,#2528,#2529,#2530,#2531
      ,#2532,#2533,#2534
)),.UNSPECIFIED.,.F.,.F.,.F.) B_SPLINE_SURFACE_WITH_KNOTS((3,3),(6,4,4,6
    ),(0.,175.11995682222),(-10.56038725461,0.156954102902,
    175.27691092512,185.99425228264),.UNSPECIFIED.) 
GEOMETRIC_REPRESENTATION_ITEM() RATIONAL_B_SPLINE_SURFACE((
    (1.,1.,1.,1.,1.,1.,1.,1.,1.,1.,1.,1.,1.,1.)
    ,(0.707349006016,0.707349006016,0.707349006016,0.707349006016
      ,0.707349006016,0.707349006016,0.707349006016,0.707349006016
      ,0.707349006016,0.707349006016,0.707349006016,0.707349006016
      ,0.707349006016,0.707349006016)
,(1.,1.,1.,1.,1.,1.,1.,1.,1.,1.,1.,1.,1.,1.
))) REPRESENTATION_ITEM('') SURFACE() );
#2493 = CARTESIAN_POINT('',(-30.28250727015,-17.78045122,-10.71));
#2494 = CARTESIAN_POINT('',(-30.22641702615,-17.724360976,-8.568));
#2495 = CARTESIAN_POINT('',(-30.17032678215,-17.668270732,-6.426));
#2496 = CARTESIAN_POINT('',(-30.11423653814,-17.612180488,-4.284));
#2497 = CARTESIAN_POINT('',(-30.05814629414,-17.556090244,-2.142));
#2498 = CARTESIAN_POINT('',(-29.08554879522,-16.58349274507,35.));
#2499 = CARTESIAN_POINT('',(-28.1690415403,-15.66698549015,70.));
#2500 = CARTESIAN_POINT('',(-27.25253428538,-14.75047823523,105.));
#2501 = CARTESIAN_POINT('',(-26.33602703046,-13.83397098031,140.));
#2502 = CARTESIAN_POINT('',(-25.36342953153,-12.86137348139,177.142));
#2503 = CARTESIAN_POINT('',(-25.30733928753,-12.80528323739,179.284));
#2504 = CARTESIAN_POINT('',(-25.25124904353,-12.74919299338,181.426));
#2505 = CARTESIAN_POINT('',(-25.19515879953,-12.69310274938,183.568));
#2506 = CARTESIAN_POINT('',(-25.13906855553,-12.63701250538,185.71));
#2507 = CARTESIAN_POINT('',(-36.27634404751,-17.77634404751,
    -10.55315341034));
#2508 = CARTESIAN_POINT('',(-36.22025380351,-17.72025380351,
    -8.411153410346));
#2509 = CARTESIAN_POINT('',(-36.1641635595,-17.6641635595,
    -6.269153410346));
#2510 = CARTESIAN_POINT('',(-36.1080733155,-17.6080733155,
    -4.127153410346));
#2511 = CARTESIAN_POINT('',(-36.0519830715,-17.5519830715,
    -1.985153410346));
#2512 = CARTESIAN_POINT('',(-35.07938557258,-16.57938557258,
    35.156846589654));
#2513 = CARTESIAN_POINT('',(-34.16287831766,-15.66287831766,
    70.156846589654));
#2514 = CARTESIAN_POINT('',(-33.24637106274,-14.74637106274,
    105.15684658965));
#2515 = CARTESIAN_POINT('',(-32.32986380781,-13.82986380781,
    140.15684658965));
#2516 = CARTESIAN_POINT('',(-31.35726630889,-12.85726630889,
    177.29884658965));
#2517 = CARTESIAN_POINT('',(-31.30117606489,-12.80117606489,
    179.44084658965));
#2518 = CARTESIAN_POINT('',(-31.24508582089,-12.74508582089,
    181.58284658965));
#2519 = CARTESIAN_POINT('',(-31.18899557689,-12.68899557689,
    183.72484658965));
#2520 = CARTESIAN_POINT('',(-31.13290533289,-12.63290533289,
    185.86684658965));
#2521 = CARTESIAN_POINT('',(-36.28045122,-11.78250727015,-10.71));
#2522 = CARTESIAN_POINT('',(-36.224360976,-11.72641702615,-8.568));
#2523 = CARTESIAN_POINT('',(-36.168270732,-11.67032678215,-6.426));
#2524 = CARTESIAN_POINT('',(-36.112180488,-11.61423653814,-4.284));
#2525 = CARTESIAN_POINT('',(-36.056090244,-11.55814629414,-2.142));
#2526 = CARTESIAN_POINT('',(-35.08349274507,-10.58554879522,35.));
#2527 = CARTESIAN_POINT('',(-34.16698549015,-9.669041540304,70.));
#2528 = CARTESIAN_POINT('',(-33.25047823523,-8.752534285382,105.));
#2529 = CARTESIAN_POINT('',(-32.33397098031,-7.83602703046,140.));
#2530 = CARTESIAN_POINT('',(-31.36137348139,-6.863429531538,177.142));
#2531 = CARTESIAN_POINT('',(-31.30528323739,-6.807339287537,179.284));
#2532 = CARTESIAN_POINT('',(-31.24919299338,-6.751249043535,181.426));
#2533 = CARTESIAN_POINT('',(-31.19310274938,-6.695158799534,183.568));
#2534 = CARTESIAN_POINT('',(-31.13701250538,-6.639068555533,185.71));
#2535 = ADVANCED_FACE('',(#2536),#2593,.T.);
#2536 = FACE_BOUND('',#2537,.T.);
#2537 = EDGE_LOOP('',(#2538,#2539,#2540,#2548,#2556,#2564));
#2538 = ORIENTED_EDGE('',*,*,#2190,.F.);
#2539 = ORIENTED_EDGE('',*,*,#2347,.T.);
#2540 = ORIENTED_EDGE('',*,*,#2541,.F.);
#2541 = EDGE_CURVE('',#2542,#2348,#2544,.T.);
#2542 = VERTEX_POINT('',#2543);
#2543 = CARTESIAN_POINT('',(-36.,0.,0.));
#2544 = LINE('',#2545,#2546);
#2545 = CARTESIAN_POINT('',(-36.,17.5,0.));
#2546 = VECTOR('',#2547,1.);
#2547 = DIRECTION('',(0.,-1.,0.));
#2548 = ORIENTED_EDGE('',*,*,#2549,.T.);
#2549 = EDGE_CURVE('',#2542,#2550,#2552,.T.);
#2550 = VERTEX_POINT('',#2551);
#2551 = CARTESIAN_POINT('',(36.,0.,0.));
#2552 = LINE('',#2553,#2554);
#2553 = CARTESIAN_POINT('',(-41.,0.,0.));
#2554 = VECTOR('',#2555,1.);
#2555 = DIRECTION('',(1.,0.,0.));
#2556 = ORIENTED_EDGE('',*,*,#2557,.F.);
#2557 = EDGE_CURVE('',#2558,#2550,#2560,.T.);
#2558 = VERTEX_POINT('',#2559);
#2559 = CARTESIAN_POINT('',(36.,-11.50205605014,0.));
#2560 = LINE('',#2561,#2562);
#2561 = CARTESIAN_POINT('',(36.,-17.5,0.));
#2562 = VECTOR('',#2563,1.);
#2563 = DIRECTION('',(0.,1.,0.));
#2564 = ORIENTED_EDGE('',*,*,#2565,.F.);
#2565 = EDGE_CURVE('',#2191,#2558,#2566,.T.);
#2566 = B_SPLINE_CURVE_WITH_KNOTS('',7,(#2567,#2568,#2569,#2570,#2571,
    #2572,#2573,#2574,#2575,#2576,#2577,#2578,#2579,#2580,#2581,#2582,
    #2583,#2584,#2585,#2586,#2587,#2588,#2589,#2590,#2591,#2592),
  .UNSPECIFIED.,.F.,.F.,(8,6,6,6,8),(0.,0.249337484206,0.498999841524,
    0.749028534534,1.),.UNSPECIFIED.);
#2567 = CARTESIAN_POINT('',(30.002056050147,-17.5,0.));
#2568 = CARTESIAN_POINT('',(30.304381764535,-17.5,0.));
#2569 = CARTESIAN_POINT('',(30.614033860569,-17.48223312682,0.));
#2570 = CARTESIAN_POINT('',(30.929452174247,-17.44514998801,0.));
#2571 = CARTESIAN_POINT('',(31.248691756999,-17.38735267894,0.));
#2572 = CARTESIAN_POINT('',(31.569417506322,-17.30775376071,0.));
#2573 = CARTESIAN_POINT('',(31.888989195902,-17.20571092214,0.));
#2574 = CARTESIAN_POINT('',(32.520695886291,-16.95640141684,0.));
#2575 = CARTESIAN_POINT('',(32.832821046224,-16.8090751754,0.));
#2576 = CARTESIAN_POINT('',(33.138230937515,-16.6390685794,0.));
#2577 = CARTESIAN_POINT('',(33.434013989709,-16.44683625263,0.));
#2578 = CARTESIAN_POINT('',(33.717297060772,-16.23346615998,0.));
#2579 = CARTESIAN_POINT('',(33.985494470779,-16.00064771609,0.));
#2580 = CARTESIAN_POINT('',(34.487794324473,-15.50000991911,0.));
#2581 = CARTESIAN_POINT('',(34.721846504077,-15.23213936766,0.));
#2582 = CARTESIAN_POINT('',(34.93646178183,-14.94904186835,0.));
#2583 = CARTESIAN_POINT('',(35.12992604055,-14.65330457235,0.));
#2584 = CARTESIAN_POINT('',(35.301128264172,-14.34780883874,0.));
#2585 = CARTESIAN_POINT('',(35.449595058101,-14.03547929657,0.));
#2586 = CARTESIAN_POINT('',(35.701684187883,-13.40155391555,0.));
#2587 = CARTESIAN_POINT('',(35.805136176346,-13.07992718398,0.));
#2588 = CARTESIAN_POINT('',(35.885832298351,-12.75706102312,0.));
#2589 = CARTESIAN_POINT('',(35.944418477737,-12.43565400488,0.));
#2590 = CARTESIAN_POINT('',(35.981999481016,-12.11809265523,0.));
#2591 = CARTESIAN_POINT('',(36.,-11.80636299047,0.));
#2592 = CARTESIAN_POINT('',(36.,-11.50205605014,0.));
#2593 = PLANE('',#2594);
#2594 = AXIS2_PLACEMENT_3D('',#2595,#2596,#2597);
#2595 = CARTESIAN_POINT('',(-36.,-17.5,0.));
#2596 = DIRECTION('',(0.,0.,-1.));
#2597 = DIRECTION('',(0.899367854138,0.437192706873,0.));
#2598 = ADVANCED_FACE('',(#2599,#2720,#2731,#2742,#2753,#2764,#2775,
    #2786),#2797,.T.);
#2599 = FACE_BOUND('',#2600,.T.);
#2600 = EDGE_LOOP('',(#2601,#2611,#2619,#2625,#2626,#2627,#2635,#2643,
    #2649,#2650,#2658,#2666,#2672,#2673));
#2601 = ORIENTED_EDGE('',*,*,#2602,.F.);
#2602 = EDGE_CURVE('',#2603,#2605,#2607,.T.);
#2603 = VERTEX_POINT('',#2604);
#2604 = CARTESIAN_POINT('',(33.5,-15.,2.5));
#2605 = VERTEX_POINT('',#2606);
#2606 = CARTESIAN_POINT('',(33.5,-15.,28.392818742335));
#2607 = LINE('',#2608,#2609);
#2608 = CARTESIAN_POINT('',(33.5,-15.,2.5));
#2609 = VECTOR('',#2610,1.);
#2610 = DIRECTION('',(0.,0.,1.));
#2611 = ORIENTED_EDGE('',*,*,#2612,.F.);
#2612 = EDGE_CURVE('',#2613,#2603,#2615,.T.);
#2613 = VERTEX_POINT('',#2614);
#2614 = CARTESIAN_POINT('',(-33.5,-15.,2.5));
#2615 = LINE('',#2616,#2617);
#2616 = CARTESIAN_POINT('',(-33.5,-15.,2.5));
#2617 = VECTOR('',#2618,1.);
#2618 = DIRECTION('',(1.,0.,0.));
#2619 = ORIENTED_EDGE('',*,*,#2620,.T.);
#2620 = EDGE_CURVE('',#2613,#2398,#2621,.T.);
#2621 = LINE('',#2622,#2623);
#2622 = CARTESIAN_POINT('',(-33.5,-15.,2.5));
#2623 = VECTOR('',#2624,1.);
#2624 = DIRECTION('',(0.,0.,1.));
#2625 = ORIENTED_EDGE('',*,*,#2446,.T.);
#2626 = ORIENTED_EDGE('',*,*,#2245,.F.);
#2627 = ORIENTED_EDGE('',*,*,#2628,.F.);
#2628 = EDGE_CURVE('',#2629,#2239,#2631,.T.);
#2629 = VERTEX_POINT('',#2630);
#2630 = CARTESIAN_POINT('',(-19.,-15.,82.));
#2631 = LINE('',#2632,#2633);
#2632 = CARTESIAN_POINT('',(-19.,-15.,82.));
#2633 = VECTOR('',#2634,1.);
#2634 = DIRECTION('',(0.,0.,1.));
#2635 = ORIENTED_EDGE('',*,*,#2636,.T.);
#2636 = EDGE_CURVE('',#2629,#2637,#2639,.T.);
#2637 = VERTEX_POINT('',#2638);
#2638 = CARTESIAN_POINT('',(-17.5,-15.,82.));
#2639 = LINE('',#2640,#2641);
#2640 = CARTESIAN_POINT('',(-19.,-15.,82.));
#2641 = VECTOR('',#2642,1.);
#2642 = DIRECTION('',(1.,0.,0.));
#2643 = ORIENTED_EDGE('',*,*,#2644,.T.);
#2644 = EDGE_CURVE('',#2637,#2232,#2645,.T.);
#2645 = LINE('',#2646,#2647);
#2646 = CARTESIAN_POINT('',(-17.5,-15.,82.));
#2647 = VECTOR('',#2648,1.);
#2648 = DIRECTION('',(0.,0.,1.));
#2649 = ORIENTED_EDGE('',*,*,#2231,.F.);
#2650 = ORIENTED_EDGE('',*,*,#2651,.F.);
#2651 = EDGE_CURVE('',#2652,#2225,#2654,.T.);
#2652 = VERTEX_POINT('',#2653);
#2653 = CARTESIAN_POINT('',(17.5,-15.,82.));
#2654 = LINE('',#2655,#2656);
#2655 = CARTESIAN_POINT('',(17.5,-15.,82.));
#2656 = VECTOR('',#2657,1.);
#2657 = DIRECTION('',(0.,0.,1.));
#2658 = ORIENTED_EDGE('',*,*,#2659,.T.);
#2659 = EDGE_CURVE('',#2652,#2660,#2662,.T.);
#2660 = VERTEX_POINT('',#2661);
#2661 = CARTESIAN_POINT('',(19.,-15.,82.));
#2662 = LINE('',#2663,#2664);
#2663 = CARTESIAN_POINT('',(17.5,-15.,82.));
#2664 = VECTOR('',#2665,1.);
#2665 = DIRECTION('',(1.,0.,0.));
#2666 = ORIENTED_EDGE('',*,*,#2667,.T.);
#2667 = EDGE_CURVE('',#2660,#2218,#2668,.T.);
#2668 = LINE('',#2669,#2670);
#2669 = CARTESIAN_POINT('',(19.,-15.,82.));
#2670 = VECTOR('',#2671,1.);
#2671 = DIRECTION('',(0.,0.,1.));
#2672 = ORIENTED_EDGE('',*,*,#2217,.F.);
#2673 = ORIENTED_EDGE('',*,*,#2674,.F.);
#2674 = EDGE_CURVE('',#2605,#2199,#2675,.T.);
#2675 = B_SPLINE_CURVE_WITH_KNOTS('',8,(#2676,#2677,#2678,#2679,#2680,
    #2681,#2682,#2683,#2684,#2685,#2686,#2687,#2688,#2689,#2690,#2691,
    #2692,#2693,#2694,#2695,#2696,#2697,#2698,#2699,#2700,#2701,#2702,
    #2703,#2704,#2705,#2706,#2707,#2708,#2709,#2710,#2711,#2712,#2713,
    #2714,#2715,#2716,#2717,#2718,#2719),.UNSPECIFIED.,.F.,.F.,(9,7,7,7,
    7,7,9),(0.,0.215349815483,0.442466070071,0.746460601751,
    0.827931200363,0.954912782649,1.),.UNSPECIFIED.);
#2676 = CARTESIAN_POINT('',(33.5,-15.,28.392818742335));
#2677 = CARTESIAN_POINT('',(33.377247806416,-15.,30.736677316481));
#2678 = CARTESIAN_POINT('',(33.252825524667,-15.,33.073646686563));
#2679 = CARTESIAN_POINT('',(33.126667846952,-15.,35.403129020931));
#2680 = CARTESIAN_POINT('',(32.998704690897,-15.,37.724410482438));
#2681 = CARTESIAN_POINT('',(32.868860385837,-15.,40.036652897994));
#2682 = CARTESIAN_POINT('',(32.737052096776,-15.,42.338878147542));
#2683 = CARTESIAN_POINT('',(32.603187486021,-15.,44.62994527244));
#2684 = CARTESIAN_POINT('',(32.323703458818,-15.,49.311593766021));
#2685 = CARTESIAN_POINT('',(32.177851749271,-15.,51.700599373309));
#2686 = CARTESIAN_POINT('',(32.029475771129,-15.,54.074109770336));
#2687 = CARTESIAN_POINT('',(31.878440038072,-15.,56.430261146667));
#2688 = CARTESIAN_POINT('',(31.724601125534,-15.,58.766703844357));
#2689 = CARTESIAN_POINT('',(31.567804201479,-15.,61.080550179004));
#2690 = CARTESIAN_POINT('',(31.407876254672,-15.,63.368278959437));
#2691 = CARTESIAN_POINT('',(31.026085599634,-15.,68.646916051664));
#2692 = CARTESIAN_POINT('',(30.801944329138,-15.,71.608719715936));
#2693 = CARTESIAN_POINT('',(30.571350248749,-15.,74.506194788191));
#2694 = CARTESIAN_POINT('',(30.333676997073,-15.,77.326484625794));
#2695 = CARTESIAN_POINT('',(30.088529876969,-15.,80.048302603731));
#2696 = CARTESIAN_POINT('',(29.835763630697,-15.,82.641216392648));
#2697 = CARTESIAN_POINT('',(29.575508059175,-15.,85.064943451954));
#2698 = CARTESIAN_POINT('',(29.236547219189,-15.,87.857231961526));
#2699 = CARTESIAN_POINT('',(29.16443417042,-15.,88.431188092582));
#2700 = CARTESIAN_POINT('',(29.091873459174,-15.,88.98782925538));
#2701 = CARTESIAN_POINT('',(29.018897871157,-15.,89.525956303742));
#2702 = CARTESIAN_POINT('',(28.945549645164,-15.,90.044286835833));
#2703 = CARTESIAN_POINT('',(28.871880929814,-15.,90.541475228374));
#2704 = CARTESIAN_POINT('',(28.797954253343,-15.,91.016139313668));
#2705 = CARTESIAN_POINT('',(28.608331845977,-15.,92.16944782449));
#2706 = CARTESIAN_POINT('',(28.492332762004,-15.,92.814159140198));
#2707 = CARTESIAN_POINT('',(28.376176444844,-15.,93.395388245036));
#2708 = CARTESIAN_POINT('',(28.260240364192,-15.,93.907736732658));
#2709 = CARTESIAN_POINT('',(28.144945712297,-15.,94.346353049168));
#2710 = CARTESIAN_POINT('',(28.030751137754,-15.,94.707335305801));
#2711 = CARTESIAN_POINT('',(27.918143366337,-15.,94.988170941341));
#2712 = CARTESIAN_POINT('',(27.768383095524,-15.,95.259160594174));
#2713 = CARTESIAN_POINT('',(27.729401431582,-15.,95.31998061684));
#2714 = CARTESIAN_POINT('',(27.690700567905,-15.,95.370581647274));
#2715 = CARTESIAN_POINT('',(27.652300135021,-15.,95.410960927594));
#2716 = CARTESIAN_POINT('',(27.614218640672,-15.,95.441143333337));
#2717 = CARTESIAN_POINT('',(27.57647347104,-15.,95.461180215497));
#2718 = CARTESIAN_POINT('',(27.539080891961,-15.,95.471148242564));
#2719 = CARTESIAN_POINT('',(27.502056050147,-15.,95.471148242564));
#2720 = FACE_BOUND('',#2721,.T.);
#2721 = EDGE_LOOP('',(#2722));
#2722 = ORIENTED_EDGE('',*,*,#2723,.T.);
#2723 = EDGE_CURVE('',#2724,#2724,#2726,.T.);
#2724 = VERTEX_POINT('',#2725);
#2725 = CARTESIAN_POINT('',(-25.,-15.,9.));
#2726 = CIRCLE('',#2727,4.);
#2727 = AXIS2_PLACEMENT_3D('',#2728,#2729,#2730);
#2728 = CARTESIAN_POINT('',(-29.,-15.,9.));
#2729 = DIRECTION('',(0.,-1.,0.));
#2730 = DIRECTION('',(1.,0.,0.));
#2731 = FACE_BOUND('',#2732,.T.);
#2732 = EDGE_LOOP('',(#2733));
#2733 = ORIENTED_EDGE('',*,*,#2734,.T.);
#2734 = EDGE_CURVE('',#2735,#2735,#2737,.T.);
#2735 = VERTEX_POINT('',#2736);
#2736 = CARTESIAN_POINT('',(-21.5,-15.,25.));
#2737 = CIRCLE('',#2738,2.5);
#2738 = AXIS2_PLACEMENT_3D('',#2739,#2740,#2741);
#2739 = CARTESIAN_POINT('',(-24.,-15.,25.));
#2740 = DIRECTION('',(0.,-1.,0.));
#2741 = DIRECTION('',(1.,0.,0.));
#2742 = FACE_BOUND('',#2743,.T.);
#2743 = EDGE_LOOP('',(#2744));
#2744 = ORIENTED_EDGE('',*,*,#2745,.T.);
#2745 = EDGE_CURVE('',#2746,#2746,#2748,.T.);
#2746 = VERTEX_POINT('',#2747);
#2747 = CARTESIAN_POINT('',(-21.5,-15.,75.));
#2748 = CIRCLE('',#2749,2.5);
#2749 = AXIS2_PLACEMENT_3D('',#2750,#2751,#2752);
#2750 = CARTESIAN_POINT('',(-24.,-15.,75.));
#2751 = DIRECTION('',(0.,-1.,0.));
#2752 = DIRECTION('',(1.,0.,0.));
#2753 = FACE_BOUND('',#2754,.T.);
#2754 = EDGE_LOOP('',(#2755));
#2755 = ORIENTED_EDGE('',*,*,#2756,.T.);
#2756 = EDGE_CURVE('',#2757,#2757,#2759,.T.);
#2757 = VERTEX_POINT('',#2758);
#2758 = CARTESIAN_POINT('',(3.,-15.,8.));
#2759 = CIRCLE('',#2760,3.);
#2760 = AXIS2_PLACEMENT_3D('',#2761,#2762,#2763);
#2761 = CARTESIAN_POINT('',(0.,-15.,8.));
#2762 = DIRECTION('',(0.,-1.,1.1E-16));
#2763 = DIRECTION('',(1.,0.,0.));
#2764 = FACE_BOUND('',#2765,.T.);
#2765 = EDGE_LOOP('',(#2766));
#2766 = ORIENTED_EDGE('',*,*,#2767,.T.);
#2767 = EDGE_CURVE('',#2768,#2768,#2770,.T.);
#2768 = VERTEX_POINT('',#2769);
#2769 = CARTESIAN_POINT('',(33.,-15.,9.));
#2770 = CIRCLE('',#2771,4.);
#2771 = AXIS2_PLACEMENT_3D('',#2772,#2773,#2774);
#2772 = CARTESIAN_POINT('',(29.,-15.,9.));
#2773 = DIRECTION('',(0.,-1.,0.));
#2774 = DIRECTION('',(1.,0.,0.));
#2775 = FACE_BOUND('',#2776,.T.);
#2776 = EDGE_LOOP('',(#2777));
#2777 = ORIENTED_EDGE('',*,*,#2778,.T.);
#2778 = EDGE_CURVE('',#2779,#2779,#2781,.T.);
#2779 = VERTEX_POINT('',#2780);
#2780 = CARTESIAN_POINT('',(26.5,-15.,25.));
#2781 = CIRCLE('',#2782,2.5);
#2782 = AXIS2_PLACEMENT_3D('',#2783,#2784,#2785);
#2783 = CARTESIAN_POINT('',(24.,-15.,25.));
#2784 = DIRECTION('',(0.,-1.,0.));
#2785 = DIRECTION('',(1.,0.,0.));
#2786 = FACE_BOUND('',#2787,.T.);
#2787 = EDGE_LOOP('',(#2788));
#2788 = ORIENTED_EDGE('',*,*,#2789,.T.);
#2789 = EDGE_CURVE('',#2790,#2790,#2792,.T.);
#2790 = VERTEX_POINT('',#2791);
#2791 = CARTESIAN_POINT('',(26.5,-15.,75.));
#2792 = CIRCLE('',#2793,2.5);
#2793 = AXIS2_PLACEMENT_3D('',#2794,#2795,#2796);
#2794 = CARTESIAN_POINT('',(24.,-15.,75.));
#2795 = DIRECTION('',(0.,-1.,0.));
#2796 = DIRECTION('',(1.,0.,0.));
#2797 = PLANE('',#2798);
#2798 = AXIS2_PLACEMENT_3D('',#2799,#2800,#2801);
#2799 = CARTESIAN_POINT('',(-33.5,-15.,2.5));
#2800 = DIRECTION('',(0.,1.,0.));
#2801 = DIRECTION('',(0.,0.,1.));
#2802 = ADVANCED_FACE('',(#2803),#2885,.T.);
#2803 = FACE_BOUND('',#2804,.T.);
#2804 = EDGE_LOOP('',(#2805,#2806,#2843,#2850));
#2805 = ORIENTED_EDGE('',*,*,#2224,.F.);
#2806 = ORIENTED_EDGE('',*,*,#2807,.T.);
#2807 = EDGE_CURVE('',#2218,#2808,#2810,.T.);
#2808 = VERTEX_POINT('',#2809);
#2809 = CARTESIAN_POINT('',(19.,-14.25294572542,124.));
#2810 = B_SPLINE_CURVE_WITH_KNOTS('',6,(#2811,#2812,#2813,#2814,#2815,
    #2816,#2817,#2818,#2819,#2820,#2821,#2822,#2823,#2824,#2825,#2826,
    #2827,#2828,#2829,#2830,#2831,#2832,#2833,#2834,#2835,#2836,#2837,
    #2838,#2839,#2840,#2841,#2842),.UNSPECIFIED.,.F.,.F.,(7,5,5,5,5,5,7)
  ,(0.,6.76575731214E-02,0.531698626284,0.760706541582,0.875210665222,
    0.935476023098,1.),.UNSPECIFIED.);
#2811 = CARTESIAN_POINT('',(19.,-15.,95.471148242564));
#2812 = CARTESIAN_POINT('',(19.,-14.99744379857,95.568765636527));
#2813 = CARTESIAN_POINT('',(19.,-14.98821393195,95.921240022221));
#2814 = CARTESIAN_POINT('',(19.,-14.97872934725,96.283441699003));
#2815 = CARTESIAN_POINT('',(19.,-14.97149347378,96.559768558781));
#2816 = CARTESIAN_POINT('',(19.,-14.96555817702,96.786428397268));
#2817 = CARTESIAN_POINT('',(19.,-14.89818259079,99.359398229551));
#2818 = CARTESIAN_POINT('',(19.,-14.83938047487,101.60496043996));
#2819 = CARTESIAN_POINT('',(19.,-14.78057842323,103.85052019565));
#2820 = CARTESIAN_POINT('',(19.,-14.72177643672,106.09607746399));
#2821 = CARTESIAN_POINT('',(19.,-14.66297451622,108.34163221169));
#2822 = CARTESIAN_POINT('',(19.,-14.57515348464,111.69538210174));
#2823 = CARTESIAN_POINT('',(19.,-14.54613432295,112.80357917655));
#2824 = CARTESIAN_POINT('',(19.,-14.51711517767,113.91177562508));
#2825 = CARTESIAN_POINT('',(19.,-14.48809604889,115.01997144321));
#2826 = CARTESIAN_POINT('',(19.,-14.45907693673,116.12816662676));
#2827 = CARTESIAN_POINT('',(19.,-14.41554827255,117.79045924712));
#2828 = CARTESIAN_POINT('',(19.,-14.40103870798,118.34455716304));
#2829 = CARTESIAN_POINT('',(19.,-14.38652914761,118.89865491873));
#2830 = CARTESIAN_POINT('',(19.,-14.37201959145,119.45275251366));
#2831 = CARTESIAN_POINT('',(19.,-14.35751003951,120.0068499473));
#2832 = CARTESIAN_POINT('',(19.,-14.335363884,120.85257750562));
#2833 = CARTESIAN_POINT('',(19.,-14.32772727657,121.14420777769));
#2834 = CARTESIAN_POINT('',(19.,-14.32009066951,121.4358380353));
#2835 = CARTESIAN_POINT('',(19.,-14.31245406284,121.72746827844));
#2836 = CARTESIAN_POINT('',(19.,-14.30481745654,122.01909850712));
#2837 = CARTESIAN_POINT('',(19.,-14.28900460807,122.62296682741));
#2838 = CARTESIAN_POINT('',(19.,-14.28236284817,122.8766054049));
#2839 = CARTESIAN_POINT('',(19.,-14.27492109061,123.16079466077));
#2840 = CARTESIAN_POINT('',(19.,-14.26622247293,123.49298146804));
#2841 = CARTESIAN_POINT('',(19.,-14.25774282199,123.81680627261));
#2842 = CARTESIAN_POINT('',(19.,-14.25294572542,124.));
#2843 = ORIENTED_EDGE('',*,*,#2844,.T.);
#2844 = EDGE_CURVE('',#2808,#2845,#2847,.T.);
#2845 = VERTEX_POINT('',#2846);
#2846 = CARTESIAN_POINT('',(17.5,-14.25294572542,124.));
#2847 = B_SPLINE_CURVE_WITH_KNOTS('',1,(#2848,#2849),.UNSPECIFIED.,.F.,
  .F.,(2,2),(0.,1.),.PIECEWISE_BEZIER_KNOTS.);
#2848 = CARTESIAN_POINT('',(19.,-14.25294572542,124.));
#2849 = CARTESIAN_POINT('',(17.5,-14.25294572542,124.));
#2850 = ORIENTED_EDGE('',*,*,#2851,.F.);
#2851 = EDGE_CURVE('',#2225,#2845,#2852,.T.);
#2852 = B_SPLINE_CURVE_WITH_KNOTS('',6,(#2853,#2854,#2855,#2856,#2857,
    #2858,#2859,#2860,#2861,#2862,#2863,#2864,#2865,#2866,#2867,#2868,
    #2869,#2870,#2871,#2872,#2873,#2874,#2875,#2876,#2877,#2878,#2879,
    #2880,#2881,#2882,#2883,#2884),.UNSPECIFIED.,.F.,.F.,(7,5,5,5,5,5,7)
  ,(0.,6.764144485393E-02,0.531679848785,0.760686301629,0.875189654478,
    0.935454599645,1.),.UNSPECIFIED.);
#2853 = CARTESIAN_POINT('',(17.5,-15.,95.471148242564));
#2854 = CARTESIAN_POINT('',(17.5,-14.99743157888,95.56923228795));
#2855 = CARTESIAN_POINT('',(17.5,-14.98820626303,95.921532886538));
#2856 = CARTESIAN_POINT('',(17.5,-14.97872563616,96.283583419783));
#2857 = CARTESIAN_POINT('',(17.5,-14.97148832656,96.559965123085));
#2858 = CARTESIAN_POINT('',(17.5,-14.96554961728,96.786755280834));
#2859 = CARTESIAN_POINT('',(17.5,-14.89817589347,99.359653990172));
#2860 = CARTESIAN_POINT('',(17.5,-14.83937365239,101.60522098022));
#2861 = CARTESIAN_POINT('',(17.5,-14.78057146584,103.85078588774));
#2862 = CARTESIAN_POINT('',(17.5,-14.72176933455,106.09634868505));
#2863 = CARTESIAN_POINT('',(17.5,-14.66296725926,108.34190934391));
#2864 = CARTESIAN_POINT('',(17.5,-14.575146001,111.69566789056));
#2865 = CARTESIAN_POINT('',(17.5,-14.54612677509,112.80386741782));
#2866 = CARTESIAN_POINT('',(17.5,-14.5171075631,113.91206641375));
#2867 = CARTESIAN_POINT('',(17.5,-14.48808836512,115.02026487487));
#2868 = CARTESIAN_POINT('',(17.5,-14.45906918123,116.12846279761));
#2869 = CARTESIAN_POINT('',(17.5,-14.41554041066,117.79075948061));
#2870 = CARTESIAN_POINT('',(17.5,-14.40103081334,118.34485864732));
#2871 = CARTESIAN_POINT('',(17.5,-14.38652121958,118.89895767809));
#2872 = CARTESIAN_POINT('',(17.5,-14.37201162939,119.45305657248));
#2873 = CARTESIAN_POINT('',(17.5,-14.35750204278,120.00715533004));
#2874 = CARTESIAN_POINT('',(17.5,-14.33535583427,120.85288491251));
#2875 = CARTESIAN_POINT('',(17.5,-14.32771920915,121.14451585988));
#2876 = CARTESIAN_POINT('',(17.5,-14.32008258443,121.4361467924));
#2877 = CARTESIAN_POINT('',(17.5,-14.31244596009,121.72777771007));
#2878 = CARTESIAN_POINT('',(17.5,-14.30480933614,122.01940861287));
#2879 = CARTESIAN_POINT('',(17.5,-14.28899368042,122.62338413774));
#2880 = CARTESIAN_POINT('',(17.5,-14.28235696231,122.87683017716));
#2881 = CARTESIAN_POINT('',(17.5,-14.27491631201,123.16097714812));
#2882 = CARTESIAN_POINT('',(17.5,-14.26621221274,123.49337328885));
#2883 = CARTESIAN_POINT('',(17.5,-14.25772795683,123.81737395033));
#2884 = CARTESIAN_POINT('',(17.5,-14.25294572542,124.));
#2885 = B_SPLINE_SURFACE_WITH_KNOTS('',1,1,(
    (#2886,#2887)
    ,(#2888,#2889
    )),.UNSPECIFIED.,.F.,.F.,.F.,(2,2),(2,2),(0.,72.),(0.,1.),
  .PIECEWISE_BEZIER_KNOTS.);
#2886 = CARTESIAN_POINT('',(-36.,-17.5,0.));
#2887 = CARTESIAN_POINT('',(-31.41746372539,-12.91746372539,175.));
#2888 = CARTESIAN_POINT('',(36.,-17.5,0.));
#2889 = CARTESIAN_POINT('',(31.417463725392,-12.91746372539,175.));
#2890 = ADVANCED_FACE('',(#2891),#2973,.T.);
#2891 = FACE_BOUND('',#2892,.T.);
#2892 = EDGE_LOOP('',(#2893,#2930,#2931,#2968));
#2893 = ORIENTED_EDGE('',*,*,#2894,.F.);
#2894 = EDGE_CURVE('',#2239,#2895,#2897,.T.);
#2895 = VERTEX_POINT('',#2896);
#2896 = CARTESIAN_POINT('',(-19.,-14.25294572542,124.));
#2897 = B_SPLINE_CURVE_WITH_KNOTS('',6,(#2898,#2899,#2900,#2901,#2902,
    #2903,#2904,#2905,#2906,#2907,#2908,#2909,#2910,#2911,#2912,#2913,
    #2914,#2915,#2916,#2917,#2918,#2919,#2920,#2921,#2922,#2923,#2924,
    #2925,#2926,#2927,#2928,#2929),.UNSPECIFIED.,.F.,.F.,(7,5,5,5,5,5,7)
  ,(0.,6.765757312217E-02,0.531698626285,0.760706541584,0.875210665224,
    0.9354760231,1.),.UNSPECIFIED.);
#2898 = CARTESIAN_POINT('',(-19.,-15.,95.471148242564));
#2899 = CARTESIAN_POINT('',(-19.,-14.99744379857,95.568765636508));
#2900 = CARTESIAN_POINT('',(-19.,-14.98821393195,95.921240022208));
#2901 = CARTESIAN_POINT('',(-19.,-14.97872934725,96.283441698997));
#2902 = CARTESIAN_POINT('',(-19.,-14.97149347378,96.559768558772));
#2903 = CARTESIAN_POINT('',(-19.,-14.96555817702,96.786428397254));
#2904 = CARTESIAN_POINT('',(-19.,-14.8981825908,99.359398229541));
#2905 = CARTESIAN_POINT('',(-19.,-14.83938047487,101.60496043995));
#2906 = CARTESIAN_POINT('',(-19.,-14.78057842323,103.85052019564));
#2907 = CARTESIAN_POINT('',(-19.,-14.72177643673,106.09607746398));
#2908 = CARTESIAN_POINT('',(-19.,-14.66297451622,108.34163221168));
#2909 = CARTESIAN_POINT('',(-19.,-14.57515348464,111.69538210173));
#2910 = CARTESIAN_POINT('',(-19.,-14.54613432296,112.80357917653));
#2911 = CARTESIAN_POINT('',(-19.,-14.51711517767,113.91177562507));
#2912 = CARTESIAN_POINT('',(-19.,-14.48809604889,115.0199714432));
#2913 = CARTESIAN_POINT('',(-19.,-14.45907693673,116.12816662674));
#2914 = CARTESIAN_POINT('',(-19.,-14.41554827255,117.79045924711));
#2915 = CARTESIAN_POINT('',(-19.,-14.40103870798,118.34455716303));
#2916 = CARTESIAN_POINT('',(-19.,-14.38652914761,118.89865491872));
#2917 = CARTESIAN_POINT('',(-19.,-14.37201959145,119.45275251365));
#2918 = CARTESIAN_POINT('',(-19.,-14.35751003951,120.00684994729));
#2919 = CARTESIAN_POINT('',(-19.,-14.335363884,120.85257750561));
#2920 = CARTESIAN_POINT('',(-19.,-14.32772727657,121.14420777767));
#2921 = CARTESIAN_POINT('',(-19.,-14.32009066951,121.43583803528));
#2922 = CARTESIAN_POINT('',(-19.,-14.31245406284,121.72746827843));
#2923 = CARTESIAN_POINT('',(-19.,-14.30481745655,122.01909850711));
#2924 = CARTESIAN_POINT('',(-19.,-14.28900460807,122.62296682739));
#2925 = CARTESIAN_POINT('',(-19.,-14.28236284817,122.87660540489));
#2926 = CARTESIAN_POINT('',(-19.,-14.27492109061,123.16079466076));
#2927 = CARTESIAN_POINT('',(-19.,-14.26622247293,123.49298146802));
#2928 = CARTESIAN_POINT('',(-19.,-14.25774282199,123.81680627259));
#2929 = CARTESIAN_POINT('',(-19.,-14.25294572542,124.));
#2930 = ORIENTED_EDGE('',*,*,#2238,.F.);
#2931 = ORIENTED_EDGE('',*,*,#2932,.T.);
#2932 = EDGE_CURVE('',#2232,#2933,#2935,.T.);
#2933 = VERTEX_POINT('',#2934);
#2934 = CARTESIAN_POINT('',(-17.5,-14.25294572542,124.));
#2935 = B_SPLINE_CURVE_WITH_KNOTS('',6,(#2936,#2937,#2938,#2939,#2940,
    #2941,#2942,#2943,#2944,#2945,#2946,#2947,#2948,#2949,#2950,#2951,
    #2952,#2953,#2954,#2955,#2956,#2957,#2958,#2959,#2960,#2961,#2962,
    #2963,#2964,#2965,#2966,#2967),.UNSPECIFIED.,.F.,.F.,(7,5,5,5,5,5,7)
  ,(0.,6.764144485439E-02,0.531679848785,0.76068630163,0.875189654478,
    0.935454599645,1.),.UNSPECIFIED.);
#2936 = CARTESIAN_POINT('',(-17.5,-15.,95.471148242564));
#2937 = CARTESIAN_POINT('',(-17.5,-14.99743157888,95.569232287943));
#2938 = CARTESIAN_POINT('',(-17.5,-14.98820626303,95.921532886534));
#2939 = CARTESIAN_POINT('',(-17.5,-14.97872563616,96.283583419781));
#2940 = CARTESIAN_POINT('',(-17.5,-14.97148832656,96.559965123081));
#2941 = CARTESIAN_POINT('',(-17.5,-14.96554961728,96.786755280828));
#2942 = CARTESIAN_POINT('',(-17.5,-14.89817589347,99.359653990169));
#2943 = CARTESIAN_POINT('',(-17.5,-14.83937365239,101.60522098022));
#2944 = CARTESIAN_POINT('',(-17.5,-14.78057146584,103.85078588773));
#2945 = CARTESIAN_POINT('',(-17.5,-14.72176933455,106.09634868505));
#2946 = CARTESIAN_POINT('',(-17.5,-14.66296725926,108.34190934391));
#2947 = CARTESIAN_POINT('',(-17.5,-14.575146001,111.69566789056));
#2948 = CARTESIAN_POINT('',(-17.5,-14.54612677509,112.80386741781));
#2949 = CARTESIAN_POINT('',(-17.5,-14.5171075631,113.91206641375));
#2950 = CARTESIAN_POINT('',(-17.5,-14.48808836512,115.02026487486));
#2951 = CARTESIAN_POINT('',(-17.5,-14.45906918123,116.12846279761));
#2952 = CARTESIAN_POINT('',(-17.5,-14.41554041066,117.79075948061));
#2953 = CARTESIAN_POINT('',(-17.5,-14.40103081334,118.34485864732));
#2954 = CARTESIAN_POINT('',(-17.5,-14.38652121958,118.89895767809));
#2955 = CARTESIAN_POINT('',(-17.5,-14.37201162939,119.45305657248));
#2956 = CARTESIAN_POINT('',(-17.5,-14.35750204278,120.00715533004));
#2957 = CARTESIAN_POINT('',(-17.5,-14.33535583427,120.85288491251));
#2958 = CARTESIAN_POINT('',(-17.5,-14.32771920915,121.14451585988));
#2959 = CARTESIAN_POINT('',(-17.5,-14.32008258443,121.4361467924));
#2960 = CARTESIAN_POINT('',(-17.5,-14.31244596009,121.72777771007));
#2961 = CARTESIAN_POINT('',(-17.5,-14.30480933614,122.01940861287));
#2962 = CARTESIAN_POINT('',(-17.5,-14.28899368042,122.62338413774));
#2963 = CARTESIAN_POINT('',(-17.5,-14.28235696231,122.87683017715));
#2964 = CARTESIAN_POINT('',(-17.5,-14.27491631201,123.16097714812));
#2965 = CARTESIAN_POINT('',(-17.5,-14.26621221274,123.49337328885));
#2966 = CARTESIAN_POINT('',(-17.5,-14.25772795683,123.81737395033));
#2967 = CARTESIAN_POINT('',(-17.5,-14.25294572542,124.));
#2968 = ORIENTED_EDGE('',*,*,#2969,.T.);
#2969 = EDGE_CURVE('',#2933,#2895,#2970,.T.);
#2970 = B_SPLINE_CURVE_WITH_KNOTS('',1,(#2971,#2972),.UNSPECIFIED.,.F.,
  .F.,(2,2),(0.,1.),.PIECEWISE_BEZIER_KNOTS.);
#2971 = CARTESIAN_POINT('',(-17.5,-14.25294572542,124.));
#2972 = CARTESIAN_POINT('',(-19.,-14.25294572542,124.));
#2973 = B_SPLINE_SURFACE_WITH_KNOTS('',1,1,(
    (#2974,#2975)
    ,(#2976,#2977
    )),.UNSPECIFIED.,.F.,.F.,.F.,(2,2),(2,2),(0.,72.),(0.,1.),
  .PIECEWISE_BEZIER_KNOTS.);
#2974 = CARTESIAN_POINT('',(-36.,-17.5,0.));
#2975 = CARTESIAN_POINT('',(-31.41746372539,-12.91746372539,175.));
#2976 = CARTESIAN_POINT('',(36.,-17.5,0.));
#2977 = CARTESIAN_POINT('',(31.417463725392,-12.91746372539,175.));
#2978 = ADVANCED_FACE('',(#2979),#3050,.T.);
#2979 = FACE_BOUND('',#2980,.T.);
#2980 = EDGE_LOOP('',(#2981,#2982,#2983,#3002,#3049));
#2981 = ORIENTED_EDGE('',*,*,#2198,.F.);
#2982 = ORIENTED_EDGE('',*,*,#2565,.T.);
#2983 = ORIENTED_EDGE('',*,*,#2984,.T.);
#2984 = EDGE_CURVE('',#2558,#2985,#2987,.T.);
#2985 = VERTEX_POINT('',#2986);
#2986 = CARTESIAN_POINT('',(33.5,-9.002056050147,95.471148242564));
#2987 = B_SPLINE_CURVE_WITH_KNOTS('',5,(#2988,#2989,#2990,#2991,#2992,
    #2993,#2994,#2995,#2996,#2997,#2998,#2999,#3000,#3001),
  .UNSPECIFIED.,.F.,.F.,(6,4,4,6),(-10.56038725461,0.156954102902,
    175.27691092512,185.99425228264),.UNSPECIFIED.);
#2988 = CARTESIAN_POINT('',(36.280451220006,-11.78250727015,-10.71));
#2989 = CARTESIAN_POINT('',(36.224360976005,-11.72641702615,-8.568));
#2990 = CARTESIAN_POINT('',(36.168270732004,-11.67032678215,-6.426));
#2991 = CARTESIAN_POINT('',(36.112180488002,-11.61423653814,-4.284));
#2992 = CARTESIAN_POINT('',(36.056090244001,-11.55814629414,-2.142));
#2993 = CARTESIAN_POINT('',(35.083492745078,-10.58554879522,35.));
#2994 = CARTESIAN_POINT('',(34.166985490157,-9.669041540304,70.));
#2995 = CARTESIAN_POINT('',(33.250478235235,-8.752534285382,105.));
#2996 = CARTESIAN_POINT('',(32.333970980314,-7.83602703046,140.));
#2997 = CARTESIAN_POINT('',(31.361373481391,-6.863429531538,177.142));
#2998 = CARTESIAN_POINT('',(31.30528323739,-6.807339287537,179.284));
#2999 = CARTESIAN_POINT('',(31.249192993389,-6.751249043535,181.426));
#3000 = CARTESIAN_POINT('',(31.193102749387,-6.695158799534,183.568));
#3001 = CARTESIAN_POINT('',(31.137012505386,-6.639068555533,185.71));
#3002 = ORIENTED_EDGE('',*,*,#3003,.F.);
#3003 = EDGE_CURVE('',#2605,#2985,#3004,.T.);
#3004 = B_SPLINE_CURVE_WITH_KNOTS('',8,(#3005,#3006,#3007,#3008,#3009,
    #3010,#3011,#3012,#3013,#3014,#3015,#3016,#3017,#3018,#3019,#3020,
    #3021,#3022,#3023,#3024,#3025,#3026,#3027,#3028,#3029,#3030,#3031,
    #3032,#3033,#3034,#3035,#3036,#3037,#3038,#3039,#3040,#3041,#3042,
    #3043,#3044,#3045,#3046,#3047,#3048),.UNSPECIFIED.,.F.,.F.,(9,7,7,7,
    7,7,9),(0.,0.215349815484,0.442466070074,0.746460601753,
    0.827931200365,0.95491278265,1.),.UNSPECIFIED.);
#3005 = CARTESIAN_POINT('',(33.5,-15.,28.392818742335));
#3006 = CARTESIAN_POINT('',(33.5,-14.87724780641,30.73667731648));
#3007 = CARTESIAN_POINT('',(33.5,-14.75282552466,33.073646686563));
#3008 = CARTESIAN_POINT('',(33.5,-14.62666784695,35.403129020932));
#3009 = CARTESIAN_POINT('',(33.5,-14.49870469089,37.724410482437));
#3010 = CARTESIAN_POINT('',(33.5,-14.36886038583,40.036652897994));
#3011 = CARTESIAN_POINT('',(33.5,-14.23705209677,42.338878147543));
#3012 = CARTESIAN_POINT('',(33.5,-14.10318748602,44.62994527244));
#3013 = CARTESIAN_POINT('',(33.5,-13.82370345881,49.311593766023));
#3014 = CARTESIAN_POINT('',(33.5,-13.67785174927,51.700599373303));
#3015 = CARTESIAN_POINT('',(33.5,-13.52947577112,54.074109770343));
#3016 = CARTESIAN_POINT('',(33.5,-13.37844003807,56.430261146667));
#3017 = CARTESIAN_POINT('',(33.5,-13.22460112553,58.76670384435));
#3018 = CARTESIAN_POINT('',(33.5,-13.06780420147,61.08055017901));
#3019 = CARTESIAN_POINT('',(33.5,-12.90787625467,63.368278959435));
#3020 = CARTESIAN_POINT('',(33.5,-12.52608559963,68.646916051643));
#3021 = CARTESIAN_POINT('',(33.5,-12.30194432913,71.608719716036));
#3022 = CARTESIAN_POINT('',(33.5,-12.07135024876,74.506194787979));
#3023 = CARTESIAN_POINT('',(33.5,-11.83367699706,77.326484626045));
#3024 = CARTESIAN_POINT('',(33.5,-11.58852987698,80.048302603554));
#3025 = CARTESIAN_POINT('',(33.5,-11.33576363069,82.641216392717));
#3026 = CARTESIAN_POINT('',(33.5,-11.07550805917,85.064943451941));
#3027 = CARTESIAN_POINT('',(33.5,-10.73654721918,87.857231961526));
#3028 = CARTESIAN_POINT('',(33.5,-10.66443417042,88.431188092581));
#3029 = CARTESIAN_POINT('',(33.5,-10.59187345917,88.987829255379));
#3030 = CARTESIAN_POINT('',(33.5,-10.51889787115,89.525956303742));
#3031 = CARTESIAN_POINT('',(33.5,-10.44554964516,90.044286835832));
#3032 = CARTESIAN_POINT('',(33.5,-10.37188092981,90.541475228373));
#3033 = CARTESIAN_POINT('',(33.5,-10.29795425334,91.016139313668));
#3034 = CARTESIAN_POINT('',(33.5,-10.10833184597,92.169447824485));
#3035 = CARTESIAN_POINT('',(33.5,-9.992332762003,92.814159140207));
#3036 = CARTESIAN_POINT('',(33.5,-9.876176444845,93.395388245027));
#3037 = CARTESIAN_POINT('',(33.5,-9.760240364193,93.907736732655));
#3038 = CARTESIAN_POINT('',(33.5,-9.644945712296,94.346353049175));
#3039 = CARTESIAN_POINT('',(33.5,-9.530751137756,94.707335305796));
#3040 = CARTESIAN_POINT('',(33.5,-9.418143366337,94.988170941341));
#3041 = CARTESIAN_POINT('',(33.5,-9.268383095524,95.259160594174));
#3042 = CARTESIAN_POINT('',(33.5,-9.229401431582,95.319980616839));
#3043 = CARTESIAN_POINT('',(33.5,-9.190700567906,95.370581647273));
#3044 = CARTESIAN_POINT('',(33.5,-9.152300135021,95.410960927594));
#3045 = CARTESIAN_POINT('',(33.5,-9.114218640672,95.441143333337));
#3046 = CARTESIAN_POINT('',(33.5,-9.07647347104,95.461180215497));
#3047 = CARTESIAN_POINT('',(33.5,-9.039080891961,95.471148242564));
#3048 = CARTESIAN_POINT('',(33.5,-9.002056050147,95.471148242564));
#3049 = ORIENTED_EDGE('',*,*,#2674,.T.);
#3050 = ( BOUNDED_SURFACE() B_SPLINE_SURFACE(2,5,(
    (#3051,#3052,#3053,#3054,#3055,#3056,#3057,#3058,#3059,#3060,#3061
      ,#3062,#3063,#3064)
    ,(#3065,#3066,#3067,#3068,#3069,#3070,#3071,#3072,#3073,#3074,#3075
      ,#3076,#3077,#3078)
    ,(#3079,#3080,#3081,#3082,#3083,#3084,#3085,#3086,#3087,#3088,#3089
      ,#3090,#3091,#3092
)),.UNSPECIFIED.,.F.,.F.,.F.) B_SPLINE_SURFACE_WITH_KNOTS((3,3),(6,4,4,6
    ),(0.,175.11995682222),(-10.56038725461,0.156954102902,
    175.27691092512,185.99425228264),.UNSPECIFIED.) 
GEOMETRIC_REPRESENTATION_ITEM() RATIONAL_B_SPLINE_SURFACE((
    (1.,1.,1.,1.,1.,1.,1.,1.,1.,1.,1.,1.,1.,1.)
    ,(0.707349006016,0.707349006016,0.707349006016,0.707349006016
      ,0.707349006016,0.707349006016,0.707349006016,0.707349006016
      ,0.707349006016,0.707349006016,0.707349006016,0.707349006016
      ,0.707349006016,0.707349006016)
,(1.,1.,1.,1.,1.,1.,1.,1.,1.,1.,1.,1.,1.,1.
))) REPRESENTATION_ITEM('') SURFACE() );
#3051 = CARTESIAN_POINT('',(30.282507270153,-17.78045122,-10.71));
#3052 = CARTESIAN_POINT('',(30.226417026151,-17.724360976,-8.568));
#3053 = CARTESIAN_POINT('',(30.17032678215,-17.668270732,-6.426));
#3054 = CARTESIAN_POINT('',(30.114236538149,-17.612180488,-4.284));
#3055 = CARTESIAN_POINT('',(30.058146294148,-17.556090244,-2.142));
#3056 = CARTESIAN_POINT('',(29.085548795225,-16.58349274507,35.));
#3057 = CARTESIAN_POINT('',(28.169041540304,-15.66698549015,70.));
#3058 = CARTESIAN_POINT('',(27.252534285382,-14.75047823523,105.));
#3059 = CARTESIAN_POINT('',(26.33602703046,-13.83397098031,140.));
#3060 = CARTESIAN_POINT('',(25.363429531538,-12.86137348139,177.142));
#3061 = CARTESIAN_POINT('',(25.307339287537,-12.80528323739,179.284));
#3062 = CARTESIAN_POINT('',(25.251249043535,-12.74919299338,181.426));
#3063 = CARTESIAN_POINT('',(25.195158799534,-12.69310274938,183.568));
#3064 = CARTESIAN_POINT('',(25.139068555533,-12.63701250538,185.71));
#3065 = CARTESIAN_POINT('',(36.276344047511,-17.77634404751,
    -10.55315341034));
#3066 = CARTESIAN_POINT('',(36.22025380351,-17.72025380351,
    -8.411153410346));
#3067 = CARTESIAN_POINT('',(36.164163559509,-17.6641635595,
    -6.269153410346));
#3068 = CARTESIAN_POINT('',(36.108073315507,-17.6080733155,
    -4.127153410346));
#3069 = CARTESIAN_POINT('',(36.051983071506,-17.5519830715,
    -1.985153410346));
#3070 = CARTESIAN_POINT('',(35.079385572583,-16.57938557258,
    35.156846589654));
#3071 = CARTESIAN_POINT('',(34.162878317662,-15.66287831766,
    70.156846589654));
#3072 = CARTESIAN_POINT('',(33.24637106274,-14.74637106274,
    105.15684658965));
#3073 = CARTESIAN_POINT('',(32.329863807819,-13.82986380781,
    140.15684658965));
#3074 = CARTESIAN_POINT('',(31.357266308896,-12.85726630889,
    177.29884658965));
#3075 = CARTESIAN_POINT('',(31.301176064895,-12.80117606489,
    179.44084658965));
#3076 = CARTESIAN_POINT('',(31.245085820894,-12.74508582089,
    181.58284658965));
#3077 = CARTESIAN_POINT('',(31.188995576892,-12.68899557689,
    183.72484658965));
#3078 = CARTESIAN_POINT('',(31.132905332891,-12.63290533289,
    185.86684658965));
#3079 = CARTESIAN_POINT('',(36.280451220006,-11.78250727015,-10.71));
#3080 = CARTESIAN_POINT('',(36.224360976005,-11.72641702615,-8.568));
#3081 = CARTESIAN_POINT('',(36.168270732004,-11.67032678215,-6.426));
#3082 = CARTESIAN_POINT('',(36.112180488002,-11.61423653814,-4.284));
#3083 = CARTESIAN_POINT('',(36.056090244001,-11.55814629414,-2.142));
#3084 = CARTESIAN_POINT('',(35.083492745078,-10.58554879522,35.));
#3085 = CARTESIAN_POINT('',(34.166985490157,-9.669041540304,70.));
#3086 = CARTESIAN_POINT('',(33.250478235235,-8.752534285382,105.));
#3087 = CARTESIAN_POINT('',(32.333970980314,-7.83602703046,140.));
#3088 = CARTESIAN_POINT('',(31.361373481391,-6.863429531538,177.142));
#3089 = CARTESIAN_POINT('',(31.30528323739,-6.807339287537,179.284));
#3090 = CARTESIAN_POINT('',(31.249192993389,-6.751249043535,181.426));
#3091 = CARTESIAN_POINT('',(31.193102749387,-6.695158799534,183.568));
#3092 = CARTESIAN_POINT('',(31.137012505386,-6.639068555533,185.71));
#3093 = ADVANCED_FACE('',(#3094),#3106,.F.);
#3094 = FACE_BOUND('',#3095,.F.);
#3095 = EDGE_LOOP('',(#3096,#3097,#3098,#3104,#3105));
#3096 = ORIENTED_EDGE('',*,*,#2252,.T.);
#3097 = ORIENTED_EDGE('',*,*,#2303,.T.);
#3098 = ORIENTED_EDGE('',*,*,#3099,.F.);
#3099 = EDGE_CURVE('',#2757,#2253,#3100,.T.);
#3100 = LINE('',#3101,#3102);
#3101 = CARTESIAN_POINT('',(3.,-9.5,8.));
#3102 = VECTOR('',#3103,1.);
#3103 = DIRECTION('',(0.,-1.,0.));
#3104 = ORIENTED_EDGE('',*,*,#2756,.T.);
#3105 = ORIENTED_EDGE('',*,*,#3099,.T.);
#3106 = CYLINDRICAL_SURFACE('',#3107,3.);
#3107 = AXIS2_PLACEMENT_3D('',#3108,#3109,#3110);
#3108 = CARTESIAN_POINT('',(0.,-9.5,8.));
#3109 = DIRECTION('',(0.,-1.,0.));
#3110 = DIRECTION('',(1.,0.,0.));
#3111 = ADVANCED_FACE('',(#3112),#3137,.T.);
#3112 = FACE_BOUND('',#3113,.T.);
#3113 = EDGE_LOOP('',(#3114,#3115,#3123,#3131,#3136));
#3114 = ORIENTED_EDGE('',*,*,#2620,.F.);
#3115 = ORIENTED_EDGE('',*,*,#3116,.T.);
#3116 = EDGE_CURVE('',#2613,#3117,#3119,.T.);
#3117 = VERTEX_POINT('',#3118);
#3118 = CARTESIAN_POINT('',(-33.5,0.,2.5));
#3119 = LINE('',#3120,#3121);
#3120 = CARTESIAN_POINT('',(-33.5,-15.,2.5));
#3121 = VECTOR('',#3122,1.);
#3122 = DIRECTION('',(0.,1.,0.));
#3123 = ORIENTED_EDGE('',*,*,#3124,.T.);
#3124 = EDGE_CURVE('',#3117,#3125,#3127,.T.);
#3125 = VERTEX_POINT('',#3126);
#3126 = CARTESIAN_POINT('',(-33.5,0.,95.471148242564));
#3127 = LINE('',#3128,#3129);
#3128 = CARTESIAN_POINT('',(-33.5,0.,-3.75));
#3129 = VECTOR('',#3130,1.);
#3130 = DIRECTION('',(0.,0.,1.));
#3131 = ORIENTED_EDGE('',*,*,#3132,.F.);
#3132 = EDGE_CURVE('',#2379,#3125,#3133,.T.);
#3133 = B_SPLINE_CURVE_WITH_KNOTS('',1,(#3134,#3135),.UNSPECIFIED.,.F.,
  .F.,(2,2),(0.,1.),.PIECEWISE_BEZIER_KNOTS.);
#3134 = CARTESIAN_POINT('',(-33.5,-9.858905700126,95.471148242564));
#3135 = CARTESIAN_POINT('',(-33.5,9.858905700126,95.471148242564));
#3136 = ORIENTED_EDGE('',*,*,#2397,.F.);
#3137 = PLANE('',#3138);
#3138 = AXIS2_PLACEMENT_3D('',#3139,#3140,#3141);
#3139 = CARTESIAN_POINT('',(-33.5,-15.,2.5));
#3140 = DIRECTION('',(1.,0.,0.));
#3141 = DIRECTION('',(0.,0.,1.));
#3142 = ADVANCED_FACE('',(#3143),#3153,.T.);
#3143 = FACE_BOUND('',#3144,.T.);
#3144 = EDGE_LOOP('',(#3145,#3150,#3151,#3152));
#3145 = ORIENTED_EDGE('',*,*,#3146,.F.);
#3146 = EDGE_CURVE('',#2542,#3125,#3147,.T.);
#3147 = B_SPLINE_CURVE_WITH_KNOTS('',1,(#3148,#3149),.UNSPECIFIED.,.F.,
  .F.,(2,2),(0.,1.),.PIECEWISE_BEZIER_KNOTS.);
#3148 = CARTESIAN_POINT('',(-36.,0.,0.));
#3149 = CARTESIAN_POINT('',(-33.49999725047,0.,95.471253242564));
#3150 = ORIENTED_EDGE('',*,*,#2541,.T.);
#3151 = ORIENTED_EDGE('',*,*,#2378,.T.);
#3152 = ORIENTED_EDGE('',*,*,#3132,.T.);
#3153 = B_SPLINE_SURFACE_WITH_KNOTS('',1,1,(
    (#3154,#3155)
    ,(#3156,#3157
    )),.UNSPECIFIED.,.F.,.F.,.F.,(2,2),(2,2),(0.,35.),(0.,1.),
  .PIECEWISE_BEZIER_KNOTS.);
#3154 = CARTESIAN_POINT('',(-36.,17.5,0.));
#3155 = CARTESIAN_POINT('',(-31.41746372539,12.917463725392,175.));
#3156 = CARTESIAN_POINT('',(-36.,-17.5,0.));
#3157 = CARTESIAN_POINT('',(-31.41746372539,-12.91746372539,175.));
#3158 = ADVANCED_FACE('',(#3159),#3175,.T.);
#3159 = FACE_BOUND('',#3160,.T.);
#3160 = EDGE_LOOP('',(#3161,#3162,#3163,#3170));
#3161 = ORIENTED_EDGE('',*,*,#2984,.F.);
#3162 = ORIENTED_EDGE('',*,*,#2557,.T.);
#3163 = ORIENTED_EDGE('',*,*,#3164,.T.);
#3164 = EDGE_CURVE('',#2550,#3165,#3167,.T.);
#3165 = VERTEX_POINT('',#3166);
#3166 = CARTESIAN_POINT('',(33.5,2.E-15,95.471148242564));
#3167 = B_SPLINE_CURVE_WITH_KNOTS('',1,(#3168,#3169),.UNSPECIFIED.,.F.,
  .F.,(2,2),(0.,1.),.PIECEWISE_BEZIER_KNOTS.);
#3168 = CARTESIAN_POINT('',(36.,0.,0.));
#3169 = CARTESIAN_POINT('',(33.499997250478,0.,95.471253242564));
#3170 = ORIENTED_EDGE('',*,*,#3171,.T.);
#3171 = EDGE_CURVE('',#3165,#2985,#3172,.T.);
#3172 = B_SPLINE_CURVE_WITH_KNOTS('',1,(#3173,#3174),.UNSPECIFIED.,.F.,
  .F.,(2,2),(0.,1.),.PIECEWISE_BEZIER_KNOTS.);
#3173 = CARTESIAN_POINT('',(33.5,9.858905700126,95.471148242564));
#3174 = CARTESIAN_POINT('',(33.5,-9.858905700126,95.471148242564));
#3175 = B_SPLINE_SURFACE_WITH_KNOTS('',1,1,(
    (#3176,#3177)
    ,(#3178,#3179
    )),.UNSPECIFIED.,.F.,.F.,.F.,(2,2),(2,2),(0.,35.),(0.,1.),
  .PIECEWISE_BEZIER_KNOTS.);
#3176 = CARTESIAN_POINT('',(36.,-17.5,0.));
#3177 = CARTESIAN_POINT('',(31.417463725392,-12.91746372539,175.));
#3178 = CARTESIAN_POINT('',(36.,17.5,0.));
#3179 = CARTESIAN_POINT('',(31.417463725392,12.917463725392,175.));
#3180 = ADVANCED_FACE('',(#3181),#3201,.T.);
#3181 = FACE_BOUND('',#3182,.T.);
#3182 = EDGE_LOOP('',(#3183,#3184,#3185,#3186,#3194,#3200));
#3183 = ORIENTED_EDGE('',*,*,#2549,.F.);
#3184 = ORIENTED_EDGE('',*,*,#3146,.T.);
#3185 = ORIENTED_EDGE('',*,*,#3124,.F.);
#3186 = ORIENTED_EDGE('',*,*,#3187,.F.);
#3187 = EDGE_CURVE('',#3188,#3117,#3190,.T.);
#3188 = VERTEX_POINT('',#3189);
#3189 = CARTESIAN_POINT('',(33.5,0.,2.5));
#3190 = LINE('',#3191,#3192);
#3191 = CARTESIAN_POINT('',(-39.75,0.,2.5));
#3192 = VECTOR('',#3193,1.);
#3193 = DIRECTION('',(-1.,-0.,0.));
#3194 = ORIENTED_EDGE('',*,*,#3195,.T.);
#3195 = EDGE_CURVE('',#3188,#3165,#3196,.T.);
#3196 = LINE('',#3197,#3198);
#3197 = CARTESIAN_POINT('',(33.5,0.,-3.75));
#3198 = VECTOR('',#3199,1.);
#3199 = DIRECTION('',(0.,0.,1.));
#3200 = ORIENTED_EDGE('',*,*,#3164,.F.);
#3201 = PLANE('',#3202);
#3202 = AXIS2_PLACEMENT_3D('',#3203,#3204,#3205);
#3203 = CARTESIAN_POINT('',(-46.,0.,-10.));
#3204 = DIRECTION('',(0.,1.,0.));
#3205 = DIRECTION('',(0.,0.,1.));
#3206 = ADVANCED_FACE('',(#3207),#3219,.F.);
#3207 = FACE_BOUND('',#3208,.F.);
#3208 = EDGE_LOOP('',(#3209,#3210,#3216,#3217,#3218));
#3209 = ORIENTED_EDGE('',*,*,#2602,.F.);
#3210 = ORIENTED_EDGE('',*,*,#3211,.T.);
#3211 = EDGE_CURVE('',#2603,#3188,#3212,.T.);
#3212 = LINE('',#3213,#3214);
#3213 = CARTESIAN_POINT('',(33.5,-15.,2.5));
#3214 = VECTOR('',#3215,1.);
#3215 = DIRECTION('',(0.,1.,0.));
#3216 = ORIENTED_EDGE('',*,*,#3195,.T.);
#3217 = ORIENTED_EDGE('',*,*,#3171,.T.);
#3218 = ORIENTED_EDGE('',*,*,#3003,.F.);
#3219 = PLANE('',#3220);
#3220 = AXIS2_PLACEMENT_3D('',#3221,#3222,#3223);
#3221 = CARTESIAN_POINT('',(33.5,-15.,2.5));
#3222 = DIRECTION('',(1.,0.,0.));
#3223 = DIRECTION('',(0.,0.,1.));
#3224 = ADVANCED_FACE('',(#3225),#3231,.T.);
#3225 = FACE_BOUND('',#3226,.T.);
#3226 = EDGE_LOOP('',(#3227,#3228,#3229,#3230));
#3227 = ORIENTED_EDGE('',*,*,#3116,.F.);
#3228 = ORIENTED_EDGE('',*,*,#2612,.T.);
#3229 = ORIENTED_EDGE('',*,*,#3211,.T.);
#3230 = ORIENTED_EDGE('',*,*,#3187,.T.);
#3231 = PLANE('',#3232);
#3232 = AXIS2_PLACEMENT_3D('',#3233,#3234,#3235);
#3233 = CARTESIAN_POINT('',(-33.5,-15.,2.5));
#3234 = DIRECTION('',(0.,0.,1.));
#3235 = DIRECTION('',(1.,0.,0.));
#3236 = ADVANCED_FACE('',(#3237),#3263,.T.);
#3237 = FACE_BOUND('',#3238,.T.);
#3238 = EDGE_LOOP('',(#3239,#3240,#3248,#3256,#3262));
#3239 = ORIENTED_EDGE('',*,*,#2667,.F.);
#3240 = ORIENTED_EDGE('',*,*,#3241,.T.);
#3241 = EDGE_CURVE('',#2660,#3242,#3244,.T.);
#3242 = VERTEX_POINT('',#3243);
#3243 = CARTESIAN_POINT('',(19.,-9.,82.));
#3244 = LINE('',#3245,#3246);
#3245 = CARTESIAN_POINT('',(19.,-15.,82.));
#3246 = VECTOR('',#3247,1.);
#3247 = DIRECTION('',(0.,1.,0.));
#3248 = ORIENTED_EDGE('',*,*,#3249,.T.);
#3249 = EDGE_CURVE('',#3242,#3250,#3252,.T.);
#3250 = VERTEX_POINT('',#3251);
#3251 = CARTESIAN_POINT('',(19.,-9.,124.));
#3252 = LINE('',#3253,#3254);
#3253 = CARTESIAN_POINT('',(19.,-9.,82.));
#3254 = VECTOR('',#3255,1.);
#3255 = DIRECTION('',(0.,0.,1.));
#3256 = ORIENTED_EDGE('',*,*,#3257,.F.);
#3257 = EDGE_CURVE('',#2808,#3250,#3258,.T.);
#3258 = LINE('',#3259,#3260);
#3259 = CARTESIAN_POINT('',(19.,-15.,124.));
#3260 = VECTOR('',#3261,1.);
#3261 = DIRECTION('',(0.,1.,0.));
#3262 = ORIENTED_EDGE('',*,*,#2807,.F.);
#3263 = PLANE('',#3264);
#3264 = AXIS2_PLACEMENT_3D('',#3265,#3266,#3267);
#3265 = CARTESIAN_POINT('',(19.,-15.,82.));
#3266 = DIRECTION('',(1.,0.,0.));
#3267 = DIRECTION('',(0.,0.,1.));
#3268 = ADVANCED_FACE('',(#3269),#3287,.F.);
#3269 = FACE_BOUND('',#3270,.F.);
#3270 = EDGE_LOOP('',(#3271,#3279,#3280,#3281));
#3271 = ORIENTED_EDGE('',*,*,#3272,.F.);
#3272 = EDGE_CURVE('',#2652,#3273,#3275,.T.);
#3273 = VERTEX_POINT('',#3274);
#3274 = CARTESIAN_POINT('',(17.5,-9.,82.));
#3275 = LINE('',#3276,#3277);
#3276 = CARTESIAN_POINT('',(17.5,-15.,82.));
#3277 = VECTOR('',#3278,1.);
#3278 = DIRECTION('',(0.,1.,0.));
#3279 = ORIENTED_EDGE('',*,*,#2659,.T.);
#3280 = ORIENTED_EDGE('',*,*,#3241,.T.);
#3281 = ORIENTED_EDGE('',*,*,#3282,.F.);
#3282 = EDGE_CURVE('',#3273,#3242,#3283,.T.);
#3283 = LINE('',#3284,#3285);
#3284 = CARTESIAN_POINT('',(17.5,-9.,82.));
#3285 = VECTOR('',#3286,1.);
#3286 = DIRECTION('',(1.,0.,0.));
#3287 = PLANE('',#3288);
#3288 = AXIS2_PLACEMENT_3D('',#3289,#3290,#3291);
#3289 = CARTESIAN_POINT('',(17.5,-15.,82.));
#3290 = DIRECTION('',(0.,0.,1.));
#3291 = DIRECTION('',(1.,0.,0.));
#3292 = ADVANCED_FACE('',(#3293),#3319,.F.);
#3293 = FACE_BOUND('',#3294,.F.);
#3294 = EDGE_LOOP('',(#3295,#3296,#3304,#3312,#3318));
#3295 = ORIENTED_EDGE('',*,*,#2628,.F.);
#3296 = ORIENTED_EDGE('',*,*,#3297,.T.);
#3297 = EDGE_CURVE('',#2629,#3298,#3300,.T.);
#3298 = VERTEX_POINT('',#3299);
#3299 = CARTESIAN_POINT('',(-19.,-9.,82.));
#3300 = LINE('',#3301,#3302);
#3301 = CARTESIAN_POINT('',(-19.,-15.,82.));
#3302 = VECTOR('',#3303,1.);
#3303 = DIRECTION('',(0.,1.,0.));
#3304 = ORIENTED_EDGE('',*,*,#3305,.T.);
#3305 = EDGE_CURVE('',#3298,#3306,#3308,.T.);
#3306 = VERTEX_POINT('',#3307);
#3307 = CARTESIAN_POINT('',(-19.,-9.,124.));
#3308 = LINE('',#3309,#3310);
#3309 = CARTESIAN_POINT('',(-19.,-9.,82.));
#3310 = VECTOR('',#3311,1.);
#3311 = DIRECTION('',(0.,0.,1.));
#3312 = ORIENTED_EDGE('',*,*,#3313,.F.);
#3313 = EDGE_CURVE('',#2895,#3306,#3314,.T.);
#3314 = LINE('',#3315,#3316);
#3315 = CARTESIAN_POINT('',(-19.,-15.,124.));
#3316 = VECTOR('',#3317,1.);
#3317 = DIRECTION('',(0.,1.,0.));
#3318 = ORIENTED_EDGE('',*,*,#2894,.F.);
#3319 = PLANE('',#3320);
#3320 = AXIS2_PLACEMENT_3D('',#3321,#3322,#3323);
#3321 = CARTESIAN_POINT('',(-19.,-15.,82.));
#3322 = DIRECTION('',(1.,0.,0.));
#3323 = DIRECTION('',(0.,0.,1.));
#3324 = ADVANCED_FACE('',(#3325),#3344,.F.);
#3325 = FACE_BOUND('',#3326,.F.);
#3326 = EDGE_LOOP('',(#3327,#3328,#3329,#3337,#3343));
#3327 = ORIENTED_EDGE('',*,*,#2651,.F.);
#3328 = ORIENTED_EDGE('',*,*,#3272,.T.);
#3329 = ORIENTED_EDGE('',*,*,#3330,.T.);
#3330 = EDGE_CURVE('',#3273,#3331,#3333,.T.);
#3331 = VERTEX_POINT('',#3332);
#3332 = CARTESIAN_POINT('',(17.5,-9.,124.));
#3333 = LINE('',#3334,#3335);
#3334 = CARTESIAN_POINT('',(17.5,-9.,82.));
#3335 = VECTOR('',#3336,1.);
#3336 = DIRECTION('',(0.,0.,1.));
#3337 = ORIENTED_EDGE('',*,*,#3338,.F.);
#3338 = EDGE_CURVE('',#2845,#3331,#3339,.T.);
#3339 = LINE('',#3340,#3341);
#3340 = CARTESIAN_POINT('',(17.5,-15.,124.));
#3341 = VECTOR('',#3342,1.);
#3342 = DIRECTION('',(0.,1.,0.));
#3343 = ORIENTED_EDGE('',*,*,#2851,.F.);
#3344 = PLANE('',#3345);
#3345 = AXIS2_PLACEMENT_3D('',#3346,#3347,#3348);
#3346 = CARTESIAN_POINT('',(17.5,-15.,82.));
#3347 = DIRECTION('',(1.,0.,0.));
#3348 = DIRECTION('',(0.,0.,1.));
#3349 = ADVANCED_FACE('',(#3350),#3368,.F.);
#3350 = FACE_BOUND('',#3351,.F.);
#3351 = EDGE_LOOP('',(#3352,#3353,#3354,#3362));
#3352 = ORIENTED_EDGE('',*,*,#3297,.F.);
#3353 = ORIENTED_EDGE('',*,*,#2636,.T.);
#3354 = ORIENTED_EDGE('',*,*,#3355,.T.);
#3355 = EDGE_CURVE('',#2637,#3356,#3358,.T.);
#3356 = VERTEX_POINT('',#3357);
#3357 = CARTESIAN_POINT('',(-17.5,-9.,82.));
#3358 = LINE('',#3359,#3360);
#3359 = CARTESIAN_POINT('',(-17.5,-15.,82.));
#3360 = VECTOR('',#3361,1.);
#3361 = DIRECTION('',(0.,1.,0.));
#3362 = ORIENTED_EDGE('',*,*,#3363,.F.);
#3363 = EDGE_CURVE('',#3298,#3356,#3364,.T.);
#3364 = LINE('',#3365,#3366);
#3365 = CARTESIAN_POINT('',(-19.,-9.,82.));
#3366 = VECTOR('',#3367,1.);
#3367 = DIRECTION('',(1.,0.,0.));
#3368 = PLANE('',#3369);
#3369 = AXIS2_PLACEMENT_3D('',#3370,#3371,#3372);
#3370 = CARTESIAN_POINT('',(-19.,-15.,82.));
#3371 = DIRECTION('',(0.,0.,1.));
#3372 = DIRECTION('',(1.,0.,0.));
#3373 = ADVANCED_FACE('',(#3374),#3393,.T.);
#3374 = FACE_BOUND('',#3375,.T.);
#3375 = EDGE_LOOP('',(#3376,#3377,#3378,#3386,#3392));
#3376 = ORIENTED_EDGE('',*,*,#2644,.F.);
#3377 = ORIENTED_EDGE('',*,*,#3355,.T.);
#3378 = ORIENTED_EDGE('',*,*,#3379,.T.);
#3379 = EDGE_CURVE('',#3356,#3380,#3382,.T.);
#3380 = VERTEX_POINT('',#3381);
#3381 = CARTESIAN_POINT('',(-17.5,-9.,124.));
#3382 = LINE('',#3383,#3384);
#3383 = CARTESIAN_POINT('',(-17.5,-9.,82.));
#3384 = VECTOR('',#3385,1.);
#3385 = DIRECTION('',(0.,0.,1.));
#3386 = ORIENTED_EDGE('',*,*,#3387,.F.);
#3387 = EDGE_CURVE('',#2933,#3380,#3388,.T.);
#3388 = LINE('',#3389,#3390);
#3389 = CARTESIAN_POINT('',(-17.5,-15.,124.));
#3390 = VECTOR('',#3391,1.);
#3391 = DIRECTION('',(0.,1.,0.));
#3392 = ORIENTED_EDGE('',*,*,#2932,.F.);
#3393 = PLANE('',#3394);
#3394 = AXIS2_PLACEMENT_3D('',#3395,#3396,#3397);
#3395 = CARTESIAN_POINT('',(-17.5,-15.,82.));
#3396 = DIRECTION('',(1.,0.,0.));
#3397 = DIRECTION('',(0.,0.,1.));
#3398 = ADVANCED_FACE('',(#3399),#3418,.T.);
#3399 = FACE_BOUND('',#3400,.T.);
#3400 = EDGE_LOOP('',(#3401,#3402,#3410,#3417));
#3401 = ORIENTED_EDGE('',*,*,#2723,.F.);
#3402 = ORIENTED_EDGE('',*,*,#3403,.F.);
#3403 = EDGE_CURVE('',#3404,#2724,#3406,.T.);
#3404 = VERTEX_POINT('',#3405);
#3405 = CARTESIAN_POINT('',(-25.,-6.,9.));
#3406 = LINE('',#3407,#3408);
#3407 = CARTESIAN_POINT('',(-25.,-6.,9.));
#3408 = VECTOR('',#3409,1.);
#3409 = DIRECTION('',(0.,-1.,0.));
#3410 = ORIENTED_EDGE('',*,*,#3411,.T.);
#3411 = EDGE_CURVE('',#3404,#3404,#3412,.T.);
#3412 = CIRCLE('',#3413,4.);
#3413 = AXIS2_PLACEMENT_3D('',#3414,#3415,#3416);
#3414 = CARTESIAN_POINT('',(-29.,-6.,9.));
#3415 = DIRECTION('',(0.,-1.,0.));
#3416 = DIRECTION('',(1.,0.,0.));
#3417 = ORIENTED_EDGE('',*,*,#3403,.T.);
#3418 = CYLINDRICAL_SURFACE('',#3419,4.);
#3419 = AXIS2_PLACEMENT_3D('',#3420,#3421,#3422);
#3420 = CARTESIAN_POINT('',(-29.,-6.,9.));
#3421 = DIRECTION('',(0.,-1.,0.));
#3422 = DIRECTION('',(1.,0.,0.));
#3423 = ADVANCED_FACE('',(#3424),#3443,.T.);
#3424 = FACE_BOUND('',#3425,.T.);
#3425 = EDGE_LOOP('',(#3426,#3427,#3435,#3442));
#3426 = ORIENTED_EDGE('',*,*,#2734,.F.);
#3427 = ORIENTED_EDGE('',*,*,#3428,.F.);
#3428 = EDGE_CURVE('',#3429,#2735,#3431,.T.);
#3429 = VERTEX_POINT('',#3430);
#3430 = CARTESIAN_POINT('',(-21.5,-10.5,25.));
#3431 = LINE('',#3432,#3433);
#3432 = CARTESIAN_POINT('',(-21.5,-10.5,25.));
#3433 = VECTOR('',#3434,1.);
#3434 = DIRECTION('',(0.,-1.,0.));
#3435 = ORIENTED_EDGE('',*,*,#3436,.T.);
#3436 = EDGE_CURVE('',#3429,#3429,#3437,.T.);
#3437 = CIRCLE('',#3438,2.5);
#3438 = AXIS2_PLACEMENT_3D('',#3439,#3440,#3441);
#3439 = CARTESIAN_POINT('',(-24.,-10.5,25.));
#3440 = DIRECTION('',(0.,-1.,0.));
#3441 = DIRECTION('',(1.,0.,0.));
#3442 = ORIENTED_EDGE('',*,*,#3428,.T.);
#3443 = CYLINDRICAL_SURFACE('',#3444,2.5);
#3444 = AXIS2_PLACEMENT_3D('',#3445,#3446,#3447);
#3445 = CARTESIAN_POINT('',(-24.,-10.5,25.));
#3446 = DIRECTION('',(0.,-1.,0.));
#3447 = DIRECTION('',(1.,0.,0.));
#3448 = ADVANCED_FACE('',(#3449),#3468,.T.);
#3449 = FACE_BOUND('',#3450,.T.);
#3450 = EDGE_LOOP('',(#3451,#3452,#3460,#3467));
#3451 = ORIENTED_EDGE('',*,*,#2745,.F.);
#3452 = ORIENTED_EDGE('',*,*,#3453,.F.);
#3453 = EDGE_CURVE('',#3454,#2746,#3456,.T.);
#3454 = VERTEX_POINT('',#3455);
#3455 = CARTESIAN_POINT('',(-21.5,-10.5,75.));
#3456 = LINE('',#3457,#3458);
#3457 = CARTESIAN_POINT('',(-21.5,-10.5,75.));
#3458 = VECTOR('',#3459,1.);
#3459 = DIRECTION('',(0.,-1.,0.));
#3460 = ORIENTED_EDGE('',*,*,#3461,.T.);
#3461 = EDGE_CURVE('',#3454,#3454,#3462,.T.);
#3462 = CIRCLE('',#3463,2.5);
#3463 = AXIS2_PLACEMENT_3D('',#3464,#3465,#3466);
#3464 = CARTESIAN_POINT('',(-24.,-10.5,75.));
#3465 = DIRECTION('',(0.,-1.,0.));
#3466 = DIRECTION('',(1.,0.,0.));
#3467 = ORIENTED_EDGE('',*,*,#3453,.T.);
#3468 = CYLINDRICAL_SURFACE('',#3469,2.5);
#3469 = AXIS2_PLACEMENT_3D('',#3470,#3471,#3472);
#3470 = CARTESIAN_POINT('',(-24.,-10.5,75.));
#3471 = DIRECTION('',(0.,-1.,0.));
#3472 = DIRECTION('',(1.,0.,0.));
#3473 = ADVANCED_FACE('',(#3474),#3493,.T.);
#3474 = FACE_BOUND('',#3475,.T.);
#3475 = EDGE_LOOP('',(#3476,#3477,#3485,#3492));
#3476 = ORIENTED_EDGE('',*,*,#2767,.F.);
#3477 = ORIENTED_EDGE('',*,*,#3478,.F.);
#3478 = EDGE_CURVE('',#3479,#2768,#3481,.T.);
#3479 = VERTEX_POINT('',#3480);
#3480 = CARTESIAN_POINT('',(33.,-6.,9.));
#3481 = LINE('',#3482,#3483);
#3482 = CARTESIAN_POINT('',(33.,-6.,9.));
#3483 = VECTOR('',#3484,1.);
#3484 = DIRECTION('',(0.,-1.,0.));
#3485 = ORIENTED_EDGE('',*,*,#3486,.T.);
#3486 = EDGE_CURVE('',#3479,#3479,#3487,.T.);
#3487 = CIRCLE('',#3488,4.);
#3488 = AXIS2_PLACEMENT_3D('',#3489,#3490,#3491);
#3489 = CARTESIAN_POINT('',(29.,-6.,9.));
#3490 = DIRECTION('',(0.,-1.,0.));
#3491 = DIRECTION('',(1.,0.,0.));
#3492 = ORIENTED_EDGE('',*,*,#3478,.T.);
#3493 = CYLINDRICAL_SURFACE('',#3494,4.);
#3494 = AXIS2_PLACEMENT_3D('',#3495,#3496,#3497);
#3495 = CARTESIAN_POINT('',(29.,-6.,9.));
#3496 = DIRECTION('',(0.,-1.,0.));
#3497 = DIRECTION('',(1.,0.,0.));
#3498 = ADVANCED_FACE('',(#3499),#3518,.T.);
#3499 = FACE_BOUND('',#3500,.T.);
#3500 = EDGE_LOOP('',(#3501,#3502,#3510,#3517));
#3501 = ORIENTED_EDGE('',*,*,#2778,.F.);
#3502 = ORIENTED_EDGE('',*,*,#3503,.F.);
#3503 = EDGE_CURVE('',#3504,#2779,#3506,.T.);
#3504 = VERTEX_POINT('',#3505);
#3505 = CARTESIAN_POINT('',(26.5,-10.5,25.));
#3506 = LINE('',#3507,#3508);
#3507 = CARTESIAN_POINT('',(26.5,-10.5,25.));
#3508 = VECTOR('',#3509,1.);
#3509 = DIRECTION('',(0.,-1.,0.));
#3510 = ORIENTED_EDGE('',*,*,#3511,.T.);
#3511 = EDGE_CURVE('',#3504,#3504,#3512,.T.);
#3512 = CIRCLE('',#3513,2.5);
#3513 = AXIS2_PLACEMENT_3D('',#3514,#3515,#3516);
#3514 = CARTESIAN_POINT('',(24.,-10.5,25.));
#3515 = DIRECTION('',(0.,-1.,0.));
#3516 = DIRECTION('',(1.,0.,0.));
#3517 = ORIENTED_EDGE('',*,*,#3503,.T.);
#3518 = CYLINDRICAL_SURFACE('',#3519,2.5);
#3519 = AXIS2_PLACEMENT_3D('',#3520,#3521,#3522);
#3520 = CARTESIAN_POINT('',(24.,-10.5,25.));
#3521 = DIRECTION('',(0.,-1.,0.));
#3522 = DIRECTION('',(1.,0.,0.));
#3523 = ADVANCED_FACE('',(#3524),#3543,.T.);
#3524 = FACE_BOUND('',#3525,.T.);
#3525 = EDGE_LOOP('',(#3526,#3527,#3535,#3542));
#3526 = ORIENTED_EDGE('',*,*,#2789,.F.);
#3527 = ORIENTED_EDGE('',*,*,#3528,.F.);
#3528 = EDGE_CURVE('',#3529,#2790,#3531,.T.);
#3529 = VERTEX_POINT('',#3530);
#3530 = CARTESIAN_POINT('',(26.5,-10.5,75.));
#3531 = LINE('',#3532,#3533);
#3532 = CARTESIAN_POINT('',(26.5,-10.5,75.));
#3533 = VECTOR('',#3534,1.);
#3534 = DIRECTION('',(0.,-1.,0.));
#3535 = ORIENTED_EDGE('',*,*,#3536,.T.);
#3536 = EDGE_CURVE('',#3529,#3529,#3537,.T.);
#3537 = CIRCLE('',#3538,2.5);
#3538 = AXIS2_PLACEMENT_3D('',#3539,#3540,#3541);
#3539 = CARTESIAN_POINT('',(24.,-10.5,75.));
#3540 = DIRECTION('',(0.,-1.,0.));
#3541 = DIRECTION('',(1.,0.,0.));
#3542 = ORIENTED_EDGE('',*,*,#3528,.T.);
#3543 = CYLINDRICAL_SURFACE('',#3544,2.5);
#3544 = AXIS2_PLACEMENT_3D('',#3545,#3546,#3547);
#3545 = CARTESIAN_POINT('',(24.,-10.5,75.));
#3546 = DIRECTION('',(0.,-1.,0.));
#3547 = DIRECTION('',(1.,0.,0.));
#3548 = ADVANCED_FACE('',(#3549),#3560,.T.);
#3549 = FACE_BOUND('',#3550,.T.);
#3550 = EDGE_LOOP('',(#3551,#3552,#3553,#3554));
#3551 = ORIENTED_EDGE('',*,*,#3338,.F.);
#3552 = ORIENTED_EDGE('',*,*,#2844,.F.);
#3553 = ORIENTED_EDGE('',*,*,#3257,.T.);
#3554 = ORIENTED_EDGE('',*,*,#3555,.F.);
#3555 = EDGE_CURVE('',#3331,#3250,#3556,.T.);
#3556 = LINE('',#3557,#3558);
#3557 = CARTESIAN_POINT('',(17.5,-9.,124.));
#3558 = VECTOR('',#3559,1.);
#3559 = DIRECTION('',(1.,0.,0.));
#3560 = PLANE('',#3561);
#3561 = AXIS2_PLACEMENT_3D('',#3562,#3563,#3564);
#3562 = CARTESIAN_POINT('',(17.5,-15.,124.));
#3563 = DIRECTION('',(0.,0.,1.));
#3564 = DIRECTION('',(1.,0.,0.));
#3565 = ADVANCED_FACE('',(#3566),#3577,.T.);
#3566 = FACE_BOUND('',#3567,.T.);
#3567 = EDGE_LOOP('',(#3568,#3569,#3570,#3571));
#3568 = ORIENTED_EDGE('',*,*,#3313,.F.);
#3569 = ORIENTED_EDGE('',*,*,#2969,.F.);
#3570 = ORIENTED_EDGE('',*,*,#3387,.T.);
#3571 = ORIENTED_EDGE('',*,*,#3572,.F.);
#3572 = EDGE_CURVE('',#3306,#3380,#3573,.T.);
#3573 = LINE('',#3574,#3575);
#3574 = CARTESIAN_POINT('',(-19.,-9.,124.));
#3575 = VECTOR('',#3576,1.);
#3576 = DIRECTION('',(1.,0.,0.));
#3577 = PLANE('',#3578);
#3578 = AXIS2_PLACEMENT_3D('',#3579,#3580,#3581);
#3579 = CARTESIAN_POINT('',(-19.,-15.,124.));
#3580 = DIRECTION('',(0.,0.,1.));
#3581 = DIRECTION('',(1.,0.,0.));
#3582 = ADVANCED_FACE('',(#3583),#3589,.T.);
#3583 = FACE_BOUND('',#3584,.T.);
#3584 = EDGE_LOOP('',(#3585,#3586,#3587,#3588));
#3585 = ORIENTED_EDGE('',*,*,#3282,.F.);
#3586 = ORIENTED_EDGE('',*,*,#3330,.T.);
#3587 = ORIENTED_EDGE('',*,*,#3555,.T.);
#3588 = ORIENTED_EDGE('',*,*,#3249,.F.);
#3589 = PLANE('',#3590);
#3590 = AXIS2_PLACEMENT_3D('',#3591,#3592,#3593);
#3591 = CARTESIAN_POINT('',(17.5,-9.,82.));
#3592 = DIRECTION('',(0.,1.,0.));
#3593 = DIRECTION('',(0.,0.,1.));
#3594 = ADVANCED_FACE('',(#3595),#3601,.T.);
#3595 = FACE_BOUND('',#3596,.T.);
#3596 = EDGE_LOOP('',(#3597,#3598,#3599,#3600));
#3597 = ORIENTED_EDGE('',*,*,#3363,.F.);
#3598 = ORIENTED_EDGE('',*,*,#3305,.T.);
#3599 = ORIENTED_EDGE('',*,*,#3572,.T.);
#3600 = ORIENTED_EDGE('',*,*,#3379,.F.);
#3601 = PLANE('',#3602);
#3602 = AXIS2_PLACEMENT_3D('',#3603,#3604,#3605);
#3603 = CARTESIAN_POINT('',(-19.,-9.,82.));
#3604 = DIRECTION('',(0.,1.,0.));
#3605 = DIRECTION('',(0.,0.,1.));
#3606 = ADVANCED_FACE('',(#3607,#3610),#3621,.F.);
#3607 = FACE_BOUND('',#3608,.F.);
#3608 = EDGE_LOOP('',(#3609));
#3609 = ORIENTED_EDGE('',*,*,#3411,.T.);
#3610 = FACE_BOUND('',#3611,.F.);
#3611 = EDGE_LOOP('',(#3612));
#3612 = ORIENTED_EDGE('',*,*,#3613,.F.);
#3613 = EDGE_CURVE('',#3614,#3614,#3616,.T.);
#3614 = VERTEX_POINT('',#3615);
#3615 = CARTESIAN_POINT('',(-27.75,-6.,9.));
#3616 = CIRCLE('',#3617,1.25);
#3617 = AXIS2_PLACEMENT_3D('',#3618,#3619,#3620);
#3618 = CARTESIAN_POINT('',(-29.,-6.,9.));
#3619 = DIRECTION('',(0.,-1.,0.));
#3620 = DIRECTION('',(1.,0.,0.));
#3621 = PLANE('',#3622);
#3622 = AXIS2_PLACEMENT_3D('',#3623,#3624,#3625);
#3623 = CARTESIAN_POINT('',(-29.,-6.,9.));
#3624 = DIRECTION('',(0.,-1.,0.));
#3625 = DIRECTION('',(1.,0.,0.));
#3626 = ADVANCED_FACE('',(#3627,#3630),#3641,.F.);
#3627 = FACE_BOUND('',#3628,.F.);
#3628 = EDGE_LOOP('',(#3629));
#3629 = ORIENTED_EDGE('',*,*,#3436,.T.);
#3630 = FACE_BOUND('',#3631,.F.);
#3631 = EDGE_LOOP('',(#3632));
#3632 = ORIENTED_EDGE('',*,*,#3633,.F.);
#3633 = EDGE_CURVE('',#3634,#3634,#3636,.T.);
#3634 = VERTEX_POINT('',#3635);
#3635 = CARTESIAN_POINT('',(-23.,-10.5,25.));
#3636 = CIRCLE('',#3637,1.);
#3637 = AXIS2_PLACEMENT_3D('',#3638,#3639,#3640);
#3638 = CARTESIAN_POINT('',(-24.,-10.5,25.));
#3639 = DIRECTION('',(0.,-1.,0.));
#3640 = DIRECTION('',(1.,0.,0.));
#3641 = PLANE('',#3642);
#3642 = AXIS2_PLACEMENT_3D('',#3643,#3644,#3645);
#3643 = CARTESIAN_POINT('',(-24.,-10.5,25.));
#3644 = DIRECTION('',(0.,-1.,0.));
#3645 = DIRECTION('',(1.,0.,0.));
#3646 = ADVANCED_FACE('',(#3647,#3650),#3661,.F.);
#3647 = FACE_BOUND('',#3648,.F.);
#3648 = EDGE_LOOP('',(#3649));
#3649 = ORIENTED_EDGE('',*,*,#3461,.T.);
#3650 = FACE_BOUND('',#3651,.F.);
#3651 = EDGE_LOOP('',(#3652));
#3652 = ORIENTED_EDGE('',*,*,#3653,.F.);
#3653 = EDGE_CURVE('',#3654,#3654,#3656,.T.);
#3654 = VERTEX_POINT('',#3655);
#3655 = CARTESIAN_POINT('',(-23.,-10.5,75.));
#3656 = CIRCLE('',#3657,1.);
#3657 = AXIS2_PLACEMENT_3D('',#3658,#3659,#3660);
#3658 = CARTESIAN_POINT('',(-24.,-10.5,75.));
#3659 = DIRECTION('',(0.,-1.,0.));
#3660 = DIRECTION('',(1.,0.,0.));
#3661 = PLANE('',#3662);
#3662 = AXIS2_PLACEMENT_3D('',#3663,#3664,#3665);
#3663 = CARTESIAN_POINT('',(-24.,-10.5,75.));
#3664 = DIRECTION('',(0.,-1.,0.));
#3665 = DIRECTION('',(1.,0.,0.));
#3666 = ADVANCED_FACE('',(#3667,#3670),#3681,.F.);
#3667 = FACE_BOUND('',#3668,.F.);
#3668 = EDGE_LOOP('',(#3669));
#3669 = ORIENTED_EDGE('',*,*,#3486,.T.);
#3670 = FACE_BOUND('',#3671,.F.);
#3671 = EDGE_LOOP('',(#3672));
#3672 = ORIENTED_EDGE('',*,*,#3673,.F.);
#3673 = EDGE_CURVE('',#3674,#3674,#3676,.T.);
#3674 = VERTEX_POINT('',#3675);
#3675 = CARTESIAN_POINT('',(30.25,-6.,9.));
#3676 = CIRCLE('',#3677,1.25);
#3677 = AXIS2_PLACEMENT_3D('',#3678,#3679,#3680);
#3678 = CARTESIAN_POINT('',(29.,-6.,9.));
#3679 = DIRECTION('',(0.,-1.,0.));
#3680 = DIRECTION('',(1.,0.,0.));
#3681 = PLANE('',#3682);
#3682 = AXIS2_PLACEMENT_3D('',#3683,#3684,#3685);
#3683 = CARTESIAN_POINT('',(29.,-6.,9.));
#3684 = DIRECTION('',(0.,-1.,0.));
#3685 = DIRECTION('',(1.,0.,0.));
#3686 = ADVANCED_FACE('',(#3687,#3690),#3701,.F.);
#3687 = FACE_BOUND('',#3688,.F.);
#3688 = EDGE_LOOP('',(#3689));
#3689 = ORIENTED_EDGE('',*,*,#3511,.T.);
#3690 = FACE_BOUND('',#3691,.F.);
#3691 = EDGE_LOOP('',(#3692));
#3692 = ORIENTED_EDGE('',*,*,#3693,.F.);
#3693 = EDGE_CURVE('',#3694,#3694,#3696,.T.);
#3694 = VERTEX_POINT('',#3695);
#3695 = CARTESIAN_POINT('',(25.,-10.5,25.));
#3696 = CIRCLE('',#3697,1.);
#3697 = AXIS2_PLACEMENT_3D('',#3698,#3699,#3700);
#3698 = CARTESIAN_POINT('',(24.,-10.5,25.));
#3699 = DIRECTION('',(0.,-1.,0.));
#3700 = DIRECTION('',(1.,0.,0.));
#3701 = PLANE('',#3702);
#3702 = AXIS2_PLACEMENT_3D('',#3703,#3704,#3705);
#3703 = CARTESIAN_POINT('',(24.,-10.5,25.));
#3704 = DIRECTION('',(0.,-1.,0.));
#3705 = DIRECTION('',(1.,0.,0.));
#3706 = ADVANCED_FACE('',(#3707,#3710),#3721,.F.);
#3707 = FACE_BOUND('',#3708,.F.);
#3708 = EDGE_LOOP('',(#3709));
#3709 = ORIENTED_EDGE('',*,*,#3536,.T.);
#3710 = FACE_BOUND('',#3711,.F.);
#3711 = EDGE_LOOP('',(#3712));
#3712 = ORIENTED_EDGE('',*,*,#3713,.F.);
#3713 = EDGE_CURVE('',#3714,#3714,#3716,.T.);
#3714 = VERTEX_POINT('',#3715);
#3715 = CARTESIAN_POINT('',(25.,-10.5,75.));
#3716 = CIRCLE('',#3717,1.);
#3717 = AXIS2_PLACEMENT_3D('',#3718,#3719,#3720);
#3718 = CARTESIAN_POINT('',(24.,-10.5,75.));
#3719 = DIRECTION('',(0.,-1.,0.));
#3720 = DIRECTION('',(1.,0.,0.));
#3721 = PLANE('',#3722);
#3722 = AXIS2_PLACEMENT_3D('',#3723,#3724,#3725);
#3723 = CARTESIAN_POINT('',(24.,-10.5,75.));
#3724 = DIRECTION('',(0.,-1.,0.));
#3725 = DIRECTION('',(1.,0.,0.));
#3726 = ADVANCED_FACE('',(#3727),#3746,.F.);
#3727 = FACE_BOUND('',#3728,.F.);
#3728 = EDGE_LOOP('',(#3729,#3738,#3744,#3745));
#3729 = ORIENTED_EDGE('',*,*,#3730,.F.);
#3730 = EDGE_CURVE('',#3731,#3731,#3733,.T.);
#3731 = VERTEX_POINT('',#3732);
#3732 = CARTESIAN_POINT('',(-27.75,-15.,9.));
#3733 = CIRCLE('',#3734,1.25);
#3734 = AXIS2_PLACEMENT_3D('',#3735,#3736,#3737);
#3735 = CARTESIAN_POINT('',(-29.,-15.,9.));
#3736 = DIRECTION('',(0.,-1.,1.1E-16));
#3737 = DIRECTION('',(1.,0.,0.));
#3738 = ORIENTED_EDGE('',*,*,#3739,.F.);
#3739 = EDGE_CURVE('',#3614,#3731,#3740,.T.);
#3740 = LINE('',#3741,#3742);
#3741 = CARTESIAN_POINT('',(-27.75,-6.,9.));
#3742 = VECTOR('',#3743,1.);
#3743 = DIRECTION('',(0.,-1.,0.));
#3744 = ORIENTED_EDGE('',*,*,#3613,.T.);
#3745 = ORIENTED_EDGE('',*,*,#3739,.T.);
#3746 = CYLINDRICAL_SURFACE('',#3747,1.25);
#3747 = AXIS2_PLACEMENT_3D('',#3748,#3749,#3750);
#3748 = CARTESIAN_POINT('',(-29.,-6.,9.));
#3749 = DIRECTION('',(0.,-1.,0.));
#3750 = DIRECTION('',(1.,0.,0.));
#3751 = ADVANCED_FACE('',(#3752),#3771,.F.);
#3752 = FACE_BOUND('',#3753,.F.);
#3753 = EDGE_LOOP('',(#3754,#3763,#3769,#3770));
#3754 = ORIENTED_EDGE('',*,*,#3755,.F.);
#3755 = EDGE_CURVE('',#3756,#3756,#3758,.T.);
#3756 = VERTEX_POINT('',#3757);
#3757 = CARTESIAN_POINT('',(-23.,-15.,25.));
#3758 = CIRCLE('',#3759,1.);
#3759 = AXIS2_PLACEMENT_3D('',#3760,#3761,#3762);
#3760 = CARTESIAN_POINT('',(-24.,-15.,25.));
#3761 = DIRECTION('',(0.,-1.,1.1E-16));
#3762 = DIRECTION('',(1.,0.,0.));
#3763 = ORIENTED_EDGE('',*,*,#3764,.F.);
#3764 = EDGE_CURVE('',#3634,#3756,#3765,.T.);
#3765 = LINE('',#3766,#3767);
#3766 = CARTESIAN_POINT('',(-23.,-10.5,25.));
#3767 = VECTOR('',#3768,1.);
#3768 = DIRECTION('',(0.,-1.,0.));
#3769 = ORIENTED_EDGE('',*,*,#3633,.T.);
#3770 = ORIENTED_EDGE('',*,*,#3764,.T.);
#3771 = CYLINDRICAL_SURFACE('',#3772,1.);
#3772 = AXIS2_PLACEMENT_3D('',#3773,#3774,#3775);
#3773 = CARTESIAN_POINT('',(-24.,-10.5,25.));
#3774 = DIRECTION('',(0.,-1.,0.));
#3775 = DIRECTION('',(1.,0.,0.));
#3776 = ADVANCED_FACE('',(#3777),#3796,.F.);
#3777 = FACE_BOUND('',#3778,.F.);
#3778 = EDGE_LOOP('',(#3779,#3788,#3794,#3795));
#3779 = ORIENTED_EDGE('',*,*,#3780,.F.);
#3780 = EDGE_CURVE('',#3781,#3781,#3783,.T.);
#3781 = VERTEX_POINT('',#3782);
#3782 = CARTESIAN_POINT('',(-23.,-15.,75.));
#3783 = CIRCLE('',#3784,1.);
#3784 = AXIS2_PLACEMENT_3D('',#3785,#3786,#3787);
#3785 = CARTESIAN_POINT('',(-24.,-15.,75.));
#3786 = DIRECTION('',(0.,-1.,1.1E-16));
#3787 = DIRECTION('',(1.,0.,0.));
#3788 = ORIENTED_EDGE('',*,*,#3789,.F.);
#3789 = EDGE_CURVE('',#3654,#3781,#3790,.T.);
#3790 = LINE('',#3791,#3792);
#3791 = CARTESIAN_POINT('',(-23.,-10.5,75.));
#3792 = VECTOR('',#3793,1.);
#3793 = DIRECTION('',(0.,-1.,0.));
#3794 = ORIENTED_EDGE('',*,*,#3653,.T.);
#3795 = ORIENTED_EDGE('',*,*,#3789,.T.);
#3796 = CYLINDRICAL_SURFACE('',#3797,1.);
#3797 = AXIS2_PLACEMENT_3D('',#3798,#3799,#3800);
#3798 = CARTESIAN_POINT('',(-24.,-10.5,75.));
#3799 = DIRECTION('',(0.,-1.,0.));
#3800 = DIRECTION('',(1.,0.,0.));
#3801 = ADVANCED_FACE('',(#3802),#3821,.F.);
#3802 = FACE_BOUND('',#3803,.F.);
#3803 = EDGE_LOOP('',(#3804,#3813,#3819,#3820));
#3804 = ORIENTED_EDGE('',*,*,#3805,.F.);
#3805 = EDGE_CURVE('',#3806,#3806,#3808,.T.);
#3806 = VERTEX_POINT('',#3807);
#3807 = CARTESIAN_POINT('',(30.25,-15.,9.));
#3808 = CIRCLE('',#3809,1.25);
#3809 = AXIS2_PLACEMENT_3D('',#3810,#3811,#3812);
#3810 = CARTESIAN_POINT('',(29.,-15.,9.));
#3811 = DIRECTION('',(0.,-1.,1.1E-16));
#3812 = DIRECTION('',(1.,0.,0.));
#3813 = ORIENTED_EDGE('',*,*,#3814,.F.);
#3814 = EDGE_CURVE('',#3674,#3806,#3815,.T.);
#3815 = LINE('',#3816,#3817);
#3816 = CARTESIAN_POINT('',(30.25,-6.,9.));
#3817 = VECTOR('',#3818,1.);
#3818 = DIRECTION('',(0.,-1.,0.));
#3819 = ORIENTED_EDGE('',*,*,#3673,.T.);
#3820 = ORIENTED_EDGE('',*,*,#3814,.T.);
#3821 = CYLINDRICAL_SURFACE('',#3822,1.25);
#3822 = AXIS2_PLACEMENT_3D('',#3823,#3824,#3825);
#3823 = CARTESIAN_POINT('',(29.,-6.,9.));
#3824 = DIRECTION('',(0.,-1.,0.));
#3825 = DIRECTION('',(1.,0.,0.));
#3826 = ADVANCED_FACE('',(#3827),#3846,.F.);
#3827 = FACE_BOUND('',#3828,.F.);
#3828 = EDGE_LOOP('',(#3829,#3838,#3844,#3845));
#3829 = ORIENTED_EDGE('',*,*,#3830,.F.);
#3830 = EDGE_CURVE('',#3831,#3831,#3833,.T.);
#3831 = VERTEX_POINT('',#3832);
#3832 = CARTESIAN_POINT('',(25.,-15.,25.));
#3833 = CIRCLE('',#3834,1.);
#3834 = AXIS2_PLACEMENT_3D('',#3835,#3836,#3837);
#3835 = CARTESIAN_POINT('',(24.,-15.,25.));
#3836 = DIRECTION('',(0.,-1.,1.1E-16));
#3837 = DIRECTION('',(1.,0.,0.));
#3838 = ORIENTED_EDGE('',*,*,#3839,.F.);
#3839 = EDGE_CURVE('',#3694,#3831,#3840,.T.);
#3840 = LINE('',#3841,#3842);
#3841 = CARTESIAN_POINT('',(25.,-10.5,25.));
#3842 = VECTOR('',#3843,1.);
#3843 = DIRECTION('',(0.,-1.,0.));
#3844 = ORIENTED_EDGE('',*,*,#3693,.T.);
#3845 = ORIENTED_EDGE('',*,*,#3839,.T.);
#3846 = CYLINDRICAL_SURFACE('',#3847,1.);
#3847 = AXIS2_PLACEMENT_3D('',#3848,#3849,#3850);
#3848 = CARTESIAN_POINT('',(24.,-10.5,25.));
#3849 = DIRECTION('',(0.,-1.,0.));
#3850 = DIRECTION('',(1.,0.,0.));
#3851 = ADVANCED_FACE('',(#3852),#3871,.F.);
#3852 = FACE_BOUND('',#3853,.F.);
#3853 = EDGE_LOOP('',(#3854,#3863,#3869,#3870));
#3854 = ORIENTED_EDGE('',*,*,#3855,.F.);
#3855 = EDGE_CURVE('',#3856,#3856,#3858,.T.);
#3856 = VERTEX_POINT('',#3857);
#3857 = CARTESIAN_POINT('',(25.,-15.,75.));
#3858 = CIRCLE('',#3859,1.);
#3859 = AXIS2_PLACEMENT_3D('',#3860,#3861,#3862);
#3860 = CARTESIAN_POINT('',(24.,-15.,75.));
#3861 = DIRECTION('',(0.,-1.,1.1E-16));
#3862 = DIRECTION('',(1.,0.,0.));
#3863 = ORIENTED_EDGE('',*,*,#3864,.F.);
#3864 = EDGE_CURVE('',#3714,#3856,#3865,.T.);
#3865 = LINE('',#3866,#3867);
#3866 = CARTESIAN_POINT('',(25.,-10.5,75.));
#3867 = VECTOR('',#3868,1.);
#3868 = DIRECTION('',(0.,-1.,0.));
#3869 = ORIENTED_EDGE('',*,*,#3713,.T.);
#3870 = ORIENTED_EDGE('',*,*,#3864,.T.);
#3871 = CYLINDRICAL_SURFACE('',#3872,1.);
#3872 = AXIS2_PLACEMENT_3D('',#3873,#3874,#3875);
#3873 = CARTESIAN_POINT('',(24.,-10.5,75.));
#3874 = DIRECTION('',(0.,-1.,0.));
#3875 = DIRECTION('',(1.,0.,0.));
#3876 = ADVANCED_FACE('',(#3877),#3880,.T.);
#3877 = FACE_BOUND('',#3878,.T.);
#3878 = EDGE_LOOP('',(#3879));
#3879 = ORIENTED_EDGE('',*,*,#3730,.F.);
#3880 = PLANE('',#3881);
#3881 = AXIS2_PLACEMENT_3D('',#3882,#3883,#3884);
#3882 = CARTESIAN_POINT('',(-33.5,-15.,2.5));
#3883 = DIRECTION('',(0.,1.,0.));
#3884 = DIRECTION('',(0.,0.,1.));
#3885 = ADVANCED_FACE('',(#3886),#3889,.T.);
#3886 = FACE_BOUND('',#3887,.T.);
#3887 = EDGE_LOOP('',(#3888));
#3888 = ORIENTED_EDGE('',*,*,#3755,.F.);
#3889 = PLANE('',#3890);
#3890 = AXIS2_PLACEMENT_3D('',#3891,#3892,#3893);
#3891 = CARTESIAN_POINT('',(-33.5,-15.,2.5));
#3892 = DIRECTION('',(0.,1.,0.));
#3893 = DIRECTION('',(0.,0.,1.));
#3894 = ADVANCED_FACE('',(#3895),#3898,.T.);
#3895 = FACE_BOUND('',#3896,.T.);
#3896 = EDGE_LOOP('',(#3897));
#3897 = ORIENTED_EDGE('',*,*,#3780,.F.);
#3898 = PLANE('',#3899);
#3899 = AXIS2_PLACEMENT_3D('',#3900,#3901,#3902);
#3900 = CARTESIAN_POINT('',(-33.5,-15.,2.5));
#3901 = DIRECTION('',(0.,1.,0.));
#3902 = DIRECTION('',(0.,0.,1.));
#3903 = ADVANCED_FACE('',(#3904),#3907,.T.);
#3904 = FACE_BOUND('',#3905,.T.);
#3905 = EDGE_LOOP('',(#3906));
#3906 = ORIENTED_EDGE('',*,*,#3805,.F.);
#3907 = PLANE('',#3908);
#3908 = AXIS2_PLACEMENT_3D('',#3909,#3910,#3911);
#3909 = CARTESIAN_POINT('',(-33.5,-15.,2.5));
#3910 = DIRECTION('',(0.,1.,0.));
#3911 = DIRECTION('',(0.,0.,1.));
#3912 = ADVANCED_FACE('',(#3913),#3916,.T.);
#3913 = FACE_BOUND('',#3914,.T.);
#3914 = EDGE_LOOP('',(#3915));
#3915 = ORIENTED_EDGE('',*,*,#3830,.F.);
#3916 = PLANE('',#3917);
#3917 = AXIS2_PLACEMENT_3D('',#3918,#3919,#3920);
#3918 = CARTESIAN_POINT('',(-33.5,-15.,2.5));
#3919 = DIRECTION('',(0.,1.,0.));
#3920 = DIRECTION('',(0.,0.,1.));
#3921 = ADVANCED_FACE('',(#3922),#3925,.T.);
#3922 = FACE_BOUND('',#3923,.T.);
#3923 = EDGE_LOOP('',(#3924));
#3924 = ORIENTED_EDGE('',*,*,#3855,.F.);
#3925 = PLANE('',#3926);
#3926 = AXIS2_PLACEMENT_3D('',#3927,#3928,#3929);
#3927 = CARTESIAN_POINT('',(-33.5,-15.,2.5));
#3928 = DIRECTION('',(0.,1.,0.));
#3929 = DIRECTION('',(0.,0.,1.));
#3930 = MANIFOLD_SOLID_BREP('',#3931);
#3931 = CLOSED_SHELL('',(#3932,#4036,#4134,#4181,#4209,#4463,#4474));
#3932 = ADVANCED_FACE('',(#3933),#4031,.T.);
#3933 = FACE_BOUND('',#3934,.T.);
#3934 = EDGE_LOOP('',(#3935,#3945,#3964,#4013,#4024));
#3935 = ORIENTED_EDGE('',*,*,#3936,.T.);
#3936 = EDGE_CURVE('',#3937,#3939,#3941,.T.);
#3937 = VERTEX_POINT('',#3938);
#3938 = CARTESIAN_POINT('',(-25.,-6.,166.));
#3939 = VERTEX_POINT('',#3940);
#3940 = CARTESIAN_POINT('',(-25.,-13.15313701951,166.));
#3941 = LINE('',#3942,#3943);
#3942 = CARTESIAN_POINT('',(-25.,-6.,166.));
#3943 = VECTOR('',#3944,1.);
#3944 = DIRECTION('',(0.,-1.,0.));
#3945 = ORIENTED_EDGE('',*,*,#3946,.T.);
#3946 = EDGE_CURVE('',#3939,#3947,#3949,.T.);
#3947 = VERTEX_POINT('',#3948);
#3948 = CARTESIAN_POINT('',(-25.71495481683,-13.21289876668,
    163.71779095073));
#3949 = B_SPLINE_CURVE_WITH_KNOTS('',7,(#3950,#3951,#3952,#3953,#3954,
    #3955,#3956,#3957,#3958,#3959,#3960,#3961,#3962,#3963),
  .UNSPECIFIED.,.F.,.F.,(8,6,8),(0.,0.340579623093,1.),.UNSPECIFIED.);
#3950 = CARTESIAN_POINT('',(-25.,-13.15313701951,166.));
#3951 = CARTESIAN_POINT('',(-25.,-13.15812765157,165.80941545078));
#3952 = CARTESIAN_POINT('',(-25.01059419158,-13.16312689108,
    165.61850219601));
#3953 = CARTESIAN_POINT('',(-25.03184744773,-13.16808945379,
    165.42898957199));
#3954 = CARTESIAN_POINT('',(-25.06342822509,-13.17297639714,
    165.24236473502));
#3955 = CARTESIAN_POINT('',(-25.10473468234,-13.1777546091,
    165.05989218194));
#3956 = CARTESIAN_POINT('',(-25.15497949943,-13.18239641051,
    164.88262893779));
#3957 = CARTESIAN_POINT('',(-25.32602290443,-13.19555885468,
    164.37997547444));
#3958 = CARTESIAN_POINT('',(-25.4686526952,-13.20362825937,
    164.0718173419));
#3959 = CARTESIAN_POINT('',(-25.63527425832,-13.21101026231,
    163.78991002277));
#3960 = CARTESIAN_POINT('',(-25.82026088895,-13.21768973864,
    163.53483111308));
#3961 = CARTESIAN_POINT('',(-26.0190838802,-13.22368202752,
    163.30599483289));
#3962 = CARTESIAN_POINT('',(-26.22842912731,-13.22902533663,
    163.10194209073));
#3963 = CARTESIAN_POINT('',(-26.4466157744,-13.23376342098,
    162.92100194925));
#3964 = ORIENTED_EDGE('',*,*,#3965,.F.);
#3965 = EDGE_CURVE('',#3966,#3947,#3968,.T.);
#3966 = VERTEX_POINT('',#3967);
#3967 = CARTESIAN_POINT('',(-31.72970000559,-7.231756055738,
    163.07617752257));
#3968 = B_SPLINE_CURVE_WITH_KNOTS('',7,(#3969,#3970,#3971,#3972,#3973,
    #3974,#3975,#3976,#3977,#3978,#3979,#3980,#3981,#3982,#3983,#3984,
    #3985,#3986,#3987,#3988,#3989,#3990,#3991,#3992,#3993,#3994,#3995,
    #3996,#3997,#3998,#3999,#4000,#4001,#4002,#4003,#4004,#4005,#4006,
    #4007,#4008,#4009,#4010,#4011,#4012),.UNSPECIFIED.,.F.,.F.,(8,6,6,6,
    6,6,6,8),(0.,6.198153634152E-02,0.296006963788,0.580011428694,
    0.720825438623,0.862739040418,0.931758476401,1.),.UNSPECIFIED.);
#3969 = CARTESIAN_POINT('',(-31.72970000559,-7.231756055738,
    163.07617752257));
#3970 = CARTESIAN_POINT('',(-31.72970000559,-7.306918427309,
    163.07617752257));
#3971 = CARTESIAN_POINT('',(-31.7286280951,-7.382558582116,
    163.07517679765));
#3972 = CARTESIAN_POINT('',(-31.72646105418,-7.458653065924,
    163.07315360215));
#3973 = CARTESIAN_POINT('',(-31.72317614725,-7.535176805107,
    163.0700914219));
#3974 = CARTESIAN_POINT('',(-31.71875124234,-7.612103114166,
    163.06597943033));
#3975 = CARTESIAN_POINT('',(-31.71316493032,-7.689403703255,
    163.06081294448));
#3976 = CARTESIAN_POINT('',(-31.68084143593,-8.06021502648,
    163.03111238937));
#3977 = CARTESIAN_POINT('',(-31.63843582179,-8.35829172828,
    162.99262487012));
#3978 = CARTESIAN_POINT('',(-31.5780728446,-8.659668959845,
    162.93923148069));
#3979 = CARTESIAN_POINT('',(-31.49881836944,-8.962420309418,
    162.87233527268));
#3980 = CARTESIAN_POINT('',(-31.40000629045,-9.264324587161,
    162.79483613861));
#3981 = CARTESIAN_POINT('',(-31.28136639841,-9.562982661259,
    162.71028938778));
#3982 = CARTESIAN_POINT('',(-30.97522545419,-10.21152114479,
    162.51603735308));
#3983 = CARTESIAN_POINT('',(-30.77843010214,-10.55871711567,
    162.40481518661));
#3984 = CARTESIAN_POINT('',(-30.55297318472,-10.89322044175,
    162.29572520597));
#3985 = CARTESIAN_POINT('',(-30.30009132902,-11.21062284509,
    162.1962102886));
#3986 = CARTESIAN_POINT('',(-30.02210427024,-11.50682950352,
    162.1131921528));
#3987 = CARTESIAN_POINT('',(-29.72221557795,-11.77853403537,
    162.05276845894));
#3988 = CARTESIAN_POINT('',(-29.2463938365,-12.14475990713,
    162.00444970109));
#3989 = CARTESIAN_POINT('',(-29.08419707432,-12.2595460701,
    161.99534698339));
#3990 = CARTESIAN_POINT('',(-28.91797361743,-12.36743714011,
    161.99383096588));
#3991 = CARTESIAN_POINT('',(-28.74820354894,-12.46820099486,
    162.00054395764));
#3992 = CARTESIAN_POINT('',(-28.57538505882,-12.56166718249,
    162.01610120894));
#3993 = CARTESIAN_POINT('',(-28.40002199582,-12.6477271518,
    162.04111927521));
#3994 = CARTESIAN_POINT('',(-28.04381438061,-12.80554619669,
    162.11169289911));
#3995 = CARTESIAN_POINT('',(-27.86293850087,-12.87718801941,
    162.15740698727));
#3996 = CARTESIAN_POINT('',(-27.68049049685,-12.94120339624,
    162.21410127554));
#3997 = CARTESIAN_POINT('',(-27.49697128094,-12.9975993301,
    162.28251466301));
#3998 = CARTESIAN_POINT('',(-27.31286163783,-13.04643619516,
    162.36354073458));
#3999 = CARTESIAN_POINT('',(-27.12861187409,-13.08782032642,
    162.45826271809));
#4000 = CARTESIAN_POINT('',(-26.85514087441,-13.13844922113,
    162.6220628935));
#4001 = CARTESIAN_POINT('',(-26.76572047129,-13.15328365045,
    162.67932199158));
#4002 = CARTESIAN_POINT('',(-26.67640825107,-13.16640137734,
    162.74044753097));
#4003 = CARTESIAN_POINT('',(-26.5872478219,-13.1778187292,
    162.80568851677));
#4004 = CARTESIAN_POINT('',(-26.49828000798,-13.18755290649,
    162.87534404162));
#4005 = CARTESIAN_POINT('',(-26.40954188974,-13.1956208827,
    162.94979965587));
#4006 = CARTESIAN_POINT('',(-26.23358569156,-13.20838179766,
    163.10849017843));
#4007 = CARTESIAN_POINT('',(-26.14636366585,-13.21311163101,
    163.19260299819));
#4008 = CARTESIAN_POINT('',(-26.05942752272,-13.21624138976,
    163.28246483285));
#4009 = CARTESIAN_POINT('',(-25.97280338723,-13.21778366723,
    163.37872770672));
#4010 = CARTESIAN_POINT('',(-25.88651107059,-13.21774453141,
    163.48235833323));
#4011 = CARTESIAN_POINT('',(-25.80056527976,-13.21612563046,
    163.59456199457));
#4012 = CARTESIAN_POINT('',(-25.71495481683,-13.21289876668,
    163.71779095073));
#4013 = ORIENTED_EDGE('',*,*,#4014,.T.);
#4014 = EDGE_CURVE('',#3966,#4015,#4017,.T.);
#4015 = VERTEX_POINT('',#4016);
#4016 = CARTESIAN_POINT('',(-31.72970000559,-6.,163.07617752257));
#4017 = B_SPLINE_CURVE_WITH_KNOTS('',5,(#4018,#4019,#4020,#4021,#4022,
    #4023),.UNSPECIFIED.,.F.,.F.,(6,6),(0.,1.),
  .PIECEWISE_BEZIER_KNOTS.);
#4018 = CARTESIAN_POINT('',(-31.72970000559,-8.695357653072,
    163.07617752257));
#4019 = CARTESIAN_POINT('',(-31.72970000559,-8.166950885809,
    163.07617752257));
#4020 = CARTESIAN_POINT('',(-31.72970000559,-7.622662259982,
    163.07617752257));
#4021 = CARTESIAN_POINT('',(-31.72970000559,-7.072663533655,
    163.07617752257));
#4022 = CARTESIAN_POINT('',(-31.72970000559,-6.527880792689,
    163.07617752257));
#4023 = CARTESIAN_POINT('',(-31.72970000559,-5.9999994,163.07617752257)
  );
#4024 = ORIENTED_EDGE('',*,*,#4025,.T.);
#4025 = EDGE_CURVE('',#4015,#3937,#4026,.T.);
#4026 = CIRCLE('',#4027,4.);
#4027 = AXIS2_PLACEMENT_3D('',#4028,#4029,#4030);
#4028 = CARTESIAN_POINT('',(-29.,-6.,166.));
#4029 = DIRECTION('',(0.,-1.,0.));
#4030 = DIRECTION('',(1.,0.,0.));
#4031 = CYLINDRICAL_SURFACE('',#4032,4.);
#4032 = AXIS2_PLACEMENT_3D('',#4033,#4034,#4035);
#4033 = CARTESIAN_POINT('',(-29.,-6.,166.));
#4034 = DIRECTION('',(0.,-1.,0.));
#4035 = DIRECTION('',(1.,0.,0.));
#4036 = ADVANCED_FACE('',(#4037),#4129,.T.);
#4037 = FACE_BOUND('',#4038,.T.);
#4038 = EDGE_LOOP('',(#4039,#4060,#4061,#4070,#4082));
#4039 = ORIENTED_EDGE('',*,*,#4040,.T.);
#4040 = EDGE_CURVE('',#4041,#3939,#4043,.T.);
#4041 = VERTEX_POINT('',#4042);
#4042 = CARTESIAN_POINT('',(-25.60001526414,-13.09795921399,
    168.10715538011));
#4043 = B_SPLINE_CURVE_WITH_KNOTS('',8,(#4044,#4045,#4046,#4047,#4048,
    #4049,#4050,#4051,#4052,#4053,#4054,#4055,#4056,#4057,#4058,#4059),
  .UNSPECIFIED.,.F.,.F.,(9,7,9),(0.,0.403085702866,1.),.UNSPECIFIED.);
#4044 = CARTESIAN_POINT('',(-26.31472412555,-13.07550429181,
    168.96467426172));
#4045 = CARTESIAN_POINT('',(-26.20759031755,-13.07804530157,
    168.86763701426));
#4046 = CARTESIAN_POINT('',(-26.10289743237,-13.08073932998,
    168.7647562197));
#4047 = CARTESIAN_POINT('',(-26.00090871675,-13.08359092654,
    168.6558581406));
#4048 = CARTESIAN_POINT('',(-25.90195667841,-13.08660434383,
    168.54078037697));
#4049 = CARTESIAN_POINT('',(-25.80643858416,-13.08978329813,
    168.41938101014));
#4050 = CARTESIAN_POINT('',(-25.71481271538,-13.09313076398,
    168.29154644685));
#4051 = CARTESIAN_POINT('',(-25.6275953806,-13.09664880283,
    168.15719796329));
#4052 = CARTESIAN_POINT('',(-25.42357748932,-13.10580224805,
    167.8076419932));
#4053 = CARTESIAN_POINT('',(-25.31250689143,-13.11165184024,
    167.58425507986));
#4054 = CARTESIAN_POINT('',(-25.21433077309,-13.11788119719,
    167.3463655358));
#4055 = CARTESIAN_POINT('',(-25.13154752525,-13.12446799831,
    167.09482574921));
#4056 = CARTESIAN_POINT('',(-25.06675006834,-13.13136984582,
    166.8312548265));
#4057 = CARTESIAN_POINT('',(-25.02229691586,-13.1385198205,
    166.55820830928));
#4058 = CARTESIAN_POINT('',(-25.,-13.14582187091,166.27935425439));
#4059 = CARTESIAN_POINT('',(-25.,-13.15313701951,166.));
#4060 = ORIENTED_EDGE('',*,*,#3936,.F.);
#4061 = ORIENTED_EDGE('',*,*,#4062,.T.);
#4062 = EDGE_CURVE('',#3937,#4063,#4065,.T.);
#4063 = VERTEX_POINT('',#4064);
#4064 = CARTESIAN_POINT('',(-31.57293800136,-6.,169.06267694038));
#4065 = CIRCLE('',#4066,4.);
#4066 = AXIS2_PLACEMENT_3D('',#4067,#4068,#4069);
#4067 = CARTESIAN_POINT('',(-29.,-6.,166.));
#4068 = DIRECTION('',(0.,-1.,0.));
#4069 = DIRECTION('',(1.,0.,0.));
#4070 = ORIENTED_EDGE('',*,*,#4071,.F.);
#4071 = EDGE_CURVE('',#4072,#4063,#4074,.T.);
#4072 = VERTEX_POINT('',#4073);
#4073 = CARTESIAN_POINT('',(-31.57293800136,-7.074994051509,
    169.06267694038));
#4074 = B_SPLINE_CURVE_WITH_KNOTS('',6,(#4075,#4076,#4077,#4078,#4079,
    #4080,#4081),.UNSPECIFIED.,.F.,.F.,(7,7),(0.,1.),
  .PIECEWISE_BEZIER_KNOTS.);
#4075 = CARTESIAN_POINT('',(-31.57293800136,-8.592324198601,
    169.06267694038));
#4076 = CARTESIAN_POINT('',(-31.57293800136,-8.078236898771,
    169.06267694038));
#4077 = CARTESIAN_POINT('',(-31.57293800136,-7.724382993248,
    169.06267694038));
#4078 = CARTESIAN_POINT('',(-31.57293800136,-7.292333710199,
    169.06267694038));
#4079 = CARTESIAN_POINT('',(-31.57293800136,-6.708223907214,
    169.06267694038));
#4080 = CARTESIAN_POINT('',(-31.57293800136,-6.126798590912,
    169.06267694038));
#4081 = CARTESIAN_POINT('',(-31.57293800136,-5.9999994,169.06267694038)
  );
#4082 = ORIENTED_EDGE('',*,*,#4083,.T.);
#4083 = EDGE_CURVE('',#4072,#4041,#4084,.T.);
#4084 = B_SPLINE_CURVE_WITH_KNOTS('',7,(#4085,#4086,#4087,#4088,#4089,
    #4090,#4091,#4092,#4093,#4094,#4095,#4096,#4097,#4098,#4099,#4100,
    #4101,#4102,#4103,#4104,#4105,#4106,#4107,#4108,#4109,#4110,#4111,
    #4112,#4113,#4114,#4115,#4116,#4117,#4118,#4119,#4120,#4121,#4122,
    #4123,#4124,#4125,#4126,#4127,#4128),.UNSPECIFIED.,.F.,.F.,(8,6,6,6,
    6,6,6,8),(0.,6.785496697317E-02,0.29987015989,0.587855898124,
    0.728604615325,0.872534496813,0.936564751482,1.),.UNSPECIFIED.);
#4085 = CARTESIAN_POINT('',(-31.57293800136,-7.074994051509,
    169.06267694038));
#4086 = CARTESIAN_POINT('',(-31.57293800136,-7.157276559476,
    169.06267694038));
#4087 = CARTESIAN_POINT('',(-31.57159238142,-7.240071080906,
    169.06380735848));
#4088 = CARTESIAN_POINT('',(-31.56886920105,-7.323345420614,
    169.06609514042));
#4089 = CARTESIAN_POINT('',(-31.56473760492,-7.407065443704,
    169.06955972352));
#4090 = CARTESIAN_POINT('',(-31.55916804796,-7.491195125766,
    169.07421236478));
#4091 = CARTESIAN_POINT('',(-31.55213252035,-7.575696603083,
    169.08005546898));
#4092 = CARTESIAN_POINT('',(-31.5144460075,-7.950600198978,
    169.11110731552));
#4093 = CARTESIAN_POINT('',(-31.46784092166,-8.244553987083,
    169.14896813887));
#4094 = CARTESIAN_POINT('',(-31.40274008686,-8.540805366026,
    169.20038459021));
#4095 = CARTESIAN_POINT('',(-31.31833420589,-8.837529658613,
    169.26381608935));
#4096 = CARTESIAN_POINT('',(-31.21415430207,-9.132695320407,
    169.33633014132));
#4097 = CARTESIAN_POINT('',(-31.09015065579,-9.424136843323,
    169.41441522874));
#4098 = CARTESIAN_POINT('',(-30.76866604602,-10.06410841807,
    169.59351618259));
#4099 = CARTESIAN_POINT('',(-30.56067681992,-10.40944780802,
    169.69551991621));
#4100 = CARTESIAN_POINT('',(-30.32348143114,-10.74154731943,
    169.79318104312));
#4101 = CARTESIAN_POINT('',(-30.05884920807,-11.05622267254,
    169.87882713908));
#4102 = CARTESIAN_POINT('',(-29.76966374249,-11.34961691356,
    169.94543324082));
#4103 = CARTESIAN_POINT('',(-29.45967357174,-11.61869056401,
    169.98691432883));
#4104 = CARTESIAN_POINT('',(-28.97345291987,-11.9799883385,
    170.00309908451));
#4105 = CARTESIAN_POINT('',(-28.8098653018,-12.09229540284,
    170.00110057135));
#4106 = CARTESIAN_POINT('',(-28.64280099196,-12.19805833604,
    169.9911504102));
#4107 = CARTESIAN_POINT('',(-28.47277648967,-12.29709184879,
    169.97263903868));
#4108 = CARTESIAN_POINT('',(-28.30032285638,-12.38927118774,
    169.94498184643));
#4109 = CARTESIAN_POINT('',(-28.12597490622,-12.47453344925,
    169.90758737557));
#4110 = CARTESIAN_POINT('',(-27.77057644325,-12.63298835099,
    169.8109306631));
#4111 = CARTESIAN_POINT('',(-27.58946446978,-12.70586421039,
    169.75119381662));
#4112 = CARTESIAN_POINT('',(-27.40748992225,-12.7715006956,
    169.67988147711));
#4113 = CARTESIAN_POINT('',(-27.2252115909,-12.82995979577,
    169.5962263693));
#4114 = CARTESIAN_POINT('',(-27.043174667,-12.88136817852,
    169.49926617723));
#4115 = CARTESIAN_POINT('',(-26.86190165323,-12.92591056106,
    169.38781899674));
#4116 = CARTESIAN_POINT('',(-26.60182990332,-12.98071193836,
    169.20287912186));
#4117 = CARTESIAN_POINT('',(-26.52200756345,-12.99627604529,
    169.14266110463));
#4118 = CARTESIAN_POINT('',(-26.44248319205,-13.01055327522,
    169.07898638517));
#4119 = CARTESIAN_POINT('',(-26.36330190294,-13.02356849032,
    169.01163506241));
#4120 = CARTESIAN_POINT('',(-26.28450891498,-13.03534927311,
    168.94034303497));
#4121 = CARTESIAN_POINT('',(-26.20615035582,-13.04592661579,
    168.86477214954));
#4122 = CARTESIAN_POINT('',(-26.05112295378,-13.06465845961,
    168.70488594052));
#4123 = CARTESIAN_POINT('',(-25.97444651574,-13.0728343871,
    168.62066020738));
#4124 = CARTESIAN_POINT('',(-25.89829149569,-13.07989920396,
    168.53131769835));
#4125 = CARTESIAN_POINT('',(-25.82270749968,-13.08589188545,168.43629065
    ));
#4126 = CARTESIAN_POINT('',(-25.74775215885,-13.09085913562,
    168.33476522077));
#4127 = CARTESIAN_POINT('',(-25.67348998291,-13.09485475304,
    168.22570996068));
#4128 = CARTESIAN_POINT('',(-25.60001526414,-13.09795921399,
    168.10715538011));
#4129 = CYLINDRICAL_SURFACE('',#4130,4.);
#4130 = AXIS2_PLACEMENT_3D('',#4131,#4132,#4133);
#4131 = CARTESIAN_POINT('',(-29.,-6.,166.));
#4132 = DIRECTION('',(0.,-1.,0.));
#4133 = DIRECTION('',(1.,0.,0.));
#4134 = ADVANCED_FACE('',(#4135,#4165),#4176,.F.);
#4135 = FACE_BOUND('',#4136,.F.);
#4136 = EDGE_LOOP('',(#4137,#4138,#4139));
#4137 = ORIENTED_EDGE('',*,*,#4025,.T.);
#4138 = ORIENTED_EDGE('',*,*,#4062,.T.);
#4139 = ORIENTED_EDGE('',*,*,#4140,.F.);
#4140 = EDGE_CURVE('',#4015,#4063,#4141,.T.);
#4141 = B_SPLINE_CURVE_WITH_KNOTS('',8,(#4142,#4143,#4144,#4145,#4146,
    #4147,#4148,#4149,#4150,#4151,#4152,#4153,#4154,#4155,#4156,#4157,
    #4158,#4159,#4160,#4161,#4162,#4163,#4164),.UNSPECIFIED.,.F.,.F.,(9,
    7,7,9),(0.,0.471574991922,0.728076781884,1.),.UNSPECIFIED.);
#4142 = CARTESIAN_POINT('',(-31.75788070579,-6.,162.));
#4143 = CARTESIAN_POINT('',(-31.74524715899,-6.,162.4824556877));
#4144 = CARTESIAN_POINT('',(-31.73261361891,-6.,162.96491111891));
#4145 = CARTESIAN_POINT('',(-31.71998008559,-6.,163.44736629166));
#4146 = CARTESIAN_POINT('',(-31.70734655909,-6.,163.9298212041));
#4147 = CARTESIAN_POINT('',(-31.69471303946,-6.,164.41227585449));
#4148 = CARTESIAN_POINT('',(-31.68207952673,-6.,164.89473024116));
#4149 = CARTESIAN_POINT('',(-31.66944602094,-6.,165.37718436258));
#4150 = CARTESIAN_POINT('',(-31.6499408366,-6.,166.12205730107));
#4151 = CARTESIAN_POINT('',(-31.6430691529,-6.,166.38447631443));
#4152 = CARTESIAN_POINT('',(-31.63619747104,-6.,166.64689525733));
#4153 = CARTESIAN_POINT('',(-31.62932579103,-6.,166.90931412969));
#4154 = CARTESIAN_POINT('',(-31.62245411287,-6.,167.17173293146));
#4155 = CARTESIAN_POINT('',(-31.61558243656,-6.,167.43415166255));
#4156 = CARTESIAN_POINT('',(-31.6087107621,-6.,167.69657032291));
#4157 = CARTESIAN_POINT('',(-31.59455427745,-6.,168.23718466065));
#4158 = CARTESIAN_POINT('',(-31.58810435062,-6.,168.48349742908));
#4159 = CARTESIAN_POINT('',(-31.58164728743,-6.,168.73008272364));
#4160 = CARTESIAN_POINT('',(-31.5747449823,-6.,168.9936711221));
#4161 = CARTESIAN_POINT('',(-31.56736923891,-6.,169.2753393984));
#4162 = CARTESIAN_POINT('',(-31.55990772156,-6.,169.56028325008));
#4163 = CARTESIAN_POINT('',(-31.55316996557,-6.,169.81758777062));
#4164 = CARTESIAN_POINT('',(-31.54839333323,-6.,170.));
#4165 = FACE_BOUND('',#4166,.F.);
#4166 = EDGE_LOOP('',(#4167));
#4167 = ORIENTED_EDGE('',*,*,#4168,.F.);
#4168 = EDGE_CURVE('',#4169,#4169,#4171,.T.);
#4169 = VERTEX_POINT('',#4170);
#4170 = CARTESIAN_POINT('',(-27.75,-6.,166.));
#4171 = CIRCLE('',#4172,1.25);
#4172 = AXIS2_PLACEMENT_3D('',#4173,#4174,#4175);
#4173 = CARTESIAN_POINT('',(-29.,-6.,166.));
#4174 = DIRECTION('',(0.,-1.,0.));
#4175 = DIRECTION('',(1.,0.,0.));
#4176 = PLANE('',#4177);
#4177 = AXIS2_PLACEMENT_3D('',#4178,#4179,#4180);
#4178 = CARTESIAN_POINT('',(-29.,-6.,166.));
#4179 = DIRECTION('',(0.,-1.,0.));
#4180 = DIRECTION('',(1.,0.,0.));
#4181 = ADVANCED_FACE('',(#4182),#4204,.T.);
#4182 = FACE_BOUND('',#4183,.T.);
#4183 = EDGE_LOOP('',(#4184,#4201,#4202,#4203));
#4184 = ORIENTED_EDGE('',*,*,#4185,.T.);
#4185 = EDGE_CURVE('',#3966,#4072,#4186,.T.);
#4186 = B_SPLINE_CURVE_WITH_KNOTS('',5,(#4187,#4188,#4189,#4190,#4191,
    #4192,#4193,#4194,#4195,#4196,#4197,#4198,#4199,#4200),
  .UNSPECIFIED.,.F.,.F.,(6,4,4,6),(-10.56038725461,0.156954102902,
    175.27691092512,185.99425228264),.UNSPECIFIED.);
#4187 = CARTESIAN_POINT('',(-36.28045122,-11.78250727015,-10.71));
#4188 = CARTESIAN_POINT('',(-36.224360976,-11.72641702615,-8.568));
#4189 = CARTESIAN_POINT('',(-36.168270732,-11.67032678215,-6.426));
#4190 = CARTESIAN_POINT('',(-36.112180488,-11.61423653814,-4.284));
#4191 = CARTESIAN_POINT('',(-36.056090244,-11.55814629414,-2.142));
#4192 = CARTESIAN_POINT('',(-35.08349274507,-10.58554879522,35.));
#4193 = CARTESIAN_POINT('',(-34.16698549015,-9.669041540304,70.));
#4194 = CARTESIAN_POINT('',(-33.25047823523,-8.752534285382,105.));
#4195 = CARTESIAN_POINT('',(-32.33397098031,-7.83602703046,140.));
#4196 = CARTESIAN_POINT('',(-31.36137348139,-6.863429531538,177.142));
#4197 = CARTESIAN_POINT('',(-31.30528323739,-6.807339287537,179.284));
#4198 = CARTESIAN_POINT('',(-31.24919299338,-6.751249043535,181.426));
#4199 = CARTESIAN_POINT('',(-31.19310274938,-6.695158799534,183.568));
#4200 = CARTESIAN_POINT('',(-31.13701250538,-6.639068555533,185.71));
#4201 = ORIENTED_EDGE('',*,*,#4071,.T.);
#4202 = ORIENTED_EDGE('',*,*,#4140,.F.);
#4203 = ORIENTED_EDGE('',*,*,#4014,.F.);
#4204 = B_SPLINE_SURFACE_WITH_KNOTS('',1,1,(
    (#4205,#4206)
    ,(#4207,#4208
    )),.UNSPECIFIED.,.F.,.F.,.F.,(2,2),(2,2),(0.,35.),(0.,1.),
  .PIECEWISE_BEZIER_KNOTS.);
#4205 = CARTESIAN_POINT('',(-36.,17.5,0.));
#4206 = CARTESIAN_POINT('',(-31.41746372539,12.917463725392,175.));
#4207 = CARTESIAN_POINT('',(-36.,-17.5,0.));
#4208 = CARTESIAN_POINT('',(-31.41746372539,-12.91746372539,175.));
#4209 = ADVANCED_FACE('',(#4210,#4232),#4420,.F.);
#4210 = FACE_BOUND('',#4211,.F.);
#4211 = EDGE_LOOP('',(#4212,#4229,#4230,#4231));
#4212 = ORIENTED_EDGE('',*,*,#4213,.F.);
#4213 = EDGE_CURVE('',#3947,#4041,#4214,.T.);
#4214 = B_SPLINE_CURVE_WITH_KNOTS('',5,(#4215,#4216,#4217,#4218,#4219,
    #4220,#4221,#4222,#4223,#4224,#4225,#4226,#4227,#4228),
  .UNSPECIFIED.,.F.,.F.,(6,4,4,6),(-10.56038725461,0.156954102902,
    175.27691092512,185.99425228264),.UNSPECIFIED.);
#4215 = CARTESIAN_POINT('',(-30.28250727015,-17.78045122,-10.71));
#4216 = CARTESIAN_POINT('',(-30.22641702615,-17.724360976,-8.568));
#4217 = CARTESIAN_POINT('',(-30.17032678215,-17.668270732,-6.426));
#4218 = CARTESIAN_POINT('',(-30.11423653814,-17.612180488,-4.284));
#4219 = CARTESIAN_POINT('',(-30.05814629414,-17.556090244,-2.142));
#4220 = CARTESIAN_POINT('',(-29.08554879522,-16.58349274507,35.));
#4221 = CARTESIAN_POINT('',(-28.1690415403,-15.66698549015,70.));
#4222 = CARTESIAN_POINT('',(-27.25253428538,-14.75047823523,105.));
#4223 = CARTESIAN_POINT('',(-26.33602703046,-13.83397098031,140.));
#4224 = CARTESIAN_POINT('',(-25.36342953153,-12.86137348139,177.142));
#4225 = CARTESIAN_POINT('',(-25.30733928753,-12.80528323739,179.284));
#4226 = CARTESIAN_POINT('',(-25.25124904353,-12.74919299338,181.426));
#4227 = CARTESIAN_POINT('',(-25.19515879953,-12.69310274938,183.568));
#4228 = CARTESIAN_POINT('',(-25.13906855553,-12.63701250538,185.71));
#4229 = ORIENTED_EDGE('',*,*,#3965,.F.);
#4230 = ORIENTED_EDGE('',*,*,#4185,.T.);
#4231 = ORIENTED_EDGE('',*,*,#4083,.T.);
#4232 = FACE_BOUND('',#4233,.F.);
#4233 = EDGE_LOOP('',(#4234,#4411));
#4234 = ORIENTED_EDGE('',*,*,#4235,.T.);
#4235 = EDGE_CURVE('',#4236,#4238,#4240,.T.);
#4236 = VERTEX_POINT('',#4237);
#4237 = CARTESIAN_POINT('',(-27.75,-12.77561431384,166.));
#4238 = VERTEX_POINT('',#4239);
#4239 = CARTESIAN_POINT('',(-27.75097480361,-12.77702509483,
    165.95064355364));
#4240 = B_SPLINE_CURVE_WITH_KNOTS('',8,(#4241,#4242,#4243,#4244,#4245,
    #4246,#4247,#4248,#4249,#4250,#4251,#4252,#4253,#4254,#4255,#4256,
    #4257,#4258,#4259,#4260,#4261,#4262,#4263,#4264,#4265,#4266,#4267,
    #4268,#4269,#4270,#4271,#4272,#4273,#4274,#4275,#4276,#4277,#4278,
    #4279,#4280,#4281,#4282,#4283,#4284,#4285,#4286,#4287,#4288,#4289,
    #4290,#4291,#4292,#4293,#4294,#4295,#4296,#4297,#4298,#4299,#4300,
    #4301,#4302,#4303,#4304,#4305,#4306,#4307,#4308,#4309,#4310,#4311,
    #4312,#4313,#4314,#4315,#4316,#4317,#4318,#4319,#4320,#4321,#4322,
    #4323,#4324,#4325,#4326,#4327,#4328,#4329,#4330,#4331,#4332,#4333,
    #4334,#4335,#4336,#4337,#4338,#4339,#4340,#4341,#4342,#4343,#4344,
    #4345,#4346,#4347,#4348,#4349,#4350,#4351,#4352,#4353,#4354,#4355,
    #4356,#4357,#4358,#4359,#4360,#4361,#4362,#4363,#4364,#4365,#4366,
    #4367,#4368,#4369,#4370,#4371,#4372,#4373,#4374,#4375,#4376,#4377,
    #4378,#4379,#4380,#4381,#4382,#4383,#4384,#4385,#4386,#4387,#4388,
    #4389,#4390,#4391,#4392,#4393,#4394,#4395,#4396,#4397,#4398,#4399,
    #4400,#4401,#4402,#4403,#4404,#4405,#4406,#4407,#4408,#4409,#4410),
  .UNSPECIFIED.,.F.,.F.,(9,7,7,7,7,7,7,7,7,7,7,7,7,7,7,7,7,7,7,7,7,7,7,7
    ,9),(0.,3.233167346914E-03,1.483471205894E-02,3.16904117898E-02,
    7.408534355638E-02,0.134179134303,0.193895415235,0.251758729568,
    0.309703302994,0.334310300635,0.342190100423,0.354687251276,
    0.370664178252,0.389029133637,0.409261907835,0.471811554521,
    0.560362017762,0.648821127513,0.773232226472,0.837557015997,
    0.901946857464,0.956459584684,0.970686855919,0.993638805615,1.),
  .UNSPECIFIED.);
#4241 = CARTESIAN_POINT('',(-27.75,-12.77561431384,166.));
#4242 = CARTESIAN_POINT('',(-27.75,-12.77431893768,166.03604040507));
#4243 = CARTESIAN_POINT('',(-27.75116825916,-12.77279348215,
    166.06636902357));
#4244 = CARTESIAN_POINT('',(-27.75291877887,-12.77120717668,
    166.09231700904));
#4245 = CARTESIAN_POINT('',(-27.75490830145,-12.76965317045,
    166.11483988858));
#4246 = CARTESIAN_POINT('',(-27.75698243797,-12.76816239246,
    166.13467923019));
#4247 = CARTESIAN_POINT('',(-27.75912179591,-12.76671741152,
    166.1525243099));
#4248 = CARTESIAN_POINT('',(-27.76138810686,-12.7652662963,
    166.16917377911));
#4249 = CARTESIAN_POINT('',(-27.77277738001,-12.75824703276,
    166.24498864429));
#4250 = CARTESIAN_POINT('',(-27.78261119386,-12.75292496178,
    166.28924850328));
#4251 = CARTESIAN_POINT('',(-27.79272721731,-12.74765006412,
    166.32843235816));
#4252 = CARTESIAN_POINT('',(-27.80298306803,-12.74241743958,
    166.36414308166));
#4253 = CARTESIAN_POINT('',(-27.81337754723,-12.7372412272,
    166.39601417837));
#4254 = CARTESIAN_POINT('',(-27.82387473102,-12.73210671387,
    166.42483588414));
#4255 = CARTESIAN_POINT('',(-27.83441316575,-12.72697081062,
    166.45242415638));
#4256 = CARTESIAN_POINT('',(-27.86062714225,-12.71431413907,
    166.51572916718));
#4257 = CARTESIAN_POINT('',(-27.87629119829,-12.70683039872,
    166.54962123424));
#4258 = CARTESIAN_POINT('',(-27.89204777724,-12.69933983301,
    166.58090937323));
#4259 = CARTESIAN_POINT('',(-27.90787582738,-12.69183433986,
    166.61002907853));
#4260 = CARTESIAN_POINT('',(-27.92375816895,-12.68430679859,
    166.63735052991));
#4261 = CARTESIAN_POINT('',(-27.9396847329,-12.6767526439,166.6630997157
    ));
#4262 = CARTESIAN_POINT('',(-27.95564786113,-12.66916741291,
    166.68747382258));
#4263 = CARTESIAN_POINT('',(-28.01187422096,-12.64238064685,
    166.76884033503));
#4264 = CARTESIAN_POINT('',(-28.05229512302,-12.62299863854,
    166.81928221443));
#4265 = CARTESIAN_POINT('',(-28.09281148772,-12.60334838572,
    166.86429916317));
#4266 = CARTESIAN_POINT('',(-28.13338248628,-12.58341239891,
    166.90473288587));
#4267 = CARTESIAN_POINT('',(-28.17397073994,-12.56317361749,
    166.94138881445));
#4268 = CARTESIAN_POINT('',(-28.21455453959,-12.54262330619,
    166.97468379147));
#4269 = CARTESIAN_POINT('',(-28.25511497635,-12.52175240456,
    167.00501371886));
#4270 = CARTESIAN_POINT('',(-28.35308198756,-12.47050461116,
    167.07183574335));
#4271 = CARTESIAN_POINT('',(-28.41044503299,-12.43980039444,
    167.10561213631));
#4272 = CARTESIAN_POINT('',(-28.46768324205,-12.40842429557,
    167.13478760423));
#4273 = CARTESIAN_POINT('',(-28.52476140425,-12.37636822977,
    167.15984901764));
#4274 = CARTESIAN_POINT('',(-28.58164893588,-12.34362794626,
    167.18115106542));
#4275 = CARTESIAN_POINT('',(-28.63831828508,-12.31020160404,
    167.19897024802));
#4276 = CARTESIAN_POINT('',(-28.69474483086,-12.27608959344,
    167.21350886619));
#4277 = CARTESIAN_POINT('',(-28.80671401907,-12.20671623288,
    167.23627823707));
#4278 = CARTESIAN_POINT('',(-28.86225931236,-12.17146387919,
    167.24454763664));
#4279 = CARTESIAN_POINT('',(-28.91751892084,-12.1355386639,
    167.24989459111));
#4280 = CARTESIAN_POINT('',(-28.9724715161,-12.09894451423,
    167.2524313045));
#4281 = CARTESIAN_POINT('',(-29.02709694425,-12.06168687218,
    167.25223667131));
#4282 = CARTESIAN_POINT('',(-29.08137607588,-12.02377251428,
    167.24936277928));
#4283 = CARTESIAN_POINT('',(-29.13529078927,-11.9852094976,
    167.24383645953));
#4284 = CARTESIAN_POINT('',(-29.24069627229,-11.90802139272,
    167.22772914818));
#4285 = CARTESIAN_POINT('',(-29.29221016648,-11.86943549962,
    167.21731016389));
#4286 = CARTESIAN_POINT('',(-29.34335031387,-11.83025805854,
    167.20439855218));
#4287 = CARTESIAN_POINT('',(-29.39410211599,-11.79049896239,
    167.18896655976));
#4288 = CARTESIAN_POINT('',(-29.44445180907,-11.75016942307,
    167.17096146734));
#4289 = CARTESIAN_POINT('',(-29.49438665959,-11.70928216109,
    167.15029896616));
#4290 = CARTESIAN_POINT('',(-29.54389537751,-11.6678518524,
    167.1268475027));
#4291 = CARTESIAN_POINT('',(-29.64211103187,-11.58388089273,
    167.07392254503));
#4292 = CARTESIAN_POINT('',(-29.69081487826,-11.54134042136,
    167.04444043269));
#4293 = CARTESIAN_POINT('',(-29.73907272938,-11.49829023244,
    167.01175762458));
#4294 = CARTESIAN_POINT('',(-29.78687853851,-11.45475095065,
    166.97556589066));
#4295 = CARTESIAN_POINT('',(-29.83422625683,-11.41074555278,
    166.93552784246));
#4296 = CARTESIAN_POINT('',(-29.88111672505,-11.36630930627,
    166.89096612809));
#4297 = CARTESIAN_POINT('',(-29.92755167356,-11.32148090448,
    166.84114753616));
#4298 = CARTESIAN_POINT('',(-29.99310110976,-11.25717328671,
    166.75975038393));
#4299 = CARTESIAN_POINT('',(-30.01256197271,-11.23795006634,
    166.73416940155));
#4300 = CARTESIAN_POINT('',(-30.03194826103,-11.21867745459,
    166.7071142141));
#4301 = CARTESIAN_POINT('',(-30.05126378853,-11.19936352822,
    166.67836693582));
#4302 = CARTESIAN_POINT('',(-30.07051197166,-11.18001801319,
    166.64768824865));
#4303 = CARTESIAN_POINT('',(-30.08969914586,-11.16065839972,
    166.61464399756));
#4304 = CARTESIAN_POINT('',(-30.10883183101,-11.14130479666,
    166.57875339626));
#4305 = CARTESIAN_POINT('',(-30.13404682562,-11.11582430032,
    166.52596496664));
#4306 = CARTESIAN_POINT('',(-30.14015924996,-11.10964993886,
    166.51273388249));
#4307 = CARTESIAN_POINT('',(-30.14626862462,-11.10348257239,
    166.49904846839));
#4308 = CARTESIAN_POINT('',(-30.15237567204,-11.09732406184,
    166.48486170235));
#4309 = CARTESIAN_POINT('',(-30.15848131554,-11.09117716667,
    166.47010682628));
#4310 = CARTESIAN_POINT('',(-30.16458667936,-11.08504554485,
    166.454697346));
#4311 = CARTESIAN_POINT('',(-30.17069308861,-11.07893375289,
    166.43852703122));
#4312 = CARTESIAN_POINT('',(-30.18649074858,-11.06319420903,
    166.39441778817));
#4313 = CARTESIAN_POINT('',(-30.19432367217,-11.05542634432,
    166.37089497624));
#4314 = CARTESIAN_POINT('',(-30.20220404464,-11.0477746157,
    166.34412605206));
#4315 = CARTESIAN_POINT('',(-30.21117426783,-11.03906856541,
    166.31292787995));
#4316 = CARTESIAN_POINT('',(-30.22132659839,-11.02928887201,
    166.275094998));
#4317 = CARTESIAN_POINT('',(-30.23179820329,-11.01968505854,
    166.22628531394));
#4318 = CARTESIAN_POINT('',(-30.24085061349,-11.01245835046,
    166.16440611532));
#4319 = CARTESIAN_POINT('',(-30.25265971055,-11.00687919625,
    166.01652196278));
#4320 = CARTESIAN_POINT('',(-30.25183037017,-11.01184803327,
    165.94694271571));
#4321 = CARTESIAN_POINT('',(-30.24720180209,-11.02041260565,
    165.89436723319));
#4322 = CARTESIAN_POINT('',(-30.24237463095,-11.02836918814,
    165.85539194049));
#4323 = CARTESIAN_POINT('',(-30.23855064936,-11.0344236348,
    165.82809683798));
#4324 = CARTESIAN_POINT('',(-30.23552915642,-11.03906082212,
    165.80948894456));
#4325 = CARTESIAN_POINT('',(-30.23277850452,-11.04335088112,
    165.79122703533));
#4326 = CARTESIAN_POINT('',(-30.22104243518,-11.06058616705,
    165.7304620658));
#4327 = CARTESIAN_POINT('',(-30.21457461991,-11.06975577954,
    165.70212681854));
#4328 = CARTESIAN_POINT('',(-30.20798027444,-11.07888467794,
    165.67647397298));
#4329 = CARTESIAN_POINT('',(-30.20129684272,-11.0879755864,
    165.65267472513));
#4330 = CARTESIAN_POINT('',(-30.19454216539,-11.09702943235,
    165.63034163689));
#4331 = CARTESIAN_POINT('',(-30.18772263796,-11.10604738641,
    165.60932126595));
#4332 = CARTESIAN_POINT('',(-30.18084136896,-11.11503290216,
    165.58948679574));
#4333 = CARTESIAN_POINT('',(-30.16626597572,-11.13386597893,
    165.54964659034));
#4334 = CARTESIAN_POINT('',(-30.15857232643,-11.14368888803,
    165.52993225244));
#4335 = CARTESIAN_POINT('',(-30.15083112898,-11.15346743734,
    165.51118233056));
#4336 = CARTESIAN_POINT('',(-30.14304600771,-11.1632052081,
    165.49325911285));
#4337 = CARTESIAN_POINT('',(-30.13521947585,-11.17290487676,
    165.4760635923));
#4338 = CARTESIAN_POINT('',(-30.12735357188,-11.1825685161,
    165.4595171214));
#4339 = CARTESIAN_POINT('',(-30.11945012895,-11.19219772954,
    165.44355362605));
#4340 = CARTESIAN_POINT('',(-30.08696585314,-11.23145932136,
    165.38041665749));
#4341 = CARTESIAN_POINT('',(-30.06204261622,-11.26084820385,
    165.33772642902));
#4342 = CARTESIAN_POINT('',(-30.03679379563,-11.28998223305,
    165.29855472848));
#4343 = CARTESIAN_POINT('',(-30.01124206872,-11.31886677877,
    165.26233140459));
#4344 = CARTESIAN_POINT('',(-29.98540770216,-11.34750728947,
    165.22854040776));
#4345 = CARTESIAN_POINT('',(-29.95930257074,-11.37590583978,
    165.1969015707));
#4346 = CARTESIAN_POINT('',(-29.9329369238,-11.40406499244,
    165.16715987808));
#4347 = CARTESIAN_POINT('',(-29.86863319019,-11.47151539181,
    165.09946097377));
#4348 = CARTESIAN_POINT('',(-29.83044345748,-11.51056526818,
    165.06322946736));
#4349 = CARTESIAN_POINT('',(-29.79177218427,-11.54913894866,
    165.02992165219));
#4350 = CARTESIAN_POINT('',(-29.7526369491,-11.5872348459,
    164.99922851736));
#4351 = CARTESIAN_POINT('',(-29.71305273813,-11.62484996354,
    164.97092952008));
#4352 = CARTESIAN_POINT('',(-29.67303298116,-11.66198067836,
    164.94485618012));
#4353 = CARTESIAN_POINT('',(-29.63258961923,-11.69862280413,
    164.92088848133));
#4354 = CARTESIAN_POINT('',(-29.55092005993,-11.77088403342,
    164.87699779735));
#4355 = CARTESIAN_POINT('',(-29.50969503085,-11.80650386501,
    164.85707099097));
#4356 = CARTESIAN_POINT('',(-29.468069988,-11.84162703411,
    164.83905888574));
#4357 = CARTESIAN_POINT('',(-29.42605559017,-11.87624862689,
    164.82289804895));
#4358 = CARTESIAN_POINT('',(-29.38366205816,-11.91036353503,
    164.80854605282));
#4359 = CARTESIAN_POINT('',(-29.34089931014,-11.94396658274,
    164.79597616319));
#4360 = CARTESIAN_POINT('',(-29.29777701905,-11.97705258771,
    164.78517478796));
#4361 = CARTESIAN_POINT('',(-29.19316388575,-12.05541485183,
    164.76343730426));
#4362 = CARTESIAN_POINT('',(-29.13133085967,-12.10018014787,
    164.75423077273));
#4363 = CARTESIAN_POINT('',(-29.06883164028,-12.1438979223,
    164.74851972831));
#4364 = CARTESIAN_POINT('',(-29.00569168464,-12.18655353348,
    164.74635373217));
#4365 = CARTESIAN_POINT('',(-28.94193594927,-12.2281322855,
    164.74782564666));
#4366 = CARTESIAN_POINT('',(-28.87758873124,-12.26861934615,
    164.75307593873));
#4367 = CARTESIAN_POINT('',(-28.81267318141,-12.3079993169,
    164.76230990887));
#4368 = CARTESIAN_POINT('',(-28.71336404093,-12.3660351858,
    164.78281708093));
#4369 = CARTESIAN_POINT('',(-28.67937140626,-12.38551443782,
    164.79095163292));
#4370 = CARTESIAN_POINT('',(-28.64523551163,-12.40469089951,
    164.80027305288));
#4371 = CARTESIAN_POINT('',(-28.61095918299,-12.4235621079,
    164.81083044524));
#4372 = CARTESIAN_POINT('',(-28.57654512767,-12.44212543301,
    164.82268121492));
#4373 = CARTESIAN_POINT('',(-28.54199587748,-12.46037801611,
    164.83589349224));
#4374 = CARTESIAN_POINT('',(-28.50731369325,-12.47831666219,
    164.85055023548));
#4375 = CARTESIAN_POINT('',(-28.43765196183,-12.51357653079,
    164.88297617486));
#4376 = CARTESIAN_POINT('',(-28.40267244115,-12.53089696447,
    164.90074832657));
#4377 = CARTESIAN_POINT('',(-28.3675634732,-12.54789540373,
    164.9201761706));
#4378 = CARTESIAN_POINT('',(-28.33232653979,-12.56456766121,
    164.94138381103));
#4379 = CARTESIAN_POINT('',(-28.29696275661,-12.58090862336,
    164.96452690819));
#4380 = CARTESIAN_POINT('',(-28.26147275531,-12.59691211256,
    164.98979839276));
#4381 = CARTESIAN_POINT('',(-28.22585622546,-12.612570294,
    165.01745044558));
#4382 = CARTESIAN_POINT('',(-28.15984828664,-12.64082646932,
    165.07359646536));
#4383 = CARTESIAN_POINT('',(-28.1294964279,-12.65352413007,
    165.10130886897));
#4384 = CARTESIAN_POINT('',(-28.09905090908,-12.66595959816,
    165.13121534803));
#4385 = CARTESIAN_POINT('',(-28.06850803025,-12.67812397239,
    165.16362613929));
#4386 = CARTESIAN_POINT('',(-28.03786542002,-12.69000681081,
    165.19887858267));
#4387 = CARTESIAN_POINT('',(-28.00711811003,-12.70158876274,
    165.23758675274));
#4388 = CARTESIAN_POINT('',(-27.97626205175,-12.71284830804,
    165.28042110429));
#4389 = CARTESIAN_POINT('',(-27.93719007537,-12.72657194439,
    165.34184948098));
#4390 = CARTESIAN_POINT('',(-27.92909465724,-12.72938653924,
    165.35496694119));
#4391 = CARTESIAN_POINT('',(-27.92099035384,-12.73217453752,
    165.36851318113));
#4392 = CARTESIAN_POINT('',(-27.91287685341,-12.73493480413,
    165.38252375793));
#4393 = CARTESIAN_POINT('',(-27.90475381386,-12.73766584864,
    165.39704449778));
#4394 = CARTESIAN_POINT('',(-27.8966208628,-12.74036582522,
    165.4121314959));
#4395 = CARTESIAN_POINT('',(-27.88847759753,-12.74303253268,
    165.42785111664));
#4396 = CARTESIAN_POINT('',(-27.86716923649,-12.74990764833,
    165.47078365282));
#4397 = CARTESIAN_POINT('',(-27.85408260384,-12.75403358343,
    165.49877789978));
#4398 = CARTESIAN_POINT('',(-27.84098310656,-12.75802218403,
    165.52971353598));
#4399 = CARTESIAN_POINT('',(-27.82780371091,-12.76195755621,
    165.56196885168));
#4400 = CARTESIAN_POINT('',(-27.81454162666,-12.76572743032,
    165.59868958405));
#4401 = CARTESIAN_POINT('',(-27.80123061821,-12.76926864522,
    165.64126284541));
#4402 = CARTESIAN_POINT('',(-27.78792711172,-12.77264500475,
    165.68732817202));
#4403 = CARTESIAN_POINT('',(-27.77116469699,-12.77596543842,
    165.77021623971));
#4404 = CARTESIAN_POINT('',(-27.76803369112,-12.77652806735,
    165.78722397587));
#4405 = CARTESIAN_POINT('',(-27.7649905841,-12.77702518722,
    165.80511778681));
#4406 = CARTESIAN_POINT('',(-27.76180334978,-12.77748509227,
    165.82550313866));
#4407 = CARTESIAN_POINT('',(-27.75846729984,-12.77786457683,
    165.84960385388));
#4408 = CARTESIAN_POINT('',(-27.75521687551,-12.77804741919,
    165.87822933175));
#4409 = CARTESIAN_POINT('',(-27.75250854453,-12.77784871996,
    165.91183036513));
#4410 = CARTESIAN_POINT('',(-27.75097480361,-12.77702509483,
    165.95064355364));
#4411 = ORIENTED_EDGE('',*,*,#4412,.T.);
#4412 = EDGE_CURVE('',#4238,#4236,#4413,.T.);
#4413 = B_SPLINE_CURVE_WITH_KNOTS('',5,(#4414,#4415,#4416,#4417,#4418,
    #4419),.UNSPECIFIED.,.F.,.F.,(6,6),(0.,1.),
  .PIECEWISE_BEZIER_KNOTS.);
#4414 = CARTESIAN_POINT('',(-27.75097480361,-12.77702509483,
    165.95064355364));
#4415 = CARTESIAN_POINT('',(-27.75058525072,-12.77681590334,
    165.96050166558));
#4416 = CARTESIAN_POINT('',(-27.75028470405,-12.7765659245,
    165.97057196704));
#4417 = CARTESIAN_POINT('',(-27.75009070215,-12.77627698585,
    165.9806222354));
#4418 = CARTESIAN_POINT('',(-27.75,-12.77595664039,165.99047567189));
#4419 = CARTESIAN_POINT('',(-27.75,-12.77561431384,166.));
#4420 = ( BOUNDED_SURFACE() B_SPLINE_SURFACE(2,5,(
    (#4421,#4422,#4423,#4424,#4425,#4426,#4427,#4428,#4429,#4430,#4431
      ,#4432,#4433,#4434)
    ,(#4435,#4436,#4437,#4438,#4439,#4440,#4441,#4442,#4443,#4444,#4445
      ,#4446,#4447,#4448)
    ,(#4449,#4450,#4451,#4452,#4453,#4454,#4455,#4456,#4457,#4458,#4459
      ,#4460,#4461,#4462
)),.UNSPECIFIED.,.F.,.F.,.F.) B_SPLINE_SURFACE_WITH_KNOTS((3,3),(6,4,4,6
    ),(0.,175.11995682222),(-10.56038725461,0.156954102902,
    175.27691092512,185.99425228264),.UNSPECIFIED.) 
GEOMETRIC_REPRESENTATION_ITEM() RATIONAL_B_SPLINE_SURFACE((
    (1.,1.,1.,1.,1.,1.,1.,1.,1.,1.,1.,1.,1.,1.)
    ,(0.707349006016,0.707349006016,0.707349006016,0.707349006016
      ,0.707349006016,0.707349006016,0.707349006016,0.707349006016
      ,0.707349006016,0.707349006016,0.707349006016,0.707349006016
      ,0.707349006016,0.707349006016)
,(1.,1.,1.,1.,1.,1.,1.,1.,1.,1.,1.,1.,1.,1.
))) REPRESENTATION_ITEM('') SURFACE() );
#4421 = CARTESIAN_POINT('',(-30.28250727015,-17.78045122,-10.71));
#4422 = CARTESIAN_POINT('',(-30.22641702615,-17.724360976,-8.568));
#4423 = CARTESIAN_POINT('',(-30.17032678215,-17.668270732,-6.426));
#4424 = CARTESIAN_POINT('',(-30.11423653814,-17.612180488,-4.284));
#4425 = CARTESIAN_POINT('',(-30.05814629414,-17.556090244,-2.142));
#4426 = CARTESIAN_POINT('',(-29.08554879522,-16.58349274507,35.));
#4427 = CARTESIAN_POINT('',(-28.1690415403,-15.66698549015,70.));
#4428 = CARTESIAN_POINT('',(-27.25253428538,-14.75047823523,105.));
#4429 = CARTESIAN_POINT('',(-26.33602703046,-13.83397098031,140.));
#4430 = CARTESIAN_POINT('',(-25.36342953153,-12.86137348139,177.142));
#4431 = CARTESIAN_POINT('',(-25.30733928753,-12.80528323739,179.284));
#4432 = CARTESIAN_POINT('',(-25.25124904353,-12.74919299338,181.426));
#4433 = CARTESIAN_POINT('',(-25.19515879953,-12.69310274938,183.568));
#4434 = CARTESIAN_POINT('',(-25.13906855553,-12.63701250538,185.71));
#4435 = CARTESIAN_POINT('',(-36.27634404751,-17.77634404751,
    -10.55315341034));
#4436 = CARTESIAN_POINT('',(-36.22025380351,-17.72025380351,
    -8.411153410346));
#4437 = CARTESIAN_POINT('',(-36.1641635595,-17.6641635595,
    -6.269153410346));
#4438 = CARTESIAN_POINT('',(-36.1080733155,-17.6080733155,
    -4.127153410346));
#4439 = CARTESIAN_POINT('',(-36.0519830715,-17.5519830715,
    -1.985153410346));
#4440 = CARTESIAN_POINT('',(-35.07938557258,-16.57938557258,
    35.156846589654));
#4441 = CARTESIAN_POINT('',(-34.16287831766,-15.66287831766,
    70.156846589654));
#4442 = CARTESIAN_POINT('',(-33.24637106274,-14.74637106274,
    105.15684658965));
#4443 = CARTESIAN_POINT('',(-32.32986380781,-13.82986380781,
    140.15684658965));
#4444 = CARTESIAN_POINT('',(-31.35726630889,-12.85726630889,
    177.29884658965));
#4445 = CARTESIAN_POINT('',(-31.30117606489,-12.80117606489,
    179.44084658965));
#4446 = CARTESIAN_POINT('',(-31.24508582089,-12.74508582089,
    181.58284658965));
#4447 = CARTESIAN_POINT('',(-31.18899557689,-12.68899557689,
    183.72484658965));
#4448 = CARTESIAN_POINT('',(-31.13290533289,-12.63290533289,
    185.86684658965));
#4449 = CARTESIAN_POINT('',(-36.28045122,-11.78250727015,-10.71));
#4450 = CARTESIAN_POINT('',(-36.224360976,-11.72641702615,-8.568));
#4451 = CARTESIAN_POINT('',(-36.168270732,-11.67032678215,-6.426));
#4452 = CARTESIAN_POINT('',(-36.112180488,-11.61423653814,-4.284));
#4453 = CARTESIAN_POINT('',(-36.056090244,-11.55814629414,-2.142));
#4454 = CARTESIAN_POINT('',(-35.08349274507,-10.58554879522,35.));
#4455 = CARTESIAN_POINT('',(-34.16698549015,-9.669041540304,70.));
#4456 = CARTESIAN_POINT('',(-33.25047823523,-8.752534285382,105.));
#4457 = CARTESIAN_POINT('',(-32.33397098031,-7.83602703046,140.));
#4458 = CARTESIAN_POINT('',(-31.36137348139,-6.863429531538,177.142));
#4459 = CARTESIAN_POINT('',(-31.30528323739,-6.807339287537,179.284));
#4460 = CARTESIAN_POINT('',(-31.24919299338,-6.751249043535,181.426));
#4461 = CARTESIAN_POINT('',(-31.19310274938,-6.695158799534,183.568));
#4462 = CARTESIAN_POINT('',(-31.13701250538,-6.639068555533,185.71));
#4463 = ADVANCED_FACE('',(#4464),#4469,.T.);
#4464 = FACE_BOUND('',#4465,.T.);
#4465 = EDGE_LOOP('',(#4466,#4467,#4468));
#4466 = ORIENTED_EDGE('',*,*,#4213,.F.);
#4467 = ORIENTED_EDGE('',*,*,#3946,.F.);
#4468 = ORIENTED_EDGE('',*,*,#4040,.F.);
#4469 = B_SPLINE_SURFACE_WITH_KNOTS('',1,1,(
    (#4470,#4471)
    ,(#4472,#4473
    )),.UNSPECIFIED.,.F.,.F.,.F.,(2,2),(2,2),(0.,72.),(0.,1.),
  .PIECEWISE_BEZIER_KNOTS.);
#4470 = CARTESIAN_POINT('',(-36.,-17.5,0.));
#4471 = CARTESIAN_POINT('',(-31.41746372539,-12.91746372539,175.));
#4472 = CARTESIAN_POINT('',(36.,-17.5,0.));
#4473 = CARTESIAN_POINT('',(31.417463725392,-12.91746372539,175.));
#4474 = ADVANCED_FACE('',(#4475),#4487,.F.);
#4475 = FACE_BOUND('',#4476,.F.);
#4476 = EDGE_LOOP('',(#4477,#4478,#4484,#4485,#4486));
#4477 = ORIENTED_EDGE('',*,*,#4235,.F.);
#4478 = ORIENTED_EDGE('',*,*,#4479,.F.);
#4479 = EDGE_CURVE('',#4169,#4236,#4480,.T.);
#4480 = LINE('',#4481,#4482);
#4481 = CARTESIAN_POINT('',(-27.75,-6.,166.));
#4482 = VECTOR('',#4483,1.);
#4483 = DIRECTION('',(0.,-1.,0.));
#4484 = ORIENTED_EDGE('',*,*,#4168,.T.);
#4485 = ORIENTED_EDGE('',*,*,#4479,.T.);
#4486 = ORIENTED_EDGE('',*,*,#4412,.F.);
#4487 = CYLINDRICAL_SURFACE('',#4488,1.25);
#4488 = AXIS2_PLACEMENT_3D('',#4489,#4490,#4491);
#4489 = CARTESIAN_POINT('',(-29.,-6.,166.));
#4490 = DIRECTION('',(0.,-1.,0.));
#4491 = DIRECTION('',(1.,0.,0.));
#4492 = MANIFOLD_SOLID_BREP('',#4493);
#4493 = CLOSED_SHELL('',(#4494,#4667,#4720,#4977,#4987,#5008));
#4494 = ADVANCED_FACE('',(#4495),#4662,.T.);
#4495 = FACE_BOUND('',#4496,.T.);
#4496 = EDGE_LOOP('',(#4497,#4511,#4520,#4531,#4580,#4615));
#4497 = ORIENTED_EDGE('',*,*,#4498,.F.);
#4498 = EDGE_CURVE('',#4499,#4501,#4503,.T.);
#4499 = VERTEX_POINT('',#4500);
#4500 = CARTESIAN_POINT('',(31.572938001362,-6.,169.06267694038));
#4501 = VERTEX_POINT('',#4502);
#4502 = CARTESIAN_POINT('',(31.572938001362,-7.074994051509,
    169.06267694038));
#4503 = B_SPLINE_CURVE_WITH_KNOTS('',6,(#4504,#4505,#4506,#4507,#4508,
    #4509,#4510),.UNSPECIFIED.,.F.,.F.,(7,7),(0.,1.),
  .PIECEWISE_BEZIER_KNOTS.);
#4504 = CARTESIAN_POINT('',(31.572938001362,-5.9999994,169.06267694038)
  );
#4505 = CARTESIAN_POINT('',(31.572938001362,-6.419738681546,
    169.06267694038));
#4506 = CARTESIAN_POINT('',(31.572938001362,-6.845401321973,
    169.06267694038));
#4507 = CARTESIAN_POINT('',(31.572938001362,-7.331972733163,
    169.06267694038));
#4508 = CARTESIAN_POINT('',(31.572938001362,-7.866159755946,
    169.06267694038));
#4509 = CARTESIAN_POINT('',(31.572938001362,-8.351318569364,
    169.06267694038));
#4510 = CARTESIAN_POINT('',(31.572938001362,-8.592324198601,
    169.06267694038));
#4511 = ORIENTED_EDGE('',*,*,#4512,.T.);
#4512 = EDGE_CURVE('',#4499,#4513,#4515,.T.);
#4513 = VERTEX_POINT('',#4514);
#4514 = CARTESIAN_POINT('',(31.729700005591,-6.,163.07617752257));
#4515 = CIRCLE('',#4516,4.);
#4516 = AXIS2_PLACEMENT_3D('',#4517,#4518,#4519);
#4517 = CARTESIAN_POINT('',(29.,-6.,166.));
#4518 = DIRECTION('',(0.,-1.,0.));
#4519 = DIRECTION('',(1.,0.,0.));
#4520 = ORIENTED_EDGE('',*,*,#4521,.T.);
#4521 = EDGE_CURVE('',#4513,#4522,#4524,.T.);
#4522 = VERTEX_POINT('',#4523);
#4523 = CARTESIAN_POINT('',(31.729700005591,-7.231756055738,
    163.07617752257));
#4524 = B_SPLINE_CURVE_WITH_KNOTS('',5,(#4525,#4526,#4527,#4528,#4529,
    #4530),.UNSPECIFIED.,.F.,.F.,(6,6),(0.,1.),
  .PIECEWISE_BEZIER_KNOTS.);
#4525 = CARTESIAN_POINT('',(31.729700005591,-5.9999994,163.07617752257)
  );
#4526 = CARTESIAN_POINT('',(31.729700005591,-6.590207243542,
    163.07617752257));
#4527 = CARTESIAN_POINT('',(31.729700005591,-7.055536187268,
    163.07617752257));
#4528 = CARTESIAN_POINT('',(31.729700005591,-7.652682130491,
    163.07617752257));
#4529 = CARTESIAN_POINT('',(31.729700005591,-8.330848666328,
    163.07617752257));
#4530 = CARTESIAN_POINT('',(31.729700005591,-8.695357653072,
    163.07617752257));
#4531 = ORIENTED_EDGE('',*,*,#4532,.T.);
#4532 = EDGE_CURVE('',#4522,#4533,#4535,.T.);
#4533 = VERTEX_POINT('',#4534);
#4534 = CARTESIAN_POINT('',(25.71495481683,-13.21289876668,
    163.71779095073));
#4535 = B_SPLINE_CURVE_WITH_KNOTS('',7,(#4536,#4537,#4538,#4539,#4540,
    #4541,#4542,#4543,#4544,#4545,#4546,#4547,#4548,#4549,#4550,#4551,
    #4552,#4553,#4554,#4555,#4556,#4557,#4558,#4559,#4560,#4561,#4562,
    #4563,#4564,#4565,#4566,#4567,#4568,#4569,#4570,#4571,#4572,#4573,
    #4574,#4575,#4576,#4577,#4578,#4579),.UNSPECIFIED.,.F.,.F.,(8,6,6,6,
    6,6,6,8),(0.,6.198153634181E-02,0.296006963788,0.580011428694,
    0.720825438621,0.862739040416,0.9317584764,1.),.UNSPECIFIED.);
#4536 = CARTESIAN_POINT('',(31.729700005591,-7.231756055738,
    163.07617752257));
#4537 = CARTESIAN_POINT('',(31.729700005591,-7.306918427309,
    163.07617752257));
#4538 = CARTESIAN_POINT('',(31.728628095105,-7.382558582116,
    163.07517679765));
#4539 = CARTESIAN_POINT('',(31.726461054186,-7.458653065924,
    163.07315360215));
#4540 = CARTESIAN_POINT('',(31.723176147257,-7.535176805107,
    163.0700914219));
#4541 = CARTESIAN_POINT('',(31.718751242347,-7.612103114166,
    163.06597943033));
#4542 = CARTESIAN_POINT('',(31.713164930328,-7.689403703255,
    163.06081294448));
#4543 = CARTESIAN_POINT('',(31.680841435934,-8.060215026478,
    163.03111238937));
#4544 = CARTESIAN_POINT('',(31.63843582179,-8.358291728284,
    162.99262487012));
#4545 = CARTESIAN_POINT('',(31.578072844602,-8.659668959841,
    162.93923148069));
#4546 = CARTESIAN_POINT('',(31.498818369447,-8.962420309419,
    162.87233527267));
#4547 = CARTESIAN_POINT('',(31.400006290459,-9.264324587161,
    162.79483613861));
#4548 = CARTESIAN_POINT('',(31.281366398418,-9.562982661259,
    162.71028938778));
#4549 = CARTESIAN_POINT('',(30.975225454195,-10.21152114479,
    162.51603735308));
#4550 = CARTESIAN_POINT('',(30.778430102145,-10.55871711567,
    162.40481518662));
#4551 = CARTESIAN_POINT('',(30.552973184718,-10.89322044176,
    162.29572520597));
#4552 = CARTESIAN_POINT('',(30.300091329032,-11.21062284508,
    162.19621028861));
#4553 = CARTESIAN_POINT('',(30.022104270244,-11.50682950352,
    162.1131921528));
#4554 = CARTESIAN_POINT('',(29.722215577954,-11.77853403536,
    162.05276845894));
#4555 = CARTESIAN_POINT('',(29.246393836503,-12.14475990713,
    162.00444970109));
#4556 = CARTESIAN_POINT('',(29.084197074325,-12.25954607009,
    161.99534698339));
#4557 = CARTESIAN_POINT('',(28.917973617438,-12.36743714011,
    161.99383096588));
#4558 = CARTESIAN_POINT('',(28.748203548954,-12.46820099485,
    162.00054395764));
#4559 = CARTESIAN_POINT('',(28.575385058838,-12.56166718248,
    162.01610120894));
#4560 = CARTESIAN_POINT('',(28.400021995836,-12.64772715179,
    162.04111927521));
#4561 = CARTESIAN_POINT('',(28.043814380634,-12.80554619668,
    162.1116928991));
#4562 = CARTESIAN_POINT('',(27.862938500892,-12.8771880194,
    162.15740698726));
#4563 = CARTESIAN_POINT('',(27.680490496868,-12.94120339624,
    162.21410127553));
#4564 = CARTESIAN_POINT('',(27.496971280964,-12.9975993301,162.282514663
    ));
#4565 = CARTESIAN_POINT('',(27.312861637852,-13.04643619516,
    162.36354073457));
#4566 = CARTESIAN_POINT('',(27.128611874114,-13.08782032641,
    162.45826271808));
#4567 = CARTESIAN_POINT('',(26.855140874437,-13.13844922112,
    162.62206289349));
#4568 = CARTESIAN_POINT('',(26.765720471311,-13.15328365044,
    162.67932199156));
#4569 = CARTESIAN_POINT('',(26.676408251088,-13.16640137734,
    162.74044753096));
#4570 = CARTESIAN_POINT('',(26.587247821923,-13.1778187292,
    162.80568851676));
#4571 = CARTESIAN_POINT('',(26.498280007999,-13.18755290649,
    162.87534404161));
#4572 = CARTESIAN_POINT('',(26.409541889761,-13.1956208827,
    162.94979965585));
#4573 = CARTESIAN_POINT('',(26.233585691579,-13.20838179766,
    163.10849017841));
#4574 = CARTESIAN_POINT('',(26.146363665869,-13.213111631,
    163.19260299817));
#4575 = CARTESIAN_POINT('',(26.059427522737,-13.21624138976,
    163.28246483284));
#4576 = CARTESIAN_POINT('',(25.972803387245,-13.21778366723,
    163.37872770671));
#4577 = CARTESIAN_POINT('',(25.886511070598,-13.21774453141,
    163.48235833323));
#4578 = CARTESIAN_POINT('',(25.800565279764,-13.21612563046,
    163.59456199457));
#4579 = CARTESIAN_POINT('',(25.71495481683,-13.21289876668,
    163.71779095073));
#4580 = ORIENTED_EDGE('',*,*,#4581,.T.);
#4581 = EDGE_CURVE('',#4533,#4582,#4584,.T.);
#4582 = VERTEX_POINT('',#4583);
#4583 = CARTESIAN_POINT('',(25.600015264144,-13.09795921399,
    168.10715538011));
#4584 = B_SPLINE_CURVE_WITH_KNOTS('',8,(#4585,#4586,#4587,#4588,#4589,
    #4590,#4591,#4592,#4593,#4594,#4595,#4596,#4597,#4598,#4599,#4600,
    #4601,#4602,#4603,#4604,#4605,#4606,#4607,#4608,#4609,#4610,#4611,
    #4612,#4613,#4614),.UNSPECIFIED.,.F.,.F.,(9,7,7,7,9),(0.,
    0.166408304295,0.409994681988,0.664564452287,1.),.UNSPECIFIED.);
#4585 = CARTESIAN_POINT('',(26.446615774408,-13.23376342098,
    162.92100194925));
#4586 = CARTESIAN_POINT('',(26.365824131682,-13.23200897073,
    162.98800170134));
#4587 = CARTESIAN_POINT('',(26.284917073508,-13.23014494667,
    163.05918590794));
#4588 = CARTESIAN_POINT('',(26.203943676687,-13.22816252011,
    163.13489172417));
#4589 = CARTESIAN_POINT('',(26.122898397826,-13.22604997106,
    163.21556671766));
#4590 = CARTESIAN_POINT('',(26.041744944666,-13.22379147816,
    163.30181508152));
#4591 = CARTESIAN_POINT('',(25.960433914955,-13.22136614062,
    163.39443498575));
#4592 = CARTESIAN_POINT('',(25.878941946895,-13.21874589068,
    163.49449829386));
#4593 = CARTESIAN_POINT('',(25.677941683257,-13.21171193724,
    163.76311413844));
#4594 = CARTESIAN_POINT('',(25.564834168869,-13.20725761515,
    163.93321783639));
#4595 = CARTESIAN_POINT('',(25.459029479673,-13.2025223934,
    164.11404865927));
#4596 = CARTESIAN_POINT('',(25.361785605197,-13.19750636903,
    164.30560290172));
#4597 = CARTESIAN_POINT('',(25.274534352764,-13.19221762357,
    164.50757194266));
#4598 = CARTESIAN_POINT('',(25.198817918022,-13.18667403376,
    164.71927309651));
#4599 = CARTESIAN_POINT('',(25.136165459904,-13.18090644586,
    164.93952839203));
#4600 = CARTESIAN_POINT('',(25.037296344351,-13.16875577105,
    165.40354394244));
#4601 = CARTESIAN_POINT('',(25.002307321837,-13.16234544916,
    165.6483442591));
#4602 = CARTESIAN_POINT('',(24.984628817048,-13.15582209085,
    165.89746126248));
#4603 = CARTESIAN_POINT('',(24.984980589077,-13.14926955703,
    166.14769243337));
#4604 = CARTESIAN_POINT('',(25.003275627649,-13.14276744272,
    166.39599816134));
#4605 = CARTESIAN_POINT('',(25.038736507384,-13.13639081005,
    166.63951193854));
#4606 = CARTESIAN_POINT('',(25.089920723124,-13.13020981161,
    166.87555474557));
#4607 = CARTESIAN_POINT('',(25.240047919885,-13.11648794274,
    167.39957177642));
#4608 = CARTESIAN_POINT('',(25.349157334089,-13.10912417379,
    167.68078276725));
#4609 = CARTESIAN_POINT('',(25.478329034821,-13.102254992,
    167.94310623638));
#4610 = CARTESIAN_POINT('',(25.623883387569,-13.09590266902,
    168.1856916641));
#4611 = CARTESIAN_POINT('',(25.782603852394,-13.0900694937,
    168.40845164243));
#4612 = CARTESIAN_POINT('',(25.951816971254,-13.0847417504,
    168.61190995063));
#4613 = CARTESIAN_POINT('',(26.129564770332,-13.07989591885,
    168.7969647916));
#4614 = CARTESIAN_POINT('',(26.314724125559,-13.07550429181,
    168.96467426172));
#4615 = ORIENTED_EDGE('',*,*,#4616,.F.);
#4616 = EDGE_CURVE('',#4501,#4582,#4617,.T.);
#4617 = B_SPLINE_CURVE_WITH_KNOTS('',7,(#4618,#4619,#4620,#4621,#4622,
    #4623,#4624,#4625,#4626,#4627,#4628,#4629,#4630,#4631,#4632,#4633,
    #4634,#4635,#4636,#4637,#4638,#4639,#4640,#4641,#4642,#4643,#4644,
    #4645,#4646,#4647,#4648,#4649,#4650,#4651,#4652,#4653,#4654,#4655,
    #4656,#4657,#4658,#4659,#4660,#4661),.UNSPECIFIED.,.F.,.F.,(8,6,6,6,
    6,6,6,8),(0.,6.78549669733E-02,0.299870159889,0.587855898124,
    0.728604615292,0.872534496781,0.93656475145,1.),.UNSPECIFIED.);
#4618 = CARTESIAN_POINT('',(31.572938001362,-7.074994051509,
    169.06267694038));
#4619 = CARTESIAN_POINT('',(31.572938001362,-7.157276559476,
    169.06267694038));
#4620 = CARTESIAN_POINT('',(31.571592381429,-7.240071080906,
    169.06380735848));
#4621 = CARTESIAN_POINT('',(31.568869201054,-7.323345420614,
    169.06609514042));
#4622 = CARTESIAN_POINT('',(31.564737604924,-7.407065443704,
    169.06955972352));
#4623 = CARTESIAN_POINT('',(31.559168047961,-7.491195125766,
    169.07421236478));
#4624 = CARTESIAN_POINT('',(31.552132520352,-7.575696603083,
    169.08005546898));
#4625 = CARTESIAN_POINT('',(31.514446007503,-7.950600198976,
    169.11110731552));
#4626 = CARTESIAN_POINT('',(31.467840921664,-8.24455398709,
    169.14896813887));
#4627 = CARTESIAN_POINT('',(31.402740086865,-8.540805366015,
    169.20038459021));
#4628 = CARTESIAN_POINT('',(31.318334205895,-8.837529658625,
    169.26381608936));
#4629 = CARTESIAN_POINT('',(31.214154302077,-9.1326953204,
    169.33633014132));
#4630 = CARTESIAN_POINT('',(31.090150655794,-9.424136843325,
    169.41441522874));
#4631 = CARTESIAN_POINT('',(30.768666046028,-10.06410841807,
    169.59351618259));
#4632 = CARTESIAN_POINT('',(30.560676819921,-10.40944780802,
    169.69551991621));
#4633 = CARTESIAN_POINT('',(30.323481431147,-10.74154731943,
    169.79318104312));
#4634 = CARTESIAN_POINT('',(30.058849208078,-11.05622267254,
    169.87882713908));
#4635 = CARTESIAN_POINT('',(29.769663742497,-11.34961691356,
    169.94543324082));
#4636 = CARTESIAN_POINT('',(29.459673571744,-11.61869056401,
    169.98691432883));
#4637 = CARTESIAN_POINT('',(28.973452919915,-11.97998833847,
    170.00309908451));
#4638 = CARTESIAN_POINT('',(28.809865301881,-12.09229540279,
    170.00110057136));
#4639 = CARTESIAN_POINT('',(28.642800992084,-12.19805833597,
    169.9911504102));
#4640 = CARTESIAN_POINT('',(28.472776489834,-12.2970918487,
    169.9726390387));
#4641 = CARTESIAN_POINT('',(28.30032285658,-12.38927118763,
    169.94498184646));
#4642 = CARTESIAN_POINT('',(28.125974906468,-12.47453344913,
    169.90758737562));
#4643 = CARTESIAN_POINT('',(27.770576443538,-12.63298835088,
    169.81093066319));
#4644 = CARTESIAN_POINT('',(27.589464470069,-12.70586421028,
    169.75119381672));
#4645 = CARTESIAN_POINT('',(27.40748992254,-12.77150069551,
    169.67988147724));
#4646 = CARTESIAN_POINT('',(27.22521159119,-12.82995979568,
    169.59622636944));
#4647 = CARTESIAN_POINT('',(27.043174667289,-12.88136817845,
    169.49926617739));
#4648 = CARTESIAN_POINT('',(26.861901653516,-12.92591056099,
    169.38781899692));
#4649 = CARTESIAN_POINT('',(26.601829903607,-12.98071193831,
    169.20287912207));
#4650 = CARTESIAN_POINT('',(26.522007563736,-12.99627604523,
    169.14266110485));
#4651 = CARTESIAN_POINT('',(26.442483192332,-13.01055327517,
    169.0789863854));
#4652 = CARTESIAN_POINT('',(26.36330190323,-13.02356849028,
    169.01163506265));
#4653 = CARTESIAN_POINT('',(26.284508915261,-13.03534927307,
    168.94034303522));
#4654 = CARTESIAN_POINT('',(26.206150356106,-13.04592661576,
    168.86477214981));
#4655 = CARTESIAN_POINT('',(26.051122954022,-13.06465845959,
    168.70488594078));
#4656 = CARTESIAN_POINT('',(25.974446515939,-13.07283438709,
    168.62066020761));
#4657 = CARTESIAN_POINT('',(25.898291495846,-13.07989920395,
    168.53131769854));
#4658 = CARTESIAN_POINT('',(25.822707499796,-13.08589188545,
    168.43629065016));
#4659 = CARTESIAN_POINT('',(25.747752158928,-13.09085913561,
    168.33476522088));
#4660 = CARTESIAN_POINT('',(25.67348998295,-13.09485475304,
    168.22570996074));
#4661 = CARTESIAN_POINT('',(25.600015264144,-13.09795921399,
    168.10715538011));
#4662 = CYLINDRICAL_SURFACE('',#4663,4.);
#4663 = AXIS2_PLACEMENT_3D('',#4664,#4665,#4666);
#4664 = CARTESIAN_POINT('',(29.,-6.,166.));
#4665 = DIRECTION('',(0.,-1.,0.));
#4666 = DIRECTION('',(1.,0.,0.));
#4667 = ADVANCED_FACE('',(#4668),#4715,.T.);
#4668 = FACE_BOUND('',#4669,.T.);
#4669 = EDGE_LOOP('',(#4670,#4687,#4688,#4714));
#4670 = ORIENTED_EDGE('',*,*,#4671,.F.);
#4671 = EDGE_CURVE('',#4522,#4501,#4672,.T.);
#4672 = B_SPLINE_CURVE_WITH_KNOTS('',5,(#4673,#4674,#4675,#4676,#4677,
    #4678,#4679,#4680,#4681,#4682,#4683,#4684,#4685,#4686),
  .UNSPECIFIED.,.F.,.F.,(6,4,4,6),(-10.56038725461,0.156954102902,
    175.27691092512,185.99425228264),.UNSPECIFIED.);
#4673 = CARTESIAN_POINT('',(36.280451220006,-11.78250727015,-10.71));
#4674 = CARTESIAN_POINT('',(36.224360976005,-11.72641702615,-8.568));
#4675 = CARTESIAN_POINT('',(36.168270732004,-11.67032678215,-6.426));
#4676 = CARTESIAN_POINT('',(36.112180488002,-11.61423653814,-4.284));
#4677 = CARTESIAN_POINT('',(36.056090244001,-11.55814629414,-2.142));
#4678 = CARTESIAN_POINT('',(35.083492745078,-10.58554879522,35.));
#4679 = CARTESIAN_POINT('',(34.166985490157,-9.669041540304,70.));
#4680 = CARTESIAN_POINT('',(33.250478235235,-8.752534285382,105.));
#4681 = CARTESIAN_POINT('',(32.333970980314,-7.83602703046,140.));
#4682 = CARTESIAN_POINT('',(31.361373481391,-6.863429531538,177.142));
#4683 = CARTESIAN_POINT('',(31.30528323739,-6.807339287537,179.284));
#4684 = CARTESIAN_POINT('',(31.249192993389,-6.751249043535,181.426));
#4685 = CARTESIAN_POINT('',(31.193102749387,-6.695158799534,183.568));
#4686 = CARTESIAN_POINT('',(31.137012505386,-6.639068555533,185.71));
#4687 = ORIENTED_EDGE('',*,*,#4521,.F.);
#4688 = ORIENTED_EDGE('',*,*,#4689,.T.);
#4689 = EDGE_CURVE('',#4513,#4499,#4690,.T.);
#4690 = B_SPLINE_CURVE_WITH_KNOTS('',8,(#4691,#4692,#4693,#4694,#4695,
    #4696,#4697,#4698,#4699,#4700,#4701,#4702,#4703,#4704,#4705,#4706,
    #4707,#4708,#4709,#4710,#4711,#4712,#4713),.UNSPECIFIED.,.F.,.F.,(9,
    7,7,9),(0.,0.471574991926,0.728076781892,1.),.UNSPECIFIED.);
#4691 = CARTESIAN_POINT('',(31.757880705792,-6.,162.));
#4692 = CARTESIAN_POINT('',(31.745247158993,-6.,162.48245568769));
#4693 = CARTESIAN_POINT('',(31.732613618911,-6.,162.96491111889));
#4694 = CARTESIAN_POINT('',(31.719980085597,-6.,163.44736629164));
#4695 = CARTESIAN_POINT('',(31.707346559099,-6.,163.92982120408));
#4696 = CARTESIAN_POINT('',(31.694713039464,-6.,164.41227585445));
#4697 = CARTESIAN_POINT('',(31.682079526734,-6.,164.89473024112));
#4698 = CARTESIAN_POINT('',(31.66944602095,-6.,165.37718436253));
#4699 = CARTESIAN_POINT('',(31.649940836604,-6.,166.12205730101));
#4700 = CARTESIAN_POINT('',(31.643069152901,-6.,166.38447631438));
#4701 = CARTESIAN_POINT('',(31.636197471044,-6.,166.64689525728));
#4702 = CARTESIAN_POINT('',(31.629325791034,-6.,166.90931412964));
#4703 = CARTESIAN_POINT('',(31.622454112873,-6.,167.1717329314));
#4704 = CARTESIAN_POINT('',(31.615582436562,-6.,167.43415166249));
#4705 = CARTESIAN_POINT('',(31.608710762104,-6.,167.69657032285));
#4706 = CARTESIAN_POINT('',(31.594554277457,-6.,168.23718466058));
#4707 = CARTESIAN_POINT('',(31.588104350621,-6.,168.48349742901));
#4708 = CARTESIAN_POINT('',(31.581647287437,-6.,168.73008272362));
#4709 = CARTESIAN_POINT('',(31.574744982309,-6.,168.99367112204));
#4710 = CARTESIAN_POINT('',(31.567369238917,-6.,169.27533939835));
#4711 = CARTESIAN_POINT('',(31.559907721566,-6.,169.56028324999));
#4712 = CARTESIAN_POINT('',(31.553169965572,-6.,169.81758777055));
#4713 = CARTESIAN_POINT('',(31.548393333238,-6.,170.));
#4714 = ORIENTED_EDGE('',*,*,#4498,.T.);
#4715 = B_SPLINE_SURFACE_WITH_KNOTS('',1,1,(
    (#4716,#4717)
    ,(#4718,#4719
    )),.UNSPECIFIED.,.F.,.F.,.F.,(2,2),(2,2),(0.,35.),(0.,1.),
  .PIECEWISE_BEZIER_KNOTS.);
#4716 = CARTESIAN_POINT('',(36.,-17.5,0.));
#4717 = CARTESIAN_POINT('',(31.417463725392,-12.91746372539,175.));
#4718 = CARTESIAN_POINT('',(36.,17.5,0.));
#4719 = CARTESIAN_POINT('',(31.417463725392,12.917463725392,175.));
#4720 = ADVANCED_FACE('',(#4721,#4743),#4934,.T.);
#4721 = FACE_BOUND('',#4722,.T.);
#4722 = EDGE_LOOP('',(#4723,#4740,#4741,#4742));
#4723 = ORIENTED_EDGE('',*,*,#4724,.F.);
#4724 = EDGE_CURVE('',#4533,#4582,#4725,.T.);
#4725 = B_SPLINE_CURVE_WITH_KNOTS('',5,(#4726,#4727,#4728,#4729,#4730,
    #4731,#4732,#4733,#4734,#4735,#4736,#4737,#4738,#4739),
  .UNSPECIFIED.,.F.,.F.,(6,4,4,6),(-10.56038725461,0.156954102902,
    175.27691092512,185.99425228264),.UNSPECIFIED.);
#4726 = CARTESIAN_POINT('',(30.282507270153,-17.78045122,-10.71));
#4727 = CARTESIAN_POINT('',(30.226417026151,-17.724360976,-8.568));
#4728 = CARTESIAN_POINT('',(30.17032678215,-17.668270732,-6.426));
#4729 = CARTESIAN_POINT('',(30.114236538149,-17.612180488,-4.284));
#4730 = CARTESIAN_POINT('',(30.058146294148,-17.556090244,-2.142));
#4731 = CARTESIAN_POINT('',(29.085548795225,-16.58349274507,35.));
#4732 = CARTESIAN_POINT('',(28.169041540304,-15.66698549015,70.));
#4733 = CARTESIAN_POINT('',(27.252534285382,-14.75047823523,105.));
#4734 = CARTESIAN_POINT('',(26.33602703046,-13.83397098031,140.));
#4735 = CARTESIAN_POINT('',(25.363429531538,-12.86137348139,177.142));
#4736 = CARTESIAN_POINT('',(25.307339287537,-12.80528323739,179.284));
#4737 = CARTESIAN_POINT('',(25.251249043535,-12.74919299338,181.426));
#4738 = CARTESIAN_POINT('',(25.195158799534,-12.69310274938,183.568));
#4739 = CARTESIAN_POINT('',(25.139068555533,-12.63701250538,185.71));
#4740 = ORIENTED_EDGE('',*,*,#4532,.F.);
#4741 = ORIENTED_EDGE('',*,*,#4671,.T.);
#4742 = ORIENTED_EDGE('',*,*,#4616,.T.);
#4743 = FACE_BOUND('',#4744,.T.);
#4744 = EDGE_LOOP('',(#4745,#4838));
#4745 = ORIENTED_EDGE('',*,*,#4746,.T.);
#4746 = EDGE_CURVE('',#4747,#4749,#4751,.T.);
#4747 = VERTEX_POINT('',#4748);
#4748 = CARTESIAN_POINT('',(30.25,-11.01099391173,166.));
#4749 = VERTEX_POINT('',#4750);
#4750 = CARTESIAN_POINT('',(27.750974913998,-12.7770251541,
    165.95064076035));
#4751 = B_SPLINE_CURVE_WITH_KNOTS('',8,(#4752,#4753,#4754,#4755,#4756,
    #4757,#4758,#4759,#4760,#4761,#4762,#4763,#4764,#4765,#4766,#4767,
    #4768,#4769,#4770,#4771,#4772,#4773,#4774,#4775,#4776,#4777,#4778,
    #4779,#4780,#4781,#4782,#4783,#4784,#4785,#4786,#4787,#4788,#4789,
    #4790,#4791,#4792,#4793,#4794,#4795,#4796,#4797,#4798,#4799,#4800,
    #4801,#4802,#4803,#4804,#4805,#4806,#4807,#4808,#4809,#4810,#4811,
    #4812,#4813,#4814,#4815,#4816,#4817,#4818,#4819,#4820,#4821,#4822,
    #4823,#4824,#4825,#4826,#4827,#4828,#4829,#4830,#4831,#4832,#4833,
    #4834,#4835,#4836,#4837),.UNSPECIFIED.,.F.,.F.,(9,7,7,7,7,7,7,7,7,7,
    7,7,9),(0.,1.228109960609E-02,4.414579365735E-02,7.873960884902E-02,
    0.179103834107,0.313629882069,0.451146916497,0.647657071896,
    0.744532471496,0.844635180593,0.929390503303,0.964254931056,1.),
  .UNSPECIFIED.);
#4752 = CARTESIAN_POINT('',(30.25,-11.01099391173,166.));
#4753 = CARTESIAN_POINT('',(30.25,-11.01347279207,165.95680854833));
#4754 = CARTESIAN_POINT('',(30.248592610532,-11.01700538472,
    165.92442679763));
#4755 = CARTESIAN_POINT('',(30.246535024961,-11.02088030102,
    165.89952822191));
#4756 = CARTESIAN_POINT('',(30.244338380814,-11.02464526442,
    165.87937319346));
#4757 = CARTESIAN_POINT('',(30.242267759782,-11.02810711044,
    165.86180898282));
#4758 = CARTESIAN_POINT('',(30.240342187722,-11.03133178671,
    165.84526975879));
#4759 = CARTESIAN_POINT('',(30.23833463465,-11.03464435292,
    165.82877658844));
#4760 = CARTESIAN_POINT('',(30.229123009222,-11.04896754626,
    165.76824636521));
#4761 = CARTESIAN_POINT('',(30.222056663634,-11.0592518444,
    165.73338067133));
#4762 = CARTESIAN_POINT('',(30.214807032076,-11.06949234831,
    165.7022694134));
#4763 = CARTESIAN_POINT('',(30.207437192962,-11.0796806729,
    165.67374371219));
#4764 = CARTESIAN_POINT('',(30.199958219124,-11.08980988772,
    165.64769839061));
#4765 = CARTESIAN_POINT('',(30.192388801341,-11.09988490023,
    165.62366199824));
#4766 = CARTESIAN_POINT('',(30.184755525287,-11.1099229097,
    165.60077522083));
#4767 = CARTESIAN_POINT('',(30.168650734717,-11.13082322578,
    165.55573036045));
#4768 = CARTESIAN_POINT('',(30.160200924483,-11.14164086294,
    165.53378005973));
#4769 = CARTESIAN_POINT('',(30.151692943434,-11.15240402637,
    165.51302388911));
#4770 = CARTESIAN_POINT('',(30.143131532987,-11.16311754182,
    165.49327928144));
#4771 = CARTESIAN_POINT('',(30.134520083874,-11.17378503531,
    165.47441237312));
#4772 = CARTESIAN_POINT('',(30.125861351524,-11.18440928408,
    165.45631723564));
#4773 = CARTESIAN_POINT('',(30.117157510427,-11.19499225417,
    165.4389143651));
#4774 = CARTESIAN_POINT('',(30.083034099306,-11.23612305249,
    165.37346158119));
#4775 = CARTESIAN_POINT('',(30.057259862587,-11.26641779616,
    165.32998174869));
#4776 = CARTESIAN_POINT('',(30.031143147684,-11.29644253838,
    165.29013231076));
#4777 = CARTESIAN_POINT('',(30.004707399234,-11.32620263311,
    165.25332748336));
#4778 = CARTESIAN_POINT('',(29.977973774258,-11.3557036355,
    165.21903136507));
#4779 = CARTESIAN_POINT('',(29.950954595598,-11.38494749515,
    165.18695746411));
#4780 = CARTESIAN_POINT('',(29.923660587358,-11.41393671287,
    165.15684289712));
#4781 = CARTESIAN_POINT('',(29.859155955143,-11.48119122678,
    165.09051731225));
#4782 = CARTESIAN_POINT('',(29.82173497587,-11.51925240347,
    165.05572165209));
#4783 = CARTESIAN_POINT('',(29.783857178006,-11.55685855069,
    165.02366445483));
#4784 = CARTESIAN_POINT('',(29.745538589737,-11.59400801845,
    164.99406937158));
#4785 = CARTESIAN_POINT('',(29.706792979953,-11.63069792023,
    164.96673762124));
#4786 = CARTESIAN_POINT('',(29.667632737024,-11.66692479915,
    164.94151707049));
#4787 = CARTESIAN_POINT('',(29.628068969238,-11.70268471445,
    164.91829772408));
#4788 = CARTESIAN_POINT('',(29.547266717755,-11.77404713378,
    164.87521478751));
#4789 = CARTESIAN_POINT('',(29.506010837179,-11.80962820812,
    164.85543754321));
#4790 = CARTESIAN_POINT('',(29.464355663551,-11.84471230297,
    164.8375705003));
#4791 = CARTESIAN_POINT('',(29.422311828256,-11.87929449369,
    164.82155144675));
#4792 = CARTESIAN_POINT('',(29.379889532322,-11.91336966627,
    164.80733891984));
#4793 = CARTESIAN_POINT('',(29.337098678482,-11.94693264169,
    164.79490701315));
#4794 = CARTESIAN_POINT('',(29.293948926737,-11.97997823537,
    164.78424289008));
#4795 = CARTESIAN_POINT('',(29.188289774046,-12.05897624315,
    164.76263489143));
#4796 = CARTESIAN_POINT('',(29.125416472316,-12.10438391147,
    164.75353372715));
#4797 = CARTESIAN_POINT('',(29.061857128675,-12.1487092463,
    164.74804293505));
#4798 = CARTESIAN_POINT('',(28.997638393672,-12.19193688439,
    164.74621741987));
#4799 = CARTESIAN_POINT('',(28.932786395484,-12.23405140452,
    164.74815802916));
#4800 = CARTESIAN_POINT('',(28.867326558073,-12.27503722901,
    164.75401661958));
#4801 = CARTESIAN_POINT('',(28.801283050036,-12.31487813169,
    164.76401572743));
#4802 = CARTESIAN_POINT('',(28.70184289949,-12.37262390679,164.785614829
    ));
#4803 = CARTESIAN_POINT('',(28.668871505718,-12.391408848,
    164.79383277804));
#4804 = CARTESIAN_POINT('',(28.635766317349,-12.4099090477,
    164.80317600561));
#4805 = CARTESIAN_POINT('',(28.602529876898,-12.42812223682,
    164.81369072654));
#4806 = CARTESIAN_POINT('',(28.569164617294,-12.44604599,164.8254307745)
  );
#4807 = CARTESIAN_POINT('',(28.535672810821,-12.46367766992,
    164.8384597843));
#4808 = CARTESIAN_POINT('',(28.502056484553,-12.48101433166,
    164.85285483749));
#4809 = CARTESIAN_POINT('',(28.433454132061,-12.51565845515,
    164.88509655668));
#4810 = CARTESIAN_POINT('',(28.398460084522,-12.53294555359,
    164.90304204175));
#4811 = CARTESIAN_POINT('',(28.363336725442,-12.54991026211,
    164.92265438901));
#4812 = CARTESIAN_POINT('',(28.328085500336,-12.56654834292,
    164.94405968958));
#4813 = CARTESIAN_POINT('',(28.292707481732,-12.5828546047,
    164.96741640622));
#4814 = CARTESIAN_POINT('',(28.257203251243,-12.59882276488,
    164.9929211041));
#4815 = CARTESIAN_POINT('',(28.221572427193,-12.61444483645,
    165.02083116134));
#4816 = CARTESIAN_POINT('',(28.155534876238,-12.64263359223,
    165.07751915892));
#4817 = CARTESIAN_POINT('',(28.125167985347,-12.65530008983,
    165.10550609657));
#4818 = CARTESIAN_POINT('',(28.09470720424,-12.66770344367,
    165.13571706013));
#4819 = CARTESIAN_POINT('',(28.064148581657,-12.67983446826,
    165.16847310804));
#4820 = CARTESIAN_POINT('',(28.033489694319,-12.69168253997,
    165.2041172317));
#4821 = CARTESIAN_POINT('',(28.002725319963,-12.70322736718,
    165.24329238397));
#4822 = CARTESIAN_POINT('',(27.97185150643,-12.71444684725,
    165.28668451589));
#4823 = CARTESIAN_POINT('',(27.92809285875,-12.72974158887,
    165.35650034456));
#4824 = CARTESIAN_POINT('',(27.91531926567,-12.73413383624,
    165.37787204027));
#4825 = CARTESIAN_POINT('',(27.902522676242,-12.73845695537,
    165.40040585137));
#4826 = CARTESIAN_POINT('',(27.889701061317,-12.74270646125,
    165.4242510745));
#4827 = CARTESIAN_POINT('',(27.876852927567,-12.7468745387,
    165.44964339247));
#4828 = CARTESIAN_POINT('',(27.863977671342,-12.75095115212,
    165.47687137305));
#4829 = CARTESIAN_POINT('',(27.851074886692,-12.75492208931,
    165.50633944159));
#4830 = CARTESIAN_POINT('',(27.824879350396,-12.76268949659,
    165.57235057992));
#4831 = CARTESIAN_POINT('',(27.81509526167,-12.76549728251,
    165.59856437392));
#4832 = CARTESIAN_POINT('',(27.806332357263,-12.76769535209,
    165.63068319408));
#4833 = CARTESIAN_POINT('',(27.795074255196,-12.77095537306,
    165.65944606282));
#4834 = CARTESIAN_POINT('',(27.782194789631,-12.77422847305,
    165.70410839739));
#4835 = CARTESIAN_POINT('',(27.769044401193,-12.77671889577,
    165.77192819691));
#4836 = CARTESIAN_POINT('',(27.755458597802,-12.77943267945,
    165.83718209307));
#4837 = CARTESIAN_POINT('',(27.750974913998,-12.7770251541,
    165.95064076035));
#4838 = ORIENTED_EDGE('',*,*,#4839,.T.);
#4839 = EDGE_CURVE('',#4749,#4747,#4840,.T.);
#4840 = B_SPLINE_CURVE_WITH_KNOTS('',8,(#4841,#4842,#4843,#4844,#4845,
    #4846,#4847,#4848,#4849,#4850,#4851,#4852,#4853,#4854,#4855,#4856,
    #4857,#4858,#4859,#4860,#4861,#4862,#4863,#4864,#4865,#4866,#4867,
    #4868,#4869,#4870,#4871,#4872,#4873,#4874,#4875,#4876,#4877,#4878,
    #4879,#4880,#4881,#4882,#4883,#4884,#4885,#4886,#4887,#4888,#4889,
    #4890,#4891,#4892,#4893,#4894,#4895,#4896,#4897,#4898,#4899,#4900,
    #4901,#4902,#4903,#4904,#4905,#4906,#4907,#4908,#4909,#4910,#4911,
    #4912,#4913,#4914,#4915,#4916,#4917,#4918,#4919,#4920,#4921,#4922,
    #4923,#4924,#4925,#4926,#4927,#4928,#4929,#4930,#4931,#4932,#4933),
  .UNSPECIFIED.,.F.,.F.,(9,7,7,7,7,7,7,7,7,7,7,7,7,9),(0.,
    1.206431136882E-02,4.422603493567E-02,6.609490041782E-02,
    0.100242564036,0.137494650056,0.230474910211,0.326404508277,
    0.554597263211,0.715469983051,0.876563582473,0.944962654523,
    0.976294999462,1.),.UNSPECIFIED.);
#4841 = CARTESIAN_POINT('',(27.750974913998,-12.7770251541,
    165.95064076035));
#4842 = CARTESIAN_POINT('',(27.750675079628,-12.77686415728,
    165.95822800547));
#4843 = CARTESIAN_POINT('',(27.75042348254,-12.77668108753,
    165.96592935456));
#4844 = CARTESIAN_POINT('',(27.750225976924,-12.7764765818,
    165.97366655553));
#4845 = CARTESIAN_POINT('',(27.750084938611,-12.77625219669,
    165.98137169293));
#4846 = CARTESIAN_POINT('',(27.749999902649,-12.77601019942,
    165.98898642484));
#4847 = CARTESIAN_POINT('',(27.749968200884,-12.77575335873,
    165.99646121976));
#4848 = CARTESIAN_POINT('',(27.749985599534,-12.7754847358,
    166.00375459352));
#4849 = CARTESIAN_POINT('',(27.750210453044,-12.77446833816,
    166.02970061937));
#4850 = CARTESIAN_POINT('',(27.750586397092,-12.77431589204,
    166.03003341759));
#4851 = CARTESIAN_POINT('',(27.750659968813,-12.77238388173,
    166.08308503747));
#4852 = CARTESIAN_POINT('',(27.753966914053,-12.76876484578,
    166.14917217396));
#4853 = CARTESIAN_POINT('',(27.764709843552,-12.76251840423,
    166.21233335716));
#4854 = CARTESIAN_POINT('',(27.778672963802,-12.75489705641,
    166.27690181568));
#4855 = CARTESIAN_POINT('',(27.793894087478,-12.74712151399,
    166.33028205485));
#4856 = CARTESIAN_POINT('',(27.811403539731,-12.73828562573,
    166.38772310612));
#4857 = CARTESIAN_POINT('',(27.81856138384,-12.73472542829,
    166.4093909132));
#4858 = CARTESIAN_POINT('',(27.825775783254,-12.73117693452,
    166.42974687372));
#4859 = CARTESIAN_POINT('',(27.833035082752,-12.72763641456,
    166.44901368271));
#4860 = CARTESIAN_POINT('',(27.84033031489,-12.72410083086,
    166.46736713479));
#4861 = CARTESIAN_POINT('',(27.847655200011,-12.72056783819,
    166.48493612413));
#4862 = CARTESIAN_POINT('',(27.855006146238,-12.71703578361,
    166.50180264451));
#4863 = CARTESIAN_POINT('',(27.873899842485,-12.70798846012,
    166.54329633173));
#4864 = CARTESIAN_POINT('',(27.885454092638,-12.70248280458,
    166.56696725739));
#4865 = CARTESIAN_POINT('',(27.897036473202,-12.69697930387,
    166.58930867729));
#4866 = CARTESIAN_POINT('',(27.90864211866,-12.69147299578,
    166.61050759368));
#4867 = CARTESIAN_POINT('',(27.920267513681,-12.68596011229,
    166.63070352747));
#4868 = CARTESIAN_POINT('',(27.931909764565,-12.68043767162,
    166.65000762657));
#4869 = CARTESIAN_POINT('',(27.94356648747,-12.67490341817,
    166.66850577526));
#4870 = CARTESIAN_POINT('',(27.967965043903,-12.66330339175,
    166.7056496705));
#4871 = CARTESIAN_POINT('',(27.98070947819,-12.65723490033,
    166.72415633755));
#4872 = CARTESIAN_POINT('',(27.993465945543,-12.65114770929,
    166.74188325935));
#4873 = CARTESIAN_POINT('',(28.006232376626,-12.64503992422,
    166.75890267807));
#4874 = CARTESIAN_POINT('',(28.019007099948,-12.63891000764,
    166.77527276122));
#4875 = CARTESIAN_POINT('',(28.031788677718,-12.63275667475,
    166.79104225134));
#4876 = CARTESIAN_POINT('',(28.044575815367,-12.62657883631,
    166.80625304869));
#4877 = CARTESIAN_POINT('',(28.089294677027,-12.60489244062,
    166.85760079881));
#4878 = CARTESIAN_POINT('',(28.121271925967,-12.58924003199,
    166.89102846983));
#4879 = CARTESIAN_POINT('',(28.153276150037,-12.57340620761,
    166.92176490423));
#4880 = CARTESIAN_POINT('',(28.185291558262,-12.55738364203,
    166.95014759162));
#4881 = CARTESIAN_POINT('',(28.217305653713,-12.54116700811,
    166.97642762438));
#4882 = CARTESIAN_POINT('',(28.249308064805,-12.5247520866,
    167.00080542961));
#4883 = CARTESIAN_POINT('',(28.281290406995,-12.50813563077,
    167.02343496633));
#4884 = CARTESIAN_POINT('',(28.346214245549,-12.47396041215,
    167.06612431562));
#4885 = CARTESIAN_POINT('',(28.379153450882,-12.45638876605,
    167.08607935458));
#4886 = CARTESIAN_POINT('',(28.412054845338,-12.43859705491,
    167.1044523728));
#4887 = CARTESIAN_POINT('',(28.444911173375,-12.42058329574,
    167.12135323948));
#4888 = CARTESIAN_POINT('',(28.477715918698,-12.40234608358,
    167.1368705178));
#4889 = CARTESIAN_POINT('',(28.510463100789,-12.38388441877,
    167.15107818828));
#4890 = CARTESIAN_POINT('',(28.543147161334,-12.36519760725,
    167.16403941389));
#4891 = CARTESIAN_POINT('',(28.653347801456,-12.3012973819,
    167.2038003455));
#4892 = CARTESIAN_POINT('',(28.730545480937,-12.25503363526,
    167.2250416589));
#4893 = CARTESIAN_POINT('',(28.807286456458,-12.20748842066,
    167.24024886012));
#4894 = CARTESIAN_POINT('',(28.883510036528,-12.15866582078,
    167.24985484281));
#4895 = CARTESIAN_POINT('',(28.959160440089,-12.1085758421,
    167.25415165338));
#4896 = CARTESIAN_POINT('',(29.034185704991,-12.05723318631,
    167.25333480654));
#4897 = CARTESIAN_POINT('',(29.108537875895,-12.00465719795,
    167.2475012275));
#4898 = CARTESIAN_POINT('',(29.234084605744,-11.91295360475,
    167.22900679391));
#4899 = CARTESIAN_POINT('',(29.285639508515,-11.8744346809,
    167.21886748434));
#4900 = CARTESIAN_POINT('',(29.336822101516,-11.83532329941,
    167.20623758203));
#4901 = CARTESIAN_POINT('',(29.387617708983,-11.79562924701,
    167.19109152293));
#4902 = CARTESIAN_POINT('',(29.438012486664,-11.7553636206,
    167.17337899412));
#4903 = CARTESIAN_POINT('',(29.487993610548,-11.7145390085,
    167.15301858329));
#4904 = CARTESIAN_POINT('',(29.537549675764,-11.67316991967,
    167.12988271599));
#4905 = CARTESIAN_POINT('',(29.635860380029,-11.58931947728,
    167.07762919717));
#4906 = CARTESIAN_POINT('',(29.684612079951,-11.54683821884,
    167.04850320352));
#4907 = CARTESIAN_POINT('',(29.732918579376,-11.50384538908,
    167.01620167069));
#4908 = CARTESIAN_POINT('',(29.780773517227,-11.46036126469,
    166.98042742689));
#4909 = CARTESIAN_POINT('',(29.828170700551,-11.41640858332,
    166.9408489938));
#4910 = CARTESIAN_POINT('',(29.875110386181,-11.37202154741,
    166.89681844555));
#4911 = CARTESIAN_POINT('',(29.921594059154,-11.32723812487,
    166.84761880391));
#4912 = CARTESIAN_POINT('',(29.98720580607,-11.26298656275,
    166.76738448956));
#4913 = CARTESIAN_POINT('',(30.006682674959,-11.24378070394,
    166.74218832258));
#4914 = CARTESIAN_POINT('',(30.026084386379,-11.22452375088,
    166.71556099613));
#4915 = CARTESIAN_POINT('',(30.045414401262,-11.20522333457,
    166.6872994119));
#4916 = CARTESIAN_POINT('',(30.064675986804,-11.1858888,166.65717390975)
  );
#4917 = CARTESIAN_POINT('',(30.083874917755,-11.16653609524,
    166.62478874504));
#4918 = CARTESIAN_POINT('',(30.103017509155,-11.14718410325,
    166.58968843052));
#4919 = CARTESIAN_POINT('',(30.130873893398,-11.11902976879,
    166.53293409406));
#4920 = CARTESIAN_POINT('',(30.139616155263,-11.11019522367,
    166.514299815));
#4921 = CARTESIAN_POINT('',(30.148351741807,-11.10137350111,
    166.49477150061));
#4922 = CARTESIAN_POINT('',(30.157083601267,-11.09257059407,
    166.4741849751));
#4923 = CARTESIAN_POINT('',(30.165814069685,-11.0837939255,
    166.45236321075));
#4924 = CARTESIAN_POINT('',(30.174545388196,-11.07505352708,
    166.42908590806));
#4925 = CARTESIAN_POINT('',(30.183281671625,-11.06636676171,
    166.40396744236));
#4926 = CARTESIAN_POINT('',(30.198652781586,-11.0512599884,
    166.35526792799));
#4927 = CARTESIAN_POINT('',(30.210428375548,-11.03975703763,
    166.31630289665));
#4928 = CARTESIAN_POINT('',(30.223801131263,-11.02685864641,
    166.2673975452));
#4929 = CARTESIAN_POINT('',(30.235760657213,-11.01600462033,
    166.20887275304));
#4930 = CARTESIAN_POINT('',(30.2445439886,-11.00898778127,
    166.14807956981));
#4931 = CARTESIAN_POINT('',(30.249259861297,-11.00677927222,
    166.08883262066));
#4932 = CARTESIAN_POINT('',(30.25,-11.00932759287,166.02903356373));
#4933 = CARTESIAN_POINT('',(30.25,-11.01099391173,166.));
#4934 = ( BOUNDED_SURFACE() B_SPLINE_SURFACE(2,5,(
    (#4935,#4936,#4937,#4938,#4939,#4940,#4941,#4942,#4943,#4944,#4945
      ,#4946,#4947,#4948)
    ,(#4949,#4950,#4951,#4952,#4953,#4954,#4955,#4956,#4957,#4958,#4959
      ,#4960,#4961,#4962)
    ,(#4963,#4964,#4965,#4966,#4967,#4968,#4969,#4970,#4971,#4972,#4973
      ,#4974,#4975,#4976
)),.UNSPECIFIED.,.F.,.F.,.F.) B_SPLINE_SURFACE_WITH_KNOTS((3,3),(6,4,4,6
    ),(0.,175.11995682222),(-10.56038725461,0.156954102902,
    175.27691092512,185.99425228264),.UNSPECIFIED.) 
GEOMETRIC_REPRESENTATION_ITEM() RATIONAL_B_SPLINE_SURFACE((
    (1.,1.,1.,1.,1.,1.,1.,1.,1.,1.,1.,1.,1.,1.)
    ,(0.707349006016,0.707349006016,0.707349006016,0.707349006016
      ,0.707349006016,0.707349006016,0.707349006016,0.707349006016
      ,0.707349006016,0.707349006016,0.707349006016,0.707349006016
      ,0.707349006016,0.707349006016)
,(1.,1.,1.,1.,1.,1.,1.,1.,1.,1.,1.,1.,1.,1.
))) REPRESENTATION_ITEM('') SURFACE() );
#4935 = CARTESIAN_POINT('',(30.282507270153,-17.78045122,-10.71));
#4936 = CARTESIAN_POINT('',(30.226417026151,-17.724360976,-8.568));
#4937 = CARTESIAN_POINT('',(30.17032678215,-17.668270732,-6.426));
#4938 = CARTESIAN_POINT('',(30.114236538149,-17.612180488,-4.284));
#4939 = CARTESIAN_POINT('',(30.058146294148,-17.556090244,-2.142));
#4940 = CARTESIAN_POINT('',(29.085548795225,-16.58349274507,35.));
#4941 = CARTESIAN_POINT('',(28.169041540304,-15.66698549015,70.));
#4942 = CARTESIAN_POINT('',(27.252534285382,-14.75047823523,105.));
#4943 = CARTESIAN_POINT('',(26.33602703046,-13.83397098031,140.));
#4944 = CARTESIAN_POINT('',(25.363429531538,-12.86137348139,177.142));
#4945 = CARTESIAN_POINT('',(25.307339287537,-12.80528323739,179.284));
#4946 = CARTESIAN_POINT('',(25.251249043535,-12.74919299338,181.426));
#4947 = CARTESIAN_POINT('',(25.195158799534,-12.69310274938,183.568));
#4948 = CARTESIAN_POINT('',(25.139068555533,-12.63701250538,185.71));
#4949 = CARTESIAN_POINT('',(36.276344047511,-17.77634404751,
    -10.55315341034));
#4950 = CARTESIAN_POINT('',(36.22025380351,-17.72025380351,
    -8.411153410346));
#4951 = CARTESIAN_POINT('',(36.164163559509,-17.6641635595,
    -6.269153410346));
#4952 = CARTESIAN_POINT('',(36.108073315507,-17.6080733155,
    -4.127153410346));
#4953 = CARTESIAN_POINT('',(36.051983071506,-17.5519830715,
    -1.985153410346));
#4954 = CARTESIAN_POINT('',(35.079385572583,-16.57938557258,
    35.156846589654));
#4955 = CARTESIAN_POINT('',(34.162878317662,-15.66287831766,
    70.156846589654));
#4956 = CARTESIAN_POINT('',(33.24637106274,-14.74637106274,
    105.15684658965));
#4957 = CARTESIAN_POINT('',(32.329863807819,-13.82986380781,
    140.15684658965));
#4958 = CARTESIAN_POINT('',(31.357266308896,-12.85726630889,
    177.29884658965));
#4959 = CARTESIAN_POINT('',(31.301176064895,-12.80117606489,
    179.44084658965));
#4960 = CARTESIAN_POINT('',(31.245085820894,-12.74508582089,
    181.58284658965));
#4961 = CARTESIAN_POINT('',(31.188995576892,-12.68899557689,
    183.72484658965));
#4962 = CARTESIAN_POINT('',(31.132905332891,-12.63290533289,
    185.86684658965));
#4963 = CARTESIAN_POINT('',(36.280451220006,-11.78250727015,-10.71));
#4964 = CARTESIAN_POINT('',(36.224360976005,-11.72641702615,-8.568));
#4965 = CARTESIAN_POINT('',(36.168270732004,-11.67032678215,-6.426));
#4966 = CARTESIAN_POINT('',(36.112180488002,-11.61423653814,-4.284));
#4967 = CARTESIAN_POINT('',(36.056090244001,-11.55814629414,-2.142));
#4968 = CARTESIAN_POINT('',(35.083492745078,-10.58554879522,35.));
#4969 = CARTESIAN_POINT('',(34.166985490157,-9.669041540304,70.));
#4970 = CARTESIAN_POINT('',(33.250478235235,-8.752534285382,105.));
#4971 = CARTESIAN_POINT('',(32.333970980314,-7.83602703046,140.));
#4972 = CARTESIAN_POINT('',(31.361373481391,-6.863429531538,177.142));
#4973 = CARTESIAN_POINT('',(31.30528323739,-6.807339287537,179.284));
#4974 = CARTESIAN_POINT('',(31.249192993389,-6.751249043535,181.426));
#4975 = CARTESIAN_POINT('',(31.193102749387,-6.695158799534,183.568));
#4976 = CARTESIAN_POINT('',(31.137012505386,-6.639068555533,185.71));
#4977 = ADVANCED_FACE('',(#4978),#4982,.T.);
#4978 = FACE_BOUND('',#4979,.T.);
#4979 = EDGE_LOOP('',(#4980,#4981));
#4980 = ORIENTED_EDGE('',*,*,#4581,.F.);
#4981 = ORIENTED_EDGE('',*,*,#4724,.T.);
#4982 = B_SPLINE_SURFACE_WITH_KNOTS('',1,1,(
    (#4983,#4984)
    ,(#4985,#4986
    )),.UNSPECIFIED.,.F.,.F.,.F.,(2,2),(2,2),(0.,72.),(0.,1.),
  .PIECEWISE_BEZIER_KNOTS.);
#4983 = CARTESIAN_POINT('',(-36.,-17.5,0.));
#4984 = CARTESIAN_POINT('',(-31.41746372539,-12.91746372539,175.));
#4985 = CARTESIAN_POINT('',(36.,-17.5,0.));
#4986 = CARTESIAN_POINT('',(31.417463725392,-12.91746372539,175.));
#4987 = ADVANCED_FACE('',(#4988,#4992),#5003,.F.);
#4988 = FACE_BOUND('',#4989,.F.);
#4989 = EDGE_LOOP('',(#4990,#4991));
#4990 = ORIENTED_EDGE('',*,*,#4689,.T.);
#4991 = ORIENTED_EDGE('',*,*,#4512,.T.);
#4992 = FACE_BOUND('',#4993,.F.);
#4993 = EDGE_LOOP('',(#4994));
#4994 = ORIENTED_EDGE('',*,*,#4995,.F.);
#4995 = EDGE_CURVE('',#4996,#4996,#4998,.T.);
#4996 = VERTEX_POINT('',#4997);
#4997 = CARTESIAN_POINT('',(30.25,-6.,166.));
#4998 = CIRCLE('',#4999,1.25);
#4999 = AXIS2_PLACEMENT_3D('',#5000,#5001,#5002);
#5000 = CARTESIAN_POINT('',(29.,-6.,166.));
#5001 = DIRECTION('',(0.,-1.,0.));
#5002 = DIRECTION('',(1.,0.,0.));
#5003 = PLANE('',#5004);
#5004 = AXIS2_PLACEMENT_3D('',#5005,#5006,#5007);
#5005 = CARTESIAN_POINT('',(29.,-6.,166.));
#5006 = DIRECTION('',(0.,-1.,0.));
#5007 = DIRECTION('',(1.,0.,0.));
#5008 = ADVANCED_FACE('',(#5009),#5021,.F.);
#5009 = FACE_BOUND('',#5010,.F.);
#5010 = EDGE_LOOP('',(#5011,#5012,#5018,#5019,#5020));
#5011 = ORIENTED_EDGE('',*,*,#4839,.T.);
#5012 = ORIENTED_EDGE('',*,*,#5013,.F.);
#5013 = EDGE_CURVE('',#4996,#4747,#5014,.T.);
#5014 = LINE('',#5015,#5016);
#5015 = CARTESIAN_POINT('',(30.25,-6.,166.));
#5016 = VECTOR('',#5017,1.);
#5017 = DIRECTION('',(0.,-1.,0.));
#5018 = ORIENTED_EDGE('',*,*,#4995,.T.);
#5019 = ORIENTED_EDGE('',*,*,#5013,.T.);
#5020 = ORIENTED_EDGE('',*,*,#4746,.T.);
#5021 = CYLINDRICAL_SURFACE('',#5022,1.25);
#5022 = AXIS2_PLACEMENT_3D('',#5023,#5024,#5025);
#5023 = CARTESIAN_POINT('',(29.,-6.,166.));
#5024 = DIRECTION('',(0.,-1.,0.));
#5025 = DIRECTION('',(1.,0.,0.));
#5026 = ( GEOMETRIC_REPRESENTATION_CONTEXT(3) 
GLOBAL_UNCERTAINTY_ASSIGNED_CONTEXT((#5030)) 
GLOBAL_UNIT_ASSIGNED_CONTEXT((#5027,#5028,#5029)) REPRESENTATION_CONTEXT
('Context #1','3D Context with UNIT and UNCERTAINTY') );
#5027 = ( LENGTH_UNIT() NAMED_UNIT(*) SI_UNIT(.MILLI.,.METRE.) );
#5028 = ( NAMED_UNIT(*) PLANE_ANGLE_UNIT() SI_UNIT($,.RADIAN.) );
#5029 = ( NAMED_UNIT(*) SI_UNIT($,.STERADIAN.) SOLID_ANGLE_UNIT() );
#5030 = UNCERTAINTY_MEASURE_WITH_UNIT(LENGTH_MEASURE(5.E-06),#5027,
  'distance_accuracy_value','confusion accuracy');
#5031 = CONTEXT_DEPENDENT_SHAPE_REPRESENTATION(#5032,#5034);
#5032 = ( REPRESENTATION_RELATIONSHIP('','',#2162,#10) 
REPRESENTATION_RELATIONSHIP_WITH_TRANSFORMATION(#5033) 
SHAPE_REPRESENTATION_RELATIONSHIP() );
#5033 = ITEM_DEFINED_TRANSFORMATION('','',#11,#19);
#5034 = PRODUCT_DEFINITION_SHAPE('Placement','Placement of an item',
  #5035);
#5035 = NEXT_ASSEMBLY_USAGE_OCCURRENCE('54','Rear_Housing_Shell','',#5,
  #2157,$);
#5036 = PRODUCT_RELATED_PRODUCT_CATEGORY('part',$,(#2159));
#5037 = SHAPE_DEFINITION_REPRESENTATION(#5038,#5044);
#5038 = PRODUCT_DEFINITION_SHAPE('','',#5039);
#5039 = PRODUCT_DEFINITION('design','',#5040,#5043);
#5040 = PRODUCT_DEFINITION_FORMATION('','',#5041);
#5041 = PRODUCT('USB_C_Port_Shell','USB_C_Port_Shell','',(#5042));
#5042 = PRODUCT_CONTEXT('',#2,'mechanical');
#5043 = PRODUCT_DEFINITION_CONTEXT('part definition',#2,'design');
#5044 = ADVANCED_BREP_SHAPE_REPRESENTATION('',(#11,#5045),#5195);
#5045 = MANIFOLD_SOLID_BREP('',#5046);
#5046 = CLOSED_SHELL('',(#5047,#5087,#5127,#5149,#5171,#5183));
#5047 = ADVANCED_FACE('',(#5048),#5082,.F.);
#5048 = FACE_BOUND('',#5049,.F.);
#5049 = EDGE_LOOP('',(#5050,#5060,#5068,#5076));
#5050 = ORIENTED_EDGE('',*,*,#5051,.F.);
#5051 = EDGE_CURVE('',#5052,#5054,#5056,.T.);
#5052 = VERTEX_POINT('',#5053);
#5053 = CARTESIAN_POINT('',(0.,0.,0.));
#5054 = VERTEX_POINT('',#5055);
#5055 = CARTESIAN_POINT('',(0.,0.,37.));
#5056 = LINE('',#5057,#5058);
#5057 = CARTESIAN_POINT('',(0.,0.,0.));
#5058 = VECTOR('',#5059,1.);
#5059 = DIRECTION('',(0.,0.,1.));
#5060 = ORIENTED_EDGE('',*,*,#5061,.T.);
#5061 = EDGE_CURVE('',#5052,#5062,#5064,.T.);
#5062 = VERTEX_POINT('',#5063);
#5063 = CARTESIAN_POINT('',(0.,3.2,0.));
#5064 = LINE('',#5065,#5066);
#5065 = CARTESIAN_POINT('',(0.,0.,0.));
#5066 = VECTOR('',#5067,1.);
#5067 = DIRECTION('',(-0.,1.,0.));
#5068 = ORIENTED_EDGE('',*,*,#5069,.T.);
#5069 = EDGE_CURVE('',#5062,#5070,#5072,.T.);
#5070 = VERTEX_POINT('',#5071);
#5071 = CARTESIAN_POINT('',(0.,3.2,37.));
#5072 = LINE('',#5073,#5074);
#5073 = CARTESIAN_POINT('',(0.,3.2,0.));
#5074 = VECTOR('',#5075,1.);
#5075 = DIRECTION('',(0.,0.,1.));
#5076 = ORIENTED_EDGE('',*,*,#5077,.F.);
#5077 = EDGE_CURVE('',#5054,#5070,#5078,.T.);
#5078 = LINE('',#5079,#5080);
#5079 = CARTESIAN_POINT('',(0.,0.,37.));
#5080 = VECTOR('',#5081,1.);
#5081 = DIRECTION('',(-0.,1.,0.));
#5082 = PLANE('',#5083);
#5083 = AXIS2_PLACEMENT_3D('',#5084,#5085,#5086);
#5084 = CARTESIAN_POINT('',(0.,0.,0.));
#5085 = DIRECTION('',(1.,0.,-0.));
#5086 = DIRECTION('',(0.,0.,1.));
#5087 = ADVANCED_FACE('',(#5088),#5122,.T.);
#5088 = FACE_BOUND('',#5089,.T.);
#5089 = EDGE_LOOP('',(#5090,#5100,#5108,#5116));
#5090 = ORIENTED_EDGE('',*,*,#5091,.F.);
#5091 = EDGE_CURVE('',#5092,#5094,#5096,.T.);
#5092 = VERTEX_POINT('',#5093);
#5093 = CARTESIAN_POINT('',(9.,0.,0.));
#5094 = VERTEX_POINT('',#5095);
#5095 = CARTESIAN_POINT('',(9.,0.,37.));
#5096 = LINE('',#5097,#5098);
#5097 = CARTESIAN_POINT('',(9.,0.,0.));
#5098 = VECTOR('',#5099,1.);
#5099 = DIRECTION('',(0.,0.,1.));
#5100 = ORIENTED_EDGE('',*,*,#5101,.T.);
#5101 = EDGE_CURVE('',#5092,#5102,#5104,.T.);
#5102 = VERTEX_POINT('',#5103);
#5103 = CARTESIAN_POINT('',(9.,3.2,0.));
#5104 = LINE('',#5105,#5106);
#5105 = CARTESIAN_POINT('',(9.,0.,0.));
#5106 = VECTOR('',#5107,1.);
#5107 = DIRECTION('',(-0.,1.,0.));
#5108 = ORIENTED_EDGE('',*,*,#5109,.T.);
#5109 = EDGE_CURVE('',#5102,#5110,#5112,.T.);
#5110 = VERTEX_POINT('',#5111);
#5111 = CARTESIAN_POINT('',(9.,3.2,37.));
#5112 = LINE('',#5113,#5114);
#5113 = CARTESIAN_POINT('',(9.,3.2,0.));
#5114 = VECTOR('',#5115,1.);
#5115 = DIRECTION('',(0.,0.,1.));
#5116 = ORIENTED_EDGE('',*,*,#5117,.F.);
#5117 = EDGE_CURVE('',#5094,#5110,#5118,.T.);
#5118 = LINE('',#5119,#5120);
#5119 = CARTESIAN_POINT('',(9.,0.,37.));
#5120 = VECTOR('',#5121,1.);
#5121 = DIRECTION('',(-0.,1.,0.));
#5122 = PLANE('',#5123);
#5123 = AXIS2_PLACEMENT_3D('',#5124,#5125,#5126);
#5124 = CARTESIAN_POINT('',(9.,0.,0.));
#5125 = DIRECTION('',(1.,0.,-0.));
#5126 = DIRECTION('',(0.,0.,1.));
#5127 = ADVANCED_FACE('',(#5128),#5144,.F.);
#5128 = FACE_BOUND('',#5129,.F.);
#5129 = EDGE_LOOP('',(#5130,#5136,#5137,#5143));
#5130 = ORIENTED_EDGE('',*,*,#5131,.F.);
#5131 = EDGE_CURVE('',#5052,#5092,#5132,.T.);
#5132 = LINE('',#5133,#5134);
#5133 = CARTESIAN_POINT('',(0.,0.,0.));
#5134 = VECTOR('',#5135,1.);
#5135 = DIRECTION('',(1.,0.,-0.));
#5136 = ORIENTED_EDGE('',*,*,#5051,.T.);
#5137 = ORIENTED_EDGE('',*,*,#5138,.T.);
#5138 = EDGE_CURVE('',#5054,#5094,#5139,.T.);
#5139 = LINE('',#5140,#5141);
#5140 = CARTESIAN_POINT('',(0.,0.,37.));
#5141 = VECTOR('',#5142,1.);
#5142 = DIRECTION('',(1.,0.,-0.));
#5143 = ORIENTED_EDGE('',*,*,#5091,.F.);
#5144 = PLANE('',#5145);
#5145 = AXIS2_PLACEMENT_3D('',#5146,#5147,#5148);
#5146 = CARTESIAN_POINT('',(0.,0.,0.));
#5147 = DIRECTION('',(-0.,1.,0.));
#5148 = DIRECTION('',(0.,0.,1.));
#5149 = ADVANCED_FACE('',(#5150),#5166,.T.);
#5150 = FACE_BOUND('',#5151,.T.);
#5151 = EDGE_LOOP('',(#5152,#5158,#5159,#5165));
#5152 = ORIENTED_EDGE('',*,*,#5153,.F.);
#5153 = EDGE_CURVE('',#5062,#5102,#5154,.T.);
#5154 = LINE('',#5155,#5156);
#5155 = CARTESIAN_POINT('',(0.,3.2,0.));
#5156 = VECTOR('',#5157,1.);
#5157 = DIRECTION('',(1.,0.,-0.));
#5158 = ORIENTED_EDGE('',*,*,#5069,.T.);
#5159 = ORIENTED_EDGE('',*,*,#5160,.T.);
#5160 = EDGE_CURVE('',#5070,#5110,#5161,.T.);
#5161 = LINE('',#5162,#5163);
#5162 = CARTESIAN_POINT('',(0.,3.2,37.));
#5163 = VECTOR('',#5164,1.);
#5164 = DIRECTION('',(1.,0.,-0.));
#5165 = ORIENTED_EDGE('',*,*,#5109,.F.);
#5166 = PLANE('',#5167);
#5167 = AXIS2_PLACEMENT_3D('',#5168,#5169,#5170);
#5168 = CARTESIAN_POINT('',(0.,3.2,0.));
#5169 = DIRECTION('',(-0.,1.,0.));
#5170 = DIRECTION('',(0.,0.,1.));
#5171 = ADVANCED_FACE('',(#5172),#5178,.F.);
#5172 = FACE_BOUND('',#5173,.F.);
#5173 = EDGE_LOOP('',(#5174,#5175,#5176,#5177));
#5174 = ORIENTED_EDGE('',*,*,#5061,.F.);
#5175 = ORIENTED_EDGE('',*,*,#5131,.T.);
#5176 = ORIENTED_EDGE('',*,*,#5101,.T.);
#5177 = ORIENTED_EDGE('',*,*,#5153,.F.);
#5178 = PLANE('',#5179);
#5179 = AXIS2_PLACEMENT_3D('',#5180,#5181,#5182);
#5180 = CARTESIAN_POINT('',(0.,0.,0.));
#5181 = DIRECTION('',(0.,0.,1.));
#5182 = DIRECTION('',(1.,0.,-0.));
#5183 = ADVANCED_FACE('',(#5184),#5190,.T.);
#5184 = FACE_BOUND('',#5185,.T.);
#5185 = EDGE_LOOP('',(#5186,#5187,#5188,#5189));
#5186 = ORIENTED_EDGE('',*,*,#5077,.F.);
#5187 = ORIENTED_EDGE('',*,*,#5138,.T.);
#5188 = ORIENTED_EDGE('',*,*,#5117,.T.);
#5189 = ORIENTED_EDGE('',*,*,#5160,.F.);
#5190 = PLANE('',#5191);
#5191 = AXIS2_PLACEMENT_3D('',#5192,#5193,#5194);
#5192 = CARTESIAN_POINT('',(0.,0.,37.));
#5193 = DIRECTION('',(0.,0.,1.));
#5194 = DIRECTION('',(1.,0.,-0.));
#5195 = ( GEOMETRIC_REPRESENTATION_CONTEXT(3) 
GLOBAL_UNCERTAINTY_ASSIGNED_CONTEXT((#5199)) 
GLOBAL_UNIT_ASSIGNED_CONTEXT((#5196,#5197,#5198)) REPRESENTATION_CONTEXT
('Context #1','3D Context with UNIT and UNCERTAINTY') );
#5196 = ( LENGTH_UNIT() NAMED_UNIT(*) SI_UNIT(.MILLI.,.METRE.) );
#5197 = ( NAMED_UNIT(*) PLANE_ANGLE_UNIT() SI_UNIT($,.RADIAN.) );
#5198 = ( NAMED_UNIT(*) SI_UNIT($,.STERADIAN.) SOLID_ANGLE_UNIT() );
#5199 = UNCERTAINTY_MEASURE_WITH_UNIT(LENGTH_MEASURE(1.E-07),#5196,
  'distance_accuracy_value','confusion accuracy');
#5200 = CONTEXT_DEPENDENT_SHAPE_REPRESENTATION(#5201,#5203);
#5201 = ( REPRESENTATION_RELATIONSHIP('','',#5044,#10) 
REPRESENTATION_RELATIONSHIP_WITH_TRANSFORMATION(#5202) 
SHAPE_REPRESENTATION_RELATIONSHIP() );
#5202 = ITEM_DEFINED_TRANSFORMATION('','',#11,#23);
#5203 = PRODUCT_DEFINITION_SHAPE('Placement','Placement of an item',
  #5204);
#5204 = NEXT_ASSEMBLY_USAGE_OCCURRENCE('55','USB_C_Port_Shell','',#5,
  #5039,$);
#5205 = PRODUCT_RELATED_PRODUCT_CATEGORY('part',$,(#5041));
#5206 = SHAPE_DEFINITION_REPRESENTATION(#5207,#5213);
#5207 = PRODUCT_DEFINITION_SHAPE('','',#5208);
#5208 = PRODUCT_DEFINITION('design','',#5209,#5212);
#5209 = PRODUCT_DEFINITION_FORMATION('','',#5210);
#5210 = PRODUCT('USB_C_Internal_Tongue','USB_C_Internal_Tongue','',(
    #5211));
#5211 = PRODUCT_CONTEXT('',#2,'mechanical');
#5212 = PRODUCT_DEFINITION_CONTEXT('part definition',#2,'design');
#5213 = ADVANCED_BREP_SHAPE_REPRESENTATION('',(#11,#5214),#5364);
#5214 = MANIFOLD_SOLID_BREP('',#5215);
#5215 = CLOSED_SHELL('',(#5216,#5256,#5296,#5318,#5340,#5352));
#5216 = ADVANCED_FACE('',(#5217),#5251,.F.);
#5217 = FACE_BOUND('',#5218,.F.);
#5218 = EDGE_LOOP('',(#5219,#5229,#5237,#5245));
#5219 = ORIENTED_EDGE('',*,*,#5220,.F.);
#5220 = EDGE_CURVE('',#5221,#5223,#5225,.T.);
#5221 = VERTEX_POINT('',#5222);
#5222 = CARTESIAN_POINT('',(0.,0.,0.));
#5223 = VERTEX_POINT('',#5224);
#5224 = CARTESIAN_POINT('',(0.,0.,31.));
#5225 = LINE('',#5226,#5227);
#5226 = CARTESIAN_POINT('',(0.,0.,0.));
#5227 = VECTOR('',#5228,1.);
#5228 = DIRECTION('',(0.,0.,1.));
#5229 = ORIENTED_EDGE('',*,*,#5230,.T.);
#5230 = EDGE_CURVE('',#5221,#5231,#5233,.T.);
#5231 = VERTEX_POINT('',#5232);
#5232 = CARTESIAN_POINT('',(0.,1.2,0.));
#5233 = LINE('',#5234,#5235);
#5234 = CARTESIAN_POINT('',(0.,0.,0.));
#5235 = VECTOR('',#5236,1.);
#5236 = DIRECTION('',(-0.,1.,0.));
#5237 = ORIENTED_EDGE('',*,*,#5238,.T.);
#5238 = EDGE_CURVE('',#5231,#5239,#5241,.T.);
#5239 = VERTEX_POINT('',#5240);
#5240 = CARTESIAN_POINT('',(0.,1.2,31.));
#5241 = LINE('',#5242,#5243);
#5242 = CARTESIAN_POINT('',(0.,1.2,0.));
#5243 = VECTOR('',#5244,1.);
#5244 = DIRECTION('',(0.,0.,1.));
#5245 = ORIENTED_EDGE('',*,*,#5246,.F.);
#5246 = EDGE_CURVE('',#5223,#5239,#5247,.T.);
#5247 = LINE('',#5248,#5249);
#5248 = CARTESIAN_POINT('',(0.,0.,31.));
#5249 = VECTOR('',#5250,1.);
#5250 = DIRECTION('',(-0.,1.,0.));
#5251 = PLANE('',#5252);
#5252 = AXIS2_PLACEMENT_3D('',#5253,#5254,#5255);
#5253 = CARTESIAN_POINT('',(0.,0.,0.));
#5254 = DIRECTION('',(1.,0.,-0.));
#5255 = DIRECTION('',(0.,0.,1.));
#5256 = ADVANCED_FACE('',(#5257),#5291,.T.);
#5257 = FACE_BOUND('',#5258,.T.);
#5258 = EDGE_LOOP('',(#5259,#5269,#5277,#5285));
#5259 = ORIENTED_EDGE('',*,*,#5260,.F.);
#5260 = EDGE_CURVE('',#5261,#5263,#5265,.T.);
#5261 = VERTEX_POINT('',#5262);
#5262 = CARTESIAN_POINT('',(7.,0.,0.));
#5263 = VERTEX_POINT('',#5264);
#5264 = CARTESIAN_POINT('',(7.,0.,31.));
#5265 = LINE('',#5266,#5267);
#5266 = CARTESIAN_POINT('',(7.,0.,0.));
#5267 = VECTOR('',#5268,1.);
#5268 = DIRECTION('',(0.,0.,1.));
#5269 = ORIENTED_EDGE('',*,*,#5270,.T.);
#5270 = EDGE_CURVE('',#5261,#5271,#5273,.T.);
#5271 = VERTEX_POINT('',#5272);
#5272 = CARTESIAN_POINT('',(7.,1.2,0.));
#5273 = LINE('',#5274,#5275);
#5274 = CARTESIAN_POINT('',(7.,0.,0.));
#5275 = VECTOR('',#5276,1.);
#5276 = DIRECTION('',(-0.,1.,0.));
#5277 = ORIENTED_EDGE('',*,*,#5278,.T.);
#5278 = EDGE_CURVE('',#5271,#5279,#5281,.T.);
#5279 = VERTEX_POINT('',#5280);
#5280 = CARTESIAN_POINT('',(7.,1.2,31.));
#5281 = LINE('',#5282,#5283);
#5282 = CARTESIAN_POINT('',(7.,1.2,0.));
#5283 = VECTOR('',#5284,1.);
#5284 = DIRECTION('',(0.,0.,1.));
#5285 = ORIENTED_EDGE('',*,*,#5286,.F.);
#5286 = EDGE_CURVE('',#5263,#5279,#5287,.T.);
#5287 = LINE('',#5288,#5289);
#5288 = CARTESIAN_POINT('',(7.,0.,31.));
#5289 = VECTOR('',#5290,1.);
#5290 = DIRECTION('',(-0.,1.,0.));
#5291 = PLANE('',#5292);
#5292 = AXIS2_PLACEMENT_3D('',#5293,#5294,#5295);
#5293 = CARTESIAN_POINT('',(7.,0.,0.));
#5294 = DIRECTION('',(1.,0.,-0.));
#5295 = DIRECTION('',(0.,0.,1.));
#5296 = ADVANCED_FACE('',(#5297),#5313,.F.);
#5297 = FACE_BOUND('',#5298,.F.);
#5298 = EDGE_LOOP('',(#5299,#5305,#5306,#5312));
#5299 = ORIENTED_EDGE('',*,*,#5300,.F.);
#5300 = EDGE_CURVE('',#5221,#5261,#5301,.T.);
#5301 = LINE('',#5302,#5303);
#5302 = CARTESIAN_POINT('',(0.,0.,0.));
#5303 = VECTOR('',#5304,1.);
#5304 = DIRECTION('',(1.,0.,-0.));
#5305 = ORIENTED_EDGE('',*,*,#5220,.T.);
#5306 = ORIENTED_EDGE('',*,*,#5307,.T.);
#5307 = EDGE_CURVE('',#5223,#5263,#5308,.T.);
#5308 = LINE('',#5309,#5310);
#5309 = CARTESIAN_POINT('',(0.,0.,31.));
#5310 = VECTOR('',#5311,1.);
#5311 = DIRECTION('',(1.,0.,-0.));
#5312 = ORIENTED_EDGE('',*,*,#5260,.F.);
#5313 = PLANE('',#5314);
#5314 = AXIS2_PLACEMENT_3D('',#5315,#5316,#5317);
#5315 = CARTESIAN_POINT('',(0.,0.,0.));
#5316 = DIRECTION('',(-0.,1.,0.));
#5317 = DIRECTION('',(0.,0.,1.));
#5318 = ADVANCED_FACE('',(#5319),#5335,.T.);
#5319 = FACE_BOUND('',#5320,.T.);
#5320 = EDGE_LOOP('',(#5321,#5327,#5328,#5334));
#5321 = ORIENTED_EDGE('',*,*,#5322,.F.);
#5322 = EDGE_CURVE('',#5231,#5271,#5323,.T.);
#5323 = LINE('',#5324,#5325);
#5324 = CARTESIAN_POINT('',(0.,1.2,0.));
#5325 = VECTOR('',#5326,1.);
#5326 = DIRECTION('',(1.,0.,-0.));
#5327 = ORIENTED_EDGE('',*,*,#5238,.T.);
#5328 = ORIENTED_EDGE('',*,*,#5329,.T.);
#5329 = EDGE_CURVE('',#5239,#5279,#5330,.T.);
#5330 = LINE('',#5331,#5332);
#5331 = CARTESIAN_POINT('',(0.,1.2,31.));
#5332 = VECTOR('',#5333,1.);
#5333 = DIRECTION('',(1.,0.,-0.));
#5334 = ORIENTED_EDGE('',*,*,#5278,.F.);
#5335 = PLANE('',#5336);
#5336 = AXIS2_PLACEMENT_3D('',#5337,#5338,#5339);
#5337 = CARTESIAN_POINT('',(0.,1.2,0.));
#5338 = DIRECTION('',(-0.,1.,0.));
#5339 = DIRECTION('',(0.,0.,1.));
#5340 = ADVANCED_FACE('',(#5341),#5347,.F.);
#5341 = FACE_BOUND('',#5342,.F.);
#5342 = EDGE_LOOP('',(#5343,#5344,#5345,#5346));
#5343 = ORIENTED_EDGE('',*,*,#5230,.F.);
#5344 = ORIENTED_EDGE('',*,*,#5300,.T.);
#5345 = ORIENTED_EDGE('',*,*,#5270,.T.);
#5346 = ORIENTED_EDGE('',*,*,#5322,.F.);
#5347 = PLANE('',#5348);
#5348 = AXIS2_PLACEMENT_3D('',#5349,#5350,#5351);
#5349 = CARTESIAN_POINT('',(0.,0.,0.));
#5350 = DIRECTION('',(0.,0.,1.));
#5351 = DIRECTION('',(1.,0.,-0.));
#5352 = ADVANCED_FACE('',(#5353),#5359,.T.);
#5353 = FACE_BOUND('',#5354,.T.);
#5354 = EDGE_LOOP('',(#5355,#5356,#5357,#5358));
#5355 = ORIENTED_EDGE('',*,*,#5246,.F.);
#5356 = ORIENTED_EDGE('',*,*,#5307,.T.);
#5357 = ORIENTED_EDGE('',*,*,#5286,.T.);
#5358 = ORIENTED_EDGE('',*,*,#5329,.F.);
#5359 = PLANE('',#5360);
#5360 = AXIS2_PLACEMENT_3D('',#5361,#5362,#5363);
#5361 = CARTESIAN_POINT('',(0.,0.,31.));
#5362 = DIRECTION('',(0.,0.,1.));
#5363 = DIRECTION('',(1.,0.,-0.));
#5364 = ( GEOMETRIC_REPRESENTATION_CONTEXT(3) 
GLOBAL_UNCERTAINTY_ASSIGNED_CONTEXT((#5368)) 
GLOBAL_UNIT_ASSIGNED_CONTEXT((#5365,#5366,#5367)) REPRESENTATION_CONTEXT
('Context #1','3D Context with UNIT and UNCERTAINTY') );
#5365 = ( LENGTH_UNIT() NAMED_UNIT(*) SI_UNIT(.MILLI.,.METRE.) );
#5366 = ( NAMED_UNIT(*) PLANE_ANGLE_UNIT() SI_UNIT($,.RADIAN.) );
#5367 = ( NAMED_UNIT(*) SI_UNIT($,.STERADIAN.) SOLID_ANGLE_UNIT() );
#5368 = UNCERTAINTY_MEASURE_WITH_UNIT(LENGTH_MEASURE(1.E-07),#5365,
  'distance_accuracy_value','confusion accuracy');
#5369 = CONTEXT_DEPENDENT_SHAPE_REPRESENTATION(#5370,#5372);
#5370 = ( REPRESENTATION_RELATIONSHIP('','',#5213,#10) 
REPRESENTATION_RELATIONSHIP_WITH_TRANSFORMATION(#5371) 
SHAPE_REPRESENTATION_RELATIONSHIP() );
#5371 = ITEM_DEFINED_TRANSFORMATION('','',#11,#27);
#5372 = PRODUCT_DEFINITION_SHAPE('Placement','Placement of an item',
  #5373);
#5373 = NEXT_ASSEMBLY_USAGE_OCCURRENCE('56','USB_C_Internal_Tongue','',
  #5,#5208,$);
#5374 = PRODUCT_RELATED_PRODUCT_CATEGORY('part',$,(#5210));
#5375 = SHAPE_DEFINITION_REPRESENTATION(#5376,#5382);
#5376 = PRODUCT_DEFINITION_SHAPE('','',#5377);
#5377 = PRODUCT_DEFINITION('design','',#5378,#5381);
#5378 = PRODUCT_DEFINITION_FORMATION('','',#5379);
#5379 = PRODUCT('MicroSD_Card_Slot','MicroSD_Card_Slot','',(#5380));
#5380 = PRODUCT_CONTEXT('',#2,'mechanical');
#5381 = PRODUCT_DEFINITION_CONTEXT('part definition',#2,'design');
#5382 = ADVANCED_BREP_SHAPE_REPRESENTATION('',(#11,#5383),#5533);
#5383 = MANIFOLD_SOLID_BREP('',#5384);
#5384 = CLOSED_SHELL('',(#5385,#5425,#5465,#5487,#5509,#5521));
#5385 = ADVANCED_FACE('',(#5386),#5420,.F.);
#5386 = FACE_BOUND('',#5387,.F.);
#5387 = EDGE_LOOP('',(#5388,#5398,#5406,#5414));
#5388 = ORIENTED_EDGE('',*,*,#5389,.F.);
#5389 = EDGE_CURVE('',#5390,#5392,#5394,.T.);
#5390 = VERTEX_POINT('',#5391);
#5391 = CARTESIAN_POINT('',(0.,0.,0.));
#5392 = VERTEX_POINT('',#5393);
#5393 = CARTESIAN_POINT('',(0.,0.,2.5));
#5394 = LINE('',#5395,#5396);
#5395 = CARTESIAN_POINT('',(0.,0.,0.));
#5396 = VECTOR('',#5397,1.);
#5397 = DIRECTION('',(0.,0.,1.));
#5398 = ORIENTED_EDGE('',*,*,#5399,.T.);
#5399 = EDGE_CURVE('',#5390,#5400,#5402,.T.);
#5400 = VERTEX_POINT('',#5401);
#5401 = CARTESIAN_POINT('',(0.,15.,0.));
#5402 = LINE('',#5403,#5404);
#5403 = CARTESIAN_POINT('',(0.,0.,0.));
#5404 = VECTOR('',#5405,1.);
#5405 = DIRECTION('',(-0.,1.,0.));
#5406 = ORIENTED_EDGE('',*,*,#5407,.T.);
#5407 = EDGE_CURVE('',#5400,#5408,#5410,.T.);
#5408 = VERTEX_POINT('',#5409);
#5409 = CARTESIAN_POINT('',(0.,15.,2.5));
#5410 = LINE('',#5411,#5412);
#5411 = CARTESIAN_POINT('',(0.,15.,0.));
#5412 = VECTOR('',#5413,1.);
#5413 = DIRECTION('',(0.,0.,1.));
#5414 = ORIENTED_EDGE('',*,*,#5415,.F.);
#5415 = EDGE_CURVE('',#5392,#5408,#5416,.T.);
#5416 = LINE('',#5417,#5418);
#5417 = CARTESIAN_POINT('',(0.,0.,2.5));
#5418 = VECTOR('',#5419,1.);
#5419 = DIRECTION('',(-0.,1.,0.));
#5420 = PLANE('',#5421);
#5421 = AXIS2_PLACEMENT_3D('',#5422,#5423,#5424);
#5422 = CARTESIAN_POINT('',(0.,0.,0.));
#5423 = DIRECTION('',(1.,0.,-0.));
#5424 = DIRECTION('',(0.,0.,1.));
#5425 = ADVANCED_FACE('',(#5426),#5460,.T.);
#5426 = FACE_BOUND('',#5427,.T.);
#5427 = EDGE_LOOP('',(#5428,#5438,#5446,#5454));
#5428 = ORIENTED_EDGE('',*,*,#5429,.F.);
#5429 = EDGE_CURVE('',#5430,#5432,#5434,.T.);
#5430 = VERTEX_POINT('',#5431);
#5431 = CARTESIAN_POINT('',(5.,0.,0.));
#5432 = VERTEX_POINT('',#5433);
#5433 = CARTESIAN_POINT('',(5.,0.,2.5));
#5434 = LINE('',#5435,#5436);
#5435 = CARTESIAN_POINT('',(5.,0.,0.));
#5436 = VECTOR('',#5437,1.);
#5437 = DIRECTION('',(0.,0.,1.));
#5438 = ORIENTED_EDGE('',*,*,#5439,.T.);
#5439 = EDGE_CURVE('',#5430,#5440,#5442,.T.);
#5440 = VERTEX_POINT('',#5441);
#5441 = CARTESIAN_POINT('',(5.,15.,0.));
#5442 = LINE('',#5443,#5444);
#5443 = CARTESIAN_POINT('',(5.,0.,0.));
#5444 = VECTOR('',#5445,1.);
#5445 = DIRECTION('',(-0.,1.,0.));
#5446 = ORIENTED_EDGE('',*,*,#5447,.T.);
#5447 = EDGE_CURVE('',#5440,#5448,#5450,.T.);
#5448 = VERTEX_POINT('',#5449);
#5449 = CARTESIAN_POINT('',(5.,15.,2.5));
#5450 = LINE('',#5451,#5452);
#5451 = CARTESIAN_POINT('',(5.,15.,0.));
#5452 = VECTOR('',#5453,1.);
#5453 = DIRECTION('',(0.,0.,1.));
#5454 = ORIENTED_EDGE('',*,*,#5455,.F.);
#5455 = EDGE_CURVE('',#5432,#5448,#5456,.T.);
#5456 = LINE('',#5457,#5458);
#5457 = CARTESIAN_POINT('',(5.,0.,2.5));
#5458 = VECTOR('',#5459,1.);
#5459 = DIRECTION('',(-0.,1.,0.));
#5460 = PLANE('',#5461);
#5461 = AXIS2_PLACEMENT_3D('',#5462,#5463,#5464);
#5462 = CARTESIAN_POINT('',(5.,0.,0.));
#5463 = DIRECTION('',(1.,0.,-0.));
#5464 = DIRECTION('',(0.,0.,1.));
#5465 = ADVANCED_FACE('',(#5466),#5482,.F.);
#5466 = FACE_BOUND('',#5467,.F.);
#5467 = EDGE_LOOP('',(#5468,#5474,#5475,#5481));
#5468 = ORIENTED_EDGE('',*,*,#5469,.F.);
#5469 = EDGE_CURVE('',#5390,#5430,#5470,.T.);
#5470 = LINE('',#5471,#5472);
#5471 = CARTESIAN_POINT('',(0.,0.,0.));
#5472 = VECTOR('',#5473,1.);
#5473 = DIRECTION('',(1.,0.,-0.));
#5474 = ORIENTED_EDGE('',*,*,#5389,.T.);
#5475 = ORIENTED_EDGE('',*,*,#5476,.T.);
#5476 = EDGE_CURVE('',#5392,#5432,#5477,.T.);
#5477 = LINE('',#5478,#5479);
#5478 = CARTESIAN_POINT('',(0.,0.,2.5));
#5479 = VECTOR('',#5480,1.);
#5480 = DIRECTION('',(1.,0.,-0.));
#5481 = ORIENTED_EDGE('',*,*,#5429,.F.);
#5482 = PLANE('',#5483);
#5483 = AXIS2_PLACEMENT_3D('',#5484,#5485,#5486);
#5484 = CARTESIAN_POINT('',(0.,0.,0.));
#5485 = DIRECTION('',(-0.,1.,0.));
#5486 = DIRECTION('',(0.,0.,1.));
#5487 = ADVANCED_FACE('',(#5488),#5504,.T.);
#5488 = FACE_BOUND('',#5489,.T.);
#5489 = EDGE_LOOP('',(#5490,#5496,#5497,#5503));
#5490 = ORIENTED_EDGE('',*,*,#5491,.F.);
#5491 = EDGE_CURVE('',#5400,#5440,#5492,.T.);
#5492 = LINE('',#5493,#5494);
#5493 = CARTESIAN_POINT('',(0.,15.,0.));
#5494 = VECTOR('',#5495,1.);
#5495 = DIRECTION('',(1.,0.,-0.));
#5496 = ORIENTED_EDGE('',*,*,#5407,.T.);
#5497 = ORIENTED_EDGE('',*,*,#5498,.T.);
#5498 = EDGE_CURVE('',#5408,#5448,#5499,.T.);
#5499 = LINE('',#5500,#5501);
#5500 = CARTESIAN_POINT('',(0.,15.,2.5));
#5501 = VECTOR('',#5502,1.);
#5502 = DIRECTION('',(1.,0.,-0.));
#5503 = ORIENTED_EDGE('',*,*,#5447,.F.);
#5504 = PLANE('',#5505);
#5505 = AXIS2_PLACEMENT_3D('',#5506,#5507,#5508);
#5506 = CARTESIAN_POINT('',(0.,15.,0.));
#5507 = DIRECTION('',(-0.,1.,0.));
#5508 = DIRECTION('',(0.,0.,1.));
#5509 = ADVANCED_FACE('',(#5510),#5516,.F.);
#5510 = FACE_BOUND('',#5511,.F.);
#5511 = EDGE_LOOP('',(#5512,#5513,#5514,#5515));
#5512 = ORIENTED_EDGE('',*,*,#5399,.F.);
#5513 = ORIENTED_EDGE('',*,*,#5469,.T.);
#5514 = ORIENTED_EDGE('',*,*,#5439,.T.);
#5515 = ORIENTED_EDGE('',*,*,#5491,.F.);
#5516 = PLANE('',#5517);
#5517 = AXIS2_PLACEMENT_3D('',#5518,#5519,#5520);
#5518 = CARTESIAN_POINT('',(0.,0.,0.));
#5519 = DIRECTION('',(0.,0.,1.));
#5520 = DIRECTION('',(1.,0.,-0.));
#5521 = ADVANCED_FACE('',(#5522),#5528,.T.);
#5522 = FACE_BOUND('',#5523,.T.);
#5523 = EDGE_LOOP('',(#5524,#5525,#5526,#5527));
#5524 = ORIENTED_EDGE('',*,*,#5415,.F.);
#5525 = ORIENTED_EDGE('',*,*,#5476,.T.);
#5526 = ORIENTED_EDGE('',*,*,#5455,.T.);
#5527 = ORIENTED_EDGE('',*,*,#5498,.F.);
#5528 = PLANE('',#5529);
#5529 = AXIS2_PLACEMENT_3D('',#5530,#5531,#5532);
#5530 = CARTESIAN_POINT('',(0.,0.,2.5));
#5531 = DIRECTION('',(0.,0.,1.));
#5532 = DIRECTION('',(1.,0.,-0.));
#5533 = ( GEOMETRIC_REPRESENTATION_CONTEXT(3) 
GLOBAL_UNCERTAINTY_ASSIGNED_CONTEXT((#5537)) 
GLOBAL_UNIT_ASSIGNED_CONTEXT((#5534,#5535,#5536)) REPRESENTATION_CONTEXT
('Context #1','3D Context with UNIT and UNCERTAINTY') );
#5534 = ( LENGTH_UNIT() NAMED_UNIT(*) SI_UNIT(.MILLI.,.METRE.) );
#5535 = ( NAMED_UNIT(*) PLANE_ANGLE_UNIT() SI_UNIT($,.RADIAN.) );
#5536 = ( NAMED_UNIT(*) SI_UNIT($,.STERADIAN.) SOLID_ANGLE_UNIT() );
#5537 = UNCERTAINTY_MEASURE_WITH_UNIT(LENGTH_MEASURE(1.E-07),#5534,
  'distance_accuracy_value','confusion accuracy');
#5538 = CONTEXT_DEPENDENT_SHAPE_REPRESENTATION(#5539,#5541);
#5539 = ( REPRESENTATION_RELATIONSHIP('','',#5382,#10) 
REPRESENTATION_RELATIONSHIP_WITH_TRANSFORMATION(#5540) 
SHAPE_REPRESENTATION_RELATIONSHIP() );
#5540 = ITEM_DEFINED_TRANSFORMATION('','',#11,#31);
#5541 = PRODUCT_DEFINITION_SHAPE('Placement','Placement of an item',
  #5542);
#5542 = NEXT_ASSEMBLY_USAGE_OCCURRENCE('57','MicroSD_Card_Slot','',#5,
  #5377,$);
#5543 = PRODUCT_RELATED_PRODUCT_CATEGORY('part',$,(#5379));
#5544 = SHAPE_DEFINITION_REPRESENTATION(#5545,#5551);
#5545 = PRODUCT_DEFINITION_SHAPE('','',#5546);
#5546 = PRODUCT_DEFINITION('design','',#5547,#5550);
#5547 = PRODUCT_DEFINITION_FORMATION('','',#5548);
#5548 = PRODUCT('MicroSD_Door_Cover','MicroSD_Door_Cover','',(#5549));
#5549 = PRODUCT_CONTEXT('',#2,'mechanical');
#5550 = PRODUCT_DEFINITION_CONTEXT('part definition',#2,'design');
#5551 = ADVANCED_BREP_SHAPE_REPRESENTATION('',(#11,#5552),#5702);
#5552 = MANIFOLD_SOLID_BREP('',#5553);
#5553 = CLOSED_SHELL('',(#5554,#5594,#5634,#5656,#5678,#5690));
#5554 = ADVANCED_FACE('',(#5555),#5589,.F.);
#5555 = FACE_BOUND('',#5556,.F.);
#5556 = EDGE_LOOP('',(#5557,#5567,#5575,#5583));
#5557 = ORIENTED_EDGE('',*,*,#5558,.F.);
#5558 = EDGE_CURVE('',#5559,#5561,#5563,.T.);
#5559 = VERTEX_POINT('',#5560);
#5560 = CARTESIAN_POINT('',(0.,0.,0.));
#5561 = VERTEX_POINT('',#5562);
#5562 = CARTESIAN_POINT('',(0.,0.,2.));
#5563 = LINE('',#5564,#5565);
#5564 = CARTESIAN_POINT('',(0.,0.,0.));
#5565 = VECTOR('',#5566,1.);
#5566 = DIRECTION('',(0.,0.,1.));
#5567 = ORIENTED_EDGE('',*,*,#5568,.T.);
#5568 = EDGE_CURVE('',#5559,#5569,#5571,.T.);
#5569 = VERTEX_POINT('',#5570);
#5570 = CARTESIAN_POINT('',(0.,14.,0.));
#5571 = LINE('',#5572,#5573);
#5572 = CARTESIAN_POINT('',(0.,0.,0.));
#5573 = VECTOR('',#5574,1.);
#5574 = DIRECTION('',(-0.,1.,0.));
#5575 = ORIENTED_EDGE('',*,*,#5576,.T.);
#5576 = EDGE_CURVE('',#5569,#5577,#5579,.T.);
#5577 = VERTEX_POINT('',#5578);
#5578 = CARTESIAN_POINT('',(0.,14.,2.));
#5579 = LINE('',#5580,#5581);
#5580 = CARTESIAN_POINT('',(0.,14.,0.));
#5581 = VECTOR('',#5582,1.);
#5582 = DIRECTION('',(0.,0.,1.));
#5583 = ORIENTED_EDGE('',*,*,#5584,.F.);
#5584 = EDGE_CURVE('',#5561,#5577,#5585,.T.);
#5585 = LINE('',#5586,#5587);
#5586 = CARTESIAN_POINT('',(0.,0.,2.));
#5587 = VECTOR('',#5588,1.);
#5588 = DIRECTION('',(-0.,1.,0.));
#5589 = PLANE('',#5590);
#5590 = AXIS2_PLACEMENT_3D('',#5591,#5592,#5593);
#5591 = CARTESIAN_POINT('',(0.,0.,0.));
#5592 = DIRECTION('',(1.,0.,-0.));
#5593 = DIRECTION('',(0.,0.,1.));
#5594 = ADVANCED_FACE('',(#5595),#5629,.T.);
#5595 = FACE_BOUND('',#5596,.T.);
#5596 = EDGE_LOOP('',(#5597,#5607,#5615,#5623));
#5597 = ORIENTED_EDGE('',*,*,#5598,.F.);
#5598 = EDGE_CURVE('',#5599,#5601,#5603,.T.);
#5599 = VERTEX_POINT('',#5600);
#5600 = CARTESIAN_POINT('',(1.,0.,0.));
#5601 = VERTEX_POINT('',#5602);
#5602 = CARTESIAN_POINT('',(1.,0.,2.));
#5603 = LINE('',#5604,#5605);
#5604 = CARTESIAN_POINT('',(1.,0.,0.));
#5605 = VECTOR('',#5606,1.);
#5606 = DIRECTION('',(0.,0.,1.));
#5607 = ORIENTED_EDGE('',*,*,#5608,.T.);
#5608 = EDGE_CURVE('',#5599,#5609,#5611,.T.);
#5609 = VERTEX_POINT('',#5610);
#5610 = CARTESIAN_POINT('',(1.,14.,0.));
#5611 = LINE('',#5612,#5613);
#5612 = CARTESIAN_POINT('',(1.,0.,0.));
#5613 = VECTOR('',#5614,1.);
#5614 = DIRECTION('',(-0.,1.,0.));
#5615 = ORIENTED_EDGE('',*,*,#5616,.T.);
#5616 = EDGE_CURVE('',#5609,#5617,#5619,.T.);
#5617 = VERTEX_POINT('',#5618);
#5618 = CARTESIAN_POINT('',(1.,14.,2.));
#5619 = LINE('',#5620,#5621);
#5620 = CARTESIAN_POINT('',(1.,14.,0.));
#5621 = VECTOR('',#5622,1.);
#5622 = DIRECTION('',(0.,0.,1.));
#5623 = ORIENTED_EDGE('',*,*,#5624,.F.);
#5624 = EDGE_CURVE('',#5601,#5617,#5625,.T.);
#5625 = LINE('',#5626,#5627);
#5626 = CARTESIAN_POINT('',(1.,0.,2.));
#5627 = VECTOR('',#5628,1.);
#5628 = DIRECTION('',(-0.,1.,0.));
#5629 = PLANE('',#5630);
#5630 = AXIS2_PLACEMENT_3D('',#5631,#5632,#5633);
#5631 = CARTESIAN_POINT('',(1.,0.,0.));
#5632 = DIRECTION('',(1.,0.,-0.));
#5633 = DIRECTION('',(0.,0.,1.));
#5634 = ADVANCED_FACE('',(#5635),#5651,.F.);
#5635 = FACE_BOUND('',#5636,.F.);
#5636 = EDGE_LOOP('',(#5637,#5643,#5644,#5650));
#5637 = ORIENTED_EDGE('',*,*,#5638,.F.);
#5638 = EDGE_CURVE('',#5559,#5599,#5639,.T.);
#5639 = LINE('',#5640,#5641);
#5640 = CARTESIAN_POINT('',(0.,0.,0.));
#5641 = VECTOR('',#5642,1.);
#5642 = DIRECTION('',(1.,0.,-0.));
#5643 = ORIENTED_EDGE('',*,*,#5558,.T.);
#5644 = ORIENTED_EDGE('',*,*,#5645,.T.);
#5645 = EDGE_CURVE('',#5561,#5601,#5646,.T.);
#5646 = LINE('',#5647,#5648);
#5647 = CARTESIAN_POINT('',(0.,0.,2.));
#5648 = VECTOR('',#5649,1.);
#5649 = DIRECTION('',(1.,0.,-0.));
#5650 = ORIENTED_EDGE('',*,*,#5598,.F.);
#5651 = PLANE('',#5652);
#5652 = AXIS2_PLACEMENT_3D('',#5653,#5654,#5655);
#5653 = CARTESIAN_POINT('',(0.,0.,0.));
#5654 = DIRECTION('',(-0.,1.,0.));
#5655 = DIRECTION('',(0.,0.,1.));
#5656 = ADVANCED_FACE('',(#5657),#5673,.T.);
#5657 = FACE_BOUND('',#5658,.T.);
#5658 = EDGE_LOOP('',(#5659,#5665,#5666,#5672));
#5659 = ORIENTED_EDGE('',*,*,#5660,.F.);
#5660 = EDGE_CURVE('',#5569,#5609,#5661,.T.);
#5661 = LINE('',#5662,#5663);
#5662 = CARTESIAN_POINT('',(0.,14.,0.));
#5663 = VECTOR('',#5664,1.);
#5664 = DIRECTION('',(1.,0.,-0.));
#5665 = ORIENTED_EDGE('',*,*,#5576,.T.);
#5666 = ORIENTED_EDGE('',*,*,#5667,.T.);
#5667 = EDGE_CURVE('',#5577,#5617,#5668,.T.);
#5668 = LINE('',#5669,#5670);
#5669 = CARTESIAN_POINT('',(0.,14.,2.));
#5670 = VECTOR('',#5671,1.);
#5671 = DIRECTION('',(1.,0.,-0.));
#5672 = ORIENTED_EDGE('',*,*,#5616,.F.);
#5673 = PLANE('',#5674);
#5674 = AXIS2_PLACEMENT_3D('',#5675,#5676,#5677);
#5675 = CARTESIAN_POINT('',(0.,14.,0.));
#5676 = DIRECTION('',(-0.,1.,0.));
#5677 = DIRECTION('',(0.,0.,1.));
#5678 = ADVANCED_FACE('',(#5679),#5685,.F.);
#5679 = FACE_BOUND('',#5680,.F.);
#5680 = EDGE_LOOP('',(#5681,#5682,#5683,#5684));
#5681 = ORIENTED_EDGE('',*,*,#5568,.F.);
#5682 = ORIENTED_EDGE('',*,*,#5638,.T.);
#5683 = ORIENTED_EDGE('',*,*,#5608,.T.);
#5684 = ORIENTED_EDGE('',*,*,#5660,.F.);
#5685 = PLANE('',#5686);
#5686 = AXIS2_PLACEMENT_3D('',#5687,#5688,#5689);
#5687 = CARTESIAN_POINT('',(0.,0.,0.));
#5688 = DIRECTION('',(0.,0.,1.));
#5689 = DIRECTION('',(1.,0.,-0.));
#5690 = ADVANCED_FACE('',(#5691),#5697,.T.);
#5691 = FACE_BOUND('',#5692,.T.);
#5692 = EDGE_LOOP('',(#5693,#5694,#5695,#5696));
#5693 = ORIENTED_EDGE('',*,*,#5584,.F.);
#5694 = ORIENTED_EDGE('',*,*,#5645,.T.);
#5695 = ORIENTED_EDGE('',*,*,#5624,.T.);
#5696 = ORIENTED_EDGE('',*,*,#5667,.F.);
#5697 = PLANE('',#5698);
#5698 = AXIS2_PLACEMENT_3D('',#5699,#5700,#5701);
#5699 = CARTESIAN_POINT('',(0.,0.,2.));
#5700 = DIRECTION('',(0.,0.,1.));
#5701 = DIRECTION('',(1.,0.,-0.));
#5702 = ( GEOMETRIC_REPRESENTATION_CONTEXT(3) 
GLOBAL_UNCERTAINTY_ASSIGNED_CONTEXT((#5706)) 
GLOBAL_UNIT_ASSIGNED_CONTEXT((#5703,#5704,#5705)) REPRESENTATION_CONTEXT
('Context #1','3D Context with UNIT and UNCERTAINTY') );
#5703 = ( LENGTH_UNIT() NAMED_UNIT(*) SI_UNIT(.MILLI.,.METRE.) );
#5704 = ( NAMED_UNIT(*) PLANE_ANGLE_UNIT() SI_UNIT($,.RADIAN.) );
#5705 = ( NAMED_UNIT(*) SI_UNIT($,.STERADIAN.) SOLID_ANGLE_UNIT() );
#5706 = UNCERTAINTY_MEASURE_WITH_UNIT(LENGTH_MEASURE(1.E-07),#5703,
  'distance_accuracy_value','confusion accuracy');
#5707 = CONTEXT_DEPENDENT_SHAPE_REPRESENTATION(#5708,#5710);
#5708 = ( REPRESENTATION_RELATIONSHIP('','',#5551,#10) 
REPRESENTATION_RELATIONSHIP_WITH_TRANSFORMATION(#5709) 
SHAPE_REPRESENTATION_RELATIONSHIP() );
#5709 = ITEM_DEFINED_TRANSFORMATION('','',#11,#35);
#5710 = PRODUCT_DEFINITION_SHAPE('Placement','Placement of an item',
  #5711);
#5711 = NEXT_ASSEMBLY_USAGE_OCCURRENCE('58','MicroSD_Door_Cover','',#5,
  #5546,$);
#5712 = PRODUCT_RELATED_PRODUCT_CATEGORY('part',$,(#5548));
#5713 = SHAPE_DEFINITION_REPRESENTATION(#5714,#5720);
#5714 = PRODUCT_DEFINITION_SHAPE('','',#5715);
#5715 = PRODUCT_DEFINITION('design','',#5716,#5719);
#5716 = PRODUCT_DEFINITION_FORMATION('','',#5717);
#5717 = PRODUCT('DPad_Silicone_Pad','DPad_Silicone_Pad','',(#5718));
#5718 = PRODUCT_CONTEXT('',#2,'mechanical');
#5719 = PRODUCT_DEFINITION_CONTEXT('part definition',#2,'design');
#5720 = ADVANCED_BREP_SHAPE_REPRESENTATION('',(#11,#5721),#6418);
#5721 = MANIFOLD_SOLID_BREP('',#5722);
#5722 = CLOSED_SHELL('',(#5723,#5756,#5863,#5970,#5987,#6004,#6021,#6038
    ,#6069,#6093,#6117,#6141,#6165,#6189,#6213,#6237,#6261,#6285,#6309,
    #6326,#6338,#6355,#6372,#6389,#6406));
#5723 = ADVANCED_FACE('',(#5724),#5751,.T.);
#5724 = FACE_BOUND('',#5725,.T.);
#5725 = EDGE_LOOP('',(#5726,#5735,#5743,#5750));
#5726 = ORIENTED_EDGE('',*,*,#5727,.F.);
#5727 = EDGE_CURVE('',#5728,#5728,#5730,.T.);
#5728 = VERTEX_POINT('',#5729);
#5729 = CARTESIAN_POINT('',(21.,18.,50.));
#5730 = CIRCLE('',#5731,21.);
#5731 = AXIS2_PLACEMENT_3D('',#5732,#5733,#5734);
#5732 = CARTESIAN_POINT('',(0.,18.,50.));
#5733 = DIRECTION('',(0.,-1.,0.));
#5734 = DIRECTION('',(1.,0.,0.));
#5735 = ORIENTED_EDGE('',*,*,#5736,.F.);
#5736 = EDGE_CURVE('',#5737,#5728,#5739,.T.);
#5737 = VERTEX_POINT('',#5738);
#5738 = CARTESIAN_POINT('',(21.,19.,50.));
#5739 = LINE('',#5740,#5741);
#5740 = CARTESIAN_POINT('',(21.,19.,50.));
#5741 = VECTOR('',#5742,1.);
#5742 = DIRECTION('',(0.,-1.,0.));
#5743 = ORIENTED_EDGE('',*,*,#5744,.T.);
#5744 = EDGE_CURVE('',#5737,#5737,#5745,.T.);
#5745 = CIRCLE('',#5746,21.);
#5746 = AXIS2_PLACEMENT_3D('',#5747,#5748,#5749);
#5747 = CARTESIAN_POINT('',(0.,19.,50.));
#5748 = DIRECTION('',(0.,-1.,0.));
#5749 = DIRECTION('',(1.,0.,0.));
#5750 = ORIENTED_EDGE('',*,*,#5736,.T.);
#5751 = CYLINDRICAL_SURFACE('',#5752,21.);
#5752 = AXIS2_PLACEMENT_3D('',#5753,#5754,#5755);
#5753 = CARTESIAN_POINT('',(0.,19.,50.));
#5754 = DIRECTION('',(0.,-1.,0.));
#5755 = DIRECTION('',(1.,0.,0.));
#5756 = ADVANCED_FACE('',(#5757,#5760),#5858,.T.);
#5757 = FACE_BOUND('',#5758,.T.);
#5758 = EDGE_LOOP('',(#5759));
#5759 = ORIENTED_EDGE('',*,*,#5727,.T.);
#5760 = FACE_BOUND('',#5761,.T.);
#5761 = EDGE_LOOP('',(#5762,#5772,#5780,#5788,#5796,#5804,#5812,#5820,
    #5828,#5836,#5844,#5852));
#5762 = ORIENTED_EDGE('',*,*,#5763,.F.);
#5763 = EDGE_CURVE('',#5764,#5766,#5768,.T.);
#5764 = VERTEX_POINT('',#5765);
#5765 = CARTESIAN_POINT('',(-5.,18.,33.));
#5766 = VERTEX_POINT('',#5767);
#5767 = CARTESIAN_POINT('',(5.,18.,33.));
#5768 = LINE('',#5769,#5770);
#5769 = CARTESIAN_POINT('',(-5.,18.,33.));
#5770 = VECTOR('',#5771,1.);
#5771 = DIRECTION('',(1.,0.,0.));
#5772 = ORIENTED_EDGE('',*,*,#5773,.T.);
#5773 = EDGE_CURVE('',#5764,#5774,#5776,.T.);
#5774 = VERTEX_POINT('',#5775);
#5775 = CARTESIAN_POINT('',(-5.,18.,45.));
#5776 = LINE('',#5777,#5778);
#5777 = CARTESIAN_POINT('',(-5.,18.,33.));
#5778 = VECTOR('',#5779,1.);
#5779 = DIRECTION('',(0.,0.,1.));
#5780 = ORIENTED_EDGE('',*,*,#5781,.F.);
#5781 = EDGE_CURVE('',#5782,#5774,#5784,.T.);
#5782 = VERTEX_POINT('',#5783);
#5783 = CARTESIAN_POINT('',(-17.,18.,45.));
#5784 = LINE('',#5785,#5786);
#5785 = CARTESIAN_POINT('',(-17.,18.,45.));
#5786 = VECTOR('',#5787,1.);
#5787 = DIRECTION('',(1.,0.,0.));
#5788 = ORIENTED_EDGE('',*,*,#5789,.T.);
#5789 = EDGE_CURVE('',#5782,#5790,#5792,.T.);
#5790 = VERTEX_POINT('',#5791);
#5791 = CARTESIAN_POINT('',(-17.,18.,55.));
#5792 = LINE('',#5793,#5794);
#5793 = CARTESIAN_POINT('',(-17.,18.,45.));
#5794 = VECTOR('',#5795,1.);
#5795 = DIRECTION('',(0.,0.,1.));
#5796 = ORIENTED_EDGE('',*,*,#5797,.T.);
#5797 = EDGE_CURVE('',#5790,#5798,#5800,.T.);
#5798 = VERTEX_POINT('',#5799);
#5799 = CARTESIAN_POINT('',(-5.,18.,55.));
#5800 = LINE('',#5801,#5802);
#5801 = CARTESIAN_POINT('',(-17.,18.,55.));
#5802 = VECTOR('',#5803,1.);
#5803 = DIRECTION('',(1.,0.,0.));
#5804 = ORIENTED_EDGE('',*,*,#5805,.T.);
#5805 = EDGE_CURVE('',#5798,#5806,#5808,.T.);
#5806 = VERTEX_POINT('',#5807);
#5807 = CARTESIAN_POINT('',(-5.,18.,67.));
#5808 = LINE('',#5809,#5810);
#5809 = CARTESIAN_POINT('',(-5.,18.,33.));
#5810 = VECTOR('',#5811,1.);
#5811 = DIRECTION('',(0.,0.,1.));
#5812 = ORIENTED_EDGE('',*,*,#5813,.T.);
#5813 = EDGE_CURVE('',#5806,#5814,#5816,.T.);
#5814 = VERTEX_POINT('',#5815);
#5815 = CARTESIAN_POINT('',(5.,18.,67.));
#5816 = LINE('',#5817,#5818);
#5817 = CARTESIAN_POINT('',(-5.,18.,67.));
#5818 = VECTOR('',#5819,1.);
#5819 = DIRECTION('',(1.,0.,0.));
#5820 = ORIENTED_EDGE('',*,*,#5821,.F.);
#5821 = EDGE_CURVE('',#5822,#5814,#5824,.T.);
#5822 = VERTEX_POINT('',#5823);
#5823 = CARTESIAN_POINT('',(5.,18.,55.));
#5824 = LINE('',#5825,#5826);
#5825 = CARTESIAN_POINT('',(5.,18.,33.));
#5826 = VECTOR('',#5827,1.);
#5827 = DIRECTION('',(0.,0.,1.));
#5828 = ORIENTED_EDGE('',*,*,#5829,.T.);
#5829 = EDGE_CURVE('',#5822,#5830,#5832,.T.);
#5830 = VERTEX_POINT('',#5831);
#5831 = CARTESIAN_POINT('',(17.,18.,55.));
#5832 = LINE('',#5833,#5834);
#5833 = CARTESIAN_POINT('',(-17.,18.,55.));
#5834 = VECTOR('',#5835,1.);
#5835 = DIRECTION('',(1.,0.,0.));
#5836 = ORIENTED_EDGE('',*,*,#5837,.F.);
#5837 = EDGE_CURVE('',#5838,#5830,#5840,.T.);
#5838 = VERTEX_POINT('',#5839);
#5839 = CARTESIAN_POINT('',(17.,18.,45.));
#5840 = LINE('',#5841,#5842);
#5841 = CARTESIAN_POINT('',(17.,18.,45.));
#5842 = VECTOR('',#5843,1.);
#5843 = DIRECTION('',(0.,0.,1.));
#5844 = ORIENTED_EDGE('',*,*,#5845,.F.);
#5845 = EDGE_CURVE('',#5846,#5838,#5848,.T.);
#5846 = VERTEX_POINT('',#5847);
#5847 = CARTESIAN_POINT('',(5.,18.,45.));
#5848 = LINE('',#5849,#5850);
#5849 = CARTESIAN_POINT('',(-17.,18.,45.));
#5850 = VECTOR('',#5851,1.);
#5851 = DIRECTION('',(1.,0.,0.));
#5852 = ORIENTED_EDGE('',*,*,#5853,.F.);
#5853 = EDGE_CURVE('',#5766,#5846,#5854,.T.);
#5854 = LINE('',#5855,#5856);
#5855 = CARTESIAN_POINT('',(5.,18.,33.));
#5856 = VECTOR('',#5857,1.);
#5857 = DIRECTION('',(0.,0.,1.));
#5858 = PLANE('',#5859);
#5859 = AXIS2_PLACEMENT_3D('',#5860,#5861,#5862);
#5860 = CARTESIAN_POINT('',(0.,18.,50.));
#5861 = DIRECTION('',(0.,-1.,0.));
#5862 = DIRECTION('',(1.,0.,0.));
#5863 = ADVANCED_FACE('',(#5864,#5867),#5965,.F.);
#5864 = FACE_BOUND('',#5865,.F.);
#5865 = EDGE_LOOP('',(#5866));
#5866 = ORIENTED_EDGE('',*,*,#5744,.T.);
#5867 = FACE_BOUND('',#5868,.F.);
#5868 = EDGE_LOOP('',(#5869,#5879,#5887,#5895,#5903,#5911,#5919,#5927,
    #5935,#5943,#5951,#5959));
#5869 = ORIENTED_EDGE('',*,*,#5870,.F.);
#5870 = EDGE_CURVE('',#5871,#5873,#5875,.T.);
#5871 = VERTEX_POINT('',#5872);
#5872 = CARTESIAN_POINT('',(5.,19.,33.));
#5873 = VERTEX_POINT('',#5874);
#5874 = CARTESIAN_POINT('',(5.,19.,45.));
#5875 = LINE('',#5876,#5877);
#5876 = CARTESIAN_POINT('',(5.,19.,41.5));
#5877 = VECTOR('',#5878,1.);
#5878 = DIRECTION('',(0.,1.1E-16,1.));
#5879 = ORIENTED_EDGE('',*,*,#5880,.T.);
#5880 = EDGE_CURVE('',#5871,#5881,#5883,.T.);
#5881 = VERTEX_POINT('',#5882);
#5882 = CARTESIAN_POINT('',(-5.,19.,33.));
#5883 = LINE('',#5884,#5885);
#5884 = CARTESIAN_POINT('',(-2.5,19.,33.));
#5885 = VECTOR('',#5886,1.);
#5886 = DIRECTION('',(-1.,0.,0.));
#5887 = ORIENTED_EDGE('',*,*,#5888,.T.);
#5888 = EDGE_CURVE('',#5881,#5889,#5891,.T.);
#5889 = VERTEX_POINT('',#5890);
#5890 = CARTESIAN_POINT('',(-5.,19.,45.));
#5891 = LINE('',#5892,#5893);
#5892 = CARTESIAN_POINT('',(-5.,19.,41.5));
#5893 = VECTOR('',#5894,1.);
#5894 = DIRECTION('',(0.,1.1E-16,1.));
#5895 = ORIENTED_EDGE('',*,*,#5896,.T.);
#5896 = EDGE_CURVE('',#5889,#5897,#5899,.T.);
#5897 = VERTEX_POINT('',#5898);
#5898 = CARTESIAN_POINT('',(-17.,19.,45.));
#5899 = LINE('',#5900,#5901);
#5900 = CARTESIAN_POINT('',(-8.5,19.,45.));
#5901 = VECTOR('',#5902,1.);
#5902 = DIRECTION('',(-1.,0.,0.));
#5903 = ORIENTED_EDGE('',*,*,#5904,.T.);
#5904 = EDGE_CURVE('',#5897,#5905,#5907,.T.);
#5905 = VERTEX_POINT('',#5906);
#5906 = CARTESIAN_POINT('',(-17.,19.,55.));
#5907 = LINE('',#5908,#5909);
#5908 = CARTESIAN_POINT('',(-17.,19.,47.5));
#5909 = VECTOR('',#5910,1.);
#5910 = DIRECTION('',(0.,1.1E-16,1.));
#5911 = ORIENTED_EDGE('',*,*,#5912,.F.);
#5912 = EDGE_CURVE('',#5913,#5905,#5915,.T.);
#5913 = VERTEX_POINT('',#5914);
#5914 = CARTESIAN_POINT('',(-5.,19.,55.));
#5915 = LINE('',#5916,#5917);
#5916 = CARTESIAN_POINT('',(-8.5,19.,55.));
#5917 = VECTOR('',#5918,1.);
#5918 = DIRECTION('',(-1.,0.,0.));
#5919 = ORIENTED_EDGE('',*,*,#5920,.T.);
#5920 = EDGE_CURVE('',#5913,#5921,#5923,.T.);
#5921 = VERTEX_POINT('',#5922);
#5922 = CARTESIAN_POINT('',(-5.,19.,67.));
#5923 = LINE('',#5924,#5925);
#5924 = CARTESIAN_POINT('',(-5.,19.,41.5));
#5925 = VECTOR('',#5926,1.);
#5926 = DIRECTION('',(0.,1.1E-16,1.));
#5927 = ORIENTED_EDGE('',*,*,#5928,.F.);
#5928 = EDGE_CURVE('',#5929,#5921,#5931,.T.);
#5929 = VERTEX_POINT('',#5930);
#5930 = CARTESIAN_POINT('',(5.,19.,67.));
#5931 = LINE('',#5932,#5933);
#5932 = CARTESIAN_POINT('',(-2.5,19.,67.));
#5933 = VECTOR('',#5934,1.);
#5934 = DIRECTION('',(-1.,0.,0.));
#5935 = ORIENTED_EDGE('',*,*,#5936,.F.);
#5936 = EDGE_CURVE('',#5937,#5929,#5939,.T.);
#5937 = VERTEX_POINT('',#5938);
#5938 = CARTESIAN_POINT('',(5.,19.,55.));
#5939 = LINE('',#5940,#5941);
#5940 = CARTESIAN_POINT('',(5.,19.,41.5));
#5941 = VECTOR('',#5942,1.);
#5942 = DIRECTION('',(0.,1.1E-16,1.));
#5943 = ORIENTED_EDGE('',*,*,#5944,.F.);
#5944 = EDGE_CURVE('',#5945,#5937,#5947,.T.);
#5945 = VERTEX_POINT('',#5946);
#5946 = CARTESIAN_POINT('',(17.,19.,55.));
#5947 = LINE('',#5948,#5949);
#5948 = CARTESIAN_POINT('',(-8.5,19.,55.));
#5949 = VECTOR('',#5950,1.);
#5950 = DIRECTION('',(-1.,0.,0.));
#5951 = ORIENTED_EDGE('',*,*,#5952,.F.);
#5952 = EDGE_CURVE('',#5953,#5945,#5955,.T.);
#5953 = VERTEX_POINT('',#5954);
#5954 = CARTESIAN_POINT('',(17.,19.,45.));
#5955 = LINE('',#5956,#5957);
#5956 = CARTESIAN_POINT('',(17.,19.,47.5));
#5957 = VECTOR('',#5958,1.);
#5958 = DIRECTION('',(0.,1.1E-16,1.));
#5959 = ORIENTED_EDGE('',*,*,#5960,.T.);
#5960 = EDGE_CURVE('',#5953,#5873,#5961,.T.);
#5961 = LINE('',#5962,#5963);
#5962 = CARTESIAN_POINT('',(-8.5,19.,45.));
#5963 = VECTOR('',#5964,1.);
#5964 = DIRECTION('',(-1.,0.,0.));
#5965 = PLANE('',#5966);
#5966 = AXIS2_PLACEMENT_3D('',#5967,#5968,#5969);
#5967 = CARTESIAN_POINT('',(0.,19.,50.));
#5968 = DIRECTION('',(0.,-1.,0.));
#5969 = DIRECTION('',(1.,0.,0.));
#5970 = ADVANCED_FACE('',(#5971),#5982,.T.);
#5971 = FACE_BOUND('',#5972,.T.);
#5972 = EDGE_LOOP('',(#5973,#5974,#5975,#5976));
#5973 = ORIENTED_EDGE('',*,*,#5773,.F.);
#5974 = ORIENTED_EDGE('',*,*,#5763,.T.);
#5975 = ORIENTED_EDGE('',*,*,#5853,.T.);
#5976 = ORIENTED_EDGE('',*,*,#5977,.F.);
#5977 = EDGE_CURVE('',#5774,#5846,#5978,.T.);
#5978 = LINE('',#5979,#5980);
#5979 = CARTESIAN_POINT('',(-17.,18.,45.));
#5980 = VECTOR('',#5981,1.);
#5981 = DIRECTION('',(1.,0.,0.));
#5982 = PLANE('',#5983);
#5983 = AXIS2_PLACEMENT_3D('',#5984,#5985,#5986);
#5984 = CARTESIAN_POINT('',(0.,18.,50.));
#5985 = DIRECTION('',(0.,-1.,0.));
#5986 = DIRECTION('',(1.,0.,0.));
#5987 = ADVANCED_FACE('',(#5988),#5999,.T.);
#5988 = FACE_BOUND('',#5989,.T.);
#5989 = EDGE_LOOP('',(#5990,#5996,#5997,#5998));
#5990 = ORIENTED_EDGE('',*,*,#5991,.F.);
#5991 = EDGE_CURVE('',#5846,#5822,#5992,.T.);
#5992 = LINE('',#5993,#5994);
#5993 = CARTESIAN_POINT('',(5.,18.,33.));
#5994 = VECTOR('',#5995,1.);
#5995 = DIRECTION('',(0.,0.,1.));
#5996 = ORIENTED_EDGE('',*,*,#5845,.T.);
#5997 = ORIENTED_EDGE('',*,*,#5837,.T.);
#5998 = ORIENTED_EDGE('',*,*,#5829,.F.);
#5999 = PLANE('',#6000);
#6000 = AXIS2_PLACEMENT_3D('',#6001,#6002,#6003);
#6001 = CARTESIAN_POINT('',(0.,18.,50.));
#6002 = DIRECTION('',(0.,-1.,0.));
#6003 = DIRECTION('',(1.,0.,0.));
#6004 = ADVANCED_FACE('',(#6005),#6016,.T.);
#6005 = FACE_BOUND('',#6006,.T.);
#6006 = EDGE_LOOP('',(#6007,#6008,#6014,#6015));
#6007 = ORIENTED_EDGE('',*,*,#5805,.F.);
#6008 = ORIENTED_EDGE('',*,*,#6009,.T.);
#6009 = EDGE_CURVE('',#5798,#5822,#6010,.T.);
#6010 = LINE('',#6011,#6012);
#6011 = CARTESIAN_POINT('',(-17.,18.,55.));
#6012 = VECTOR('',#6013,1.);
#6013 = DIRECTION('',(1.,0.,0.));
#6014 = ORIENTED_EDGE('',*,*,#5821,.T.);
#6015 = ORIENTED_EDGE('',*,*,#5813,.F.);
#6016 = PLANE('',#6017);
#6017 = AXIS2_PLACEMENT_3D('',#6018,#6019,#6020);
#6018 = CARTESIAN_POINT('',(0.,18.,50.));
#6019 = DIRECTION('',(0.,-1.,0.));
#6020 = DIRECTION('',(1.,0.,0.));
#6021 = ADVANCED_FACE('',(#6022),#6033,.T.);
#6022 = FACE_BOUND('',#6023,.T.);
#6023 = EDGE_LOOP('',(#6024,#6025,#6031,#6032));
#6024 = ORIENTED_EDGE('',*,*,#5781,.T.);
#6025 = ORIENTED_EDGE('',*,*,#6026,.T.);
#6026 = EDGE_CURVE('',#5774,#5798,#6027,.T.);
#6027 = LINE('',#6028,#6029);
#6028 = CARTESIAN_POINT('',(-5.,18.,33.));
#6029 = VECTOR('',#6030,1.);
#6030 = DIRECTION('',(0.,0.,1.));
#6031 = ORIENTED_EDGE('',*,*,#5797,.F.);
#6032 = ORIENTED_EDGE('',*,*,#5789,.F.);
#6033 = PLANE('',#6034);
#6034 = AXIS2_PLACEMENT_3D('',#6035,#6036,#6037);
#6035 = CARTESIAN_POINT('',(0.,18.,50.));
#6036 = DIRECTION('',(0.,-1.,0.));
#6037 = DIRECTION('',(1.,0.,0.));
#6038 = ADVANCED_FACE('',(#6039),#6064,.T.);
#6039 = FACE_BOUND('',#6040,.T.);
#6040 = EDGE_LOOP('',(#6041,#6042,#6050,#6058));
#6041 = ORIENTED_EDGE('',*,*,#5870,.F.);
#6042 = ORIENTED_EDGE('',*,*,#6043,.T.);
#6043 = EDGE_CURVE('',#5871,#6044,#6046,.T.);
#6044 = VERTEX_POINT('',#6045);
#6045 = CARTESIAN_POINT('',(5.,21.5,33.));
#6046 = LINE('',#6047,#6048);
#6047 = CARTESIAN_POINT('',(5.,18.,33.));
#6048 = VECTOR('',#6049,1.);
#6049 = DIRECTION('',(0.,1.,0.));
#6050 = ORIENTED_EDGE('',*,*,#6051,.T.);
#6051 = EDGE_CURVE('',#6044,#6052,#6054,.T.);
#6052 = VERTEX_POINT('',#6053);
#6053 = CARTESIAN_POINT('',(5.,21.5,45.));
#6054 = LINE('',#6055,#6056);
#6055 = CARTESIAN_POINT('',(5.,21.5,33.));
#6056 = VECTOR('',#6057,1.);
#6057 = DIRECTION('',(0.,0.,1.));
#6058 = ORIENTED_EDGE('',*,*,#6059,.T.);
#6059 = EDGE_CURVE('',#6052,#5873,#6060,.T.);
#6060 = LINE('',#6061,#6062);
#6061 = CARTESIAN_POINT('',(5.,18.,45.));
#6062 = VECTOR('',#6063,1.);
#6063 = DIRECTION('',(0.,-1.,0.));
#6064 = PLANE('',#6065);
#6065 = AXIS2_PLACEMENT_3D('',#6066,#6067,#6068);
#6066 = CARTESIAN_POINT('',(5.,18.,33.));
#6067 = DIRECTION('',(1.,0.,0.));
#6068 = DIRECTION('',(0.,0.,1.));
#6069 = ADVANCED_FACE('',(#6070),#6088,.F.);
#6070 = FACE_BOUND('',#6071,.F.);
#6071 = EDGE_LOOP('',(#6072,#6080,#6081,#6082));
#6072 = ORIENTED_EDGE('',*,*,#6073,.F.);
#6073 = EDGE_CURVE('',#6052,#6074,#6076,.T.);
#6074 = VERTEX_POINT('',#6075);
#6075 = CARTESIAN_POINT('',(17.,21.5,45.));
#6076 = LINE('',#6077,#6078);
#6077 = CARTESIAN_POINT('',(-17.,21.5,45.));
#6078 = VECTOR('',#6079,1.);
#6079 = DIRECTION('',(1.,0.,0.));
#6080 = ORIENTED_EDGE('',*,*,#6059,.T.);
#6081 = ORIENTED_EDGE('',*,*,#5960,.F.);
#6082 = ORIENTED_EDGE('',*,*,#6083,.T.);
#6083 = EDGE_CURVE('',#5953,#6074,#6084,.T.);
#6084 = LINE('',#6085,#6086);
#6085 = CARTESIAN_POINT('',(17.,18.,45.));
#6086 = VECTOR('',#6087,1.);
#6087 = DIRECTION('',(0.,1.,0.));
#6088 = PLANE('',#6089);
#6089 = AXIS2_PLACEMENT_3D('',#6090,#6091,#6092);
#6090 = CARTESIAN_POINT('',(-17.,18.,45.));
#6091 = DIRECTION('',(0.,0.,1.));
#6092 = DIRECTION('',(1.,0.,0.));
#6093 = ADVANCED_FACE('',(#6094),#6112,.T.);
#6094 = FACE_BOUND('',#6095,.T.);
#6095 = EDGE_LOOP('',(#6096,#6097,#6098,#6106));
#6096 = ORIENTED_EDGE('',*,*,#5952,.F.);
#6097 = ORIENTED_EDGE('',*,*,#6083,.T.);
#6098 = ORIENTED_EDGE('',*,*,#6099,.T.);
#6099 = EDGE_CURVE('',#6074,#6100,#6102,.T.);
#6100 = VERTEX_POINT('',#6101);
#6101 = CARTESIAN_POINT('',(17.,21.5,55.));
#6102 = LINE('',#6103,#6104);
#6103 = CARTESIAN_POINT('',(17.,21.5,45.));
#6104 = VECTOR('',#6105,1.);
#6105 = DIRECTION('',(0.,0.,1.));
#6106 = ORIENTED_EDGE('',*,*,#6107,.F.);
#6107 = EDGE_CURVE('',#5945,#6100,#6108,.T.);
#6108 = LINE('',#6109,#6110);
#6109 = CARTESIAN_POINT('',(17.,18.,55.));
#6110 = VECTOR('',#6111,1.);
#6111 = DIRECTION('',(0.,1.,0.));
#6112 = PLANE('',#6113);
#6113 = AXIS2_PLACEMENT_3D('',#6114,#6115,#6116);
#6114 = CARTESIAN_POINT('',(17.,18.,45.));
#6115 = DIRECTION('',(1.,0.,0.));
#6116 = DIRECTION('',(0.,0.,1.));
#6117 = ADVANCED_FACE('',(#6118),#6136,.T.);
#6118 = FACE_BOUND('',#6119,.T.);
#6119 = EDGE_LOOP('',(#6120,#6128,#6134,#6135));
#6120 = ORIENTED_EDGE('',*,*,#6121,.F.);
#6121 = EDGE_CURVE('',#6122,#6100,#6124,.T.);
#6122 = VERTEX_POINT('',#6123);
#6123 = CARTESIAN_POINT('',(5.,21.5,55.));
#6124 = LINE('',#6125,#6126);
#6125 = CARTESIAN_POINT('',(-17.,21.5,55.));
#6126 = VECTOR('',#6127,1.);
#6127 = DIRECTION('',(1.,0.,0.));
#6128 = ORIENTED_EDGE('',*,*,#6129,.T.);
#6129 = EDGE_CURVE('',#6122,#5937,#6130,.T.);
#6130 = LINE('',#6131,#6132);
#6131 = CARTESIAN_POINT('',(5.,18.,55.));
#6132 = VECTOR('',#6133,1.);
#6133 = DIRECTION('',(0.,-1.,0.));
#6134 = ORIENTED_EDGE('',*,*,#5944,.F.);
#6135 = ORIENTED_EDGE('',*,*,#6107,.T.);
#6136 = PLANE('',#6137);
#6137 = AXIS2_PLACEMENT_3D('',#6138,#6139,#6140);
#6138 = CARTESIAN_POINT('',(-17.,18.,55.));
#6139 = DIRECTION('',(0.,0.,1.));
#6140 = DIRECTION('',(1.,0.,0.));
#6141 = ADVANCED_FACE('',(#6142),#6160,.T.);
#6142 = FACE_BOUND('',#6143,.T.);
#6143 = EDGE_LOOP('',(#6144,#6145,#6146,#6154));
#6144 = ORIENTED_EDGE('',*,*,#5936,.F.);
#6145 = ORIENTED_EDGE('',*,*,#6129,.F.);
#6146 = ORIENTED_EDGE('',*,*,#6147,.T.);
#6147 = EDGE_CURVE('',#6122,#6148,#6150,.T.);
#6148 = VERTEX_POINT('',#6149);
#6149 = CARTESIAN_POINT('',(5.,21.5,67.));
#6150 = LINE('',#6151,#6152);
#6151 = CARTESIAN_POINT('',(5.,21.5,33.));
#6152 = VECTOR('',#6153,1.);
#6153 = DIRECTION('',(0.,0.,1.));
#6154 = ORIENTED_EDGE('',*,*,#6155,.F.);
#6155 = EDGE_CURVE('',#5929,#6148,#6156,.T.);
#6156 = LINE('',#6157,#6158);
#6157 = CARTESIAN_POINT('',(5.,18.,67.));
#6158 = VECTOR('',#6159,1.);
#6159 = DIRECTION('',(0.,1.,0.));
#6160 = PLANE('',#6161);
#6161 = AXIS2_PLACEMENT_3D('',#6162,#6163,#6164);
#6162 = CARTESIAN_POINT('',(5.,18.,33.));
#6163 = DIRECTION('',(1.,0.,0.));
#6164 = DIRECTION('',(0.,0.,1.));
#6165 = ADVANCED_FACE('',(#6166),#6184,.T.);
#6166 = FACE_BOUND('',#6167,.T.);
#6167 = EDGE_LOOP('',(#6168,#6176,#6177,#6178));
#6168 = ORIENTED_EDGE('',*,*,#6169,.F.);
#6169 = EDGE_CURVE('',#5921,#6170,#6172,.T.);
#6170 = VERTEX_POINT('',#6171);
#6171 = CARTESIAN_POINT('',(-5.,21.5,67.));
#6172 = LINE('',#6173,#6174);
#6173 = CARTESIAN_POINT('',(-5.,18.,67.));
#6174 = VECTOR('',#6175,1.);
#6175 = DIRECTION('',(0.,1.,0.));
#6176 = ORIENTED_EDGE('',*,*,#5928,.F.);
#6177 = ORIENTED_EDGE('',*,*,#6155,.T.);
#6178 = ORIENTED_EDGE('',*,*,#6179,.F.);
#6179 = EDGE_CURVE('',#6170,#6148,#6180,.T.);
#6180 = LINE('',#6181,#6182);
#6181 = CARTESIAN_POINT('',(-5.,21.5,67.));
#6182 = VECTOR('',#6183,1.);
#6183 = DIRECTION('',(1.,0.,0.));
#6184 = PLANE('',#6185);
#6185 = AXIS2_PLACEMENT_3D('',#6186,#6187,#6188);
#6186 = CARTESIAN_POINT('',(-5.,18.,67.));
#6187 = DIRECTION('',(0.,0.,1.));
#6188 = DIRECTION('',(1.,0.,0.));
#6189 = ADVANCED_FACE('',(#6190),#6208,.F.);
#6190 = FACE_BOUND('',#6191,.F.);
#6191 = EDGE_LOOP('',(#6192,#6193,#6201,#6207));
#6192 = ORIENTED_EDGE('',*,*,#5920,.F.);
#6193 = ORIENTED_EDGE('',*,*,#6194,.F.);
#6194 = EDGE_CURVE('',#6195,#5913,#6197,.T.);
#6195 = VERTEX_POINT('',#6196);
#6196 = CARTESIAN_POINT('',(-5.,21.5,55.));
#6197 = LINE('',#6198,#6199);
#6198 = CARTESIAN_POINT('',(-5.,18.,55.));
#6199 = VECTOR('',#6200,1.);
#6200 = DIRECTION('',(0.,-1.,0.));
#6201 = ORIENTED_EDGE('',*,*,#6202,.T.);
#6202 = EDGE_CURVE('',#6195,#6170,#6203,.T.);
#6203 = LINE('',#6204,#6205);
#6204 = CARTESIAN_POINT('',(-5.,21.5,33.));
#6205 = VECTOR('',#6206,1.);
#6206 = DIRECTION('',(0.,0.,1.));
#6207 = ORIENTED_EDGE('',*,*,#6169,.F.);
#6208 = PLANE('',#6209);
#6209 = AXIS2_PLACEMENT_3D('',#6210,#6211,#6212);
#6210 = CARTESIAN_POINT('',(-5.,18.,33.));
#6211 = DIRECTION('',(1.,0.,0.));
#6212 = DIRECTION('',(0.,0.,1.));
#6213 = ADVANCED_FACE('',(#6214),#6232,.T.);
#6214 = FACE_BOUND('',#6215,.T.);
#6215 = EDGE_LOOP('',(#6216,#6224,#6225,#6226));
#6216 = ORIENTED_EDGE('',*,*,#6217,.F.);
#6217 = EDGE_CURVE('',#5905,#6218,#6220,.T.);
#6218 = VERTEX_POINT('',#6219);
#6219 = CARTESIAN_POINT('',(-17.,21.5,55.));
#6220 = LINE('',#6221,#6222);
#6221 = CARTESIAN_POINT('',(-17.,18.,55.));
#6222 = VECTOR('',#6223,1.);
#6223 = DIRECTION('',(0.,1.,0.));
#6224 = ORIENTED_EDGE('',*,*,#5912,.F.);
#6225 = ORIENTED_EDGE('',*,*,#6194,.F.);
#6226 = ORIENTED_EDGE('',*,*,#6227,.F.);
#6227 = EDGE_CURVE('',#6218,#6195,#6228,.T.);
#6228 = LINE('',#6229,#6230);
#6229 = CARTESIAN_POINT('',(-17.,21.5,55.));
#6230 = VECTOR('',#6231,1.);
#6231 = DIRECTION('',(1.,0.,0.));
#6232 = PLANE('',#6233);
#6233 = AXIS2_PLACEMENT_3D('',#6234,#6235,#6236);
#6234 = CARTESIAN_POINT('',(-17.,18.,55.));
#6235 = DIRECTION('',(0.,0.,1.));
#6236 = DIRECTION('',(1.,0.,0.));
#6237 = ADVANCED_FACE('',(#6238),#6256,.F.);
#6238 = FACE_BOUND('',#6239,.F.);
#6239 = EDGE_LOOP('',(#6240,#6241,#6249,#6255));
#6240 = ORIENTED_EDGE('',*,*,#5904,.F.);
#6241 = ORIENTED_EDGE('',*,*,#6242,.T.);
#6242 = EDGE_CURVE('',#5897,#6243,#6245,.T.);
#6243 = VERTEX_POINT('',#6244);
#6244 = CARTESIAN_POINT('',(-17.,21.5,45.));
#6245 = LINE('',#6246,#6247);
#6246 = CARTESIAN_POINT('',(-17.,18.,45.));
#6247 = VECTOR('',#6248,1.);
#6248 = DIRECTION('',(0.,1.,0.));
#6249 = ORIENTED_EDGE('',*,*,#6250,.T.);
#6250 = EDGE_CURVE('',#6243,#6218,#6251,.T.);
#6251 = LINE('',#6252,#6253);
#6252 = CARTESIAN_POINT('',(-17.,21.5,45.));
#6253 = VECTOR('',#6254,1.);
#6254 = DIRECTION('',(0.,0.,1.));
#6255 = ORIENTED_EDGE('',*,*,#6217,.F.);
#6256 = PLANE('',#6257);
#6257 = AXIS2_PLACEMENT_3D('',#6258,#6259,#6260);
#6258 = CARTESIAN_POINT('',(-17.,18.,45.));
#6259 = DIRECTION('',(1.,0.,0.));
#6260 = DIRECTION('',(0.,0.,1.));
#6261 = ADVANCED_FACE('',(#6262),#6280,.F.);
#6262 = FACE_BOUND('',#6263,.F.);
#6263 = EDGE_LOOP('',(#6264,#6265,#6266,#6274));
#6264 = ORIENTED_EDGE('',*,*,#6242,.F.);
#6265 = ORIENTED_EDGE('',*,*,#5896,.F.);
#6266 = ORIENTED_EDGE('',*,*,#6267,.F.);
#6267 = EDGE_CURVE('',#6268,#5889,#6270,.T.);
#6268 = VERTEX_POINT('',#6269);
#6269 = CARTESIAN_POINT('',(-5.,21.5,45.));
#6270 = LINE('',#6271,#6272);
#6271 = CARTESIAN_POINT('',(-5.,18.,45.));
#6272 = VECTOR('',#6273,1.);
#6273 = DIRECTION('',(0.,-1.,0.));
#6274 = ORIENTED_EDGE('',*,*,#6275,.F.);
#6275 = EDGE_CURVE('',#6243,#6268,#6276,.T.);
#6276 = LINE('',#6277,#6278);
#6277 = CARTESIAN_POINT('',(-17.,21.5,45.));
#6278 = VECTOR('',#6279,1.);
#6279 = DIRECTION('',(1.,0.,0.));
#6280 = PLANE('',#6281);
#6281 = AXIS2_PLACEMENT_3D('',#6282,#6283,#6284);
#6282 = CARTESIAN_POINT('',(-17.,18.,45.));
#6283 = DIRECTION('',(0.,0.,1.));
#6284 = DIRECTION('',(1.,0.,0.));
#6285 = ADVANCED_FACE('',(#6286),#6304,.F.);
#6286 = FACE_BOUND('',#6287,.F.);
#6287 = EDGE_LOOP('',(#6288,#6289,#6297,#6303));
#6288 = ORIENTED_EDGE('',*,*,#5888,.F.);
#6289 = ORIENTED_EDGE('',*,*,#6290,.T.);
#6290 = EDGE_CURVE('',#5881,#6291,#6293,.T.);
#6291 = VERTEX_POINT('',#6292);
#6292 = CARTESIAN_POINT('',(-5.,21.5,33.));
#6293 = LINE('',#6294,#6295);
#6294 = CARTESIAN_POINT('',(-5.,18.,33.));
#6295 = VECTOR('',#6296,1.);
#6296 = DIRECTION('',(0.,1.,0.));
#6297 = ORIENTED_EDGE('',*,*,#6298,.T.);
#6298 = EDGE_CURVE('',#6291,#6268,#6299,.T.);
#6299 = LINE('',#6300,#6301);
#6300 = CARTESIAN_POINT('',(-5.,21.5,33.));
#6301 = VECTOR('',#6302,1.);
#6302 = DIRECTION('',(0.,0.,1.));
#6303 = ORIENTED_EDGE('',*,*,#6267,.T.);
#6304 = PLANE('',#6305);
#6305 = AXIS2_PLACEMENT_3D('',#6306,#6307,#6308);
#6306 = CARTESIAN_POINT('',(-5.,18.,33.));
#6307 = DIRECTION('',(1.,0.,0.));
#6308 = DIRECTION('',(0.,0.,1.));
#6309 = ADVANCED_FACE('',(#6310),#6321,.F.);
#6310 = FACE_BOUND('',#6311,.F.);
#6311 = EDGE_LOOP('',(#6312,#6313,#6314,#6315));
#6312 = ORIENTED_EDGE('',*,*,#6290,.F.);
#6313 = ORIENTED_EDGE('',*,*,#5880,.F.);
#6314 = ORIENTED_EDGE('',*,*,#6043,.T.);
#6315 = ORIENTED_EDGE('',*,*,#6316,.F.);
#6316 = EDGE_CURVE('',#6291,#6044,#6317,.T.);
#6317 = LINE('',#6318,#6319);
#6318 = CARTESIAN_POINT('',(-5.,21.5,33.));
#6319 = VECTOR('',#6320,1.);
#6320 = DIRECTION('',(1.,0.,0.));
#6321 = PLANE('',#6322);
#6322 = AXIS2_PLACEMENT_3D('',#6323,#6324,#6325);
#6323 = CARTESIAN_POINT('',(-5.,18.,33.));
#6324 = DIRECTION('',(0.,0.,1.));
#6325 = DIRECTION('',(1.,0.,0.));
#6326 = ADVANCED_FACE('',(#6327),#6333,.T.);
#6327 = FACE_BOUND('',#6328,.T.);
#6328 = EDGE_LOOP('',(#6329,#6330,#6331,#6332));
#6329 = ORIENTED_EDGE('',*,*,#6026,.F.);
#6330 = ORIENTED_EDGE('',*,*,#5977,.T.);
#6331 = ORIENTED_EDGE('',*,*,#5991,.T.);
#6332 = ORIENTED_EDGE('',*,*,#6009,.F.);
#6333 = PLANE('',#6334);
#6334 = AXIS2_PLACEMENT_3D('',#6335,#6336,#6337);
#6335 = CARTESIAN_POINT('',(0.,18.,50.));
#6336 = DIRECTION('',(0.,-1.,0.));
#6337 = DIRECTION('',(1.,0.,0.));
#6338 = ADVANCED_FACE('',(#6339),#6350,.T.);
#6339 = FACE_BOUND('',#6340,.T.);
#6340 = EDGE_LOOP('',(#6341,#6342,#6343,#6344));
#6341 = ORIENTED_EDGE('',*,*,#6051,.F.);
#6342 = ORIENTED_EDGE('',*,*,#6316,.F.);
#6343 = ORIENTED_EDGE('',*,*,#6298,.T.);
#6344 = ORIENTED_EDGE('',*,*,#6345,.T.);
#6345 = EDGE_CURVE('',#6268,#6052,#6346,.T.);
#6346 = LINE('',#6347,#6348);
#6347 = CARTESIAN_POINT('',(-17.,21.5,45.));
#6348 = VECTOR('',#6349,1.);
#6349 = DIRECTION('',(1.,0.,0.));
#6350 = PLANE('',#6351);
#6351 = AXIS2_PLACEMENT_3D('',#6352,#6353,#6354);
#6352 = CARTESIAN_POINT('',(-5.,21.5,33.));
#6353 = DIRECTION('',(0.,1.,0.));
#6354 = DIRECTION('',(0.,0.,1.));
#6355 = ADVANCED_FACE('',(#6356),#6367,.T.);
#6356 = FACE_BOUND('',#6357,.T.);
#6357 = EDGE_LOOP('',(#6358,#6359,#6365,#6366));
#6358 = ORIENTED_EDGE('',*,*,#6073,.F.);
#6359 = ORIENTED_EDGE('',*,*,#6360,.T.);
#6360 = EDGE_CURVE('',#6052,#6122,#6361,.T.);
#6361 = LINE('',#6362,#6363);
#6362 = CARTESIAN_POINT('',(5.,21.5,33.));
#6363 = VECTOR('',#6364,1.);
#6364 = DIRECTION('',(0.,0.,1.));
#6365 = ORIENTED_EDGE('',*,*,#6121,.T.);
#6366 = ORIENTED_EDGE('',*,*,#6099,.F.);
#6367 = PLANE('',#6368);
#6368 = AXIS2_PLACEMENT_3D('',#6369,#6370,#6371);
#6369 = CARTESIAN_POINT('',(-17.,21.5,45.));
#6370 = DIRECTION('',(0.,1.,0.));
#6371 = DIRECTION('',(0.,0.,1.));
#6372 = ADVANCED_FACE('',(#6373),#6384,.T.);
#6373 = FACE_BOUND('',#6374,.T.);
#6374 = EDGE_LOOP('',(#6375,#6376,#6382,#6383));
#6375 = ORIENTED_EDGE('',*,*,#6147,.F.);
#6376 = ORIENTED_EDGE('',*,*,#6377,.F.);
#6377 = EDGE_CURVE('',#6195,#6122,#6378,.T.);
#6378 = LINE('',#6379,#6380);
#6379 = CARTESIAN_POINT('',(-17.,21.5,55.));
#6380 = VECTOR('',#6381,1.);
#6381 = DIRECTION('',(1.,0.,0.));
#6382 = ORIENTED_EDGE('',*,*,#6202,.T.);
#6383 = ORIENTED_EDGE('',*,*,#6179,.T.);
#6384 = PLANE('',#6385);
#6385 = AXIS2_PLACEMENT_3D('',#6386,#6387,#6388);
#6386 = CARTESIAN_POINT('',(-5.,21.5,33.));
#6387 = DIRECTION('',(0.,1.,0.));
#6388 = DIRECTION('',(0.,0.,1.));
#6389 = ADVANCED_FACE('',(#6390),#6401,.T.);
#6390 = FACE_BOUND('',#6391,.T.);
#6391 = EDGE_LOOP('',(#6392,#6393,#6394,#6395));
#6392 = ORIENTED_EDGE('',*,*,#6275,.F.);
#6393 = ORIENTED_EDGE('',*,*,#6250,.T.);
#6394 = ORIENTED_EDGE('',*,*,#6227,.T.);
#6395 = ORIENTED_EDGE('',*,*,#6396,.F.);
#6396 = EDGE_CURVE('',#6268,#6195,#6397,.T.);
#6397 = LINE('',#6398,#6399);
#6398 = CARTESIAN_POINT('',(-5.,21.5,33.));
#6399 = VECTOR('',#6400,1.);
#6400 = DIRECTION('',(0.,0.,1.));
#6401 = PLANE('',#6402);
#6402 = AXIS2_PLACEMENT_3D('',#6403,#6404,#6405);
#6403 = CARTESIAN_POINT('',(-17.,21.5,45.));
#6404 = DIRECTION('',(0.,1.,0.));
#6405 = DIRECTION('',(0.,0.,1.));
#6406 = ADVANCED_FACE('',(#6407),#6413,.T.);
#6407 = FACE_BOUND('',#6408,.T.);
#6408 = EDGE_LOOP('',(#6409,#6410,#6411,#6412));
#6409 = ORIENTED_EDGE('',*,*,#6360,.F.);
#6410 = ORIENTED_EDGE('',*,*,#6345,.F.);
#6411 = ORIENTED_EDGE('',*,*,#6396,.T.);
#6412 = ORIENTED_EDGE('',*,*,#6377,.T.);
#6413 = PLANE('',#6414);
#6414 = AXIS2_PLACEMENT_3D('',#6415,#6416,#6417);
#6415 = CARTESIAN_POINT('',(-5.,21.5,33.));
#6416 = DIRECTION('',(0.,1.,0.));
#6417 = DIRECTION('',(0.,0.,1.));
#6418 = ( GEOMETRIC_REPRESENTATION_CONTEXT(3) 
GLOBAL_UNCERTAINTY_ASSIGNED_CONTEXT((#6422)) 
GLOBAL_UNIT_ASSIGNED_CONTEXT((#6419,#6420,#6421)) REPRESENTATION_CONTEXT
('Context #1','3D Context with UNIT and UNCERTAINTY') );
#6419 = ( LENGTH_UNIT() NAMED_UNIT(*) SI_UNIT(.MILLI.,.METRE.) );
#6420 = ( NAMED_UNIT(*) PLANE_ANGLE_UNIT() SI_UNIT($,.RADIAN.) );
#6421 = ( NAMED_UNIT(*) SI_UNIT($,.STERADIAN.) SOLID_ANGLE_UNIT() );
#6422 = UNCERTAINTY_MEASURE_WITH_UNIT(LENGTH_MEASURE(1.E-07),#6419,
  'distance_accuracy_value','confusion accuracy');
#6423 = CONTEXT_DEPENDENT_SHAPE_REPRESENTATION(#6424,#6426);
#6424 = ( REPRESENTATION_RELATIONSHIP('','',#5720,#10) 
REPRESENTATION_RELATIONSHIP_WITH_TRANSFORMATION(#6425) 
SHAPE_REPRESENTATION_RELATIONSHIP() );
#6425 = ITEM_DEFINED_TRANSFORMATION('','',#11,#39);
#6426 = PRODUCT_DEFINITION_SHAPE('Placement','Placement of an item',
  #6427);
#6427 = NEXT_ASSEMBLY_USAGE_OCCURRENCE('59','DPad_Silicone_Pad','',#5,
  #5715,$);
#6428 = PRODUCT_RELATED_PRODUCT_CATEGORY('part',$,(#5717));
#6429 = SHAPE_DEFINITION_REPRESENTATION(#6430,#6436);
#6430 = PRODUCT_DEFINITION_SHAPE('','',#6431);
#6431 = PRODUCT_DEFINITION('design','',#6432,#6435);
#6432 = PRODUCT_DEFINITION_FORMATION('','',#6433);
#6433 = PRODUCT('OK_Keycap','OK_Keycap','',(#6434));
#6434 = PRODUCT_CONTEXT('',#2,'mechanical');
#6435 = PRODUCT_DEFINITION_CONTEXT('part definition',#2,'design');
#6436 = ADVANCED_BREP_SHAPE_REPRESENTATION('',(#11,#6437),#6535);
#6437 = MANIFOLD_SOLID_BREP('',#6438);
#6438 = CLOSED_SHELL('',(#6439,#6472,#6492,#6501,#6526));
#6439 = ADVANCED_FACE('',(#6440),#6467,.T.);
#6440 = FACE_BOUND('',#6441,.T.);
#6441 = EDGE_LOOP('',(#6442,#6451,#6459,#6466));
#6442 = ORIENTED_EDGE('',*,*,#6443,.F.);
#6443 = EDGE_CURVE('',#6444,#6444,#6446,.T.);
#6444 = VERTEX_POINT('',#6445);
#6445 = CARTESIAN_POINT('',(7.,18.5,50.));
#6446 = CIRCLE('',#6447,7.);
#6447 = AXIS2_PLACEMENT_3D('',#6448,#6449,#6450);
#6448 = CARTESIAN_POINT('',(0.,18.5,50.));
#6449 = DIRECTION('',(0.,-1.,1.1E-16));
#6450 = DIRECTION('',(1.,0.,0.));
#6451 = ORIENTED_EDGE('',*,*,#6452,.F.);
#6452 = EDGE_CURVE('',#6453,#6444,#6455,.T.);
#6453 = VERTEX_POINT('',#6454);
#6454 = CARTESIAN_POINT('',(7.,22.,50.));
#6455 = LINE('',#6456,#6457);
#6456 = CARTESIAN_POINT('',(7.,22.,50.));
#6457 = VECTOR('',#6458,1.);
#6458 = DIRECTION('',(0.,-1.,0.));
#6459 = ORIENTED_EDGE('',*,*,#6460,.T.);
#6460 = EDGE_CURVE('',#6453,#6453,#6461,.T.);
#6461 = CIRCLE('',#6462,7.);
#6462 = AXIS2_PLACEMENT_3D('',#6463,#6464,#6465);
#6463 = CARTESIAN_POINT('',(0.,22.,50.));
#6464 = DIRECTION('',(0.,-1.,0.));
#6465 = DIRECTION('',(1.,0.,0.));
#6466 = ORIENTED_EDGE('',*,*,#6452,.T.);
#6467 = CYLINDRICAL_SURFACE('',#6468,7.);
#6468 = AXIS2_PLACEMENT_3D('',#6469,#6470,#6471);
#6469 = CARTESIAN_POINT('',(0.,22.,50.));
#6470 = DIRECTION('',(0.,-1.,0.));
#6471 = DIRECTION('',(1.,0.,0.));
#6472 = ADVANCED_FACE('',(#6473,#6484),#6487,.F.);
#6473 = FACE_BOUND('',#6474,.F.);
#6474 = EDGE_LOOP('',(#6475));
#6475 = ORIENTED_EDGE('',*,*,#6476,.T.);
#6476 = EDGE_CURVE('',#6477,#6477,#6479,.T.);
#6477 = VERTEX_POINT('',#6478);
#6478 = CARTESIAN_POINT('',(8.2,18.5,50.));
#6479 = CIRCLE('',#6480,8.2);
#6480 = AXIS2_PLACEMENT_3D('',#6481,#6482,#6483);
#6481 = CARTESIAN_POINT('',(0.,18.5,50.));
#6482 = DIRECTION('',(0.,-1.,0.));
#6483 = DIRECTION('',(1.,0.,0.));
#6484 = FACE_BOUND('',#6485,.F.);
#6485 = EDGE_LOOP('',(#6486));
#6486 = ORIENTED_EDGE('',*,*,#6443,.F.);
#6487 = PLANE('',#6488);
#6488 = AXIS2_PLACEMENT_3D('',#6489,#6490,#6491);
#6489 = CARTESIAN_POINT('',(0.,18.5,50.));
#6490 = DIRECTION('',(0.,-1.,0.));
#6491 = DIRECTION('',(1.,0.,0.));
#6492 = ADVANCED_FACE('',(#6493),#6496,.F.);
#6493 = FACE_BOUND('',#6494,.T.);
#6494 = EDGE_LOOP('',(#6495));
#6495 = ORIENTED_EDGE('',*,*,#6460,.F.);
#6496 = PLANE('',#6497);
#6497 = AXIS2_PLACEMENT_3D('',#6498,#6499,#6500);
#6498 = CARTESIAN_POINT('',(0.,22.,50.));
#6499 = DIRECTION('',(0.,-1.,0.));
#6500 = DIRECTION('',(1.,0.,0.));
#6501 = ADVANCED_FACE('',(#6502),#6521,.T.);
#6502 = FACE_BOUND('',#6503,.T.);
#6503 = EDGE_LOOP('',(#6504,#6513,#6519,#6520));
#6504 = ORIENTED_EDGE('',*,*,#6505,.F.);
#6505 = EDGE_CURVE('',#6506,#6506,#6508,.T.);
#6506 = VERTEX_POINT('',#6507);
#6507 = CARTESIAN_POINT('',(8.2,17.5,50.));
#6508 = CIRCLE('',#6509,8.2);
#6509 = AXIS2_PLACEMENT_3D('',#6510,#6511,#6512);
#6510 = CARTESIAN_POINT('',(0.,17.5,50.));
#6511 = DIRECTION('',(0.,-1.,0.));
#6512 = DIRECTION('',(1.,0.,0.));
#6513 = ORIENTED_EDGE('',*,*,#6514,.F.);
#6514 = EDGE_CURVE('',#6477,#6506,#6515,.T.);
#6515 = LINE('',#6516,#6517);
#6516 = CARTESIAN_POINT('',(8.2,18.5,50.));
#6517 = VECTOR('',#6518,1.);
#6518 = DIRECTION('',(0.,-1.,0.));
#6519 = ORIENTED_EDGE('',*,*,#6476,.T.);
#6520 = ORIENTED_EDGE('',*,*,#6514,.T.);
#6521 = CYLINDRICAL_SURFACE('',#6522,8.2);
#6522 = AXIS2_PLACEMENT_3D('',#6523,#6524,#6525);
#6523 = CARTESIAN_POINT('',(0.,18.5,50.));
#6524 = DIRECTION('',(0.,-1.,0.));
#6525 = DIRECTION('',(1.,0.,0.));
#6526 = ADVANCED_FACE('',(#6527),#6530,.T.);
#6527 = FACE_BOUND('',#6528,.T.);
#6528 = EDGE_LOOP('',(#6529));
#6529 = ORIENTED_EDGE('',*,*,#6505,.T.);
#6530 = PLANE('',#6531);
#6531 = AXIS2_PLACEMENT_3D('',#6532,#6533,#6534);
#6532 = CARTESIAN_POINT('',(0.,17.5,50.));
#6533 = DIRECTION('',(0.,-1.,0.));
#6534 = DIRECTION('',(1.,0.,0.));
#6535 = ( GEOMETRIC_REPRESENTATION_CONTEXT(3) 
GLOBAL_UNCERTAINTY_ASSIGNED_CONTEXT((#6539)) 
GLOBAL_UNIT_ASSIGNED_CONTEXT((#6536,#6537,#6538)) REPRESENTATION_CONTEXT
('Context #1','3D Context with UNIT and UNCERTAINTY') );
#6536 = ( LENGTH_UNIT() NAMED_UNIT(*) SI_UNIT(.MILLI.,.METRE.) );
#6537 = ( NAMED_UNIT(*) PLANE_ANGLE_UNIT() SI_UNIT($,.RADIAN.) );
#6538 = ( NAMED_UNIT(*) SI_UNIT($,.STERADIAN.) SOLID_ANGLE_UNIT() );
#6539 = UNCERTAINTY_MEASURE_WITH_UNIT(LENGTH_MEASURE(1.E-07),#6536,
  'distance_accuracy_value','confusion accuracy');
#6540 = CONTEXT_DEPENDENT_SHAPE_REPRESENTATION(#6541,#6543);
#6541 = ( REPRESENTATION_RELATIONSHIP('','',#6436,#10) 
REPRESENTATION_RELATIONSHIP_WITH_TRANSFORMATION(#6542) 
SHAPE_REPRESENTATION_RELATIONSHIP() );
#6542 = ITEM_DEFINED_TRANSFORMATION('','',#11,#43);
#6543 = PRODUCT_DEFINITION_SHAPE('Placement','Placement of an item',
  #6544);
#6544 = NEXT_ASSEMBLY_USAGE_OCCURRENCE('60','OK_Keycap','',#5,#6431,$);
#6545 = PRODUCT_RELATED_PRODUCT_CATEGORY('part',$,(#6433));
#6546 = SHAPE_DEFINITION_REPRESENTATION(#6547,#6553);
#6547 = PRODUCT_DEFINITION_SHAPE('','',#6548);
#6548 = PRODUCT_DEFINITION('design','',#6549,#6552);
#6549 = PRODUCT_DEFINITION_FORMATION('','',#6550);
#6550 = PRODUCT('Menu_Button','Menu_Button','',(#6551));
#6551 = PRODUCT_CONTEXT('',#2,'mechanical');
#6552 = PRODUCT_DEFINITION_CONTEXT('part definition',#2,'design');
#6553 = ADVANCED_BREP_SHAPE_REPRESENTATION('',(#11,#6554),#6704);
#6554 = MANIFOLD_SOLID_BREP('',#6555);
#6555 = CLOSED_SHELL('',(#6556,#6596,#6636,#6658,#6680,#6692));
#6556 = ADVANCED_FACE('',(#6557),#6591,.F.);
#6557 = FACE_BOUND('',#6558,.F.);
#6558 = EDGE_LOOP('',(#6559,#6569,#6577,#6585));
#6559 = ORIENTED_EDGE('',*,*,#6560,.F.);
#6560 = EDGE_CURVE('',#6561,#6563,#6565,.T.);
#6561 = VERTEX_POINT('',#6562);
#6562 = CARTESIAN_POINT('',(0.,0.,0.));
#6563 = VERTEX_POINT('',#6564);
#6564 = CARTESIAN_POINT('',(0.,0.,8.));
#6565 = LINE('',#6566,#6567);
#6566 = CARTESIAN_POINT('',(0.,0.,0.));
#6567 = VECTOR('',#6568,1.);
#6568 = DIRECTION('',(0.,0.,1.));
#6569 = ORIENTED_EDGE('',*,*,#6570,.T.);
#6570 = EDGE_CURVE('',#6561,#6571,#6573,.T.);
#6571 = VERTEX_POINT('',#6572);
#6572 = CARTESIAN_POINT('',(0.,3.5,0.));
#6573 = LINE('',#6574,#6575);
#6574 = CARTESIAN_POINT('',(0.,0.,0.));
#6575 = VECTOR('',#6576,1.);
#6576 = DIRECTION('',(-0.,1.,0.));
#6577 = ORIENTED_EDGE('',*,*,#6578,.T.);
#6578 = EDGE_CURVE('',#6571,#6579,#6581,.T.);
#6579 = VERTEX_POINT('',#6580);
#6580 = CARTESIAN_POINT('',(0.,3.5,8.));
#6581 = LINE('',#6582,#6583);
#6582 = CARTESIAN_POINT('',(0.,3.5,0.));
#6583 = VECTOR('',#6584,1.);
#6584 = DIRECTION('',(0.,0.,1.));
#6585 = ORIENTED_EDGE('',*,*,#6586,.F.);
#6586 = EDGE_CURVE('',#6563,#6579,#6587,.T.);
#6587 = LINE('',#6588,#6589);
#6588 = CARTESIAN_POINT('',(0.,0.,8.));
#6589 = VECTOR('',#6590,1.);
#6590 = DIRECTION('',(-0.,1.,0.));
#6591 = PLANE('',#6592);
#6592 = AXIS2_PLACEMENT_3D('',#6593,#6594,#6595);
#6593 = CARTESIAN_POINT('',(0.,0.,0.));
#6594 = DIRECTION('',(1.,0.,-0.));
#6595 = DIRECTION('',(0.,0.,1.));
#6596 = ADVANCED_FACE('',(#6597),#6631,.T.);
#6597 = FACE_BOUND('',#6598,.T.);
#6598 = EDGE_LOOP('',(#6599,#6609,#6617,#6625));
#6599 = ORIENTED_EDGE('',*,*,#6600,.F.);
#6600 = EDGE_CURVE('',#6601,#6603,#6605,.T.);
#6601 = VERTEX_POINT('',#6602);
#6602 = CARTESIAN_POINT('',(14.,0.,0.));
#6603 = VERTEX_POINT('',#6604);
#6604 = CARTESIAN_POINT('',(14.,0.,8.));
#6605 = LINE('',#6606,#6607);
#6606 = CARTESIAN_POINT('',(14.,0.,0.));
#6607 = VECTOR('',#6608,1.);
#6608 = DIRECTION('',(0.,0.,1.));
#6609 = ORIENTED_EDGE('',*,*,#6610,.T.);
#6610 = EDGE_CURVE('',#6601,#6611,#6613,.T.);
#6611 = VERTEX_POINT('',#6612);
#6612 = CARTESIAN_POINT('',(14.,3.5,0.));
#6613 = LINE('',#6614,#6615);
#6614 = CARTESIAN_POINT('',(14.,0.,0.));
#6615 = VECTOR('',#6616,1.);
#6616 = DIRECTION('',(-0.,1.,0.));
#6617 = ORIENTED_EDGE('',*,*,#6618,.T.);
#6618 = EDGE_CURVE('',#6611,#6619,#6621,.T.);
#6619 = VERTEX_POINT('',#6620);
#6620 = CARTESIAN_POINT('',(14.,3.5,8.));
#6621 = LINE('',#6622,#6623);
#6622 = CARTESIAN_POINT('',(14.,3.5,0.));
#6623 = VECTOR('',#6624,1.);
#6624 = DIRECTION('',(0.,0.,1.));
#6625 = ORIENTED_EDGE('',*,*,#6626,.F.);
#6626 = EDGE_CURVE('',#6603,#6619,#6627,.T.);
#6627 = LINE('',#6628,#6629);
#6628 = CARTESIAN_POINT('',(14.,0.,8.));
#6629 = VECTOR('',#6630,1.);
#6630 = DIRECTION('',(-0.,1.,0.));
#6631 = PLANE('',#6632);
#6632 = AXIS2_PLACEMENT_3D('',#6633,#6634,#6635);
#6633 = CARTESIAN_POINT('',(14.,0.,0.));
#6634 = DIRECTION('',(1.,0.,-0.));
#6635 = DIRECTION('',(0.,0.,1.));
#6636 = ADVANCED_FACE('',(#6637),#6653,.F.);
#6637 = FACE_BOUND('',#6638,.F.);
#6638 = EDGE_LOOP('',(#6639,#6645,#6646,#6652));
#6639 = ORIENTED_EDGE('',*,*,#6640,.F.);
#6640 = EDGE_CURVE('',#6561,#6601,#6641,.T.);
#6641 = LINE('',#6642,#6643);
#6642 = CARTESIAN_POINT('',(0.,0.,0.));
#6643 = VECTOR('',#6644,1.);
#6644 = DIRECTION('',(1.,0.,-0.));
#6645 = ORIENTED_EDGE('',*,*,#6560,.T.);
#6646 = ORIENTED_EDGE('',*,*,#6647,.T.);
#6647 = EDGE_CURVE('',#6563,#6603,#6648,.T.);
#6648 = LINE('',#6649,#6650);
#6649 = CARTESIAN_POINT('',(0.,0.,8.));
#6650 = VECTOR('',#6651,1.);
#6651 = DIRECTION('',(1.,0.,-0.));
#6652 = ORIENTED_EDGE('',*,*,#6600,.F.);
#6653 = PLANE('',#6654);
#6654 = AXIS2_PLACEMENT_3D('',#6655,#6656,#6657);
#6655 = CARTESIAN_POINT('',(0.,0.,0.));
#6656 = DIRECTION('',(-0.,1.,0.));
#6657 = DIRECTION('',(0.,0.,1.));
#6658 = ADVANCED_FACE('',(#6659),#6675,.T.);
#6659 = FACE_BOUND('',#6660,.T.);
#6660 = EDGE_LOOP('',(#6661,#6667,#6668,#6674));
#6661 = ORIENTED_EDGE('',*,*,#6662,.F.);
#6662 = EDGE_CURVE('',#6571,#6611,#6663,.T.);
#6663 = LINE('',#6664,#6665);
#6664 = CARTESIAN_POINT('',(0.,3.5,0.));
#6665 = VECTOR('',#6666,1.);
#6666 = DIRECTION('',(1.,0.,-0.));
#6667 = ORIENTED_EDGE('',*,*,#6578,.T.);
#6668 = ORIENTED_EDGE('',*,*,#6669,.T.);
#6669 = EDGE_CURVE('',#6579,#6619,#6670,.T.);
#6670 = LINE('',#6671,#6672);
#6671 = CARTESIAN_POINT('',(0.,3.5,8.));
#6672 = VECTOR('',#6673,1.);
#6673 = DIRECTION('',(1.,0.,-0.));
#6674 = ORIENTED_EDGE('',*,*,#6618,.F.);
#6675 = PLANE('',#6676);
#6676 = AXIS2_PLACEMENT_3D('',#6677,#6678,#6679);
#6677 = CARTESIAN_POINT('',(0.,3.5,0.));
#6678 = DIRECTION('',(-0.,1.,0.));
#6679 = DIRECTION('',(0.,0.,1.));
#6680 = ADVANCED_FACE('',(#6681),#6687,.F.);
#6681 = FACE_BOUND('',#6682,.F.);
#6682 = EDGE_LOOP('',(#6683,#6684,#6685,#6686));
#6683 = ORIENTED_EDGE('',*,*,#6570,.F.);
#6684 = ORIENTED_EDGE('',*,*,#6640,.T.);
#6685 = ORIENTED_EDGE('',*,*,#6610,.T.);
#6686 = ORIENTED_EDGE('',*,*,#6662,.F.);
#6687 = PLANE('',#6688);
#6688 = AXIS2_PLACEMENT_3D('',#6689,#6690,#6691);
#6689 = CARTESIAN_POINT('',(0.,0.,0.));
#6690 = DIRECTION('',(0.,0.,1.));
#6691 = DIRECTION('',(1.,0.,-0.));
#6692 = ADVANCED_FACE('',(#6693),#6699,.T.);
#6693 = FACE_BOUND('',#6694,.T.);
#6694 = EDGE_LOOP('',(#6695,#6696,#6697,#6698));
#6695 = ORIENTED_EDGE('',*,*,#6586,.F.);
#6696 = ORIENTED_EDGE('',*,*,#6647,.T.);
#6697 = ORIENTED_EDGE('',*,*,#6626,.T.);
#6698 = ORIENTED_EDGE('',*,*,#6669,.F.);
#6699 = PLANE('',#6700);
#6700 = AXIS2_PLACEMENT_3D('',#6701,#6702,#6703);
#6701 = CARTESIAN_POINT('',(0.,0.,8.));
#6702 = DIRECTION('',(0.,0.,1.));
#6703 = DIRECTION('',(1.,0.,-0.));
#6704 = ( GEOMETRIC_REPRESENTATION_CONTEXT(3) 
GLOBAL_UNCERTAINTY_ASSIGNED_CONTEXT((#6708)) 
GLOBAL_UNIT_ASSIGNED_CONTEXT((#6705,#6706,#6707)) REPRESENTATION_CONTEXT
('Context #1','3D Context with UNIT and UNCERTAINTY') );
#6705 = ( LENGTH_UNIT() NAMED_UNIT(*) SI_UNIT(.MILLI.,.METRE.) );
#6706 = ( NAMED_UNIT(*) PLANE_ANGLE_UNIT() SI_UNIT($,.RADIAN.) );
#6707 = ( NAMED_UNIT(*) SI_UNIT($,.STERADIAN.) SOLID_ANGLE_UNIT() );
#6708 = UNCERTAINTY_MEASURE_WITH_UNIT(LENGTH_MEASURE(1.E-07),#6705,
  'distance_accuracy_value','confusion accuracy');
#6709 = CONTEXT_DEPENDENT_SHAPE_REPRESENTATION(#6710,#6712);
#6710 = ( REPRESENTATION_RELATIONSHIP('','',#6553,#10) 
REPRESENTATION_RELATIONSHIP_WITH_TRANSFORMATION(#6711) 
SHAPE_REPRESENTATION_RELATIONSHIP() );
#6711 = ITEM_DEFINED_TRANSFORMATION('','',#11,#47);
#6712 = PRODUCT_DEFINITION_SHAPE('Placement','Placement of an item',
  #6713);
#6713 = NEXT_ASSEMBLY_USAGE_OCCURRENCE('61','Menu_Button','',#5,#6548,$
  );
#6714 = PRODUCT_RELATED_PRODUCT_CATEGORY('part',$,(#6550));
#6715 = SHAPE_DEFINITION_REPRESENTATION(#6716,#6722);
#6716 = PRODUCT_DEFINITION_SHAPE('','',#6717);
#6717 = PRODUCT_DEFINITION('design','',#6718,#6721);
#6718 = PRODUCT_DEFINITION_FORMATION('','',#6719);
#6719 = PRODUCT('Back_Button','Back_Button','',(#6720));
#6720 = PRODUCT_CONTEXT('',#2,'mechanical');
#6721 = PRODUCT_DEFINITION_CONTEXT('part definition',#2,'design');
#6722 = ADVANCED_BREP_SHAPE_REPRESENTATION('',(#11,#6723),#6873);
#6723 = MANIFOLD_SOLID_BREP('',#6724);
#6724 = CLOSED_SHELL('',(#6725,#6765,#6805,#6827,#6849,#6861));
#6725 = ADVANCED_FACE('',(#6726),#6760,.F.);
#6726 = FACE_BOUND('',#6727,.F.);
#6727 = EDGE_LOOP('',(#6728,#6738,#6746,#6754));
#6728 = ORIENTED_EDGE('',*,*,#6729,.F.);
#6729 = EDGE_CURVE('',#6730,#6732,#6734,.T.);
#6730 = VERTEX_POINT('',#6731);
#6731 = CARTESIAN_POINT('',(0.,0.,0.));
#6732 = VERTEX_POINT('',#6733);
#6733 = CARTESIAN_POINT('',(0.,0.,8.));
#6734 = LINE('',#6735,#6736);
#6735 = CARTESIAN_POINT('',(0.,0.,0.));
#6736 = VECTOR('',#6737,1.);
#6737 = DIRECTION('',(0.,0.,1.));
#6738 = ORIENTED_EDGE('',*,*,#6739,.T.);
#6739 = EDGE_CURVE('',#6730,#6740,#6742,.T.);
#6740 = VERTEX_POINT('',#6741);
#6741 = CARTESIAN_POINT('',(0.,3.5,0.));
#6742 = LINE('',#6743,#6744);
#6743 = CARTESIAN_POINT('',(0.,0.,0.));
#6744 = VECTOR('',#6745,1.);
#6745 = DIRECTION('',(-0.,1.,0.));
#6746 = ORIENTED_EDGE('',*,*,#6747,.T.);
#6747 = EDGE_CURVE('',#6740,#6748,#6750,.T.);
#6748 = VERTEX_POINT('',#6749);
#6749 = CARTESIAN_POINT('',(0.,3.5,8.));
#6750 = LINE('',#6751,#6752);
#6751 = CARTESIAN_POINT('',(0.,3.5,0.));
#6752 = VECTOR('',#6753,1.);
#6753 = DIRECTION('',(0.,0.,1.));
#6754 = ORIENTED_EDGE('',*,*,#6755,.F.);
#6755 = EDGE_CURVE('',#6732,#6748,#6756,.T.);
#6756 = LINE('',#6757,#6758);
#6757 = CARTESIAN_POINT('',(0.,0.,8.));
#6758 = VECTOR('',#6759,1.);
#6759 = DIRECTION('',(-0.,1.,0.));
#6760 = PLANE('',#6761);
#6761 = AXIS2_PLACEMENT_3D('',#6762,#6763,#6764);
#6762 = CARTESIAN_POINT('',(0.,0.,0.));
#6763 = DIRECTION('',(1.,0.,-0.));
#6764 = DIRECTION('',(0.,0.,1.));
#6765 = ADVANCED_FACE('',(#6766),#6800,.T.);
#6766 = FACE_BOUND('',#6767,.T.);
#6767 = EDGE_LOOP('',(#6768,#6778,#6786,#6794));
#6768 = ORIENTED_EDGE('',*,*,#6769,.F.);
#6769 = EDGE_CURVE('',#6770,#6772,#6774,.T.);
#6770 = VERTEX_POINT('',#6771);
#6771 = CARTESIAN_POINT('',(14.,0.,0.));
#6772 = VERTEX_POINT('',#6773);
#6773 = CARTESIAN_POINT('',(14.,0.,8.));
#6774 = LINE('',#6775,#6776);
#6775 = CARTESIAN_POINT('',(14.,0.,0.));
#6776 = VECTOR('',#6777,1.);
#6777 = DIRECTION('',(0.,0.,1.));
#6778 = ORIENTED_EDGE('',*,*,#6779,.T.);
#6779 = EDGE_CURVE('',#6770,#6780,#6782,.T.);
#6780 = VERTEX_POINT('',#6781);
#6781 = CARTESIAN_POINT('',(14.,3.5,0.));
#6782 = LINE('',#6783,#6784);
#6783 = CARTESIAN_POINT('',(14.,0.,0.));
#6784 = VECTOR('',#6785,1.);
#6785 = DIRECTION('',(-0.,1.,0.));
#6786 = ORIENTED_EDGE('',*,*,#6787,.T.);
#6787 = EDGE_CURVE('',#6780,#6788,#6790,.T.);
#6788 = VERTEX_POINT('',#6789);
#6789 = CARTESIAN_POINT('',(14.,3.5,8.));
#6790 = LINE('',#6791,#6792);
#6791 = CARTESIAN_POINT('',(14.,3.5,0.));
#6792 = VECTOR('',#6793,1.);
#6793 = DIRECTION('',(0.,0.,1.));
#6794 = ORIENTED_EDGE('',*,*,#6795,.F.);
#6795 = EDGE_CURVE('',#6772,#6788,#6796,.T.);
#6796 = LINE('',#6797,#6798);
#6797 = CARTESIAN_POINT('',(14.,0.,8.));
#6798 = VECTOR('',#6799,1.);
#6799 = DIRECTION('',(-0.,1.,0.));
#6800 = PLANE('',#6801);
#6801 = AXIS2_PLACEMENT_3D('',#6802,#6803,#6804);
#6802 = CARTESIAN_POINT('',(14.,0.,0.));
#6803 = DIRECTION('',(1.,0.,-0.));
#6804 = DIRECTION('',(0.,0.,1.));
#6805 = ADVANCED_FACE('',(#6806),#6822,.F.);
#6806 = FACE_BOUND('',#6807,.F.);
#6807 = EDGE_LOOP('',(#6808,#6814,#6815,#6821));
#6808 = ORIENTED_EDGE('',*,*,#6809,.F.);
#6809 = EDGE_CURVE('',#6730,#6770,#6810,.T.);
#6810 = LINE('',#6811,#6812);
#6811 = CARTESIAN_POINT('',(0.,0.,0.));
#6812 = VECTOR('',#6813,1.);
#6813 = DIRECTION('',(1.,0.,-0.));
#6814 = ORIENTED_EDGE('',*,*,#6729,.T.);
#6815 = ORIENTED_EDGE('',*,*,#6816,.T.);
#6816 = EDGE_CURVE('',#6732,#6772,#6817,.T.);
#6817 = LINE('',#6818,#6819);
#6818 = CARTESIAN_POINT('',(0.,0.,8.));
#6819 = VECTOR('',#6820,1.);
#6820 = DIRECTION('',(1.,0.,-0.));
#6821 = ORIENTED_EDGE('',*,*,#6769,.F.);
#6822 = PLANE('',#6823);
#6823 = AXIS2_PLACEMENT_3D('',#6824,#6825,#6826);
#6824 = CARTESIAN_POINT('',(0.,0.,0.));
#6825 = DIRECTION('',(-0.,1.,0.));
#6826 = DIRECTION('',(0.,0.,1.));
#6827 = ADVANCED_FACE('',(#6828),#6844,.T.);
#6828 = FACE_BOUND('',#6829,.T.);
#6829 = EDGE_LOOP('',(#6830,#6836,#6837,#6843));
#6830 = ORIENTED_EDGE('',*,*,#6831,.F.);
#6831 = EDGE_CURVE('',#6740,#6780,#6832,.T.);
#6832 = LINE('',#6833,#6834);
#6833 = CARTESIAN_POINT('',(0.,3.5,0.));
#6834 = VECTOR('',#6835,1.);
#6835 = DIRECTION('',(1.,0.,-0.));
#6836 = ORIENTED_EDGE('',*,*,#6747,.T.);
#6837 = ORIENTED_EDGE('',*,*,#6838,.T.);
#6838 = EDGE_CURVE('',#6748,#6788,#6839,.T.);
#6839 = LINE('',#6840,#6841);
#6840 = CARTESIAN_POINT('',(0.,3.5,8.));
#6841 = VECTOR('',#6842,1.);
#6842 = DIRECTION('',(1.,0.,-0.));
#6843 = ORIENTED_EDGE('',*,*,#6787,.F.);
#6844 = PLANE('',#6845);
#6845 = AXIS2_PLACEMENT_3D('',#6846,#6847,#6848);
#6846 = CARTESIAN_POINT('',(0.,3.5,0.));
#6847 = DIRECTION('',(-0.,1.,0.));
#6848 = DIRECTION('',(0.,0.,1.));
#6849 = ADVANCED_FACE('',(#6850),#6856,.F.);
#6850 = FACE_BOUND('',#6851,.F.);
#6851 = EDGE_LOOP('',(#6852,#6853,#6854,#6855));
#6852 = ORIENTED_EDGE('',*,*,#6739,.F.);
#6853 = ORIENTED_EDGE('',*,*,#6809,.T.);
#6854 = ORIENTED_EDGE('',*,*,#6779,.T.);
#6855 = ORIENTED_EDGE('',*,*,#6831,.F.);
#6856 = PLANE('',#6857);
#6857 = AXIS2_PLACEMENT_3D('',#6858,#6859,#6860);
#6858 = CARTESIAN_POINT('',(0.,0.,0.));
#6859 = DIRECTION('',(0.,0.,1.));
#6860 = DIRECTION('',(1.,0.,-0.));
#6861 = ADVANCED_FACE('',(#6862),#6868,.T.);
#6862 = FACE_BOUND('',#6863,.T.);
#6863 = EDGE_LOOP('',(#6864,#6865,#6866,#6867));
#6864 = ORIENTED_EDGE('',*,*,#6755,.F.);
#6865 = ORIENTED_EDGE('',*,*,#6816,.T.);
#6866 = ORIENTED_EDGE('',*,*,#6795,.T.);
#6867 = ORIENTED_EDGE('',*,*,#6838,.F.);
#6868 = PLANE('',#6869);
#6869 = AXIS2_PLACEMENT_3D('',#6870,#6871,#6872);
#6870 = CARTESIAN_POINT('',(0.,0.,8.));
#6871 = DIRECTION('',(0.,0.,1.));
#6872 = DIRECTION('',(1.,0.,-0.));
#6873 = ( GEOMETRIC_REPRESENTATION_CONTEXT(3) 
GLOBAL_UNCERTAINTY_ASSIGNED_CONTEXT((#6877)) 
GLOBAL_UNIT_ASSIGNED_CONTEXT((#6874,#6875,#6876)) REPRESENTATION_CONTEXT
('Context #1','3D Context with UNIT and UNCERTAINTY') );
#6874 = ( LENGTH_UNIT() NAMED_UNIT(*) SI_UNIT(.MILLI.,.METRE.) );
#6875 = ( NAMED_UNIT(*) PLANE_ANGLE_UNIT() SI_UNIT($,.RADIAN.) );
#6876 = ( NAMED_UNIT(*) SI_UNIT($,.STERADIAN.) SOLID_ANGLE_UNIT() );
#6877 = UNCERTAINTY_MEASURE_WITH_UNIT(LENGTH_MEASURE(1.E-07),#6874,
  'distance_accuracy_value','confusion accuracy');
#6878 = CONTEXT_DEPENDENT_SHAPE_REPRESENTATION(#6879,#6881);
#6879 = ( REPRESENTATION_RELATIONSHIP('','',#6722,#10) 
REPRESENTATION_RELATIONSHIP_WITH_TRANSFORMATION(#6880) 
SHAPE_REPRESENTATION_RELATIONSHIP() );
#6880 = ITEM_DEFINED_TRANSFORMATION('','',#11,#51);
#6881 = PRODUCT_DEFINITION_SHAPE('Placement','Placement of an item',
  #6882);
#6882 = NEXT_ASSEMBLY_USAGE_OCCURRENCE('62','Back_Button','',#5,#6717,$
  );
#6883 = PRODUCT_RELATED_PRODUCT_CATEGORY('part',$,(#6719));
#6884 = SHAPE_DEFINITION_REPRESENTATION(#6885,#6891);
#6885 = PRODUCT_DEFINITION_SHAPE('','',#6886);
#6886 = PRODUCT_DEFINITION('design','',#6887,#6890);
#6887 = PRODUCT_DEFINITION_FORMATION('','',#6888);
#6888 = PRODUCT('Select_Button','Select_Button','',(#6889));
#6889 = PRODUCT_CONTEXT('',#2,'mechanical');
#6890 = PRODUCT_DEFINITION_CONTEXT('part definition',#2,'design');
#6891 = ADVANCED_BREP_SHAPE_REPRESENTATION('',(#11,#6892),#7042);
#6892 = MANIFOLD_SOLID_BREP('',#6893);
#6893 = CLOSED_SHELL('',(#6894,#6934,#6974,#6996,#7018,#7030));
#6894 = ADVANCED_FACE('',(#6895),#6929,.F.);
#6895 = FACE_BOUND('',#6896,.F.);
#6896 = EDGE_LOOP('',(#6897,#6907,#6915,#6923));
#6897 = ORIENTED_EDGE('',*,*,#6898,.F.);
#6898 = EDGE_CURVE('',#6899,#6901,#6903,.T.);
#6899 = VERTEX_POINT('',#6900);
#6900 = CARTESIAN_POINT('',(0.,0.,0.));
#6901 = VERTEX_POINT('',#6902);
#6902 = CARTESIAN_POINT('',(0.,0.,8.));
#6903 = LINE('',#6904,#6905);
#6904 = CARTESIAN_POINT('',(0.,0.,0.));
#6905 = VECTOR('',#6906,1.);
#6906 = DIRECTION('',(0.,0.,1.));
#6907 = ORIENTED_EDGE('',*,*,#6908,.T.);
#6908 = EDGE_CURVE('',#6899,#6909,#6911,.T.);
#6909 = VERTEX_POINT('',#6910);
#6910 = CARTESIAN_POINT('',(0.,3.5,0.));
#6911 = LINE('',#6912,#6913);
#6912 = CARTESIAN_POINT('',(0.,0.,0.));
#6913 = VECTOR('',#6914,1.);
#6914 = DIRECTION('',(-0.,1.,0.));
#6915 = ORIENTED_EDGE('',*,*,#6916,.T.);
#6916 = EDGE_CURVE('',#6909,#6917,#6919,.T.);
#6917 = VERTEX_POINT('',#6918);
#6918 = CARTESIAN_POINT('',(0.,3.5,8.));
#6919 = LINE('',#6920,#6921);
#6920 = CARTESIAN_POINT('',(0.,3.5,0.));
#6921 = VECTOR('',#6922,1.);
#6922 = DIRECTION('',(0.,0.,1.));
#6923 = ORIENTED_EDGE('',*,*,#6924,.F.);
#6924 = EDGE_CURVE('',#6901,#6917,#6925,.T.);
#6925 = LINE('',#6926,#6927);
#6926 = CARTESIAN_POINT('',(0.,0.,8.));
#6927 = VECTOR('',#6928,1.);
#6928 = DIRECTION('',(-0.,1.,0.));
#6929 = PLANE('',#6930);
#6930 = AXIS2_PLACEMENT_3D('',#6931,#6932,#6933);
#6931 = CARTESIAN_POINT('',(0.,0.,0.));
#6932 = DIRECTION('',(1.,0.,-0.));
#6933 = DIRECTION('',(0.,0.,1.));
#6934 = ADVANCED_FACE('',(#6935),#6969,.T.);
#6935 = FACE_BOUND('',#6936,.T.);
#6936 = EDGE_LOOP('',(#6937,#6947,#6955,#6963));
#6937 = ORIENTED_EDGE('',*,*,#6938,.F.);
#6938 = EDGE_CURVE('',#6939,#6941,#6943,.T.);
#6939 = VERTEX_POINT('',#6940);
#6940 = CARTESIAN_POINT('',(14.,0.,0.));
#6941 = VERTEX_POINT('',#6942);
#6942 = CARTESIAN_POINT('',(14.,0.,8.));
#6943 = LINE('',#6944,#6945);
#6944 = CARTESIAN_POINT('',(14.,0.,0.));
#6945 = VECTOR('',#6946,1.);
#6946 = DIRECTION('',(0.,0.,1.));
#6947 = ORIENTED_EDGE('',*,*,#6948,.T.);
#6948 = EDGE_CURVE('',#6939,#6949,#6951,.T.);
#6949 = VERTEX_POINT('',#6950);
#6950 = CARTESIAN_POINT('',(14.,3.5,0.));
#6951 = LINE('',#6952,#6953);
#6952 = CARTESIAN_POINT('',(14.,0.,0.));
#6953 = VECTOR('',#6954,1.);
#6954 = DIRECTION('',(-0.,1.,0.));
#6955 = ORIENTED_EDGE('',*,*,#6956,.T.);
#6956 = EDGE_CURVE('',#6949,#6957,#6959,.T.);
#6957 = VERTEX_POINT('',#6958);
#6958 = CARTESIAN_POINT('',(14.,3.5,8.));
#6959 = LINE('',#6960,#6961);
#6960 = CARTESIAN_POINT('',(14.,3.5,0.));
#6961 = VECTOR('',#6962,1.);
#6962 = DIRECTION('',(0.,0.,1.));
#6963 = ORIENTED_EDGE('',*,*,#6964,.F.);
#6964 = EDGE_CURVE('',#6941,#6957,#6965,.T.);
#6965 = LINE('',#6966,#6967);
#6966 = CARTESIAN_POINT('',(14.,0.,8.));
#6967 = VECTOR('',#6968,1.);
#6968 = DIRECTION('',(-0.,1.,0.));
#6969 = PLANE('',#6970);
#6970 = AXIS2_PLACEMENT_3D('',#6971,#6972,#6973);
#6971 = CARTESIAN_POINT('',(14.,0.,0.));
#6972 = DIRECTION('',(1.,0.,-0.));
#6973 = DIRECTION('',(0.,0.,1.));
#6974 = ADVANCED_FACE('',(#6975),#6991,.F.);
#6975 = FACE_BOUND('',#6976,.F.);
#6976 = EDGE_LOOP('',(#6977,#6983,#6984,#6990));
#6977 = ORIENTED_EDGE('',*,*,#6978,.F.);
#6978 = EDGE_CURVE('',#6899,#6939,#6979,.T.);
#6979 = LINE('',#6980,#6981);
#6980 = CARTESIAN_POINT('',(0.,0.,0.));
#6981 = VECTOR('',#6982,1.);
#6982 = DIRECTION('',(1.,0.,-0.));
#6983 = ORIENTED_EDGE('',*,*,#6898,.T.);
#6984 = ORIENTED_EDGE('',*,*,#6985,.T.);
#6985 = EDGE_CURVE('',#6901,#6941,#6986,.T.);
#6986 = LINE('',#6987,#6988);
#6987 = CARTESIAN_POINT('',(0.,0.,8.));
#6988 = VECTOR('',#6989,1.);
#6989 = DIRECTION('',(1.,0.,-0.));
#6990 = ORIENTED_EDGE('',*,*,#6938,.F.);
#6991 = PLANE('',#6992);
#6992 = AXIS2_PLACEMENT_3D('',#6993,#6994,#6995);
#6993 = CARTESIAN_POINT('',(0.,0.,0.));
#6994 = DIRECTION('',(-0.,1.,0.));
#6995 = DIRECTION('',(0.,0.,1.));
#6996 = ADVANCED_FACE('',(#6997),#7013,.T.);
#6997 = FACE_BOUND('',#6998,.T.);
#6998 = EDGE_LOOP('',(#6999,#7005,#7006,#7012));
#6999 = ORIENTED_EDGE('',*,*,#7000,.F.);
#7000 = EDGE_CURVE('',#6909,#6949,#7001,.T.);
#7001 = LINE('',#7002,#7003);
#7002 = CARTESIAN_POINT('',(0.,3.5,0.));
#7003 = VECTOR('',#7004,1.);
#7004 = DIRECTION('',(1.,0.,-0.));
#7005 = ORIENTED_EDGE('',*,*,#6916,.T.);
#7006 = ORIENTED_EDGE('',*,*,#7007,.T.);
#7007 = EDGE_CURVE('',#6917,#6957,#7008,.T.);
#7008 = LINE('',#7009,#7010);
#7009 = CARTESIAN_POINT('',(0.,3.5,8.));
#7010 = VECTOR('',#7011,1.);
#7011 = DIRECTION('',(1.,0.,-0.));
#7012 = ORIENTED_EDGE('',*,*,#6956,.F.);
#7013 = PLANE('',#7014);
#7014 = AXIS2_PLACEMENT_3D('',#7015,#7016,#7017);
#7015 = CARTESIAN_POINT('',(0.,3.5,0.));
#7016 = DIRECTION('',(-0.,1.,0.));
#7017 = DIRECTION('',(0.,0.,1.));
#7018 = ADVANCED_FACE('',(#7019),#7025,.F.);
#7019 = FACE_BOUND('',#7020,.F.);
#7020 = EDGE_LOOP('',(#7021,#7022,#7023,#7024));
#7021 = ORIENTED_EDGE('',*,*,#6908,.F.);
#7022 = ORIENTED_EDGE('',*,*,#6978,.T.);
#7023 = ORIENTED_EDGE('',*,*,#6948,.T.);
#7024 = ORIENTED_EDGE('',*,*,#7000,.F.);
#7025 = PLANE('',#7026);
#7026 = AXIS2_PLACEMENT_3D('',#7027,#7028,#7029);
#7027 = CARTESIAN_POINT('',(0.,0.,0.));
#7028 = DIRECTION('',(0.,0.,1.));
#7029 = DIRECTION('',(1.,0.,-0.));
#7030 = ADVANCED_FACE('',(#7031),#7037,.T.);
#7031 = FACE_BOUND('',#7032,.T.);
#7032 = EDGE_LOOP('',(#7033,#7034,#7035,#7036));
#7033 = ORIENTED_EDGE('',*,*,#6924,.F.);
#7034 = ORIENTED_EDGE('',*,*,#6985,.T.);
#7035 = ORIENTED_EDGE('',*,*,#6964,.T.);
#7036 = ORIENTED_EDGE('',*,*,#7007,.F.);
#7037 = PLANE('',#7038);
#7038 = AXIS2_PLACEMENT_3D('',#7039,#7040,#7041);
#7039 = CARTESIAN_POINT('',(0.,0.,8.));
#7040 = DIRECTION('',(0.,0.,1.));
#7041 = DIRECTION('',(1.,0.,-0.));
#7042 = ( GEOMETRIC_REPRESENTATION_CONTEXT(3) 
GLOBAL_UNCERTAINTY_ASSIGNED_CONTEXT((#7046)) 
GLOBAL_UNIT_ASSIGNED_CONTEXT((#7043,#7044,#7045)) REPRESENTATION_CONTEXT
('Context #1','3D Context with UNIT and UNCERTAINTY') );
#7043 = ( LENGTH_UNIT() NAMED_UNIT(*) SI_UNIT(.MILLI.,.METRE.) );
#7044 = ( NAMED_UNIT(*) PLANE_ANGLE_UNIT() SI_UNIT($,.RADIAN.) );
#7045 = ( NAMED_UNIT(*) SI_UNIT($,.STERADIAN.) SOLID_ANGLE_UNIT() );
#7046 = UNCERTAINTY_MEASURE_WITH_UNIT(LENGTH_MEASURE(1.E-07),#7043,
  'distance_accuracy_value','confusion accuracy');
#7047 = CONTEXT_DEPENDENT_SHAPE_REPRESENTATION(#7048,#7050);
#7048 = ( REPRESENTATION_RELATIONSHIP('','',#6891,#10) 
REPRESENTATION_RELATIONSHIP_WITH_TRANSFORMATION(#7049) 
SHAPE_REPRESENTATION_RELATIONSHIP() );
#7049 = ITEM_DEFINED_TRANSFORMATION('','',#11,#55);
#7050 = PRODUCT_DEFINITION_SHAPE('Placement','Placement of an item',
  #7051);
#7051 = NEXT_ASSEMBLY_USAGE_OCCURRENCE('63','Select_Button','',#5,#6886,
  $);
#7052 = PRODUCT_RELATED_PRODUCT_CATEGORY('part',$,(#6888));
#7053 = SHAPE_DEFINITION_REPRESENTATION(#7054,#7060);
#7054 = PRODUCT_DEFINITION_SHAPE('','',#7055);
#7055 = PRODUCT_DEFINITION('design','',#7056,#7059);
#7056 = PRODUCT_DEFINITION_FORMATION('','',#7057);
#7057 = PRODUCT('Power_Button','Power_Button','',(#7058));
#7058 = PRODUCT_CONTEXT('',#2,'mechanical');
#7059 = PRODUCT_DEFINITION_CONTEXT('part definition',#2,'design');
#7060 = ADVANCED_BREP_SHAPE_REPRESENTATION('',(#11,#7061),#7211);
#7061 = MANIFOLD_SOLID_BREP('',#7062);
#7062 = CLOSED_SHELL('',(#7063,#7103,#7143,#7165,#7187,#7199));
#7063 = ADVANCED_FACE('',(#7064),#7098,.F.);
#7064 = FACE_BOUND('',#7065,.F.);
#7065 = EDGE_LOOP('',(#7066,#7076,#7084,#7092));
#7066 = ORIENTED_EDGE('',*,*,#7067,.F.);
#7067 = EDGE_CURVE('',#7068,#7070,#7072,.T.);
#7068 = VERTEX_POINT('',#7069);
#7069 = CARTESIAN_POINT('',(0.,0.,0.));
#7070 = VERTEX_POINT('',#7071);
#7071 = CARTESIAN_POINT('',(0.,0.,8.));
#7072 = LINE('',#7073,#7074);
#7073 = CARTESIAN_POINT('',(0.,0.,0.));
#7074 = VECTOR('',#7075,1.);
#7075 = DIRECTION('',(0.,0.,1.));
#7076 = ORIENTED_EDGE('',*,*,#7077,.T.);
#7077 = EDGE_CURVE('',#7068,#7078,#7080,.T.);
#7078 = VERTEX_POINT('',#7079);
#7079 = CARTESIAN_POINT('',(0.,3.5,0.));
#7080 = LINE('',#7081,#7082);
#7081 = CARTESIAN_POINT('',(0.,0.,0.));
#7082 = VECTOR('',#7083,1.);
#7083 = DIRECTION('',(-0.,1.,0.));
#7084 = ORIENTED_EDGE('',*,*,#7085,.T.);
#7085 = EDGE_CURVE('',#7078,#7086,#7088,.T.);
#7086 = VERTEX_POINT('',#7087);
#7087 = CARTESIAN_POINT('',(0.,3.5,8.));
#7088 = LINE('',#7089,#7090);
#7089 = CARTESIAN_POINT('',(0.,3.5,0.));
#7090 = VECTOR('',#7091,1.);
#7091 = DIRECTION('',(0.,0.,1.));
#7092 = ORIENTED_EDGE('',*,*,#7093,.F.);
#7093 = EDGE_CURVE('',#7070,#7086,#7094,.T.);
#7094 = LINE('',#7095,#7096);
#7095 = CARTESIAN_POINT('',(0.,0.,8.));
#7096 = VECTOR('',#7097,1.);
#7097 = DIRECTION('',(-0.,1.,0.));
#7098 = PLANE('',#7099);
#7099 = AXIS2_PLACEMENT_3D('',#7100,#7101,#7102);
#7100 = CARTESIAN_POINT('',(0.,0.,0.));
#7101 = DIRECTION('',(1.,0.,-0.));
#7102 = DIRECTION('',(0.,0.,1.));
#7103 = ADVANCED_FACE('',(#7104),#7138,.T.);
#7104 = FACE_BOUND('',#7105,.T.);
#7105 = EDGE_LOOP('',(#7106,#7116,#7124,#7132));
#7106 = ORIENTED_EDGE('',*,*,#7107,.F.);
#7107 = EDGE_CURVE('',#7108,#7110,#7112,.T.);
#7108 = VERTEX_POINT('',#7109);
#7109 = CARTESIAN_POINT('',(14.,0.,0.));
#7110 = VERTEX_POINT('',#7111);
#7111 = CARTESIAN_POINT('',(14.,0.,8.));
#7112 = LINE('',#7113,#7114);
#7113 = CARTESIAN_POINT('',(14.,0.,0.));
#7114 = VECTOR('',#7115,1.);
#7115 = DIRECTION('',(0.,0.,1.));
#7116 = ORIENTED_EDGE('',*,*,#7117,.T.);
#7117 = EDGE_CURVE('',#7108,#7118,#7120,.T.);
#7118 = VERTEX_POINT('',#7119);
#7119 = CARTESIAN_POINT('',(14.,3.5,0.));
#7120 = LINE('',#7121,#7122);
#7121 = CARTESIAN_POINT('',(14.,0.,0.));
#7122 = VECTOR('',#7123,1.);
#7123 = DIRECTION('',(-0.,1.,0.));
#7124 = ORIENTED_EDGE('',*,*,#7125,.T.);
#7125 = EDGE_CURVE('',#7118,#7126,#7128,.T.);
#7126 = VERTEX_POINT('',#7127);
#7127 = CARTESIAN_POINT('',(14.,3.5,8.));
#7128 = LINE('',#7129,#7130);
#7129 = CARTESIAN_POINT('',(14.,3.5,0.));
#7130 = VECTOR('',#7131,1.);
#7131 = DIRECTION('',(0.,0.,1.));
#7132 = ORIENTED_EDGE('',*,*,#7133,.F.);
#7133 = EDGE_CURVE('',#7110,#7126,#7134,.T.);
#7134 = LINE('',#7135,#7136);
#7135 = CARTESIAN_POINT('',(14.,0.,8.));
#7136 = VECTOR('',#7137,1.);
#7137 = DIRECTION('',(-0.,1.,0.));
#7138 = PLANE('',#7139);
#7139 = AXIS2_PLACEMENT_3D('',#7140,#7141,#7142);
#7140 = CARTESIAN_POINT('',(14.,0.,0.));
#7141 = DIRECTION('',(1.,0.,-0.));
#7142 = DIRECTION('',(0.,0.,1.));
#7143 = ADVANCED_FACE('',(#7144),#7160,.F.);
#7144 = FACE_BOUND('',#7145,.F.);
#7145 = EDGE_LOOP('',(#7146,#7152,#7153,#7159));
#7146 = ORIENTED_EDGE('',*,*,#7147,.F.);
#7147 = EDGE_CURVE('',#7068,#7108,#7148,.T.);
#7148 = LINE('',#7149,#7150);
#7149 = CARTESIAN_POINT('',(0.,0.,0.));
#7150 = VECTOR('',#7151,1.);
#7151 = DIRECTION('',(1.,0.,-0.));
#7152 = ORIENTED_EDGE('',*,*,#7067,.T.);
#7153 = ORIENTED_EDGE('',*,*,#7154,.T.);
#7154 = EDGE_CURVE('',#7070,#7110,#7155,.T.);
#7155 = LINE('',#7156,#7157);
#7156 = CARTESIAN_POINT('',(0.,0.,8.));
#7157 = VECTOR('',#7158,1.);
#7158 = DIRECTION('',(1.,0.,-0.));
#7159 = ORIENTED_EDGE('',*,*,#7107,.F.);
#7160 = PLANE('',#7161);
#7161 = AXIS2_PLACEMENT_3D('',#7162,#7163,#7164);
#7162 = CARTESIAN_POINT('',(0.,0.,0.));
#7163 = DIRECTION('',(-0.,1.,0.));
#7164 = DIRECTION('',(0.,0.,1.));
#7165 = ADVANCED_FACE('',(#7166),#7182,.T.);
#7166 = FACE_BOUND('',#7167,.T.);
#7167 = EDGE_LOOP('',(#7168,#7174,#7175,#7181));
#7168 = ORIENTED_EDGE('',*,*,#7169,.F.);
#7169 = EDGE_CURVE('',#7078,#7118,#7170,.T.);
#7170 = LINE('',#7171,#7172);
#7171 = CARTESIAN_POINT('',(0.,3.5,0.));
#7172 = VECTOR('',#7173,1.);
#7173 = DIRECTION('',(1.,0.,-0.));
#7174 = ORIENTED_EDGE('',*,*,#7085,.T.);
#7175 = ORIENTED_EDGE('',*,*,#7176,.T.);
#7176 = EDGE_CURVE('',#7086,#7126,#7177,.T.);
#7177 = LINE('',#7178,#7179);
#7178 = CARTESIAN_POINT('',(0.,3.5,8.));
#7179 = VECTOR('',#7180,1.);
#7180 = DIRECTION('',(1.,0.,-0.));
#7181 = ORIENTED_EDGE('',*,*,#7125,.F.);
#7182 = PLANE('',#7183);
#7183 = AXIS2_PLACEMENT_3D('',#7184,#7185,#7186);
#7184 = CARTESIAN_POINT('',(0.,3.5,0.));
#7185 = DIRECTION('',(-0.,1.,0.));
#7186 = DIRECTION('',(0.,0.,1.));
#7187 = ADVANCED_FACE('',(#7188),#7194,.F.);
#7188 = FACE_BOUND('',#7189,.F.);
#7189 = EDGE_LOOP('',(#7190,#7191,#7192,#7193));
#7190 = ORIENTED_EDGE('',*,*,#7077,.F.);
#7191 = ORIENTED_EDGE('',*,*,#7147,.T.);
#7192 = ORIENTED_EDGE('',*,*,#7117,.T.);
#7193 = ORIENTED_EDGE('',*,*,#7169,.F.);
#7194 = PLANE('',#7195);
#7195 = AXIS2_PLACEMENT_3D('',#7196,#7197,#7198);
#7196 = CARTESIAN_POINT('',(0.,0.,0.));
#7197 = DIRECTION('',(0.,0.,1.));
#7198 = DIRECTION('',(1.,0.,-0.));
#7199 = ADVANCED_FACE('',(#7200),#7206,.T.);
#7200 = FACE_BOUND('',#7201,.T.);
#7201 = EDGE_LOOP('',(#7202,#7203,#7204,#7205));
#7202 = ORIENTED_EDGE('',*,*,#7093,.F.);
#7203 = ORIENTED_EDGE('',*,*,#7154,.T.);
#7204 = ORIENTED_EDGE('',*,*,#7133,.T.);
#7205 = ORIENTED_EDGE('',*,*,#7176,.F.);
#7206 = PLANE('',#7207);
#7207 = AXIS2_PLACEMENT_3D('',#7208,#7209,#7210);
#7208 = CARTESIAN_POINT('',(0.,0.,8.));
#7209 = DIRECTION('',(0.,0.,1.));
#7210 = DIRECTION('',(1.,0.,-0.));
#7211 = ( GEOMETRIC_REPRESENTATION_CONTEXT(3) 
GLOBAL_UNCERTAINTY_ASSIGNED_CONTEXT((#7215)) 
GLOBAL_UNIT_ASSIGNED_CONTEXT((#7212,#7213,#7214)) REPRESENTATION_CONTEXT
('Context #1','3D Context with UNIT and UNCERTAINTY') );
#7212 = ( LENGTH_UNIT() NAMED_UNIT(*) SI_UNIT(.MILLI.,.METRE.) );
#7213 = ( NAMED_UNIT(*) PLANE_ANGLE_UNIT() SI_UNIT($,.RADIAN.) );
#7214 = ( NAMED_UNIT(*) SI_UNIT($,.STERADIAN.) SOLID_ANGLE_UNIT() );
#7215 = UNCERTAINTY_MEASURE_WITH_UNIT(LENGTH_MEASURE(1.E-07),#7212,
  'distance_accuracy_value','confusion accuracy');
#7216 = CONTEXT_DEPENDENT_SHAPE_REPRESENTATION(#7217,#7219);
#7217 = ( REPRESENTATION_RELATIONSHIP('','',#7060,#10) 
REPRESENTATION_RELATIONSHIP_WITH_TRANSFORMATION(#7218) 
SHAPE_REPRESENTATION_RELATIONSHIP() );
#7218 = ITEM_DEFINED_TRANSFORMATION('','',#11,#59);
#7219 = PRODUCT_DEFINITION_SHAPE('Placement','Placement of an item',
  #7220);
#7220 = NEXT_ASSEMBLY_USAGE_OCCURRENCE('64','Power_Button','',#5,#7055,$
  );
#7221 = PRODUCT_RELATED_PRODUCT_CATEGORY('part',$,(#7057));
#7222 = SHAPE_DEFINITION_REPRESENTATION(#7223,#7229);
#7223 = PRODUCT_DEFINITION_SHAPE('','',#7224);
#7224 = PRODUCT_DEFINITION('design','',#7225,#7228);
#7225 = PRODUCT_DEFINITION_FORMATION('','',#7226);
#7226 = PRODUCT('Left_Grip','Left_Grip','',(#7227));
#7227 = PRODUCT_CONTEXT('',#2,'mechanical');
#7228 = PRODUCT_DEFINITION_CONTEXT('part definition',#2,'design');
#7229 = ADVANCED_BREP_SHAPE_REPRESENTATION('',(#11,#7230),#9284);
#7230 = MANIFOLD_SOLID_BREP('',#7231);
#7231 = CLOSED_SHELL('',(#7232,#7748,#7779,#7803,#7827,#7844,#7875,#7899
    ,#7923,#7940,#7971,#7995,#8019,#8036,#8067,#8091,#8115,#8132,#8163,
    #8187,#8211,#8228,#8259,#8283,#8307,#8324,#8355,#8379,#8403,#8420,
    #8451,#8475,#8499,#8516,#8547,#8571,#8595,#8612,#8643,#8667,#8691,
    #8708,#8739,#8763,#8787,#8804,#8835,#8859,#8883,#8900,#8931,#8955,
    #8979,#8996,#9027,#9051,#9075,#9092,#9123,#9147,#9171,#9188));
#7232 = ADVANCED_FACE('',(#7233,#7267,#7301,#7335,#7369,#7403,#7437,
    #7471,#7505,#7539,#7573,#7607,#7641,#7675,#7709),#7743,.F.);
#7233 = FACE_BOUND('',#7234,.F.);
#7234 = EDGE_LOOP('',(#7235,#7245,#7253,#7261));
#7235 = ORIENTED_EDGE('',*,*,#7236,.F.);
#7236 = EDGE_CURVE('',#7237,#7239,#7241,.T.);
#7237 = VERTEX_POINT('',#7238);
#7238 = CARTESIAN_POINT('',(-40.5,-18.5,20.));
#7239 = VERTEX_POINT('',#7240);
#7240 = CARTESIAN_POINT('',(-40.5,-18.5,150.));
#7241 = LINE('',#7242,#7243);
#7242 = CARTESIAN_POINT('',(-40.5,-18.5,20.));
#7243 = VECTOR('',#7244,1.);
#7244 = DIRECTION('',(0.,0.,1.));
#7245 = ORIENTED_EDGE('',*,*,#7246,.T.);
#7246 = EDGE_CURVE('',#7237,#7247,#7249,.T.);
#7247 = VERTEX_POINT('',#7248);
#7248 = CARTESIAN_POINT('',(-40.5,18.5,20.));
#7249 = LINE('',#7250,#7251);
#7250 = CARTESIAN_POINT('',(-40.5,-18.5,20.));
#7251 = VECTOR('',#7252,1.);
#7252 = DIRECTION('',(0.,1.,0.));
#7253 = ORIENTED_EDGE('',*,*,#7254,.T.);
#7254 = EDGE_CURVE('',#7247,#7255,#7257,.T.);
#7255 = VERTEX_POINT('',#7256);
#7256 = CARTESIAN_POINT('',(-40.5,18.5,150.));
#7257 = LINE('',#7258,#7259);
#7258 = CARTESIAN_POINT('',(-40.5,18.5,20.));
#7259 = VECTOR('',#7260,1.);
#7260 = DIRECTION('',(0.,0.,1.));
#7261 = ORIENTED_EDGE('',*,*,#7262,.F.);
#7262 = EDGE_CURVE('',#7239,#7255,#7263,.T.);
#7263 = LINE('',#7264,#7265);
#7264 = CARTESIAN_POINT('',(-40.5,-18.5,150.));
#7265 = VECTOR('',#7266,1.);
#7266 = DIRECTION('',(0.,1.,0.));
#7267 = FACE_BOUND('',#7268,.F.);
#7268 = EDGE_LOOP('',(#7269,#7279,#7287,#7295));
#7269 = ORIENTED_EDGE('',*,*,#7270,.T.);
#7270 = EDGE_CURVE('',#7271,#7273,#7275,.T.);
#7271 = VERTEX_POINT('',#7272);
#7272 = CARTESIAN_POINT('',(-40.5,1.25,25.));
#7273 = VERTEX_POINT('',#7274);
#7274 = CARTESIAN_POINT('',(-40.5,-1.25,25.));
#7275 = LINE('',#7276,#7277);
#7276 = CARTESIAN_POINT('',(-40.5,-9.875,25.));
#7277 = VECTOR('',#7278,1.);
#7278 = DIRECTION('',(0.,-1.,0.));
#7279 = ORIENTED_EDGE('',*,*,#7280,.T.);
#7280 = EDGE_CURVE('',#7273,#7281,#7283,.T.);
#7281 = VERTEX_POINT('',#7282);
#7282 = CARTESIAN_POINT('',(-40.5,-1.25,27.));
#7283 = LINE('',#7284,#7285);
#7284 = CARTESIAN_POINT('',(-40.5,-1.25,22.5));
#7285 = VECTOR('',#7286,1.);
#7286 = DIRECTION('',(0.,0.,1.));
#7287 = ORIENTED_EDGE('',*,*,#7288,.F.);
#7288 = EDGE_CURVE('',#7289,#7281,#7291,.T.);
#7289 = VERTEX_POINT('',#7290);
#7290 = CARTESIAN_POINT('',(-40.5,1.25,27.));
#7291 = LINE('',#7292,#7293);
#7292 = CARTESIAN_POINT('',(-40.5,-9.875,27.));
#7293 = VECTOR('',#7294,1.);
#7294 = DIRECTION('',(0.,-1.,0.));
#7295 = ORIENTED_EDGE('',*,*,#7296,.F.);
#7296 = EDGE_CURVE('',#7271,#7289,#7297,.T.);
#7297 = LINE('',#7298,#7299);
#7298 = CARTESIAN_POINT('',(-40.5,1.25,22.5));
#7299 = VECTOR('',#7300,1.);
#7300 = DIRECTION('',(0.,0.,1.));
#7301 = FACE_BOUND('',#7302,.F.);
#7302 = EDGE_LOOP('',(#7303,#7313,#7321,#7329));
#7303 = ORIENTED_EDGE('',*,*,#7304,.T.);
#7304 = EDGE_CURVE('',#7305,#7307,#7309,.T.);
#7305 = VERTEX_POINT('',#7306);
#7306 = CARTESIAN_POINT('',(-40.5,1.25,32.2));
#7307 = VERTEX_POINT('',#7308);
#7308 = CARTESIAN_POINT('',(-40.5,-1.25,32.2));
#7309 = LINE('',#7310,#7311);
#7310 = CARTESIAN_POINT('',(-40.5,-9.875,32.2));
#7311 = VECTOR('',#7312,1.);
#7312 = DIRECTION('',(0.,-1.,0.));
#7313 = ORIENTED_EDGE('',*,*,#7314,.T.);
#7314 = EDGE_CURVE('',#7307,#7315,#7317,.T.);
#7315 = VERTEX_POINT('',#7316);
#7316 = CARTESIAN_POINT('',(-40.5,-1.25,34.2));
#7317 = LINE('',#7318,#7319);
#7318 = CARTESIAN_POINT('',(-40.5,-1.25,26.1));
#7319 = VECTOR('',#7320,1.);
#7320 = DIRECTION('',(0.,0.,1.));
#7321 = ORIENTED_EDGE('',*,*,#7322,.F.);
#7322 = EDGE_CURVE('',#7323,#7315,#7325,.T.);
#7323 = VERTEX_POINT('',#7324);
#7324 = CARTESIAN_POINT('',(-40.5,1.25,34.2));
#7325 = LINE('',#7326,#7327);
#7326 = CARTESIAN_POINT('',(-40.5,-9.875,34.2));
#7327 = VECTOR('',#7328,1.);
#7328 = DIRECTION('',(0.,-1.,0.));
#7329 = ORIENTED_EDGE('',*,*,#7330,.F.);
#7330 = EDGE_CURVE('',#7305,#7323,#7331,.T.);
#7331 = LINE('',#7332,#7333);
#7332 = CARTESIAN_POINT('',(-40.5,1.25,26.1));
#7333 = VECTOR('',#7334,1.);
#7334 = DIRECTION('',(0.,0.,1.));
#7335 = FACE_BOUND('',#7336,.F.);
#7336 = EDGE_LOOP('',(#7337,#7347,#7355,#7363));
#7337 = ORIENTED_EDGE('',*,*,#7338,.T.);
#7338 = EDGE_CURVE('',#7339,#7341,#7343,.T.);
#7339 = VERTEX_POINT('',#7340);
#7340 = CARTESIAN_POINT('',(-40.5,1.25,39.4));
#7341 = VERTEX_POINT('',#7342);
#7342 = CARTESIAN_POINT('',(-40.5,-1.25,39.4));
#7343 = LINE('',#7344,#7345);
#7344 = CARTESIAN_POINT('',(-40.5,-9.875,39.4));
#7345 = VECTOR('',#7346,1.);
#7346 = DIRECTION('',(0.,-1.,0.));
#7347 = ORIENTED_EDGE('',*,*,#7348,.T.);
#7348 = EDGE_CURVE('',#7341,#7349,#7351,.T.);
#7349 = VERTEX_POINT('',#7350);
#7350 = CARTESIAN_POINT('',(-40.5,-1.25,41.4));
#7351 = LINE('',#7352,#7353);
#7352 = CARTESIAN_POINT('',(-40.5,-1.25,29.7));
#7353 = VECTOR('',#7354,1.);
#7354 = DIRECTION('',(0.,0.,1.));
#7355 = ORIENTED_EDGE('',*,*,#7356,.F.);
#7356 = EDGE_CURVE('',#7357,#7349,#7359,.T.);
#7357 = VERTEX_POINT('',#7358);
#7358 = CARTESIAN_POINT('',(-40.5,1.25,41.4));
#7359 = LINE('',#7360,#7361);
#7360 = CARTESIAN_POINT('',(-40.5,-9.875,41.4));
#7361 = VECTOR('',#7362,1.);
#7362 = DIRECTION('',(0.,-1.,0.));
#7363 = ORIENTED_EDGE('',*,*,#7364,.F.);
#7364 = EDGE_CURVE('',#7339,#7357,#7365,.T.);
#7365 = LINE('',#7366,#7367);
#7366 = CARTESIAN_POINT('',(-40.5,1.25,29.7));
#7367 = VECTOR('',#7368,1.);
#7368 = DIRECTION('',(0.,0.,1.));
#7369 = FACE_BOUND('',#7370,.F.);
#7370 = EDGE_LOOP('',(#7371,#7381,#7389,#7397));
#7371 = ORIENTED_EDGE('',*,*,#7372,.T.);
#7372 = EDGE_CURVE('',#7373,#7375,#7377,.T.);
#7373 = VERTEX_POINT('',#7374);
#7374 = CARTESIAN_POINT('',(-40.5,1.25,46.6));
#7375 = VERTEX_POINT('',#7376);
#7376 = CARTESIAN_POINT('',(-40.5,-1.25,46.6));
#7377 = LINE('',#7378,#7379);
#7378 = CARTESIAN_POINT('',(-40.5,-9.875,46.6));
#7379 = VECTOR('',#7380,1.);
#7380 = DIRECTION('',(0.,-1.,0.));
#7381 = ORIENTED_EDGE('',*,*,#7382,.T.);
#7382 = EDGE_CURVE('',#7375,#7383,#7385,.T.);
#7383 = VERTEX_POINT('',#7384);
#7384 = CARTESIAN_POINT('',(-40.5,-1.25,48.6));
#7385 = LINE('',#7386,#7387);
#7386 = CARTESIAN_POINT('',(-40.5,-1.25,33.3));
#7387 = VECTOR('',#7388,1.);
#7388 = DIRECTION('',(0.,0.,1.));
#7389 = ORIENTED_EDGE('',*,*,#7390,.F.);
#7390 = EDGE_CURVE('',#7391,#7383,#7393,.T.);
#7391 = VERTEX_POINT('',#7392);
#7392 = CARTESIAN_POINT('',(-40.5,1.25,48.6));
#7393 = LINE('',#7394,#7395);
#7394 = CARTESIAN_POINT('',(-40.5,-9.875,48.6));
#7395 = VECTOR('',#7396,1.);
#7396 = DIRECTION('',(0.,-1.,0.));
#7397 = ORIENTED_EDGE('',*,*,#7398,.F.);
#7398 = EDGE_CURVE('',#7373,#7391,#7399,.T.);
#7399 = LINE('',#7400,#7401);
#7400 = CARTESIAN_POINT('',(-40.5,1.25,33.3));
#7401 = VECTOR('',#7402,1.);
#7402 = DIRECTION('',(0.,0.,1.));
#7403 = FACE_BOUND('',#7404,.F.);
#7404 = EDGE_LOOP('',(#7405,#7415,#7423,#7431));
#7405 = ORIENTED_EDGE('',*,*,#7406,.T.);
#7406 = EDGE_CURVE('',#7407,#7409,#7411,.T.);
#7407 = VERTEX_POINT('',#7408);
#7408 = CARTESIAN_POINT('',(-40.5,1.25,53.8));
#7409 = VERTEX_POINT('',#7410);
#7410 = CARTESIAN_POINT('',(-40.5,-1.25,53.8));
#7411 = LINE('',#7412,#7413);
#7412 = CARTESIAN_POINT('',(-40.5,-9.875,53.8));
#7413 = VECTOR('',#7414,1.);
#7414 = DIRECTION('',(0.,-1.,0.));
#7415 = ORIENTED_EDGE('',*,*,#7416,.T.);
#7416 = EDGE_CURVE('',#7409,#7417,#7419,.T.);
#7417 = VERTEX_POINT('',#7418);
#7418 = CARTESIAN_POINT('',(-40.5,-1.25,55.8));
#7419 = LINE('',#7420,#7421);
#7420 = CARTESIAN_POINT('',(-40.5,-1.25,36.9));
#7421 = VECTOR('',#7422,1.);
#7422 = DIRECTION('',(0.,0.,1.));
#7423 = ORIENTED_EDGE('',*,*,#7424,.F.);
#7424 = EDGE_CURVE('',#7425,#7417,#7427,.T.);
#7425 = VERTEX_POINT('',#7426);
#7426 = CARTESIAN_POINT('',(-40.5,1.25,55.8));
#7427 = LINE('',#7428,#7429);
#7428 = CARTESIAN_POINT('',(-40.5,-9.875,55.8));
#7429 = VECTOR('',#7430,1.);
#7430 = DIRECTION('',(0.,-1.,0.));
#7431 = ORIENTED_EDGE('',*,*,#7432,.F.);
#7432 = EDGE_CURVE('',#7407,#7425,#7433,.T.);
#7433 = LINE('',#7434,#7435);
#7434 = CARTESIAN_POINT('',(-40.5,1.25,36.9));
#7435 = VECTOR('',#7436,1.);
#7436 = DIRECTION('',(0.,0.,1.));
#7437 = FACE_BOUND('',#7438,.F.);
#7438 = EDGE_LOOP('',(#7439,#7449,#7457,#7465));
#7439 = ORIENTED_EDGE('',*,*,#7440,.T.);
#7440 = EDGE_CURVE('',#7441,#7443,#7445,.T.);
#7441 = VERTEX_POINT('',#7442);
#7442 = CARTESIAN_POINT('',(-40.5,1.25,61.));
#7443 = VERTEX_POINT('',#7444);
#7444 = CARTESIAN_POINT('',(-40.5,-1.25,61.));
#7445 = LINE('',#7446,#7447);
#7446 = CARTESIAN_POINT('',(-40.5,-9.875,61.));
#7447 = VECTOR('',#7448,1.);
#7448 = DIRECTION('',(0.,-1.,0.));
#7449 = ORIENTED_EDGE('',*,*,#7450,.T.);
#7450 = EDGE_CURVE('',#7443,#7451,#7453,.T.);
#7451 = VERTEX_POINT('',#7452);
#7452 = CARTESIAN_POINT('',(-40.5,-1.25,63.));
#7453 = LINE('',#7454,#7455);
#7454 = CARTESIAN_POINT('',(-40.5,-1.25,40.5));
#7455 = VECTOR('',#7456,1.);
#7456 = DIRECTION('',(0.,0.,1.));
#7457 = ORIENTED_EDGE('',*,*,#7458,.F.);
#7458 = EDGE_CURVE('',#7459,#7451,#7461,.T.);
#7459 = VERTEX_POINT('',#7460);
#7460 = CARTESIAN_POINT('',(-40.5,1.25,63.));
#7461 = LINE('',#7462,#7463);
#7462 = CARTESIAN_POINT('',(-40.5,-9.875,63.));
#7463 = VECTOR('',#7464,1.);
#7464 = DIRECTION('',(0.,-1.,0.));
#7465 = ORIENTED_EDGE('',*,*,#7466,.F.);
#7466 = EDGE_CURVE('',#7441,#7459,#7467,.T.);
#7467 = LINE('',#7468,#7469);
#7468 = CARTESIAN_POINT('',(-40.5,1.25,40.5));
#7469 = VECTOR('',#7470,1.);
#7470 = DIRECTION('',(0.,0.,1.));
#7471 = FACE_BOUND('',#7472,.F.);
#7472 = EDGE_LOOP('',(#7473,#7483,#7491,#7499));
#7473 = ORIENTED_EDGE('',*,*,#7474,.T.);
#7474 = EDGE_CURVE('',#7475,#7477,#7479,.T.);
#7475 = VERTEX_POINT('',#7476);
#7476 = CARTESIAN_POINT('',(-40.5,1.25,68.2));
#7477 = VERTEX_POINT('',#7478);
#7478 = CARTESIAN_POINT('',(-40.5,-1.25,68.2));
#7479 = LINE('',#7480,#7481);
#7480 = CARTESIAN_POINT('',(-40.5,-9.875,68.2));
#7481 = VECTOR('',#7482,1.);
#7482 = DIRECTION('',(0.,-1.,0.));
#7483 = ORIENTED_EDGE('',*,*,#7484,.T.);
#7484 = EDGE_CURVE('',#7477,#7485,#7487,.T.);
#7485 = VERTEX_POINT('',#7486);
#7486 = CARTESIAN_POINT('',(-40.5,-1.25,70.2));
#7487 = LINE('',#7488,#7489);
#7488 = CARTESIAN_POINT('',(-40.5,-1.25,44.1));
#7489 = VECTOR('',#7490,1.);
#7490 = DIRECTION('',(0.,0.,1.));
#7491 = ORIENTED_EDGE('',*,*,#7492,.F.);
#7492 = EDGE_CURVE('',#7493,#7485,#7495,.T.);
#7493 = VERTEX_POINT('',#7494);
#7494 = CARTESIAN_POINT('',(-40.5,1.25,70.2));
#7495 = LINE('',#7496,#7497);
#7496 = CARTESIAN_POINT('',(-40.5,-9.875,70.2));
#7497 = VECTOR('',#7498,1.);
#7498 = DIRECTION('',(0.,-1.,0.));
#7499 = ORIENTED_EDGE('',*,*,#7500,.F.);
#7500 = EDGE_CURVE('',#7475,#7493,#7501,.T.);
#7501 = LINE('',#7502,#7503);
#7502 = CARTESIAN_POINT('',(-40.5,1.25,44.1));
#7503 = VECTOR('',#7504,1.);
#7504 = DIRECTION('',(0.,0.,1.));
#7505 = FACE_BOUND('',#7506,.F.);
#7506 = EDGE_LOOP('',(#7507,#7517,#7525,#7533));
#7507 = ORIENTED_EDGE('',*,*,#7508,.T.);
#7508 = EDGE_CURVE('',#7509,#7511,#7513,.T.);
#7509 = VERTEX_POINT('',#7510);
#7510 = CARTESIAN_POINT('',(-40.5,1.25,75.4));
#7511 = VERTEX_POINT('',#7512);
#7512 = CARTESIAN_POINT('',(-40.5,-1.25,75.4));
#7513 = LINE('',#7514,#7515);
#7514 = CARTESIAN_POINT('',(-40.5,-9.875,75.4));
#7515 = VECTOR('',#7516,1.);
#7516 = DIRECTION('',(0.,-1.,0.));
#7517 = ORIENTED_EDGE('',*,*,#7518,.T.);
#7518 = EDGE_CURVE('',#7511,#7519,#7521,.T.);
#7519 = VERTEX_POINT('',#7520);
#7520 = CARTESIAN_POINT('',(-40.5,-1.25,77.4));
#7521 = LINE('',#7522,#7523);
#7522 = CARTESIAN_POINT('',(-40.5,-1.25,47.7));
#7523 = VECTOR('',#7524,1.);
#7524 = DIRECTION('',(0.,0.,1.));
#7525 = ORIENTED_EDGE('',*,*,#7526,.F.);
#7526 = EDGE_CURVE('',#7527,#7519,#7529,.T.);
#7527 = VERTEX_POINT('',#7528);
#7528 = CARTESIAN_POINT('',(-40.5,1.25,77.4));
#7529 = LINE('',#7530,#7531);
#7530 = CARTESIAN_POINT('',(-40.5,-9.875,77.4));
#7531 = VECTOR('',#7532,1.);
#7532 = DIRECTION('',(0.,-1.,0.));
#7533 = ORIENTED_EDGE('',*,*,#7534,.F.);
#7534 = EDGE_CURVE('',#7509,#7527,#7535,.T.);
#7535 = LINE('',#7536,#7537);
#7536 = CARTESIAN_POINT('',(-40.5,1.25,47.7));
#7537 = VECTOR('',#7538,1.);
#7538 = DIRECTION('',(0.,0.,1.));
#7539 = FACE_BOUND('',#7540,.F.);
#7540 = EDGE_LOOP('',(#7541,#7551,#7559,#7567));
#7541 = ORIENTED_EDGE('',*,*,#7542,.T.);
#7542 = EDGE_CURVE('',#7543,#7545,#7547,.T.);
#7543 = VERTEX_POINT('',#7544);
#7544 = CARTESIAN_POINT('',(-40.5,1.25,82.6));
#7545 = VERTEX_POINT('',#7546);
#7546 = CARTESIAN_POINT('',(-40.5,-1.25,82.6));
#7547 = LINE('',#7548,#7549);
#7548 = CARTESIAN_POINT('',(-40.5,-9.875,82.6));
#7549 = VECTOR('',#7550,1.);
#7550 = DIRECTION('',(0.,-1.,0.));
#7551 = ORIENTED_EDGE('',*,*,#7552,.T.);
#7552 = EDGE_CURVE('',#7545,#7553,#7555,.T.);
#7553 = VERTEX_POINT('',#7554);
#7554 = CARTESIAN_POINT('',(-40.5,-1.25,84.6));
#7555 = LINE('',#7556,#7557);
#7556 = CARTESIAN_POINT('',(-40.5,-1.25,51.3));
#7557 = VECTOR('',#7558,1.);
#7558 = DIRECTION('',(0.,0.,1.));
#7559 = ORIENTED_EDGE('',*,*,#7560,.F.);
#7560 = EDGE_CURVE('',#7561,#7553,#7563,.T.);
#7561 = VERTEX_POINT('',#7562);
#7562 = CARTESIAN_POINT('',(-40.5,1.25,84.6));
#7563 = LINE('',#7564,#7565);
#7564 = CARTESIAN_POINT('',(-40.5,-9.875,84.6));
#7565 = VECTOR('',#7566,1.);
#7566 = DIRECTION('',(0.,-1.,0.));
#7567 = ORIENTED_EDGE('',*,*,#7568,.F.);
#7568 = EDGE_CURVE('',#7543,#7561,#7569,.T.);
#7569 = LINE('',#7570,#7571);
#7570 = CARTESIAN_POINT('',(-40.5,1.25,51.3));
#7571 = VECTOR('',#7572,1.);
#7572 = DIRECTION('',(0.,0.,1.));
#7573 = FACE_BOUND('',#7574,.F.);
#7574 = EDGE_LOOP('',(#7575,#7585,#7593,#7601));
#7575 = ORIENTED_EDGE('',*,*,#7576,.T.);
#7576 = EDGE_CURVE('',#7577,#7579,#7581,.T.);
#7577 = VERTEX_POINT('',#7578);
#7578 = CARTESIAN_POINT('',(-40.5,1.25,89.8));
#7579 = VERTEX_POINT('',#7580);
#7580 = CARTESIAN_POINT('',(-40.5,-1.25,89.8));
#7581 = LINE('',#7582,#7583);
#7582 = CARTESIAN_POINT('',(-40.5,-9.875,89.8));
#7583 = VECTOR('',#7584,1.);
#7584 = DIRECTION('',(0.,-1.,0.));
#7585 = ORIENTED_EDGE('',*,*,#7586,.T.);
#7586 = EDGE_CURVE('',#7579,#7587,#7589,.T.);
#7587 = VERTEX_POINT('',#7588);
#7588 = CARTESIAN_POINT('',(-40.5,-1.25,91.8));
#7589 = LINE('',#7590,#7591);
#7590 = CARTESIAN_POINT('',(-40.5,-1.25,54.9));
#7591 = VECTOR('',#7592,1.);
#7592 = DIRECTION('',(0.,0.,1.));
#7593 = ORIENTED_EDGE('',*,*,#7594,.F.);
#7594 = EDGE_CURVE('',#7595,#7587,#7597,.T.);
#7595 = VERTEX_POINT('',#7596);
#7596 = CARTESIAN_POINT('',(-40.5,1.25,91.8));
#7597 = LINE('',#7598,#7599);
#7598 = CARTESIAN_POINT('',(-40.5,-9.875,91.8));
#7599 = VECTOR('',#7600,1.);
#7600 = DIRECTION('',(0.,-1.,0.));
#7601 = ORIENTED_EDGE('',*,*,#7602,.F.);
#7602 = EDGE_CURVE('',#7577,#7595,#7603,.T.);
#7603 = LINE('',#7604,#7605);
#7604 = CARTESIAN_POINT('',(-40.5,1.25,54.9));
#7605 = VECTOR('',#7606,1.);
#7606 = DIRECTION('',(0.,0.,1.));
#7607 = FACE_BOUND('',#7608,.F.);
#7608 = EDGE_LOOP('',(#7609,#7619,#7627,#7635));
#7609 = ORIENTED_EDGE('',*,*,#7610,.T.);
#7610 = EDGE_CURVE('',#7611,#7613,#7615,.T.);
#7611 = VERTEX_POINT('',#7612);
#7612 = CARTESIAN_POINT('',(-40.5,1.25,97.));
#7613 = VERTEX_POINT('',#7614);
#7614 = CARTESIAN_POINT('',(-40.5,-1.25,97.));
#7615 = LINE('',#7616,#7617);
#7616 = CARTESIAN_POINT('',(-40.5,-9.875,97.));
#7617 = VECTOR('',#7618,1.);
#7618 = DIRECTION('',(0.,-1.,0.));
#7619 = ORIENTED_EDGE('',*,*,#7620,.T.);
#7620 = EDGE_CURVE('',#7613,#7621,#7623,.T.);
#7621 = VERTEX_POINT('',#7622);
#7622 = CARTESIAN_POINT('',(-40.5,-1.25,99.));
#7623 = LINE('',#7624,#7625);
#7624 = CARTESIAN_POINT('',(-40.5,-1.25,58.5));
#7625 = VECTOR('',#7626,1.);
#7626 = DIRECTION('',(0.,0.,1.));
#7627 = ORIENTED_EDGE('',*,*,#7628,.F.);
#7628 = EDGE_CURVE('',#7629,#7621,#7631,.T.);
#7629 = VERTEX_POINT('',#7630);
#7630 = CARTESIAN_POINT('',(-40.5,1.25,99.));
#7631 = LINE('',#7632,#7633);
#7632 = CARTESIAN_POINT('',(-40.5,-9.875,99.));
#7633 = VECTOR('',#7634,1.);
#7634 = DIRECTION('',(0.,-1.,0.));
#7635 = ORIENTED_EDGE('',*,*,#7636,.F.);
#7636 = EDGE_CURVE('',#7611,#7629,#7637,.T.);
#7637 = LINE('',#7638,#7639);
#7638 = CARTESIAN_POINT('',(-40.5,1.25,58.5));
#7639 = VECTOR('',#7640,1.);
#7640 = DIRECTION('',(0.,0.,1.));
#7641 = FACE_BOUND('',#7642,.F.);
#7642 = EDGE_LOOP('',(#7643,#7653,#7661,#7669));
#7643 = ORIENTED_EDGE('',*,*,#7644,.T.);
#7644 = EDGE_CURVE('',#7645,#7647,#7649,.T.);
#7645 = VERTEX_POINT('',#7646);
#7646 = CARTESIAN_POINT('',(-40.5,1.25,104.2));
#7647 = VERTEX_POINT('',#7648);
#7648 = CARTESIAN_POINT('',(-40.5,-1.25,104.2));
#7649 = LINE('',#7650,#7651);
#7650 = CARTESIAN_POINT('',(-40.5,-9.875,104.2));
#7651 = VECTOR('',#7652,1.);
#7652 = DIRECTION('',(0.,-1.,0.));
#7653 = ORIENTED_EDGE('',*,*,#7654,.T.);
#7654 = EDGE_CURVE('',#7647,#7655,#7657,.T.);
#7655 = VERTEX_POINT('',#7656);
#7656 = CARTESIAN_POINT('',(-40.5,-1.25,106.2));
#7657 = LINE('',#7658,#7659);
#7658 = CARTESIAN_POINT('',(-40.5,-1.25,62.1));
#7659 = VECTOR('',#7660,1.);
#7660 = DIRECTION('',(0.,0.,1.));
#7661 = ORIENTED_EDGE('',*,*,#7662,.F.);
#7662 = EDGE_CURVE('',#7663,#7655,#7665,.T.);
#7663 = VERTEX_POINT('',#7664);
#7664 = CARTESIAN_POINT('',(-40.5,1.25,106.2));
#7665 = LINE('',#7666,#7667);
#7666 = CARTESIAN_POINT('',(-40.5,-9.875,106.2));
#7667 = VECTOR('',#7668,1.);
#7668 = DIRECTION('',(0.,-1.,0.));
#7669 = ORIENTED_EDGE('',*,*,#7670,.F.);
#7670 = EDGE_CURVE('',#7645,#7663,#7671,.T.);
#7671 = LINE('',#7672,#7673);
#7672 = CARTESIAN_POINT('',(-40.5,1.25,62.1));
#7673 = VECTOR('',#7674,1.);
#7674 = DIRECTION('',(0.,0.,1.));
#7675 = FACE_BOUND('',#7676,.F.);
#7676 = EDGE_LOOP('',(#7677,#7687,#7695,#7703));
#7677 = ORIENTED_EDGE('',*,*,#7678,.T.);
#7678 = EDGE_CURVE('',#7679,#7681,#7683,.T.);
#7679 = VERTEX_POINT('',#7680);
#7680 = CARTESIAN_POINT('',(-40.5,1.25,111.4));
#7681 = VERTEX_POINT('',#7682);
#7682 = CARTESIAN_POINT('',(-40.5,-1.25,111.4));
#7683 = LINE('',#7684,#7685);
#7684 = CARTESIAN_POINT('',(-40.5,-9.875,111.4));
#7685 = VECTOR('',#7686,1.);
#7686 = DIRECTION('',(0.,-1.,0.));
#7687 = ORIENTED_EDGE('',*,*,#7688,.T.);
#7688 = EDGE_CURVE('',#7681,#7689,#7691,.T.);
#7689 = VERTEX_POINT('',#7690);
#7690 = CARTESIAN_POINT('',(-40.5,-1.25,113.4));
#7691 = LINE('',#7692,#7693);
#7692 = CARTESIAN_POINT('',(-40.5,-1.25,65.7));
#7693 = VECTOR('',#7694,1.);
#7694 = DIRECTION('',(0.,0.,1.));
#7695 = ORIENTED_EDGE('',*,*,#7696,.F.);
#7696 = EDGE_CURVE('',#7697,#7689,#7699,.T.);
#7697 = VERTEX_POINT('',#7698);
#7698 = CARTESIAN_POINT('',(-40.5,1.25,113.4));
#7699 = LINE('',#7700,#7701);
#7700 = CARTESIAN_POINT('',(-40.5,-9.875,113.4));
#7701 = VECTOR('',#7702,1.);
#7702 = DIRECTION('',(0.,-1.,0.));
#7703 = ORIENTED_EDGE('',*,*,#7704,.F.);
#7704 = EDGE_CURVE('',#7679,#7697,#7705,.T.);
#7705 = LINE('',#7706,#7707);
#7706 = CARTESIAN_POINT('',(-40.5,1.25,65.7));
#7707 = VECTOR('',#7708,1.);
#7708 = DIRECTION('',(0.,0.,1.));
#7709 = FACE_BOUND('',#7710,.F.);
#7710 = EDGE_LOOP('',(#7711,#7721,#7729,#7737));
#7711 = ORIENTED_EDGE('',*,*,#7712,.T.);
#7712 = EDGE_CURVE('',#7713,#7715,#7717,.T.);
#7713 = VERTEX_POINT('',#7714);
#7714 = CARTESIAN_POINT('',(-40.5,1.25,118.6));
#7715 = VERTEX_POINT('',#7716);
#7716 = CARTESIAN_POINT('',(-40.5,-1.25,118.6));
#7717 = LINE('',#7718,#7719);
#7718 = CARTESIAN_POINT('',(-40.5,-9.875,118.6));
#7719 = VECTOR('',#7720,1.);
#7720 = DIRECTION('',(0.,-1.,0.));
#7721 = ORIENTED_EDGE('',*,*,#7722,.T.);
#7722 = EDGE_CURVE('',#7715,#7723,#7725,.T.);
#7723 = VERTEX_POINT('',#7724);
#7724 = CARTESIAN_POINT('',(-40.5,-1.25,120.6));
#7725 = LINE('',#7726,#7727);
#7726 = CARTESIAN_POINT('',(-40.5,-1.25,69.3));
#7727 = VECTOR('',#7728,1.);
#7728 = DIRECTION('',(0.,0.,1.));
#7729 = ORIENTED_EDGE('',*,*,#7730,.F.);
#7730 = EDGE_CURVE('',#7731,#7723,#7733,.T.);
#7731 = VERTEX_POINT('',#7732);
#7732 = CARTESIAN_POINT('',(-40.5,1.25,120.6));
#7733 = LINE('',#7734,#7735);
#7734 = CARTESIAN_POINT('',(-40.5,-9.875,120.6));
#7735 = VECTOR('',#7736,1.);
#7736 = DIRECTION('',(0.,-1.,0.));
#7737 = ORIENTED_EDGE('',*,*,#7738,.F.);
#7738 = EDGE_CURVE('',#7713,#7731,#7739,.T.);
#7739 = LINE('',#7740,#7741);
#7740 = CARTESIAN_POINT('',(-40.5,1.25,69.3));
#7741 = VECTOR('',#7742,1.);
#7742 = DIRECTION('',(0.,0.,1.));
#7743 = PLANE('',#7744);
#7744 = AXIS2_PLACEMENT_3D('',#7745,#7746,#7747);
#7745 = CARTESIAN_POINT('',(-40.5,-18.5,20.));
#7746 = DIRECTION('',(1.,0.,0.));
#7747 = DIRECTION('',(0.,0.,1.));
#7748 = ADVANCED_FACE('',(#7749),#7774,.F.);
#7749 = FACE_BOUND('',#7750,.F.);
#7750 = EDGE_LOOP('',(#7751,#7759,#7760,#7768));
#7751 = ORIENTED_EDGE('',*,*,#7752,.F.);
#7752 = EDGE_CURVE('',#7237,#7753,#7755,.T.);
#7753 = VERTEX_POINT('',#7754);
#7754 = CARTESIAN_POINT('',(-36.,-18.5,20.));
#7755 = LINE('',#7756,#7757);
#7756 = CARTESIAN_POINT('',(-40.5,-18.5,20.));
#7757 = VECTOR('',#7758,1.);
#7758 = DIRECTION('',(1.,0.,0.));
#7759 = ORIENTED_EDGE('',*,*,#7236,.T.);
#7760 = ORIENTED_EDGE('',*,*,#7761,.T.);
#7761 = EDGE_CURVE('',#7239,#7762,#7764,.T.);
#7762 = VERTEX_POINT('',#7763);
#7763 = CARTESIAN_POINT('',(-36.,-18.5,150.));
#7764 = LINE('',#7765,#7766);
#7765 = CARTESIAN_POINT('',(-40.5,-18.5,150.));
#7766 = VECTOR('',#7767,1.);
#7767 = DIRECTION('',(1.,0.,0.));
#7768 = ORIENTED_EDGE('',*,*,#7769,.F.);
#7769 = EDGE_CURVE('',#7753,#7762,#7770,.T.);
#7770 = LINE('',#7771,#7772);
#7771 = CARTESIAN_POINT('',(-36.,-18.5,20.));
#7772 = VECTOR('',#7773,1.);
#7773 = DIRECTION('',(0.,0.,1.));
#7774 = PLANE('',#7775);
#7775 = AXIS2_PLACEMENT_3D('',#7776,#7777,#7778);
#7776 = CARTESIAN_POINT('',(-40.5,-18.5,20.));
#7777 = DIRECTION('',(0.,1.,0.));
#7778 = DIRECTION('',(0.,0.,1.));
#7779 = ADVANCED_FACE('',(#7780),#7798,.T.);
#7780 = FACE_BOUND('',#7781,.T.);
#7781 = EDGE_LOOP('',(#7782,#7783,#7784,#7792));
#7782 = ORIENTED_EDGE('',*,*,#7262,.F.);
#7783 = ORIENTED_EDGE('',*,*,#7761,.T.);
#7784 = ORIENTED_EDGE('',*,*,#7785,.T.);
#7785 = EDGE_CURVE('',#7762,#7786,#7788,.T.);
#7786 = VERTEX_POINT('',#7787);
#7787 = CARTESIAN_POINT('',(-36.,18.5,150.));
#7788 = LINE('',#7789,#7790);
#7789 = CARTESIAN_POINT('',(-36.,-18.5,150.));
#7790 = VECTOR('',#7791,1.);
#7791 = DIRECTION('',(0.,1.,0.));
#7792 = ORIENTED_EDGE('',*,*,#7793,.F.);
#7793 = EDGE_CURVE('',#7255,#7786,#7794,.T.);
#7794 = LINE('',#7795,#7796);
#7795 = CARTESIAN_POINT('',(-40.5,18.5,150.));
#7796 = VECTOR('',#7797,1.);
#7797 = DIRECTION('',(1.,0.,0.));
#7798 = PLANE('',#7799);
#7799 = AXIS2_PLACEMENT_3D('',#7800,#7801,#7802);
#7800 = CARTESIAN_POINT('',(-40.5,-18.5,150.));
#7801 = DIRECTION('',(0.,0.,1.));
#7802 = DIRECTION('',(1.,0.,0.));
#7803 = ADVANCED_FACE('',(#7804),#7822,.F.);
#7804 = FACE_BOUND('',#7805,.F.);
#7805 = EDGE_LOOP('',(#7806,#7807,#7808,#7816));
#7806 = ORIENTED_EDGE('',*,*,#7246,.F.);
#7807 = ORIENTED_EDGE('',*,*,#7752,.T.);
#7808 = ORIENTED_EDGE('',*,*,#7809,.T.);
#7809 = EDGE_CURVE('',#7753,#7810,#7812,.T.);
#7810 = VERTEX_POINT('',#7811);
#7811 = CARTESIAN_POINT('',(-36.,18.5,20.));
#7812 = LINE('',#7813,#7814);
#7813 = CARTESIAN_POINT('',(-36.,-18.5,20.));
#7814 = VECTOR('',#7815,1.);
#7815 = DIRECTION('',(0.,1.,0.));
#7816 = ORIENTED_EDGE('',*,*,#7817,.F.);
#7817 = EDGE_CURVE('',#7247,#7810,#7818,.T.);
#7818 = LINE('',#7819,#7820);
#7819 = CARTESIAN_POINT('',(-40.5,18.5,20.));
#7820 = VECTOR('',#7821,1.);
#7821 = DIRECTION('',(1.,0.,0.));
#7822 = PLANE('',#7823);
#7823 = AXIS2_PLACEMENT_3D('',#7824,#7825,#7826);
#7824 = CARTESIAN_POINT('',(-40.5,-18.5,20.));
#7825 = DIRECTION('',(0.,0.,1.));
#7826 = DIRECTION('',(1.,0.,0.));
#7827 = ADVANCED_FACE('',(#7828),#7839,.T.);
#7828 = FACE_BOUND('',#7829,.T.);
#7829 = EDGE_LOOP('',(#7830,#7831,#7832,#7833));
#7830 = ORIENTED_EDGE('',*,*,#7817,.F.);
#7831 = ORIENTED_EDGE('',*,*,#7254,.T.);
#7832 = ORIENTED_EDGE('',*,*,#7793,.T.);
#7833 = ORIENTED_EDGE('',*,*,#7834,.F.);
#7834 = EDGE_CURVE('',#7810,#7786,#7835,.T.);
#7835 = LINE('',#7836,#7837);
#7836 = CARTESIAN_POINT('',(-36.,18.5,20.));
#7837 = VECTOR('',#7838,1.);
#7838 = DIRECTION('',(0.,0.,1.));
#7839 = PLANE('',#7840);
#7840 = AXIS2_PLACEMENT_3D('',#7841,#7842,#7843);
#7841 = CARTESIAN_POINT('',(-40.5,18.5,20.));
#7842 = DIRECTION('',(0.,1.,0.));
#7843 = DIRECTION('',(0.,0.,1.));
#7844 = ADVANCED_FACE('',(#7845),#7870,.T.);
#7845 = FACE_BOUND('',#7846,.T.);
#7846 = EDGE_LOOP('',(#7847,#7855,#7856,#7864));
#7847 = ORIENTED_EDGE('',*,*,#7848,.F.);
#7848 = EDGE_CURVE('',#7271,#7849,#7851,.T.);
#7849 = VERTEX_POINT('',#7850);
#7850 = CARTESIAN_POINT('',(-36.,1.25,25.));
#7851 = LINE('',#7852,#7853);
#7852 = CARTESIAN_POINT('',(-41.,1.25,25.));
#7853 = VECTOR('',#7854,1.);
#7854 = DIRECTION('',(1.,0.,0.));
#7855 = ORIENTED_EDGE('',*,*,#7270,.T.);
#7856 = ORIENTED_EDGE('',*,*,#7857,.T.);
#7857 = EDGE_CURVE('',#7273,#7858,#7860,.T.);
#7858 = VERTEX_POINT('',#7859);
#7859 = CARTESIAN_POINT('',(-36.,-1.25,25.));
#7860 = LINE('',#7861,#7862);
#7861 = CARTESIAN_POINT('',(-41.,-1.25,25.));
#7862 = VECTOR('',#7863,1.);
#7863 = DIRECTION('',(1.,0.,0.));
#7864 = ORIENTED_EDGE('',*,*,#7865,.F.);
#7865 = EDGE_CURVE('',#7849,#7858,#7866,.T.);
#7866 = LINE('',#7867,#7868);
#7867 = CARTESIAN_POINT('',(-36.,-9.875,25.));
#7868 = VECTOR('',#7869,1.);
#7869 = DIRECTION('',(0.,-1.,0.));
#7870 = PLANE('',#7871);
#7871 = AXIS2_PLACEMENT_3D('',#7872,#7873,#7874);
#7872 = CARTESIAN_POINT('',(-41.,-1.25,25.));
#7873 = DIRECTION('',(0.,0.,1.));
#7874 = DIRECTION('',(1.,0.,0.));
#7875 = ADVANCED_FACE('',(#7876),#7894,.F.);
#7876 = FACE_BOUND('',#7877,.F.);
#7877 = EDGE_LOOP('',(#7878,#7879,#7880,#7888));
#7878 = ORIENTED_EDGE('',*,*,#7848,.F.);
#7879 = ORIENTED_EDGE('',*,*,#7296,.T.);
#7880 = ORIENTED_EDGE('',*,*,#7881,.T.);
#7881 = EDGE_CURVE('',#7289,#7882,#7884,.T.);
#7882 = VERTEX_POINT('',#7883);
#7883 = CARTESIAN_POINT('',(-36.,1.25,27.));
#7884 = LINE('',#7885,#7886);
#7885 = CARTESIAN_POINT('',(-41.,1.25,27.));
#7886 = VECTOR('',#7887,1.);
#7887 = DIRECTION('',(1.,0.,0.));
#7888 = ORIENTED_EDGE('',*,*,#7889,.F.);
#7889 = EDGE_CURVE('',#7849,#7882,#7890,.T.);
#7890 = LINE('',#7891,#7892);
#7891 = CARTESIAN_POINT('',(-36.,1.25,22.5));
#7892 = VECTOR('',#7893,1.);
#7893 = DIRECTION('',(0.,0.,1.));
#7894 = PLANE('',#7895);
#7895 = AXIS2_PLACEMENT_3D('',#7896,#7897,#7898);
#7896 = CARTESIAN_POINT('',(-41.,1.25,25.));
#7897 = DIRECTION('',(0.,1.,0.));
#7898 = DIRECTION('',(0.,0.,1.));
#7899 = ADVANCED_FACE('',(#7900),#7918,.T.);
#7900 = FACE_BOUND('',#7901,.T.);
#7901 = EDGE_LOOP('',(#7902,#7903,#7904,#7912));
#7902 = ORIENTED_EDGE('',*,*,#7857,.F.);
#7903 = ORIENTED_EDGE('',*,*,#7280,.T.);
#7904 = ORIENTED_EDGE('',*,*,#7905,.T.);
#7905 = EDGE_CURVE('',#7281,#7906,#7908,.T.);
#7906 = VERTEX_POINT('',#7907);
#7907 = CARTESIAN_POINT('',(-36.,-1.25,27.));
#7908 = LINE('',#7909,#7910);
#7909 = CARTESIAN_POINT('',(-41.,-1.25,27.));
#7910 = VECTOR('',#7911,1.);
#7911 = DIRECTION('',(1.,0.,0.));
#7912 = ORIENTED_EDGE('',*,*,#7913,.F.);
#7913 = EDGE_CURVE('',#7858,#7906,#7914,.T.);
#7914 = LINE('',#7915,#7916);
#7915 = CARTESIAN_POINT('',(-36.,-1.25,22.5));
#7916 = VECTOR('',#7917,1.);
#7917 = DIRECTION('',(0.,0.,1.));
#7918 = PLANE('',#7919);
#7919 = AXIS2_PLACEMENT_3D('',#7920,#7921,#7922);
#7920 = CARTESIAN_POINT('',(-41.,-1.25,25.));
#7921 = DIRECTION('',(0.,1.,0.));
#7922 = DIRECTION('',(0.,0.,1.));
#7923 = ADVANCED_FACE('',(#7924),#7935,.F.);
#7924 = FACE_BOUND('',#7925,.F.);
#7925 = EDGE_LOOP('',(#7926,#7927,#7928,#7929));
#7926 = ORIENTED_EDGE('',*,*,#7881,.F.);
#7927 = ORIENTED_EDGE('',*,*,#7288,.T.);
#7928 = ORIENTED_EDGE('',*,*,#7905,.T.);
#7929 = ORIENTED_EDGE('',*,*,#7930,.F.);
#7930 = EDGE_CURVE('',#7882,#7906,#7931,.T.);
#7931 = LINE('',#7932,#7933);
#7932 = CARTESIAN_POINT('',(-36.,-9.875,27.));
#7933 = VECTOR('',#7934,1.);
#7934 = DIRECTION('',(0.,-1.,0.));
#7935 = PLANE('',#7936);
#7936 = AXIS2_PLACEMENT_3D('',#7937,#7938,#7939);
#7937 = CARTESIAN_POINT('',(-41.,-1.25,27.));
#7938 = DIRECTION('',(0.,0.,1.));
#7939 = DIRECTION('',(1.,0.,0.));
#7940 = ADVANCED_FACE('',(#7941),#7966,.T.);
#7941 = FACE_BOUND('',#7942,.T.);
#7942 = EDGE_LOOP('',(#7943,#7951,#7952,#7960));
#7943 = ORIENTED_EDGE('',*,*,#7944,.F.);
#7944 = EDGE_CURVE('',#7305,#7945,#7947,.T.);
#7945 = VERTEX_POINT('',#7946);
#7946 = CARTESIAN_POINT('',(-36.,1.25,32.2));
#7947 = LINE('',#7948,#7949);
#7948 = CARTESIAN_POINT('',(-41.,1.25,32.2));
#7949 = VECTOR('',#7950,1.);
#7950 = DIRECTION('',(1.,0.,0.));
#7951 = ORIENTED_EDGE('',*,*,#7304,.T.);
#7952 = ORIENTED_EDGE('',*,*,#7953,.T.);
#7953 = EDGE_CURVE('',#7307,#7954,#7956,.T.);
#7954 = VERTEX_POINT('',#7955);
#7955 = CARTESIAN_POINT('',(-36.,-1.25,32.2));
#7956 = LINE('',#7957,#7958);
#7957 = CARTESIAN_POINT('',(-41.,-1.25,32.2));
#7958 = VECTOR('',#7959,1.);
#7959 = DIRECTION('',(1.,0.,0.));
#7960 = ORIENTED_EDGE('',*,*,#7961,.F.);
#7961 = EDGE_CURVE('',#7945,#7954,#7962,.T.);
#7962 = LINE('',#7963,#7964);
#7963 = CARTESIAN_POINT('',(-36.,-9.875,32.2));
#7964 = VECTOR('',#7965,1.);
#7965 = DIRECTION('',(0.,-1.,0.));
#7966 = PLANE('',#7967);
#7967 = AXIS2_PLACEMENT_3D('',#7968,#7969,#7970);
#7968 = CARTESIAN_POINT('',(-41.,-1.25,32.2));
#7969 = DIRECTION('',(0.,0.,1.));
#7970 = DIRECTION('',(1.,0.,0.));
#7971 = ADVANCED_FACE('',(#7972),#7990,.F.);
#7972 = FACE_BOUND('',#7973,.F.);
#7973 = EDGE_LOOP('',(#7974,#7975,#7976,#7984));
#7974 = ORIENTED_EDGE('',*,*,#7944,.F.);
#7975 = ORIENTED_EDGE('',*,*,#7330,.T.);
#7976 = ORIENTED_EDGE('',*,*,#7977,.T.);
#7977 = EDGE_CURVE('',#7323,#7978,#7980,.T.);
#7978 = VERTEX_POINT('',#7979);
#7979 = CARTESIAN_POINT('',(-36.,1.25,34.2));
#7980 = LINE('',#7981,#7982);
#7981 = CARTESIAN_POINT('',(-41.,1.25,34.2));
#7982 = VECTOR('',#7983,1.);
#7983 = DIRECTION('',(1.,0.,0.));
#7984 = ORIENTED_EDGE('',*,*,#7985,.F.);
#7985 = EDGE_CURVE('',#7945,#7978,#7986,.T.);
#7986 = LINE('',#7987,#7988);
#7987 = CARTESIAN_POINT('',(-36.,1.25,26.1));
#7988 = VECTOR('',#7989,1.);
#7989 = DIRECTION('',(0.,0.,1.));
#7990 = PLANE('',#7991);
#7991 = AXIS2_PLACEMENT_3D('',#7992,#7993,#7994);
#7992 = CARTESIAN_POINT('',(-41.,1.25,32.2));
#7993 = DIRECTION('',(0.,1.,0.));
#7994 = DIRECTION('',(0.,0.,1.));
#7995 = ADVANCED_FACE('',(#7996),#8014,.T.);
#7996 = FACE_BOUND('',#7997,.T.);
#7997 = EDGE_LOOP('',(#7998,#7999,#8000,#8008));
#7998 = ORIENTED_EDGE('',*,*,#7953,.F.);
#7999 = ORIENTED_EDGE('',*,*,#7314,.T.);
#8000 = ORIENTED_EDGE('',*,*,#8001,.T.);
#8001 = EDGE_CURVE('',#7315,#8002,#8004,.T.);
#8002 = VERTEX_POINT('',#8003);
#8003 = CARTESIAN_POINT('',(-36.,-1.25,34.2));
#8004 = LINE('',#8005,#8006);
#8005 = CARTESIAN_POINT('',(-41.,-1.25,34.2));
#8006 = VECTOR('',#8007,1.);
#8007 = DIRECTION('',(1.,0.,0.));
#8008 = ORIENTED_EDGE('',*,*,#8009,.F.);
#8009 = EDGE_CURVE('',#7954,#8002,#8010,.T.);
#8010 = LINE('',#8011,#8012);
#8011 = CARTESIAN_POINT('',(-36.,-1.25,26.1));
#8012 = VECTOR('',#8013,1.);
#8013 = DIRECTION('',(0.,0.,1.));
#8014 = PLANE('',#8015);
#8015 = AXIS2_PLACEMENT_3D('',#8016,#8017,#8018);
#8016 = CARTESIAN_POINT('',(-41.,-1.25,32.2));
#8017 = DIRECTION('',(0.,1.,0.));
#8018 = DIRECTION('',(0.,0.,1.));
#8019 = ADVANCED_FACE('',(#8020),#8031,.F.);
#8020 = FACE_BOUND('',#8021,.F.);
#8021 = EDGE_LOOP('',(#8022,#8023,#8024,#8025));
#8022 = ORIENTED_EDGE('',*,*,#7977,.F.);
#8023 = ORIENTED_EDGE('',*,*,#7322,.T.);
#8024 = ORIENTED_EDGE('',*,*,#8001,.T.);
#8025 = ORIENTED_EDGE('',*,*,#8026,.F.);
#8026 = EDGE_CURVE('',#7978,#8002,#8027,.T.);
#8027 = LINE('',#8028,#8029);
#8028 = CARTESIAN_POINT('',(-36.,-9.875,34.2));
#8029 = VECTOR('',#8030,1.);
#8030 = DIRECTION('',(0.,-1.,0.));
#8031 = PLANE('',#8032);
#8032 = AXIS2_PLACEMENT_3D('',#8033,#8034,#8035);
#8033 = CARTESIAN_POINT('',(-41.,-1.25,34.2));
#8034 = DIRECTION('',(0.,0.,1.));
#8035 = DIRECTION('',(1.,0.,0.));
#8036 = ADVANCED_FACE('',(#8037),#8062,.T.);
#8037 = FACE_BOUND('',#8038,.T.);
#8038 = EDGE_LOOP('',(#8039,#8047,#8048,#8056));
#8039 = ORIENTED_EDGE('',*,*,#8040,.F.);
#8040 = EDGE_CURVE('',#7339,#8041,#8043,.T.);
#8041 = VERTEX_POINT('',#8042);
#8042 = CARTESIAN_POINT('',(-36.,1.25,39.4));
#8043 = LINE('',#8044,#8045);
#8044 = CARTESIAN_POINT('',(-41.,1.25,39.4));
#8045 = VECTOR('',#8046,1.);
#8046 = DIRECTION('',(1.,0.,0.));
#8047 = ORIENTED_EDGE('',*,*,#7338,.T.);
#8048 = ORIENTED_EDGE('',*,*,#8049,.T.);
#8049 = EDGE_CURVE('',#7341,#8050,#8052,.T.);
#8050 = VERTEX_POINT('',#8051);
#8051 = CARTESIAN_POINT('',(-36.,-1.25,39.4));
#8052 = LINE('',#8053,#8054);
#8053 = CARTESIAN_POINT('',(-41.,-1.25,39.4));
#8054 = VECTOR('',#8055,1.);
#8055 = DIRECTION('',(1.,0.,0.));
#8056 = ORIENTED_EDGE('',*,*,#8057,.F.);
#8057 = EDGE_CURVE('',#8041,#8050,#8058,.T.);
#8058 = LINE('',#8059,#8060);
#8059 = CARTESIAN_POINT('',(-36.,-9.875,39.4));
#8060 = VECTOR('',#8061,1.);
#8061 = DIRECTION('',(0.,-1.,0.));
#8062 = PLANE('',#8063);
#8063 = AXIS2_PLACEMENT_3D('',#8064,#8065,#8066);
#8064 = CARTESIAN_POINT('',(-41.,-1.25,39.4));
#8065 = DIRECTION('',(0.,0.,1.));
#8066 = DIRECTION('',(1.,0.,0.));
#8067 = ADVANCED_FACE('',(#8068),#8086,.F.);
#8068 = FACE_BOUND('',#8069,.F.);
#8069 = EDGE_LOOP('',(#8070,#8071,#8072,#8080));
#8070 = ORIENTED_EDGE('',*,*,#8040,.F.);
#8071 = ORIENTED_EDGE('',*,*,#7364,.T.);
#8072 = ORIENTED_EDGE('',*,*,#8073,.T.);
#8073 = EDGE_CURVE('',#7357,#8074,#8076,.T.);
#8074 = VERTEX_POINT('',#8075);
#8075 = CARTESIAN_POINT('',(-36.,1.25,41.4));
#8076 = LINE('',#8077,#8078);
#8077 = CARTESIAN_POINT('',(-41.,1.25,41.4));
#8078 = VECTOR('',#8079,1.);
#8079 = DIRECTION('',(1.,0.,0.));
#8080 = ORIENTED_EDGE('',*,*,#8081,.F.);
#8081 = EDGE_CURVE('',#8041,#8074,#8082,.T.);
#8082 = LINE('',#8083,#8084);
#8083 = CARTESIAN_POINT('',(-36.,1.25,29.7));
#8084 = VECTOR('',#8085,1.);
#8085 = DIRECTION('',(0.,0.,1.));
#8086 = PLANE('',#8087);
#8087 = AXIS2_PLACEMENT_3D('',#8088,#8089,#8090);
#8088 = CARTESIAN_POINT('',(-41.,1.25,39.4));
#8089 = DIRECTION('',(0.,1.,0.));
#8090 = DIRECTION('',(0.,0.,1.));
#8091 = ADVANCED_FACE('',(#8092),#8110,.T.);
#8092 = FACE_BOUND('',#8093,.T.);
#8093 = EDGE_LOOP('',(#8094,#8095,#8096,#8104));
#8094 = ORIENTED_EDGE('',*,*,#8049,.F.);
#8095 = ORIENTED_EDGE('',*,*,#7348,.T.);
#8096 = ORIENTED_EDGE('',*,*,#8097,.T.);
#8097 = EDGE_CURVE('',#7349,#8098,#8100,.T.);
#8098 = VERTEX_POINT('',#8099);
#8099 = CARTESIAN_POINT('',(-36.,-1.25,41.4));
#8100 = LINE('',#8101,#8102);
#8101 = CARTESIAN_POINT('',(-41.,-1.25,41.4));
#8102 = VECTOR('',#8103,1.);
#8103 = DIRECTION('',(1.,0.,0.));
#8104 = ORIENTED_EDGE('',*,*,#8105,.F.);
#8105 = EDGE_CURVE('',#8050,#8098,#8106,.T.);
#8106 = LINE('',#8107,#8108);
#8107 = CARTESIAN_POINT('',(-36.,-1.25,29.7));
#8108 = VECTOR('',#8109,1.);
#8109 = DIRECTION('',(0.,0.,1.));
#8110 = PLANE('',#8111);
#8111 = AXIS2_PLACEMENT_3D('',#8112,#8113,#8114);
#8112 = CARTESIAN_POINT('',(-41.,-1.25,39.4));
#8113 = DIRECTION('',(0.,1.,0.));
#8114 = DIRECTION('',(0.,0.,1.));
#8115 = ADVANCED_FACE('',(#8116),#8127,.F.);
#8116 = FACE_BOUND('',#8117,.F.);
#8117 = EDGE_LOOP('',(#8118,#8119,#8120,#8121));
#8118 = ORIENTED_EDGE('',*,*,#8073,.F.);
#8119 = ORIENTED_EDGE('',*,*,#7356,.T.);
#8120 = ORIENTED_EDGE('',*,*,#8097,.T.);
#8121 = ORIENTED_EDGE('',*,*,#8122,.F.);
#8122 = EDGE_CURVE('',#8074,#8098,#8123,.T.);
#8123 = LINE('',#8124,#8125);
#8124 = CARTESIAN_POINT('',(-36.,-9.875,41.4));
#8125 = VECTOR('',#8126,1.);
#8126 = DIRECTION('',(0.,-1.,0.));
#8127 = PLANE('',#8128);
#8128 = AXIS2_PLACEMENT_3D('',#8129,#8130,#8131);
#8129 = CARTESIAN_POINT('',(-41.,-1.25,41.4));
#8130 = DIRECTION('',(0.,0.,1.));
#8131 = DIRECTION('',(1.,0.,0.));
#8132 = ADVANCED_FACE('',(#8133),#8158,.T.);
#8133 = FACE_BOUND('',#8134,.T.);
#8134 = EDGE_LOOP('',(#8135,#8143,#8144,#8152));
#8135 = ORIENTED_EDGE('',*,*,#8136,.F.);
#8136 = EDGE_CURVE('',#7373,#8137,#8139,.T.);
#8137 = VERTEX_POINT('',#8138);
#8138 = CARTESIAN_POINT('',(-36.,1.25,46.6));
#8139 = LINE('',#8140,#8141);
#8140 = CARTESIAN_POINT('',(-41.,1.25,46.6));
#8141 = VECTOR('',#8142,1.);
#8142 = DIRECTION('',(1.,0.,0.));
#8143 = ORIENTED_EDGE('',*,*,#7372,.T.);
#8144 = ORIENTED_EDGE('',*,*,#8145,.T.);
#8145 = EDGE_CURVE('',#7375,#8146,#8148,.T.);
#8146 = VERTEX_POINT('',#8147);
#8147 = CARTESIAN_POINT('',(-36.,-1.25,46.6));
#8148 = LINE('',#8149,#8150);
#8149 = CARTESIAN_POINT('',(-41.,-1.25,46.6));
#8150 = VECTOR('',#8151,1.);
#8151 = DIRECTION('',(1.,0.,0.));
#8152 = ORIENTED_EDGE('',*,*,#8153,.F.);
#8153 = EDGE_CURVE('',#8137,#8146,#8154,.T.);
#8154 = LINE('',#8155,#8156);
#8155 = CARTESIAN_POINT('',(-36.,-9.875,46.6));
#8156 = VECTOR('',#8157,1.);
#8157 = DIRECTION('',(0.,-1.,0.));
#8158 = PLANE('',#8159);
#8159 = AXIS2_PLACEMENT_3D('',#8160,#8161,#8162);
#8160 = CARTESIAN_POINT('',(-41.,-1.25,46.6));
#8161 = DIRECTION('',(0.,0.,1.));
#8162 = DIRECTION('',(1.,0.,0.));
#8163 = ADVANCED_FACE('',(#8164),#8182,.F.);
#8164 = FACE_BOUND('',#8165,.F.);
#8165 = EDGE_LOOP('',(#8166,#8167,#8168,#8176));
#8166 = ORIENTED_EDGE('',*,*,#8136,.F.);
#8167 = ORIENTED_EDGE('',*,*,#7398,.T.);
#8168 = ORIENTED_EDGE('',*,*,#8169,.T.);
#8169 = EDGE_CURVE('',#7391,#8170,#8172,.T.);
#8170 = VERTEX_POINT('',#8171);
#8171 = CARTESIAN_POINT('',(-36.,1.25,48.6));
#8172 = LINE('',#8173,#8174);
#8173 = CARTESIAN_POINT('',(-41.,1.25,48.6));
#8174 = VECTOR('',#8175,1.);
#8175 = DIRECTION('',(1.,0.,0.));
#8176 = ORIENTED_EDGE('',*,*,#8177,.F.);
#8177 = EDGE_CURVE('',#8137,#8170,#8178,.T.);
#8178 = LINE('',#8179,#8180);
#8179 = CARTESIAN_POINT('',(-36.,1.25,33.3));
#8180 = VECTOR('',#8181,1.);
#8181 = DIRECTION('',(0.,0.,1.));
#8182 = PLANE('',#8183);
#8183 = AXIS2_PLACEMENT_3D('',#8184,#8185,#8186);
#8184 = CARTESIAN_POINT('',(-41.,1.25,46.6));
#8185 = DIRECTION('',(0.,1.,0.));
#8186 = DIRECTION('',(0.,0.,1.));
#8187 = ADVANCED_FACE('',(#8188),#8206,.T.);
#8188 = FACE_BOUND('',#8189,.T.);
#8189 = EDGE_LOOP('',(#8190,#8191,#8192,#8200));
#8190 = ORIENTED_EDGE('',*,*,#8145,.F.);
#8191 = ORIENTED_EDGE('',*,*,#7382,.T.);
#8192 = ORIENTED_EDGE('',*,*,#8193,.T.);
#8193 = EDGE_CURVE('',#7383,#8194,#8196,.T.);
#8194 = VERTEX_POINT('',#8195);
#8195 = CARTESIAN_POINT('',(-36.,-1.25,48.6));
#8196 = LINE('',#8197,#8198);
#8197 = CARTESIAN_POINT('',(-41.,-1.25,48.6));
#8198 = VECTOR('',#8199,1.);
#8199 = DIRECTION('',(1.,0.,0.));
#8200 = ORIENTED_EDGE('',*,*,#8201,.F.);
#8201 = EDGE_CURVE('',#8146,#8194,#8202,.T.);
#8202 = LINE('',#8203,#8204);
#8203 = CARTESIAN_POINT('',(-36.,-1.25,33.3));
#8204 = VECTOR('',#8205,1.);
#8205 = DIRECTION('',(0.,0.,1.));
#8206 = PLANE('',#8207);
#8207 = AXIS2_PLACEMENT_3D('',#8208,#8209,#8210);
#8208 = CARTESIAN_POINT('',(-41.,-1.25,46.6));
#8209 = DIRECTION('',(0.,1.,0.));
#8210 = DIRECTION('',(0.,0.,1.));
#8211 = ADVANCED_FACE('',(#8212),#8223,.F.);
#8212 = FACE_BOUND('',#8213,.F.);
#8213 = EDGE_LOOP('',(#8214,#8215,#8216,#8217));
#8214 = ORIENTED_EDGE('',*,*,#8169,.F.);
#8215 = ORIENTED_EDGE('',*,*,#7390,.T.);
#8216 = ORIENTED_EDGE('',*,*,#8193,.T.);
#8217 = ORIENTED_EDGE('',*,*,#8218,.F.);
#8218 = EDGE_CURVE('',#8170,#8194,#8219,.T.);
#8219 = LINE('',#8220,#8221);
#8220 = CARTESIAN_POINT('',(-36.,-9.875,48.6));
#8221 = VECTOR('',#8222,1.);
#8222 = DIRECTION('',(0.,-1.,0.));
#8223 = PLANE('',#8224);
#8224 = AXIS2_PLACEMENT_3D('',#8225,#8226,#8227);
#8225 = CARTESIAN_POINT('',(-41.,-1.25,48.6));
#8226 = DIRECTION('',(0.,0.,1.));
#8227 = DIRECTION('',(1.,0.,0.));
#8228 = ADVANCED_FACE('',(#8229),#8254,.T.);
#8229 = FACE_BOUND('',#8230,.T.);
#8230 = EDGE_LOOP('',(#8231,#8239,#8240,#8248));
#8231 = ORIENTED_EDGE('',*,*,#8232,.F.);
#8232 = EDGE_CURVE('',#7407,#8233,#8235,.T.);
#8233 = VERTEX_POINT('',#8234);
#8234 = CARTESIAN_POINT('',(-36.,1.25,53.8));
#8235 = LINE('',#8236,#8237);
#8236 = CARTESIAN_POINT('',(-41.,1.25,53.8));
#8237 = VECTOR('',#8238,1.);
#8238 = DIRECTION('',(1.,0.,0.));
#8239 = ORIENTED_EDGE('',*,*,#7406,.T.);
#8240 = ORIENTED_EDGE('',*,*,#8241,.T.);
#8241 = EDGE_CURVE('',#7409,#8242,#8244,.T.);
#8242 = VERTEX_POINT('',#8243);
#8243 = CARTESIAN_POINT('',(-36.,-1.25,53.8));
#8244 = LINE('',#8245,#8246);
#8245 = CARTESIAN_POINT('',(-41.,-1.25,53.8));
#8246 = VECTOR('',#8247,1.);
#8247 = DIRECTION('',(1.,0.,0.));
#8248 = ORIENTED_EDGE('',*,*,#8249,.F.);
#8249 = EDGE_CURVE('',#8233,#8242,#8250,.T.);
#8250 = LINE('',#8251,#8252);
#8251 = CARTESIAN_POINT('',(-36.,-9.875,53.8));
#8252 = VECTOR('',#8253,1.);
#8253 = DIRECTION('',(0.,-1.,0.));
#8254 = PLANE('',#8255);
#8255 = AXIS2_PLACEMENT_3D('',#8256,#8257,#8258);
#8256 = CARTESIAN_POINT('',(-41.,-1.25,53.8));
#8257 = DIRECTION('',(0.,0.,1.));
#8258 = DIRECTION('',(1.,0.,0.));
#8259 = ADVANCED_FACE('',(#8260),#8278,.F.);
#8260 = FACE_BOUND('',#8261,.F.);
#8261 = EDGE_LOOP('',(#8262,#8263,#8264,#8272));
#8262 = ORIENTED_EDGE('',*,*,#8232,.F.);
#8263 = ORIENTED_EDGE('',*,*,#7432,.T.);
#8264 = ORIENTED_EDGE('',*,*,#8265,.T.);
#8265 = EDGE_CURVE('',#7425,#8266,#8268,.T.);
#8266 = VERTEX_POINT('',#8267);
#8267 = CARTESIAN_POINT('',(-36.,1.25,55.8));
#8268 = LINE('',#8269,#8270);
#8269 = CARTESIAN_POINT('',(-41.,1.25,55.8));
#8270 = VECTOR('',#8271,1.);
#8271 = DIRECTION('',(1.,0.,0.));
#8272 = ORIENTED_EDGE('',*,*,#8273,.F.);
#8273 = EDGE_CURVE('',#8233,#8266,#8274,.T.);
#8274 = LINE('',#8275,#8276);
#8275 = CARTESIAN_POINT('',(-36.,1.25,36.9));
#8276 = VECTOR('',#8277,1.);
#8277 = DIRECTION('',(0.,0.,1.));
#8278 = PLANE('',#8279);
#8279 = AXIS2_PLACEMENT_3D('',#8280,#8281,#8282);
#8280 = CARTESIAN_POINT('',(-41.,1.25,53.8));
#8281 = DIRECTION('',(0.,1.,0.));
#8282 = DIRECTION('',(0.,0.,1.));
#8283 = ADVANCED_FACE('',(#8284),#8302,.T.);
#8284 = FACE_BOUND('',#8285,.T.);
#8285 = EDGE_LOOP('',(#8286,#8287,#8288,#8296));
#8286 = ORIENTED_EDGE('',*,*,#8241,.F.);
#8287 = ORIENTED_EDGE('',*,*,#7416,.T.);
#8288 = ORIENTED_EDGE('',*,*,#8289,.T.);
#8289 = EDGE_CURVE('',#7417,#8290,#8292,.T.);
#8290 = VERTEX_POINT('',#8291);
#8291 = CARTESIAN_POINT('',(-36.,-1.25,55.8));
#8292 = LINE('',#8293,#8294);
#8293 = CARTESIAN_POINT('',(-41.,-1.25,55.8));
#8294 = VECTOR('',#8295,1.);
#8295 = DIRECTION('',(1.,0.,0.));
#8296 = ORIENTED_EDGE('',*,*,#8297,.F.);
#8297 = EDGE_CURVE('',#8242,#8290,#8298,.T.);
#8298 = LINE('',#8299,#8300);
#8299 = CARTESIAN_POINT('',(-36.,-1.25,36.9));
#8300 = VECTOR('',#8301,1.);
#8301 = DIRECTION('',(0.,0.,1.));
#8302 = PLANE('',#8303);
#8303 = AXIS2_PLACEMENT_3D('',#8304,#8305,#8306);
#8304 = CARTESIAN_POINT('',(-41.,-1.25,53.8));
#8305 = DIRECTION('',(0.,1.,0.));
#8306 = DIRECTION('',(0.,0.,1.));
#8307 = ADVANCED_FACE('',(#8308),#8319,.F.);
#8308 = FACE_BOUND('',#8309,.F.);
#8309 = EDGE_LOOP('',(#8310,#8311,#8312,#8313));
#8310 = ORIENTED_EDGE('',*,*,#8265,.F.);
#8311 = ORIENTED_EDGE('',*,*,#7424,.T.);
#8312 = ORIENTED_EDGE('',*,*,#8289,.T.);
#8313 = ORIENTED_EDGE('',*,*,#8314,.F.);
#8314 = EDGE_CURVE('',#8266,#8290,#8315,.T.);
#8315 = LINE('',#8316,#8317);
#8316 = CARTESIAN_POINT('',(-36.,-9.875,55.8));
#8317 = VECTOR('',#8318,1.);
#8318 = DIRECTION('',(0.,-1.,0.));
#8319 = PLANE('',#8320);
#8320 = AXIS2_PLACEMENT_3D('',#8321,#8322,#8323);
#8321 = CARTESIAN_POINT('',(-41.,-1.25,55.8));
#8322 = DIRECTION('',(0.,0.,1.));
#8323 = DIRECTION('',(1.,0.,0.));
#8324 = ADVANCED_FACE('',(#8325),#8350,.T.);
#8325 = FACE_BOUND('',#8326,.T.);
#8326 = EDGE_LOOP('',(#8327,#8335,#8336,#8344));
#8327 = ORIENTED_EDGE('',*,*,#8328,.F.);
#8328 = EDGE_CURVE('',#7441,#8329,#8331,.T.);
#8329 = VERTEX_POINT('',#8330);
#8330 = CARTESIAN_POINT('',(-36.,1.25,61.));
#8331 = LINE('',#8332,#8333);
#8332 = CARTESIAN_POINT('',(-41.,1.25,61.));
#8333 = VECTOR('',#8334,1.);
#8334 = DIRECTION('',(1.,0.,0.));
#8335 = ORIENTED_EDGE('',*,*,#7440,.T.);
#8336 = ORIENTED_EDGE('',*,*,#8337,.T.);
#8337 = EDGE_CURVE('',#7443,#8338,#8340,.T.);
#8338 = VERTEX_POINT('',#8339);
#8339 = CARTESIAN_POINT('',(-36.,-1.25,61.));
#8340 = LINE('',#8341,#8342);
#8341 = CARTESIAN_POINT('',(-41.,-1.25,61.));
#8342 = VECTOR('',#8343,1.);
#8343 = DIRECTION('',(1.,0.,0.));
#8344 = ORIENTED_EDGE('',*,*,#8345,.F.);
#8345 = EDGE_CURVE('',#8329,#8338,#8346,.T.);
#8346 = LINE('',#8347,#8348);
#8347 = CARTESIAN_POINT('',(-36.,-9.875,61.));
#8348 = VECTOR('',#8349,1.);
#8349 = DIRECTION('',(0.,-1.,0.));
#8350 = PLANE('',#8351);
#8351 = AXIS2_PLACEMENT_3D('',#8352,#8353,#8354);
#8352 = CARTESIAN_POINT('',(-41.,-1.25,61.));
#8353 = DIRECTION('',(0.,0.,1.));
#8354 = DIRECTION('',(1.,0.,0.));
#8355 = ADVANCED_FACE('',(#8356),#8374,.F.);
#8356 = FACE_BOUND('',#8357,.F.);
#8357 = EDGE_LOOP('',(#8358,#8359,#8360,#8368));
#8358 = ORIENTED_EDGE('',*,*,#8328,.F.);
#8359 = ORIENTED_EDGE('',*,*,#7466,.T.);
#8360 = ORIENTED_EDGE('',*,*,#8361,.T.);
#8361 = EDGE_CURVE('',#7459,#8362,#8364,.T.);
#8362 = VERTEX_POINT('',#8363);
#8363 = CARTESIAN_POINT('',(-36.,1.25,63.));
#8364 = LINE('',#8365,#8366);
#8365 = CARTESIAN_POINT('',(-41.,1.25,63.));
#8366 = VECTOR('',#8367,1.);
#8367 = DIRECTION('',(1.,0.,0.));
#8368 = ORIENTED_EDGE('',*,*,#8369,.F.);
#8369 = EDGE_CURVE('',#8329,#8362,#8370,.T.);
#8370 = LINE('',#8371,#8372);
#8371 = CARTESIAN_POINT('',(-36.,1.25,40.5));
#8372 = VECTOR('',#8373,1.);
#8373 = DIRECTION('',(0.,0.,1.));
#8374 = PLANE('',#8375);
#8375 = AXIS2_PLACEMENT_3D('',#8376,#8377,#8378);
#8376 = CARTESIAN_POINT('',(-41.,1.25,61.));
#8377 = DIRECTION('',(0.,1.,0.));
#8378 = DIRECTION('',(0.,0.,1.));
#8379 = ADVANCED_FACE('',(#8380),#8398,.T.);
#8380 = FACE_BOUND('',#8381,.T.);
#8381 = EDGE_LOOP('',(#8382,#8383,#8384,#8392));
#8382 = ORIENTED_EDGE('',*,*,#8337,.F.);
#8383 = ORIENTED_EDGE('',*,*,#7450,.T.);
#8384 = ORIENTED_EDGE('',*,*,#8385,.T.);
#8385 = EDGE_CURVE('',#7451,#8386,#8388,.T.);
#8386 = VERTEX_POINT('',#8387);
#8387 = CARTESIAN_POINT('',(-36.,-1.25,63.));
#8388 = LINE('',#8389,#8390);
#8389 = CARTESIAN_POINT('',(-41.,-1.25,63.));
#8390 = VECTOR('',#8391,1.);
#8391 = DIRECTION('',(1.,0.,0.));
#8392 = ORIENTED_EDGE('',*,*,#8393,.F.);
#8393 = EDGE_CURVE('',#8338,#8386,#8394,.T.);
#8394 = LINE('',#8395,#8396);
#8395 = CARTESIAN_POINT('',(-36.,-1.25,40.5));
#8396 = VECTOR('',#8397,1.);
#8397 = DIRECTION('',(0.,0.,1.));
#8398 = PLANE('',#8399);
#8399 = AXIS2_PLACEMENT_3D('',#8400,#8401,#8402);
#8400 = CARTESIAN_POINT('',(-41.,-1.25,61.));
#8401 = DIRECTION('',(0.,1.,0.));
#8402 = DIRECTION('',(0.,0.,1.));
#8403 = ADVANCED_FACE('',(#8404),#8415,.F.);
#8404 = FACE_BOUND('',#8405,.F.);
#8405 = EDGE_LOOP('',(#8406,#8407,#8408,#8409));
#8406 = ORIENTED_EDGE('',*,*,#8361,.F.);
#8407 = ORIENTED_EDGE('',*,*,#7458,.T.);
#8408 = ORIENTED_EDGE('',*,*,#8385,.T.);
#8409 = ORIENTED_EDGE('',*,*,#8410,.F.);
#8410 = EDGE_CURVE('',#8362,#8386,#8411,.T.);
#8411 = LINE('',#8412,#8413);
#8412 = CARTESIAN_POINT('',(-36.,-9.875,63.));
#8413 = VECTOR('',#8414,1.);
#8414 = DIRECTION('',(0.,-1.,0.));
#8415 = PLANE('',#8416);
#8416 = AXIS2_PLACEMENT_3D('',#8417,#8418,#8419);
#8417 = CARTESIAN_POINT('',(-41.,-1.25,63.));
#8418 = DIRECTION('',(0.,0.,1.));
#8419 = DIRECTION('',(1.,0.,0.));
#8420 = ADVANCED_FACE('',(#8421),#8446,.T.);
#8421 = FACE_BOUND('',#8422,.T.);
#8422 = EDGE_LOOP('',(#8423,#8431,#8432,#8440));
#8423 = ORIENTED_EDGE('',*,*,#8424,.F.);
#8424 = EDGE_CURVE('',#7475,#8425,#8427,.T.);
#8425 = VERTEX_POINT('',#8426);
#8426 = CARTESIAN_POINT('',(-36.,1.25,68.2));
#8427 = LINE('',#8428,#8429);
#8428 = CARTESIAN_POINT('',(-41.,1.25,68.2));
#8429 = VECTOR('',#8430,1.);
#8430 = DIRECTION('',(1.,0.,0.));
#8431 = ORIENTED_EDGE('',*,*,#7474,.T.);
#8432 = ORIENTED_EDGE('',*,*,#8433,.T.);
#8433 = EDGE_CURVE('',#7477,#8434,#8436,.T.);
#8434 = VERTEX_POINT('',#8435);
#8435 = CARTESIAN_POINT('',(-36.,-1.25,68.2));
#8436 = LINE('',#8437,#8438);
#8437 = CARTESIAN_POINT('',(-41.,-1.25,68.2));
#8438 = VECTOR('',#8439,1.);
#8439 = DIRECTION('',(1.,0.,0.));
#8440 = ORIENTED_EDGE('',*,*,#8441,.F.);
#8441 = EDGE_CURVE('',#8425,#8434,#8442,.T.);
#8442 = LINE('',#8443,#8444);
#8443 = CARTESIAN_POINT('',(-36.,-9.875,68.2));
#8444 = VECTOR('',#8445,1.);
#8445 = DIRECTION('',(0.,-1.,0.));
#8446 = PLANE('',#8447);
#8447 = AXIS2_PLACEMENT_3D('',#8448,#8449,#8450);
#8448 = CARTESIAN_POINT('',(-41.,-1.25,68.2));
#8449 = DIRECTION('',(0.,0.,1.));
#8450 = DIRECTION('',(1.,0.,0.));
#8451 = ADVANCED_FACE('',(#8452),#8470,.F.);
#8452 = FACE_BOUND('',#8453,.F.);
#8453 = EDGE_LOOP('',(#8454,#8455,#8456,#8464));
#8454 = ORIENTED_EDGE('',*,*,#8424,.F.);
#8455 = ORIENTED_EDGE('',*,*,#7500,.T.);
#8456 = ORIENTED_EDGE('',*,*,#8457,.T.);
#8457 = EDGE_CURVE('',#7493,#8458,#8460,.T.);
#8458 = VERTEX_POINT('',#8459);
#8459 = CARTESIAN_POINT('',(-36.,1.25,70.2));
#8460 = LINE('',#8461,#8462);
#8461 = CARTESIAN_POINT('',(-41.,1.25,70.2));
#8462 = VECTOR('',#8463,1.);
#8463 = DIRECTION('',(1.,0.,0.));
#8464 = ORIENTED_EDGE('',*,*,#8465,.F.);
#8465 = EDGE_CURVE('',#8425,#8458,#8466,.T.);
#8466 = LINE('',#8467,#8468);
#8467 = CARTESIAN_POINT('',(-36.,1.25,44.1));
#8468 = VECTOR('',#8469,1.);
#8469 = DIRECTION('',(0.,0.,1.));
#8470 = PLANE('',#8471);
#8471 = AXIS2_PLACEMENT_3D('',#8472,#8473,#8474);
#8472 = CARTESIAN_POINT('',(-41.,1.25,68.2));
#8473 = DIRECTION('',(0.,1.,0.));
#8474 = DIRECTION('',(0.,0.,1.));
#8475 = ADVANCED_FACE('',(#8476),#8494,.T.);
#8476 = FACE_BOUND('',#8477,.T.);
#8477 = EDGE_LOOP('',(#8478,#8479,#8480,#8488));
#8478 = ORIENTED_EDGE('',*,*,#8433,.F.);
#8479 = ORIENTED_EDGE('',*,*,#7484,.T.);
#8480 = ORIENTED_EDGE('',*,*,#8481,.T.);
#8481 = EDGE_CURVE('',#7485,#8482,#8484,.T.);
#8482 = VERTEX_POINT('',#8483);
#8483 = CARTESIAN_POINT('',(-36.,-1.25,70.2));
#8484 = LINE('',#8485,#8486);
#8485 = CARTESIAN_POINT('',(-41.,-1.25,70.2));
#8486 = VECTOR('',#8487,1.);
#8487 = DIRECTION('',(1.,0.,0.));
#8488 = ORIENTED_EDGE('',*,*,#8489,.F.);
#8489 = EDGE_CURVE('',#8434,#8482,#8490,.T.);
#8490 = LINE('',#8491,#8492);
#8491 = CARTESIAN_POINT('',(-36.,-1.25,44.1));
#8492 = VECTOR('',#8493,1.);
#8493 = DIRECTION('',(0.,0.,1.));
#8494 = PLANE('',#8495);
#8495 = AXIS2_PLACEMENT_3D('',#8496,#8497,#8498);
#8496 = CARTESIAN_POINT('',(-41.,-1.25,68.2));
#8497 = DIRECTION('',(0.,1.,0.));
#8498 = DIRECTION('',(0.,0.,1.));
#8499 = ADVANCED_FACE('',(#8500),#8511,.F.);
#8500 = FACE_BOUND('',#8501,.F.);
#8501 = EDGE_LOOP('',(#8502,#8503,#8504,#8505));
#8502 = ORIENTED_EDGE('',*,*,#8457,.F.);
#8503 = ORIENTED_EDGE('',*,*,#7492,.T.);
#8504 = ORIENTED_EDGE('',*,*,#8481,.T.);
#8505 = ORIENTED_EDGE('',*,*,#8506,.F.);
#8506 = EDGE_CURVE('',#8458,#8482,#8507,.T.);
#8507 = LINE('',#8508,#8509);
#8508 = CARTESIAN_POINT('',(-36.,-9.875,70.2));
#8509 = VECTOR('',#8510,1.);
#8510 = DIRECTION('',(0.,-1.,0.));
#8511 = PLANE('',#8512);
#8512 = AXIS2_PLACEMENT_3D('',#8513,#8514,#8515);
#8513 = CARTESIAN_POINT('',(-41.,-1.25,70.2));
#8514 = DIRECTION('',(0.,0.,1.));
#8515 = DIRECTION('',(1.,0.,0.));
#8516 = ADVANCED_FACE('',(#8517),#8542,.T.);
#8517 = FACE_BOUND('',#8518,.T.);
#8518 = EDGE_LOOP('',(#8519,#8527,#8528,#8536));
#8519 = ORIENTED_EDGE('',*,*,#8520,.F.);
#8520 = EDGE_CURVE('',#7509,#8521,#8523,.T.);
#8521 = VERTEX_POINT('',#8522);
#8522 = CARTESIAN_POINT('',(-36.,1.25,75.4));
#8523 = LINE('',#8524,#8525);
#8524 = CARTESIAN_POINT('',(-41.,1.25,75.4));
#8525 = VECTOR('',#8526,1.);
#8526 = DIRECTION('',(1.,0.,0.));
#8527 = ORIENTED_EDGE('',*,*,#7508,.T.);
#8528 = ORIENTED_EDGE('',*,*,#8529,.T.);
#8529 = EDGE_CURVE('',#7511,#8530,#8532,.T.);
#8530 = VERTEX_POINT('',#8531);
#8531 = CARTESIAN_POINT('',(-36.,-1.25,75.4));
#8532 = LINE('',#8533,#8534);
#8533 = CARTESIAN_POINT('',(-41.,-1.25,75.4));
#8534 = VECTOR('',#8535,1.);
#8535 = DIRECTION('',(1.,0.,0.));
#8536 = ORIENTED_EDGE('',*,*,#8537,.F.);
#8537 = EDGE_CURVE('',#8521,#8530,#8538,.T.);
#8538 = LINE('',#8539,#8540);
#8539 = CARTESIAN_POINT('',(-36.,-9.875,75.4));
#8540 = VECTOR('',#8541,1.);
#8541 = DIRECTION('',(0.,-1.,0.));
#8542 = PLANE('',#8543);
#8543 = AXIS2_PLACEMENT_3D('',#8544,#8545,#8546);
#8544 = CARTESIAN_POINT('',(-41.,-1.25,75.4));
#8545 = DIRECTION('',(0.,0.,1.));
#8546 = DIRECTION('',(1.,0.,0.));
#8547 = ADVANCED_FACE('',(#8548),#8566,.F.);
#8548 = FACE_BOUND('',#8549,.F.);
#8549 = EDGE_LOOP('',(#8550,#8551,#8552,#8560));
#8550 = ORIENTED_EDGE('',*,*,#8520,.F.);
#8551 = ORIENTED_EDGE('',*,*,#7534,.T.);
#8552 = ORIENTED_EDGE('',*,*,#8553,.T.);
#8553 = EDGE_CURVE('',#7527,#8554,#8556,.T.);
#8554 = VERTEX_POINT('',#8555);
#8555 = CARTESIAN_POINT('',(-36.,1.25,77.4));
#8556 = LINE('',#8557,#8558);
#8557 = CARTESIAN_POINT('',(-41.,1.25,77.4));
#8558 = VECTOR('',#8559,1.);
#8559 = DIRECTION('',(1.,0.,0.));
#8560 = ORIENTED_EDGE('',*,*,#8561,.F.);
#8561 = EDGE_CURVE('',#8521,#8554,#8562,.T.);
#8562 = LINE('',#8563,#8564);
#8563 = CARTESIAN_POINT('',(-36.,1.25,47.7));
#8564 = VECTOR('',#8565,1.);
#8565 = DIRECTION('',(0.,0.,1.));
#8566 = PLANE('',#8567);
#8567 = AXIS2_PLACEMENT_3D('',#8568,#8569,#8570);
#8568 = CARTESIAN_POINT('',(-41.,1.25,75.4));
#8569 = DIRECTION('',(0.,1.,0.));
#8570 = DIRECTION('',(0.,0.,1.));
#8571 = ADVANCED_FACE('',(#8572),#8590,.T.);
#8572 = FACE_BOUND('',#8573,.T.);
#8573 = EDGE_LOOP('',(#8574,#8575,#8576,#8584));
#8574 = ORIENTED_EDGE('',*,*,#8529,.F.);
#8575 = ORIENTED_EDGE('',*,*,#7518,.T.);
#8576 = ORIENTED_EDGE('',*,*,#8577,.T.);
#8577 = EDGE_CURVE('',#7519,#8578,#8580,.T.);
#8578 = VERTEX_POINT('',#8579);
#8579 = CARTESIAN_POINT('',(-36.,-1.25,77.4));
#8580 = LINE('',#8581,#8582);
#8581 = CARTESIAN_POINT('',(-41.,-1.25,77.4));
#8582 = VECTOR('',#8583,1.);
#8583 = DIRECTION('',(1.,0.,0.));
#8584 = ORIENTED_EDGE('',*,*,#8585,.F.);
#8585 = EDGE_CURVE('',#8530,#8578,#8586,.T.);
#8586 = LINE('',#8587,#8588);
#8587 = CARTESIAN_POINT('',(-36.,-1.25,47.7));
#8588 = VECTOR('',#8589,1.);
#8589 = DIRECTION('',(0.,0.,1.));
#8590 = PLANE('',#8591);
#8591 = AXIS2_PLACEMENT_3D('',#8592,#8593,#8594);
#8592 = CARTESIAN_POINT('',(-41.,-1.25,75.4));
#8593 = DIRECTION('',(0.,1.,0.));
#8594 = DIRECTION('',(0.,0.,1.));
#8595 = ADVANCED_FACE('',(#8596),#8607,.F.);
#8596 = FACE_BOUND('',#8597,.F.);
#8597 = EDGE_LOOP('',(#8598,#8599,#8600,#8601));
#8598 = ORIENTED_EDGE('',*,*,#8553,.F.);
#8599 = ORIENTED_EDGE('',*,*,#7526,.T.);
#8600 = ORIENTED_EDGE('',*,*,#8577,.T.);
#8601 = ORIENTED_EDGE('',*,*,#8602,.F.);
#8602 = EDGE_CURVE('',#8554,#8578,#8603,.T.);
#8603 = LINE('',#8604,#8605);
#8604 = CARTESIAN_POINT('',(-36.,-9.875,77.4));
#8605 = VECTOR('',#8606,1.);
#8606 = DIRECTION('',(0.,-1.,0.));
#8607 = PLANE('',#8608);
#8608 = AXIS2_PLACEMENT_3D('',#8609,#8610,#8611);
#8609 = CARTESIAN_POINT('',(-41.,-1.25,77.4));
#8610 = DIRECTION('',(0.,0.,1.));
#8611 = DIRECTION('',(1.,0.,0.));
#8612 = ADVANCED_FACE('',(#8613),#8638,.T.);
#8613 = FACE_BOUND('',#8614,.T.);
#8614 = EDGE_LOOP('',(#8615,#8623,#8624,#8632));
#8615 = ORIENTED_EDGE('',*,*,#8616,.F.);
#8616 = EDGE_CURVE('',#7543,#8617,#8619,.T.);
#8617 = VERTEX_POINT('',#8618);
#8618 = CARTESIAN_POINT('',(-36.,1.25,82.6));
#8619 = LINE('',#8620,#8621);
#8620 = CARTESIAN_POINT('',(-41.,1.25,82.6));
#8621 = VECTOR('',#8622,1.);
#8622 = DIRECTION('',(1.,0.,0.));
#8623 = ORIENTED_EDGE('',*,*,#7542,.T.);
#8624 = ORIENTED_EDGE('',*,*,#8625,.T.);
#8625 = EDGE_CURVE('',#7545,#8626,#8628,.T.);
#8626 = VERTEX_POINT('',#8627);
#8627 = CARTESIAN_POINT('',(-36.,-1.25,82.6));
#8628 = LINE('',#8629,#8630);
#8629 = CARTESIAN_POINT('',(-41.,-1.25,82.6));
#8630 = VECTOR('',#8631,1.);
#8631 = DIRECTION('',(1.,0.,0.));
#8632 = ORIENTED_EDGE('',*,*,#8633,.F.);
#8633 = EDGE_CURVE('',#8617,#8626,#8634,.T.);
#8634 = LINE('',#8635,#8636);
#8635 = CARTESIAN_POINT('',(-36.,-9.875,82.6));
#8636 = VECTOR('',#8637,1.);
#8637 = DIRECTION('',(0.,-1.,0.));
#8638 = PLANE('',#8639);
#8639 = AXIS2_PLACEMENT_3D('',#8640,#8641,#8642);
#8640 = CARTESIAN_POINT('',(-41.,-1.25,82.6));
#8641 = DIRECTION('',(0.,0.,1.));
#8642 = DIRECTION('',(1.,0.,0.));
#8643 = ADVANCED_FACE('',(#8644),#8662,.F.);
#8644 = FACE_BOUND('',#8645,.F.);
#8645 = EDGE_LOOP('',(#8646,#8647,#8648,#8656));
#8646 = ORIENTED_EDGE('',*,*,#8616,.F.);
#8647 = ORIENTED_EDGE('',*,*,#7568,.T.);
#8648 = ORIENTED_EDGE('',*,*,#8649,.T.);
#8649 = EDGE_CURVE('',#7561,#8650,#8652,.T.);
#8650 = VERTEX_POINT('',#8651);
#8651 = CARTESIAN_POINT('',(-36.,1.25,84.6));
#8652 = LINE('',#8653,#8654);
#8653 = CARTESIAN_POINT('',(-41.,1.25,84.6));
#8654 = VECTOR('',#8655,1.);
#8655 = DIRECTION('',(1.,0.,0.));
#8656 = ORIENTED_EDGE('',*,*,#8657,.F.);
#8657 = EDGE_CURVE('',#8617,#8650,#8658,.T.);
#8658 = LINE('',#8659,#8660);
#8659 = CARTESIAN_POINT('',(-36.,1.25,51.3));
#8660 = VECTOR('',#8661,1.);
#8661 = DIRECTION('',(0.,0.,1.));
#8662 = PLANE('',#8663);
#8663 = AXIS2_PLACEMENT_3D('',#8664,#8665,#8666);
#8664 = CARTESIAN_POINT('',(-41.,1.25,82.6));
#8665 = DIRECTION('',(0.,1.,0.));
#8666 = DIRECTION('',(0.,0.,1.));
#8667 = ADVANCED_FACE('',(#8668),#8686,.T.);
#8668 = FACE_BOUND('',#8669,.T.);
#8669 = EDGE_LOOP('',(#8670,#8671,#8672,#8680));
#8670 = ORIENTED_EDGE('',*,*,#8625,.F.);
#8671 = ORIENTED_EDGE('',*,*,#7552,.T.);
#8672 = ORIENTED_EDGE('',*,*,#8673,.T.);
#8673 = EDGE_CURVE('',#7553,#8674,#8676,.T.);
#8674 = VERTEX_POINT('',#8675);
#8675 = CARTESIAN_POINT('',(-36.,-1.25,84.6));
#8676 = LINE('',#8677,#8678);
#8677 = CARTESIAN_POINT('',(-41.,-1.25,84.6));
#8678 = VECTOR('',#8679,1.);
#8679 = DIRECTION('',(1.,0.,0.));
#8680 = ORIENTED_EDGE('',*,*,#8681,.F.);
#8681 = EDGE_CURVE('',#8626,#8674,#8682,.T.);
#8682 = LINE('',#8683,#8684);
#8683 = CARTESIAN_POINT('',(-36.,-1.25,51.3));
#8684 = VECTOR('',#8685,1.);
#8685 = DIRECTION('',(0.,0.,1.));
#8686 = PLANE('',#8687);
#8687 = AXIS2_PLACEMENT_3D('',#8688,#8689,#8690);
#8688 = CARTESIAN_POINT('',(-41.,-1.25,82.6));
#8689 = DIRECTION('',(0.,1.,0.));
#8690 = DIRECTION('',(0.,0.,1.));
#8691 = ADVANCED_FACE('',(#8692),#8703,.F.);
#8692 = FACE_BOUND('',#8693,.F.);
#8693 = EDGE_LOOP('',(#8694,#8695,#8696,#8697));
#8694 = ORIENTED_EDGE('',*,*,#8649,.F.);
#8695 = ORIENTED_EDGE('',*,*,#7560,.T.);
#8696 = ORIENTED_EDGE('',*,*,#8673,.T.);
#8697 = ORIENTED_EDGE('',*,*,#8698,.F.);
#8698 = EDGE_CURVE('',#8650,#8674,#8699,.T.);
#8699 = LINE('',#8700,#8701);
#8700 = CARTESIAN_POINT('',(-36.,-9.875,84.6));
#8701 = VECTOR('',#8702,1.);
#8702 = DIRECTION('',(0.,-1.,0.));
#8703 = PLANE('',#8704);
#8704 = AXIS2_PLACEMENT_3D('',#8705,#8706,#8707);
#8705 = CARTESIAN_POINT('',(-41.,-1.25,84.6));
#8706 = DIRECTION('',(0.,0.,1.));
#8707 = DIRECTION('',(1.,0.,0.));
#8708 = ADVANCED_FACE('',(#8709),#8734,.T.);
#8709 = FACE_BOUND('',#8710,.T.);
#8710 = EDGE_LOOP('',(#8711,#8719,#8720,#8728));
#8711 = ORIENTED_EDGE('',*,*,#8712,.F.);
#8712 = EDGE_CURVE('',#7577,#8713,#8715,.T.);
#8713 = VERTEX_POINT('',#8714);
#8714 = CARTESIAN_POINT('',(-36.,1.25,89.8));
#8715 = LINE('',#8716,#8717);
#8716 = CARTESIAN_POINT('',(-41.,1.25,89.8));
#8717 = VECTOR('',#8718,1.);
#8718 = DIRECTION('',(1.,0.,0.));
#8719 = ORIENTED_EDGE('',*,*,#7576,.T.);
#8720 = ORIENTED_EDGE('',*,*,#8721,.T.);
#8721 = EDGE_CURVE('',#7579,#8722,#8724,.T.);
#8722 = VERTEX_POINT('',#8723);
#8723 = CARTESIAN_POINT('',(-36.,-1.25,89.8));
#8724 = LINE('',#8725,#8726);
#8725 = CARTESIAN_POINT('',(-41.,-1.25,89.8));
#8726 = VECTOR('',#8727,1.);
#8727 = DIRECTION('',(1.,0.,0.));
#8728 = ORIENTED_EDGE('',*,*,#8729,.F.);
#8729 = EDGE_CURVE('',#8713,#8722,#8730,.T.);
#8730 = LINE('',#8731,#8732);
#8731 = CARTESIAN_POINT('',(-36.,-9.875,89.8));
#8732 = VECTOR('',#8733,1.);
#8733 = DIRECTION('',(0.,-1.,0.));
#8734 = PLANE('',#8735);
#8735 = AXIS2_PLACEMENT_3D('',#8736,#8737,#8738);
#8736 = CARTESIAN_POINT('',(-41.,-1.25,89.8));
#8737 = DIRECTION('',(0.,0.,1.));
#8738 = DIRECTION('',(1.,0.,0.));
#8739 = ADVANCED_FACE('',(#8740),#8758,.F.);
#8740 = FACE_BOUND('',#8741,.F.);
#8741 = EDGE_LOOP('',(#8742,#8743,#8744,#8752));
#8742 = ORIENTED_EDGE('',*,*,#8712,.F.);
#8743 = ORIENTED_EDGE('',*,*,#7602,.T.);
#8744 = ORIENTED_EDGE('',*,*,#8745,.T.);
#8745 = EDGE_CURVE('',#7595,#8746,#8748,.T.);
#8746 = VERTEX_POINT('',#8747);
#8747 = CARTESIAN_POINT('',(-36.,1.25,91.8));
#8748 = LINE('',#8749,#8750);
#8749 = CARTESIAN_POINT('',(-41.,1.25,91.8));
#8750 = VECTOR('',#8751,1.);
#8751 = DIRECTION('',(1.,0.,0.));
#8752 = ORIENTED_EDGE('',*,*,#8753,.F.);
#8753 = EDGE_CURVE('',#8713,#8746,#8754,.T.);
#8754 = LINE('',#8755,#8756);
#8755 = CARTESIAN_POINT('',(-36.,1.25,54.9));
#8756 = VECTOR('',#8757,1.);
#8757 = DIRECTION('',(0.,0.,1.));
#8758 = PLANE('',#8759);
#8759 = AXIS2_PLACEMENT_3D('',#8760,#8761,#8762);
#8760 = CARTESIAN_POINT('',(-41.,1.25,89.8));
#8761 = DIRECTION('',(0.,1.,0.));
#8762 = DIRECTION('',(0.,0.,1.));
#8763 = ADVANCED_FACE('',(#8764),#8782,.T.);
#8764 = FACE_BOUND('',#8765,.T.);
#8765 = EDGE_LOOP('',(#8766,#8767,#8768,#8776));
#8766 = ORIENTED_EDGE('',*,*,#8721,.F.);
#8767 = ORIENTED_EDGE('',*,*,#7586,.T.);
#8768 = ORIENTED_EDGE('',*,*,#8769,.T.);
#8769 = EDGE_CURVE('',#7587,#8770,#8772,.T.);
#8770 = VERTEX_POINT('',#8771);
#8771 = CARTESIAN_POINT('',(-36.,-1.25,91.8));
#8772 = LINE('',#8773,#8774);
#8773 = CARTESIAN_POINT('',(-41.,-1.25,91.8));
#8774 = VECTOR('',#8775,1.);
#8775 = DIRECTION('',(1.,0.,0.));
#8776 = ORIENTED_EDGE('',*,*,#8777,.F.);
#8777 = EDGE_CURVE('',#8722,#8770,#8778,.T.);
#8778 = LINE('',#8779,#8780);
#8779 = CARTESIAN_POINT('',(-36.,-1.25,54.9));
#8780 = VECTOR('',#8781,1.);
#8781 = DIRECTION('',(0.,0.,1.));
#8782 = PLANE('',#8783);
#8783 = AXIS2_PLACEMENT_3D('',#8784,#8785,#8786);
#8784 = CARTESIAN_POINT('',(-41.,-1.25,89.8));
#8785 = DIRECTION('',(0.,1.,0.));
#8786 = DIRECTION('',(0.,0.,1.));
#8787 = ADVANCED_FACE('',(#8788),#8799,.F.);
#8788 = FACE_BOUND('',#8789,.F.);
#8789 = EDGE_LOOP('',(#8790,#8791,#8792,#8793));
#8790 = ORIENTED_EDGE('',*,*,#8745,.F.);
#8791 = ORIENTED_EDGE('',*,*,#7594,.T.);
#8792 = ORIENTED_EDGE('',*,*,#8769,.T.);
#8793 = ORIENTED_EDGE('',*,*,#8794,.F.);
#8794 = EDGE_CURVE('',#8746,#8770,#8795,.T.);
#8795 = LINE('',#8796,#8797);
#8796 = CARTESIAN_POINT('',(-36.,-9.875,91.8));
#8797 = VECTOR('',#8798,1.);
#8798 = DIRECTION('',(0.,-1.,0.));
#8799 = PLANE('',#8800);
#8800 = AXIS2_PLACEMENT_3D('',#8801,#8802,#8803);
#8801 = CARTESIAN_POINT('',(-41.,-1.25,91.8));
#8802 = DIRECTION('',(0.,0.,1.));
#8803 = DIRECTION('',(1.,0.,0.));
#8804 = ADVANCED_FACE('',(#8805),#8830,.T.);
#8805 = FACE_BOUND('',#8806,.T.);
#8806 = EDGE_LOOP('',(#8807,#8815,#8816,#8824));
#8807 = ORIENTED_EDGE('',*,*,#8808,.F.);
#8808 = EDGE_CURVE('',#7611,#8809,#8811,.T.);
#8809 = VERTEX_POINT('',#8810);
#8810 = CARTESIAN_POINT('',(-36.,1.25,97.));
#8811 = LINE('',#8812,#8813);
#8812 = CARTESIAN_POINT('',(-41.,1.25,97.));
#8813 = VECTOR('',#8814,1.);
#8814 = DIRECTION('',(1.,0.,0.));
#8815 = ORIENTED_EDGE('',*,*,#7610,.T.);
#8816 = ORIENTED_EDGE('',*,*,#8817,.T.);
#8817 = EDGE_CURVE('',#7613,#8818,#8820,.T.);
#8818 = VERTEX_POINT('',#8819);
#8819 = CARTESIAN_POINT('',(-36.,-1.25,97.));
#8820 = LINE('',#8821,#8822);
#8821 = CARTESIAN_POINT('',(-41.,-1.25,97.));
#8822 = VECTOR('',#8823,1.);
#8823 = DIRECTION('',(1.,0.,0.));
#8824 = ORIENTED_EDGE('',*,*,#8825,.F.);
#8825 = EDGE_CURVE('',#8809,#8818,#8826,.T.);
#8826 = LINE('',#8827,#8828);
#8827 = CARTESIAN_POINT('',(-36.,-9.875,97.));
#8828 = VECTOR('',#8829,1.);
#8829 = DIRECTION('',(0.,-1.,0.));
#8830 = PLANE('',#8831);
#8831 = AXIS2_PLACEMENT_3D('',#8832,#8833,#8834);
#8832 = CARTESIAN_POINT('',(-41.,-1.25,97.));
#8833 = DIRECTION('',(0.,0.,1.));
#8834 = DIRECTION('',(1.,0.,0.));
#8835 = ADVANCED_FACE('',(#8836),#8854,.F.);
#8836 = FACE_BOUND('',#8837,.F.);
#8837 = EDGE_LOOP('',(#8838,#8839,#8840,#8848));
#8838 = ORIENTED_EDGE('',*,*,#8808,.F.);
#8839 = ORIENTED_EDGE('',*,*,#7636,.T.);
#8840 = ORIENTED_EDGE('',*,*,#8841,.T.);
#8841 = EDGE_CURVE('',#7629,#8842,#8844,.T.);
#8842 = VERTEX_POINT('',#8843);
#8843 = CARTESIAN_POINT('',(-36.,1.25,99.));
#8844 = LINE('',#8845,#8846);
#8845 = CARTESIAN_POINT('',(-41.,1.25,99.));
#8846 = VECTOR('',#8847,1.);
#8847 = DIRECTION('',(1.,0.,0.));
#8848 = ORIENTED_EDGE('',*,*,#8849,.F.);
#8849 = EDGE_CURVE('',#8809,#8842,#8850,.T.);
#8850 = LINE('',#8851,#8852);
#8851 = CARTESIAN_POINT('',(-36.,1.25,58.5));
#8852 = VECTOR('',#8853,1.);
#8853 = DIRECTION('',(0.,0.,1.));
#8854 = PLANE('',#8855);
#8855 = AXIS2_PLACEMENT_3D('',#8856,#8857,#8858);
#8856 = CARTESIAN_POINT('',(-41.,1.25,97.));
#8857 = DIRECTION('',(0.,1.,0.));
#8858 = DIRECTION('',(0.,0.,1.));
#8859 = ADVANCED_FACE('',(#8860),#8878,.T.);
#8860 = FACE_BOUND('',#8861,.T.);
#8861 = EDGE_LOOP('',(#8862,#8863,#8864,#8872));
#8862 = ORIENTED_EDGE('',*,*,#8817,.F.);
#8863 = ORIENTED_EDGE('',*,*,#7620,.T.);
#8864 = ORIENTED_EDGE('',*,*,#8865,.T.);
#8865 = EDGE_CURVE('',#7621,#8866,#8868,.T.);
#8866 = VERTEX_POINT('',#8867);
#8867 = CARTESIAN_POINT('',(-36.,-1.25,99.));
#8868 = LINE('',#8869,#8870);
#8869 = CARTESIAN_POINT('',(-41.,-1.25,99.));
#8870 = VECTOR('',#8871,1.);
#8871 = DIRECTION('',(1.,0.,0.));
#8872 = ORIENTED_EDGE('',*,*,#8873,.F.);
#8873 = EDGE_CURVE('',#8818,#8866,#8874,.T.);
#8874 = LINE('',#8875,#8876);
#8875 = CARTESIAN_POINT('',(-36.,-1.25,58.5));
#8876 = VECTOR('',#8877,1.);
#8877 = DIRECTION('',(0.,0.,1.));
#8878 = PLANE('',#8879);
#8879 = AXIS2_PLACEMENT_3D('',#8880,#8881,#8882);
#8880 = CARTESIAN_POINT('',(-41.,-1.25,97.));
#8881 = DIRECTION('',(0.,1.,0.));
#8882 = DIRECTION('',(0.,0.,1.));
#8883 = ADVANCED_FACE('',(#8884),#8895,.F.);
#8884 = FACE_BOUND('',#8885,.F.);
#8885 = EDGE_LOOP('',(#8886,#8887,#8888,#8889));
#8886 = ORIENTED_EDGE('',*,*,#8841,.F.);
#8887 = ORIENTED_EDGE('',*,*,#7628,.T.);
#8888 = ORIENTED_EDGE('',*,*,#8865,.T.);
#8889 = ORIENTED_EDGE('',*,*,#8890,.F.);
#8890 = EDGE_CURVE('',#8842,#8866,#8891,.T.);
#8891 = LINE('',#8892,#8893);
#8892 = CARTESIAN_POINT('',(-36.,-9.875,99.));
#8893 = VECTOR('',#8894,1.);
#8894 = DIRECTION('',(0.,-1.,0.));
#8895 = PLANE('',#8896);
#8896 = AXIS2_PLACEMENT_3D('',#8897,#8898,#8899);
#8897 = CARTESIAN_POINT('',(-41.,-1.25,99.));
#8898 = DIRECTION('',(0.,0.,1.));
#8899 = DIRECTION('',(1.,0.,0.));
#8900 = ADVANCED_FACE('',(#8901),#8926,.T.);
#8901 = FACE_BOUND('',#8902,.T.);
#8902 = EDGE_LOOP('',(#8903,#8911,#8912,#8920));
#8903 = ORIENTED_EDGE('',*,*,#8904,.F.);
#8904 = EDGE_CURVE('',#7645,#8905,#8907,.T.);
#8905 = VERTEX_POINT('',#8906);
#8906 = CARTESIAN_POINT('',(-36.,1.25,104.2));
#8907 = LINE('',#8908,#8909);
#8908 = CARTESIAN_POINT('',(-41.,1.25,104.2));
#8909 = VECTOR('',#8910,1.);
#8910 = DIRECTION('',(1.,0.,0.));
#8911 = ORIENTED_EDGE('',*,*,#7644,.T.);
#8912 = ORIENTED_EDGE('',*,*,#8913,.T.);
#8913 = EDGE_CURVE('',#7647,#8914,#8916,.T.);
#8914 = VERTEX_POINT('',#8915);
#8915 = CARTESIAN_POINT('',(-36.,-1.25,104.2));
#8916 = LINE('',#8917,#8918);
#8917 = CARTESIAN_POINT('',(-41.,-1.25,104.2));
#8918 = VECTOR('',#8919,1.);
#8919 = DIRECTION('',(1.,0.,0.));
#8920 = ORIENTED_EDGE('',*,*,#8921,.F.);
#8921 = EDGE_CURVE('',#8905,#8914,#8922,.T.);
#8922 = LINE('',#8923,#8924);
#8923 = CARTESIAN_POINT('',(-36.,-9.875,104.2));
#8924 = VECTOR('',#8925,1.);
#8925 = DIRECTION('',(0.,-1.,0.));
#8926 = PLANE('',#8927);
#8927 = AXIS2_PLACEMENT_3D('',#8928,#8929,#8930);
#8928 = CARTESIAN_POINT('',(-41.,-1.25,104.2));
#8929 = DIRECTION('',(0.,0.,1.));
#8930 = DIRECTION('',(1.,0.,0.));
#8931 = ADVANCED_FACE('',(#8932),#8950,.F.);
#8932 = FACE_BOUND('',#8933,.F.);
#8933 = EDGE_LOOP('',(#8934,#8935,#8936,#8944));
#8934 = ORIENTED_EDGE('',*,*,#8904,.F.);
#8935 = ORIENTED_EDGE('',*,*,#7670,.T.);
#8936 = ORIENTED_EDGE('',*,*,#8937,.T.);
#8937 = EDGE_CURVE('',#7663,#8938,#8940,.T.);
#8938 = VERTEX_POINT('',#8939);
#8939 = CARTESIAN_POINT('',(-36.,1.25,106.2));
#8940 = LINE('',#8941,#8942);
#8941 = CARTESIAN_POINT('',(-41.,1.25,106.2));
#8942 = VECTOR('',#8943,1.);
#8943 = DIRECTION('',(1.,0.,0.));
#8944 = ORIENTED_EDGE('',*,*,#8945,.F.);
#8945 = EDGE_CURVE('',#8905,#8938,#8946,.T.);
#8946 = LINE('',#8947,#8948);
#8947 = CARTESIAN_POINT('',(-36.,1.25,62.1));
#8948 = VECTOR('',#8949,1.);
#8949 = DIRECTION('',(0.,0.,1.));
#8950 = PLANE('',#8951);
#8951 = AXIS2_PLACEMENT_3D('',#8952,#8953,#8954);
#8952 = CARTESIAN_POINT('',(-41.,1.25,104.2));
#8953 = DIRECTION('',(0.,1.,0.));
#8954 = DIRECTION('',(0.,0.,1.));
#8955 = ADVANCED_FACE('',(#8956),#8974,.T.);
#8956 = FACE_BOUND('',#8957,.T.);
#8957 = EDGE_LOOP('',(#8958,#8959,#8960,#8968));
#8958 = ORIENTED_EDGE('',*,*,#8913,.F.);
#8959 = ORIENTED_EDGE('',*,*,#7654,.T.);
#8960 = ORIENTED_EDGE('',*,*,#8961,.T.);
#8961 = EDGE_CURVE('',#7655,#8962,#8964,.T.);
#8962 = VERTEX_POINT('',#8963);
#8963 = CARTESIAN_POINT('',(-36.,-1.25,106.2));
#8964 = LINE('',#8965,#8966);
#8965 = CARTESIAN_POINT('',(-41.,-1.25,106.2));
#8966 = VECTOR('',#8967,1.);
#8967 = DIRECTION('',(1.,0.,0.));
#8968 = ORIENTED_EDGE('',*,*,#8969,.F.);
#8969 = EDGE_CURVE('',#8914,#8962,#8970,.T.);
#8970 = LINE('',#8971,#8972);
#8971 = CARTESIAN_POINT('',(-36.,-1.25,62.1));
#8972 = VECTOR('',#8973,1.);
#8973 = DIRECTION('',(0.,0.,1.));
#8974 = PLANE('',#8975);
#8975 = AXIS2_PLACEMENT_3D('',#8976,#8977,#8978);
#8976 = CARTESIAN_POINT('',(-41.,-1.25,104.2));
#8977 = DIRECTION('',(0.,1.,0.));
#8978 = DIRECTION('',(0.,0.,1.));
#8979 = ADVANCED_FACE('',(#8980),#8991,.F.);
#8980 = FACE_BOUND('',#8981,.F.);
#8981 = EDGE_LOOP('',(#8982,#8983,#8984,#8985));
#8982 = ORIENTED_EDGE('',*,*,#8937,.F.);
#8983 = ORIENTED_EDGE('',*,*,#7662,.T.);
#8984 = ORIENTED_EDGE('',*,*,#8961,.T.);
#8985 = ORIENTED_EDGE('',*,*,#8986,.F.);
#8986 = EDGE_CURVE('',#8938,#8962,#8987,.T.);
#8987 = LINE('',#8988,#8989);
#8988 = CARTESIAN_POINT('',(-36.,-9.875,106.2));
#8989 = VECTOR('',#8990,1.);
#8990 = DIRECTION('',(0.,-1.,0.));
#8991 = PLANE('',#8992);
#8992 = AXIS2_PLACEMENT_3D('',#8993,#8994,#8995);
#8993 = CARTESIAN_POINT('',(-41.,-1.25,106.2));
#8994 = DIRECTION('',(0.,0.,1.));
#8995 = DIRECTION('',(1.,0.,0.));
#8996 = ADVANCED_FACE('',(#8997),#9022,.T.);
#8997 = FACE_BOUND('',#8998,.T.);
#8998 = EDGE_LOOP('',(#8999,#9007,#9008,#9016));
#8999 = ORIENTED_EDGE('',*,*,#9000,.F.);
#9000 = EDGE_CURVE('',#7679,#9001,#9003,.T.);
#9001 = VERTEX_POINT('',#9002);
#9002 = CARTESIAN_POINT('',(-36.,1.25,111.4));
#9003 = LINE('',#9004,#9005);
#9004 = CARTESIAN_POINT('',(-41.,1.25,111.4));
#9005 = VECTOR('',#9006,1.);
#9006 = DIRECTION('',(1.,0.,0.));
#9007 = ORIENTED_EDGE('',*,*,#7678,.T.);
#9008 = ORIENTED_EDGE('',*,*,#9009,.T.);
#9009 = EDGE_CURVE('',#7681,#9010,#9012,.T.);
#9010 = VERTEX_POINT('',#9011);
#9011 = CARTESIAN_POINT('',(-36.,-1.25,111.4));
#9012 = LINE('',#9013,#9014);
#9013 = CARTESIAN_POINT('',(-41.,-1.25,111.4));
#9014 = VECTOR('',#9015,1.);
#9015 = DIRECTION('',(1.,0.,0.));
#9016 = ORIENTED_EDGE('',*,*,#9017,.F.);
#9017 = EDGE_CURVE('',#9001,#9010,#9018,.T.);
#9018 = LINE('',#9019,#9020);
#9019 = CARTESIAN_POINT('',(-36.,-9.875,111.4));
#9020 = VECTOR('',#9021,1.);
#9021 = DIRECTION('',(0.,-1.,0.));
#9022 = PLANE('',#9023);
#9023 = AXIS2_PLACEMENT_3D('',#9024,#9025,#9026);
#9024 = CARTESIAN_POINT('',(-41.,-1.25,111.4));
#9025 = DIRECTION('',(0.,0.,1.));
#9026 = DIRECTION('',(1.,0.,0.));
#9027 = ADVANCED_FACE('',(#9028),#9046,.F.);
#9028 = FACE_BOUND('',#9029,.F.);
#9029 = EDGE_LOOP('',(#9030,#9031,#9032,#9040));
#9030 = ORIENTED_EDGE('',*,*,#9000,.F.);
#9031 = ORIENTED_EDGE('',*,*,#7704,.T.);
#9032 = ORIENTED_EDGE('',*,*,#9033,.T.);
#9033 = EDGE_CURVE('',#7697,#9034,#9036,.T.);
#9034 = VERTEX_POINT('',#9035);
#9035 = CARTESIAN_POINT('',(-36.,1.25,113.4));
#9036 = LINE('',#9037,#9038);
#9037 = CARTESIAN_POINT('',(-41.,1.25,113.4));
#9038 = VECTOR('',#9039,1.);
#9039 = DIRECTION('',(1.,0.,0.));
#9040 = ORIENTED_EDGE('',*,*,#9041,.F.);
#9041 = EDGE_CURVE('',#9001,#9034,#9042,.T.);
#9042 = LINE('',#9043,#9044);
#9043 = CARTESIAN_POINT('',(-36.,1.25,65.7));
#9044 = VECTOR('',#9045,1.);
#9045 = DIRECTION('',(0.,0.,1.));
#9046 = PLANE('',#9047);
#9047 = AXIS2_PLACEMENT_3D('',#9048,#9049,#9050);
#9048 = CARTESIAN_POINT('',(-41.,1.25,111.4));
#9049 = DIRECTION('',(0.,1.,0.));
#9050 = DIRECTION('',(0.,0.,1.));
#9051 = ADVANCED_FACE('',(#9052),#9070,.T.);
#9052 = FACE_BOUND('',#9053,.T.);
#9053 = EDGE_LOOP('',(#9054,#9055,#9056,#9064));
#9054 = ORIENTED_EDGE('',*,*,#9009,.F.);
#9055 = ORIENTED_EDGE('',*,*,#7688,.T.);
#9056 = ORIENTED_EDGE('',*,*,#9057,.T.);
#9057 = EDGE_CURVE('',#7689,#9058,#9060,.T.);
#9058 = VERTEX_POINT('',#9059);
#9059 = CARTESIAN_POINT('',(-36.,-1.25,113.4));
#9060 = LINE('',#9061,#9062);
#9061 = CARTESIAN_POINT('',(-41.,-1.25,113.4));
#9062 = VECTOR('',#9063,1.);
#9063 = DIRECTION('',(1.,0.,0.));
#9064 = ORIENTED_EDGE('',*,*,#9065,.F.);
#9065 = EDGE_CURVE('',#9010,#9058,#9066,.T.);
#9066 = LINE('',#9067,#9068);
#9067 = CARTESIAN_POINT('',(-36.,-1.25,65.7));
#9068 = VECTOR('',#9069,1.);
#9069 = DIRECTION('',(0.,0.,1.));
#9070 = PLANE('',#9071);
#9071 = AXIS2_PLACEMENT_3D('',#9072,#9073,#9074);
#9072 = CARTESIAN_POINT('',(-41.,-1.25,111.4));
#9073 = DIRECTION('',(0.,1.,0.));
#9074 = DIRECTION('',(0.,0.,1.));
#9075 = ADVANCED_FACE('',(#9076),#9087,.F.);
#9076 = FACE_BOUND('',#9077,.F.);
#9077 = EDGE_LOOP('',(#9078,#9079,#9080,#9081));
#9078 = ORIENTED_EDGE('',*,*,#9033,.F.);
#9079 = ORIENTED_EDGE('',*,*,#7696,.T.);
#9080 = ORIENTED_EDGE('',*,*,#9057,.T.);
#9081 = ORIENTED_EDGE('',*,*,#9082,.F.);
#9082 = EDGE_CURVE('',#9034,#9058,#9083,.T.);
#9083 = LINE('',#9084,#9085);
#9084 = CARTESIAN_POINT('',(-36.,-9.875,113.4));
#9085 = VECTOR('',#9086,1.);
#9086 = DIRECTION('',(0.,-1.,0.));
#9087 = PLANE('',#9088);
#9088 = AXIS2_PLACEMENT_3D('',#9089,#9090,#9091);
#9089 = CARTESIAN_POINT('',(-41.,-1.25,113.4));
#9090 = DIRECTION('',(0.,0.,1.));
#9091 = DIRECTION('',(1.,0.,0.));
#9092 = ADVANCED_FACE('',(#9093),#9118,.T.);
#9093 = FACE_BOUND('',#9094,.T.);
#9094 = EDGE_LOOP('',(#9095,#9103,#9104,#9112));
#9095 = ORIENTED_EDGE('',*,*,#9096,.F.);
#9096 = EDGE_CURVE('',#7713,#9097,#9099,.T.);
#9097 = VERTEX_POINT('',#9098);
#9098 = CARTESIAN_POINT('',(-36.,1.25,118.6));
#9099 = LINE('',#9100,#9101);
#9100 = CARTESIAN_POINT('',(-41.,1.25,118.6));
#9101 = VECTOR('',#9102,1.);
#9102 = DIRECTION('',(1.,0.,0.));
#9103 = ORIENTED_EDGE('',*,*,#7712,.T.);
#9104 = ORIENTED_EDGE('',*,*,#9105,.T.);
#9105 = EDGE_CURVE('',#7715,#9106,#9108,.T.);
#9106 = VERTEX_POINT('',#9107);
#9107 = CARTESIAN_POINT('',(-36.,-1.25,118.6));
#9108 = LINE('',#9109,#9110);
#9109 = CARTESIAN_POINT('',(-41.,-1.25,118.6));
#9110 = VECTOR('',#9111,1.);
#9111 = DIRECTION('',(1.,0.,0.));
#9112 = ORIENTED_EDGE('',*,*,#9113,.F.);
#9113 = EDGE_CURVE('',#9097,#9106,#9114,.T.);
#9114 = LINE('',#9115,#9116);
#9115 = CARTESIAN_POINT('',(-36.,-9.875,118.6));
#9116 = VECTOR('',#9117,1.);
#9117 = DIRECTION('',(0.,-1.,0.));
#9118 = PLANE('',#9119);
#9119 = AXIS2_PLACEMENT_3D('',#9120,#9121,#9122);
#9120 = CARTESIAN_POINT('',(-41.,-1.25,118.6));
#9121 = DIRECTION('',(0.,0.,1.));
#9122 = DIRECTION('',(1.,0.,0.));
#9123 = ADVANCED_FACE('',(#9124),#9142,.F.);
#9124 = FACE_BOUND('',#9125,.F.);
#9125 = EDGE_LOOP('',(#9126,#9127,#9128,#9136));
#9126 = ORIENTED_EDGE('',*,*,#9096,.F.);
#9127 = ORIENTED_EDGE('',*,*,#7738,.T.);
#9128 = ORIENTED_EDGE('',*,*,#9129,.T.);
#9129 = EDGE_CURVE('',#7731,#9130,#9132,.T.);
#9130 = VERTEX_POINT('',#9131);
#9131 = CARTESIAN_POINT('',(-36.,1.25,120.6));
#9132 = LINE('',#9133,#9134);
#9133 = CARTESIAN_POINT('',(-41.,1.25,120.6));
#9134 = VECTOR('',#9135,1.);
#9135 = DIRECTION('',(1.,0.,0.));
#9136 = ORIENTED_EDGE('',*,*,#9137,.F.);
#9137 = EDGE_CURVE('',#9097,#9130,#9138,.T.);
#9138 = LINE('',#9139,#9140);
#9139 = CARTESIAN_POINT('',(-36.,1.25,69.3));
#9140 = VECTOR('',#9141,1.);
#9141 = DIRECTION('',(0.,0.,1.));
#9142 = PLANE('',#9143);
#9143 = AXIS2_PLACEMENT_3D('',#9144,#9145,#9146);
#9144 = CARTESIAN_POINT('',(-41.,1.25,118.6));
#9145 = DIRECTION('',(0.,1.,0.));
#9146 = DIRECTION('',(0.,0.,1.));
#9147 = ADVANCED_FACE('',(#9148),#9166,.F.);
#9148 = FACE_BOUND('',#9149,.F.);
#9149 = EDGE_LOOP('',(#9150,#9151,#9152,#9160));
#9150 = ORIENTED_EDGE('',*,*,#9129,.F.);
#9151 = ORIENTED_EDGE('',*,*,#7730,.T.);
#9152 = ORIENTED_EDGE('',*,*,#9153,.T.);
#9153 = EDGE_CURVE('',#7723,#9154,#9156,.T.);
#9154 = VERTEX_POINT('',#9155);
#9155 = CARTESIAN_POINT('',(-36.,-1.25,120.6));
#9156 = LINE('',#9157,#9158);
#9157 = CARTESIAN_POINT('',(-41.,-1.25,120.6));
#9158 = VECTOR('',#9159,1.);
#9159 = DIRECTION('',(1.,0.,0.));
#9160 = ORIENTED_EDGE('',*,*,#9161,.F.);
#9161 = EDGE_CURVE('',#9130,#9154,#9162,.T.);
#9162 = LINE('',#9163,#9164);
#9163 = CARTESIAN_POINT('',(-36.,-9.875,120.6));
#9164 = VECTOR('',#9165,1.);
#9165 = DIRECTION('',(0.,-1.,0.));
#9166 = PLANE('',#9167);
#9167 = AXIS2_PLACEMENT_3D('',#9168,#9169,#9170);
#9168 = CARTESIAN_POINT('',(-41.,-1.25,120.6));
#9169 = DIRECTION('',(0.,0.,1.));
#9170 = DIRECTION('',(1.,0.,0.));
#9171 = ADVANCED_FACE('',(#9172),#9183,.T.);
#9172 = FACE_BOUND('',#9173,.T.);
#9173 = EDGE_LOOP('',(#9174,#9175,#9176,#9177));
#9174 = ORIENTED_EDGE('',*,*,#9105,.F.);
#9175 = ORIENTED_EDGE('',*,*,#7722,.T.);
#9176 = ORIENTED_EDGE('',*,*,#9153,.T.);
#9177 = ORIENTED_EDGE('',*,*,#9178,.F.);
#9178 = EDGE_CURVE('',#9106,#9154,#9179,.T.);
#9179 = LINE('',#9180,#9181);
#9180 = CARTESIAN_POINT('',(-36.,-1.25,69.3));
#9181 = VECTOR('',#9182,1.);
#9182 = DIRECTION('',(0.,0.,1.));
#9183 = PLANE('',#9184);
#9184 = AXIS2_PLACEMENT_3D('',#9185,#9186,#9187);
#9185 = CARTESIAN_POINT('',(-41.,-1.25,118.6));
#9186 = DIRECTION('',(0.,1.,0.));
#9187 = DIRECTION('',(0.,0.,1.));
#9188 = ADVANCED_FACE('',(#9189,#9195,#9201,#9207,#9213,#9219,#9225,
    #9231,#9237,#9243,#9249,#9255,#9261,#9267,#9273),#9279,.T.);
#9189 = FACE_BOUND('',#9190,.T.);
#9190 = EDGE_LOOP('',(#9191,#9192,#9193,#9194));
#9191 = ORIENTED_EDGE('',*,*,#7769,.F.);
#9192 = ORIENTED_EDGE('',*,*,#7809,.T.);
#9193 = ORIENTED_EDGE('',*,*,#7834,.T.);
#9194 = ORIENTED_EDGE('',*,*,#7785,.F.);
#9195 = FACE_BOUND('',#9196,.T.);
#9196 = EDGE_LOOP('',(#9197,#9198,#9199,#9200));
#9197 = ORIENTED_EDGE('',*,*,#7865,.T.);
#9198 = ORIENTED_EDGE('',*,*,#7913,.T.);
#9199 = ORIENTED_EDGE('',*,*,#7930,.F.);
#9200 = ORIENTED_EDGE('',*,*,#7889,.F.);
#9201 = FACE_BOUND('',#9202,.T.);
#9202 = EDGE_LOOP('',(#9203,#9204,#9205,#9206));
#9203 = ORIENTED_EDGE('',*,*,#7961,.T.);
#9204 = ORIENTED_EDGE('',*,*,#8009,.T.);
#9205 = ORIENTED_EDGE('',*,*,#8026,.F.);
#9206 = ORIENTED_EDGE('',*,*,#7985,.F.);
#9207 = FACE_BOUND('',#9208,.T.);
#9208 = EDGE_LOOP('',(#9209,#9210,#9211,#9212));
#9209 = ORIENTED_EDGE('',*,*,#8057,.T.);
#9210 = ORIENTED_EDGE('',*,*,#8105,.T.);
#9211 = ORIENTED_EDGE('',*,*,#8122,.F.);
#9212 = ORIENTED_EDGE('',*,*,#8081,.F.);
#9213 = FACE_BOUND('',#9214,.T.);
#9214 = EDGE_LOOP('',(#9215,#9216,#9217,#9218));
#9215 = ORIENTED_EDGE('',*,*,#8153,.T.);
#9216 = ORIENTED_EDGE('',*,*,#8201,.T.);
#9217 = ORIENTED_EDGE('',*,*,#8218,.F.);
#9218 = ORIENTED_EDGE('',*,*,#8177,.F.);
#9219 = FACE_BOUND('',#9220,.T.);
#9220 = EDGE_LOOP('',(#9221,#9222,#9223,#9224));
#9221 = ORIENTED_EDGE('',*,*,#8249,.T.);
#9222 = ORIENTED_EDGE('',*,*,#8297,.T.);
#9223 = ORIENTED_EDGE('',*,*,#8314,.F.);
#9224 = ORIENTED_EDGE('',*,*,#8273,.F.);
#9225 = FACE_BOUND('',#9226,.T.);
#9226 = EDGE_LOOP('',(#9227,#9228,#9229,#9230));
#9227 = ORIENTED_EDGE('',*,*,#8345,.T.);
#9228 = ORIENTED_EDGE('',*,*,#8393,.T.);
#9229 = ORIENTED_EDGE('',*,*,#8410,.F.);
#9230 = ORIENTED_EDGE('',*,*,#8369,.F.);
#9231 = FACE_BOUND('',#9232,.T.);
#9232 = EDGE_LOOP('',(#9233,#9234,#9235,#9236));
#9233 = ORIENTED_EDGE('',*,*,#8441,.T.);
#9234 = ORIENTED_EDGE('',*,*,#8489,.T.);
#9235 = ORIENTED_EDGE('',*,*,#8506,.F.);
#9236 = ORIENTED_EDGE('',*,*,#8465,.F.);
#9237 = FACE_BOUND('',#9238,.T.);
#9238 = EDGE_LOOP('',(#9239,#9240,#9241,#9242));
#9239 = ORIENTED_EDGE('',*,*,#8537,.T.);
#9240 = ORIENTED_EDGE('',*,*,#8585,.T.);
#9241 = ORIENTED_EDGE('',*,*,#8602,.F.);
#9242 = ORIENTED_EDGE('',*,*,#8561,.F.);
#9243 = FACE_BOUND('',#9244,.T.);
#9244 = EDGE_LOOP('',(#9245,#9246,#9247,#9248));
#9245 = ORIENTED_EDGE('',*,*,#8633,.T.);
#9246 = ORIENTED_EDGE('',*,*,#8681,.T.);
#9247 = ORIENTED_EDGE('',*,*,#8698,.F.);
#9248 = ORIENTED_EDGE('',*,*,#8657,.F.);
#9249 = FACE_BOUND('',#9250,.T.);
#9250 = EDGE_LOOP('',(#9251,#9252,#9253,#9254));
#9251 = ORIENTED_EDGE('',*,*,#8729,.T.);
#9252 = ORIENTED_EDGE('',*,*,#8777,.T.);
#9253 = ORIENTED_EDGE('',*,*,#8794,.F.);
#9254 = ORIENTED_EDGE('',*,*,#8753,.F.);
#9255 = FACE_BOUND('',#9256,.T.);
#9256 = EDGE_LOOP('',(#9257,#9258,#9259,#9260));
#9257 = ORIENTED_EDGE('',*,*,#8825,.T.);
#9258 = ORIENTED_EDGE('',*,*,#8873,.T.);
#9259 = ORIENTED_EDGE('',*,*,#8890,.F.);
#9260 = ORIENTED_EDGE('',*,*,#8849,.F.);
#9261 = FACE_BOUND('',#9262,.T.);
#9262 = EDGE_LOOP('',(#9263,#9264,#9265,#9266));
#9263 = ORIENTED_EDGE('',*,*,#8921,.T.);
#9264 = ORIENTED_EDGE('',*,*,#8969,.T.);
#9265 = ORIENTED_EDGE('',*,*,#8986,.F.);
#9266 = ORIENTED_EDGE('',*,*,#8945,.F.);
#9267 = FACE_BOUND('',#9268,.T.);
#9268 = EDGE_LOOP('',(#9269,#9270,#9271,#9272));
#9269 = ORIENTED_EDGE('',*,*,#9017,.T.);
#9270 = ORIENTED_EDGE('',*,*,#9065,.T.);
#9271 = ORIENTED_EDGE('',*,*,#9082,.F.);
#9272 = ORIENTED_EDGE('',*,*,#9041,.F.);
#9273 = FACE_BOUND('',#9274,.T.);
#9274 = EDGE_LOOP('',(#9275,#9276,#9277,#9278));
#9275 = ORIENTED_EDGE('',*,*,#9113,.T.);
#9276 = ORIENTED_EDGE('',*,*,#9178,.T.);
#9277 = ORIENTED_EDGE('',*,*,#9161,.F.);
#9278 = ORIENTED_EDGE('',*,*,#9137,.F.);
#9279 = PLANE('',#9280);
#9280 = AXIS2_PLACEMENT_3D('',#9281,#9282,#9283);
#9281 = CARTESIAN_POINT('',(-36.,-18.5,20.));
#9282 = DIRECTION('',(1.,0.,0.));
#9283 = DIRECTION('',(0.,0.,1.));
#9284 = ( GEOMETRIC_REPRESENTATION_CONTEXT(3) 
GLOBAL_UNCERTAINTY_ASSIGNED_CONTEXT((#9288)) 
GLOBAL_UNIT_ASSIGNED_CONTEXT((#9285,#9286,#9287)) REPRESENTATION_CONTEXT
('Context #1','3D Context with UNIT and UNCERTAINTY') );
#9285 = ( LENGTH_UNIT() NAMED_UNIT(*) SI_UNIT(.MILLI.,.METRE.) );
#9286 = ( NAMED_UNIT(*) PLANE_ANGLE_UNIT() SI_UNIT($,.RADIAN.) );
#9287 = ( NAMED_UNIT(*) SI_UNIT($,.STERADIAN.) SOLID_ANGLE_UNIT() );
#9288 = UNCERTAINTY_MEASURE_WITH_UNIT(LENGTH_MEASURE(2.E-07),#9285,
  'distance_accuracy_value','confusion accuracy');
#9289 = CONTEXT_DEPENDENT_SHAPE_REPRESENTATION(#9290,#9292);
#9290 = ( REPRESENTATION_RELATIONSHIP('','',#7229,#10) 
REPRESENTATION_RELATIONSHIP_WITH_TRANSFORMATION(#9291) 
SHAPE_REPRESENTATION_RELATIONSHIP() );
#9291 = ITEM_DEFINED_TRANSFORMATION('','',#11,#63);
#9292 = PRODUCT_DEFINITION_SHAPE('Placement','Placement of an item',
  #9293);
#9293 = NEXT_ASSEMBLY_USAGE_OCCURRENCE('65','Left_Grip','',#5,#7224,$);
#9294 = PRODUCT_RELATED_PRODUCT_CATEGORY('part',$,(#7226));
#9295 = SHAPE_DEFINITION_REPRESENTATION(#9296,#9302);
#9296 = PRODUCT_DEFINITION_SHAPE('','',#9297);
#9297 = PRODUCT_DEFINITION('design','',#9298,#9301);
#9298 = PRODUCT_DEFINITION_FORMATION('','',#9299);
#9299 = PRODUCT('Right_Grip','Right_Grip','',(#9300));
#9300 = PRODUCT_CONTEXT('',#2,'mechanical');
#9301 = PRODUCT_DEFINITION_CONTEXT('part definition',#2,'design');
#9302 = ADVANCED_BREP_SHAPE_REPRESENTATION('',(#11,#9303),#11357);
#9303 = MANIFOLD_SOLID_BREP('',#9304);
#9304 = CLOSED_SHELL('',(#9305,#9821,#9852,#9876,#9900,#9917,#9948,#9972
    ,#9996,#10013,#10044,#10068,#10092,#10109,#10140,#10164,#10188,
    #10205,#10236,#10260,#10284,#10301,#10332,#10356,#10380,#10397,
    #10428,#10452,#10476,#10493,#10524,#10548,#10572,#10589,#10620,
    #10644,#10668,#10685,#10716,#10740,#10764,#10781,#10812,#10836,
    #10860,#10877,#10908,#10932,#10956,#10973,#11004,#11028,#11052,
    #11069,#11100,#11124,#11148,#11165,#11196,#11220,#11244,#11261));
#9305 = ADVANCED_FACE('',(#9306,#9340,#9374,#9408,#9442,#9476,#9510,
    #9544,#9578,#9612,#9646,#9680,#9714,#9748,#9782),#9816,.F.);
#9306 = FACE_BOUND('',#9307,.F.);
#9307 = EDGE_LOOP('',(#9308,#9318,#9326,#9334));
#9308 = ORIENTED_EDGE('',*,*,#9309,.F.);
#9309 = EDGE_CURVE('',#9310,#9312,#9314,.T.);
#9310 = VERTEX_POINT('',#9311);
#9311 = CARTESIAN_POINT('',(36.,-18.5,20.));
#9312 = VERTEX_POINT('',#9313);
#9313 = CARTESIAN_POINT('',(36.,-18.5,150.));
#9314 = LINE('',#9315,#9316);
#9315 = CARTESIAN_POINT('',(36.,-18.5,20.));
#9316 = VECTOR('',#9317,1.);
#9317 = DIRECTION('',(0.,0.,1.));
#9318 = ORIENTED_EDGE('',*,*,#9319,.T.);
#9319 = EDGE_CURVE('',#9310,#9320,#9322,.T.);
#9320 = VERTEX_POINT('',#9321);
#9321 = CARTESIAN_POINT('',(36.,18.5,20.));
#9322 = LINE('',#9323,#9324);
#9323 = CARTESIAN_POINT('',(36.,-18.5,20.));
#9324 = VECTOR('',#9325,1.);
#9325 = DIRECTION('',(0.,1.,0.));
#9326 = ORIENTED_EDGE('',*,*,#9327,.T.);
#9327 = EDGE_CURVE('',#9320,#9328,#9330,.T.);
#9328 = VERTEX_POINT('',#9329);
#9329 = CARTESIAN_POINT('',(36.,18.5,150.));
#9330 = LINE('',#9331,#9332);
#9331 = CARTESIAN_POINT('',(36.,18.5,20.));
#9332 = VECTOR('',#9333,1.);
#9333 = DIRECTION('',(0.,0.,1.));
#9334 = ORIENTED_EDGE('',*,*,#9335,.F.);
#9335 = EDGE_CURVE('',#9312,#9328,#9336,.T.);
#9336 = LINE('',#9337,#9338);
#9337 = CARTESIAN_POINT('',(36.,-18.5,150.));
#9338 = VECTOR('',#9339,1.);
#9339 = DIRECTION('',(0.,1.,0.));
#9340 = FACE_BOUND('',#9341,.F.);
#9341 = EDGE_LOOP('',(#9342,#9352,#9360,#9368));
#9342 = ORIENTED_EDGE('',*,*,#9343,.T.);
#9343 = EDGE_CURVE('',#9344,#9346,#9348,.T.);
#9344 = VERTEX_POINT('',#9345);
#9345 = CARTESIAN_POINT('',(36.,1.25,25.));
#9346 = VERTEX_POINT('',#9347);
#9347 = CARTESIAN_POINT('',(36.,-1.25,25.));
#9348 = LINE('',#9349,#9350);
#9349 = CARTESIAN_POINT('',(36.,-9.875,25.));
#9350 = VECTOR('',#9351,1.);
#9351 = DIRECTION('',(0.,-1.,0.));
#9352 = ORIENTED_EDGE('',*,*,#9353,.T.);
#9353 = EDGE_CURVE('',#9346,#9354,#9356,.T.);
#9354 = VERTEX_POINT('',#9355);
#9355 = CARTESIAN_POINT('',(36.,-1.25,27.));
#9356 = LINE('',#9357,#9358);
#9357 = CARTESIAN_POINT('',(36.,-1.25,22.5));
#9358 = VECTOR('',#9359,1.);
#9359 = DIRECTION('',(0.,0.,1.));
#9360 = ORIENTED_EDGE('',*,*,#9361,.F.);
#9361 = EDGE_CURVE('',#9362,#9354,#9364,.T.);
#9362 = VERTEX_POINT('',#9363);
#9363 = CARTESIAN_POINT('',(36.,1.25,27.));
#9364 = LINE('',#9365,#9366);
#9365 = CARTESIAN_POINT('',(36.,-9.875,27.));
#9366 = VECTOR('',#9367,1.);
#9367 = DIRECTION('',(0.,-1.,0.));
#9368 = ORIENTED_EDGE('',*,*,#9369,.F.);
#9369 = EDGE_CURVE('',#9344,#9362,#9370,.T.);
#9370 = LINE('',#9371,#9372);
#9371 = CARTESIAN_POINT('',(36.,1.25,22.5));
#9372 = VECTOR('',#9373,1.);
#9373 = DIRECTION('',(0.,0.,1.));
#9374 = FACE_BOUND('',#9375,.F.);
#9375 = EDGE_LOOP('',(#9376,#9386,#9394,#9402));
#9376 = ORIENTED_EDGE('',*,*,#9377,.T.);
#9377 = EDGE_CURVE('',#9378,#9380,#9382,.T.);
#9378 = VERTEX_POINT('',#9379);
#9379 = CARTESIAN_POINT('',(36.,1.25,32.2));
#9380 = VERTEX_POINT('',#9381);
#9381 = CARTESIAN_POINT('',(36.,-1.25,32.2));
#9382 = LINE('',#9383,#9384);
#9383 = CARTESIAN_POINT('',(36.,-9.875,32.2));
#9384 = VECTOR('',#9385,1.);
#9385 = DIRECTION('',(0.,-1.,0.));
#9386 = ORIENTED_EDGE('',*,*,#9387,.T.);
#9387 = EDGE_CURVE('',#9380,#9388,#9390,.T.);
#9388 = VERTEX_POINT('',#9389);
#9389 = CARTESIAN_POINT('',(36.,-1.25,34.2));
#9390 = LINE('',#9391,#9392);
#9391 = CARTESIAN_POINT('',(36.,-1.25,26.1));
#9392 = VECTOR('',#9393,1.);
#9393 = DIRECTION('',(0.,0.,1.));
#9394 = ORIENTED_EDGE('',*,*,#9395,.F.);
#9395 = EDGE_CURVE('',#9396,#9388,#9398,.T.);
#9396 = VERTEX_POINT('',#9397);
#9397 = CARTESIAN_POINT('',(36.,1.25,34.2));
#9398 = LINE('',#9399,#9400);
#9399 = CARTESIAN_POINT('',(36.,-9.875,34.2));
#9400 = VECTOR('',#9401,1.);
#9401 = DIRECTION('',(0.,-1.,0.));
#9402 = ORIENTED_EDGE('',*,*,#9403,.F.);
#9403 = EDGE_CURVE('',#9378,#9396,#9404,.T.);
#9404 = LINE('',#9405,#9406);
#9405 = CARTESIAN_POINT('',(36.,1.25,26.1));
#9406 = VECTOR('',#9407,1.);
#9407 = DIRECTION('',(0.,0.,1.));
#9408 = FACE_BOUND('',#9409,.F.);
#9409 = EDGE_LOOP('',(#9410,#9420,#9428,#9436));
#9410 = ORIENTED_EDGE('',*,*,#9411,.T.);
#9411 = EDGE_CURVE('',#9412,#9414,#9416,.T.);
#9412 = VERTEX_POINT('',#9413);
#9413 = CARTESIAN_POINT('',(36.,1.25,39.4));
#9414 = VERTEX_POINT('',#9415);
#9415 = CARTESIAN_POINT('',(36.,-1.25,39.4));
#9416 = LINE('',#9417,#9418);
#9417 = CARTESIAN_POINT('',(36.,-9.875,39.4));
#9418 = VECTOR('',#9419,1.);
#9419 = DIRECTION('',(0.,-1.,0.));
#9420 = ORIENTED_EDGE('',*,*,#9421,.T.);
#9421 = EDGE_CURVE('',#9414,#9422,#9424,.T.);
#9422 = VERTEX_POINT('',#9423);
#9423 = CARTESIAN_POINT('',(36.,-1.25,41.4));
#9424 = LINE('',#9425,#9426);
#9425 = CARTESIAN_POINT('',(36.,-1.25,29.7));
#9426 = VECTOR('',#9427,1.);
#9427 = DIRECTION('',(0.,0.,1.));
#9428 = ORIENTED_EDGE('',*,*,#9429,.F.);
#9429 = EDGE_CURVE('',#9430,#9422,#9432,.T.);
#9430 = VERTEX_POINT('',#9431);
#9431 = CARTESIAN_POINT('',(36.,1.25,41.4));
#9432 = LINE('',#9433,#9434);
#9433 = CARTESIAN_POINT('',(36.,-9.875,41.4));
#9434 = VECTOR('',#9435,1.);
#9435 = DIRECTION('',(0.,-1.,0.));
#9436 = ORIENTED_EDGE('',*,*,#9437,.F.);
#9437 = EDGE_CURVE('',#9412,#9430,#9438,.T.);
#9438 = LINE('',#9439,#9440);
#9439 = CARTESIAN_POINT('',(36.,1.25,29.7));
#9440 = VECTOR('',#9441,1.);
#9441 = DIRECTION('',(0.,0.,1.));
#9442 = FACE_BOUND('',#9443,.F.);
#9443 = EDGE_LOOP('',(#9444,#9454,#9462,#9470));
#9444 = ORIENTED_EDGE('',*,*,#9445,.T.);
#9445 = EDGE_CURVE('',#9446,#9448,#9450,.T.);
#9446 = VERTEX_POINT('',#9447);
#9447 = CARTESIAN_POINT('',(36.,1.25,46.6));
#9448 = VERTEX_POINT('',#9449);
#9449 = CARTESIAN_POINT('',(36.,-1.25,46.6));
#9450 = LINE('',#9451,#9452);
#9451 = CARTESIAN_POINT('',(36.,-9.875,46.6));
#9452 = VECTOR('',#9453,1.);
#9453 = DIRECTION('',(0.,-1.,0.));
#9454 = ORIENTED_EDGE('',*,*,#9455,.T.);
#9455 = EDGE_CURVE('',#9448,#9456,#9458,.T.);
#9456 = VERTEX_POINT('',#9457);
#9457 = CARTESIAN_POINT('',(36.,-1.25,48.6));
#9458 = LINE('',#9459,#9460);
#9459 = CARTESIAN_POINT('',(36.,-1.25,33.3));
#9460 = VECTOR('',#9461,1.);
#9461 = DIRECTION('',(0.,0.,1.));
#9462 = ORIENTED_EDGE('',*,*,#9463,.F.);
#9463 = EDGE_CURVE('',#9464,#9456,#9466,.T.);
#9464 = VERTEX_POINT('',#9465);
#9465 = CARTESIAN_POINT('',(36.,1.25,48.6));
#9466 = LINE('',#9467,#9468);
#9467 = CARTESIAN_POINT('',(36.,-9.875,48.6));
#9468 = VECTOR('',#9469,1.);
#9469 = DIRECTION('',(0.,-1.,0.));
#9470 = ORIENTED_EDGE('',*,*,#9471,.F.);
#9471 = EDGE_CURVE('',#9446,#9464,#9472,.T.);
#9472 = LINE('',#9473,#9474);
#9473 = CARTESIAN_POINT('',(36.,1.25,33.3));
#9474 = VECTOR('',#9475,1.);
#9475 = DIRECTION('',(0.,0.,1.));
#9476 = FACE_BOUND('',#9477,.F.);
#9477 = EDGE_LOOP('',(#9478,#9488,#9496,#9504));
#9478 = ORIENTED_EDGE('',*,*,#9479,.T.);
#9479 = EDGE_CURVE('',#9480,#9482,#9484,.T.);
#9480 = VERTEX_POINT('',#9481);
#9481 = CARTESIAN_POINT('',(36.,1.25,53.8));
#9482 = VERTEX_POINT('',#9483);
#9483 = CARTESIAN_POINT('',(36.,-1.25,53.8));
#9484 = LINE('',#9485,#9486);
#9485 = CARTESIAN_POINT('',(36.,-9.875,53.8));
#9486 = VECTOR('',#9487,1.);
#9487 = DIRECTION('',(0.,-1.,0.));
#9488 = ORIENTED_EDGE('',*,*,#9489,.T.);
#9489 = EDGE_CURVE('',#9482,#9490,#9492,.T.);
#9490 = VERTEX_POINT('',#9491);
#9491 = CARTESIAN_POINT('',(36.,-1.25,55.8));
#9492 = LINE('',#9493,#9494);
#9493 = CARTESIAN_POINT('',(36.,-1.25,36.9));
#9494 = VECTOR('',#9495,1.);
#9495 = DIRECTION('',(0.,0.,1.));
#9496 = ORIENTED_EDGE('',*,*,#9497,.F.);
#9497 = EDGE_CURVE('',#9498,#9490,#9500,.T.);
#9498 = VERTEX_POINT('',#9499);
#9499 = CARTESIAN_POINT('',(36.,1.25,55.8));
#9500 = LINE('',#9501,#9502);
#9501 = CARTESIAN_POINT('',(36.,-9.875,55.8));
#9502 = VECTOR('',#9503,1.);
#9503 = DIRECTION('',(0.,-1.,0.));
#9504 = ORIENTED_EDGE('',*,*,#9505,.F.);
#9505 = EDGE_CURVE('',#9480,#9498,#9506,.T.);
#9506 = LINE('',#9507,#9508);
#9507 = CARTESIAN_POINT('',(36.,1.25,36.9));
#9508 = VECTOR('',#9509,1.);
#9509 = DIRECTION('',(0.,0.,1.));
#9510 = FACE_BOUND('',#9511,.F.);
#9511 = EDGE_LOOP('',(#9512,#9522,#9530,#9538));
#9512 = ORIENTED_EDGE('',*,*,#9513,.T.);
#9513 = EDGE_CURVE('',#9514,#9516,#9518,.T.);
#9514 = VERTEX_POINT('',#9515);
#9515 = CARTESIAN_POINT('',(36.,1.25,61.));
#9516 = VERTEX_POINT('',#9517);
#9517 = CARTESIAN_POINT('',(36.,-1.25,61.));
#9518 = LINE('',#9519,#9520);
#9519 = CARTESIAN_POINT('',(36.,-9.875,61.));
#9520 = VECTOR('',#9521,1.);
#9521 = DIRECTION('',(0.,-1.,0.));
#9522 = ORIENTED_EDGE('',*,*,#9523,.T.);
#9523 = EDGE_CURVE('',#9516,#9524,#9526,.T.);
#9524 = VERTEX_POINT('',#9525);
#9525 = CARTESIAN_POINT('',(36.,-1.25,63.));
#9526 = LINE('',#9527,#9528);
#9527 = CARTESIAN_POINT('',(36.,-1.25,40.5));
#9528 = VECTOR('',#9529,1.);
#9529 = DIRECTION('',(0.,0.,1.));
#9530 = ORIENTED_EDGE('',*,*,#9531,.F.);
#9531 = EDGE_CURVE('',#9532,#9524,#9534,.T.);
#9532 = VERTEX_POINT('',#9533);
#9533 = CARTESIAN_POINT('',(36.,1.25,63.));
#9534 = LINE('',#9535,#9536);
#9535 = CARTESIAN_POINT('',(36.,-9.875,63.));
#9536 = VECTOR('',#9537,1.);
#9537 = DIRECTION('',(0.,-1.,0.));
#9538 = ORIENTED_EDGE('',*,*,#9539,.F.);
#9539 = EDGE_CURVE('',#9514,#9532,#9540,.T.);
#9540 = LINE('',#9541,#9542);
#9541 = CARTESIAN_POINT('',(36.,1.25,40.5));
#9542 = VECTOR('',#9543,1.);
#9543 = DIRECTION('',(0.,0.,1.));
#9544 = FACE_BOUND('',#9545,.F.);
#9545 = EDGE_LOOP('',(#9546,#9556,#9564,#9572));
#9546 = ORIENTED_EDGE('',*,*,#9547,.T.);
#9547 = EDGE_CURVE('',#9548,#9550,#9552,.T.);
#9548 = VERTEX_POINT('',#9549);
#9549 = CARTESIAN_POINT('',(36.,1.25,68.2));
#9550 = VERTEX_POINT('',#9551);
#9551 = CARTESIAN_POINT('',(36.,-1.25,68.2));
#9552 = LINE('',#9553,#9554);
#9553 = CARTESIAN_POINT('',(36.,-9.875,68.2));
#9554 = VECTOR('',#9555,1.);
#9555 = DIRECTION('',(0.,-1.,0.));
#9556 = ORIENTED_EDGE('',*,*,#9557,.T.);
#9557 = EDGE_CURVE('',#9550,#9558,#9560,.T.);
#9558 = VERTEX_POINT('',#9559);
#9559 = CARTESIAN_POINT('',(36.,-1.25,70.2));
#9560 = LINE('',#9561,#9562);
#9561 = CARTESIAN_POINT('',(36.,-1.25,44.1));
#9562 = VECTOR('',#9563,1.);
#9563 = DIRECTION('',(0.,0.,1.));
#9564 = ORIENTED_EDGE('',*,*,#9565,.F.);
#9565 = EDGE_CURVE('',#9566,#9558,#9568,.T.);
#9566 = VERTEX_POINT('',#9567);
#9567 = CARTESIAN_POINT('',(36.,1.25,70.2));
#9568 = LINE('',#9569,#9570);
#9569 = CARTESIAN_POINT('',(36.,-9.875,70.2));
#9570 = VECTOR('',#9571,1.);
#9571 = DIRECTION('',(0.,-1.,0.));
#9572 = ORIENTED_EDGE('',*,*,#9573,.F.);
#9573 = EDGE_CURVE('',#9548,#9566,#9574,.T.);
#9574 = LINE('',#9575,#9576);
#9575 = CARTESIAN_POINT('',(36.,1.25,44.1));
#9576 = VECTOR('',#9577,1.);
#9577 = DIRECTION('',(0.,0.,1.));
#9578 = FACE_BOUND('',#9579,.F.);
#9579 = EDGE_LOOP('',(#9580,#9590,#9598,#9606));
#9580 = ORIENTED_EDGE('',*,*,#9581,.T.);
#9581 = EDGE_CURVE('',#9582,#9584,#9586,.T.);
#9582 = VERTEX_POINT('',#9583);
#9583 = CARTESIAN_POINT('',(36.,1.25,75.4));
#9584 = VERTEX_POINT('',#9585);
#9585 = CARTESIAN_POINT('',(36.,-1.25,75.4));
#9586 = LINE('',#9587,#9588);
#9587 = CARTESIAN_POINT('',(36.,-9.875,75.4));
#9588 = VECTOR('',#9589,1.);
#9589 = DIRECTION('',(0.,-1.,0.));
#9590 = ORIENTED_EDGE('',*,*,#9591,.T.);
#9591 = EDGE_CURVE('',#9584,#9592,#9594,.T.);
#9592 = VERTEX_POINT('',#9593);
#9593 = CARTESIAN_POINT('',(36.,-1.25,77.4));
#9594 = LINE('',#9595,#9596);
#9595 = CARTESIAN_POINT('',(36.,-1.25,47.7));
#9596 = VECTOR('',#9597,1.);
#9597 = DIRECTION('',(0.,0.,1.));
#9598 = ORIENTED_EDGE('',*,*,#9599,.F.);
#9599 = EDGE_CURVE('',#9600,#9592,#9602,.T.);
#9600 = VERTEX_POINT('',#9601);
#9601 = CARTESIAN_POINT('',(36.,1.25,77.4));
#9602 = LINE('',#9603,#9604);
#9603 = CARTESIAN_POINT('',(36.,-9.875,77.4));
#9604 = VECTOR('',#9605,1.);
#9605 = DIRECTION('',(0.,-1.,0.));
#9606 = ORIENTED_EDGE('',*,*,#9607,.F.);
#9607 = EDGE_CURVE('',#9582,#9600,#9608,.T.);
#9608 = LINE('',#9609,#9610);
#9609 = CARTESIAN_POINT('',(36.,1.25,47.7));
#9610 = VECTOR('',#9611,1.);
#9611 = DIRECTION('',(0.,0.,1.));
#9612 = FACE_BOUND('',#9613,.F.);
#9613 = EDGE_LOOP('',(#9614,#9624,#9632,#9640));
#9614 = ORIENTED_EDGE('',*,*,#9615,.T.);
#9615 = EDGE_CURVE('',#9616,#9618,#9620,.T.);
#9616 = VERTEX_POINT('',#9617);
#9617 = CARTESIAN_POINT('',(36.,1.25,82.6));
#9618 = VERTEX_POINT('',#9619);
#9619 = CARTESIAN_POINT('',(36.,-1.25,82.6));
#9620 = LINE('',#9621,#9622);
#9621 = CARTESIAN_POINT('',(36.,-9.875,82.6));
#9622 = VECTOR('',#9623,1.);
#9623 = DIRECTION('',(0.,-1.,0.));
#9624 = ORIENTED_EDGE('',*,*,#9625,.T.);
#9625 = EDGE_CURVE('',#9618,#9626,#9628,.T.);
#9626 = VERTEX_POINT('',#9627);
#9627 = CARTESIAN_POINT('',(36.,-1.25,84.6));
#9628 = LINE('',#9629,#9630);
#9629 = CARTESIAN_POINT('',(36.,-1.25,51.3));
#9630 = VECTOR('',#9631,1.);
#9631 = DIRECTION('',(0.,0.,1.));
#9632 = ORIENTED_EDGE('',*,*,#9633,.F.);
#9633 = EDGE_CURVE('',#9634,#9626,#9636,.T.);
#9634 = VERTEX_POINT('',#9635);
#9635 = CARTESIAN_POINT('',(36.,1.25,84.6));
#9636 = LINE('',#9637,#9638);
#9637 = CARTESIAN_POINT('',(36.,-9.875,84.6));
#9638 = VECTOR('',#9639,1.);
#9639 = DIRECTION('',(0.,-1.,0.));
#9640 = ORIENTED_EDGE('',*,*,#9641,.F.);
#9641 = EDGE_CURVE('',#9616,#9634,#9642,.T.);
#9642 = LINE('',#9643,#9644);
#9643 = CARTESIAN_POINT('',(36.,1.25,51.3));
#9644 = VECTOR('',#9645,1.);
#9645 = DIRECTION('',(0.,0.,1.));
#9646 = FACE_BOUND('',#9647,.F.);
#9647 = EDGE_LOOP('',(#9648,#9658,#9666,#9674));
#9648 = ORIENTED_EDGE('',*,*,#9649,.T.);
#9649 = EDGE_CURVE('',#9650,#9652,#9654,.T.);
#9650 = VERTEX_POINT('',#9651);
#9651 = CARTESIAN_POINT('',(36.,1.25,89.8));
#9652 = VERTEX_POINT('',#9653);
#9653 = CARTESIAN_POINT('',(36.,-1.25,89.8));
#9654 = LINE('',#9655,#9656);
#9655 = CARTESIAN_POINT('',(36.,-9.875,89.8));
#9656 = VECTOR('',#9657,1.);
#9657 = DIRECTION('',(0.,-1.,0.));
#9658 = ORIENTED_EDGE('',*,*,#9659,.T.);
#9659 = EDGE_CURVE('',#9652,#9660,#9662,.T.);
#9660 = VERTEX_POINT('',#9661);
#9661 = CARTESIAN_POINT('',(36.,-1.25,91.8));
#9662 = LINE('',#9663,#9664);
#9663 = CARTESIAN_POINT('',(36.,-1.25,54.9));
#9664 = VECTOR('',#9665,1.);
#9665 = DIRECTION('',(0.,0.,1.));
#9666 = ORIENTED_EDGE('',*,*,#9667,.F.);
#9667 = EDGE_CURVE('',#9668,#9660,#9670,.T.);
#9668 = VERTEX_POINT('',#9669);
#9669 = CARTESIAN_POINT('',(36.,1.25,91.8));
#9670 = LINE('',#9671,#9672);
#9671 = CARTESIAN_POINT('',(36.,-9.875,91.8));
#9672 = VECTOR('',#9673,1.);
#9673 = DIRECTION('',(0.,-1.,0.));
#9674 = ORIENTED_EDGE('',*,*,#9675,.F.);
#9675 = EDGE_CURVE('',#9650,#9668,#9676,.T.);
#9676 = LINE('',#9677,#9678);
#9677 = CARTESIAN_POINT('',(36.,1.25,54.9));
#9678 = VECTOR('',#9679,1.);
#9679 = DIRECTION('',(0.,0.,1.));
#9680 = FACE_BOUND('',#9681,.F.);
#9681 = EDGE_LOOP('',(#9682,#9692,#9700,#9708));
#9682 = ORIENTED_EDGE('',*,*,#9683,.T.);
#9683 = EDGE_CURVE('',#9684,#9686,#9688,.T.);
#9684 = VERTEX_POINT('',#9685);
#9685 = CARTESIAN_POINT('',(36.,1.25,97.));
#9686 = VERTEX_POINT('',#9687);
#9687 = CARTESIAN_POINT('',(36.,-1.25,97.));
#9688 = LINE('',#9689,#9690);
#9689 = CARTESIAN_POINT('',(36.,-9.875,97.));
#9690 = VECTOR('',#9691,1.);
#9691 = DIRECTION('',(0.,-1.,0.));
#9692 = ORIENTED_EDGE('',*,*,#9693,.T.);
#9693 = EDGE_CURVE('',#9686,#9694,#9696,.T.);
#9694 = VERTEX_POINT('',#9695);
#9695 = CARTESIAN_POINT('',(36.,-1.25,99.));
#9696 = LINE('',#9697,#9698);
#9697 = CARTESIAN_POINT('',(36.,-1.25,58.5));
#9698 = VECTOR('',#9699,1.);
#9699 = DIRECTION('',(0.,0.,1.));
#9700 = ORIENTED_EDGE('',*,*,#9701,.F.);
#9701 = EDGE_CURVE('',#9702,#9694,#9704,.T.);
#9702 = VERTEX_POINT('',#9703);
#9703 = CARTESIAN_POINT('',(36.,1.25,99.));
#9704 = LINE('',#9705,#9706);
#9705 = CARTESIAN_POINT('',(36.,-9.875,99.));
#9706 = VECTOR('',#9707,1.);
#9707 = DIRECTION('',(0.,-1.,0.));
#9708 = ORIENTED_EDGE('',*,*,#9709,.F.);
#9709 = EDGE_CURVE('',#9684,#9702,#9710,.T.);
#9710 = LINE('',#9711,#9712);
#9711 = CARTESIAN_POINT('',(36.,1.25,58.5));
#9712 = VECTOR('',#9713,1.);
#9713 = DIRECTION('',(0.,0.,1.));
#9714 = FACE_BOUND('',#9715,.F.);
#9715 = EDGE_LOOP('',(#9716,#9726,#9734,#9742));
#9716 = ORIENTED_EDGE('',*,*,#9717,.T.);
#9717 = EDGE_CURVE('',#9718,#9720,#9722,.T.);
#9718 = VERTEX_POINT('',#9719);
#9719 = CARTESIAN_POINT('',(36.,1.25,104.2));
#9720 = VERTEX_POINT('',#9721);
#9721 = CARTESIAN_POINT('',(36.,-1.25,104.2));
#9722 = LINE('',#9723,#9724);
#9723 = CARTESIAN_POINT('',(36.,-9.875,104.2));
#9724 = VECTOR('',#9725,1.);
#9725 = DIRECTION('',(0.,-1.,0.));
#9726 = ORIENTED_EDGE('',*,*,#9727,.T.);
#9727 = EDGE_CURVE('',#9720,#9728,#9730,.T.);
#9728 = VERTEX_POINT('',#9729);
#9729 = CARTESIAN_POINT('',(36.,-1.25,106.2));
#9730 = LINE('',#9731,#9732);
#9731 = CARTESIAN_POINT('',(36.,-1.25,62.1));
#9732 = VECTOR('',#9733,1.);
#9733 = DIRECTION('',(0.,0.,1.));
#9734 = ORIENTED_EDGE('',*,*,#9735,.F.);
#9735 = EDGE_CURVE('',#9736,#9728,#9738,.T.);
#9736 = VERTEX_POINT('',#9737);
#9737 = CARTESIAN_POINT('',(36.,1.25,106.2));
#9738 = LINE('',#9739,#9740);
#9739 = CARTESIAN_POINT('',(36.,-9.875,106.2));
#9740 = VECTOR('',#9741,1.);
#9741 = DIRECTION('',(0.,-1.,0.));
#9742 = ORIENTED_EDGE('',*,*,#9743,.F.);
#9743 = EDGE_CURVE('',#9718,#9736,#9744,.T.);
#9744 = LINE('',#9745,#9746);
#9745 = CARTESIAN_POINT('',(36.,1.25,62.1));
#9746 = VECTOR('',#9747,1.);
#9747 = DIRECTION('',(0.,0.,1.));
#9748 = FACE_BOUND('',#9749,.F.);
#9749 = EDGE_LOOP('',(#9750,#9760,#9768,#9776));
#9750 = ORIENTED_EDGE('',*,*,#9751,.T.);
#9751 = EDGE_CURVE('',#9752,#9754,#9756,.T.);
#9752 = VERTEX_POINT('',#9753);
#9753 = CARTESIAN_POINT('',(36.,1.25,111.4));
#9754 = VERTEX_POINT('',#9755);
#9755 = CARTESIAN_POINT('',(36.,-1.25,111.4));
#9756 = LINE('',#9757,#9758);
#9757 = CARTESIAN_POINT('',(36.,-9.875,111.4));
#9758 = VECTOR('',#9759,1.);
#9759 = DIRECTION('',(0.,-1.,0.));
#9760 = ORIENTED_EDGE('',*,*,#9761,.T.);
#9761 = EDGE_CURVE('',#9754,#9762,#9764,.T.);
#9762 = VERTEX_POINT('',#9763);
#9763 = CARTESIAN_POINT('',(36.,-1.25,113.4));
#9764 = LINE('',#9765,#9766);
#9765 = CARTESIAN_POINT('',(36.,-1.25,65.7));
#9766 = VECTOR('',#9767,1.);
#9767 = DIRECTION('',(0.,0.,1.));
#9768 = ORIENTED_EDGE('',*,*,#9769,.F.);
#9769 = EDGE_CURVE('',#9770,#9762,#9772,.T.);
#9770 = VERTEX_POINT('',#9771);
#9771 = CARTESIAN_POINT('',(36.,1.25,113.4));
#9772 = LINE('',#9773,#9774);
#9773 = CARTESIAN_POINT('',(36.,-9.875,113.4));
#9774 = VECTOR('',#9775,1.);
#9775 = DIRECTION('',(0.,-1.,0.));
#9776 = ORIENTED_EDGE('',*,*,#9777,.F.);
#9777 = EDGE_CURVE('',#9752,#9770,#9778,.T.);
#9778 = LINE('',#9779,#9780);
#9779 = CARTESIAN_POINT('',(36.,1.25,65.7));
#9780 = VECTOR('',#9781,1.);
#9781 = DIRECTION('',(0.,0.,1.));
#9782 = FACE_BOUND('',#9783,.F.);
#9783 = EDGE_LOOP('',(#9784,#9794,#9802,#9810));
#9784 = ORIENTED_EDGE('',*,*,#9785,.T.);
#9785 = EDGE_CURVE('',#9786,#9788,#9790,.T.);
#9786 = VERTEX_POINT('',#9787);
#9787 = CARTESIAN_POINT('',(36.,1.25,118.6));
#9788 = VERTEX_POINT('',#9789);
#9789 = CARTESIAN_POINT('',(36.,-1.25,118.6));
#9790 = LINE('',#9791,#9792);
#9791 = CARTESIAN_POINT('',(36.,-9.875,118.6));
#9792 = VECTOR('',#9793,1.);
#9793 = DIRECTION('',(0.,-1.,0.));
#9794 = ORIENTED_EDGE('',*,*,#9795,.T.);
#9795 = EDGE_CURVE('',#9788,#9796,#9798,.T.);
#9796 = VERTEX_POINT('',#9797);
#9797 = CARTESIAN_POINT('',(36.,-1.25,120.6));
#9798 = LINE('',#9799,#9800);
#9799 = CARTESIAN_POINT('',(36.,-1.25,69.3));
#9800 = VECTOR('',#9801,1.);
#9801 = DIRECTION('',(0.,0.,1.));
#9802 = ORIENTED_EDGE('',*,*,#9803,.F.);
#9803 = EDGE_CURVE('',#9804,#9796,#9806,.T.);
#9804 = VERTEX_POINT('',#9805);
#9805 = CARTESIAN_POINT('',(36.,1.25,120.6));
#9806 = LINE('',#9807,#9808);
#9807 = CARTESIAN_POINT('',(36.,-9.875,120.6));
#9808 = VECTOR('',#9809,1.);
#9809 = DIRECTION('',(0.,-1.,0.));
#9810 = ORIENTED_EDGE('',*,*,#9811,.F.);
#9811 = EDGE_CURVE('',#9786,#9804,#9812,.T.);
#9812 = LINE('',#9813,#9814);
#9813 = CARTESIAN_POINT('',(36.,1.25,69.3));
#9814 = VECTOR('',#9815,1.);
#9815 = DIRECTION('',(0.,0.,1.));
#9816 = PLANE('',#9817);
#9817 = AXIS2_PLACEMENT_3D('',#9818,#9819,#9820);
#9818 = CARTESIAN_POINT('',(36.,-18.5,20.));
#9819 = DIRECTION('',(1.,0.,0.));
#9820 = DIRECTION('',(0.,0.,1.));
#9821 = ADVANCED_FACE('',(#9822),#9847,.F.);
#9822 = FACE_BOUND('',#9823,.F.);
#9823 = EDGE_LOOP('',(#9824,#9832,#9833,#9841));
#9824 = ORIENTED_EDGE('',*,*,#9825,.F.);
#9825 = EDGE_CURVE('',#9310,#9826,#9828,.T.);
#9826 = VERTEX_POINT('',#9827);
#9827 = CARTESIAN_POINT('',(40.5,-18.5,20.));
#9828 = LINE('',#9829,#9830);
#9829 = CARTESIAN_POINT('',(36.,-18.5,20.));
#9830 = VECTOR('',#9831,1.);
#9831 = DIRECTION('',(1.,0.,0.));
#9832 = ORIENTED_EDGE('',*,*,#9309,.T.);
#9833 = ORIENTED_EDGE('',*,*,#9834,.T.);
#9834 = EDGE_CURVE('',#9312,#9835,#9837,.T.);
#9835 = VERTEX_POINT('',#9836);
#9836 = CARTESIAN_POINT('',(40.5,-18.5,150.));
#9837 = LINE('',#9838,#9839);
#9838 = CARTESIAN_POINT('',(36.,-18.5,150.));
#9839 = VECTOR('',#9840,1.);
#9840 = DIRECTION('',(1.,0.,0.));
#9841 = ORIENTED_EDGE('',*,*,#9842,.F.);
#9842 = EDGE_CURVE('',#9826,#9835,#9843,.T.);
#9843 = LINE('',#9844,#9845);
#9844 = CARTESIAN_POINT('',(40.5,-18.5,20.));
#9845 = VECTOR('',#9846,1.);
#9846 = DIRECTION('',(0.,0.,1.));
#9847 = PLANE('',#9848);
#9848 = AXIS2_PLACEMENT_3D('',#9849,#9850,#9851);
#9849 = CARTESIAN_POINT('',(36.,-18.5,20.));
#9850 = DIRECTION('',(0.,1.,0.));
#9851 = DIRECTION('',(0.,0.,1.));
#9852 = ADVANCED_FACE('',(#9853),#9871,.T.);
#9853 = FACE_BOUND('',#9854,.T.);
#9854 = EDGE_LOOP('',(#9855,#9856,#9857,#9865));
#9855 = ORIENTED_EDGE('',*,*,#9335,.F.);
#9856 = ORIENTED_EDGE('',*,*,#9834,.T.);
#9857 = ORIENTED_EDGE('',*,*,#9858,.T.);
#9858 = EDGE_CURVE('',#9835,#9859,#9861,.T.);
#9859 = VERTEX_POINT('',#9860);
#9860 = CARTESIAN_POINT('',(40.5,18.5,150.));
#9861 = LINE('',#9862,#9863);
#9862 = CARTESIAN_POINT('',(40.5,-18.5,150.));
#9863 = VECTOR('',#9864,1.);
#9864 = DIRECTION('',(0.,1.,0.));
#9865 = ORIENTED_EDGE('',*,*,#9866,.F.);
#9866 = EDGE_CURVE('',#9328,#9859,#9867,.T.);
#9867 = LINE('',#9868,#9869);
#9868 = CARTESIAN_POINT('',(36.,18.5,150.));
#9869 = VECTOR('',#9870,1.);
#9870 = DIRECTION('',(1.,0.,0.));
#9871 = PLANE('',#9872);
#9872 = AXIS2_PLACEMENT_3D('',#9873,#9874,#9875);
#9873 = CARTESIAN_POINT('',(36.,-18.5,150.));
#9874 = DIRECTION('',(0.,0.,1.));
#9875 = DIRECTION('',(1.,0.,0.));
#9876 = ADVANCED_FACE('',(#9877),#9895,.F.);
#9877 = FACE_BOUND('',#9878,.F.);
#9878 = EDGE_LOOP('',(#9879,#9880,#9881,#9889));
#9879 = ORIENTED_EDGE('',*,*,#9319,.F.);
#9880 = ORIENTED_EDGE('',*,*,#9825,.T.);
#9881 = ORIENTED_EDGE('',*,*,#9882,.T.);
#9882 = EDGE_CURVE('',#9826,#9883,#9885,.T.);
#9883 = VERTEX_POINT('',#9884);
#9884 = CARTESIAN_POINT('',(40.5,18.5,20.));
#9885 = LINE('',#9886,#9887);
#9886 = CARTESIAN_POINT('',(40.5,-18.5,20.));
#9887 = VECTOR('',#9888,1.);
#9888 = DIRECTION('',(0.,1.,0.));
#9889 = ORIENTED_EDGE('',*,*,#9890,.F.);
#9890 = EDGE_CURVE('',#9320,#9883,#9891,.T.);
#9891 = LINE('',#9892,#9893);
#9892 = CARTESIAN_POINT('',(36.,18.5,20.));
#9893 = VECTOR('',#9894,1.);
#9894 = DIRECTION('',(1.,0.,0.));
#9895 = PLANE('',#9896);
#9896 = AXIS2_PLACEMENT_3D('',#9897,#9898,#9899);
#9897 = CARTESIAN_POINT('',(36.,-18.5,20.));
#9898 = DIRECTION('',(0.,0.,1.));
#9899 = DIRECTION('',(1.,0.,0.));
#9900 = ADVANCED_FACE('',(#9901),#9912,.T.);
#9901 = FACE_BOUND('',#9902,.T.);
#9902 = EDGE_LOOP('',(#9903,#9904,#9905,#9906));
#9903 = ORIENTED_EDGE('',*,*,#9890,.F.);
#9904 = ORIENTED_EDGE('',*,*,#9327,.T.);
#9905 = ORIENTED_EDGE('',*,*,#9866,.T.);
#9906 = ORIENTED_EDGE('',*,*,#9907,.F.);
#9907 = EDGE_CURVE('',#9883,#9859,#9908,.T.);
#9908 = LINE('',#9909,#9910);
#9909 = CARTESIAN_POINT('',(40.5,18.5,20.));
#9910 = VECTOR('',#9911,1.);
#9911 = DIRECTION('',(0.,0.,1.));
#9912 = PLANE('',#9913);
#9913 = AXIS2_PLACEMENT_3D('',#9914,#9915,#9916);
#9914 = CARTESIAN_POINT('',(36.,18.5,20.));
#9915 = DIRECTION('',(0.,1.,0.));
#9916 = DIRECTION('',(0.,0.,1.));
#9917 = ADVANCED_FACE('',(#9918),#9943,.T.);
#9918 = FACE_BOUND('',#9919,.T.);
#9919 = EDGE_LOOP('',(#9920,#9928,#9929,#9937));
#9920 = ORIENTED_EDGE('',*,*,#9921,.F.);
#9921 = EDGE_CURVE('',#9344,#9922,#9924,.T.);
#9922 = VERTEX_POINT('',#9923);
#9923 = CARTESIAN_POINT('',(40.5,1.25,25.));
#9924 = LINE('',#9925,#9926);
#9925 = CARTESIAN_POINT('',(35.5,1.25,25.));
#9926 = VECTOR('',#9927,1.);
#9927 = DIRECTION('',(1.,0.,0.));
#9928 = ORIENTED_EDGE('',*,*,#9343,.T.);
#9929 = ORIENTED_EDGE('',*,*,#9930,.T.);
#9930 = EDGE_CURVE('',#9346,#9931,#9933,.T.);
#9931 = VERTEX_POINT('',#9932);
#9932 = CARTESIAN_POINT('',(40.5,-1.25,25.));
#9933 = LINE('',#9934,#9935);
#9934 = CARTESIAN_POINT('',(35.5,-1.25,25.));
#9935 = VECTOR('',#9936,1.);
#9936 = DIRECTION('',(1.,0.,0.));
#9937 = ORIENTED_EDGE('',*,*,#9938,.F.);
#9938 = EDGE_CURVE('',#9922,#9931,#9939,.T.);
#9939 = LINE('',#9940,#9941);
#9940 = CARTESIAN_POINT('',(40.5,-9.875,25.));
#9941 = VECTOR('',#9942,1.);
#9942 = DIRECTION('',(0.,-1.,0.));
#9943 = PLANE('',#9944);
#9944 = AXIS2_PLACEMENT_3D('',#9945,#9946,#9947);
#9945 = CARTESIAN_POINT('',(35.5,-1.25,25.));
#9946 = DIRECTION('',(0.,0.,1.));
#9947 = DIRECTION('',(1.,0.,0.));
#9948 = ADVANCED_FACE('',(#9949),#9967,.F.);
#9949 = FACE_BOUND('',#9950,.F.);
#9950 = EDGE_LOOP('',(#9951,#9952,#9953,#9961));
#9951 = ORIENTED_EDGE('',*,*,#9921,.F.);
#9952 = ORIENTED_EDGE('',*,*,#9369,.T.);
#9953 = ORIENTED_EDGE('',*,*,#9954,.T.);
#9954 = EDGE_CURVE('',#9362,#9955,#9957,.T.);
#9955 = VERTEX_POINT('',#9956);
#9956 = CARTESIAN_POINT('',(40.5,1.25,27.));
#9957 = LINE('',#9958,#9959);
#9958 = CARTESIAN_POINT('',(35.5,1.25,27.));
#9959 = VECTOR('',#9960,1.);
#9960 = DIRECTION('',(1.,0.,0.));
#9961 = ORIENTED_EDGE('',*,*,#9962,.F.);
#9962 = EDGE_CURVE('',#9922,#9955,#9963,.T.);
#9963 = LINE('',#9964,#9965);
#9964 = CARTESIAN_POINT('',(40.5,1.25,22.5));
#9965 = VECTOR('',#9966,1.);
#9966 = DIRECTION('',(0.,0.,1.));
#9967 = PLANE('',#9968);
#9968 = AXIS2_PLACEMENT_3D('',#9969,#9970,#9971);
#9969 = CARTESIAN_POINT('',(35.5,1.25,25.));
#9970 = DIRECTION('',(0.,1.,0.));
#9971 = DIRECTION('',(0.,0.,1.));
#9972 = ADVANCED_FACE('',(#9973),#9991,.T.);
#9973 = FACE_BOUND('',#9974,.T.);
#9974 = EDGE_LOOP('',(#9975,#9976,#9977,#9985));
#9975 = ORIENTED_EDGE('',*,*,#9930,.F.);
#9976 = ORIENTED_EDGE('',*,*,#9353,.T.);
#9977 = ORIENTED_EDGE('',*,*,#9978,.T.);
#9978 = EDGE_CURVE('',#9354,#9979,#9981,.T.);
#9979 = VERTEX_POINT('',#9980);
#9980 = CARTESIAN_POINT('',(40.5,-1.25,27.));
#9981 = LINE('',#9982,#9983);
#9982 = CARTESIAN_POINT('',(35.5,-1.25,27.));
#9983 = VECTOR('',#9984,1.);
#9984 = DIRECTION('',(1.,0.,0.));
#9985 = ORIENTED_EDGE('',*,*,#9986,.F.);
#9986 = EDGE_CURVE('',#9931,#9979,#9987,.T.);
#9987 = LINE('',#9988,#9989);
#9988 = CARTESIAN_POINT('',(40.5,-1.25,22.5));
#9989 = VECTOR('',#9990,1.);
#9990 = DIRECTION('',(0.,0.,1.));
#9991 = PLANE('',#9992);
#9992 = AXIS2_PLACEMENT_3D('',#9993,#9994,#9995);
#9993 = CARTESIAN_POINT('',(35.5,-1.25,25.));
#9994 = DIRECTION('',(0.,1.,0.));
#9995 = DIRECTION('',(0.,0.,1.));
#9996 = ADVANCED_FACE('',(#9997),#10008,.F.);
#9997 = FACE_BOUND('',#9998,.F.);
#9998 = EDGE_LOOP('',(#9999,#10000,#10001,#10002));
#9999 = ORIENTED_EDGE('',*,*,#9954,.F.);
#10000 = ORIENTED_EDGE('',*,*,#9361,.T.);
#10001 = ORIENTED_EDGE('',*,*,#9978,.T.);
#10002 = ORIENTED_EDGE('',*,*,#10003,.F.);
#10003 = EDGE_CURVE('',#9955,#9979,#10004,.T.);
#10004 = LINE('',#10005,#10006);
#10005 = CARTESIAN_POINT('',(40.5,-9.875,27.));
#10006 = VECTOR('',#10007,1.);
#10007 = DIRECTION('',(0.,-1.,0.));
#10008 = PLANE('',#10009);
#10009 = AXIS2_PLACEMENT_3D('',#10010,#10011,#10012);
#10010 = CARTESIAN_POINT('',(35.5,-1.25,27.));
#10011 = DIRECTION('',(0.,0.,1.));
#10012 = DIRECTION('',(1.,0.,0.));
#10013 = ADVANCED_FACE('',(#10014),#10039,.T.);
#10014 = FACE_BOUND('',#10015,.T.);
#10015 = EDGE_LOOP('',(#10016,#10024,#10025,#10033));
#10016 = ORIENTED_EDGE('',*,*,#10017,.F.);
#10017 = EDGE_CURVE('',#9378,#10018,#10020,.T.);
#10018 = VERTEX_POINT('',#10019);
#10019 = CARTESIAN_POINT('',(40.5,1.25,32.2));
#10020 = LINE('',#10021,#10022);
#10021 = CARTESIAN_POINT('',(35.5,1.25,32.2));
#10022 = VECTOR('',#10023,1.);
#10023 = DIRECTION('',(1.,0.,0.));
#10024 = ORIENTED_EDGE('',*,*,#9377,.T.);
#10025 = ORIENTED_EDGE('',*,*,#10026,.T.);
#10026 = EDGE_CURVE('',#9380,#10027,#10029,.T.);
#10027 = VERTEX_POINT('',#10028);
#10028 = CARTESIAN_POINT('',(40.5,-1.25,32.2));
#10029 = LINE('',#10030,#10031);
#10030 = CARTESIAN_POINT('',(35.5,-1.25,32.2));
#10031 = VECTOR('',#10032,1.);
#10032 = DIRECTION('',(1.,0.,0.));
#10033 = ORIENTED_EDGE('',*,*,#10034,.F.);
#10034 = EDGE_CURVE('',#10018,#10027,#10035,.T.);
#10035 = LINE('',#10036,#10037);
#10036 = CARTESIAN_POINT('',(40.5,-9.875,32.2));
#10037 = VECTOR('',#10038,1.);
#10038 = DIRECTION('',(0.,-1.,0.));
#10039 = PLANE('',#10040);
#10040 = AXIS2_PLACEMENT_3D('',#10041,#10042,#10043);
#10041 = CARTESIAN_POINT('',(35.5,-1.25,32.2));
#10042 = DIRECTION('',(0.,0.,1.));
#10043 = DIRECTION('',(1.,0.,0.));
#10044 = ADVANCED_FACE('',(#10045),#10063,.F.);
#10045 = FACE_BOUND('',#10046,.F.);
#10046 = EDGE_LOOP('',(#10047,#10048,#10049,#10057));
#10047 = ORIENTED_EDGE('',*,*,#10017,.F.);
#10048 = ORIENTED_EDGE('',*,*,#9403,.T.);
#10049 = ORIENTED_EDGE('',*,*,#10050,.T.);
#10050 = EDGE_CURVE('',#9396,#10051,#10053,.T.);
#10051 = VERTEX_POINT('',#10052);
#10052 = CARTESIAN_POINT('',(40.5,1.25,34.2));
#10053 = LINE('',#10054,#10055);
#10054 = CARTESIAN_POINT('',(35.5,1.25,34.2));
#10055 = VECTOR('',#10056,1.);
#10056 = DIRECTION('',(1.,0.,0.));
#10057 = ORIENTED_EDGE('',*,*,#10058,.F.);
#10058 = EDGE_CURVE('',#10018,#10051,#10059,.T.);
#10059 = LINE('',#10060,#10061);
#10060 = CARTESIAN_POINT('',(40.5,1.25,26.1));
#10061 = VECTOR('',#10062,1.);
#10062 = DIRECTION('',(0.,0.,1.));
#10063 = PLANE('',#10064);
#10064 = AXIS2_PLACEMENT_3D('',#10065,#10066,#10067);
#10065 = CARTESIAN_POINT('',(35.5,1.25,32.2));
#10066 = DIRECTION('',(0.,1.,0.));
#10067 = DIRECTION('',(0.,0.,1.));
#10068 = ADVANCED_FACE('',(#10069),#10087,.T.);
#10069 = FACE_BOUND('',#10070,.T.);
#10070 = EDGE_LOOP('',(#10071,#10072,#10073,#10081));
#10071 = ORIENTED_EDGE('',*,*,#10026,.F.);
#10072 = ORIENTED_EDGE('',*,*,#9387,.T.);
#10073 = ORIENTED_EDGE('',*,*,#10074,.T.);
#10074 = EDGE_CURVE('',#9388,#10075,#10077,.T.);
#10075 = VERTEX_POINT('',#10076);
#10076 = CARTESIAN_POINT('',(40.5,-1.25,34.2));
#10077 = LINE('',#10078,#10079);
#10078 = CARTESIAN_POINT('',(35.5,-1.25,34.2));
#10079 = VECTOR('',#10080,1.);
#10080 = DIRECTION('',(1.,0.,0.));
#10081 = ORIENTED_EDGE('',*,*,#10082,.F.);
#10082 = EDGE_CURVE('',#10027,#10075,#10083,.T.);
#10083 = LINE('',#10084,#10085);
#10084 = CARTESIAN_POINT('',(40.5,-1.25,26.1));
#10085 = VECTOR('',#10086,1.);
#10086 = DIRECTION('',(0.,0.,1.));
#10087 = PLANE('',#10088);
#10088 = AXIS2_PLACEMENT_3D('',#10089,#10090,#10091);
#10089 = CARTESIAN_POINT('',(35.5,-1.25,32.2));
#10090 = DIRECTION('',(0.,1.,0.));
#10091 = DIRECTION('',(0.,0.,1.));
#10092 = ADVANCED_FACE('',(#10093),#10104,.F.);
#10093 = FACE_BOUND('',#10094,.F.);
#10094 = EDGE_LOOP('',(#10095,#10096,#10097,#10098));
#10095 = ORIENTED_EDGE('',*,*,#10050,.F.);
#10096 = ORIENTED_EDGE('',*,*,#9395,.T.);
#10097 = ORIENTED_EDGE('',*,*,#10074,.T.);
#10098 = ORIENTED_EDGE('',*,*,#10099,.F.);
#10099 = EDGE_CURVE('',#10051,#10075,#10100,.T.);
#10100 = LINE('',#10101,#10102);
#10101 = CARTESIAN_POINT('',(40.5,-9.875,34.2));
#10102 = VECTOR('',#10103,1.);
#10103 = DIRECTION('',(0.,-1.,0.));
#10104 = PLANE('',#10105);
#10105 = AXIS2_PLACEMENT_3D('',#10106,#10107,#10108);
#10106 = CARTESIAN_POINT('',(35.5,-1.25,34.2));
#10107 = DIRECTION('',(0.,0.,1.));
#10108 = DIRECTION('',(1.,0.,0.));
#10109 = ADVANCED_FACE('',(#10110),#10135,.T.);
#10110 = FACE_BOUND('',#10111,.T.);
#10111 = EDGE_LOOP('',(#10112,#10120,#10121,#10129));
#10112 = ORIENTED_EDGE('',*,*,#10113,.F.);
#10113 = EDGE_CURVE('',#9412,#10114,#10116,.T.);
#10114 = VERTEX_POINT('',#10115);
#10115 = CARTESIAN_POINT('',(40.5,1.25,39.4));
#10116 = LINE('',#10117,#10118);
#10117 = CARTESIAN_POINT('',(35.5,1.25,39.4));
#10118 = VECTOR('',#10119,1.);
#10119 = DIRECTION('',(1.,0.,0.));
#10120 = ORIENTED_EDGE('',*,*,#9411,.T.);
#10121 = ORIENTED_EDGE('',*,*,#10122,.T.);
#10122 = EDGE_CURVE('',#9414,#10123,#10125,.T.);
#10123 = VERTEX_POINT('',#10124);
#10124 = CARTESIAN_POINT('',(40.5,-1.25,39.4));
#10125 = LINE('',#10126,#10127);
#10126 = CARTESIAN_POINT('',(35.5,-1.25,39.4));
#10127 = VECTOR('',#10128,1.);
#10128 = DIRECTION('',(1.,0.,0.));
#10129 = ORIENTED_EDGE('',*,*,#10130,.F.);
#10130 = EDGE_CURVE('',#10114,#10123,#10131,.T.);
#10131 = LINE('',#10132,#10133);
#10132 = CARTESIAN_POINT('',(40.5,-9.875,39.4));
#10133 = VECTOR('',#10134,1.);
#10134 = DIRECTION('',(0.,-1.,0.));
#10135 = PLANE('',#10136);
#10136 = AXIS2_PLACEMENT_3D('',#10137,#10138,#10139);
#10137 = CARTESIAN_POINT('',(35.5,-1.25,39.4));
#10138 = DIRECTION('',(0.,0.,1.));
#10139 = DIRECTION('',(1.,0.,0.));
#10140 = ADVANCED_FACE('',(#10141),#10159,.F.);
#10141 = FACE_BOUND('',#10142,.F.);
#10142 = EDGE_LOOP('',(#10143,#10144,#10145,#10153));
#10143 = ORIENTED_EDGE('',*,*,#10113,.F.);
#10144 = ORIENTED_EDGE('',*,*,#9437,.T.);
#10145 = ORIENTED_EDGE('',*,*,#10146,.T.);
#10146 = EDGE_CURVE('',#9430,#10147,#10149,.T.);
#10147 = VERTEX_POINT('',#10148);
#10148 = CARTESIAN_POINT('',(40.5,1.25,41.4));
#10149 = LINE('',#10150,#10151);
#10150 = CARTESIAN_POINT('',(35.5,1.25,41.4));
#10151 = VECTOR('',#10152,1.);
#10152 = DIRECTION('',(1.,0.,0.));
#10153 = ORIENTED_EDGE('',*,*,#10154,.F.);
#10154 = EDGE_CURVE('',#10114,#10147,#10155,.T.);
#10155 = LINE('',#10156,#10157);
#10156 = CARTESIAN_POINT('',(40.5,1.25,29.7));
#10157 = VECTOR('',#10158,1.);
#10158 = DIRECTION('',(0.,0.,1.));
#10159 = PLANE('',#10160);
#10160 = AXIS2_PLACEMENT_3D('',#10161,#10162,#10163);
#10161 = CARTESIAN_POINT('',(35.5,1.25,39.4));
#10162 = DIRECTION('',(0.,1.,0.));
#10163 = DIRECTION('',(0.,0.,1.));
#10164 = ADVANCED_FACE('',(#10165),#10183,.T.);
#10165 = FACE_BOUND('',#10166,.T.);
#10166 = EDGE_LOOP('',(#10167,#10168,#10169,#10177));
#10167 = ORIENTED_EDGE('',*,*,#10122,.F.);
#10168 = ORIENTED_EDGE('',*,*,#9421,.T.);
#10169 = ORIENTED_EDGE('',*,*,#10170,.T.);
#10170 = EDGE_CURVE('',#9422,#10171,#10173,.T.);
#10171 = VERTEX_POINT('',#10172);
#10172 = CARTESIAN_POINT('',(40.5,-1.25,41.4));
#10173 = LINE('',#10174,#10175);
#10174 = CARTESIAN_POINT('',(35.5,-1.25,41.4));
#10175 = VECTOR('',#10176,1.);
#10176 = DIRECTION('',(1.,0.,0.));
#10177 = ORIENTED_EDGE('',*,*,#10178,.F.);
#10178 = EDGE_CURVE('',#10123,#10171,#10179,.T.);
#10179 = LINE('',#10180,#10181);
#10180 = CARTESIAN_POINT('',(40.5,-1.25,29.7));
#10181 = VECTOR('',#10182,1.);
#10182 = DIRECTION('',(0.,0.,1.));
#10183 = PLANE('',#10184);
#10184 = AXIS2_PLACEMENT_3D('',#10185,#10186,#10187);
#10185 = CARTESIAN_POINT('',(35.5,-1.25,39.4));
#10186 = DIRECTION('',(0.,1.,0.));
#10187 = DIRECTION('',(0.,0.,1.));
#10188 = ADVANCED_FACE('',(#10189),#10200,.F.);
#10189 = FACE_BOUND('',#10190,.F.);
#10190 = EDGE_LOOP('',(#10191,#10192,#10193,#10194));
#10191 = ORIENTED_EDGE('',*,*,#10146,.F.);
#10192 = ORIENTED_EDGE('',*,*,#9429,.T.);
#10193 = ORIENTED_EDGE('',*,*,#10170,.T.);
#10194 = ORIENTED_EDGE('',*,*,#10195,.F.);
#10195 = EDGE_CURVE('',#10147,#10171,#10196,.T.);
#10196 = LINE('',#10197,#10198);
#10197 = CARTESIAN_POINT('',(40.5,-9.875,41.4));
#10198 = VECTOR('',#10199,1.);
#10199 = DIRECTION('',(0.,-1.,0.));
#10200 = PLANE('',#10201);
#10201 = AXIS2_PLACEMENT_3D('',#10202,#10203,#10204);
#10202 = CARTESIAN_POINT('',(35.5,-1.25,41.4));
#10203 = DIRECTION('',(0.,0.,1.));
#10204 = DIRECTION('',(1.,0.,0.));
#10205 = ADVANCED_FACE('',(#10206),#10231,.T.);
#10206 = FACE_BOUND('',#10207,.T.);
#10207 = EDGE_LOOP('',(#10208,#10216,#10217,#10225));
#10208 = ORIENTED_EDGE('',*,*,#10209,.F.);
#10209 = EDGE_CURVE('',#9446,#10210,#10212,.T.);
#10210 = VERTEX_POINT('',#10211);
#10211 = CARTESIAN_POINT('',(40.5,1.25,46.6));
#10212 = LINE('',#10213,#10214);
#10213 = CARTESIAN_POINT('',(35.5,1.25,46.6));
#10214 = VECTOR('',#10215,1.);
#10215 = DIRECTION('',(1.,0.,0.));
#10216 = ORIENTED_EDGE('',*,*,#9445,.T.);
#10217 = ORIENTED_EDGE('',*,*,#10218,.T.);
#10218 = EDGE_CURVE('',#9448,#10219,#10221,.T.);
#10219 = VERTEX_POINT('',#10220);
#10220 = CARTESIAN_POINT('',(40.5,-1.25,46.6));
#10221 = LINE('',#10222,#10223);
#10222 = CARTESIAN_POINT('',(35.5,-1.25,46.6));
#10223 = VECTOR('',#10224,1.);
#10224 = DIRECTION('',(1.,0.,0.));
#10225 = ORIENTED_EDGE('',*,*,#10226,.F.);
#10226 = EDGE_CURVE('',#10210,#10219,#10227,.T.);
#10227 = LINE('',#10228,#10229);
#10228 = CARTESIAN_POINT('',(40.5,-9.875,46.6));
#10229 = VECTOR('',#10230,1.);
#10230 = DIRECTION('',(0.,-1.,0.));
#10231 = PLANE('',#10232);
#10232 = AXIS2_PLACEMENT_3D('',#10233,#10234,#10235);
#10233 = CARTESIAN_POINT('',(35.5,-1.25,46.6));
#10234 = DIRECTION('',(0.,0.,1.));
#10235 = DIRECTION('',(1.,0.,0.));
#10236 = ADVANCED_FACE('',(#10237),#10255,.F.);
#10237 = FACE_BOUND('',#10238,.F.);
#10238 = EDGE_LOOP('',(#10239,#10240,#10241,#10249));
#10239 = ORIENTED_EDGE('',*,*,#10209,.F.);
#10240 = ORIENTED_EDGE('',*,*,#9471,.T.);
#10241 = ORIENTED_EDGE('',*,*,#10242,.T.);
#10242 = EDGE_CURVE('',#9464,#10243,#10245,.T.);
#10243 = VERTEX_POINT('',#10244);
#10244 = CARTESIAN_POINT('',(40.5,1.25,48.6));
#10245 = LINE('',#10246,#10247);
#10246 = CARTESIAN_POINT('',(35.5,1.25,48.6));
#10247 = VECTOR('',#10248,1.);
#10248 = DIRECTION('',(1.,0.,0.));
#10249 = ORIENTED_EDGE('',*,*,#10250,.F.);
#10250 = EDGE_CURVE('',#10210,#10243,#10251,.T.);
#10251 = LINE('',#10252,#10253);
#10252 = CARTESIAN_POINT('',(40.5,1.25,33.3));
#10253 = VECTOR('',#10254,1.);
#10254 = DIRECTION('',(0.,0.,1.));
#10255 = PLANE('',#10256);
#10256 = AXIS2_PLACEMENT_3D('',#10257,#10258,#10259);
#10257 = CARTESIAN_POINT('',(35.5,1.25,46.6));
#10258 = DIRECTION('',(0.,1.,0.));
#10259 = DIRECTION('',(0.,0.,1.));
#10260 = ADVANCED_FACE('',(#10261),#10279,.T.);
#10261 = FACE_BOUND('',#10262,.T.);
#10262 = EDGE_LOOP('',(#10263,#10264,#10265,#10273));
#10263 = ORIENTED_EDGE('',*,*,#10218,.F.);
#10264 = ORIENTED_EDGE('',*,*,#9455,.T.);
#10265 = ORIENTED_EDGE('',*,*,#10266,.T.);
#10266 = EDGE_CURVE('',#9456,#10267,#10269,.T.);
#10267 = VERTEX_POINT('',#10268);
#10268 = CARTESIAN_POINT('',(40.5,-1.25,48.6));
#10269 = LINE('',#10270,#10271);
#10270 = CARTESIAN_POINT('',(35.5,-1.25,48.6));
#10271 = VECTOR('',#10272,1.);
#10272 = DIRECTION('',(1.,0.,0.));
#10273 = ORIENTED_EDGE('',*,*,#10274,.F.);
#10274 = EDGE_CURVE('',#10219,#10267,#10275,.T.);
#10275 = LINE('',#10276,#10277);
#10276 = CARTESIAN_POINT('',(40.5,-1.25,33.3));
#10277 = VECTOR('',#10278,1.);
#10278 = DIRECTION('',(0.,0.,1.));
#10279 = PLANE('',#10280);
#10280 = AXIS2_PLACEMENT_3D('',#10281,#10282,#10283);
#10281 = CARTESIAN_POINT('',(35.5,-1.25,46.6));
#10282 = DIRECTION('',(0.,1.,0.));
#10283 = DIRECTION('',(0.,0.,1.));
#10284 = ADVANCED_FACE('',(#10285),#10296,.F.);
#10285 = FACE_BOUND('',#10286,.F.);
#10286 = EDGE_LOOP('',(#10287,#10288,#10289,#10290));
#10287 = ORIENTED_EDGE('',*,*,#10242,.F.);
#10288 = ORIENTED_EDGE('',*,*,#9463,.T.);
#10289 = ORIENTED_EDGE('',*,*,#10266,.T.);
#10290 = ORIENTED_EDGE('',*,*,#10291,.F.);
#10291 = EDGE_CURVE('',#10243,#10267,#10292,.T.);
#10292 = LINE('',#10293,#10294);
#10293 = CARTESIAN_POINT('',(40.5,-9.875,48.6));
#10294 = VECTOR('',#10295,1.);
#10295 = DIRECTION('',(0.,-1.,0.));
#10296 = PLANE('',#10297);
#10297 = AXIS2_PLACEMENT_3D('',#10298,#10299,#10300);
#10298 = CARTESIAN_POINT('',(35.5,-1.25,48.6));
#10299 = DIRECTION('',(0.,0.,1.));
#10300 = DIRECTION('',(1.,0.,0.));
#10301 = ADVANCED_FACE('',(#10302),#10327,.T.);
#10302 = FACE_BOUND('',#10303,.T.);
#10303 = EDGE_LOOP('',(#10304,#10312,#10313,#10321));
#10304 = ORIENTED_EDGE('',*,*,#10305,.F.);
#10305 = EDGE_CURVE('',#9480,#10306,#10308,.T.);
#10306 = VERTEX_POINT('',#10307);
#10307 = CARTESIAN_POINT('',(40.5,1.25,53.8));
#10308 = LINE('',#10309,#10310);
#10309 = CARTESIAN_POINT('',(35.5,1.25,53.8));
#10310 = VECTOR('',#10311,1.);
#10311 = DIRECTION('',(1.,0.,0.));
#10312 = ORIENTED_EDGE('',*,*,#9479,.T.);
#10313 = ORIENTED_EDGE('',*,*,#10314,.T.);
#10314 = EDGE_CURVE('',#9482,#10315,#10317,.T.);
#10315 = VERTEX_POINT('',#10316);
#10316 = CARTESIAN_POINT('',(40.5,-1.25,53.8));
#10317 = LINE('',#10318,#10319);
#10318 = CARTESIAN_POINT('',(35.5,-1.25,53.8));
#10319 = VECTOR('',#10320,1.);
#10320 = DIRECTION('',(1.,0.,0.));
#10321 = ORIENTED_EDGE('',*,*,#10322,.F.);
#10322 = EDGE_CURVE('',#10306,#10315,#10323,.T.);
#10323 = LINE('',#10324,#10325);
#10324 = CARTESIAN_POINT('',(40.5,-9.875,53.8));
#10325 = VECTOR('',#10326,1.);
#10326 = DIRECTION('',(0.,-1.,0.));
#10327 = PLANE('',#10328);
#10328 = AXIS2_PLACEMENT_3D('',#10329,#10330,#10331);
#10329 = CARTESIAN_POINT('',(35.5,-1.25,53.8));
#10330 = DIRECTION('',(0.,0.,1.));
#10331 = DIRECTION('',(1.,0.,0.));
#10332 = ADVANCED_FACE('',(#10333),#10351,.F.);
#10333 = FACE_BOUND('',#10334,.F.);
#10334 = EDGE_LOOP('',(#10335,#10336,#10337,#10345));
#10335 = ORIENTED_EDGE('',*,*,#10305,.F.);
#10336 = ORIENTED_EDGE('',*,*,#9505,.T.);
#10337 = ORIENTED_EDGE('',*,*,#10338,.T.);
#10338 = EDGE_CURVE('',#9498,#10339,#10341,.T.);
#10339 = VERTEX_POINT('',#10340);
#10340 = CARTESIAN_POINT('',(40.5,1.25,55.8));
#10341 = LINE('',#10342,#10343);
#10342 = CARTESIAN_POINT('',(35.5,1.25,55.8));
#10343 = VECTOR('',#10344,1.);
#10344 = DIRECTION('',(1.,0.,0.));
#10345 = ORIENTED_EDGE('',*,*,#10346,.F.);
#10346 = EDGE_CURVE('',#10306,#10339,#10347,.T.);
#10347 = LINE('',#10348,#10349);
#10348 = CARTESIAN_POINT('',(40.5,1.25,36.9));
#10349 = VECTOR('',#10350,1.);
#10350 = DIRECTION('',(0.,0.,1.));
#10351 = PLANE('',#10352);
#10352 = AXIS2_PLACEMENT_3D('',#10353,#10354,#10355);
#10353 = CARTESIAN_POINT('',(35.5,1.25,53.8));
#10354 = DIRECTION('',(0.,1.,0.));
#10355 = DIRECTION('',(0.,0.,1.));
#10356 = ADVANCED_FACE('',(#10357),#10375,.T.);
#10357 = FACE_BOUND('',#10358,.T.);
#10358 = EDGE_LOOP('',(#10359,#10360,#10361,#10369));
#10359 = ORIENTED_EDGE('',*,*,#10314,.F.);
#10360 = ORIENTED_EDGE('',*,*,#9489,.T.);
#10361 = ORIENTED_EDGE('',*,*,#10362,.T.);
#10362 = EDGE_CURVE('',#9490,#10363,#10365,.T.);
#10363 = VERTEX_POINT('',#10364);
#10364 = CARTESIAN_POINT('',(40.5,-1.25,55.8));
#10365 = LINE('',#10366,#10367);
#10366 = CARTESIAN_POINT('',(35.5,-1.25,55.8));
#10367 = VECTOR('',#10368,1.);
#10368 = DIRECTION('',(1.,0.,0.));
#10369 = ORIENTED_EDGE('',*,*,#10370,.F.);
#10370 = EDGE_CURVE('',#10315,#10363,#10371,.T.);
#10371 = LINE('',#10372,#10373);
#10372 = CARTESIAN_POINT('',(40.5,-1.25,36.9));
#10373 = VECTOR('',#10374,1.);
#10374 = DIRECTION('',(0.,0.,1.));
#10375 = PLANE('',#10376);
#10376 = AXIS2_PLACEMENT_3D('',#10377,#10378,#10379);
#10377 = CARTESIAN_POINT('',(35.5,-1.25,53.8));
#10378 = DIRECTION('',(0.,1.,0.));
#10379 = DIRECTION('',(0.,0.,1.));
#10380 = ADVANCED_FACE('',(#10381),#10392,.F.);
#10381 = FACE_BOUND('',#10382,.F.);
#10382 = EDGE_LOOP('',(#10383,#10384,#10385,#10386));
#10383 = ORIENTED_EDGE('',*,*,#10338,.F.);
#10384 = ORIENTED_EDGE('',*,*,#9497,.T.);
#10385 = ORIENTED_EDGE('',*,*,#10362,.T.);
#10386 = ORIENTED_EDGE('',*,*,#10387,.F.);
#10387 = EDGE_CURVE('',#10339,#10363,#10388,.T.);
#10388 = LINE('',#10389,#10390);
#10389 = CARTESIAN_POINT('',(40.5,-9.875,55.8));
#10390 = VECTOR('',#10391,1.);
#10391 = DIRECTION('',(0.,-1.,0.));
#10392 = PLANE('',#10393);
#10393 = AXIS2_PLACEMENT_3D('',#10394,#10395,#10396);
#10394 = CARTESIAN_POINT('',(35.5,-1.25,55.8));
#10395 = DIRECTION('',(0.,0.,1.));
#10396 = DIRECTION('',(1.,0.,0.));
#10397 = ADVANCED_FACE('',(#10398),#10423,.T.);
#10398 = FACE_BOUND('',#10399,.T.);
#10399 = EDGE_LOOP('',(#10400,#10408,#10409,#10417));
#10400 = ORIENTED_EDGE('',*,*,#10401,.F.);
#10401 = EDGE_CURVE('',#9514,#10402,#10404,.T.);
#10402 = VERTEX_POINT('',#10403);
#10403 = CARTESIAN_POINT('',(40.5,1.25,61.));
#10404 = LINE('',#10405,#10406);
#10405 = CARTESIAN_POINT('',(35.5,1.25,61.));
#10406 = VECTOR('',#10407,1.);
#10407 = DIRECTION('',(1.,0.,0.));
#10408 = ORIENTED_EDGE('',*,*,#9513,.T.);
#10409 = ORIENTED_EDGE('',*,*,#10410,.T.);
#10410 = EDGE_CURVE('',#9516,#10411,#10413,.T.);
#10411 = VERTEX_POINT('',#10412);
#10412 = CARTESIAN_POINT('',(40.5,-1.25,61.));
#10413 = LINE('',#10414,#10415);
#10414 = CARTESIAN_POINT('',(35.5,-1.25,61.));
#10415 = VECTOR('',#10416,1.);
#10416 = DIRECTION('',(1.,0.,0.));
#10417 = ORIENTED_EDGE('',*,*,#10418,.F.);
#10418 = EDGE_CURVE('',#10402,#10411,#10419,.T.);
#10419 = LINE('',#10420,#10421);
#10420 = CARTESIAN_POINT('',(40.5,-9.875,61.));
#10421 = VECTOR('',#10422,1.);
#10422 = DIRECTION('',(0.,-1.,0.));
#10423 = PLANE('',#10424);
#10424 = AXIS2_PLACEMENT_3D('',#10425,#10426,#10427);
#10425 = CARTESIAN_POINT('',(35.5,-1.25,61.));
#10426 = DIRECTION('',(0.,0.,1.));
#10427 = DIRECTION('',(1.,0.,0.));
#10428 = ADVANCED_FACE('',(#10429),#10447,.F.);
#10429 = FACE_BOUND('',#10430,.F.);
#10430 = EDGE_LOOP('',(#10431,#10432,#10433,#10441));
#10431 = ORIENTED_EDGE('',*,*,#10401,.F.);
#10432 = ORIENTED_EDGE('',*,*,#9539,.T.);
#10433 = ORIENTED_EDGE('',*,*,#10434,.T.);
#10434 = EDGE_CURVE('',#9532,#10435,#10437,.T.);
#10435 = VERTEX_POINT('',#10436);
#10436 = CARTESIAN_POINT('',(40.5,1.25,63.));
#10437 = LINE('',#10438,#10439);
#10438 = CARTESIAN_POINT('',(35.5,1.25,63.));
#10439 = VECTOR('',#10440,1.);
#10440 = DIRECTION('',(1.,0.,0.));
#10441 = ORIENTED_EDGE('',*,*,#10442,.F.);
#10442 = EDGE_CURVE('',#10402,#10435,#10443,.T.);
#10443 = LINE('',#10444,#10445);
#10444 = CARTESIAN_POINT('',(40.5,1.25,40.5));
#10445 = VECTOR('',#10446,1.);
#10446 = DIRECTION('',(0.,0.,1.));
#10447 = PLANE('',#10448);
#10448 = AXIS2_PLACEMENT_3D('',#10449,#10450,#10451);
#10449 = CARTESIAN_POINT('',(35.5,1.25,61.));
#10450 = DIRECTION('',(0.,1.,0.));
#10451 = DIRECTION('',(0.,0.,1.));
#10452 = ADVANCED_FACE('',(#10453),#10471,.T.);
#10453 = FACE_BOUND('',#10454,.T.);
#10454 = EDGE_LOOP('',(#10455,#10456,#10457,#10465));
#10455 = ORIENTED_EDGE('',*,*,#10410,.F.);
#10456 = ORIENTED_EDGE('',*,*,#9523,.T.);
#10457 = ORIENTED_EDGE('',*,*,#10458,.T.);
#10458 = EDGE_CURVE('',#9524,#10459,#10461,.T.);
#10459 = VERTEX_POINT('',#10460);
#10460 = CARTESIAN_POINT('',(40.5,-1.25,63.));
#10461 = LINE('',#10462,#10463);
#10462 = CARTESIAN_POINT('',(35.5,-1.25,63.));
#10463 = VECTOR('',#10464,1.);
#10464 = DIRECTION('',(1.,0.,0.));
#10465 = ORIENTED_EDGE('',*,*,#10466,.F.);
#10466 = EDGE_CURVE('',#10411,#10459,#10467,.T.);
#10467 = LINE('',#10468,#10469);
#10468 = CARTESIAN_POINT('',(40.5,-1.25,40.5));
#10469 = VECTOR('',#10470,1.);
#10470 = DIRECTION('',(0.,0.,1.));
#10471 = PLANE('',#10472);
#10472 = AXIS2_PLACEMENT_3D('',#10473,#10474,#10475);
#10473 = CARTESIAN_POINT('',(35.5,-1.25,61.));
#10474 = DIRECTION('',(0.,1.,0.));
#10475 = DIRECTION('',(0.,0.,1.));
#10476 = ADVANCED_FACE('',(#10477),#10488,.F.);
#10477 = FACE_BOUND('',#10478,.F.);
#10478 = EDGE_LOOP('',(#10479,#10480,#10481,#10482));
#10479 = ORIENTED_EDGE('',*,*,#10434,.F.);
#10480 = ORIENTED_EDGE('',*,*,#9531,.T.);
#10481 = ORIENTED_EDGE('',*,*,#10458,.T.);
#10482 = ORIENTED_EDGE('',*,*,#10483,.F.);
#10483 = EDGE_CURVE('',#10435,#10459,#10484,.T.);
#10484 = LINE('',#10485,#10486);
#10485 = CARTESIAN_POINT('',(40.5,-9.875,63.));
#10486 = VECTOR('',#10487,1.);
#10487 = DIRECTION('',(0.,-1.,0.));
#10488 = PLANE('',#10489);
#10489 = AXIS2_PLACEMENT_3D('',#10490,#10491,#10492);
#10490 = CARTESIAN_POINT('',(35.5,-1.25,63.));
#10491 = DIRECTION('',(0.,0.,1.));
#10492 = DIRECTION('',(1.,0.,0.));
#10493 = ADVANCED_FACE('',(#10494),#10519,.T.);
#10494 = FACE_BOUND('',#10495,.T.);
#10495 = EDGE_LOOP('',(#10496,#10504,#10505,#10513));
#10496 = ORIENTED_EDGE('',*,*,#10497,.F.);
#10497 = EDGE_CURVE('',#9548,#10498,#10500,.T.);
#10498 = VERTEX_POINT('',#10499);
#10499 = CARTESIAN_POINT('',(40.5,1.25,68.2));
#10500 = LINE('',#10501,#10502);
#10501 = CARTESIAN_POINT('',(35.5,1.25,68.2));
#10502 = VECTOR('',#10503,1.);
#10503 = DIRECTION('',(1.,0.,0.));
#10504 = ORIENTED_EDGE('',*,*,#9547,.T.);
#10505 = ORIENTED_EDGE('',*,*,#10506,.T.);
#10506 = EDGE_CURVE('',#9550,#10507,#10509,.T.);
#10507 = VERTEX_POINT('',#10508);
#10508 = CARTESIAN_POINT('',(40.5,-1.25,68.2));
#10509 = LINE('',#10510,#10511);
#10510 = CARTESIAN_POINT('',(35.5,-1.25,68.2));
#10511 = VECTOR('',#10512,1.);
#10512 = DIRECTION('',(1.,0.,0.));
#10513 = ORIENTED_EDGE('',*,*,#10514,.F.);
#10514 = EDGE_CURVE('',#10498,#10507,#10515,.T.);
#10515 = LINE('',#10516,#10517);
#10516 = CARTESIAN_POINT('',(40.5,-9.875,68.2));
#10517 = VECTOR('',#10518,1.);
#10518 = DIRECTION('',(0.,-1.,0.));
#10519 = PLANE('',#10520);
#10520 = AXIS2_PLACEMENT_3D('',#10521,#10522,#10523);
#10521 = CARTESIAN_POINT('',(35.5,-1.25,68.2));
#10522 = DIRECTION('',(0.,0.,1.));
#10523 = DIRECTION('',(1.,0.,0.));
#10524 = ADVANCED_FACE('',(#10525),#10543,.F.);
#10525 = FACE_BOUND('',#10526,.F.);
#10526 = EDGE_LOOP('',(#10527,#10528,#10529,#10537));
#10527 = ORIENTED_EDGE('',*,*,#10497,.F.);
#10528 = ORIENTED_EDGE('',*,*,#9573,.T.);
#10529 = ORIENTED_EDGE('',*,*,#10530,.T.);
#10530 = EDGE_CURVE('',#9566,#10531,#10533,.T.);
#10531 = VERTEX_POINT('',#10532);
#10532 = CARTESIAN_POINT('',(40.5,1.25,70.2));
#10533 = LINE('',#10534,#10535);
#10534 = CARTESIAN_POINT('',(35.5,1.25,70.2));
#10535 = VECTOR('',#10536,1.);
#10536 = DIRECTION('',(1.,0.,0.));
#10537 = ORIENTED_EDGE('',*,*,#10538,.F.);
#10538 = EDGE_CURVE('',#10498,#10531,#10539,.T.);
#10539 = LINE('',#10540,#10541);
#10540 = CARTESIAN_POINT('',(40.5,1.25,44.1));
#10541 = VECTOR('',#10542,1.);
#10542 = DIRECTION('',(0.,0.,1.));
#10543 = PLANE('',#10544);
#10544 = AXIS2_PLACEMENT_3D('',#10545,#10546,#10547);
#10545 = CARTESIAN_POINT('',(35.5,1.25,68.2));
#10546 = DIRECTION('',(0.,1.,0.));
#10547 = DIRECTION('',(0.,0.,1.));
#10548 = ADVANCED_FACE('',(#10549),#10567,.T.);
#10549 = FACE_BOUND('',#10550,.T.);
#10550 = EDGE_LOOP('',(#10551,#10552,#10553,#10561));
#10551 = ORIENTED_EDGE('',*,*,#10506,.F.);
#10552 = ORIENTED_EDGE('',*,*,#9557,.T.);
#10553 = ORIENTED_EDGE('',*,*,#10554,.T.);
#10554 = EDGE_CURVE('',#9558,#10555,#10557,.T.);
#10555 = VERTEX_POINT('',#10556);
#10556 = CARTESIAN_POINT('',(40.5,-1.25,70.2));
#10557 = LINE('',#10558,#10559);
#10558 = CARTESIAN_POINT('',(35.5,-1.25,70.2));
#10559 = VECTOR('',#10560,1.);
#10560 = DIRECTION('',(1.,0.,0.));
#10561 = ORIENTED_EDGE('',*,*,#10562,.F.);
#10562 = EDGE_CURVE('',#10507,#10555,#10563,.T.);
#10563 = LINE('',#10564,#10565);
#10564 = CARTESIAN_POINT('',(40.5,-1.25,44.1));
#10565 = VECTOR('',#10566,1.);
#10566 = DIRECTION('',(0.,0.,1.));
#10567 = PLANE('',#10568);
#10568 = AXIS2_PLACEMENT_3D('',#10569,#10570,#10571);
#10569 = CARTESIAN_POINT('',(35.5,-1.25,68.2));
#10570 = DIRECTION('',(0.,1.,0.));
#10571 = DIRECTION('',(0.,0.,1.));
#10572 = ADVANCED_FACE('',(#10573),#10584,.F.);
#10573 = FACE_BOUND('',#10574,.F.);
#10574 = EDGE_LOOP('',(#10575,#10576,#10577,#10578));
#10575 = ORIENTED_EDGE('',*,*,#10530,.F.);
#10576 = ORIENTED_EDGE('',*,*,#9565,.T.);
#10577 = ORIENTED_EDGE('',*,*,#10554,.T.);
#10578 = ORIENTED_EDGE('',*,*,#10579,.F.);
#10579 = EDGE_CURVE('',#10531,#10555,#10580,.T.);
#10580 = LINE('',#10581,#10582);
#10581 = CARTESIAN_POINT('',(40.5,-9.875,70.2));
#10582 = VECTOR('',#10583,1.);
#10583 = DIRECTION('',(0.,-1.,0.));
#10584 = PLANE('',#10585);
#10585 = AXIS2_PLACEMENT_3D('',#10586,#10587,#10588);
#10586 = CARTESIAN_POINT('',(35.5,-1.25,70.2));
#10587 = DIRECTION('',(0.,0.,1.));
#10588 = DIRECTION('',(1.,0.,0.));
#10589 = ADVANCED_FACE('',(#10590),#10615,.T.);
#10590 = FACE_BOUND('',#10591,.T.);
#10591 = EDGE_LOOP('',(#10592,#10600,#10601,#10609));
#10592 = ORIENTED_EDGE('',*,*,#10593,.F.);
#10593 = EDGE_CURVE('',#9582,#10594,#10596,.T.);
#10594 = VERTEX_POINT('',#10595);
#10595 = CARTESIAN_POINT('',(40.5,1.25,75.4));
#10596 = LINE('',#10597,#10598);
#10597 = CARTESIAN_POINT('',(35.5,1.25,75.4));
#10598 = VECTOR('',#10599,1.);
#10599 = DIRECTION('',(1.,0.,0.));
#10600 = ORIENTED_EDGE('',*,*,#9581,.T.);
#10601 = ORIENTED_EDGE('',*,*,#10602,.T.);
#10602 = EDGE_CURVE('',#9584,#10603,#10605,.T.);
#10603 = VERTEX_POINT('',#10604);
#10604 = CARTESIAN_POINT('',(40.5,-1.25,75.4));
#10605 = LINE('',#10606,#10607);
#10606 = CARTESIAN_POINT('',(35.5,-1.25,75.4));
#10607 = VECTOR('',#10608,1.);
#10608 = DIRECTION('',(1.,0.,0.));
#10609 = ORIENTED_EDGE('',*,*,#10610,.F.);
#10610 = EDGE_CURVE('',#10594,#10603,#10611,.T.);
#10611 = LINE('',#10612,#10613);
#10612 = CARTESIAN_POINT('',(40.5,-9.875,75.4));
#10613 = VECTOR('',#10614,1.);
#10614 = DIRECTION('',(0.,-1.,0.));
#10615 = PLANE('',#10616);
#10616 = AXIS2_PLACEMENT_3D('',#10617,#10618,#10619);
#10617 = CARTESIAN_POINT('',(35.5,-1.25,75.4));
#10618 = DIRECTION('',(0.,0.,1.));
#10619 = DIRECTION('',(1.,0.,0.));
#10620 = ADVANCED_FACE('',(#10621),#10639,.F.);
#10621 = FACE_BOUND('',#10622,.F.);
#10622 = EDGE_LOOP('',(#10623,#10624,#10625,#10633));
#10623 = ORIENTED_EDGE('',*,*,#10593,.F.);
#10624 = ORIENTED_EDGE('',*,*,#9607,.T.);
#10625 = ORIENTED_EDGE('',*,*,#10626,.T.);
#10626 = EDGE_CURVE('',#9600,#10627,#10629,.T.);
#10627 = VERTEX_POINT('',#10628);
#10628 = CARTESIAN_POINT('',(40.5,1.25,77.4));
#10629 = LINE('',#10630,#10631);
#10630 = CARTESIAN_POINT('',(35.5,1.25,77.4));
#10631 = VECTOR('',#10632,1.);
#10632 = DIRECTION('',(1.,0.,0.));
#10633 = ORIENTED_EDGE('',*,*,#10634,.F.);
#10634 = EDGE_CURVE('',#10594,#10627,#10635,.T.);
#10635 = LINE('',#10636,#10637);
#10636 = CARTESIAN_POINT('',(40.5,1.25,47.7));
#10637 = VECTOR('',#10638,1.);
#10638 = DIRECTION('',(0.,0.,1.));
#10639 = PLANE('',#10640);
#10640 = AXIS2_PLACEMENT_3D('',#10641,#10642,#10643);
#10641 = CARTESIAN_POINT('',(35.5,1.25,75.4));
#10642 = DIRECTION('',(0.,1.,0.));
#10643 = DIRECTION('',(0.,0.,1.));
#10644 = ADVANCED_FACE('',(#10645),#10663,.T.);
#10645 = FACE_BOUND('',#10646,.T.);
#10646 = EDGE_LOOP('',(#10647,#10648,#10649,#10657));
#10647 = ORIENTED_EDGE('',*,*,#10602,.F.);
#10648 = ORIENTED_EDGE('',*,*,#9591,.T.);
#10649 = ORIENTED_EDGE('',*,*,#10650,.T.);
#10650 = EDGE_CURVE('',#9592,#10651,#10653,.T.);
#10651 = VERTEX_POINT('',#10652);
#10652 = CARTESIAN_POINT('',(40.5,-1.25,77.4));
#10653 = LINE('',#10654,#10655);
#10654 = CARTESIAN_POINT('',(35.5,-1.25,77.4));
#10655 = VECTOR('',#10656,1.);
#10656 = DIRECTION('',(1.,0.,0.));
#10657 = ORIENTED_EDGE('',*,*,#10658,.F.);
#10658 = EDGE_CURVE('',#10603,#10651,#10659,.T.);
#10659 = LINE('',#10660,#10661);
#10660 = CARTESIAN_POINT('',(40.5,-1.25,47.7));
#10661 = VECTOR('',#10662,1.);
#10662 = DIRECTION('',(0.,0.,1.));
#10663 = PLANE('',#10664);
#10664 = AXIS2_PLACEMENT_3D('',#10665,#10666,#10667);
#10665 = CARTESIAN_POINT('',(35.5,-1.25,75.4));
#10666 = DIRECTION('',(0.,1.,0.));
#10667 = DIRECTION('',(0.,0.,1.));
#10668 = ADVANCED_FACE('',(#10669),#10680,.F.);
#10669 = FACE_BOUND('',#10670,.F.);
#10670 = EDGE_LOOP('',(#10671,#10672,#10673,#10674));
#10671 = ORIENTED_EDGE('',*,*,#10626,.F.);
#10672 = ORIENTED_EDGE('',*,*,#9599,.T.);
#10673 = ORIENTED_EDGE('',*,*,#10650,.T.);
#10674 = ORIENTED_EDGE('',*,*,#10675,.F.);
#10675 = EDGE_CURVE('',#10627,#10651,#10676,.T.);
#10676 = LINE('',#10677,#10678);
#10677 = CARTESIAN_POINT('',(40.5,-9.875,77.4));
#10678 = VECTOR('',#10679,1.);
#10679 = DIRECTION('',(0.,-1.,0.));
#10680 = PLANE('',#10681);
#10681 = AXIS2_PLACEMENT_3D('',#10682,#10683,#10684);
#10682 = CARTESIAN_POINT('',(35.5,-1.25,77.4));
#10683 = DIRECTION('',(0.,0.,1.));
#10684 = DIRECTION('',(1.,0.,0.));
#10685 = ADVANCED_FACE('',(#10686),#10711,.T.);
#10686 = FACE_BOUND('',#10687,.T.);
#10687 = EDGE_LOOP('',(#10688,#10696,#10697,#10705));
#10688 = ORIENTED_EDGE('',*,*,#10689,.F.);
#10689 = EDGE_CURVE('',#9616,#10690,#10692,.T.);
#10690 = VERTEX_POINT('',#10691);
#10691 = CARTESIAN_POINT('',(40.5,1.25,82.6));
#10692 = LINE('',#10693,#10694);
#10693 = CARTESIAN_POINT('',(35.5,1.25,82.6));
#10694 = VECTOR('',#10695,1.);
#10695 = DIRECTION('',(1.,0.,0.));
#10696 = ORIENTED_EDGE('',*,*,#9615,.T.);
#10697 = ORIENTED_EDGE('',*,*,#10698,.T.);
#10698 = EDGE_CURVE('',#9618,#10699,#10701,.T.);
#10699 = VERTEX_POINT('',#10700);
#10700 = CARTESIAN_POINT('',(40.5,-1.25,82.6));
#10701 = LINE('',#10702,#10703);
#10702 = CARTESIAN_POINT('',(35.5,-1.25,82.6));
#10703 = VECTOR('',#10704,1.);
#10704 = DIRECTION('',(1.,0.,0.));
#10705 = ORIENTED_EDGE('',*,*,#10706,.F.);
#10706 = EDGE_CURVE('',#10690,#10699,#10707,.T.);
#10707 = LINE('',#10708,#10709);
#10708 = CARTESIAN_POINT('',(40.5,-9.875,82.6));
#10709 = VECTOR('',#10710,1.);
#10710 = DIRECTION('',(0.,-1.,0.));
#10711 = PLANE('',#10712);
#10712 = AXIS2_PLACEMENT_3D('',#10713,#10714,#10715);
#10713 = CARTESIAN_POINT('',(35.5,-1.25,82.6));
#10714 = DIRECTION('',(0.,0.,1.));
#10715 = DIRECTION('',(1.,0.,0.));
#10716 = ADVANCED_FACE('',(#10717),#10735,.F.);
#10717 = FACE_BOUND('',#10718,.F.);
#10718 = EDGE_LOOP('',(#10719,#10720,#10721,#10729));
#10719 = ORIENTED_EDGE('',*,*,#10689,.F.);
#10720 = ORIENTED_EDGE('',*,*,#9641,.T.);
#10721 = ORIENTED_EDGE('',*,*,#10722,.T.);
#10722 = EDGE_CURVE('',#9634,#10723,#10725,.T.);
#10723 = VERTEX_POINT('',#10724);
#10724 = CARTESIAN_POINT('',(40.5,1.25,84.6));
#10725 = LINE('',#10726,#10727);
#10726 = CARTESIAN_POINT('',(35.5,1.25,84.6));
#10727 = VECTOR('',#10728,1.);
#10728 = DIRECTION('',(1.,0.,0.));
#10729 = ORIENTED_EDGE('',*,*,#10730,.F.);
#10730 = EDGE_CURVE('',#10690,#10723,#10731,.T.);
#10731 = LINE('',#10732,#10733);
#10732 = CARTESIAN_POINT('',(40.5,1.25,51.3));
#10733 = VECTOR('',#10734,1.);
#10734 = DIRECTION('',(0.,0.,1.));
#10735 = PLANE('',#10736);
#10736 = AXIS2_PLACEMENT_3D('',#10737,#10738,#10739);
#10737 = CARTESIAN_POINT('',(35.5,1.25,82.6));
#10738 = DIRECTION('',(0.,1.,0.));
#10739 = DIRECTION('',(0.,0.,1.));
#10740 = ADVANCED_FACE('',(#10741),#10759,.T.);
#10741 = FACE_BOUND('',#10742,.T.);
#10742 = EDGE_LOOP('',(#10743,#10744,#10745,#10753));
#10743 = ORIENTED_EDGE('',*,*,#10698,.F.);
#10744 = ORIENTED_EDGE('',*,*,#9625,.T.);
#10745 = ORIENTED_EDGE('',*,*,#10746,.T.);
#10746 = EDGE_CURVE('',#9626,#10747,#10749,.T.);
#10747 = VERTEX_POINT('',#10748);
#10748 = CARTESIAN_POINT('',(40.5,-1.25,84.6));
#10749 = LINE('',#10750,#10751);
#10750 = CARTESIAN_POINT('',(35.5,-1.25,84.6));
#10751 = VECTOR('',#10752,1.);
#10752 = DIRECTION('',(1.,0.,0.));
#10753 = ORIENTED_EDGE('',*,*,#10754,.F.);
#10754 = EDGE_CURVE('',#10699,#10747,#10755,.T.);
#10755 = LINE('',#10756,#10757);
#10756 = CARTESIAN_POINT('',(40.5,-1.25,51.3));
#10757 = VECTOR('',#10758,1.);
#10758 = DIRECTION('',(0.,0.,1.));
#10759 = PLANE('',#10760);
#10760 = AXIS2_PLACEMENT_3D('',#10761,#10762,#10763);
#10761 = CARTESIAN_POINT('',(35.5,-1.25,82.6));
#10762 = DIRECTION('',(0.,1.,0.));
#10763 = DIRECTION('',(0.,0.,1.));
#10764 = ADVANCED_FACE('',(#10765),#10776,.F.);
#10765 = FACE_BOUND('',#10766,.F.);
#10766 = EDGE_LOOP('',(#10767,#10768,#10769,#10770));
#10767 = ORIENTED_EDGE('',*,*,#10722,.F.);
#10768 = ORIENTED_EDGE('',*,*,#9633,.T.);
#10769 = ORIENTED_EDGE('',*,*,#10746,.T.);
#10770 = ORIENTED_EDGE('',*,*,#10771,.F.);
#10771 = EDGE_CURVE('',#10723,#10747,#10772,.T.);
#10772 = LINE('',#10773,#10774);
#10773 = CARTESIAN_POINT('',(40.5,-9.875,84.6));
#10774 = VECTOR('',#10775,1.);
#10775 = DIRECTION('',(0.,-1.,0.));
#10776 = PLANE('',#10777);
#10777 = AXIS2_PLACEMENT_3D('',#10778,#10779,#10780);
#10778 = CARTESIAN_POINT('',(35.5,-1.25,84.6));
#10779 = DIRECTION('',(0.,0.,1.));
#10780 = DIRECTION('',(1.,0.,0.));
#10781 = ADVANCED_FACE('',(#10782),#10807,.T.);
#10782 = FACE_BOUND('',#10783,.T.);
#10783 = EDGE_LOOP('',(#10784,#10792,#10793,#10801));
#10784 = ORIENTED_EDGE('',*,*,#10785,.F.);
#10785 = EDGE_CURVE('',#9650,#10786,#10788,.T.);
#10786 = VERTEX_POINT('',#10787);
#10787 = CARTESIAN_POINT('',(40.5,1.25,89.8));
#10788 = LINE('',#10789,#10790);
#10789 = CARTESIAN_POINT('',(35.5,1.25,89.8));
#10790 = VECTOR('',#10791,1.);
#10791 = DIRECTION('',(1.,0.,0.));
#10792 = ORIENTED_EDGE('',*,*,#9649,.T.);
#10793 = ORIENTED_EDGE('',*,*,#10794,.T.);
#10794 = EDGE_CURVE('',#9652,#10795,#10797,.T.);
#10795 = VERTEX_POINT('',#10796);
#10796 = CARTESIAN_POINT('',(40.5,-1.25,89.8));
#10797 = LINE('',#10798,#10799);
#10798 = CARTESIAN_POINT('',(35.5,-1.25,89.8));
#10799 = VECTOR('',#10800,1.);
#10800 = DIRECTION('',(1.,0.,0.));
#10801 = ORIENTED_EDGE('',*,*,#10802,.F.);
#10802 = EDGE_CURVE('',#10786,#10795,#10803,.T.);
#10803 = LINE('',#10804,#10805);
#10804 = CARTESIAN_POINT('',(40.5,-9.875,89.8));
#10805 = VECTOR('',#10806,1.);
#10806 = DIRECTION('',(0.,-1.,0.));
#10807 = PLANE('',#10808);
#10808 = AXIS2_PLACEMENT_3D('',#10809,#10810,#10811);
#10809 = CARTESIAN_POINT('',(35.5,-1.25,89.8));
#10810 = DIRECTION('',(0.,0.,1.));
#10811 = DIRECTION('',(1.,0.,0.));
#10812 = ADVANCED_FACE('',(#10813),#10831,.F.);
#10813 = FACE_BOUND('',#10814,.F.);
#10814 = EDGE_LOOP('',(#10815,#10816,#10817,#10825));
#10815 = ORIENTED_EDGE('',*,*,#10785,.F.);
#10816 = ORIENTED_EDGE('',*,*,#9675,.T.);
#10817 = ORIENTED_EDGE('',*,*,#10818,.T.);
#10818 = EDGE_CURVE('',#9668,#10819,#10821,.T.);
#10819 = VERTEX_POINT('',#10820);
#10820 = CARTESIAN_POINT('',(40.5,1.25,91.8));
#10821 = LINE('',#10822,#10823);
#10822 = CARTESIAN_POINT('',(35.5,1.25,91.8));
#10823 = VECTOR('',#10824,1.);
#10824 = DIRECTION('',(1.,0.,0.));
#10825 = ORIENTED_EDGE('',*,*,#10826,.F.);
#10826 = EDGE_CURVE('',#10786,#10819,#10827,.T.);
#10827 = LINE('',#10828,#10829);
#10828 = CARTESIAN_POINT('',(40.5,1.25,54.9));
#10829 = VECTOR('',#10830,1.);
#10830 = DIRECTION('',(0.,0.,1.));
#10831 = PLANE('',#10832);
#10832 = AXIS2_PLACEMENT_3D('',#10833,#10834,#10835);
#10833 = CARTESIAN_POINT('',(35.5,1.25,89.8));
#10834 = DIRECTION('',(0.,1.,0.));
#10835 = DIRECTION('',(0.,0.,1.));
#10836 = ADVANCED_FACE('',(#10837),#10855,.T.);
#10837 = FACE_BOUND('',#10838,.T.);
#10838 = EDGE_LOOP('',(#10839,#10840,#10841,#10849));
#10839 = ORIENTED_EDGE('',*,*,#10794,.F.);
#10840 = ORIENTED_EDGE('',*,*,#9659,.T.);
#10841 = ORIENTED_EDGE('',*,*,#10842,.T.);
#10842 = EDGE_CURVE('',#9660,#10843,#10845,.T.);
#10843 = VERTEX_POINT('',#10844);
#10844 = CARTESIAN_POINT('',(40.5,-1.25,91.8));
#10845 = LINE('',#10846,#10847);
#10846 = CARTESIAN_POINT('',(35.5,-1.25,91.8));
#10847 = VECTOR('',#10848,1.);
#10848 = DIRECTION('',(1.,0.,0.));
#10849 = ORIENTED_EDGE('',*,*,#10850,.F.);
#10850 = EDGE_CURVE('',#10795,#10843,#10851,.T.);
#10851 = LINE('',#10852,#10853);
#10852 = CARTESIAN_POINT('',(40.5,-1.25,54.9));
#10853 = VECTOR('',#10854,1.);
#10854 = DIRECTION('',(0.,0.,1.));
#10855 = PLANE('',#10856);
#10856 = AXIS2_PLACEMENT_3D('',#10857,#10858,#10859);
#10857 = CARTESIAN_POINT('',(35.5,-1.25,89.8));
#10858 = DIRECTION('',(0.,1.,0.));
#10859 = DIRECTION('',(0.,0.,1.));
#10860 = ADVANCED_FACE('',(#10861),#10872,.F.);
#10861 = FACE_BOUND('',#10862,.F.);
#10862 = EDGE_LOOP('',(#10863,#10864,#10865,#10866));
#10863 = ORIENTED_EDGE('',*,*,#10818,.F.);
#10864 = ORIENTED_EDGE('',*,*,#9667,.T.);
#10865 = ORIENTED_EDGE('',*,*,#10842,.T.);
#10866 = ORIENTED_EDGE('',*,*,#10867,.F.);
#10867 = EDGE_CURVE('',#10819,#10843,#10868,.T.);
#10868 = LINE('',#10869,#10870);
#10869 = CARTESIAN_POINT('',(40.5,-9.875,91.8));
#10870 = VECTOR('',#10871,1.);
#10871 = DIRECTION('',(0.,-1.,0.));
#10872 = PLANE('',#10873);
#10873 = AXIS2_PLACEMENT_3D('',#10874,#10875,#10876);
#10874 = CARTESIAN_POINT('',(35.5,-1.25,91.8));
#10875 = DIRECTION('',(0.,0.,1.));
#10876 = DIRECTION('',(1.,0.,0.));
#10877 = ADVANCED_FACE('',(#10878),#10903,.T.);
#10878 = FACE_BOUND('',#10879,.T.);
#10879 = EDGE_LOOP('',(#10880,#10888,#10889,#10897));
#10880 = ORIENTED_EDGE('',*,*,#10881,.F.);
#10881 = EDGE_CURVE('',#9684,#10882,#10884,.T.);
#10882 = VERTEX_POINT('',#10883);
#10883 = CARTESIAN_POINT('',(40.5,1.25,97.));
#10884 = LINE('',#10885,#10886);
#10885 = CARTESIAN_POINT('',(35.5,1.25,97.));
#10886 = VECTOR('',#10887,1.);
#10887 = DIRECTION('',(1.,0.,0.));
#10888 = ORIENTED_EDGE('',*,*,#9683,.T.);
#10889 = ORIENTED_EDGE('',*,*,#10890,.T.);
#10890 = EDGE_CURVE('',#9686,#10891,#10893,.T.);
#10891 = VERTEX_POINT('',#10892);
#10892 = CARTESIAN_POINT('',(40.5,-1.25,97.));
#10893 = LINE('',#10894,#10895);
#10894 = CARTESIAN_POINT('',(35.5,-1.25,97.));
#10895 = VECTOR('',#10896,1.);
#10896 = DIRECTION('',(1.,0.,0.));
#10897 = ORIENTED_EDGE('',*,*,#10898,.F.);
#10898 = EDGE_CURVE('',#10882,#10891,#10899,.T.);
#10899 = LINE('',#10900,#10901);
#10900 = CARTESIAN_POINT('',(40.5,-9.875,97.));
#10901 = VECTOR('',#10902,1.);
#10902 = DIRECTION('',(0.,-1.,0.));
#10903 = PLANE('',#10904);
#10904 = AXIS2_PLACEMENT_3D('',#10905,#10906,#10907);
#10905 = CARTESIAN_POINT('',(35.5,-1.25,97.));
#10906 = DIRECTION('',(0.,0.,1.));
#10907 = DIRECTION('',(1.,0.,0.));
#10908 = ADVANCED_FACE('',(#10909),#10927,.F.);
#10909 = FACE_BOUND('',#10910,.F.);
#10910 = EDGE_LOOP('',(#10911,#10912,#10913,#10921));
#10911 = ORIENTED_EDGE('',*,*,#10881,.F.);
#10912 = ORIENTED_EDGE('',*,*,#9709,.T.);
#10913 = ORIENTED_EDGE('',*,*,#10914,.T.);
#10914 = EDGE_CURVE('',#9702,#10915,#10917,.T.);
#10915 = VERTEX_POINT('',#10916);
#10916 = CARTESIAN_POINT('',(40.5,1.25,99.));
#10917 = LINE('',#10918,#10919);
#10918 = CARTESIAN_POINT('',(35.5,1.25,99.));
#10919 = VECTOR('',#10920,1.);
#10920 = DIRECTION('',(1.,0.,0.));
#10921 = ORIENTED_EDGE('',*,*,#10922,.F.);
#10922 = EDGE_CURVE('',#10882,#10915,#10923,.T.);
#10923 = LINE('',#10924,#10925);
#10924 = CARTESIAN_POINT('',(40.5,1.25,58.5));
#10925 = VECTOR('',#10926,1.);
#10926 = DIRECTION('',(0.,0.,1.));
#10927 = PLANE('',#10928);
#10928 = AXIS2_PLACEMENT_3D('',#10929,#10930,#10931);
#10929 = CARTESIAN_POINT('',(35.5,1.25,97.));
#10930 = DIRECTION('',(0.,1.,0.));
#10931 = DIRECTION('',(0.,0.,1.));
#10932 = ADVANCED_FACE('',(#10933),#10951,.T.);
#10933 = FACE_BOUND('',#10934,.T.);
#10934 = EDGE_LOOP('',(#10935,#10936,#10937,#10945));
#10935 = ORIENTED_EDGE('',*,*,#10890,.F.);
#10936 = ORIENTED_EDGE('',*,*,#9693,.T.);
#10937 = ORIENTED_EDGE('',*,*,#10938,.T.);
#10938 = EDGE_CURVE('',#9694,#10939,#10941,.T.);
#10939 = VERTEX_POINT('',#10940);
#10940 = CARTESIAN_POINT('',(40.5,-1.25,99.));
#10941 = LINE('',#10942,#10943);
#10942 = CARTESIAN_POINT('',(35.5,-1.25,99.));
#10943 = VECTOR('',#10944,1.);
#10944 = DIRECTION('',(1.,0.,0.));
#10945 = ORIENTED_EDGE('',*,*,#10946,.F.);
#10946 = EDGE_CURVE('',#10891,#10939,#10947,.T.);
#10947 = LINE('',#10948,#10949);
#10948 = CARTESIAN_POINT('',(40.5,-1.25,58.5));
#10949 = VECTOR('',#10950,1.);
#10950 = DIRECTION('',(0.,0.,1.));
#10951 = PLANE('',#10952);
#10952 = AXIS2_PLACEMENT_3D('',#10953,#10954,#10955);
#10953 = CARTESIAN_POINT('',(35.5,-1.25,97.));
#10954 = DIRECTION('',(0.,1.,0.));
#10955 = DIRECTION('',(0.,0.,1.));
#10956 = ADVANCED_FACE('',(#10957),#10968,.F.);
#10957 = FACE_BOUND('',#10958,.F.);
#10958 = EDGE_LOOP('',(#10959,#10960,#10961,#10962));
#10959 = ORIENTED_EDGE('',*,*,#10914,.F.);
#10960 = ORIENTED_EDGE('',*,*,#9701,.T.);
#10961 = ORIENTED_EDGE('',*,*,#10938,.T.);
#10962 = ORIENTED_EDGE('',*,*,#10963,.F.);
#10963 = EDGE_CURVE('',#10915,#10939,#10964,.T.);
#10964 = LINE('',#10965,#10966);
#10965 = CARTESIAN_POINT('',(40.5,-9.875,99.));
#10966 = VECTOR('',#10967,1.);
#10967 = DIRECTION('',(0.,-1.,0.));
#10968 = PLANE('',#10969);
#10969 = AXIS2_PLACEMENT_3D('',#10970,#10971,#10972);
#10970 = CARTESIAN_POINT('',(35.5,-1.25,99.));
#10971 = DIRECTION('',(0.,0.,1.));
#10972 = DIRECTION('',(1.,0.,0.));
#10973 = ADVANCED_FACE('',(#10974),#10999,.T.);
#10974 = FACE_BOUND('',#10975,.T.);
#10975 = EDGE_LOOP('',(#10976,#10984,#10985,#10993));
#10976 = ORIENTED_EDGE('',*,*,#10977,.F.);
#10977 = EDGE_CURVE('',#9718,#10978,#10980,.T.);
#10978 = VERTEX_POINT('',#10979);
#10979 = CARTESIAN_POINT('',(40.5,1.25,104.2));
#10980 = LINE('',#10981,#10982);
#10981 = CARTESIAN_POINT('',(35.5,1.25,104.2));
#10982 = VECTOR('',#10983,1.);
#10983 = DIRECTION('',(1.,0.,0.));
#10984 = ORIENTED_EDGE('',*,*,#9717,.T.);
#10985 = ORIENTED_EDGE('',*,*,#10986,.T.);
#10986 = EDGE_CURVE('',#9720,#10987,#10989,.T.);
#10987 = VERTEX_POINT('',#10988);
#10988 = CARTESIAN_POINT('',(40.5,-1.25,104.2));
#10989 = LINE('',#10990,#10991);
#10990 = CARTESIAN_POINT('',(35.5,-1.25,104.2));
#10991 = VECTOR('',#10992,1.);
#10992 = DIRECTION('',(1.,0.,0.));
#10993 = ORIENTED_EDGE('',*,*,#10994,.F.);
#10994 = EDGE_CURVE('',#10978,#10987,#10995,.T.);
#10995 = LINE('',#10996,#10997);
#10996 = CARTESIAN_POINT('',(40.5,-9.875,104.2));
#10997 = VECTOR('',#10998,1.);
#10998 = DIRECTION('',(0.,-1.,0.));
#10999 = PLANE('',#11000);
#11000 = AXIS2_PLACEMENT_3D('',#11001,#11002,#11003);
#11001 = CARTESIAN_POINT('',(35.5,-1.25,104.2));
#11002 = DIRECTION('',(0.,0.,1.));
#11003 = DIRECTION('',(1.,0.,0.));
#11004 = ADVANCED_FACE('',(#11005),#11023,.F.);
#11005 = FACE_BOUND('',#11006,.F.);
#11006 = EDGE_LOOP('',(#11007,#11008,#11009,#11017));
#11007 = ORIENTED_EDGE('',*,*,#10977,.F.);
#11008 = ORIENTED_EDGE('',*,*,#9743,.T.);
#11009 = ORIENTED_EDGE('',*,*,#11010,.T.);
#11010 = EDGE_CURVE('',#9736,#11011,#11013,.T.);
#11011 = VERTEX_POINT('',#11012);
#11012 = CARTESIAN_POINT('',(40.5,1.25,106.2));
#11013 = LINE('',#11014,#11015);
#11014 = CARTESIAN_POINT('',(35.5,1.25,106.2));
#11015 = VECTOR('',#11016,1.);
#11016 = DIRECTION('',(1.,0.,0.));
#11017 = ORIENTED_EDGE('',*,*,#11018,.F.);
#11018 = EDGE_CURVE('',#10978,#11011,#11019,.T.);
#11019 = LINE('',#11020,#11021);
#11020 = CARTESIAN_POINT('',(40.5,1.25,62.1));
#11021 = VECTOR('',#11022,1.);
#11022 = DIRECTION('',(0.,0.,1.));
#11023 = PLANE('',#11024);
#11024 = AXIS2_PLACEMENT_3D('',#11025,#11026,#11027);
#11025 = CARTESIAN_POINT('',(35.5,1.25,104.2));
#11026 = DIRECTION('',(0.,1.,0.));
#11027 = DIRECTION('',(0.,0.,1.));
#11028 = ADVANCED_FACE('',(#11029),#11047,.T.);
#11029 = FACE_BOUND('',#11030,.T.);
#11030 = EDGE_LOOP('',(#11031,#11032,#11033,#11041));
#11031 = ORIENTED_EDGE('',*,*,#10986,.F.);
#11032 = ORIENTED_EDGE('',*,*,#9727,.T.);
#11033 = ORIENTED_EDGE('',*,*,#11034,.T.);
#11034 = EDGE_CURVE('',#9728,#11035,#11037,.T.);
#11035 = VERTEX_POINT('',#11036);
#11036 = CARTESIAN_POINT('',(40.5,-1.25,106.2));
#11037 = LINE('',#11038,#11039);
#11038 = CARTESIAN_POINT('',(35.5,-1.25,106.2));
#11039 = VECTOR('',#11040,1.);
#11040 = DIRECTION('',(1.,0.,0.));
#11041 = ORIENTED_EDGE('',*,*,#11042,.F.);
#11042 = EDGE_CURVE('',#10987,#11035,#11043,.T.);
#11043 = LINE('',#11044,#11045);
#11044 = CARTESIAN_POINT('',(40.5,-1.25,62.1));
#11045 = VECTOR('',#11046,1.);
#11046 = DIRECTION('',(0.,0.,1.));
#11047 = PLANE('',#11048);
#11048 = AXIS2_PLACEMENT_3D('',#11049,#11050,#11051);
#11049 = CARTESIAN_POINT('',(35.5,-1.25,104.2));
#11050 = DIRECTION('',(0.,1.,0.));
#11051 = DIRECTION('',(0.,0.,1.));
#11052 = ADVANCED_FACE('',(#11053),#11064,.F.);
#11053 = FACE_BOUND('',#11054,.F.);
#11054 = EDGE_LOOP('',(#11055,#11056,#11057,#11058));
#11055 = ORIENTED_EDGE('',*,*,#11010,.F.);
#11056 = ORIENTED_EDGE('',*,*,#9735,.T.);
#11057 = ORIENTED_EDGE('',*,*,#11034,.T.);
#11058 = ORIENTED_EDGE('',*,*,#11059,.F.);
#11059 = EDGE_CURVE('',#11011,#11035,#11060,.T.);
#11060 = LINE('',#11061,#11062);
#11061 = CARTESIAN_POINT('',(40.5,-9.875,106.2));
#11062 = VECTOR('',#11063,1.);
#11063 = DIRECTION('',(0.,-1.,0.));
#11064 = PLANE('',#11065);
#11065 = AXIS2_PLACEMENT_3D('',#11066,#11067,#11068);
#11066 = CARTESIAN_POINT('',(35.5,-1.25,106.2));
#11067 = DIRECTION('',(0.,0.,1.));
#11068 = DIRECTION('',(1.,0.,0.));
#11069 = ADVANCED_FACE('',(#11070),#11095,.T.);
#11070 = FACE_BOUND('',#11071,.T.);
#11071 = EDGE_LOOP('',(#11072,#11080,#11081,#11089));
#11072 = ORIENTED_EDGE('',*,*,#11073,.F.);
#11073 = EDGE_CURVE('',#9752,#11074,#11076,.T.);
#11074 = VERTEX_POINT('',#11075);
#11075 = CARTESIAN_POINT('',(40.5,1.25,111.4));
#11076 = LINE('',#11077,#11078);
#11077 = CARTESIAN_POINT('',(35.5,1.25,111.4));
#11078 = VECTOR('',#11079,1.);
#11079 = DIRECTION('',(1.,0.,0.));
#11080 = ORIENTED_EDGE('',*,*,#9751,.T.);
#11081 = ORIENTED_EDGE('',*,*,#11082,.T.);
#11082 = EDGE_CURVE('',#9754,#11083,#11085,.T.);
#11083 = VERTEX_POINT('',#11084);
#11084 = CARTESIAN_POINT('',(40.5,-1.25,111.4));
#11085 = LINE('',#11086,#11087);
#11086 = CARTESIAN_POINT('',(35.5,-1.25,111.4));
#11087 = VECTOR('',#11088,1.);
#11088 = DIRECTION('',(1.,0.,0.));
#11089 = ORIENTED_EDGE('',*,*,#11090,.F.);
#11090 = EDGE_CURVE('',#11074,#11083,#11091,.T.);
#11091 = LINE('',#11092,#11093);
#11092 = CARTESIAN_POINT('',(40.5,-9.875,111.4));
#11093 = VECTOR('',#11094,1.);
#11094 = DIRECTION('',(0.,-1.,0.));
#11095 = PLANE('',#11096);
#11096 = AXIS2_PLACEMENT_3D('',#11097,#11098,#11099);
#11097 = CARTESIAN_POINT('',(35.5,-1.25,111.4));
#11098 = DIRECTION('',(0.,0.,1.));
#11099 = DIRECTION('',(1.,0.,0.));
#11100 = ADVANCED_FACE('',(#11101),#11119,.F.);
#11101 = FACE_BOUND('',#11102,.F.);
#11102 = EDGE_LOOP('',(#11103,#11104,#11105,#11113));
#11103 = ORIENTED_EDGE('',*,*,#11073,.F.);
#11104 = ORIENTED_EDGE('',*,*,#9777,.T.);
#11105 = ORIENTED_EDGE('',*,*,#11106,.T.);
#11106 = EDGE_CURVE('',#9770,#11107,#11109,.T.);
#11107 = VERTEX_POINT('',#11108);
#11108 = CARTESIAN_POINT('',(40.5,1.25,113.4));
#11109 = LINE('',#11110,#11111);
#11110 = CARTESIAN_POINT('',(35.5,1.25,113.4));
#11111 = VECTOR('',#11112,1.);
#11112 = DIRECTION('',(1.,0.,0.));
#11113 = ORIENTED_EDGE('',*,*,#11114,.F.);
#11114 = EDGE_CURVE('',#11074,#11107,#11115,.T.);
#11115 = LINE('',#11116,#11117);
#11116 = CARTESIAN_POINT('',(40.5,1.25,65.7));
#11117 = VECTOR('',#11118,1.);
#11118 = DIRECTION('',(0.,0.,1.));
#11119 = PLANE('',#11120);
#11120 = AXIS2_PLACEMENT_3D('',#11121,#11122,#11123);
#11121 = CARTESIAN_POINT('',(35.5,1.25,111.4));
#11122 = DIRECTION('',(0.,1.,0.));
#11123 = DIRECTION('',(0.,0.,1.));
#11124 = ADVANCED_FACE('',(#11125),#11143,.T.);
#11125 = FACE_BOUND('',#11126,.T.);
#11126 = EDGE_LOOP('',(#11127,#11128,#11129,#11137));
#11127 = ORIENTED_EDGE('',*,*,#11082,.F.);
#11128 = ORIENTED_EDGE('',*,*,#9761,.T.);
#11129 = ORIENTED_EDGE('',*,*,#11130,.T.);
#11130 = EDGE_CURVE('',#9762,#11131,#11133,.T.);
#11131 = VERTEX_POINT('',#11132);
#11132 = CARTESIAN_POINT('',(40.5,-1.25,113.4));
#11133 = LINE('',#11134,#11135);
#11134 = CARTESIAN_POINT('',(35.5,-1.25,113.4));
#11135 = VECTOR('',#11136,1.);
#11136 = DIRECTION('',(1.,0.,0.));
#11137 = ORIENTED_EDGE('',*,*,#11138,.F.);
#11138 = EDGE_CURVE('',#11083,#11131,#11139,.T.);
#11139 = LINE('',#11140,#11141);
#11140 = CARTESIAN_POINT('',(40.5,-1.25,65.7));
#11141 = VECTOR('',#11142,1.);
#11142 = DIRECTION('',(0.,0.,1.));
#11143 = PLANE('',#11144);
#11144 = AXIS2_PLACEMENT_3D('',#11145,#11146,#11147);
#11145 = CARTESIAN_POINT('',(35.5,-1.25,111.4));
#11146 = DIRECTION('',(0.,1.,0.));
#11147 = DIRECTION('',(0.,0.,1.));
#11148 = ADVANCED_FACE('',(#11149),#11160,.F.);
#11149 = FACE_BOUND('',#11150,.F.);
#11150 = EDGE_LOOP('',(#11151,#11152,#11153,#11154));
#11151 = ORIENTED_EDGE('',*,*,#11106,.F.);
#11152 = ORIENTED_EDGE('',*,*,#9769,.T.);
#11153 = ORIENTED_EDGE('',*,*,#11130,.T.);
#11154 = ORIENTED_EDGE('',*,*,#11155,.F.);
#11155 = EDGE_CURVE('',#11107,#11131,#11156,.T.);
#11156 = LINE('',#11157,#11158);
#11157 = CARTESIAN_POINT('',(40.5,-9.875,113.4));
#11158 = VECTOR('',#11159,1.);
#11159 = DIRECTION('',(0.,-1.,0.));
#11160 = PLANE('',#11161);
#11161 = AXIS2_PLACEMENT_3D('',#11162,#11163,#11164);
#11162 = CARTESIAN_POINT('',(35.5,-1.25,113.4));
#11163 = DIRECTION('',(0.,0.,1.));
#11164 = DIRECTION('',(1.,0.,0.));
#11165 = ADVANCED_FACE('',(#11166),#11191,.T.);
#11166 = FACE_BOUND('',#11167,.T.);
#11167 = EDGE_LOOP('',(#11168,#11176,#11177,#11185));
#11168 = ORIENTED_EDGE('',*,*,#11169,.F.);
#11169 = EDGE_CURVE('',#9786,#11170,#11172,.T.);
#11170 = VERTEX_POINT('',#11171);
#11171 = CARTESIAN_POINT('',(40.5,1.25,118.6));
#11172 = LINE('',#11173,#11174);
#11173 = CARTESIAN_POINT('',(35.5,1.25,118.6));
#11174 = VECTOR('',#11175,1.);
#11175 = DIRECTION('',(1.,0.,0.));
#11176 = ORIENTED_EDGE('',*,*,#9785,.T.);
#11177 = ORIENTED_EDGE('',*,*,#11178,.T.);
#11178 = EDGE_CURVE('',#9788,#11179,#11181,.T.);
#11179 = VERTEX_POINT('',#11180);
#11180 = CARTESIAN_POINT('',(40.5,-1.25,118.6));
#11181 = LINE('',#11182,#11183);
#11182 = CARTESIAN_POINT('',(35.5,-1.25,118.6));
#11183 = VECTOR('',#11184,1.);
#11184 = DIRECTION('',(1.,0.,0.));
#11185 = ORIENTED_EDGE('',*,*,#11186,.F.);
#11186 = EDGE_CURVE('',#11170,#11179,#11187,.T.);
#11187 = LINE('',#11188,#11189);
#11188 = CARTESIAN_POINT('',(40.5,-9.875,118.6));
#11189 = VECTOR('',#11190,1.);
#11190 = DIRECTION('',(0.,-1.,0.));
#11191 = PLANE('',#11192);
#11192 = AXIS2_PLACEMENT_3D('',#11193,#11194,#11195);
#11193 = CARTESIAN_POINT('',(35.5,-1.25,118.6));
#11194 = DIRECTION('',(0.,0.,1.));
#11195 = DIRECTION('',(1.,0.,0.));
#11196 = ADVANCED_FACE('',(#11197),#11215,.F.);
#11197 = FACE_BOUND('',#11198,.F.);
#11198 = EDGE_LOOP('',(#11199,#11200,#11201,#11209));
#11199 = ORIENTED_EDGE('',*,*,#11169,.F.);
#11200 = ORIENTED_EDGE('',*,*,#9811,.T.);
#11201 = ORIENTED_EDGE('',*,*,#11202,.T.);
#11202 = EDGE_CURVE('',#9804,#11203,#11205,.T.);
#11203 = VERTEX_POINT('',#11204);
#11204 = CARTESIAN_POINT('',(40.5,1.25,120.6));
#11205 = LINE('',#11206,#11207);
#11206 = CARTESIAN_POINT('',(35.5,1.25,120.6));
#11207 = VECTOR('',#11208,1.);
#11208 = DIRECTION('',(1.,0.,0.));
#11209 = ORIENTED_EDGE('',*,*,#11210,.F.);
#11210 = EDGE_CURVE('',#11170,#11203,#11211,.T.);
#11211 = LINE('',#11212,#11213);
#11212 = CARTESIAN_POINT('',(40.5,1.25,69.3));
#11213 = VECTOR('',#11214,1.);
#11214 = DIRECTION('',(0.,0.,1.));
#11215 = PLANE('',#11216);
#11216 = AXIS2_PLACEMENT_3D('',#11217,#11218,#11219);
#11217 = CARTESIAN_POINT('',(35.5,1.25,118.6));
#11218 = DIRECTION('',(0.,1.,0.));
#11219 = DIRECTION('',(0.,0.,1.));
#11220 = ADVANCED_FACE('',(#11221),#11239,.F.);
#11221 = FACE_BOUND('',#11222,.F.);
#11222 = EDGE_LOOP('',(#11223,#11224,#11225,#11233));
#11223 = ORIENTED_EDGE('',*,*,#11202,.F.);
#11224 = ORIENTED_EDGE('',*,*,#9803,.T.);
#11225 = ORIENTED_EDGE('',*,*,#11226,.T.);
#11226 = EDGE_CURVE('',#9796,#11227,#11229,.T.);
#11227 = VERTEX_POINT('',#11228);
#11228 = CARTESIAN_POINT('',(40.5,-1.25,120.6));
#11229 = LINE('',#11230,#11231);
#11230 = CARTESIAN_POINT('',(35.5,-1.25,120.6));
#11231 = VECTOR('',#11232,1.);
#11232 = DIRECTION('',(1.,0.,0.));
#11233 = ORIENTED_EDGE('',*,*,#11234,.F.);
#11234 = EDGE_CURVE('',#11203,#11227,#11235,.T.);
#11235 = LINE('',#11236,#11237);
#11236 = CARTESIAN_POINT('',(40.5,-9.875,120.6));
#11237 = VECTOR('',#11238,1.);
#11238 = DIRECTION('',(0.,-1.,0.));
#11239 = PLANE('',#11240);
#11240 = AXIS2_PLACEMENT_3D('',#11241,#11242,#11243);
#11241 = CARTESIAN_POINT('',(35.5,-1.25,120.6));
#11242 = DIRECTION('',(0.,0.,1.));
#11243 = DIRECTION('',(1.,0.,0.));
#11244 = ADVANCED_FACE('',(#11245),#11256,.T.);
#11245 = FACE_BOUND('',#11246,.T.);
#11246 = EDGE_LOOP('',(#11247,#11248,#11249,#11250));
#11247 = ORIENTED_EDGE('',*,*,#11178,.F.);
#11248 = ORIENTED_EDGE('',*,*,#9795,.T.);
#11249 = ORIENTED_EDGE('',*,*,#11226,.T.);
#11250 = ORIENTED_EDGE('',*,*,#11251,.F.);
#11251 = EDGE_CURVE('',#11179,#11227,#11252,.T.);
#11252 = LINE('',#11253,#11254);
#11253 = CARTESIAN_POINT('',(40.5,-1.25,69.3));
#11254 = VECTOR('',#11255,1.);
#11255 = DIRECTION('',(0.,0.,1.));
#11256 = PLANE('',#11257);
#11257 = AXIS2_PLACEMENT_3D('',#11258,#11259,#11260);
#11258 = CARTESIAN_POINT('',(35.5,-1.25,118.6));
#11259 = DIRECTION('',(0.,1.,0.));
#11260 = DIRECTION('',(0.,0.,1.));
#11261 = ADVANCED_FACE('',(#11262,#11268,#11274,#11280,#11286,#11292,
    #11298,#11304,#11310,#11316,#11322,#11328,#11334,#11340,#11346),
  #11352,.T.);
#11262 = FACE_BOUND('',#11263,.T.);
#11263 = EDGE_LOOP('',(#11264,#11265,#11266,#11267));
#11264 = ORIENTED_EDGE('',*,*,#9842,.F.);
#11265 = ORIENTED_EDGE('',*,*,#9882,.T.);
#11266 = ORIENTED_EDGE('',*,*,#9907,.T.);
#11267 = ORIENTED_EDGE('',*,*,#9858,.F.);
#11268 = FACE_BOUND('',#11269,.T.);
#11269 = EDGE_LOOP('',(#11270,#11271,#11272,#11273));
#11270 = ORIENTED_EDGE('',*,*,#9938,.T.);
#11271 = ORIENTED_EDGE('',*,*,#9986,.T.);
#11272 = ORIENTED_EDGE('',*,*,#10003,.F.);
#11273 = ORIENTED_EDGE('',*,*,#9962,.F.);
#11274 = FACE_BOUND('',#11275,.T.);
#11275 = EDGE_LOOP('',(#11276,#11277,#11278,#11279));
#11276 = ORIENTED_EDGE('',*,*,#10034,.T.);
#11277 = ORIENTED_EDGE('',*,*,#10082,.T.);
#11278 = ORIENTED_EDGE('',*,*,#10099,.F.);
#11279 = ORIENTED_EDGE('',*,*,#10058,.F.);
#11280 = FACE_BOUND('',#11281,.T.);
#11281 = EDGE_LOOP('',(#11282,#11283,#11284,#11285));
#11282 = ORIENTED_EDGE('',*,*,#10130,.T.);
#11283 = ORIENTED_EDGE('',*,*,#10178,.T.);
#11284 = ORIENTED_EDGE('',*,*,#10195,.F.);
#11285 = ORIENTED_EDGE('',*,*,#10154,.F.);
#11286 = FACE_BOUND('',#11287,.T.);
#11287 = EDGE_LOOP('',(#11288,#11289,#11290,#11291));
#11288 = ORIENTED_EDGE('',*,*,#10226,.T.);
#11289 = ORIENTED_EDGE('',*,*,#10274,.T.);
#11290 = ORIENTED_EDGE('',*,*,#10291,.F.);
#11291 = ORIENTED_EDGE('',*,*,#10250,.F.);
#11292 = FACE_BOUND('',#11293,.T.);
#11293 = EDGE_LOOP('',(#11294,#11295,#11296,#11297));
#11294 = ORIENTED_EDGE('',*,*,#10322,.T.);
#11295 = ORIENTED_EDGE('',*,*,#10370,.T.);
#11296 = ORIENTED_EDGE('',*,*,#10387,.F.);
#11297 = ORIENTED_EDGE('',*,*,#10346,.F.);
#11298 = FACE_BOUND('',#11299,.T.);
#11299 = EDGE_LOOP('',(#11300,#11301,#11302,#11303));
#11300 = ORIENTED_EDGE('',*,*,#10418,.T.);
#11301 = ORIENTED_EDGE('',*,*,#10466,.T.);
#11302 = ORIENTED_EDGE('',*,*,#10483,.F.);
#11303 = ORIENTED_EDGE('',*,*,#10442,.F.);
#11304 = FACE_BOUND('',#11305,.T.);
#11305 = EDGE_LOOP('',(#11306,#11307,#11308,#11309));
#11306 = ORIENTED_EDGE('',*,*,#10514,.T.);
#11307 = ORIENTED_EDGE('',*,*,#10562,.T.);
#11308 = ORIENTED_EDGE('',*,*,#10579,.F.);
#11309 = ORIENTED_EDGE('',*,*,#10538,.F.);
#11310 = FACE_BOUND('',#11311,.T.);
#11311 = EDGE_LOOP('',(#11312,#11313,#11314,#11315));
#11312 = ORIENTED_EDGE('',*,*,#10610,.T.);
#11313 = ORIENTED_EDGE('',*,*,#10658,.T.);
#11314 = ORIENTED_EDGE('',*,*,#10675,.F.);
#11315 = ORIENTED_EDGE('',*,*,#10634,.F.);
#11316 = FACE_BOUND('',#11317,.T.);
#11317 = EDGE_LOOP('',(#11318,#11319,#11320,#11321));
#11318 = ORIENTED_EDGE('',*,*,#10706,.T.);
#11319 = ORIENTED_EDGE('',*,*,#10754,.T.);
#11320 = ORIENTED_EDGE('',*,*,#10771,.F.);
#11321 = ORIENTED_EDGE('',*,*,#10730,.F.);
#11322 = FACE_BOUND('',#11323,.T.);
#11323 = EDGE_LOOP('',(#11324,#11325,#11326,#11327));
#11324 = ORIENTED_EDGE('',*,*,#10802,.T.);
#11325 = ORIENTED_EDGE('',*,*,#10850,.T.);
#11326 = ORIENTED_EDGE('',*,*,#10867,.F.);
#11327 = ORIENTED_EDGE('',*,*,#10826,.F.);
#11328 = FACE_BOUND('',#11329,.T.);
#11329 = EDGE_LOOP('',(#11330,#11331,#11332,#11333));
#11330 = ORIENTED_EDGE('',*,*,#10898,.T.);
#11331 = ORIENTED_EDGE('',*,*,#10946,.T.);
#11332 = ORIENTED_EDGE('',*,*,#10963,.F.);
#11333 = ORIENTED_EDGE('',*,*,#10922,.F.);
#11334 = FACE_BOUND('',#11335,.T.);
#11335 = EDGE_LOOP('',(#11336,#11337,#11338,#11339));
#11336 = ORIENTED_EDGE('',*,*,#10994,.T.);
#11337 = ORIENTED_EDGE('',*,*,#11042,.T.);
#11338 = ORIENTED_EDGE('',*,*,#11059,.F.);
#11339 = ORIENTED_EDGE('',*,*,#11018,.F.);
#11340 = FACE_BOUND('',#11341,.T.);
#11341 = EDGE_LOOP('',(#11342,#11343,#11344,#11345));
#11342 = ORIENTED_EDGE('',*,*,#11090,.T.);
#11343 = ORIENTED_EDGE('',*,*,#11138,.T.);
#11344 = ORIENTED_EDGE('',*,*,#11155,.F.);
#11345 = ORIENTED_EDGE('',*,*,#11114,.F.);
#11346 = FACE_BOUND('',#11347,.T.);
#11347 = EDGE_LOOP('',(#11348,#11349,#11350,#11351));
#11348 = ORIENTED_EDGE('',*,*,#11186,.T.);
#11349 = ORIENTED_EDGE('',*,*,#11251,.T.);
#11350 = ORIENTED_EDGE('',*,*,#11234,.F.);
#11351 = ORIENTED_EDGE('',*,*,#11210,.F.);
#11352 = PLANE('',#11353);
#11353 = AXIS2_PLACEMENT_3D('',#11354,#11355,#11356);
#11354 = CARTESIAN_POINT('',(40.5,-18.5,20.));
#11355 = DIRECTION('',(1.,0.,0.));
#11356 = DIRECTION('',(0.,0.,1.));
#11357 = ( GEOMETRIC_REPRESENTATION_CONTEXT(3) 
GLOBAL_UNCERTAINTY_ASSIGNED_CONTEXT((#11361)) 
GLOBAL_UNIT_ASSIGNED_CONTEXT((#11358,#11359,#11360)) 
REPRESENTATION_CONTEXT('Context #1',
  '3D Context with UNIT and UNCERTAINTY') );
#11358 = ( LENGTH_UNIT() NAMED_UNIT(*) SI_UNIT(.MILLI.,.METRE.) );
#11359 = ( NAMED_UNIT(*) PLANE_ANGLE_UNIT() SI_UNIT($,.RADIAN.) );
#11360 = ( NAMED_UNIT(*) SI_UNIT($,.STERADIAN.) SOLID_ANGLE_UNIT() );
#11361 = UNCERTAINTY_MEASURE_WITH_UNIT(LENGTH_MEASURE(2.E-07),#11358,
  'distance_accuracy_value','confusion accuracy');
#11362 = CONTEXT_DEPENDENT_SHAPE_REPRESENTATION(#11363,#11365);
#11363 = ( REPRESENTATION_RELATIONSHIP('','',#9302,#10) 
REPRESENTATION_RELATIONSHIP_WITH_TRANSFORMATION(#11364) 
SHAPE_REPRESENTATION_RELATIONSHIP() );
#11364 = ITEM_DEFINED_TRANSFORMATION('','',#11,#67);
#11365 = PRODUCT_DEFINITION_SHAPE('Placement','Placement of an item',
  #11366);
#11366 = NEXT_ASSEMBLY_USAGE_OCCURRENCE('66','Right_Grip','',#5,#9297,$
  );
#11367 = PRODUCT_RELATED_PRODUCT_CATEGORY('part',$,(#9299));
#11368 = SHAPE_DEFINITION_REPRESENTATION(#11369,#11375);
#11369 = PRODUCT_DEFINITION_SHAPE('','',#11370);
#11370 = PRODUCT_DEFINITION('design','',#11371,#11374);
#11371 = PRODUCT_DEFINITION_FORMATION('','',#11372);
#11372 = PRODUCT('Probe_ABS_Connector_Block','Probe_ABS_Connector_Block'
  ,'',(#11373));
#11373 = PRODUCT_CONTEXT('',#2,'mechanical');
#11374 = PRODUCT_DEFINITION_CONTEXT('part definition',#2,'design');
#11375 = ADVANCED_BREP_SHAPE_REPRESENTATION('',(#11,#11376),#11526);
#11376 = MANIFOLD_SOLID_BREP('',#11377);
#11377 = CLOSED_SHELL('',(#11378,#11418,#11458,#11480,#11502,#11514));
#11378 = ADVANCED_FACE('',(#11379),#11413,.F.);
#11379 = FACE_BOUND('',#11380,.F.);
#11380 = EDGE_LOOP('',(#11381,#11391,#11399,#11407));
#11381 = ORIENTED_EDGE('',*,*,#11382,.F.);
#11382 = EDGE_CURVE('',#11383,#11385,#11387,.T.);
#11383 = VERTEX_POINT('',#11384);
#11384 = CARTESIAN_POINT('',(0.,0.,0.));
#11385 = VERTEX_POINT('',#11386);
#11386 = CARTESIAN_POINT('',(0.,0.,8.));
#11387 = LINE('',#11388,#11389);
#11388 = CARTESIAN_POINT('',(0.,0.,0.));
#11389 = VECTOR('',#11390,1.);
#11390 = DIRECTION('',(0.,0.,1.));
#11391 = ORIENTED_EDGE('',*,*,#11392,.T.);
#11392 = EDGE_CURVE('',#11383,#11393,#11395,.T.);
#11393 = VERTEX_POINT('',#11394);
#11394 = CARTESIAN_POINT('',(0.,14.,0.));
#11395 = LINE('',#11396,#11397);
#11396 = CARTESIAN_POINT('',(0.,0.,0.));
#11397 = VECTOR('',#11398,1.);
#11398 = DIRECTION('',(-0.,1.,0.));
#11399 = ORIENTED_EDGE('',*,*,#11400,.T.);
#11400 = EDGE_CURVE('',#11393,#11401,#11403,.T.);
#11401 = VERTEX_POINT('',#11402);
#11402 = CARTESIAN_POINT('',(0.,14.,8.));
#11403 = LINE('',#11404,#11405);
#11404 = CARTESIAN_POINT('',(0.,14.,0.));
#11405 = VECTOR('',#11406,1.);
#11406 = DIRECTION('',(0.,0.,1.));
#11407 = ORIENTED_EDGE('',*,*,#11408,.F.);
#11408 = EDGE_CURVE('',#11385,#11401,#11409,.T.);
#11409 = LINE('',#11410,#11411);
#11410 = CARTESIAN_POINT('',(0.,0.,8.));
#11411 = VECTOR('',#11412,1.);
#11412 = DIRECTION('',(-0.,1.,0.));
#11413 = PLANE('',#11414);
#11414 = AXIS2_PLACEMENT_3D('',#11415,#11416,#11417);
#11415 = CARTESIAN_POINT('',(0.,0.,0.));
#11416 = DIRECTION('',(1.,0.,-0.));
#11417 = DIRECTION('',(0.,0.,1.));
#11418 = ADVANCED_FACE('',(#11419),#11453,.T.);
#11419 = FACE_BOUND('',#11420,.T.);
#11420 = EDGE_LOOP('',(#11421,#11431,#11439,#11447));
#11421 = ORIENTED_EDGE('',*,*,#11422,.F.);
#11422 = EDGE_CURVE('',#11423,#11425,#11427,.T.);
#11423 = VERTEX_POINT('',#11424);
#11424 = CARTESIAN_POINT('',(36.,0.,0.));
#11425 = VERTEX_POINT('',#11426);
#11426 = CARTESIAN_POINT('',(36.,0.,8.));
#11427 = LINE('',#11428,#11429);
#11428 = CARTESIAN_POINT('',(36.,0.,0.));
#11429 = VECTOR('',#11430,1.);
#11430 = DIRECTION('',(0.,0.,1.));
#11431 = ORIENTED_EDGE('',*,*,#11432,.T.);
#11432 = EDGE_CURVE('',#11423,#11433,#11435,.T.);
#11433 = VERTEX_POINT('',#11434);
#11434 = CARTESIAN_POINT('',(36.,14.,0.));
#11435 = LINE('',#11436,#11437);
#11436 = CARTESIAN_POINT('',(36.,0.,0.));
#11437 = VECTOR('',#11438,1.);
#11438 = DIRECTION('',(-0.,1.,0.));
#11439 = ORIENTED_EDGE('',*,*,#11440,.T.);
#11440 = EDGE_CURVE('',#11433,#11441,#11443,.T.);
#11441 = VERTEX_POINT('',#11442);
#11442 = CARTESIAN_POINT('',(36.,14.,8.));
#11443 = LINE('',#11444,#11445);
#11444 = CARTESIAN_POINT('',(36.,14.,0.));
#11445 = VECTOR('',#11446,1.);
#11446 = DIRECTION('',(0.,0.,1.));
#11447 = ORIENTED_EDGE('',*,*,#11448,.F.);
#11448 = EDGE_CURVE('',#11425,#11441,#11449,.T.);
#11449 = LINE('',#11450,#11451);
#11450 = CARTESIAN_POINT('',(36.,0.,8.));
#11451 = VECTOR('',#11452,1.);
#11452 = DIRECTION('',(-0.,1.,0.));
#11453 = PLANE('',#11454);
#11454 = AXIS2_PLACEMENT_3D('',#11455,#11456,#11457);
#11455 = CARTESIAN_POINT('',(36.,0.,0.));
#11456 = DIRECTION('',(1.,0.,-0.));
#11457 = DIRECTION('',(0.,0.,1.));
#11458 = ADVANCED_FACE('',(#11459),#11475,.F.);
#11459 = FACE_BOUND('',#11460,.F.);
#11460 = EDGE_LOOP('',(#11461,#11467,#11468,#11474));
#11461 = ORIENTED_EDGE('',*,*,#11462,.F.);
#11462 = EDGE_CURVE('',#11383,#11423,#11463,.T.);
#11463 = LINE('',#11464,#11465);
#11464 = CARTESIAN_POINT('',(0.,0.,0.));
#11465 = VECTOR('',#11466,1.);
#11466 = DIRECTION('',(1.,0.,-0.));
#11467 = ORIENTED_EDGE('',*,*,#11382,.T.);
#11468 = ORIENTED_EDGE('',*,*,#11469,.T.);
#11469 = EDGE_CURVE('',#11385,#11425,#11470,.T.);
#11470 = LINE('',#11471,#11472);
#11471 = CARTESIAN_POINT('',(0.,0.,8.));
#11472 = VECTOR('',#11473,1.);
#11473 = DIRECTION('',(1.,0.,-0.));
#11474 = ORIENTED_EDGE('',*,*,#11422,.F.);
#11475 = PLANE('',#11476);
#11476 = AXIS2_PLACEMENT_3D('',#11477,#11478,#11479);
#11477 = CARTESIAN_POINT('',(0.,0.,0.));
#11478 = DIRECTION('',(-0.,1.,0.));
#11479 = DIRECTION('',(0.,0.,1.));
#11480 = ADVANCED_FACE('',(#11481),#11497,.T.);
#11481 = FACE_BOUND('',#11482,.T.);
#11482 = EDGE_LOOP('',(#11483,#11489,#11490,#11496));
#11483 = ORIENTED_EDGE('',*,*,#11484,.F.);
#11484 = EDGE_CURVE('',#11393,#11433,#11485,.T.);
#11485 = LINE('',#11486,#11487);
#11486 = CARTESIAN_POINT('',(0.,14.,0.));
#11487 = VECTOR('',#11488,1.);
#11488 = DIRECTION('',(1.,0.,-0.));
#11489 = ORIENTED_EDGE('',*,*,#11400,.T.);
#11490 = ORIENTED_EDGE('',*,*,#11491,.T.);
#11491 = EDGE_CURVE('',#11401,#11441,#11492,.T.);
#11492 = LINE('',#11493,#11494);
#11493 = CARTESIAN_POINT('',(0.,14.,8.));
#11494 = VECTOR('',#11495,1.);
#11495 = DIRECTION('',(1.,0.,-0.));
#11496 = ORIENTED_EDGE('',*,*,#11440,.F.);
#11497 = PLANE('',#11498);
#11498 = AXIS2_PLACEMENT_3D('',#11499,#11500,#11501);
#11499 = CARTESIAN_POINT('',(0.,14.,0.));
#11500 = DIRECTION('',(-0.,1.,0.));
#11501 = DIRECTION('',(0.,0.,1.));
#11502 = ADVANCED_FACE('',(#11503),#11509,.F.);
#11503 = FACE_BOUND('',#11504,.F.);
#11504 = EDGE_LOOP('',(#11505,#11506,#11507,#11508));
#11505 = ORIENTED_EDGE('',*,*,#11392,.F.);
#11506 = ORIENTED_EDGE('',*,*,#11462,.T.);
#11507 = ORIENTED_EDGE('',*,*,#11432,.T.);
#11508 = ORIENTED_EDGE('',*,*,#11484,.F.);
#11509 = PLANE('',#11510);
#11510 = AXIS2_PLACEMENT_3D('',#11511,#11512,#11513);
#11511 = CARTESIAN_POINT('',(0.,0.,0.));
#11512 = DIRECTION('',(0.,0.,1.));
#11513 = DIRECTION('',(1.,0.,-0.));
#11514 = ADVANCED_FACE('',(#11515),#11521,.T.);
#11515 = FACE_BOUND('',#11516,.T.);
#11516 = EDGE_LOOP('',(#11517,#11518,#11519,#11520));
#11517 = ORIENTED_EDGE('',*,*,#11408,.F.);
#11518 = ORIENTED_EDGE('',*,*,#11469,.T.);
#11519 = ORIENTED_EDGE('',*,*,#11448,.T.);
#11520 = ORIENTED_EDGE('',*,*,#11491,.F.);
#11521 = PLANE('',#11522);
#11522 = AXIS2_PLACEMENT_3D('',#11523,#11524,#11525);
#11523 = CARTESIAN_POINT('',(0.,0.,8.));
#11524 = DIRECTION('',(0.,0.,1.));
#11525 = DIRECTION('',(1.,0.,-0.));
#11526 = ( GEOMETRIC_REPRESENTATION_CONTEXT(3) 
GLOBAL_UNCERTAINTY_ASSIGNED_CONTEXT((#11530)) 
GLOBAL_UNIT_ASSIGNED_CONTEXT((#11527,#11528,#11529)) 
REPRESENTATION_CONTEXT('Context #1',
  '3D Context with UNIT and UNCERTAINTY') );
#11527 = ( LENGTH_UNIT() NAMED_UNIT(*) SI_UNIT(.MILLI.,.METRE.) );
#11528 = ( NAMED_UNIT(*) PLANE_ANGLE_UNIT() SI_UNIT($,.RADIAN.) );
#11529 = ( NAMED_UNIT(*) SI_UNIT($,.STERADIAN.) SOLID_ANGLE_UNIT() );
#11530 = UNCERTAINTY_MEASURE_WITH_UNIT(LENGTH_MEASURE(1.E-07),#11527,
  'distance_accuracy_value','confusion accuracy');
#11531 = CONTEXT_DEPENDENT_SHAPE_REPRESENTATION(#11532,#11534);
#11532 = ( REPRESENTATION_RELATIONSHIP('','',#11375,#10) 
REPRESENTATION_RELATIONSHIP_WITH_TRANSFORMATION(#11533) 
SHAPE_REPRESENTATION_RELATIONSHIP() );
#11533 = ITEM_DEFINED_TRANSFORMATION('','',#11,#71);
#11534 = PRODUCT_DEFINITION_SHAPE('Placement','Placement of an item',
  #11535);
#11535 = NEXT_ASSEMBLY_USAGE_OCCURRENCE('67','Probe_ABS_Connector_Block'
  ,'',#5,#11370,$);
#11536 = PRODUCT_RELATED_PRODUCT_CATEGORY('part',$,(#11372));
#11537 = SHAPE_DEFINITION_REPRESENTATION(#11538,#11544);
#11538 = PRODUCT_DEFINITION_SHAPE('','',#11539);
#11539 = PRODUCT_DEFINITION('design','',#11540,#11543);
#11540 = PRODUCT_DEFINITION_FORMATION('','',#11541);
#11541 = PRODUCT('Left_EC_Electrode_Pin_SS316',
  'Left_EC_Electrode_Pin_SS316','',(#11542));
#11542 = PRODUCT_CONTEXT('',#2,'mechanical');
#11543 = PRODUCT_DEFINITION_CONTEXT('part definition',#2,'design');
#11544 = ADVANCED_BREP_SHAPE_REPRESENTATION('',(#11,#11545),#11598);
#11545 = MANIFOLD_SOLID_BREP('',#11546);
#11546 = CLOSED_SHELL('',(#11547,#11580,#11589));
#11547 = ADVANCED_FACE('',(#11548),#11575,.T.);
#11548 = FACE_BOUND('',#11549,.T.);
#11549 = EDGE_LOOP('',(#11550,#11559,#11567,#11574));
#11550 = ORIENTED_EDGE('',*,*,#11551,.F.);
#11551 = EDGE_CURVE('',#11552,#11552,#11554,.T.);
#11552 = VERTEX_POINT('',#11553);
#11553 = CARTESIAN_POINT('',(2.5,-1.E-15,18.));
#11554 = CIRCLE('',#11555,2.5);
#11555 = AXIS2_PLACEMENT_3D('',#11556,#11557,#11558);
#11556 = CARTESIAN_POINT('',(0.,0.,18.));
#11557 = DIRECTION('',(0.,0.,1.));
#11558 = DIRECTION('',(1.,0.,-0.));
#11559 = ORIENTED_EDGE('',*,*,#11560,.F.);
#11560 = EDGE_CURVE('',#11561,#11552,#11563,.T.);
#11561 = VERTEX_POINT('',#11562);
#11562 = CARTESIAN_POINT('',(2.5,-1.E-15,0.));
#11563 = LINE('',#11564,#11565);
#11564 = CARTESIAN_POINT('',(2.5,-6.1E-16,0.));
#11565 = VECTOR('',#11566,1.);
#11566 = DIRECTION('',(0.,0.,1.));
#11567 = ORIENTED_EDGE('',*,*,#11568,.T.);
#11568 = EDGE_CURVE('',#11561,#11561,#11569,.T.);
#11569 = CIRCLE('',#11570,2.5);
#11570 = AXIS2_PLACEMENT_3D('',#11571,#11572,#11573);
#11571 = CARTESIAN_POINT('',(0.,0.,0.));
#11572 = DIRECTION('',(0.,0.,1.));
#11573 = DIRECTION('',(1.,0.,-0.));
#11574 = ORIENTED_EDGE('',*,*,#11560,.T.);
#11575 = CYLINDRICAL_SURFACE('',#11576,2.5);
#11576 = AXIS2_PLACEMENT_3D('',#11577,#11578,#11579);
#11577 = CARTESIAN_POINT('',(0.,0.,0.));
#11578 = DIRECTION('',(0.,0.,1.));
#11579 = DIRECTION('',(1.,0.,-0.));
#11580 = ADVANCED_FACE('',(#11581),#11584,.T.);
#11581 = FACE_BOUND('',#11582,.T.);
#11582 = EDGE_LOOP('',(#11583));
#11583 = ORIENTED_EDGE('',*,*,#11551,.T.);
#11584 = PLANE('',#11585);
#11585 = AXIS2_PLACEMENT_3D('',#11586,#11587,#11588);
#11586 = CARTESIAN_POINT('',(0.,0.,18.));
#11587 = DIRECTION('',(0.,0.,1.));
#11588 = DIRECTION('',(1.,0.,-0.));
#11589 = ADVANCED_FACE('',(#11590),#11593,.F.);
#11590 = FACE_BOUND('',#11591,.T.);
#11591 = EDGE_LOOP('',(#11592));
#11592 = ORIENTED_EDGE('',*,*,#11568,.F.);
#11593 = PLANE('',#11594);
#11594 = AXIS2_PLACEMENT_3D('',#11595,#11596,#11597);
#11595 = CARTESIAN_POINT('',(0.,0.,0.));
#11596 = DIRECTION('',(0.,0.,1.));
#11597 = DIRECTION('',(1.,0.,-0.));
#11598 = ( GEOMETRIC_REPRESENTATION_CONTEXT(3) 
GLOBAL_UNCERTAINTY_ASSIGNED_CONTEXT((#11602)) 
GLOBAL_UNIT_ASSIGNED_CONTEXT((#11599,#11600,#11601)) 
REPRESENTATION_CONTEXT('Context #1',
  '3D Context with UNIT and UNCERTAINTY') );
#11599 = ( LENGTH_UNIT() NAMED_UNIT(*) SI_UNIT(.MILLI.,.METRE.) );
#11600 = ( NAMED_UNIT(*) PLANE_ANGLE_UNIT() SI_UNIT($,.RADIAN.) );
#11601 = ( NAMED_UNIT(*) SI_UNIT($,.STERADIAN.) SOLID_ANGLE_UNIT() );
#11602 = UNCERTAINTY_MEASURE_WITH_UNIT(LENGTH_MEASURE(1.E-07),#11599,
  'distance_accuracy_value','confusion accuracy');
#11603 = CONTEXT_DEPENDENT_SHAPE_REPRESENTATION(#11604,#11606);
#11604 = ( REPRESENTATION_RELATIONSHIP('','',#11544,#10) 
REPRESENTATION_RELATIONSHIP_WITH_TRANSFORMATION(#11605) 
SHAPE_REPRESENTATION_RELATIONSHIP() );
#11605 = ITEM_DEFINED_TRANSFORMATION('','',#11,#75);
#11606 = PRODUCT_DEFINITION_SHAPE('Placement','Placement of an item',
  #11607);
#11607 = NEXT_ASSEMBLY_USAGE_OCCURRENCE('68',
  'Left_EC_Electrode_Pin_SS316','',#5,#11539,$);
#11608 = PRODUCT_RELATED_PRODUCT_CATEGORY('part',$,(#11541));
#11609 = SHAPE_DEFINITION_REPRESENTATION(#11610,#11616);
#11610 = PRODUCT_DEFINITION_SHAPE('','',#11611);
#11611 = PRODUCT_DEFINITION('design','',#11612,#11615);
#11612 = PRODUCT_DEFINITION_FORMATION('','',#11613);
#11613 = PRODUCT('Right_Optical_Electrode_Pin_SS316',
  'Right_Optical_Electrode_Pin_SS316','',(#11614));
#11614 = PRODUCT_CONTEXT('',#2,'mechanical');
#11615 = PRODUCT_DEFINITION_CONTEXT('part definition',#2,'design');
#11616 = ADVANCED_BREP_SHAPE_REPRESENTATION('',(#11,#11617),#11813);
#11617 = MANIFOLD_SOLID_BREP('',#11618);
#11618 = CLOSED_SHELL('',(#11619,#11761,#11770,#11779,#11804));
#11619 = ADVANCED_FACE('',(#11620,#11647),#11756,.T.);
#11620 = FACE_BOUND('',#11621,.T.);
#11621 = EDGE_LOOP('',(#11622,#11632,#11639,#11640));
#11622 = ORIENTED_EDGE('',*,*,#11623,.T.);
#11623 = EDGE_CURVE('',#11624,#11626,#11628,.T.);
#11624 = VERTEX_POINT('',#11625);
#11625 = CARTESIAN_POINT('',(12.5,-1.E-15,-26.));
#11626 = VERTEX_POINT('',#11627);
#11627 = CARTESIAN_POINT('',(12.5,-1.E-15,-8.));
#11628 = LINE('',#11629,#11630);
#11629 = CARTESIAN_POINT('',(12.5,-6.1E-16,-26.));
#11630 = VECTOR('',#11631,1.);
#11631 = DIRECTION('',(0.,0.,1.));
#11632 = ORIENTED_EDGE('',*,*,#11633,.F.);
#11633 = EDGE_CURVE('',#11626,#11626,#11634,.T.);
#11634 = CIRCLE('',#11635,2.5);
#11635 = AXIS2_PLACEMENT_3D('',#11636,#11637,#11638);
#11636 = CARTESIAN_POINT('',(10.,0.,-8.));
#11637 = DIRECTION('',(0.,0.,1.));
#11638 = DIRECTION('',(1.,0.,0.));
#11639 = ORIENTED_EDGE('',*,*,#11623,.F.);
#11640 = ORIENTED_EDGE('',*,*,#11641,.T.);
#11641 = EDGE_CURVE('',#11624,#11624,#11642,.T.);
#11642 = CIRCLE('',#11643,2.5);
#11643 = AXIS2_PLACEMENT_3D('',#11644,#11645,#11646);
#11644 = CARTESIAN_POINT('',(10.,0.,-26.));
#11645 = DIRECTION('',(0.,0.,1.));
#11646 = DIRECTION('',(1.,0.,0.));
#11647 = FACE_BOUND('',#11648,.T.);
#11648 = EDGE_LOOP('',(#11649));
#11649 = ORIENTED_EDGE('',*,*,#11650,.F.);
#11650 = EDGE_CURVE('',#11651,#11651,#11653,.T.);
#11651 = VERTEX_POINT('',#11652);
#11652 = CARTESIAN_POINT('',(11.4,-2.071231517721,-21.1797980228));
#11653 = B_SPLINE_CURVE_WITH_KNOTS('',6,(#11654,#11655,#11656,#11657,
    #11658,#11659,#11660,#11661,#11662,#11663,#11664,#11665,#11666,
    #11667,#11668,#11669,#11670,#11671,#11672,#11673,#11674,#11675,
    #11676,#11677,#11678,#11679,#11680,#11681,#11682,#11683,#11684,
    #11685,#11686,#11687,#11688,#11689,#11690,#11691,#11692,#11693,
    #11694,#11695,#11696,#11697,#11698,#11699,#11700,#11701,#11702,
    #11703,#11704,#11705,#11706,#11707,#11708,#11709,#11710,#11711,
    #11712,#11713,#11714,#11715,#11716,#11717,#11718,#11719,#11720,
    #11721,#11722,#11723,#11724,#11725,#11726,#11727,#11728,#11729,
    #11730,#11731,#11732,#11733,#11734,#11735,#11736,#11737,#11738,
    #11739,#11740,#11741,#11742,#11743,#11744,#11745,#11746,#11747,
    #11748,#11749,#11750,#11751,#11752,#11753,#11754,#11755),
  .UNSPECIFIED.,.T.,.F.,(7,5,5,5,5,5,5,5,5,5,5,5,5,5,5,5,5,5,5,5,7),(0.,
    5.663051582671E-02,9.931797700581E-02,0.140932882368,0.183337080795,
    0.246522991109,0.310608435616,0.352124863066,0.39471780138,
    0.435546939496,0.478920924491,0.535841155071,0.590155633793,
    0.657535767765,0.70636062817,0.746133173925,0.808311046298,
    0.85438250704,0.901169864305,0.956092198466,1.),.UNSPECIFIED.);
#11654 = CARTESIAN_POINT('',(11.4,-2.071231517721,-21.1797980228));
#11655 = CARTESIAN_POINT('',(11.4,-2.071231517721,-21.10221133734));
#11656 = CARTESIAN_POINT('',(11.394865393561,-2.074702130952,
    -21.02461540733));
#11657 = CARTESIAN_POINT('',(11.384533505585,-2.081685736413,
    -20.94743427761));
#11658 = CARTESIAN_POINT('',(11.368986454437,-2.092055309216,
    -20.87108714854));
#11659 = CARTESIAN_POINT('',(11.348247542739,-2.105505551762,
    -20.79601069299));
#11660 = CARTESIAN_POINT('',(11.302980117389,-2.133721732952,
    -20.66739321734));
#11661 = CARTESIAN_POINT('',(11.28063633477,-2.14735178794,
    -20.6130853906));
#11662 = CARTESIAN_POINT('',(11.255423602664,-2.162315085975,
    -20.55986785133));
#11663 = CARTESIAN_POINT('',(11.227359594274,-2.178414249501,
    -20.50786980135));
#11664 = CARTESIAN_POINT('',(11.196467137556,-2.195430356017,
    -20.45723259111));
#11665 = CARTESIAN_POINT('',(11.129939908986,-2.230383825348,
    -20.36022208626));
#11666 = CARTESIAN_POINT('',(11.094432960091,-2.248293045506,
    -20.31375769409));
#11667 = CARTESIAN_POINT('',(11.056264653712,-2.266653159627,
    -20.2688281832));
#11668 = CARTESIAN_POINT('',(11.015438623241,-2.285249372426,
    -20.22556220216));
#11669 = CARTESIAN_POINT('',(10.971959692124,-2.303857597481,
    -20.18410721303));
#11670 = CARTESIAN_POINT('',(10.878838732982,-2.340983204584,
    -20.10440564654));
#11671 = CARTESIAN_POINT('',(10.829071546265,-2.359501684644,
    -20.06621441854));
#11672 = CARTESIAN_POINT('',(10.776573272713,-2.377541864343,
    -20.03026811798));
#11673 = CARTESIAN_POINT('',(10.721398030331,-2.394836118017,
    -19.99678964345));
#11674 = CARTESIAN_POINT('',(10.663618354503,-2.411113940727,
    -19.96601611541));
#11675 = CARTESIAN_POINT('',(10.51348947533,-2.448448201102,
    -19.89675459135));
#11676 = CARTESIAN_POINT('',(10.417648088005,-2.468043403649,
    -19.86167987595));
#11677 = CARTESIAN_POINT('',(10.316951918944,-2.48371964252,
    -19.8343672727));
#11678 = CARTESIAN_POINT('',(10.212774497978,-2.494543962873,
    -19.81574673779));
#11679 = CARTESIAN_POINT('',(10.106613750082,-2.5,-19.80636177851));
#11680 = CARTESIAN_POINT('',(9.891868463546,-2.5,-19.80636177851));
#11681 = CARTESIAN_POINT('',(9.784224896799,-2.494387498013,
    -19.81601584997));
#11682 = CARTESIAN_POINT('',(9.678652339536,-2.483258389292,
    -19.83516080511));
#11683 = CARTESIAN_POINT('',(9.57669859356,-2.467157145422,
    -19.86322450171));
#11684 = CARTESIAN_POINT('',(9.479779450115,-2.447063743763,
    -19.89923369867));
#11685 = CARTESIAN_POINT('',(9.330309096125,-2.409395459406,
    -19.96926842832));
#11686 = CARTESIAN_POINT('',(9.27396067789,-2.393377151561,
    -19.99961665603));
#11687 = CARTESIAN_POINT('',(9.220113002924,-2.376401277149,
    -20.03254253415));
#11688 = CARTESIAN_POINT('',(9.168833155257,-2.358721461849,
    -20.06782420138));
#11689 = CARTESIAN_POINT('',(9.120171378966,-2.340588554494,
    -20.10525288468));
#11690 = CARTESIAN_POINT('',(9.026962422129,-2.303427864335,
    -20.18502976777));
#11691 = CARTESIAN_POINT('',(8.98253051162,-2.284379466785,
    -20.22750096874));
#11692 = CARTESIAN_POINT('',(8.940877104448,-2.265349277988,
    -20.27186480293));
#11693 = CARTESIAN_POINT('',(8.902007350598,-2.246577317605,
    -20.31796365765));
#11694 = CARTESIAN_POINT('',(8.865925176756,-2.228293389535,
    -20.36566044624));
#11695 = CARTESIAN_POINT('',(8.80072605483,-2.193865128101,
    -20.46197741622));
#11696 = CARTESIAN_POINT('',(8.771373732746,-2.177658837308,
    -20.51049072335));
#11697 = CARTESIAN_POINT('',(8.744608660708,-2.162300173842,
    -20.56024315597));
#11698 = CARTESIAN_POINT('',(8.72045090415,-2.147980068785,
    -20.6111113603));
#11699 = CARTESIAN_POINT('',(8.698916216907,-2.134871430506,
    -20.66298214588));
#11700 = CARTESIAN_POINT('',(8.659947916706,-2.110644234105,
    -20.77181113546));
#11701 = CARTESIAN_POINT('',(8.642852388683,-2.099699681533,
    -20.8288884047));
#11702 = CARTESIAN_POINT('',(8.628781389437,-2.090487930817,
    -20.88678441884));
#11703 = CARTESIAN_POINT('',(8.617755542116,-2.083160152633,
    -20.94530660737));
#11704 = CARTESIAN_POINT('',(8.609776502247,-2.077814740953,
    -21.00426980704));
#11705 = CARTESIAN_POINT('',(8.598348839131,-2.070129249797,
    -21.14122105034));
#11706 = CARTESIAN_POINT('',(8.597102791343,-2.069255897861,
    -21.21928557072));
#11707 = CARTESIAN_POINT('',(8.601044291313,-2.071942763097,
    -21.29729434567));
#11708 = CARTESIAN_POINT('',(8.610090905065,-2.078097667946,
    -21.3748487722));
#11709 = CARTESIAN_POINT('',(8.624132346488,-2.087460611366,
    -21.45152498343));
#11710 = CARTESIAN_POINT('',(8.660964190348,-2.111265414599,
    -21.59874134336));
#11711 = CARTESIAN_POINT('',(8.683330876541,-2.125459314769,
    -21.66942725874));
#11712 = CARTESIAN_POINT('',(8.70997914567,-2.141924853265,
    -21.73873835716));
#11713 = CARTESIAN_POINT('',(8.740841230691,-2.16031464092,
    -21.8064709635));
#11714 = CARTESIAN_POINT('',(8.775866935168,-2.18024637322,
    -21.87239117728));
#11715 = CARTESIAN_POINT('',(8.863565528932,-2.227455437722,
    -22.01542885335));
#11716 = CARTESIAN_POINT('',(8.918489210065,-2.255363396409,
    -22.09147778803));
#11717 = CARTESIAN_POINT('',(8.979815053639,-2.28433432958,
    -22.16404047689));
#11718 = CARTESIAN_POINT('',(9.047672945376,-2.313622382591,
    -22.23262761339));
#11719 = CARTESIAN_POINT('',(9.122214860312,-2.342403595994,
    -22.29654736429));
#11720 = CARTESIAN_POINT('',(9.262474307512,-2.38954411776,
    -22.39710468849));
#11721 = CARTESIAN_POINT('',(9.325080256316,-2.40862842975,
    -22.43648766756));
#11722 = CARTESIAN_POINT('',(9.391252839805,-2.426569937634,
    -22.47249980237));
#11723 = CARTESIAN_POINT('',(9.460839826738,-2.442939173557,
    -22.50464419216));
#11724 = CARTESIAN_POINT('',(9.533642291534,-2.45731464169,
    -22.53242263921));
#11725 = CARTESIAN_POINT('',(9.671134535969,-2.479062814707,
    -22.57398615129));
#11726 = CARTESIAN_POINT('',(9.734815499585,-2.487238261124,
    -22.58940745501));
#11727 = CARTESIAN_POINT('',(9.800015326162,-2.493563330754,
    -22.60122785702));
#11728 = CARTESIAN_POINT('',(9.866267525774,-2.497851320924,
    -22.60920199647));
#11729 = CARTESIAN_POINT('',(9.933090682143,-2.5,-22.61319909314));
#11730 = CARTESIAN_POINT('',(10.104601778621,-2.5,-22.61319909314));
#11731 = CARTESIAN_POINT('',(10.208560881006,-2.494747932811,
    -22.60343045553));
#11732 = CARTESIAN_POINT('',(10.310354905291,-2.484365696261,
    -22.5841184454));
#11733 = CARTESIAN_POINT('',(10.408497398408,-2.469396906233,
    -22.55595487118));
#11734 = CARTESIAN_POINT('',(10.501618341637,-2.450791790572,
    -22.52009661787));
#11735 = CARTESIAN_POINT('',(10.652970946889,-2.414129634314,
    -22.44723585433));
#11736 = CARTESIAN_POINT('',(10.714313661855,-2.397100979644,
    -22.41278104777));
#11737 = CARTESIAN_POINT('',(10.77253641236,-2.378984025559,
    -22.37527495699));
#11738 = CARTESIAN_POINT('',(10.827619350992,-2.360100714723,
    -22.33506712029));
#11739 = CARTESIAN_POINT('',(10.879563529703,-2.34075476224,
    -22.29246588623));
#11740 = CARTESIAN_POINT('',(10.977965899651,-2.301398303598,
    -22.20232174706));
#11741 = CARTESIAN_POINT('',(11.024360180516,-2.28136867715,
    -22.15468144661));
#11742 = CARTESIAN_POINT('',(11.067618010279,-2.261417650385,
    -22.10505791698));
#11743 = CARTESIAN_POINT('',(11.107781149863,-2.241805458081,
    -22.05364579258));
#11744 = CARTESIAN_POINT('',(11.144879890496,-2.222777760625,
    -22.00059883151));
#11745 = CARTESIAN_POINT('',(11.218899561176,-2.183194524432,
    -21.88197739621));
#11746 = CARTESIAN_POINT('',(11.254691413701,-2.162936110069,
    -21.81579056241));
#11747 = CARTESIAN_POINT('',(11.2862606672,-2.144206456322,
    -21.7477446346));
#11748 = CARTESIAN_POINT('',(11.313559136543,-2.127397268595,
    -21.6780776314));
#11749 = CARTESIAN_POINT('',(11.336519601746,-2.112865606645,
    -21.60699604466));
#11750 = CARTESIAN_POINT('',(11.369847033895,-2.091370253615,
    -21.47686406578));
#11751 = CARTESIAN_POINT('',(11.381814045027,-2.08347432176,
    -21.41826731436));
#11752 = CARTESIAN_POINT('',(11.390864568073,-2.077406769834,
    -21.3590827428));
#11753 = CARTESIAN_POINT('',(11.39694149433,-2.073298637976,
    -21.29949490724));
#11754 = CARTESIAN_POINT('',(11.4,-2.071231517721,-21.2396784339));
#11755 = CARTESIAN_POINT('',(11.4,-2.071231517721,-21.1797980228));
#11756 = CYLINDRICAL_SURFACE('',#11757,2.5);
#11757 = AXIS2_PLACEMENT_3D('',#11758,#11759,#11760);
#11758 = CARTESIAN_POINT('',(10.,0.,-26.));
#11759 = DIRECTION('',(0.,0.,1.));
#11760 = DIRECTION('',(1.,0.,0.));
#11761 = ADVANCED_FACE('',(#11762),#11765,.F.);
#11762 = FACE_BOUND('',#11763,.T.);
#11763 = EDGE_LOOP('',(#11764));
#11764 = ORIENTED_EDGE('',*,*,#11641,.F.);
#11765 = PLANE('',#11766);
#11766 = AXIS2_PLACEMENT_3D('',#11767,#11768,#11769);
#11767 = CARTESIAN_POINT('',(10.,0.,-26.));
#11768 = DIRECTION('',(0.,0.,1.));
#11769 = DIRECTION('',(1.,0.,0.));
#11770 = ADVANCED_FACE('',(#11771),#11774,.T.);
#11771 = FACE_BOUND('',#11772,.T.);
#11772 = EDGE_LOOP('',(#11773));
#11773 = ORIENTED_EDGE('',*,*,#11633,.T.);
#11774 = PLANE('',#11775);
#11775 = AXIS2_PLACEMENT_3D('',#11776,#11777,#11778);
#11776 = CARTESIAN_POINT('',(10.,0.,-8.));
#11777 = DIRECTION('',(0.,0.,1.));
#11778 = DIRECTION('',(1.,0.,0.));
#11779 = ADVANCED_FACE('',(#11780),#11799,.F.);
#11780 = FACE_BOUND('',#11781,.F.);
#11781 = EDGE_LOOP('',(#11782,#11783,#11791,#11798));
#11782 = ORIENTED_EDGE('',*,*,#11650,.F.);
#11783 = ORIENTED_EDGE('',*,*,#11784,.F.);
#11784 = EDGE_CURVE('',#11785,#11651,#11787,.T.);
#11785 = VERTEX_POINT('',#11786);
#11786 = CARTESIAN_POINT('',(11.4,0.5,-21.));
#11787 = LINE('',#11788,#11789);
#11788 = CARTESIAN_POINT('',(11.4,0.5,-21.));
#11789 = VECTOR('',#11790,1.);
#11790 = DIRECTION('',(0.,-0.99756405026,-6.975647374413E-02));
#11791 = ORIENTED_EDGE('',*,*,#11792,.T.);
#11792 = EDGE_CURVE('',#11785,#11785,#11793,.T.);
#11793 = CIRCLE('',#11794,1.4);
#11794 = AXIS2_PLACEMENT_3D('',#11795,#11796,#11797);
#11795 = CARTESIAN_POINT('',(10.,0.5,-21.));
#11796 = DIRECTION('',(0.,-0.99756405026,-6.975647374413E-02));
#11797 = DIRECTION('',(1.,0.,0.));
#11798 = ORIENTED_EDGE('',*,*,#11784,.T.);
#11799 = CYLINDRICAL_SURFACE('',#11800,1.4);
#11800 = AXIS2_PLACEMENT_3D('',#11801,#11802,#11803);
#11801 = CARTESIAN_POINT('',(10.,0.5,-21.));
#11802 = DIRECTION('',(0.,-0.99756405026,-6.975647374413E-02));
#11803 = DIRECTION('',(1.,0.,0.));
#11804 = ADVANCED_FACE('',(#11805),#11808,.T.);
#11805 = FACE_BOUND('',#11806,.F.);
#11806 = EDGE_LOOP('',(#11807));
#11807 = ORIENTED_EDGE('',*,*,#11792,.F.);
#11808 = PLANE('',#11809);
#11809 = AXIS2_PLACEMENT_3D('',#11810,#11811,#11812);
#11810 = CARTESIAN_POINT('',(10.,0.5,-21.));
#11811 = DIRECTION('',(0.,-0.99756405026,-6.975647374413E-02));
#11812 = DIRECTION('',(1.,0.,0.));
#11813 = ( GEOMETRIC_REPRESENTATION_CONTEXT(3) 
GLOBAL_UNCERTAINTY_ASSIGNED_CONTEXT((#11817)) 
GLOBAL_UNIT_ASSIGNED_CONTEXT((#11814,#11815,#11816)) 
REPRESENTATION_CONTEXT('Context #1',
  '3D Context with UNIT and UNCERTAINTY') );
#11814 = ( LENGTH_UNIT() NAMED_UNIT(*) SI_UNIT(.MILLI.,.METRE.) );
#11815 = ( NAMED_UNIT(*) PLANE_ANGLE_UNIT() SI_UNIT($,.RADIAN.) );
#11816 = ( NAMED_UNIT(*) SI_UNIT($,.STERADIAN.) SOLID_ANGLE_UNIT() );
#11817 = UNCERTAINTY_MEASURE_WITH_UNIT(LENGTH_MEASURE(1.E-07),#11814,
  'distance_accuracy_value','confusion accuracy');
#11818 = CONTEXT_DEPENDENT_SHAPE_REPRESENTATION(#11819,#11821);
#11819 = ( REPRESENTATION_RELATIONSHIP('','',#11616,#10) 
REPRESENTATION_RELATIONSHIP_WITH_TRANSFORMATION(#11820) 
SHAPE_REPRESENTATION_RELATIONSHIP() );
#11820 = ITEM_DEFINED_TRANSFORMATION('','',#11,#79);
#11821 = PRODUCT_DEFINITION_SHAPE('Placement','Placement of an item',
  #11822);
#11822 = NEXT_ASSEMBLY_USAGE_OCCURRENCE('69',
  'Right_Optical_Electrode_Pin_SS316','',#5,#11611,$);
#11823 = PRODUCT_RELATED_PRODUCT_CATEGORY('part',$,(#11613));
#11824 = SHAPE_DEFINITION_REPRESENTATION(#11825,#11831);
#11825 = PRODUCT_DEFINITION_SHAPE('','',#11826);
#11826 = PRODUCT_DEFINITION('design','',#11827,#11830);
#11827 = PRODUCT_DEFINITION_FORMATION('','',#11828);
#11828 = PRODUCT('ESP32_S3_PCB_FR4','ESP32_S3_PCB_FR4','',(#11829));
#11829 = PRODUCT_CONTEXT('',#2,'mechanical');
#11830 = PRODUCT_DEFINITION_CONTEXT('part definition',#2,'design');
#11831 = ADVANCED_BREP_SHAPE_REPRESENTATION('',(#11,#11832),#11982);
#11832 = MANIFOLD_SOLID_BREP('',#11833);
#11833 = CLOSED_SHELL('',(#11834,#11874,#11914,#11936,#11958,#11970));
#11834 = ADVANCED_FACE('',(#11835),#11869,.F.);
#11835 = FACE_BOUND('',#11836,.F.);
#11836 = EDGE_LOOP('',(#11837,#11847,#11855,#11863));
#11837 = ORIENTED_EDGE('',*,*,#11838,.F.);
#11838 = EDGE_CURVE('',#11839,#11841,#11843,.T.);
#11839 = VERTEX_POINT('',#11840);
#11840 = CARTESIAN_POINT('',(0.,0.,0.));
#11841 = VERTEX_POINT('',#11842);
#11842 = CARTESIAN_POINT('',(0.,0.,108.));
#11843 = LINE('',#11844,#11845);
#11844 = CARTESIAN_POINT('',(0.,0.,0.));
#11845 = VECTOR('',#11846,1.);
#11846 = DIRECTION('',(0.,0.,1.));
#11847 = ORIENTED_EDGE('',*,*,#11848,.T.);
#11848 = EDGE_CURVE('',#11839,#11849,#11851,.T.);
#11849 = VERTEX_POINT('',#11850);
#11850 = CARTESIAN_POINT('',(0.,1.6,0.));
#11851 = LINE('',#11852,#11853);
#11852 = CARTESIAN_POINT('',(0.,0.,0.));
#11853 = VECTOR('',#11854,1.);
#11854 = DIRECTION('',(-0.,1.,0.));
#11855 = ORIENTED_EDGE('',*,*,#11856,.T.);
#11856 = EDGE_CURVE('',#11849,#11857,#11859,.T.);
#11857 = VERTEX_POINT('',#11858);
#11858 = CARTESIAN_POINT('',(0.,1.6,108.));
#11859 = LINE('',#11860,#11861);
#11860 = CARTESIAN_POINT('',(0.,1.6,0.));
#11861 = VECTOR('',#11862,1.);
#11862 = DIRECTION('',(0.,0.,1.));
#11863 = ORIENTED_EDGE('',*,*,#11864,.F.);
#11864 = EDGE_CURVE('',#11841,#11857,#11865,.T.);
#11865 = LINE('',#11866,#11867);
#11866 = CARTESIAN_POINT('',(0.,0.,108.));
#11867 = VECTOR('',#11868,1.);
#11868 = DIRECTION('',(-0.,1.,0.));
#11869 = PLANE('',#11870);
#11870 = AXIS2_PLACEMENT_3D('',#11871,#11872,#11873);
#11871 = CARTESIAN_POINT('',(0.,0.,0.));
#11872 = DIRECTION('',(1.,0.,-0.));
#11873 = DIRECTION('',(0.,0.,1.));
#11874 = ADVANCED_FACE('',(#11875),#11909,.T.);
#11875 = FACE_BOUND('',#11876,.T.);
#11876 = EDGE_LOOP('',(#11877,#11887,#11895,#11903));
#11877 = ORIENTED_EDGE('',*,*,#11878,.F.);
#11878 = EDGE_CURVE('',#11879,#11881,#11883,.T.);
#11879 = VERTEX_POINT('',#11880);
#11880 = CARTESIAN_POINT('',(62.,0.,0.));
#11881 = VERTEX_POINT('',#11882);
#11882 = CARTESIAN_POINT('',(62.,0.,108.));
#11883 = LINE('',#11884,#11885);
#11884 = CARTESIAN_POINT('',(62.,0.,0.));
#11885 = VECTOR('',#11886,1.);
#11886 = DIRECTION('',(0.,0.,1.));
#11887 = ORIENTED_EDGE('',*,*,#11888,.T.);
#11888 = EDGE_CURVE('',#11879,#11889,#11891,.T.);
#11889 = VERTEX_POINT('',#11890);
#11890 = CARTESIAN_POINT('',(62.,1.6,0.));
#11891 = LINE('',#11892,#11893);
#11892 = CARTESIAN_POINT('',(62.,0.,0.));
#11893 = VECTOR('',#11894,1.);
#11894 = DIRECTION('',(-0.,1.,0.));
#11895 = ORIENTED_EDGE('',*,*,#11896,.T.);
#11896 = EDGE_CURVE('',#11889,#11897,#11899,.T.);
#11897 = VERTEX_POINT('',#11898);
#11898 = CARTESIAN_POINT('',(62.,1.6,108.));
#11899 = LINE('',#11900,#11901);
#11900 = CARTESIAN_POINT('',(62.,1.6,0.));
#11901 = VECTOR('',#11902,1.);
#11902 = DIRECTION('',(0.,0.,1.));
#11903 = ORIENTED_EDGE('',*,*,#11904,.F.);
#11904 = EDGE_CURVE('',#11881,#11897,#11905,.T.);
#11905 = LINE('',#11906,#11907);
#11906 = CARTESIAN_POINT('',(62.,0.,108.));
#11907 = VECTOR('',#11908,1.);
#11908 = DIRECTION('',(-0.,1.,0.));
#11909 = PLANE('',#11910);
#11910 = AXIS2_PLACEMENT_3D('',#11911,#11912,#11913);
#11911 = CARTESIAN_POINT('',(62.,0.,0.));
#11912 = DIRECTION('',(1.,0.,-0.));
#11913 = DIRECTION('',(0.,0.,1.));
#11914 = ADVANCED_FACE('',(#11915),#11931,.F.);
#11915 = FACE_BOUND('',#11916,.F.);
#11916 = EDGE_LOOP('',(#11917,#11923,#11924,#11930));
#11917 = ORIENTED_EDGE('',*,*,#11918,.F.);
#11918 = EDGE_CURVE('',#11839,#11879,#11919,.T.);
#11919 = LINE('',#11920,#11921);
#11920 = CARTESIAN_POINT('',(0.,0.,0.));
#11921 = VECTOR('',#11922,1.);
#11922 = DIRECTION('',(1.,0.,-0.));
#11923 = ORIENTED_EDGE('',*,*,#11838,.T.);
#11924 = ORIENTED_EDGE('',*,*,#11925,.T.);
#11925 = EDGE_CURVE('',#11841,#11881,#11926,.T.);
#11926 = LINE('',#11927,#11928);
#11927 = CARTESIAN_POINT('',(0.,0.,108.));
#11928 = VECTOR('',#11929,1.);
#11929 = DIRECTION('',(1.,0.,-0.));
#11930 = ORIENTED_EDGE('',*,*,#11878,.F.);
#11931 = PLANE('',#11932);
#11932 = AXIS2_PLACEMENT_3D('',#11933,#11934,#11935);
#11933 = CARTESIAN_POINT('',(0.,0.,0.));
#11934 = DIRECTION('',(-0.,1.,0.));
#11935 = DIRECTION('',(0.,0.,1.));
#11936 = ADVANCED_FACE('',(#11937),#11953,.T.);
#11937 = FACE_BOUND('',#11938,.T.);
#11938 = EDGE_LOOP('',(#11939,#11945,#11946,#11952));
#11939 = ORIENTED_EDGE('',*,*,#11940,.F.);
#11940 = EDGE_CURVE('',#11849,#11889,#11941,.T.);
#11941 = LINE('',#11942,#11943);
#11942 = CARTESIAN_POINT('',(0.,1.6,0.));
#11943 = VECTOR('',#11944,1.);
#11944 = DIRECTION('',(1.,0.,-0.));
#11945 = ORIENTED_EDGE('',*,*,#11856,.T.);
#11946 = ORIENTED_EDGE('',*,*,#11947,.T.);
#11947 = EDGE_CURVE('',#11857,#11897,#11948,.T.);
#11948 = LINE('',#11949,#11950);
#11949 = CARTESIAN_POINT('',(0.,1.6,108.));
#11950 = VECTOR('',#11951,1.);
#11951 = DIRECTION('',(1.,0.,-0.));
#11952 = ORIENTED_EDGE('',*,*,#11896,.F.);
#11953 = PLANE('',#11954);
#11954 = AXIS2_PLACEMENT_3D('',#11955,#11956,#11957);
#11955 = CARTESIAN_POINT('',(0.,1.6,0.));
#11956 = DIRECTION('',(-0.,1.,0.));
#11957 = DIRECTION('',(0.,0.,1.));
#11958 = ADVANCED_FACE('',(#11959),#11965,.F.);
#11959 = FACE_BOUND('',#11960,.F.);
#11960 = EDGE_LOOP('',(#11961,#11962,#11963,#11964));
#11961 = ORIENTED_EDGE('',*,*,#11848,.F.);
#11962 = ORIENTED_EDGE('',*,*,#11918,.T.);
#11963 = ORIENTED_EDGE('',*,*,#11888,.T.);
#11964 = ORIENTED_EDGE('',*,*,#11940,.F.);
#11965 = PLANE('',#11966);
#11966 = AXIS2_PLACEMENT_3D('',#11967,#11968,#11969);
#11967 = CARTESIAN_POINT('',(0.,0.,0.));
#11968 = DIRECTION('',(0.,0.,1.));
#11969 = DIRECTION('',(1.,0.,-0.));
#11970 = ADVANCED_FACE('',(#11971),#11977,.T.);
#11971 = FACE_BOUND('',#11972,.T.);
#11972 = EDGE_LOOP('',(#11973,#11974,#11975,#11976));
#11973 = ORIENTED_EDGE('',*,*,#11864,.F.);
#11974 = ORIENTED_EDGE('',*,*,#11925,.T.);
#11975 = ORIENTED_EDGE('',*,*,#11904,.T.);
#11976 = ORIENTED_EDGE('',*,*,#11947,.F.);
#11977 = PLANE('',#11978);
#11978 = AXIS2_PLACEMENT_3D('',#11979,#11980,#11981);
#11979 = CARTESIAN_POINT('',(0.,0.,108.));
#11980 = DIRECTION('',(0.,0.,1.));
#11981 = DIRECTION('',(1.,0.,-0.));
#11982 = ( GEOMETRIC_REPRESENTATION_CONTEXT(3) 
GLOBAL_UNCERTAINTY_ASSIGNED_CONTEXT((#11986)) 
GLOBAL_UNIT_ASSIGNED_CONTEXT((#11983,#11984,#11985)) 
REPRESENTATION_CONTEXT('Context #1',
  '3D Context with UNIT and UNCERTAINTY') );
#11983 = ( LENGTH_UNIT() NAMED_UNIT(*) SI_UNIT(.MILLI.,.METRE.) );
#11984 = ( NAMED_UNIT(*) PLANE_ANGLE_UNIT() SI_UNIT($,.RADIAN.) );
#11985 = ( NAMED_UNIT(*) SI_UNIT($,.STERADIAN.) SOLID_ANGLE_UNIT() );
#11986 = UNCERTAINTY_MEASURE_WITH_UNIT(LENGTH_MEASURE(1.E-07),#11983,
  'distance_accuracy_value','confusion accuracy');
#11987 = CONTEXT_DEPENDENT_SHAPE_REPRESENTATION(#11988,#11990);
#11988 = ( REPRESENTATION_RELATIONSHIP('','',#11831,#10) 
REPRESENTATION_RELATIONSHIP_WITH_TRANSFORMATION(#11989) 
SHAPE_REPRESENTATION_RELATIONSHIP() );
#11989 = ITEM_DEFINED_TRANSFORMATION('','',#11,#83);
#11990 = PRODUCT_DEFINITION_SHAPE('Placement','Placement of an item',
  #11991);
#11991 = NEXT_ASSEMBLY_USAGE_OCCURRENCE('70','ESP32_S3_PCB_FR4','',#5,
  #11826,$);
#11992 = PRODUCT_RELATED_PRODUCT_CATEGORY('part',$,(#11828));
#11993 = SHAPE_DEFINITION_REPRESENTATION(#11994,#12000);
#11994 = PRODUCT_DEFINITION_SHAPE('','',#11995);
#11995 = PRODUCT_DEFINITION('design','',#11996,#11999);
#11996 = PRODUCT_DEFINITION_FORMATION('','',#11997);
#11997 = PRODUCT('ESP32_S3_Shield','ESP32_S3_Shield','',(#11998));
#11998 = PRODUCT_CONTEXT('',#2,'mechanical');
#11999 = PRODUCT_DEFINITION_CONTEXT('part definition',#2,'design');
#12000 = ADVANCED_BREP_SHAPE_REPRESENTATION('',(#11,#12001),#12151);
#12001 = MANIFOLD_SOLID_BREP('',#12002);
#12002 = CLOSED_SHELL('',(#12003,#12043,#12083,#12105,#12127,#12139));
#12003 = ADVANCED_FACE('',(#12004),#12038,.F.);
#12004 = FACE_BOUND('',#12005,.F.);
#12005 = EDGE_LOOP('',(#12006,#12016,#12024,#12032));
#12006 = ORIENTED_EDGE('',*,*,#12007,.F.);
#12007 = EDGE_CURVE('',#12008,#12010,#12012,.T.);
#12008 = VERTEX_POINT('',#12009);
#12009 = CARTESIAN_POINT('',(0.,0.,0.));
#12010 = VERTEX_POINT('',#12011);
#12011 = CARTESIAN_POINT('',(0.,0.,16.));
#12012 = LINE('',#12013,#12014);
#12013 = CARTESIAN_POINT('',(0.,0.,0.));
#12014 = VECTOR('',#12015,1.);
#12015 = DIRECTION('',(0.,0.,1.));
#12016 = ORIENTED_EDGE('',*,*,#12017,.T.);
#12017 = EDGE_CURVE('',#12008,#12018,#12020,.T.);
#12018 = VERTEX_POINT('',#12019);
#12019 = CARTESIAN_POINT('',(0.,2.2,0.));
#12020 = LINE('',#12021,#12022);
#12021 = CARTESIAN_POINT('',(0.,0.,0.));
#12022 = VECTOR('',#12023,1.);
#12023 = DIRECTION('',(-0.,1.,0.));
#12024 = ORIENTED_EDGE('',*,*,#12025,.T.);
#12025 = EDGE_CURVE('',#12018,#12026,#12028,.T.);
#12026 = VERTEX_POINT('',#12027);
#12027 = CARTESIAN_POINT('',(0.,2.2,16.));
#12028 = LINE('',#12029,#12030);
#12029 = CARTESIAN_POINT('',(0.,2.2,0.));
#12030 = VECTOR('',#12031,1.);
#12031 = DIRECTION('',(0.,0.,1.));
#12032 = ORIENTED_EDGE('',*,*,#12033,.F.);
#12033 = EDGE_CURVE('',#12010,#12026,#12034,.T.);
#12034 = LINE('',#12035,#12036);
#12035 = CARTESIAN_POINT('',(0.,0.,16.));
#12036 = VECTOR('',#12037,1.);
#12037 = DIRECTION('',(-0.,1.,0.));
#12038 = PLANE('',#12039);
#12039 = AXIS2_PLACEMENT_3D('',#12040,#12041,#12042);
#12040 = CARTESIAN_POINT('',(0.,0.,0.));
#12041 = DIRECTION('',(1.,0.,-0.));
#12042 = DIRECTION('',(0.,0.,1.));
#12043 = ADVANCED_FACE('',(#12044),#12078,.T.);
#12044 = FACE_BOUND('',#12045,.T.);
#12045 = EDGE_LOOP('',(#12046,#12056,#12064,#12072));
#12046 = ORIENTED_EDGE('',*,*,#12047,.F.);
#12047 = EDGE_CURVE('',#12048,#12050,#12052,.T.);
#12048 = VERTEX_POINT('',#12049);
#12049 = CARTESIAN_POINT('',(18.,0.,0.));
#12050 = VERTEX_POINT('',#12051);
#12051 = CARTESIAN_POINT('',(18.,0.,16.));
#12052 = LINE('',#12053,#12054);
#12053 = CARTESIAN_POINT('',(18.,0.,0.));
#12054 = VECTOR('',#12055,1.);
#12055 = DIRECTION('',(0.,0.,1.));
#12056 = ORIENTED_EDGE('',*,*,#12057,.T.);
#12057 = EDGE_CURVE('',#12048,#12058,#12060,.T.);
#12058 = VERTEX_POINT('',#12059);
#12059 = CARTESIAN_POINT('',(18.,2.2,0.));
#12060 = LINE('',#12061,#12062);
#12061 = CARTESIAN_POINT('',(18.,0.,0.));
#12062 = VECTOR('',#12063,1.);
#12063 = DIRECTION('',(-0.,1.,0.));
#12064 = ORIENTED_EDGE('',*,*,#12065,.T.);
#12065 = EDGE_CURVE('',#12058,#12066,#12068,.T.);
#12066 = VERTEX_POINT('',#12067);
#12067 = CARTESIAN_POINT('',(18.,2.2,16.));
#12068 = LINE('',#12069,#12070);
#12069 = CARTESIAN_POINT('',(18.,2.2,0.));
#12070 = VECTOR('',#12071,1.);
#12071 = DIRECTION('',(0.,0.,1.));
#12072 = ORIENTED_EDGE('',*,*,#12073,.F.);
#12073 = EDGE_CURVE('',#12050,#12066,#12074,.T.);
#12074 = LINE('',#12075,#12076);
#12075 = CARTESIAN_POINT('',(18.,0.,16.));
#12076 = VECTOR('',#12077,1.);
#12077 = DIRECTION('',(-0.,1.,0.));
#12078 = PLANE('',#12079);
#12079 = AXIS2_PLACEMENT_3D('',#12080,#12081,#12082);
#12080 = CARTESIAN_POINT('',(18.,0.,0.));
#12081 = DIRECTION('',(1.,0.,-0.));
#12082 = DIRECTION('',(0.,0.,1.));
#12083 = ADVANCED_FACE('',(#12084),#12100,.F.);
#12084 = FACE_BOUND('',#12085,.F.);
#12085 = EDGE_LOOP('',(#12086,#12092,#12093,#12099));
#12086 = ORIENTED_EDGE('',*,*,#12087,.F.);
#12087 = EDGE_CURVE('',#12008,#12048,#12088,.T.);
#12088 = LINE('',#12089,#12090);
#12089 = CARTESIAN_POINT('',(0.,0.,0.));
#12090 = VECTOR('',#12091,1.);
#12091 = DIRECTION('',(1.,0.,-0.));
#12092 = ORIENTED_EDGE('',*,*,#12007,.T.);
#12093 = ORIENTED_EDGE('',*,*,#12094,.T.);
#12094 = EDGE_CURVE('',#12010,#12050,#12095,.T.);
#12095 = LINE('',#12096,#12097);
#12096 = CARTESIAN_POINT('',(0.,0.,16.));
#12097 = VECTOR('',#12098,1.);
#12098 = DIRECTION('',(1.,0.,-0.));
#12099 = ORIENTED_EDGE('',*,*,#12047,.F.);
#12100 = PLANE('',#12101);
#12101 = AXIS2_PLACEMENT_3D('',#12102,#12103,#12104);
#12102 = CARTESIAN_POINT('',(0.,0.,0.));
#12103 = DIRECTION('',(-0.,1.,0.));
#12104 = DIRECTION('',(0.,0.,1.));
#12105 = ADVANCED_FACE('',(#12106),#12122,.T.);
#12106 = FACE_BOUND('',#12107,.T.);
#12107 = EDGE_LOOP('',(#12108,#12114,#12115,#12121));
#12108 = ORIENTED_EDGE('',*,*,#12109,.F.);
#12109 = EDGE_CURVE('',#12018,#12058,#12110,.T.);
#12110 = LINE('',#12111,#12112);
#12111 = CARTESIAN_POINT('',(0.,2.2,0.));
#12112 = VECTOR('',#12113,1.);
#12113 = DIRECTION('',(1.,0.,-0.));
#12114 = ORIENTED_EDGE('',*,*,#12025,.T.);
#12115 = ORIENTED_EDGE('',*,*,#12116,.T.);
#12116 = EDGE_CURVE('',#12026,#12066,#12117,.T.);
#12117 = LINE('',#12118,#12119);
#12118 = CARTESIAN_POINT('',(0.,2.2,16.));
#12119 = VECTOR('',#12120,1.);
#12120 = DIRECTION('',(1.,0.,-0.));
#12121 = ORIENTED_EDGE('',*,*,#12065,.F.);
#12122 = PLANE('',#12123);
#12123 = AXIS2_PLACEMENT_3D('',#12124,#12125,#12126);
#12124 = CARTESIAN_POINT('',(0.,2.2,0.));
#12125 = DIRECTION('',(-0.,1.,0.));
#12126 = DIRECTION('',(0.,0.,1.));
#12127 = ADVANCED_FACE('',(#12128),#12134,.F.);
#12128 = FACE_BOUND('',#12129,.F.);
#12129 = EDGE_LOOP('',(#12130,#12131,#12132,#12133));
#12130 = ORIENTED_EDGE('',*,*,#12017,.F.);
#12131 = ORIENTED_EDGE('',*,*,#12087,.T.);
#12132 = ORIENTED_EDGE('',*,*,#12057,.T.);
#12133 = ORIENTED_EDGE('',*,*,#12109,.F.);
#12134 = PLANE('',#12135);
#12135 = AXIS2_PLACEMENT_3D('',#12136,#12137,#12138);
#12136 = CARTESIAN_POINT('',(0.,0.,0.));
#12137 = DIRECTION('',(0.,0.,1.));
#12138 = DIRECTION('',(1.,0.,-0.));
#12139 = ADVANCED_FACE('',(#12140),#12146,.T.);
#12140 = FACE_BOUND('',#12141,.T.);
#12141 = EDGE_LOOP('',(#12142,#12143,#12144,#12145));
#12142 = ORIENTED_EDGE('',*,*,#12033,.F.);
#12143 = ORIENTED_EDGE('',*,*,#12094,.T.);
#12144 = ORIENTED_EDGE('',*,*,#12073,.T.);
#12145 = ORIENTED_EDGE('',*,*,#12116,.F.);
#12146 = PLANE('',#12147);
#12147 = AXIS2_PLACEMENT_3D('',#12148,#12149,#12150);
#12148 = CARTESIAN_POINT('',(0.,0.,16.));
#12149 = DIRECTION('',(0.,0.,1.));
#12150 = DIRECTION('',(1.,0.,-0.));
#12151 = ( GEOMETRIC_REPRESENTATION_CONTEXT(3) 
GLOBAL_UNCERTAINTY_ASSIGNED_CONTEXT((#12155)) 
GLOBAL_UNIT_ASSIGNED_CONTEXT((#12152,#12153,#12154)) 
REPRESENTATION_CONTEXT('Context #1',
  '3D Context with UNIT and UNCERTAINTY') );
#12152 = ( LENGTH_UNIT() NAMED_UNIT(*) SI_UNIT(.MILLI.,.METRE.) );
#12153 = ( NAMED_UNIT(*) PLANE_ANGLE_UNIT() SI_UNIT($,.RADIAN.) );
#12154 = ( NAMED_UNIT(*) SI_UNIT($,.STERADIAN.) SOLID_ANGLE_UNIT() );
#12155 = UNCERTAINTY_MEASURE_WITH_UNIT(LENGTH_MEASURE(1.E-07),#12152,
  'distance_accuracy_value','confusion accuracy');
#12156 = CONTEXT_DEPENDENT_SHAPE_REPRESENTATION(#12157,#12159);
#12157 = ( REPRESENTATION_RELATIONSHIP('','',#12000,#10) 
REPRESENTATION_RELATIONSHIP_WITH_TRANSFORMATION(#12158) 
SHAPE_REPRESENTATION_RELATIONSHIP() );
#12158 = ITEM_DEFINED_TRANSFORMATION('','',#11,#87);
#12159 = PRODUCT_DEFINITION_SHAPE('Placement','Placement of an item',
  #12160);
#12160 = NEXT_ASSEMBLY_USAGE_OCCURRENCE('71','ESP32_S3_Shield','',#5,
  #11995,$);
#12161 = PRODUCT_RELATED_PRODUCT_CATEGORY('part',$,(#11997));
#12162 = SHAPE_DEFINITION_REPRESENTATION(#12163,#12169);
#12163 = PRODUCT_DEFINITION_SHAPE('','',#12164);
#12164 = PRODUCT_DEFINITION('design','',#12165,#12168);
#12165 = PRODUCT_DEFINITION_FORMATION('','',#12166);
#12166 = PRODUCT('ESP32_Antenna','ESP32_Antenna','',(#12167));
#12167 = PRODUCT_CONTEXT('',#2,'mechanical');
#12168 = PRODUCT_DEFINITION_CONTEXT('part definition',#2,'design');
#12169 = ADVANCED_BREP_SHAPE_REPRESENTATION('',(#11,#12170),#12320);
#12170 = MANIFOLD_SOLID_BREP('',#12171);
#12171 = CLOSED_SHELL('',(#12172,#12212,#12252,#12274,#12296,#12308));
#12172 = ADVANCED_FACE('',(#12173),#12207,.F.);
#12173 = FACE_BOUND('',#12174,.F.);
#12174 = EDGE_LOOP('',(#12175,#12185,#12193,#12201));
#12175 = ORIENTED_EDGE('',*,*,#12176,.F.);
#12176 = EDGE_CURVE('',#12177,#12179,#12181,.T.);
#12177 = VERTEX_POINT('',#12178);
#12178 = CARTESIAN_POINT('',(0.,0.,0.));
#12179 = VERTEX_POINT('',#12180);
#12180 = CARTESIAN_POINT('',(0.,0.,4.));
#12181 = LINE('',#12182,#12183);
#12182 = CARTESIAN_POINT('',(0.,0.,0.));
#12183 = VECTOR('',#12184,1.);
#12184 = DIRECTION('',(0.,0.,1.));
#12185 = ORIENTED_EDGE('',*,*,#12186,.T.);
#12186 = EDGE_CURVE('',#12177,#12187,#12189,.T.);
#12187 = VERTEX_POINT('',#12188);
#12188 = CARTESIAN_POINT('',(0.,1.5,0.));
#12189 = LINE('',#12190,#12191);
#12190 = CARTESIAN_POINT('',(0.,0.,0.));
#12191 = VECTOR('',#12192,1.);
#12192 = DIRECTION('',(-0.,1.,0.));
#12193 = ORIENTED_EDGE('',*,*,#12194,.T.);
#12194 = EDGE_CURVE('',#12187,#12195,#12197,.T.);
#12195 = VERTEX_POINT('',#12196);
#12196 = CARTESIAN_POINT('',(0.,1.5,4.));
#12197 = LINE('',#12198,#12199);
#12198 = CARTESIAN_POINT('',(0.,1.5,0.));
#12199 = VECTOR('',#12200,1.);
#12200 = DIRECTION('',(0.,0.,1.));
#12201 = ORIENTED_EDGE('',*,*,#12202,.F.);
#12202 = EDGE_CURVE('',#12179,#12195,#12203,.T.);
#12203 = LINE('',#12204,#12205);
#12204 = CARTESIAN_POINT('',(0.,0.,4.));
#12205 = VECTOR('',#12206,1.);
#12206 = DIRECTION('',(-0.,1.,0.));
#12207 = PLANE('',#12208);
#12208 = AXIS2_PLACEMENT_3D('',#12209,#12210,#12211);
#12209 = CARTESIAN_POINT('',(0.,0.,0.));
#12210 = DIRECTION('',(1.,0.,-0.));
#12211 = DIRECTION('',(0.,0.,1.));
#12212 = ADVANCED_FACE('',(#12213),#12247,.T.);
#12213 = FACE_BOUND('',#12214,.T.);
#12214 = EDGE_LOOP('',(#12215,#12225,#12233,#12241));
#12215 = ORIENTED_EDGE('',*,*,#12216,.F.);
#12216 = EDGE_CURVE('',#12217,#12219,#12221,.T.);
#12217 = VERTEX_POINT('',#12218);
#12218 = CARTESIAN_POINT('',(12.,0.,0.));
#12219 = VERTEX_POINT('',#12220);
#12220 = CARTESIAN_POINT('',(12.,0.,4.));
#12221 = LINE('',#12222,#12223);
#12222 = CARTESIAN_POINT('',(12.,0.,0.));
#12223 = VECTOR('',#12224,1.);
#12224 = DIRECTION('',(0.,0.,1.));
#12225 = ORIENTED_EDGE('',*,*,#12226,.T.);
#12226 = EDGE_CURVE('',#12217,#12227,#12229,.T.);
#12227 = VERTEX_POINT('',#12228);
#12228 = CARTESIAN_POINT('',(12.,1.5,0.));
#12229 = LINE('',#12230,#12231);
#12230 = CARTESIAN_POINT('',(12.,0.,0.));
#12231 = VECTOR('',#12232,1.);
#12232 = DIRECTION('',(-0.,1.,0.));
#12233 = ORIENTED_EDGE('',*,*,#12234,.T.);
#12234 = EDGE_CURVE('',#12227,#12235,#12237,.T.);
#12235 = VERTEX_POINT('',#12236);
#12236 = CARTESIAN_POINT('',(12.,1.5,4.));
#12237 = LINE('',#12238,#12239);
#12238 = CARTESIAN_POINT('',(12.,1.5,0.));
#12239 = VECTOR('',#12240,1.);
#12240 = DIRECTION('',(0.,0.,1.));
#12241 = ORIENTED_EDGE('',*,*,#12242,.F.);
#12242 = EDGE_CURVE('',#12219,#12235,#12243,.T.);
#12243 = LINE('',#12244,#12245);
#12244 = CARTESIAN_POINT('',(12.,0.,4.));
#12245 = VECTOR('',#12246,1.);
#12246 = DIRECTION('',(-0.,1.,0.));
#12247 = PLANE('',#12248);
#12248 = AXIS2_PLACEMENT_3D('',#12249,#12250,#12251);
#12249 = CARTESIAN_POINT('',(12.,0.,0.));
#12250 = DIRECTION('',(1.,0.,-0.));
#12251 = DIRECTION('',(0.,0.,1.));
#12252 = ADVANCED_FACE('',(#12253),#12269,.F.);
#12253 = FACE_BOUND('',#12254,.F.);
#12254 = EDGE_LOOP('',(#12255,#12261,#12262,#12268));
#12255 = ORIENTED_EDGE('',*,*,#12256,.F.);
#12256 = EDGE_CURVE('',#12177,#12217,#12257,.T.);
#12257 = LINE('',#12258,#12259);
#12258 = CARTESIAN_POINT('',(0.,0.,0.));
#12259 = VECTOR('',#12260,1.);
#12260 = DIRECTION('',(1.,0.,-0.));
#12261 = ORIENTED_EDGE('',*,*,#12176,.T.);
#12262 = ORIENTED_EDGE('',*,*,#12263,.T.);
#12263 = EDGE_CURVE('',#12179,#12219,#12264,.T.);
#12264 = LINE('',#12265,#12266);
#12265 = CARTESIAN_POINT('',(0.,0.,4.));
#12266 = VECTOR('',#12267,1.);
#12267 = DIRECTION('',(1.,0.,-0.));
#12268 = ORIENTED_EDGE('',*,*,#12216,.F.);
#12269 = PLANE('',#12270);
#12270 = AXIS2_PLACEMENT_3D('',#12271,#12272,#12273);
#12271 = CARTESIAN_POINT('',(0.,0.,0.));
#12272 = DIRECTION('',(-0.,1.,0.));
#12273 = DIRECTION('',(0.,0.,1.));
#12274 = ADVANCED_FACE('',(#12275),#12291,.T.);
#12275 = FACE_BOUND('',#12276,.T.);
#12276 = EDGE_LOOP('',(#12277,#12283,#12284,#12290));
#12277 = ORIENTED_EDGE('',*,*,#12278,.F.);
#12278 = EDGE_CURVE('',#12187,#12227,#12279,.T.);
#12279 = LINE('',#12280,#12281);
#12280 = CARTESIAN_POINT('',(0.,1.5,0.));
#12281 = VECTOR('',#12282,1.);
#12282 = DIRECTION('',(1.,0.,-0.));
#12283 = ORIENTED_EDGE('',*,*,#12194,.T.);
#12284 = ORIENTED_EDGE('',*,*,#12285,.T.);
#12285 = EDGE_CURVE('',#12195,#12235,#12286,.T.);
#12286 = LINE('',#12287,#12288);
#12287 = CARTESIAN_POINT('',(0.,1.5,4.));
#12288 = VECTOR('',#12289,1.);
#12289 = DIRECTION('',(1.,0.,-0.));
#12290 = ORIENTED_EDGE('',*,*,#12234,.F.);
#12291 = PLANE('',#12292);
#12292 = AXIS2_PLACEMENT_3D('',#12293,#12294,#12295);
#12293 = CARTESIAN_POINT('',(0.,1.5,0.));
#12294 = DIRECTION('',(-0.,1.,0.));
#12295 = DIRECTION('',(0.,0.,1.));
#12296 = ADVANCED_FACE('',(#12297),#12303,.F.);
#12297 = FACE_BOUND('',#12298,.F.);
#12298 = EDGE_LOOP('',(#12299,#12300,#12301,#12302));
#12299 = ORIENTED_EDGE('',*,*,#12186,.F.);
#12300 = ORIENTED_EDGE('',*,*,#12256,.T.);
#12301 = ORIENTED_EDGE('',*,*,#12226,.T.);
#12302 = ORIENTED_EDGE('',*,*,#12278,.F.);
#12303 = PLANE('',#12304);
#12304 = AXIS2_PLACEMENT_3D('',#12305,#12306,#12307);
#12305 = CARTESIAN_POINT('',(0.,0.,0.));
#12306 = DIRECTION('',(0.,0.,1.));
#12307 = DIRECTION('',(1.,0.,-0.));
#12308 = ADVANCED_FACE('',(#12309),#12315,.T.);
#12309 = FACE_BOUND('',#12310,.T.);
#12310 = EDGE_LOOP('',(#12311,#12312,#12313,#12314));
#12311 = ORIENTED_EDGE('',*,*,#12202,.F.);
#12312 = ORIENTED_EDGE('',*,*,#12263,.T.);
#12313 = ORIENTED_EDGE('',*,*,#12242,.T.);
#12314 = ORIENTED_EDGE('',*,*,#12285,.F.);
#12315 = PLANE('',#12316);
#12316 = AXIS2_PLACEMENT_3D('',#12317,#12318,#12319);
#12317 = CARTESIAN_POINT('',(0.,0.,4.));
#12318 = DIRECTION('',(0.,0.,1.));
#12319 = DIRECTION('',(1.,0.,-0.));
#12320 = ( GEOMETRIC_REPRESENTATION_CONTEXT(3) 
GLOBAL_UNCERTAINTY_ASSIGNED_CONTEXT((#12324)) 
GLOBAL_UNIT_ASSIGNED_CONTEXT((#12321,#12322,#12323)) 
REPRESENTATION_CONTEXT('Context #1',
  '3D Context with UNIT and UNCERTAINTY') );
#12321 = ( LENGTH_UNIT() NAMED_UNIT(*) SI_UNIT(.MILLI.,.METRE.) );
#12322 = ( NAMED_UNIT(*) PLANE_ANGLE_UNIT() SI_UNIT($,.RADIAN.) );
#12323 = ( NAMED_UNIT(*) SI_UNIT($,.STERADIAN.) SOLID_ANGLE_UNIT() );
#12324 = UNCERTAINTY_MEASURE_WITH_UNIT(LENGTH_MEASURE(1.E-07),#12321,
  'distance_accuracy_value','confusion accuracy');
#12325 = CONTEXT_DEPENDENT_SHAPE_REPRESENTATION(#12326,#12328);
#12326 = ( REPRESENTATION_RELATIONSHIP('','',#12169,#10) 
REPRESENTATION_RELATIONSHIP_WITH_TRANSFORMATION(#12327) 
SHAPE_REPRESENTATION_RELATIONSHIP() );
#12327 = ITEM_DEFINED_TRANSFORMATION('','',#11,#91);
#12328 = PRODUCT_DEFINITION_SHAPE('Placement','Placement of an item',
  #12329);
#12329 = NEXT_ASSEMBLY_USAGE_OCCURRENCE('72','ESP32_Antenna','',#5,
  #12164,$);
#12330 = PRODUCT_RELATED_PRODUCT_CATEGORY('part',$,(#12166));
#12331 = SHAPE_DEFINITION_REPRESENTATION(#12332,#12338);
#12332 = PRODUCT_DEFINITION_SHAPE('','',#12333);
#12333 = PRODUCT_DEFINITION('design','',#12334,#12337);
#12334 = PRODUCT_DEFINITION_FORMATION('','',#12335);
#12335 = PRODUCT('AD5933_IC','AD5933_IC','',(#12336));
#12336 = PRODUCT_CONTEXT('',#2,'mechanical');
#12337 = PRODUCT_DEFINITION_CONTEXT('part definition',#2,'design');
#12338 = ADVANCED_BREP_SHAPE_REPRESENTATION('',(#11,#12339),#12489);
#12339 = MANIFOLD_SOLID_BREP('',#12340);
#12340 = CLOSED_SHELL('',(#12341,#12381,#12421,#12443,#12465,#12477));
#12341 = ADVANCED_FACE('',(#12342),#12376,.F.);
#12342 = FACE_BOUND('',#12343,.F.);
#12343 = EDGE_LOOP('',(#12344,#12354,#12362,#12370));
#12344 = ORIENTED_EDGE('',*,*,#12345,.F.);
#12345 = EDGE_CURVE('',#12346,#12348,#12350,.T.);
#12346 = VERTEX_POINT('',#12347);
#12347 = CARTESIAN_POINT('',(0.,0.,0.));
#12348 = VERTEX_POINT('',#12349);
#12349 = CARTESIAN_POINT('',(0.,0.,10.));
#12350 = LINE('',#12351,#12352);
#12351 = CARTESIAN_POINT('',(0.,0.,0.));
#12352 = VECTOR('',#12353,1.);
#12353 = DIRECTION('',(0.,0.,1.));
#12354 = ORIENTED_EDGE('',*,*,#12355,.T.);
#12355 = EDGE_CURVE('',#12346,#12356,#12358,.T.);
#12356 = VERTEX_POINT('',#12357);
#12357 = CARTESIAN_POINT('',(0.,2.,0.));
#12358 = LINE('',#12359,#12360);
#12359 = CARTESIAN_POINT('',(0.,0.,0.));
#12360 = VECTOR('',#12361,1.);
#12361 = DIRECTION('',(-0.,1.,0.));
#12362 = ORIENTED_EDGE('',*,*,#12363,.T.);
#12363 = EDGE_CURVE('',#12356,#12364,#12366,.T.);
#12364 = VERTEX_POINT('',#12365);
#12365 = CARTESIAN_POINT('',(0.,2.,10.));
#12366 = LINE('',#12367,#12368);
#12367 = CARTESIAN_POINT('',(0.,2.,0.));
#12368 = VECTOR('',#12369,1.);
#12369 = DIRECTION('',(0.,0.,1.));
#12370 = ORIENTED_EDGE('',*,*,#12371,.F.);
#12371 = EDGE_CURVE('',#12348,#12364,#12372,.T.);
#12372 = LINE('',#12373,#12374);
#12373 = CARTESIAN_POINT('',(0.,0.,10.));
#12374 = VECTOR('',#12375,1.);
#12375 = DIRECTION('',(-0.,1.,0.));
#12376 = PLANE('',#12377);
#12377 = AXIS2_PLACEMENT_3D('',#12378,#12379,#12380);
#12378 = CARTESIAN_POINT('',(0.,0.,0.));
#12379 = DIRECTION('',(1.,0.,-0.));
#12380 = DIRECTION('',(0.,0.,1.));
#12381 = ADVANCED_FACE('',(#12382),#12416,.T.);
#12382 = FACE_BOUND('',#12383,.T.);
#12383 = EDGE_LOOP('',(#12384,#12394,#12402,#12410));
#12384 = ORIENTED_EDGE('',*,*,#12385,.F.);
#12385 = EDGE_CURVE('',#12386,#12388,#12390,.T.);
#12386 = VERTEX_POINT('',#12387);
#12387 = CARTESIAN_POINT('',(10.,0.,0.));
#12388 = VERTEX_POINT('',#12389);
#12389 = CARTESIAN_POINT('',(10.,0.,10.));
#12390 = LINE('',#12391,#12392);
#12391 = CARTESIAN_POINT('',(10.,0.,0.));
#12392 = VECTOR('',#12393,1.);
#12393 = DIRECTION('',(0.,0.,1.));
#12394 = ORIENTED_EDGE('',*,*,#12395,.T.);
#12395 = EDGE_CURVE('',#12386,#12396,#12398,.T.);
#12396 = VERTEX_POINT('',#12397);
#12397 = CARTESIAN_POINT('',(10.,2.,0.));
#12398 = LINE('',#12399,#12400);
#12399 = CARTESIAN_POINT('',(10.,0.,0.));
#12400 = VECTOR('',#12401,1.);
#12401 = DIRECTION('',(-0.,1.,0.));
#12402 = ORIENTED_EDGE('',*,*,#12403,.T.);
#12403 = EDGE_CURVE('',#12396,#12404,#12406,.T.);
#12404 = VERTEX_POINT('',#12405);
#12405 = CARTESIAN_POINT('',(10.,2.,10.));
#12406 = LINE('',#12407,#12408);
#12407 = CARTESIAN_POINT('',(10.,2.,0.));
#12408 = VECTOR('',#12409,1.);
#12409 = DIRECTION('',(0.,0.,1.));
#12410 = ORIENTED_EDGE('',*,*,#12411,.F.);
#12411 = EDGE_CURVE('',#12388,#12404,#12412,.T.);
#12412 = LINE('',#12413,#12414);
#12413 = CARTESIAN_POINT('',(10.,0.,10.));
#12414 = VECTOR('',#12415,1.);
#12415 = DIRECTION('',(-0.,1.,0.));
#12416 = PLANE('',#12417);
#12417 = AXIS2_PLACEMENT_3D('',#12418,#12419,#12420);
#12418 = CARTESIAN_POINT('',(10.,0.,0.));
#12419 = DIRECTION('',(1.,0.,-0.));
#12420 = DIRECTION('',(0.,0.,1.));
#12421 = ADVANCED_FACE('',(#12422),#12438,.F.);
#12422 = FACE_BOUND('',#12423,.F.);
#12423 = EDGE_LOOP('',(#12424,#12430,#12431,#12437));
#12424 = ORIENTED_EDGE('',*,*,#12425,.F.);
#12425 = EDGE_CURVE('',#12346,#12386,#12426,.T.);
#12426 = LINE('',#12427,#12428);
#12427 = CARTESIAN_POINT('',(0.,0.,0.));
#12428 = VECTOR('',#12429,1.);
#12429 = DIRECTION('',(1.,0.,-0.));
#12430 = ORIENTED_EDGE('',*,*,#12345,.T.);
#12431 = ORIENTED_EDGE('',*,*,#12432,.T.);
#12432 = EDGE_CURVE('',#12348,#12388,#12433,.T.);
#12433 = LINE('',#12434,#12435);
#12434 = CARTESIAN_POINT('',(0.,0.,10.));
#12435 = VECTOR('',#12436,1.);
#12436 = DIRECTION('',(1.,0.,-0.));
#12437 = ORIENTED_EDGE('',*,*,#12385,.F.);
#12438 = PLANE('',#12439);
#12439 = AXIS2_PLACEMENT_3D('',#12440,#12441,#12442);
#12440 = CARTESIAN_POINT('',(0.,0.,0.));
#12441 = DIRECTION('',(-0.,1.,0.));
#12442 = DIRECTION('',(0.,0.,1.));
#12443 = ADVANCED_FACE('',(#12444),#12460,.T.);
#12444 = FACE_BOUND('',#12445,.T.);
#12445 = EDGE_LOOP('',(#12446,#12452,#12453,#12459));
#12446 = ORIENTED_EDGE('',*,*,#12447,.F.);
#12447 = EDGE_CURVE('',#12356,#12396,#12448,.T.);
#12448 = LINE('',#12449,#12450);
#12449 = CARTESIAN_POINT('',(0.,2.,0.));
#12450 = VECTOR('',#12451,1.);
#12451 = DIRECTION('',(1.,0.,-0.));
#12452 = ORIENTED_EDGE('',*,*,#12363,.T.);
#12453 = ORIENTED_EDGE('',*,*,#12454,.T.);
#12454 = EDGE_CURVE('',#12364,#12404,#12455,.T.);
#12455 = LINE('',#12456,#12457);
#12456 = CARTESIAN_POINT('',(0.,2.,10.));
#12457 = VECTOR('',#12458,1.);
#12458 = DIRECTION('',(1.,0.,-0.));
#12459 = ORIENTED_EDGE('',*,*,#12403,.F.);
#12460 = PLANE('',#12461);
#12461 = AXIS2_PLACEMENT_3D('',#12462,#12463,#12464);
#12462 = CARTESIAN_POINT('',(0.,2.,0.));
#12463 = DIRECTION('',(-0.,1.,0.));
#12464 = DIRECTION('',(0.,0.,1.));
#12465 = ADVANCED_FACE('',(#12466),#12472,.F.);
#12466 = FACE_BOUND('',#12467,.F.);
#12467 = EDGE_LOOP('',(#12468,#12469,#12470,#12471));
#12468 = ORIENTED_EDGE('',*,*,#12355,.F.);
#12469 = ORIENTED_EDGE('',*,*,#12425,.T.);
#12470 = ORIENTED_EDGE('',*,*,#12395,.T.);
#12471 = ORIENTED_EDGE('',*,*,#12447,.F.);
#12472 = PLANE('',#12473);
#12473 = AXIS2_PLACEMENT_3D('',#12474,#12475,#12476);
#12474 = CARTESIAN_POINT('',(0.,0.,0.));
#12475 = DIRECTION('',(0.,0.,1.));
#12476 = DIRECTION('',(1.,0.,-0.));
#12477 = ADVANCED_FACE('',(#12478),#12484,.T.);
#12478 = FACE_BOUND('',#12479,.T.);
#12479 = EDGE_LOOP('',(#12480,#12481,#12482,#12483));
#12480 = ORIENTED_EDGE('',*,*,#12371,.F.);
#12481 = ORIENTED_EDGE('',*,*,#12432,.T.);
#12482 = ORIENTED_EDGE('',*,*,#12411,.T.);
#12483 = ORIENTED_EDGE('',*,*,#12454,.F.);
#12484 = PLANE('',#12485);
#12485 = AXIS2_PLACEMENT_3D('',#12486,#12487,#12488);
#12486 = CARTESIAN_POINT('',(0.,0.,10.));
#12487 = DIRECTION('',(0.,0.,1.));
#12488 = DIRECTION('',(1.,0.,-0.));
#12489 = ( GEOMETRIC_REPRESENTATION_CONTEXT(3) 
GLOBAL_UNCERTAINTY_ASSIGNED_CONTEXT((#12493)) 
GLOBAL_UNIT_ASSIGNED_CONTEXT((#12490,#12491,#12492)) 
REPRESENTATION_CONTEXT('Context #1',
  '3D Context with UNIT and UNCERTAINTY') );
#12490 = ( LENGTH_UNIT() NAMED_UNIT(*) SI_UNIT(.MILLI.,.METRE.) );
#12491 = ( NAMED_UNIT(*) PLANE_ANGLE_UNIT() SI_UNIT($,.RADIAN.) );
#12492 = ( NAMED_UNIT(*) SI_UNIT($,.STERADIAN.) SOLID_ANGLE_UNIT() );
#12493 = UNCERTAINTY_MEASURE_WITH_UNIT(LENGTH_MEASURE(1.E-07),#12490,
  'distance_accuracy_value','confusion accuracy');
#12494 = CONTEXT_DEPENDENT_SHAPE_REPRESENTATION(#12495,#12497);
#12495 = ( REPRESENTATION_RELATIONSHIP('','',#12338,#10) 
REPRESENTATION_RELATIONSHIP_WITH_TRANSFORMATION(#12496) 
SHAPE_REPRESENTATION_RELATIONSHIP() );
#12496 = ITEM_DEFINED_TRANSFORMATION('','',#11,#95);
#12497 = PRODUCT_DEFINITION_SHAPE('Placement','Placement of an item',
  #12498);
#12498 = NEXT_ASSEMBLY_USAGE_OCCURRENCE('73','AD5933_IC','',#5,#12333,$
  );
#12499 = PRODUCT_RELATED_PRODUCT_CATEGORY('part',$,(#12335));
#12500 = SHAPE_DEFINITION_REPRESENTATION(#12501,#12507);
#12501 = PRODUCT_DEFINITION_SHAPE('','',#12502);
#12502 = PRODUCT_DEFINITION('design','',#12503,#12506);
#12503 = PRODUCT_DEFINITION_FORMATION('','',#12504);
#12504 = PRODUCT('OPA350_IC','OPA350_IC','',(#12505));
#12505 = PRODUCT_CONTEXT('',#2,'mechanical');
#12506 = PRODUCT_DEFINITION_CONTEXT('part definition',#2,'design');
#12507 = ADVANCED_BREP_SHAPE_REPRESENTATION('',(#11,#12508),#12658);
#12508 = MANIFOLD_SOLID_BREP('',#12509);
#12509 = CLOSED_SHELL('',(#12510,#12550,#12590,#12612,#12634,#12646));
#12510 = ADVANCED_FACE('',(#12511),#12545,.F.);
#12511 = FACE_BOUND('',#12512,.F.);
#12512 = EDGE_LOOP('',(#12513,#12523,#12531,#12539));
#12513 = ORIENTED_EDGE('',*,*,#12514,.F.);
#12514 = EDGE_CURVE('',#12515,#12517,#12519,.T.);
#12515 = VERTEX_POINT('',#12516);
#12516 = CARTESIAN_POINT('',(0.,0.,0.));
#12517 = VERTEX_POINT('',#12518);
#12518 = CARTESIAN_POINT('',(0.,0.,6.));
#12519 = LINE('',#12520,#12521);
#12520 = CARTESIAN_POINT('',(0.,0.,0.));
#12521 = VECTOR('',#12522,1.);
#12522 = DIRECTION('',(0.,0.,1.));
#12523 = ORIENTED_EDGE('',*,*,#12524,.T.);
#12524 = EDGE_CURVE('',#12515,#12525,#12527,.T.);
#12525 = VERTEX_POINT('',#12526);
#12526 = CARTESIAN_POINT('',(0.,2.,0.));
#12527 = LINE('',#12528,#12529);
#12528 = CARTESIAN_POINT('',(0.,0.,0.));
#12529 = VECTOR('',#12530,1.);
#12530 = DIRECTION('',(-0.,1.,0.));
#12531 = ORIENTED_EDGE('',*,*,#12532,.T.);
#12532 = EDGE_CURVE('',#12525,#12533,#12535,.T.);
#12533 = VERTEX_POINT('',#12534);
#12534 = CARTESIAN_POINT('',(0.,2.,6.));
#12535 = LINE('',#12536,#12537);
#12536 = CARTESIAN_POINT('',(0.,2.,0.));
#12537 = VECTOR('',#12538,1.);
#12538 = DIRECTION('',(0.,0.,1.));
#12539 = ORIENTED_EDGE('',*,*,#12540,.F.);
#12540 = EDGE_CURVE('',#12517,#12533,#12541,.T.);
#12541 = LINE('',#12542,#12543);
#12542 = CARTESIAN_POINT('',(0.,0.,6.));
#12543 = VECTOR('',#12544,1.);
#12544 = DIRECTION('',(-0.,1.,0.));
#12545 = PLANE('',#12546);
#12546 = AXIS2_PLACEMENT_3D('',#12547,#12548,#12549);
#12547 = CARTESIAN_POINT('',(0.,0.,0.));
#12548 = DIRECTION('',(1.,0.,-0.));
#12549 = DIRECTION('',(0.,0.,1.));
#12550 = ADVANCED_FACE('',(#12551),#12585,.T.);
#12551 = FACE_BOUND('',#12552,.T.);
#12552 = EDGE_LOOP('',(#12553,#12563,#12571,#12579));
#12553 = ORIENTED_EDGE('',*,*,#12554,.F.);
#12554 = EDGE_CURVE('',#12555,#12557,#12559,.T.);
#12555 = VERTEX_POINT('',#12556);
#12556 = CARTESIAN_POINT('',(6.,0.,0.));
#12557 = VERTEX_POINT('',#12558);
#12558 = CARTESIAN_POINT('',(6.,0.,6.));
#12559 = LINE('',#12560,#12561);
#12560 = CARTESIAN_POINT('',(6.,0.,0.));
#12561 = VECTOR('',#12562,1.);
#12562 = DIRECTION('',(0.,0.,1.));
#12563 = ORIENTED_EDGE('',*,*,#12564,.T.);
#12564 = EDGE_CURVE('',#12555,#12565,#12567,.T.);
#12565 = VERTEX_POINT('',#12566);
#12566 = CARTESIAN_POINT('',(6.,2.,0.));
#12567 = LINE('',#12568,#12569);
#12568 = CARTESIAN_POINT('',(6.,0.,0.));
#12569 = VECTOR('',#12570,1.);
#12570 = DIRECTION('',(-0.,1.,0.));
#12571 = ORIENTED_EDGE('',*,*,#12572,.T.);
#12572 = EDGE_CURVE('',#12565,#12573,#12575,.T.);
#12573 = VERTEX_POINT('',#12574);
#12574 = CARTESIAN_POINT('',(6.,2.,6.));
#12575 = LINE('',#12576,#12577);
#12576 = CARTESIAN_POINT('',(6.,2.,0.));
#12577 = VECTOR('',#12578,1.);
#12578 = DIRECTION('',(0.,0.,1.));
#12579 = ORIENTED_EDGE('',*,*,#12580,.F.);
#12580 = EDGE_CURVE('',#12557,#12573,#12581,.T.);
#12581 = LINE('',#12582,#12583);
#12582 = CARTESIAN_POINT('',(6.,0.,6.));
#12583 = VECTOR('',#12584,1.);
#12584 = DIRECTION('',(-0.,1.,0.));
#12585 = PLANE('',#12586);
#12586 = AXIS2_PLACEMENT_3D('',#12587,#12588,#12589);
#12587 = CARTESIAN_POINT('',(6.,0.,0.));
#12588 = DIRECTION('',(1.,0.,-0.));
#12589 = DIRECTION('',(0.,0.,1.));
#12590 = ADVANCED_FACE('',(#12591),#12607,.F.);
#12591 = FACE_BOUND('',#12592,.F.);
#12592 = EDGE_LOOP('',(#12593,#12599,#12600,#12606));
#12593 = ORIENTED_EDGE('',*,*,#12594,.F.);
#12594 = EDGE_CURVE('',#12515,#12555,#12595,.T.);
#12595 = LINE('',#12596,#12597);
#12596 = CARTESIAN_POINT('',(0.,0.,0.));
#12597 = VECTOR('',#12598,1.);
#12598 = DIRECTION('',(1.,0.,-0.));
#12599 = ORIENTED_EDGE('',*,*,#12514,.T.);
#12600 = ORIENTED_EDGE('',*,*,#12601,.T.);
#12601 = EDGE_CURVE('',#12517,#12557,#12602,.T.);
#12602 = LINE('',#12603,#12604);
#12603 = CARTESIAN_POINT('',(0.,0.,6.));
#12604 = VECTOR('',#12605,1.);
#12605 = DIRECTION('',(1.,0.,-0.));
#12606 = ORIENTED_EDGE('',*,*,#12554,.F.);
#12607 = PLANE('',#12608);
#12608 = AXIS2_PLACEMENT_3D('',#12609,#12610,#12611);
#12609 = CARTESIAN_POINT('',(0.,0.,0.));
#12610 = DIRECTION('',(-0.,1.,0.));
#12611 = DIRECTION('',(0.,0.,1.));
#12612 = ADVANCED_FACE('',(#12613),#12629,.T.);
#12613 = FACE_BOUND('',#12614,.T.);
#12614 = EDGE_LOOP('',(#12615,#12621,#12622,#12628));
#12615 = ORIENTED_EDGE('',*,*,#12616,.F.);
#12616 = EDGE_CURVE('',#12525,#12565,#12617,.T.);
#12617 = LINE('',#12618,#12619);
#12618 = CARTESIAN_POINT('',(0.,2.,0.));
#12619 = VECTOR('',#12620,1.);
#12620 = DIRECTION('',(1.,0.,-0.));
#12621 = ORIENTED_EDGE('',*,*,#12532,.T.);
#12622 = ORIENTED_EDGE('',*,*,#12623,.T.);
#12623 = EDGE_CURVE('',#12533,#12573,#12624,.T.);
#12624 = LINE('',#12625,#12626);
#12625 = CARTESIAN_POINT('',(0.,2.,6.));
#12626 = VECTOR('',#12627,1.);
#12627 = DIRECTION('',(1.,0.,-0.));
#12628 = ORIENTED_EDGE('',*,*,#12572,.F.);
#12629 = PLANE('',#12630);
#12630 = AXIS2_PLACEMENT_3D('',#12631,#12632,#12633);
#12631 = CARTESIAN_POINT('',(0.,2.,0.));
#12632 = DIRECTION('',(-0.,1.,0.));
#12633 = DIRECTION('',(0.,0.,1.));
#12634 = ADVANCED_FACE('',(#12635),#12641,.F.);
#12635 = FACE_BOUND('',#12636,.F.);
#12636 = EDGE_LOOP('',(#12637,#12638,#12639,#12640));
#12637 = ORIENTED_EDGE('',*,*,#12524,.F.);
#12638 = ORIENTED_EDGE('',*,*,#12594,.T.);
#12639 = ORIENTED_EDGE('',*,*,#12564,.T.);
#12640 = ORIENTED_EDGE('',*,*,#12616,.F.);
#12641 = PLANE('',#12642);
#12642 = AXIS2_PLACEMENT_3D('',#12643,#12644,#12645);
#12643 = CARTESIAN_POINT('',(0.,0.,0.));
#12644 = DIRECTION('',(0.,0.,1.));
#12645 = DIRECTION('',(1.,0.,-0.));
#12646 = ADVANCED_FACE('',(#12647),#12653,.T.);
#12647 = FACE_BOUND('',#12648,.T.);
#12648 = EDGE_LOOP('',(#12649,#12650,#12651,#12652));
#12649 = ORIENTED_EDGE('',*,*,#12540,.F.);
#12650 = ORIENTED_EDGE('',*,*,#12601,.T.);
#12651 = ORIENTED_EDGE('',*,*,#12580,.T.);
#12652 = ORIENTED_EDGE('',*,*,#12623,.F.);
#12653 = PLANE('',#12654);
#12654 = AXIS2_PLACEMENT_3D('',#12655,#12656,#12657);
#12655 = CARTESIAN_POINT('',(0.,0.,6.));
#12656 = DIRECTION('',(0.,0.,1.));
#12657 = DIRECTION('',(1.,0.,-0.));
#12658 = ( GEOMETRIC_REPRESENTATION_CONTEXT(3) 
GLOBAL_UNCERTAINTY_ASSIGNED_CONTEXT((#12662)) 
GLOBAL_UNIT_ASSIGNED_CONTEXT((#12659,#12660,#12661)) 
REPRESENTATION_CONTEXT('Context #1',
  '3D Context with UNIT and UNCERTAINTY') );
#12659 = ( LENGTH_UNIT() NAMED_UNIT(*) SI_UNIT(.MILLI.,.METRE.) );
#12660 = ( NAMED_UNIT(*) PLANE_ANGLE_UNIT() SI_UNIT($,.RADIAN.) );
#12661 = ( NAMED_UNIT(*) SI_UNIT($,.STERADIAN.) SOLID_ANGLE_UNIT() );
#12662 = UNCERTAINTY_MEASURE_WITH_UNIT(LENGTH_MEASURE(1.E-07),#12659,
  'distance_accuracy_value','confusion accuracy');
#12663 = CONTEXT_DEPENDENT_SHAPE_REPRESENTATION(#12664,#12666);
#12664 = ( REPRESENTATION_RELATIONSHIP('','',#12507,#10) 
REPRESENTATION_RELATIONSHIP_WITH_TRANSFORMATION(#12665) 
SHAPE_REPRESENTATION_RELATIONSHIP() );
#12665 = ITEM_DEFINED_TRANSFORMATION('','',#11,#99);
#12666 = PRODUCT_DEFINITION_SHAPE('Placement','Placement of an item',
  #12667);
#12667 = NEXT_ASSEMBLY_USAGE_OCCURRENCE('74','OPA350_IC','',#5,#12502,$
  );
#12668 = PRODUCT_RELATED_PRODUCT_CATEGORY('part',$,(#12504));
#12669 = SHAPE_DEFINITION_REPRESENTATION(#12670,#12676);
#12670 = PRODUCT_DEFINITION_SHAPE('','',#12671);
#12671 = PRODUCT_DEFINITION('design','',#12672,#12675);
#12672 = PRODUCT_DEFINITION_FORMATION('','',#12673);
#12673 = PRODUCT('USB_C_PCB_Footprint','USB_C_PCB_Footprint','',(#12674)
  );
#12674 = PRODUCT_CONTEXT('',#2,'mechanical');
#12675 = PRODUCT_DEFINITION_CONTEXT('part definition',#2,'design');
#12676 = ADVANCED_BREP_SHAPE_REPRESENTATION('',(#11,#12677),#12827);
#12677 = MANIFOLD_SOLID_BREP('',#12678);
#12678 = CLOSED_SHELL('',(#12679,#12719,#12759,#12781,#12803,#12815));
#12679 = ADVANCED_FACE('',(#12680),#12714,.F.);
#12680 = FACE_BOUND('',#12681,.F.);
#12681 = EDGE_LOOP('',(#12682,#12692,#12700,#12708));
#12682 = ORIENTED_EDGE('',*,*,#12683,.F.);
#12683 = EDGE_CURVE('',#12684,#12686,#12688,.T.);
#12684 = VERTEX_POINT('',#12685);
#12685 = CARTESIAN_POINT('',(0.,0.,0.));
#12686 = VERTEX_POINT('',#12687);
#12687 = CARTESIAN_POINT('',(0.,0.,7.));
#12688 = LINE('',#12689,#12690);
#12689 = CARTESIAN_POINT('',(0.,0.,0.));
#12690 = VECTOR('',#12691,1.);
#12691 = DIRECTION('',(0.,0.,1.));
#12692 = ORIENTED_EDGE('',*,*,#12693,.T.);
#12693 = EDGE_CURVE('',#12684,#12694,#12696,.T.);
#12694 = VERTEX_POINT('',#12695);
#12695 = CARTESIAN_POINT('',(0.,3.,0.));
#12696 = LINE('',#12697,#12698);
#12697 = CARTESIAN_POINT('',(0.,0.,0.));
#12698 = VECTOR('',#12699,1.);
#12699 = DIRECTION('',(-0.,1.,0.));
#12700 = ORIENTED_EDGE('',*,*,#12701,.T.);
#12701 = EDGE_CURVE('',#12694,#12702,#12704,.T.);
#12702 = VERTEX_POINT('',#12703);
#12703 = CARTESIAN_POINT('',(0.,3.,7.));
#12704 = LINE('',#12705,#12706);
#12705 = CARTESIAN_POINT('',(0.,3.,0.));
#12706 = VECTOR('',#12707,1.);
#12707 = DIRECTION('',(0.,0.,1.));
#12708 = ORIENTED_EDGE('',*,*,#12709,.F.);
#12709 = EDGE_CURVE('',#12686,#12702,#12710,.T.);
#12710 = LINE('',#12711,#12712);
#12711 = CARTESIAN_POINT('',(0.,0.,7.));
#12712 = VECTOR('',#12713,1.);
#12713 = DIRECTION('',(-0.,1.,0.));
#12714 = PLANE('',#12715);
#12715 = AXIS2_PLACEMENT_3D('',#12716,#12717,#12718);
#12716 = CARTESIAN_POINT('',(0.,0.,0.));
#12717 = DIRECTION('',(1.,0.,-0.));
#12718 = DIRECTION('',(0.,0.,1.));
#12719 = ADVANCED_FACE('',(#12720),#12754,.T.);
#12720 = FACE_BOUND('',#12721,.T.);
#12721 = EDGE_LOOP('',(#12722,#12732,#12740,#12748));
#12722 = ORIENTED_EDGE('',*,*,#12723,.F.);
#12723 = EDGE_CURVE('',#12724,#12726,#12728,.T.);
#12724 = VERTEX_POINT('',#12725);
#12725 = CARTESIAN_POINT('',(9.,0.,0.));
#12726 = VERTEX_POINT('',#12727);
#12727 = CARTESIAN_POINT('',(9.,0.,7.));
#12728 = LINE('',#12729,#12730);
#12729 = CARTESIAN_POINT('',(9.,0.,0.));
#12730 = VECTOR('',#12731,1.);
#12731 = DIRECTION('',(0.,0.,1.));
#12732 = ORIENTED_EDGE('',*,*,#12733,.T.);
#12733 = EDGE_CURVE('',#12724,#12734,#12736,.T.);
#12734 = VERTEX_POINT('',#12735);
#12735 = CARTESIAN_POINT('',(9.,3.,0.));
#12736 = LINE('',#12737,#12738);
#12737 = CARTESIAN_POINT('',(9.,0.,0.));
#12738 = VECTOR('',#12739,1.);
#12739 = DIRECTION('',(-0.,1.,0.));
#12740 = ORIENTED_EDGE('',*,*,#12741,.T.);
#12741 = EDGE_CURVE('',#12734,#12742,#12744,.T.);
#12742 = VERTEX_POINT('',#12743);
#12743 = CARTESIAN_POINT('',(9.,3.,7.));
#12744 = LINE('',#12745,#12746);
#12745 = CARTESIAN_POINT('',(9.,3.,0.));
#12746 = VECTOR('',#12747,1.);
#12747 = DIRECTION('',(0.,0.,1.));
#12748 = ORIENTED_EDGE('',*,*,#12749,.F.);
#12749 = EDGE_CURVE('',#12726,#12742,#12750,.T.);
#12750 = LINE('',#12751,#12752);
#12751 = CARTESIAN_POINT('',(9.,0.,7.));
#12752 = VECTOR('',#12753,1.);
#12753 = DIRECTION('',(-0.,1.,0.));
#12754 = PLANE('',#12755);
#12755 = AXIS2_PLACEMENT_3D('',#12756,#12757,#12758);
#12756 = CARTESIAN_POINT('',(9.,0.,0.));
#12757 = DIRECTION('',(1.,0.,-0.));
#12758 = DIRECTION('',(0.,0.,1.));
#12759 = ADVANCED_FACE('',(#12760),#12776,.F.);
#12760 = FACE_BOUND('',#12761,.F.);
#12761 = EDGE_LOOP('',(#12762,#12768,#12769,#12775));
#12762 = ORIENTED_EDGE('',*,*,#12763,.F.);
#12763 = EDGE_CURVE('',#12684,#12724,#12764,.T.);
#12764 = LINE('',#12765,#12766);
#12765 = CARTESIAN_POINT('',(0.,0.,0.));
#12766 = VECTOR('',#12767,1.);
#12767 = DIRECTION('',(1.,0.,-0.));
#12768 = ORIENTED_EDGE('',*,*,#12683,.T.);
#12769 = ORIENTED_EDGE('',*,*,#12770,.T.);
#12770 = EDGE_CURVE('',#12686,#12726,#12771,.T.);
#12771 = LINE('',#12772,#12773);
#12772 = CARTESIAN_POINT('',(0.,0.,7.));
#12773 = VECTOR('',#12774,1.);
#12774 = DIRECTION('',(1.,0.,-0.));
#12775 = ORIENTED_EDGE('',*,*,#12723,.F.);
#12776 = PLANE('',#12777);
#12777 = AXIS2_PLACEMENT_3D('',#12778,#12779,#12780);
#12778 = CARTESIAN_POINT('',(0.,0.,0.));
#12779 = DIRECTION('',(-0.,1.,0.));
#12780 = DIRECTION('',(0.,0.,1.));
#12781 = ADVANCED_FACE('',(#12782),#12798,.T.);
#12782 = FACE_BOUND('',#12783,.T.);
#12783 = EDGE_LOOP('',(#12784,#12790,#12791,#12797));
#12784 = ORIENTED_EDGE('',*,*,#12785,.F.);
#12785 = EDGE_CURVE('',#12694,#12734,#12786,.T.);
#12786 = LINE('',#12787,#12788);
#12787 = CARTESIAN_POINT('',(0.,3.,0.));
#12788 = VECTOR('',#12789,1.);
#12789 = DIRECTION('',(1.,0.,-0.));
#12790 = ORIENTED_EDGE('',*,*,#12701,.T.);
#12791 = ORIENTED_EDGE('',*,*,#12792,.T.);
#12792 = EDGE_CURVE('',#12702,#12742,#12793,.T.);
#12793 = LINE('',#12794,#12795);
#12794 = CARTESIAN_POINT('',(0.,3.,7.));
#12795 = VECTOR('',#12796,1.);
#12796 = DIRECTION('',(1.,0.,-0.));
#12797 = ORIENTED_EDGE('',*,*,#12741,.F.);
#12798 = PLANE('',#12799);
#12799 = AXIS2_PLACEMENT_3D('',#12800,#12801,#12802);
#12800 = CARTESIAN_POINT('',(0.,3.,0.));
#12801 = DIRECTION('',(-0.,1.,0.));
#12802 = DIRECTION('',(0.,0.,1.));
#12803 = ADVANCED_FACE('',(#12804),#12810,.F.);
#12804 = FACE_BOUND('',#12805,.F.);
#12805 = EDGE_LOOP('',(#12806,#12807,#12808,#12809));
#12806 = ORIENTED_EDGE('',*,*,#12693,.F.);
#12807 = ORIENTED_EDGE('',*,*,#12763,.T.);
#12808 = ORIENTED_EDGE('',*,*,#12733,.T.);
#12809 = ORIENTED_EDGE('',*,*,#12785,.F.);
#12810 = PLANE('',#12811);
#12811 = AXIS2_PLACEMENT_3D('',#12812,#12813,#12814);
#12812 = CARTESIAN_POINT('',(0.,0.,0.));
#12813 = DIRECTION('',(0.,0.,1.));
#12814 = DIRECTION('',(1.,0.,-0.));
#12815 = ADVANCED_FACE('',(#12816),#12822,.T.);
#12816 = FACE_BOUND('',#12817,.T.);
#12817 = EDGE_LOOP('',(#12818,#12819,#12820,#12821));
#12818 = ORIENTED_EDGE('',*,*,#12709,.F.);
#12819 = ORIENTED_EDGE('',*,*,#12770,.T.);
#12820 = ORIENTED_EDGE('',*,*,#12749,.T.);
#12821 = ORIENTED_EDGE('',*,*,#12792,.F.);
#12822 = PLANE('',#12823);
#12823 = AXIS2_PLACEMENT_3D('',#12824,#12825,#12826);
#12824 = CARTESIAN_POINT('',(0.,0.,7.));
#12825 = DIRECTION('',(0.,0.,1.));
#12826 = DIRECTION('',(1.,0.,-0.));
#12827 = ( GEOMETRIC_REPRESENTATION_CONTEXT(3) 
GLOBAL_UNCERTAINTY_ASSIGNED_CONTEXT((#12831)) 
GLOBAL_UNIT_ASSIGNED_CONTEXT((#12828,#12829,#12830)) 
REPRESENTATION_CONTEXT('Context #1',
  '3D Context with UNIT and UNCERTAINTY') );
#12828 = ( LENGTH_UNIT() NAMED_UNIT(*) SI_UNIT(.MILLI.,.METRE.) );
#12829 = ( NAMED_UNIT(*) PLANE_ANGLE_UNIT() SI_UNIT($,.RADIAN.) );
#12830 = ( NAMED_UNIT(*) SI_UNIT($,.STERADIAN.) SOLID_ANGLE_UNIT() );
#12831 = UNCERTAINTY_MEASURE_WITH_UNIT(LENGTH_MEASURE(1.E-07),#12828,
  'distance_accuracy_value','confusion accuracy');
#12832 = CONTEXT_DEPENDENT_SHAPE_REPRESENTATION(#12833,#12835);
#12833 = ( REPRESENTATION_RELATIONSHIP('','',#12676,#10) 
REPRESENTATION_RELATIONSHIP_WITH_TRANSFORMATION(#12834) 
SHAPE_REPRESENTATION_RELATIONSHIP() );
#12834 = ITEM_DEFINED_TRANSFORMATION('','',#11,#103);
#12835 = PRODUCT_DEFINITION_SHAPE('Placement','Placement of an item',
  #12836);
#12836 = NEXT_ASSEMBLY_USAGE_OCCURRENCE('75','USB_C_PCB_Footprint','',#5
  ,#12671,$);
#12837 = PRODUCT_RELATED_PRODUCT_CATEGORY('part',$,(#12673));
#12838 = SHAPE_DEFINITION_REPRESENTATION(#12839,#12845);
#12839 = PRODUCT_DEFINITION_SHAPE('','',#12840);
#12840 = PRODUCT_DEFINITION('design','',#12841,#12844);
#12841 = PRODUCT_DEFINITION_FORMATION('','',#12842);
#12842 = PRODUCT('SMD_Resistor_0','SMD_Resistor_0','',(#12843));
#12843 = PRODUCT_CONTEXT('',#2,'mechanical');
#12844 = PRODUCT_DEFINITION_CONTEXT('part definition',#2,'design');
#12845 = ADVANCED_BREP_SHAPE_REPRESENTATION('',(#11,#12846),#12996);
#12846 = MANIFOLD_SOLID_BREP('',#12847);
#12847 = CLOSED_SHELL('',(#12848,#12888,#12928,#12950,#12972,#12984));
#12848 = ADVANCED_FACE('',(#12849),#12883,.F.);
#12849 = FACE_BOUND('',#12850,.F.);
#12850 = EDGE_LOOP('',(#12851,#12861,#12869,#12877));
#12851 = ORIENTED_EDGE('',*,*,#12852,.F.);
#12852 = EDGE_CURVE('',#12853,#12855,#12857,.T.);
#12853 = VERTEX_POINT('',#12854);
#12854 = CARTESIAN_POINT('',(0.,0.,0.));
#12855 = VERTEX_POINT('',#12856);
#12856 = CARTESIAN_POINT('',(0.,0.,1.));
#12857 = LINE('',#12858,#12859);
#12858 = CARTESIAN_POINT('',(0.,0.,0.));
#12859 = VECTOR('',#12860,1.);
#12860 = DIRECTION('',(0.,0.,1.));
#12861 = ORIENTED_EDGE('',*,*,#12862,.T.);
#12862 = EDGE_CURVE('',#12853,#12863,#12865,.T.);
#12863 = VERTEX_POINT('',#12864);
#12864 = CARTESIAN_POINT('',(0.,1.2,0.));
#12865 = LINE('',#12866,#12867);
#12866 = CARTESIAN_POINT('',(0.,0.,0.));
#12867 = VECTOR('',#12868,1.);
#12868 = DIRECTION('',(-0.,1.,0.));
#12869 = ORIENTED_EDGE('',*,*,#12870,.T.);
#12870 = EDGE_CURVE('',#12863,#12871,#12873,.T.);
#12871 = VERTEX_POINT('',#12872);
#12872 = CARTESIAN_POINT('',(0.,1.2,1.));
#12873 = LINE('',#12874,#12875);
#12874 = CARTESIAN_POINT('',(0.,1.2,0.));
#12875 = VECTOR('',#12876,1.);
#12876 = DIRECTION('',(0.,0.,1.));
#12877 = ORIENTED_EDGE('',*,*,#12878,.F.);
#12878 = EDGE_CURVE('',#12855,#12871,#12879,.T.);
#12879 = LINE('',#12880,#12881);
#12880 = CARTESIAN_POINT('',(0.,0.,1.));
#12881 = VECTOR('',#12882,1.);
#12882 = DIRECTION('',(-0.,1.,0.));
#12883 = PLANE('',#12884);
#12884 = AXIS2_PLACEMENT_3D('',#12885,#12886,#12887);
#12885 = CARTESIAN_POINT('',(0.,0.,0.));
#12886 = DIRECTION('',(1.,0.,-0.));
#12887 = DIRECTION('',(0.,0.,1.));
#12888 = ADVANCED_FACE('',(#12889),#12923,.T.);
#12889 = FACE_BOUND('',#12890,.T.);
#12890 = EDGE_LOOP('',(#12891,#12901,#12909,#12917));
#12891 = ORIENTED_EDGE('',*,*,#12892,.F.);
#12892 = EDGE_CURVE('',#12893,#12895,#12897,.T.);
#12893 = VERTEX_POINT('',#12894);
#12894 = CARTESIAN_POINT('',(2.,0.,0.));
#12895 = VERTEX_POINT('',#12896);
#12896 = CARTESIAN_POINT('',(2.,0.,1.));
#12897 = LINE('',#12898,#12899);
#12898 = CARTESIAN_POINT('',(2.,0.,0.));
#12899 = VECTOR('',#12900,1.);
#12900 = DIRECTION('',(0.,0.,1.));
#12901 = ORIENTED_EDGE('',*,*,#12902,.T.);
#12902 = EDGE_CURVE('',#12893,#12903,#12905,.T.);
#12903 = VERTEX_POINT('',#12904);
#12904 = CARTESIAN_POINT('',(2.,1.2,0.));
#12905 = LINE('',#12906,#12907);
#12906 = CARTESIAN_POINT('',(2.,0.,0.));
#12907 = VECTOR('',#12908,1.);
#12908 = DIRECTION('',(-0.,1.,0.));
#12909 = ORIENTED_EDGE('',*,*,#12910,.T.);
#12910 = EDGE_CURVE('',#12903,#12911,#12913,.T.);
#12911 = VERTEX_POINT('',#12912);
#12912 = CARTESIAN_POINT('',(2.,1.2,1.));
#12913 = LINE('',#12914,#12915);
#12914 = CARTESIAN_POINT('',(2.,1.2,0.));
#12915 = VECTOR('',#12916,1.);
#12916 = DIRECTION('',(0.,0.,1.));
#12917 = ORIENTED_EDGE('',*,*,#12918,.F.);
#12918 = EDGE_CURVE('',#12895,#12911,#12919,.T.);
#12919 = LINE('',#12920,#12921);
#12920 = CARTESIAN_POINT('',(2.,0.,1.));
#12921 = VECTOR('',#12922,1.);
#12922 = DIRECTION('',(-0.,1.,0.));
#12923 = PLANE('',#12924);
#12924 = AXIS2_PLACEMENT_3D('',#12925,#12926,#12927);
#12925 = CARTESIAN_POINT('',(2.,0.,0.));
#12926 = DIRECTION('',(1.,0.,-0.));
#12927 = DIRECTION('',(0.,0.,1.));
#12928 = ADVANCED_FACE('',(#12929),#12945,.F.);
#12929 = FACE_BOUND('',#12930,.F.);
#12930 = EDGE_LOOP('',(#12931,#12937,#12938,#12944));
#12931 = ORIENTED_EDGE('',*,*,#12932,.F.);
#12932 = EDGE_CURVE('',#12853,#12893,#12933,.T.);
#12933 = LINE('',#12934,#12935);
#12934 = CARTESIAN_POINT('',(0.,0.,0.));
#12935 = VECTOR('',#12936,1.);
#12936 = DIRECTION('',(1.,0.,-0.));
#12937 = ORIENTED_EDGE('',*,*,#12852,.T.);
#12938 = ORIENTED_EDGE('',*,*,#12939,.T.);
#12939 = EDGE_CURVE('',#12855,#12895,#12940,.T.);
#12940 = LINE('',#12941,#12942);
#12941 = CARTESIAN_POINT('',(0.,0.,1.));
#12942 = VECTOR('',#12943,1.);
#12943 = DIRECTION('',(1.,0.,-0.));
#12944 = ORIENTED_EDGE('',*,*,#12892,.F.);
#12945 = PLANE('',#12946);
#12946 = AXIS2_PLACEMENT_3D('',#12947,#12948,#12949);
#12947 = CARTESIAN_POINT('',(0.,0.,0.));
#12948 = DIRECTION('',(-0.,1.,0.));
#12949 = DIRECTION('',(0.,0.,1.));
#12950 = ADVANCED_FACE('',(#12951),#12967,.T.);
#12951 = FACE_BOUND('',#12952,.T.);
#12952 = EDGE_LOOP('',(#12953,#12959,#12960,#12966));
#12953 = ORIENTED_EDGE('',*,*,#12954,.F.);
#12954 = EDGE_CURVE('',#12863,#12903,#12955,.T.);
#12955 = LINE('',#12956,#12957);
#12956 = CARTESIAN_POINT('',(0.,1.2,0.));
#12957 = VECTOR('',#12958,1.);
#12958 = DIRECTION('',(1.,0.,-0.));
#12959 = ORIENTED_EDGE('',*,*,#12870,.T.);
#12960 = ORIENTED_EDGE('',*,*,#12961,.T.);
#12961 = EDGE_CURVE('',#12871,#12911,#12962,.T.);
#12962 = LINE('',#12963,#12964);
#12963 = CARTESIAN_POINT('',(0.,1.2,1.));
#12964 = VECTOR('',#12965,1.);
#12965 = DIRECTION('',(1.,0.,-0.));
#12966 = ORIENTED_EDGE('',*,*,#12910,.F.);
#12967 = PLANE('',#12968);
#12968 = AXIS2_PLACEMENT_3D('',#12969,#12970,#12971);
#12969 = CARTESIAN_POINT('',(0.,1.2,0.));
#12970 = DIRECTION('',(-0.,1.,0.));
#12971 = DIRECTION('',(0.,0.,1.));
#12972 = ADVANCED_FACE('',(#12973),#12979,.F.);
#12973 = FACE_BOUND('',#12974,.F.);
#12974 = EDGE_LOOP('',(#12975,#12976,#12977,#12978));
#12975 = ORIENTED_EDGE('',*,*,#12862,.F.);
#12976 = ORIENTED_EDGE('',*,*,#12932,.T.);
#12977 = ORIENTED_EDGE('',*,*,#12902,.T.);
#12978 = ORIENTED_EDGE('',*,*,#12954,.F.);
#12979 = PLANE('',#12980);
#12980 = AXIS2_PLACEMENT_3D('',#12981,#12982,#12983);
#12981 = CARTESIAN_POINT('',(0.,0.,0.));
#12982 = DIRECTION('',(0.,0.,1.));
#12983 = DIRECTION('',(1.,0.,-0.));
#12984 = ADVANCED_FACE('',(#12985),#12991,.T.);
#12985 = FACE_BOUND('',#12986,.T.);
#12986 = EDGE_LOOP('',(#12987,#12988,#12989,#12990));
#12987 = ORIENTED_EDGE('',*,*,#12878,.F.);
#12988 = ORIENTED_EDGE('',*,*,#12939,.T.);
#12989 = ORIENTED_EDGE('',*,*,#12918,.T.);
#12990 = ORIENTED_EDGE('',*,*,#12961,.F.);
#12991 = PLANE('',#12992);
#12992 = AXIS2_PLACEMENT_3D('',#12993,#12994,#12995);
#12993 = CARTESIAN_POINT('',(0.,0.,1.));
#12994 = DIRECTION('',(0.,0.,1.));
#12995 = DIRECTION('',(1.,0.,-0.));
#12996 = ( GEOMETRIC_REPRESENTATION_CONTEXT(3) 
GLOBAL_UNCERTAINTY_ASSIGNED_CONTEXT((#13000)) 
GLOBAL_UNIT_ASSIGNED_CONTEXT((#12997,#12998,#12999)) 
REPRESENTATION_CONTEXT('Context #1',
  '3D Context with UNIT and UNCERTAINTY') );
#12997 = ( LENGTH_UNIT() NAMED_UNIT(*) SI_UNIT(.MILLI.,.METRE.) );
#12998 = ( NAMED_UNIT(*) PLANE_ANGLE_UNIT() SI_UNIT($,.RADIAN.) );
#12999 = ( NAMED_UNIT(*) SI_UNIT($,.STERADIAN.) SOLID_ANGLE_UNIT() );
#13000 = UNCERTAINTY_MEASURE_WITH_UNIT(LENGTH_MEASURE(1.E-07),#12997,
  'distance_accuracy_value','confusion accuracy');
#13001 = CONTEXT_DEPENDENT_SHAPE_REPRESENTATION(#13002,#13004);
#13002 = ( REPRESENTATION_RELATIONSHIP('','',#12845,#10) 
REPRESENTATION_RELATIONSHIP_WITH_TRANSFORMATION(#13003) 
SHAPE_REPRESENTATION_RELATIONSHIP() );
#13003 = ITEM_DEFINED_TRANSFORMATION('','',#11,#107);
#13004 = PRODUCT_DEFINITION_SHAPE('Placement','Placement of an item',
  #13005);
#13005 = NEXT_ASSEMBLY_USAGE_OCCURRENCE('76','SMD_Resistor_0','',#5,
  #12840,$);
#13006 = PRODUCT_RELATED_PRODUCT_CATEGORY('part',$,(#12842));
#13007 = SHAPE_DEFINITION_REPRESENTATION(#13008,#13014);
#13008 = PRODUCT_DEFINITION_SHAPE('','',#13009);
#13009 = PRODUCT_DEFINITION('design','',#13010,#13013);
#13010 = PRODUCT_DEFINITION_FORMATION('','',#13011);
#13011 = PRODUCT('SMD_Capacitor_0','SMD_Capacitor_0','',(#13012));
#13012 = PRODUCT_CONTEXT('',#2,'mechanical');
#13013 = PRODUCT_DEFINITION_CONTEXT('part definition',#2,'design');
#13014 = ADVANCED_BREP_SHAPE_REPRESENTATION('',(#11,#13015),#13165);
#13015 = MANIFOLD_SOLID_BREP('',#13016);
#13016 = CLOSED_SHELL('',(#13017,#13057,#13097,#13119,#13141,#13153));
#13017 = ADVANCED_FACE('',(#13018),#13052,.F.);
#13018 = FACE_BOUND('',#13019,.F.);
#13019 = EDGE_LOOP('',(#13020,#13030,#13038,#13046));
#13020 = ORIENTED_EDGE('',*,*,#13021,.F.);
#13021 = EDGE_CURVE('',#13022,#13024,#13026,.T.);
#13022 = VERTEX_POINT('',#13023);
#13023 = CARTESIAN_POINT('',(0.,0.,0.));
#13024 = VERTEX_POINT('',#13025);
#13025 = CARTESIAN_POINT('',(0.,0.,2.5));
#13026 = LINE('',#13027,#13028);
#13027 = CARTESIAN_POINT('',(0.,0.,0.));
#13028 = VECTOR('',#13029,1.);
#13029 = DIRECTION('',(0.,0.,1.));
#13030 = ORIENTED_EDGE('',*,*,#13031,.T.);
#13031 = EDGE_CURVE('',#13022,#13032,#13034,.T.);
#13032 = VERTEX_POINT('',#13033);
#13033 = CARTESIAN_POINT('',(0.,1.5,0.));
#13034 = LINE('',#13035,#13036);
#13035 = CARTESIAN_POINT('',(0.,0.,0.));
#13036 = VECTOR('',#13037,1.);
#13037 = DIRECTION('',(-0.,1.,0.));
#13038 = ORIENTED_EDGE('',*,*,#13039,.T.);
#13039 = EDGE_CURVE('',#13032,#13040,#13042,.T.);
#13040 = VERTEX_POINT('',#13041);
#13041 = CARTESIAN_POINT('',(0.,1.5,2.5));
#13042 = LINE('',#13043,#13044);
#13043 = CARTESIAN_POINT('',(0.,1.5,0.));
#13044 = VECTOR('',#13045,1.);
#13045 = DIRECTION('',(0.,0.,1.));
#13046 = ORIENTED_EDGE('',*,*,#13047,.F.);
#13047 = EDGE_CURVE('',#13024,#13040,#13048,.T.);
#13048 = LINE('',#13049,#13050);
#13049 = CARTESIAN_POINT('',(0.,0.,2.5));
#13050 = VECTOR('',#13051,1.);
#13051 = DIRECTION('',(-0.,1.,0.));
#13052 = PLANE('',#13053);
#13053 = AXIS2_PLACEMENT_3D('',#13054,#13055,#13056);
#13054 = CARTESIAN_POINT('',(0.,0.,0.));
#13055 = DIRECTION('',(1.,0.,-0.));
#13056 = DIRECTION('',(0.,0.,1.));
#13057 = ADVANCED_FACE('',(#13058),#13092,.T.);
#13058 = FACE_BOUND('',#13059,.T.);
#13059 = EDGE_LOOP('',(#13060,#13070,#13078,#13086));
#13060 = ORIENTED_EDGE('',*,*,#13061,.F.);
#13061 = EDGE_CURVE('',#13062,#13064,#13066,.T.);
#13062 = VERTEX_POINT('',#13063);
#13063 = CARTESIAN_POINT('',(2.5,0.,0.));
#13064 = VERTEX_POINT('',#13065);
#13065 = CARTESIAN_POINT('',(2.5,0.,2.5));
#13066 = LINE('',#13067,#13068);
#13067 = CARTESIAN_POINT('',(2.5,0.,0.));
#13068 = VECTOR('',#13069,1.);
#13069 = DIRECTION('',(0.,0.,1.));
#13070 = ORIENTED_EDGE('',*,*,#13071,.T.);
#13071 = EDGE_CURVE('',#13062,#13072,#13074,.T.);
#13072 = VERTEX_POINT('',#13073);
#13073 = CARTESIAN_POINT('',(2.5,1.5,0.));
#13074 = LINE('',#13075,#13076);
#13075 = CARTESIAN_POINT('',(2.5,0.,0.));
#13076 = VECTOR('',#13077,1.);
#13077 = DIRECTION('',(-0.,1.,0.));
#13078 = ORIENTED_EDGE('',*,*,#13079,.T.);
#13079 = EDGE_CURVE('',#13072,#13080,#13082,.T.);
#13080 = VERTEX_POINT('',#13081);
#13081 = CARTESIAN_POINT('',(2.5,1.5,2.5));
#13082 = LINE('',#13083,#13084);
#13083 = CARTESIAN_POINT('',(2.5,1.5,0.));
#13084 = VECTOR('',#13085,1.);
#13085 = DIRECTION('',(0.,0.,1.));
#13086 = ORIENTED_EDGE('',*,*,#13087,.F.);
#13087 = EDGE_CURVE('',#13064,#13080,#13088,.T.);
#13088 = LINE('',#13089,#13090);
#13089 = CARTESIAN_POINT('',(2.5,0.,2.5));
#13090 = VECTOR('',#13091,1.);
#13091 = DIRECTION('',(-0.,1.,0.));
#13092 = PLANE('',#13093);
#13093 = AXIS2_PLACEMENT_3D('',#13094,#13095,#13096);
#13094 = CARTESIAN_POINT('',(2.5,0.,0.));
#13095 = DIRECTION('',(1.,0.,-0.));
#13096 = DIRECTION('',(0.,0.,1.));
#13097 = ADVANCED_FACE('',(#13098),#13114,.F.);
#13098 = FACE_BOUND('',#13099,.F.);
#13099 = EDGE_LOOP('',(#13100,#13106,#13107,#13113));
#13100 = ORIENTED_EDGE('',*,*,#13101,.F.);
#13101 = EDGE_CURVE('',#13022,#13062,#13102,.T.);
#13102 = LINE('',#13103,#13104);
#13103 = CARTESIAN_POINT('',(0.,0.,0.));
#13104 = VECTOR('',#13105,1.);
#13105 = DIRECTION('',(1.,0.,-0.));
#13106 = ORIENTED_EDGE('',*,*,#13021,.T.);
#13107 = ORIENTED_EDGE('',*,*,#13108,.T.);
#13108 = EDGE_CURVE('',#13024,#13064,#13109,.T.);
#13109 = LINE('',#13110,#13111);
#13110 = CARTESIAN_POINT('',(0.,0.,2.5));
#13111 = VECTOR('',#13112,1.);
#13112 = DIRECTION('',(1.,0.,-0.));
#13113 = ORIENTED_EDGE('',*,*,#13061,.F.);
#13114 = PLANE('',#13115);
#13115 = AXIS2_PLACEMENT_3D('',#13116,#13117,#13118);
#13116 = CARTESIAN_POINT('',(0.,0.,0.));
#13117 = DIRECTION('',(-0.,1.,0.));
#13118 = DIRECTION('',(0.,0.,1.));
#13119 = ADVANCED_FACE('',(#13120),#13136,.T.);
#13120 = FACE_BOUND('',#13121,.T.);
#13121 = EDGE_LOOP('',(#13122,#13128,#13129,#13135));
#13122 = ORIENTED_EDGE('',*,*,#13123,.F.);
#13123 = EDGE_CURVE('',#13032,#13072,#13124,.T.);
#13124 = LINE('',#13125,#13126);
#13125 = CARTESIAN_POINT('',(0.,1.5,0.));
#13126 = VECTOR('',#13127,1.);
#13127 = DIRECTION('',(1.,0.,-0.));
#13128 = ORIENTED_EDGE('',*,*,#13039,.T.);
#13129 = ORIENTED_EDGE('',*,*,#13130,.T.);
#13130 = EDGE_CURVE('',#13040,#13080,#13131,.T.);
#13131 = LINE('',#13132,#13133);
#13132 = CARTESIAN_POINT('',(0.,1.5,2.5));
#13133 = VECTOR('',#13134,1.);
#13134 = DIRECTION('',(1.,0.,-0.));
#13135 = ORIENTED_EDGE('',*,*,#13079,.F.);
#13136 = PLANE('',#13137);
#13137 = AXIS2_PLACEMENT_3D('',#13138,#13139,#13140);
#13138 = CARTESIAN_POINT('',(0.,1.5,0.));
#13139 = DIRECTION('',(-0.,1.,0.));
#13140 = DIRECTION('',(0.,0.,1.));
#13141 = ADVANCED_FACE('',(#13142),#13148,.F.);
#13142 = FACE_BOUND('',#13143,.F.);
#13143 = EDGE_LOOP('',(#13144,#13145,#13146,#13147));
#13144 = ORIENTED_EDGE('',*,*,#13031,.F.);
#13145 = ORIENTED_EDGE('',*,*,#13101,.T.);
#13146 = ORIENTED_EDGE('',*,*,#13071,.T.);
#13147 = ORIENTED_EDGE('',*,*,#13123,.F.);
#13148 = PLANE('',#13149);
#13149 = AXIS2_PLACEMENT_3D('',#13150,#13151,#13152);
#13150 = CARTESIAN_POINT('',(0.,0.,0.));
#13151 = DIRECTION('',(0.,0.,1.));
#13152 = DIRECTION('',(1.,0.,-0.));
#13153 = ADVANCED_FACE('',(#13154),#13160,.T.);
#13154 = FACE_BOUND('',#13155,.T.);
#13155 = EDGE_LOOP('',(#13156,#13157,#13158,#13159));
#13156 = ORIENTED_EDGE('',*,*,#13047,.F.);
#13157 = ORIENTED_EDGE('',*,*,#13108,.T.);
#13158 = ORIENTED_EDGE('',*,*,#13087,.T.);
#13159 = ORIENTED_EDGE('',*,*,#13130,.F.);
#13160 = PLANE('',#13161);
#13161 = AXIS2_PLACEMENT_3D('',#13162,#13163,#13164);
#13162 = CARTESIAN_POINT('',(0.,0.,2.5));
#13163 = DIRECTION('',(0.,0.,1.));
#13164 = DIRECTION('',(1.,0.,-0.));
#13165 = ( GEOMETRIC_REPRESENTATION_CONTEXT(3) 
GLOBAL_UNCERTAINTY_ASSIGNED_CONTEXT((#13169)) 
GLOBAL_UNIT_ASSIGNED_CONTEXT((#13166,#13167,#13168)) 
REPRESENTATION_CONTEXT('Context #1',
  '3D Context with UNIT and UNCERTAINTY') );
#13166 = ( LENGTH_UNIT() NAMED_UNIT(*) SI_UNIT(.MILLI.,.METRE.) );
#13167 = ( NAMED_UNIT(*) PLANE_ANGLE_UNIT() SI_UNIT($,.RADIAN.) );
#13168 = ( NAMED_UNIT(*) SI_UNIT($,.STERADIAN.) SOLID_ANGLE_UNIT() );
#13169 = UNCERTAINTY_MEASURE_WITH_UNIT(LENGTH_MEASURE(1.E-07),#13166,
  'distance_accuracy_value','confusion accuracy');
#13170 = CONTEXT_DEPENDENT_SHAPE_REPRESENTATION(#13171,#13173);
#13171 = ( REPRESENTATION_RELATIONSHIP('','',#13014,#10) 
REPRESENTATION_RELATIONSHIP_WITH_TRANSFORMATION(#13172) 
SHAPE_REPRESENTATION_RELATIONSHIP() );
#13172 = ITEM_DEFINED_TRANSFORMATION('','',#11,#111);
#13173 = PRODUCT_DEFINITION_SHAPE('Placement','Placement of an item',
  #13174);
#13174 = NEXT_ASSEMBLY_USAGE_OCCURRENCE('77','SMD_Capacitor_0','',#5,
  #13009,$);
#13175 = PRODUCT_RELATED_PRODUCT_CATEGORY('part',$,(#13011));
#13176 = SHAPE_DEFINITION_REPRESENTATION(#13177,#13183);
#13177 = PRODUCT_DEFINITION_SHAPE('','',#13178);
#13178 = PRODUCT_DEFINITION('design','',#13179,#13182);
#13179 = PRODUCT_DEFINITION_FORMATION('','',#13180);
#13180 = PRODUCT('SMD_Resistor_1','SMD_Resistor_1','',(#13181));
#13181 = PRODUCT_CONTEXT('',#2,'mechanical');
#13182 = PRODUCT_DEFINITION_CONTEXT('part definition',#2,'design');
#13183 = ADVANCED_BREP_SHAPE_REPRESENTATION('',(#11,#13184),#13334);
#13184 = MANIFOLD_SOLID_BREP('',#13185);
#13185 = CLOSED_SHELL('',(#13186,#13226,#13266,#13288,#13310,#13322));
#13186 = ADVANCED_FACE('',(#13187),#13221,.F.);
#13187 = FACE_BOUND('',#13188,.F.);
#13188 = EDGE_LOOP('',(#13189,#13199,#13207,#13215));
#13189 = ORIENTED_EDGE('',*,*,#13190,.F.);
#13190 = EDGE_CURVE('',#13191,#13193,#13195,.T.);
#13191 = VERTEX_POINT('',#13192);
#13192 = CARTESIAN_POINT('',(0.,0.,0.));
#13193 = VERTEX_POINT('',#13194);
#13194 = CARTESIAN_POINT('',(0.,0.,1.));
#13195 = LINE('',#13196,#13197);
#13196 = CARTESIAN_POINT('',(0.,0.,0.));
#13197 = VECTOR('',#13198,1.);
#13198 = DIRECTION('',(0.,0.,1.));
#13199 = ORIENTED_EDGE('',*,*,#13200,.T.);
#13200 = EDGE_CURVE('',#13191,#13201,#13203,.T.);
#13201 = VERTEX_POINT('',#13202);
#13202 = CARTESIAN_POINT('',(0.,1.2,0.));
#13203 = LINE('',#13204,#13205);
#13204 = CARTESIAN_POINT('',(0.,0.,0.));
#13205 = VECTOR('',#13206,1.);
#13206 = DIRECTION('',(-0.,1.,0.));
#13207 = ORIENTED_EDGE('',*,*,#13208,.T.);
#13208 = EDGE_CURVE('',#13201,#13209,#13211,.T.);
#13209 = VERTEX_POINT('',#13210);
#13210 = CARTESIAN_POINT('',(0.,1.2,1.));
#13211 = LINE('',#13212,#13213);
#13212 = CARTESIAN_POINT('',(0.,1.2,0.));
#13213 = VECTOR('',#13214,1.);
#13214 = DIRECTION('',(0.,0.,1.));
#13215 = ORIENTED_EDGE('',*,*,#13216,.F.);
#13216 = EDGE_CURVE('',#13193,#13209,#13217,.T.);
#13217 = LINE('',#13218,#13219);
#13218 = CARTESIAN_POINT('',(0.,0.,1.));
#13219 = VECTOR('',#13220,1.);
#13220 = DIRECTION('',(-0.,1.,0.));
#13221 = PLANE('',#13222);
#13222 = AXIS2_PLACEMENT_3D('',#13223,#13224,#13225);
#13223 = CARTESIAN_POINT('',(0.,0.,0.));
#13224 = DIRECTION('',(1.,0.,-0.));
#13225 = DIRECTION('',(0.,0.,1.));
#13226 = ADVANCED_FACE('',(#13227),#13261,.T.);
#13227 = FACE_BOUND('',#13228,.T.);
#13228 = EDGE_LOOP('',(#13229,#13239,#13247,#13255));
#13229 = ORIENTED_EDGE('',*,*,#13230,.F.);
#13230 = EDGE_CURVE('',#13231,#13233,#13235,.T.);
#13231 = VERTEX_POINT('',#13232);
#13232 = CARTESIAN_POINT('',(2.,0.,0.));
#13233 = VERTEX_POINT('',#13234);
#13234 = CARTESIAN_POINT('',(2.,0.,1.));
#13235 = LINE('',#13236,#13237);
#13236 = CARTESIAN_POINT('',(2.,0.,0.));
#13237 = VECTOR('',#13238,1.);
#13238 = DIRECTION('',(0.,0.,1.));
#13239 = ORIENTED_EDGE('',*,*,#13240,.T.);
#13240 = EDGE_CURVE('',#13231,#13241,#13243,.T.);
#13241 = VERTEX_POINT('',#13242);
#13242 = CARTESIAN_POINT('',(2.,1.2,0.));
#13243 = LINE('',#13244,#13245);
#13244 = CARTESIAN_POINT('',(2.,0.,0.));
#13245 = VECTOR('',#13246,1.);
#13246 = DIRECTION('',(-0.,1.,0.));
#13247 = ORIENTED_EDGE('',*,*,#13248,.T.);
#13248 = EDGE_CURVE('',#13241,#13249,#13251,.T.);
#13249 = VERTEX_POINT('',#13250);
#13250 = CARTESIAN_POINT('',(2.,1.2,1.));
#13251 = LINE('',#13252,#13253);
#13252 = CARTESIAN_POINT('',(2.,1.2,0.));
#13253 = VECTOR('',#13254,1.);
#13254 = DIRECTION('',(0.,0.,1.));
#13255 = ORIENTED_EDGE('',*,*,#13256,.F.);
#13256 = EDGE_CURVE('',#13233,#13249,#13257,.T.);
#13257 = LINE('',#13258,#13259);
#13258 = CARTESIAN_POINT('',(2.,0.,1.));
#13259 = VECTOR('',#13260,1.);
#13260 = DIRECTION('',(-0.,1.,0.));
#13261 = PLANE('',#13262);
#13262 = AXIS2_PLACEMENT_3D('',#13263,#13264,#13265);
#13263 = CARTESIAN_POINT('',(2.,0.,0.));
#13264 = DIRECTION('',(1.,0.,-0.));
#13265 = DIRECTION('',(0.,0.,1.));
#13266 = ADVANCED_FACE('',(#13267),#13283,.F.);
#13267 = FACE_BOUND('',#13268,.F.);
#13268 = EDGE_LOOP('',(#13269,#13275,#13276,#13282));
#13269 = ORIENTED_EDGE('',*,*,#13270,.F.);
#13270 = EDGE_CURVE('',#13191,#13231,#13271,.T.);
#13271 = LINE('',#13272,#13273);
#13272 = CARTESIAN_POINT('',(0.,0.,0.));
#13273 = VECTOR('',#13274,1.);
#13274 = DIRECTION('',(1.,0.,-0.));
#13275 = ORIENTED_EDGE('',*,*,#13190,.T.);
#13276 = ORIENTED_EDGE('',*,*,#13277,.T.);
#13277 = EDGE_CURVE('',#13193,#13233,#13278,.T.);
#13278 = LINE('',#13279,#13280);
#13279 = CARTESIAN_POINT('',(0.,0.,1.));
#13280 = VECTOR('',#13281,1.);
#13281 = DIRECTION('',(1.,0.,-0.));
#13282 = ORIENTED_EDGE('',*,*,#13230,.F.);
#13283 = PLANE('',#13284);
#13284 = AXIS2_PLACEMENT_3D('',#13285,#13286,#13287);
#13285 = CARTESIAN_POINT('',(0.,0.,0.));
#13286 = DIRECTION('',(-0.,1.,0.));
#13287 = DIRECTION('',(0.,0.,1.));
#13288 = ADVANCED_FACE('',(#13289),#13305,.T.);
#13289 = FACE_BOUND('',#13290,.T.);
#13290 = EDGE_LOOP('',(#13291,#13297,#13298,#13304));
#13291 = ORIENTED_EDGE('',*,*,#13292,.F.);
#13292 = EDGE_CURVE('',#13201,#13241,#13293,.T.);
#13293 = LINE('',#13294,#13295);
#13294 = CARTESIAN_POINT('',(0.,1.2,0.));
#13295 = VECTOR('',#13296,1.);
#13296 = DIRECTION('',(1.,0.,-0.));
#13297 = ORIENTED_EDGE('',*,*,#13208,.T.);
#13298 = ORIENTED_EDGE('',*,*,#13299,.T.);
#13299 = EDGE_CURVE('',#13209,#13249,#13300,.T.);
#13300 = LINE('',#13301,#13302);
#13301 = CARTESIAN_POINT('',(0.,1.2,1.));
#13302 = VECTOR('',#13303,1.);
#13303 = DIRECTION('',(1.,0.,-0.));
#13304 = ORIENTED_EDGE('',*,*,#13248,.F.);
#13305 = PLANE('',#13306);
#13306 = AXIS2_PLACEMENT_3D('',#13307,#13308,#13309);
#13307 = CARTESIAN_POINT('',(0.,1.2,0.));
#13308 = DIRECTION('',(-0.,1.,0.));
#13309 = DIRECTION('',(0.,0.,1.));
#13310 = ADVANCED_FACE('',(#13311),#13317,.F.);
#13311 = FACE_BOUND('',#13312,.F.);
#13312 = EDGE_LOOP('',(#13313,#13314,#13315,#13316));
#13313 = ORIENTED_EDGE('',*,*,#13200,.F.);
#13314 = ORIENTED_EDGE('',*,*,#13270,.T.);
#13315 = ORIENTED_EDGE('',*,*,#13240,.T.);
#13316 = ORIENTED_EDGE('',*,*,#13292,.F.);
#13317 = PLANE('',#13318);
#13318 = AXIS2_PLACEMENT_3D('',#13319,#13320,#13321);
#13319 = CARTESIAN_POINT('',(0.,0.,0.));
#13320 = DIRECTION('',(0.,0.,1.));
#13321 = DIRECTION('',(1.,0.,-0.));
#13322 = ADVANCED_FACE('',(#13323),#13329,.T.);
#13323 = FACE_BOUND('',#13324,.T.);
#13324 = EDGE_LOOP('',(#13325,#13326,#13327,#13328));
#13325 = ORIENTED_EDGE('',*,*,#13216,.F.);
#13326 = ORIENTED_EDGE('',*,*,#13277,.T.);
#13327 = ORIENTED_EDGE('',*,*,#13256,.T.);
#13328 = ORIENTED_EDGE('',*,*,#13299,.F.);
#13329 = PLANE('',#13330);
#13330 = AXIS2_PLACEMENT_3D('',#13331,#13332,#13333);
#13331 = CARTESIAN_POINT('',(0.,0.,1.));
#13332 = DIRECTION('',(0.,0.,1.));
#13333 = DIRECTION('',(1.,0.,-0.));
#13334 = ( GEOMETRIC_REPRESENTATION_CONTEXT(3) 
GLOBAL_UNCERTAINTY_ASSIGNED_CONTEXT((#13338)) 
GLOBAL_UNIT_ASSIGNED_CONTEXT((#13335,#13336,#13337)) 
REPRESENTATION_CONTEXT('Context #1',
  '3D Context with UNIT and UNCERTAINTY') );
#13335 = ( LENGTH_UNIT() NAMED_UNIT(*) SI_UNIT(.MILLI.,.METRE.) );
#13336 = ( NAMED_UNIT(*) PLANE_ANGLE_UNIT() SI_UNIT($,.RADIAN.) );
#13337 = ( NAMED_UNIT(*) SI_UNIT($,.STERADIAN.) SOLID_ANGLE_UNIT() );
#13338 = UNCERTAINTY_MEASURE_WITH_UNIT(LENGTH_MEASURE(1.E-07),#13335,
  'distance_accuracy_value','confusion accuracy');
#13339 = CONTEXT_DEPENDENT_SHAPE_REPRESENTATION(#13340,#13342);
#13340 = ( REPRESENTATION_RELATIONSHIP('','',#13183,#10) 
REPRESENTATION_RELATIONSHIP_WITH_TRANSFORMATION(#13341) 
SHAPE_REPRESENTATION_RELATIONSHIP() );
#13341 = ITEM_DEFINED_TRANSFORMATION('','',#11,#115);
#13342 = PRODUCT_DEFINITION_SHAPE('Placement','Placement of an item',
  #13343);
#13343 = NEXT_ASSEMBLY_USAGE_OCCURRENCE('78','SMD_Resistor_1','',#5,
  #13178,$);
#13344 = PRODUCT_RELATED_PRODUCT_CATEGORY('part',$,(#13180));
#13345 = SHAPE_DEFINITION_REPRESENTATION(#13346,#13352);
#13346 = PRODUCT_DEFINITION_SHAPE('','',#13347);
#13347 = PRODUCT_DEFINITION('design','',#13348,#13351);
#13348 = PRODUCT_DEFINITION_FORMATION('','',#13349);
#13349 = PRODUCT('SMD_Capacitor_1','SMD_Capacitor_1','',(#13350));
#13350 = PRODUCT_CONTEXT('',#2,'mechanical');
#13351 = PRODUCT_DEFINITION_CONTEXT('part definition',#2,'design');
#13352 = ADVANCED_BREP_SHAPE_REPRESENTATION('',(#11,#13353),#13503);
#13353 = MANIFOLD_SOLID_BREP('',#13354);
#13354 = CLOSED_SHELL('',(#13355,#13395,#13435,#13457,#13479,#13491));
#13355 = ADVANCED_FACE('',(#13356),#13390,.F.);
#13356 = FACE_BOUND('',#13357,.F.);
#13357 = EDGE_LOOP('',(#13358,#13368,#13376,#13384));
#13358 = ORIENTED_EDGE('',*,*,#13359,.F.);
#13359 = EDGE_CURVE('',#13360,#13362,#13364,.T.);
#13360 = VERTEX_POINT('',#13361);
#13361 = CARTESIAN_POINT('',(0.,0.,0.));
#13362 = VERTEX_POINT('',#13363);
#13363 = CARTESIAN_POINT('',(0.,0.,2.5));
#13364 = LINE('',#13365,#13366);
#13365 = CARTESIAN_POINT('',(0.,0.,0.));
#13366 = VECTOR('',#13367,1.);
#13367 = DIRECTION('',(0.,0.,1.));
#13368 = ORIENTED_EDGE('',*,*,#13369,.T.);
#13369 = EDGE_CURVE('',#13360,#13370,#13372,.T.);
#13370 = VERTEX_POINT('',#13371);
#13371 = CARTESIAN_POINT('',(0.,1.5,0.));
#13372 = LINE('',#13373,#13374);
#13373 = CARTESIAN_POINT('',(0.,0.,0.));
#13374 = VECTOR('',#13375,1.);
#13375 = DIRECTION('',(-0.,1.,0.));
#13376 = ORIENTED_EDGE('',*,*,#13377,.T.);
#13377 = EDGE_CURVE('',#13370,#13378,#13380,.T.);
#13378 = VERTEX_POINT('',#13379);
#13379 = CARTESIAN_POINT('',(0.,1.5,2.5));
#13380 = LINE('',#13381,#13382);
#13381 = CARTESIAN_POINT('',(0.,1.5,0.));
#13382 = VECTOR('',#13383,1.);
#13383 = DIRECTION('',(0.,0.,1.));
#13384 = ORIENTED_EDGE('',*,*,#13385,.F.);
#13385 = EDGE_CURVE('',#13362,#13378,#13386,.T.);
#13386 = LINE('',#13387,#13388);
#13387 = CARTESIAN_POINT('',(0.,0.,2.5));
#13388 = VECTOR('',#13389,1.);
#13389 = DIRECTION('',(-0.,1.,0.));
#13390 = PLANE('',#13391);
#13391 = AXIS2_PLACEMENT_3D('',#13392,#13393,#13394);
#13392 = CARTESIAN_POINT('',(0.,0.,0.));
#13393 = DIRECTION('',(1.,0.,-0.));
#13394 = DIRECTION('',(0.,0.,1.));
#13395 = ADVANCED_FACE('',(#13396),#13430,.T.);
#13396 = FACE_BOUND('',#13397,.T.);
#13397 = EDGE_LOOP('',(#13398,#13408,#13416,#13424));
#13398 = ORIENTED_EDGE('',*,*,#13399,.F.);
#13399 = EDGE_CURVE('',#13400,#13402,#13404,.T.);
#13400 = VERTEX_POINT('',#13401);
#13401 = CARTESIAN_POINT('',(2.5,0.,0.));
#13402 = VERTEX_POINT('',#13403);
#13403 = CARTESIAN_POINT('',(2.5,0.,2.5));
#13404 = LINE('',#13405,#13406);
#13405 = CARTESIAN_POINT('',(2.5,0.,0.));
#13406 = VECTOR('',#13407,1.);
#13407 = DIRECTION('',(0.,0.,1.));
#13408 = ORIENTED_EDGE('',*,*,#13409,.T.);
#13409 = EDGE_CURVE('',#13400,#13410,#13412,.T.);
#13410 = VERTEX_POINT('',#13411);
#13411 = CARTESIAN_POINT('',(2.5,1.5,0.));
#13412 = LINE('',#13413,#13414);
#13413 = CARTESIAN_POINT('',(2.5,0.,0.));
#13414 = VECTOR('',#13415,1.);
#13415 = DIRECTION('',(-0.,1.,0.));
#13416 = ORIENTED_EDGE('',*,*,#13417,.T.);
#13417 = EDGE_CURVE('',#13410,#13418,#13420,.T.);
#13418 = VERTEX_POINT('',#13419);
#13419 = CARTESIAN_POINT('',(2.5,1.5,2.5));
#13420 = LINE('',#13421,#13422);
#13421 = CARTESIAN_POINT('',(2.5,1.5,0.));
#13422 = VECTOR('',#13423,1.);
#13423 = DIRECTION('',(0.,0.,1.));
#13424 = ORIENTED_EDGE('',*,*,#13425,.F.);
#13425 = EDGE_CURVE('',#13402,#13418,#13426,.T.);
#13426 = LINE('',#13427,#13428);
#13427 = CARTESIAN_POINT('',(2.5,0.,2.5));
#13428 = VECTOR('',#13429,1.);
#13429 = DIRECTION('',(-0.,1.,0.));
#13430 = PLANE('',#13431);
#13431 = AXIS2_PLACEMENT_3D('',#13432,#13433,#13434);
#13432 = CARTESIAN_POINT('',(2.5,0.,0.));
#13433 = DIRECTION('',(1.,0.,-0.));
#13434 = DIRECTION('',(0.,0.,1.));
#13435 = ADVANCED_FACE('',(#13436),#13452,.F.);
#13436 = FACE_BOUND('',#13437,.F.);
#13437 = EDGE_LOOP('',(#13438,#13444,#13445,#13451));
#13438 = ORIENTED_EDGE('',*,*,#13439,.F.);
#13439 = EDGE_CURVE('',#13360,#13400,#13440,.T.);
#13440 = LINE('',#13441,#13442);
#13441 = CARTESIAN_POINT('',(0.,0.,0.));
#13442 = VECTOR('',#13443,1.);
#13443 = DIRECTION('',(1.,0.,-0.));
#13444 = ORIENTED_EDGE('',*,*,#13359,.T.);
#13445 = ORIENTED_EDGE('',*,*,#13446,.T.);
#13446 = EDGE_CURVE('',#13362,#13402,#13447,.T.);
#13447 = LINE('',#13448,#13449);
#13448 = CARTESIAN_POINT('',(0.,0.,2.5));
#13449 = VECTOR('',#13450,1.);
#13450 = DIRECTION('',(1.,0.,-0.));
#13451 = ORIENTED_EDGE('',*,*,#13399,.F.);
#13452 = PLANE('',#13453);
#13453 = AXIS2_PLACEMENT_3D('',#13454,#13455,#13456);
#13454 = CARTESIAN_POINT('',(0.,0.,0.));
#13455 = DIRECTION('',(-0.,1.,0.));
#13456 = DIRECTION('',(0.,0.,1.));
#13457 = ADVANCED_FACE('',(#13458),#13474,.T.);
#13458 = FACE_BOUND('',#13459,.T.);
#13459 = EDGE_LOOP('',(#13460,#13466,#13467,#13473));
#13460 = ORIENTED_EDGE('',*,*,#13461,.F.);
#13461 = EDGE_CURVE('',#13370,#13410,#13462,.T.);
#13462 = LINE('',#13463,#13464);
#13463 = CARTESIAN_POINT('',(0.,1.5,0.));
#13464 = VECTOR('',#13465,1.);
#13465 = DIRECTION('',(1.,0.,-0.));
#13466 = ORIENTED_EDGE('',*,*,#13377,.T.);
#13467 = ORIENTED_EDGE('',*,*,#13468,.T.);
#13468 = EDGE_CURVE('',#13378,#13418,#13469,.T.);
#13469 = LINE('',#13470,#13471);
#13470 = CARTESIAN_POINT('',(0.,1.5,2.5));
#13471 = VECTOR('',#13472,1.);
#13472 = DIRECTION('',(1.,0.,-0.));
#13473 = ORIENTED_EDGE('',*,*,#13417,.F.);
#13474 = PLANE('',#13475);
#13475 = AXIS2_PLACEMENT_3D('',#13476,#13477,#13478);
#13476 = CARTESIAN_POINT('',(0.,1.5,0.));
#13477 = DIRECTION('',(-0.,1.,0.));
#13478 = DIRECTION('',(0.,0.,1.));
#13479 = ADVANCED_FACE('',(#13480),#13486,.F.);
#13480 = FACE_BOUND('',#13481,.F.);
#13481 = EDGE_LOOP('',(#13482,#13483,#13484,#13485));
#13482 = ORIENTED_EDGE('',*,*,#13369,.F.);
#13483 = ORIENTED_EDGE('',*,*,#13439,.T.);
#13484 = ORIENTED_EDGE('',*,*,#13409,.T.);
#13485 = ORIENTED_EDGE('',*,*,#13461,.F.);
#13486 = PLANE('',#13487);
#13487 = AXIS2_PLACEMENT_3D('',#13488,#13489,#13490);
#13488 = CARTESIAN_POINT('',(0.,0.,0.));
#13489 = DIRECTION('',(0.,0.,1.));
#13490 = DIRECTION('',(1.,0.,-0.));
#13491 = ADVANCED_FACE('',(#13492),#13498,.T.);
#13492 = FACE_BOUND('',#13493,.T.);
#13493 = EDGE_LOOP('',(#13494,#13495,#13496,#13497));
#13494 = ORIENTED_EDGE('',*,*,#13385,.F.);
#13495 = ORIENTED_EDGE('',*,*,#13446,.T.);
#13496 = ORIENTED_EDGE('',*,*,#13425,.T.);
#13497 = ORIENTED_EDGE('',*,*,#13468,.F.);
#13498 = PLANE('',#13499);
#13499 = AXIS2_PLACEMENT_3D('',#13500,#13501,#13502);
#13500 = CARTESIAN_POINT('',(0.,0.,2.5));
#13501 = DIRECTION('',(0.,0.,1.));
#13502 = DIRECTION('',(1.,0.,-0.));
#13503 = ( GEOMETRIC_REPRESENTATION_CONTEXT(3) 
GLOBAL_UNCERTAINTY_ASSIGNED_CONTEXT((#13507)) 
GLOBAL_UNIT_ASSIGNED_CONTEXT((#13504,#13505,#13506)) 
REPRESENTATION_CONTEXT('Context #1',
  '3D Context with UNIT and UNCERTAINTY') );
#13504 = ( LENGTH_UNIT() NAMED_UNIT(*) SI_UNIT(.MILLI.,.METRE.) );
#13505 = ( NAMED_UNIT(*) PLANE_ANGLE_UNIT() SI_UNIT($,.RADIAN.) );
#13506 = ( NAMED_UNIT(*) SI_UNIT($,.STERADIAN.) SOLID_ANGLE_UNIT() );
#13507 = UNCERTAINTY_MEASURE_WITH_UNIT(LENGTH_MEASURE(1.E-07),#13504,
  'distance_accuracy_value','confusion accuracy');
#13508 = CONTEXT_DEPENDENT_SHAPE_REPRESENTATION(#13509,#13511);
#13509 = ( REPRESENTATION_RELATIONSHIP('','',#13352,#10) 
REPRESENTATION_RELATIONSHIP_WITH_TRANSFORMATION(#13510) 
SHAPE_REPRESENTATION_RELATIONSHIP() );
#13510 = ITEM_DEFINED_TRANSFORMATION('','',#11,#119);
#13511 = PRODUCT_DEFINITION_SHAPE('Placement','Placement of an item',
  #13512);
#13512 = NEXT_ASSEMBLY_USAGE_OCCURRENCE('79','SMD_Capacitor_1','',#5,
  #13347,$);
#13513 = PRODUCT_RELATED_PRODUCT_CATEGORY('part',$,(#13349));
#13514 = SHAPE_DEFINITION_REPRESENTATION(#13515,#13521);
#13515 = PRODUCT_DEFINITION_SHAPE('','',#13516);
#13516 = PRODUCT_DEFINITION('design','',#13517,#13520);
#13517 = PRODUCT_DEFINITION_FORMATION('','',#13518);
#13518 = PRODUCT('SMD_Resistor_2','SMD_Resistor_2','',(#13519));
#13519 = PRODUCT_CONTEXT('',#2,'mechanical');
#13520 = PRODUCT_DEFINITION_CONTEXT('part definition',#2,'design');
#13521 = ADVANCED_BREP_SHAPE_REPRESENTATION('',(#11,#13522),#13672);
#13522 = MANIFOLD_SOLID_BREP('',#13523);
#13523 = CLOSED_SHELL('',(#13524,#13564,#13604,#13626,#13648,#13660));
#13524 = ADVANCED_FACE('',(#13525),#13559,.F.);
#13525 = FACE_BOUND('',#13526,.F.);
#13526 = EDGE_LOOP('',(#13527,#13537,#13545,#13553));
#13527 = ORIENTED_EDGE('',*,*,#13528,.F.);
#13528 = EDGE_CURVE('',#13529,#13531,#13533,.T.);
#13529 = VERTEX_POINT('',#13530);
#13530 = CARTESIAN_POINT('',(0.,0.,0.));
#13531 = VERTEX_POINT('',#13532);
#13532 = CARTESIAN_POINT('',(0.,0.,1.));
#13533 = LINE('',#13534,#13535);
#13534 = CARTESIAN_POINT('',(0.,0.,0.));
#13535 = VECTOR('',#13536,1.);
#13536 = DIRECTION('',(0.,0.,1.));
#13537 = ORIENTED_EDGE('',*,*,#13538,.T.);
#13538 = EDGE_CURVE('',#13529,#13539,#13541,.T.);
#13539 = VERTEX_POINT('',#13540);
#13540 = CARTESIAN_POINT('',(0.,1.2,0.));
#13541 = LINE('',#13542,#13543);
#13542 = CARTESIAN_POINT('',(0.,0.,0.));
#13543 = VECTOR('',#13544,1.);
#13544 = DIRECTION('',(-0.,1.,0.));
#13545 = ORIENTED_EDGE('',*,*,#13546,.T.);
#13546 = EDGE_CURVE('',#13539,#13547,#13549,.T.);
#13547 = VERTEX_POINT('',#13548);
#13548 = CARTESIAN_POINT('',(0.,1.2,1.));
#13549 = LINE('',#13550,#13551);
#13550 = CARTESIAN_POINT('',(0.,1.2,0.));
#13551 = VECTOR('',#13552,1.);
#13552 = DIRECTION('',(0.,0.,1.));
#13553 = ORIENTED_EDGE('',*,*,#13554,.F.);
#13554 = EDGE_CURVE('',#13531,#13547,#13555,.T.);
#13555 = LINE('',#13556,#13557);
#13556 = CARTESIAN_POINT('',(0.,0.,1.));
#13557 = VECTOR('',#13558,1.);
#13558 = DIRECTION('',(-0.,1.,0.));
#13559 = PLANE('',#13560);
#13560 = AXIS2_PLACEMENT_3D('',#13561,#13562,#13563);
#13561 = CARTESIAN_POINT('',(0.,0.,0.));
#13562 = DIRECTION('',(1.,0.,-0.));
#13563 = DIRECTION('',(0.,0.,1.));
#13564 = ADVANCED_FACE('',(#13565),#13599,.T.);
#13565 = FACE_BOUND('',#13566,.T.);
#13566 = EDGE_LOOP('',(#13567,#13577,#13585,#13593));
#13567 = ORIENTED_EDGE('',*,*,#13568,.F.);
#13568 = EDGE_CURVE('',#13569,#13571,#13573,.T.);
#13569 = VERTEX_POINT('',#13570);
#13570 = CARTESIAN_POINT('',(2.,0.,0.));
#13571 = VERTEX_POINT('',#13572);
#13572 = CARTESIAN_POINT('',(2.,0.,1.));
#13573 = LINE('',#13574,#13575);
#13574 = CARTESIAN_POINT('',(2.,0.,0.));
#13575 = VECTOR('',#13576,1.);
#13576 = DIRECTION('',(0.,0.,1.));
#13577 = ORIENTED_EDGE('',*,*,#13578,.T.);
#13578 = EDGE_CURVE('',#13569,#13579,#13581,.T.);
#13579 = VERTEX_POINT('',#13580);
#13580 = CARTESIAN_POINT('',(2.,1.2,0.));
#13581 = LINE('',#13582,#13583);
#13582 = CARTESIAN_POINT('',(2.,0.,0.));
#13583 = VECTOR('',#13584,1.);
#13584 = DIRECTION('',(-0.,1.,0.));
#13585 = ORIENTED_EDGE('',*,*,#13586,.T.);
#13586 = EDGE_CURVE('',#13579,#13587,#13589,.T.);
#13587 = VERTEX_POINT('',#13588);
#13588 = CARTESIAN_POINT('',(2.,1.2,1.));
#13589 = LINE('',#13590,#13591);
#13590 = CARTESIAN_POINT('',(2.,1.2,0.));
#13591 = VECTOR('',#13592,1.);
#13592 = DIRECTION('',(0.,0.,1.));
#13593 = ORIENTED_EDGE('',*,*,#13594,.F.);
#13594 = EDGE_CURVE('',#13571,#13587,#13595,.T.);
#13595 = LINE('',#13596,#13597);
#13596 = CARTESIAN_POINT('',(2.,0.,1.));
#13597 = VECTOR('',#13598,1.);
#13598 = DIRECTION('',(-0.,1.,0.));
#13599 = PLANE('',#13600);
#13600 = AXIS2_PLACEMENT_3D('',#13601,#13602,#13603);
#13601 = CARTESIAN_POINT('',(2.,0.,0.));
#13602 = DIRECTION('',(1.,0.,-0.));
#13603 = DIRECTION('',(0.,0.,1.));
#13604 = ADVANCED_FACE('',(#13605),#13621,.F.);
#13605 = FACE_BOUND('',#13606,.F.);
#13606 = EDGE_LOOP('',(#13607,#13613,#13614,#13620));
#13607 = ORIENTED_EDGE('',*,*,#13608,.F.);
#13608 = EDGE_CURVE('',#13529,#13569,#13609,.T.);
#13609 = LINE('',#13610,#13611);
#13610 = CARTESIAN_POINT('',(0.,0.,0.));
#13611 = VECTOR('',#13612,1.);
#13612 = DIRECTION('',(1.,0.,-0.));
#13613 = ORIENTED_EDGE('',*,*,#13528,.T.);
#13614 = ORIENTED_EDGE('',*,*,#13615,.T.);
#13615 = EDGE_CURVE('',#13531,#13571,#13616,.T.);
#13616 = LINE('',#13617,#13618);
#13617 = CARTESIAN_POINT('',(0.,0.,1.));
#13618 = VECTOR('',#13619,1.);
#13619 = DIRECTION('',(1.,0.,-0.));
#13620 = ORIENTED_EDGE('',*,*,#13568,.F.);
#13621 = PLANE('',#13622);
#13622 = AXIS2_PLACEMENT_3D('',#13623,#13624,#13625);
#13623 = CARTESIAN_POINT('',(0.,0.,0.));
#13624 = DIRECTION('',(-0.,1.,0.));
#13625 = DIRECTION('',(0.,0.,1.));
#13626 = ADVANCED_FACE('',(#13627),#13643,.T.);
#13627 = FACE_BOUND('',#13628,.T.);
#13628 = EDGE_LOOP('',(#13629,#13635,#13636,#13642));
#13629 = ORIENTED_EDGE('',*,*,#13630,.F.);
#13630 = EDGE_CURVE('',#13539,#13579,#13631,.T.);
#13631 = LINE('',#13632,#13633);
#13632 = CARTESIAN_POINT('',(0.,1.2,0.));
#13633 = VECTOR('',#13634,1.);
#13634 = DIRECTION('',(1.,0.,-0.));
#13635 = ORIENTED_EDGE('',*,*,#13546,.T.);
#13636 = ORIENTED_EDGE('',*,*,#13637,.T.);
#13637 = EDGE_CURVE('',#13547,#13587,#13638,.T.);
#13638 = LINE('',#13639,#13640);
#13639 = CARTESIAN_POINT('',(0.,1.2,1.));
#13640 = VECTOR('',#13641,1.);
#13641 = DIRECTION('',(1.,0.,-0.));
#13642 = ORIENTED_EDGE('',*,*,#13586,.F.);
#13643 = PLANE('',#13644);
#13644 = AXIS2_PLACEMENT_3D('',#13645,#13646,#13647);
#13645 = CARTESIAN_POINT('',(0.,1.2,0.));
#13646 = DIRECTION('',(-0.,1.,0.));
#13647 = DIRECTION('',(0.,0.,1.));
#13648 = ADVANCED_FACE('',(#13649),#13655,.F.);
#13649 = FACE_BOUND('',#13650,.F.);
#13650 = EDGE_LOOP('',(#13651,#13652,#13653,#13654));
#13651 = ORIENTED_EDGE('',*,*,#13538,.F.);
#13652 = ORIENTED_EDGE('',*,*,#13608,.T.);
#13653 = ORIENTED_EDGE('',*,*,#13578,.T.);
#13654 = ORIENTED_EDGE('',*,*,#13630,.F.);
#13655 = PLANE('',#13656);
#13656 = AXIS2_PLACEMENT_3D('',#13657,#13658,#13659);
#13657 = CARTESIAN_POINT('',(0.,0.,0.));
#13658 = DIRECTION('',(0.,0.,1.));
#13659 = DIRECTION('',(1.,0.,-0.));
#13660 = ADVANCED_FACE('',(#13661),#13667,.T.);
#13661 = FACE_BOUND('',#13662,.T.);
#13662 = EDGE_LOOP('',(#13663,#13664,#13665,#13666));
#13663 = ORIENTED_EDGE('',*,*,#13554,.F.);
#13664 = ORIENTED_EDGE('',*,*,#13615,.T.);
#13665 = ORIENTED_EDGE('',*,*,#13594,.T.);
#13666 = ORIENTED_EDGE('',*,*,#13637,.F.);
#13667 = PLANE('',#13668);
#13668 = AXIS2_PLACEMENT_3D('',#13669,#13670,#13671);
#13669 = CARTESIAN_POINT('',(0.,0.,1.));
#13670 = DIRECTION('',(0.,0.,1.));
#13671 = DIRECTION('',(1.,0.,-0.));
#13672 = ( GEOMETRIC_REPRESENTATION_CONTEXT(3) 
GLOBAL_UNCERTAINTY_ASSIGNED_CONTEXT((#13676)) 
GLOBAL_UNIT_ASSIGNED_CONTEXT((#13673,#13674,#13675)) 
REPRESENTATION_CONTEXT('Context #1',
  '3D Context with UNIT and UNCERTAINTY') );
#13673 = ( LENGTH_UNIT() NAMED_UNIT(*) SI_UNIT(.MILLI.,.METRE.) );
#13674 = ( NAMED_UNIT(*) PLANE_ANGLE_UNIT() SI_UNIT($,.RADIAN.) );
#13675 = ( NAMED_UNIT(*) SI_UNIT($,.STERADIAN.) SOLID_ANGLE_UNIT() );
#13676 = UNCERTAINTY_MEASURE_WITH_UNIT(LENGTH_MEASURE(1.E-07),#13673,
  'distance_accuracy_value','confusion accuracy');
#13677 = CONTEXT_DEPENDENT_SHAPE_REPRESENTATION(#13678,#13680);
#13678 = ( REPRESENTATION_RELATIONSHIP('','',#13521,#10) 
REPRESENTATION_RELATIONSHIP_WITH_TRANSFORMATION(#13679) 
SHAPE_REPRESENTATION_RELATIONSHIP() );
#13679 = ITEM_DEFINED_TRANSFORMATION('','',#11,#123);
#13680 = PRODUCT_DEFINITION_SHAPE('Placement','Placement of an item',
  #13681);
#13681 = NEXT_ASSEMBLY_USAGE_OCCURRENCE('80','SMD_Resistor_2','',#5,
  #13516,$);
#13682 = PRODUCT_RELATED_PRODUCT_CATEGORY('part',$,(#13518));
#13683 = SHAPE_DEFINITION_REPRESENTATION(#13684,#13690);
#13684 = PRODUCT_DEFINITION_SHAPE('','',#13685);
#13685 = PRODUCT_DEFINITION('design','',#13686,#13689);
#13686 = PRODUCT_DEFINITION_FORMATION('','',#13687);
#13687 = PRODUCT('SMD_Capacitor_2','SMD_Capacitor_2','',(#13688));
#13688 = PRODUCT_CONTEXT('',#2,'mechanical');
#13689 = PRODUCT_DEFINITION_CONTEXT('part definition',#2,'design');
#13690 = ADVANCED_BREP_SHAPE_REPRESENTATION('',(#11,#13691),#13841);
#13691 = MANIFOLD_SOLID_BREP('',#13692);
#13692 = CLOSED_SHELL('',(#13693,#13733,#13773,#13795,#13817,#13829));
#13693 = ADVANCED_FACE('',(#13694),#13728,.F.);
#13694 = FACE_BOUND('',#13695,.F.);
#13695 = EDGE_LOOP('',(#13696,#13706,#13714,#13722));
#13696 = ORIENTED_EDGE('',*,*,#13697,.F.);
#13697 = EDGE_CURVE('',#13698,#13700,#13702,.T.);
#13698 = VERTEX_POINT('',#13699);
#13699 = CARTESIAN_POINT('',(0.,0.,0.));
#13700 = VERTEX_POINT('',#13701);
#13701 = CARTESIAN_POINT('',(0.,0.,2.5));
#13702 = LINE('',#13703,#13704);
#13703 = CARTESIAN_POINT('',(0.,0.,0.));
#13704 = VECTOR('',#13705,1.);
#13705 = DIRECTION('',(0.,0.,1.));
#13706 = ORIENTED_EDGE('',*,*,#13707,.T.);
#13707 = EDGE_CURVE('',#13698,#13708,#13710,.T.);
#13708 = VERTEX_POINT('',#13709);
#13709 = CARTESIAN_POINT('',(0.,1.5,0.));
#13710 = LINE('',#13711,#13712);
#13711 = CARTESIAN_POINT('',(0.,0.,0.));
#13712 = VECTOR('',#13713,1.);
#13713 = DIRECTION('',(-0.,1.,0.));
#13714 = ORIENTED_EDGE('',*,*,#13715,.T.);
#13715 = EDGE_CURVE('',#13708,#13716,#13718,.T.);
#13716 = VERTEX_POINT('',#13717);
#13717 = CARTESIAN_POINT('',(0.,1.5,2.5));
#13718 = LINE('',#13719,#13720);
#13719 = CARTESIAN_POINT('',(0.,1.5,0.));
#13720 = VECTOR('',#13721,1.);
#13721 = DIRECTION('',(0.,0.,1.));
#13722 = ORIENTED_EDGE('',*,*,#13723,.F.);
#13723 = EDGE_CURVE('',#13700,#13716,#13724,.T.);
#13724 = LINE('',#13725,#13726);
#13725 = CARTESIAN_POINT('',(0.,0.,2.5));
#13726 = VECTOR('',#13727,1.);
#13727 = DIRECTION('',(-0.,1.,0.));
#13728 = PLANE('',#13729);
#13729 = AXIS2_PLACEMENT_3D('',#13730,#13731,#13732);
#13730 = CARTESIAN_POINT('',(0.,0.,0.));
#13731 = DIRECTION('',(1.,0.,-0.));
#13732 = DIRECTION('',(0.,0.,1.));
#13733 = ADVANCED_FACE('',(#13734),#13768,.T.);
#13734 = FACE_BOUND('',#13735,.T.);
#13735 = EDGE_LOOP('',(#13736,#13746,#13754,#13762));
#13736 = ORIENTED_EDGE('',*,*,#13737,.F.);
#13737 = EDGE_CURVE('',#13738,#13740,#13742,.T.);
#13738 = VERTEX_POINT('',#13739);
#13739 = CARTESIAN_POINT('',(2.5,0.,0.));
#13740 = VERTEX_POINT('',#13741);
#13741 = CARTESIAN_POINT('',(2.5,0.,2.5));
#13742 = LINE('',#13743,#13744);
#13743 = CARTESIAN_POINT('',(2.5,0.,0.));
#13744 = VECTOR('',#13745,1.);
#13745 = DIRECTION('',(0.,0.,1.));
#13746 = ORIENTED_EDGE('',*,*,#13747,.T.);
#13747 = EDGE_CURVE('',#13738,#13748,#13750,.T.);
#13748 = VERTEX_POINT('',#13749);
#13749 = CARTESIAN_POINT('',(2.5,1.5,0.));
#13750 = LINE('',#13751,#13752);
#13751 = CARTESIAN_POINT('',(2.5,0.,0.));
#13752 = VECTOR('',#13753,1.);
#13753 = DIRECTION('',(-0.,1.,0.));
#13754 = ORIENTED_EDGE('',*,*,#13755,.T.);
#13755 = EDGE_CURVE('',#13748,#13756,#13758,.T.);
#13756 = VERTEX_POINT('',#13757);
#13757 = CARTESIAN_POINT('',(2.5,1.5,2.5));
#13758 = LINE('',#13759,#13760);
#13759 = CARTESIAN_POINT('',(2.5,1.5,0.));
#13760 = VECTOR('',#13761,1.);
#13761 = DIRECTION('',(0.,0.,1.));
#13762 = ORIENTED_EDGE('',*,*,#13763,.F.);
#13763 = EDGE_CURVE('',#13740,#13756,#13764,.T.);
#13764 = LINE('',#13765,#13766);
#13765 = CARTESIAN_POINT('',(2.5,0.,2.5));
#13766 = VECTOR('',#13767,1.);
#13767 = DIRECTION('',(-0.,1.,0.));
#13768 = PLANE('',#13769);
#13769 = AXIS2_PLACEMENT_3D('',#13770,#13771,#13772);
#13770 = CARTESIAN_POINT('',(2.5,0.,0.));
#13771 = DIRECTION('',(1.,0.,-0.));
#13772 = DIRECTION('',(0.,0.,1.));
#13773 = ADVANCED_FACE('',(#13774),#13790,.F.);
#13774 = FACE_BOUND('',#13775,.F.);
#13775 = EDGE_LOOP('',(#13776,#13782,#13783,#13789));
#13776 = ORIENTED_EDGE('',*,*,#13777,.F.);
#13777 = EDGE_CURVE('',#13698,#13738,#13778,.T.);
#13778 = LINE('',#13779,#13780);
#13779 = CARTESIAN_POINT('',(0.,0.,0.));
#13780 = VECTOR('',#13781,1.);
#13781 = DIRECTION('',(1.,0.,-0.));
#13782 = ORIENTED_EDGE('',*,*,#13697,.T.);
#13783 = ORIENTED_EDGE('',*,*,#13784,.T.);
#13784 = EDGE_CURVE('',#13700,#13740,#13785,.T.);
#13785 = LINE('',#13786,#13787);
#13786 = CARTESIAN_POINT('',(0.,0.,2.5));
#13787 = VECTOR('',#13788,1.);
#13788 = DIRECTION('',(1.,0.,-0.));
#13789 = ORIENTED_EDGE('',*,*,#13737,.F.);
#13790 = PLANE('',#13791);
#13791 = AXIS2_PLACEMENT_3D('',#13792,#13793,#13794);
#13792 = CARTESIAN_POINT('',(0.,0.,0.));
#13793 = DIRECTION('',(-0.,1.,0.));
#13794 = DIRECTION('',(0.,0.,1.));
#13795 = ADVANCED_FACE('',(#13796),#13812,.T.);
#13796 = FACE_BOUND('',#13797,.T.);
#13797 = EDGE_LOOP('',(#13798,#13804,#13805,#13811));
#13798 = ORIENTED_EDGE('',*,*,#13799,.F.);
#13799 = EDGE_CURVE('',#13708,#13748,#13800,.T.);
#13800 = LINE('',#13801,#13802);
#13801 = CARTESIAN_POINT('',(0.,1.5,0.));
#13802 = VECTOR('',#13803,1.);
#13803 = DIRECTION('',(1.,0.,-0.));
#13804 = ORIENTED_EDGE('',*,*,#13715,.T.);
#13805 = ORIENTED_EDGE('',*,*,#13806,.T.);
#13806 = EDGE_CURVE('',#13716,#13756,#13807,.T.);
#13807 = LINE('',#13808,#13809);
#13808 = CARTESIAN_POINT('',(0.,1.5,2.5));
#13809 = VECTOR('',#13810,1.);
#13810 = DIRECTION('',(1.,0.,-0.));
#13811 = ORIENTED_EDGE('',*,*,#13755,.F.);
#13812 = PLANE('',#13813);
#13813 = AXIS2_PLACEMENT_3D('',#13814,#13815,#13816);
#13814 = CARTESIAN_POINT('',(0.,1.5,0.));
#13815 = DIRECTION('',(-0.,1.,0.));
#13816 = DIRECTION('',(0.,0.,1.));
#13817 = ADVANCED_FACE('',(#13818),#13824,.F.);
#13818 = FACE_BOUND('',#13819,.F.);
#13819 = EDGE_LOOP('',(#13820,#13821,#13822,#13823));
#13820 = ORIENTED_EDGE('',*,*,#13707,.F.);
#13821 = ORIENTED_EDGE('',*,*,#13777,.T.);
#13822 = ORIENTED_EDGE('',*,*,#13747,.T.);
#13823 = ORIENTED_EDGE('',*,*,#13799,.F.);
#13824 = PLANE('',#13825);
#13825 = AXIS2_PLACEMENT_3D('',#13826,#13827,#13828);
#13826 = CARTESIAN_POINT('',(0.,0.,0.));
#13827 = DIRECTION('',(0.,0.,1.));
#13828 = DIRECTION('',(1.,0.,-0.));
#13829 = ADVANCED_FACE('',(#13830),#13836,.T.);
#13830 = FACE_BOUND('',#13831,.T.);
#13831 = EDGE_LOOP('',(#13832,#13833,#13834,#13835));
#13832 = ORIENTED_EDGE('',*,*,#13723,.F.);
#13833 = ORIENTED_EDGE('',*,*,#13784,.T.);
#13834 = ORIENTED_EDGE('',*,*,#13763,.T.);
#13835 = ORIENTED_EDGE('',*,*,#13806,.F.);
#13836 = PLANE('',#13837);
#13837 = AXIS2_PLACEMENT_3D('',#13838,#13839,#13840);
#13838 = CARTESIAN_POINT('',(0.,0.,2.5));
#13839 = DIRECTION('',(0.,0.,1.));
#13840 = DIRECTION('',(1.,0.,-0.));
#13841 = ( GEOMETRIC_REPRESENTATION_CONTEXT(3) 
GLOBAL_UNCERTAINTY_ASSIGNED_CONTEXT((#13845)) 
GLOBAL_UNIT_ASSIGNED_CONTEXT((#13842,#13843,#13844)) 
REPRESENTATION_CONTEXT('Context #1',
  '3D Context with UNIT and UNCERTAINTY') );
#13842 = ( LENGTH_UNIT() NAMED_UNIT(*) SI_UNIT(.MILLI.,.METRE.) );
#13843 = ( NAMED_UNIT(*) PLANE_ANGLE_UNIT() SI_UNIT($,.RADIAN.) );
#13844 = ( NAMED_UNIT(*) SI_UNIT($,.STERADIAN.) SOLID_ANGLE_UNIT() );
#13845 = UNCERTAINTY_MEASURE_WITH_UNIT(LENGTH_MEASURE(1.E-07),#13842,
  'distance_accuracy_value','confusion accuracy');
#13846 = CONTEXT_DEPENDENT_SHAPE_REPRESENTATION(#13847,#13849);
#13847 = ( REPRESENTATION_RELATIONSHIP('','',#13690,#10) 
REPRESENTATION_RELATIONSHIP_WITH_TRANSFORMATION(#13848) 
SHAPE_REPRESENTATION_RELATIONSHIP() );
#13848 = ITEM_DEFINED_TRANSFORMATION('','',#11,#127);
#13849 = PRODUCT_DEFINITION_SHAPE('Placement','Placement of an item',
  #13850);
#13850 = NEXT_ASSEMBLY_USAGE_OCCURRENCE('81','SMD_Capacitor_2','',#5,
  #13685,$);
#13851 = PRODUCT_RELATED_PRODUCT_CATEGORY('part',$,(#13687));
#13852 = SHAPE_DEFINITION_REPRESENTATION(#13853,#13859);
#13853 = PRODUCT_DEFINITION_SHAPE('','',#13854);
#13854 = PRODUCT_DEFINITION('design','',#13855,#13858);
#13855 = PRODUCT_DEFINITION_FORMATION('','',#13856);
#13856 = PRODUCT('SMD_Resistor_3','SMD_Resistor_3','',(#13857));
#13857 = PRODUCT_CONTEXT('',#2,'mechanical');
#13858 = PRODUCT_DEFINITION_CONTEXT('part definition',#2,'design');
#13859 = ADVANCED_BREP_SHAPE_REPRESENTATION('',(#11,#13860),#14010);
#13860 = MANIFOLD_SOLID_BREP('',#13861);
#13861 = CLOSED_SHELL('',(#13862,#13902,#13942,#13964,#13986,#13998));
#13862 = ADVANCED_FACE('',(#13863),#13897,.F.);
#13863 = FACE_BOUND('',#13864,.F.);
#13864 = EDGE_LOOP('',(#13865,#13875,#13883,#13891));
#13865 = ORIENTED_EDGE('',*,*,#13866,.F.);
#13866 = EDGE_CURVE('',#13867,#13869,#13871,.T.);
#13867 = VERTEX_POINT('',#13868);
#13868 = CARTESIAN_POINT('',(0.,0.,0.));
#13869 = VERTEX_POINT('',#13870);
#13870 = CARTESIAN_POINT('',(0.,0.,1.));
#13871 = LINE('',#13872,#13873);
#13872 = CARTESIAN_POINT('',(0.,0.,0.));
#13873 = VECTOR('',#13874,1.);
#13874 = DIRECTION('',(0.,0.,1.));
#13875 = ORIENTED_EDGE('',*,*,#13876,.T.);
#13876 = EDGE_CURVE('',#13867,#13877,#13879,.T.);
#13877 = VERTEX_POINT('',#13878);
#13878 = CARTESIAN_POINT('',(0.,1.2,0.));
#13879 = LINE('',#13880,#13881);
#13880 = CARTESIAN_POINT('',(0.,0.,0.));
#13881 = VECTOR('',#13882,1.);
#13882 = DIRECTION('',(-0.,1.,0.));
#13883 = ORIENTED_EDGE('',*,*,#13884,.T.);
#13884 = EDGE_CURVE('',#13877,#13885,#13887,.T.);
#13885 = VERTEX_POINT('',#13886);
#13886 = CARTESIAN_POINT('',(0.,1.2,1.));
#13887 = LINE('',#13888,#13889);
#13888 = CARTESIAN_POINT('',(0.,1.2,0.));
#13889 = VECTOR('',#13890,1.);
#13890 = DIRECTION('',(0.,0.,1.));
#13891 = ORIENTED_EDGE('',*,*,#13892,.F.);
#13892 = EDGE_CURVE('',#13869,#13885,#13893,.T.);
#13893 = LINE('',#13894,#13895);
#13894 = CARTESIAN_POINT('',(0.,0.,1.));
#13895 = VECTOR('',#13896,1.);
#13896 = DIRECTION('',(-0.,1.,0.));
#13897 = PLANE('',#13898);
#13898 = AXIS2_PLACEMENT_3D('',#13899,#13900,#13901);
#13899 = CARTESIAN_POINT('',(0.,0.,0.));
#13900 = DIRECTION('',(1.,0.,-0.));
#13901 = DIRECTION('',(0.,0.,1.));
#13902 = ADVANCED_FACE('',(#13903),#13937,.T.);
#13903 = FACE_BOUND('',#13904,.T.);
#13904 = EDGE_LOOP('',(#13905,#13915,#13923,#13931));
#13905 = ORIENTED_EDGE('',*,*,#13906,.F.);
#13906 = EDGE_CURVE('',#13907,#13909,#13911,.T.);
#13907 = VERTEX_POINT('',#13908);
#13908 = CARTESIAN_POINT('',(2.,0.,0.));
#13909 = VERTEX_POINT('',#13910);
#13910 = CARTESIAN_POINT('',(2.,0.,1.));
#13911 = LINE('',#13912,#13913);
#13912 = CARTESIAN_POINT('',(2.,0.,0.));
#13913 = VECTOR('',#13914,1.);
#13914 = DIRECTION('',(0.,0.,1.));
#13915 = ORIENTED_EDGE('',*,*,#13916,.T.);
#13916 = EDGE_CURVE('',#13907,#13917,#13919,.T.);
#13917 = VERTEX_POINT('',#13918);
#13918 = CARTESIAN_POINT('',(2.,1.2,0.));
#13919 = LINE('',#13920,#13921);
#13920 = CARTESIAN_POINT('',(2.,0.,0.));
#13921 = VECTOR('',#13922,1.);
#13922 = DIRECTION('',(-0.,1.,0.));
#13923 = ORIENTED_EDGE('',*,*,#13924,.T.);
#13924 = EDGE_CURVE('',#13917,#13925,#13927,.T.);
#13925 = VERTEX_POINT('',#13926);
#13926 = CARTESIAN_POINT('',(2.,1.2,1.));
#13927 = LINE('',#13928,#13929);
#13928 = CARTESIAN_POINT('',(2.,1.2,0.));
#13929 = VECTOR('',#13930,1.);
#13930 = DIRECTION('',(0.,0.,1.));
#13931 = ORIENTED_EDGE('',*,*,#13932,.F.);
#13932 = EDGE_CURVE('',#13909,#13925,#13933,.T.);
#13933 = LINE('',#13934,#13935);
#13934 = CARTESIAN_POINT('',(2.,0.,1.));
#13935 = VECTOR('',#13936,1.);
#13936 = DIRECTION('',(-0.,1.,0.));
#13937 = PLANE('',#13938);
#13938 = AXIS2_PLACEMENT_3D('',#13939,#13940,#13941);
#13939 = CARTESIAN_POINT('',(2.,0.,0.));
#13940 = DIRECTION('',(1.,0.,-0.));
#13941 = DIRECTION('',(0.,0.,1.));
#13942 = ADVANCED_FACE('',(#13943),#13959,.F.);
#13943 = FACE_BOUND('',#13944,.F.);
#13944 = EDGE_LOOP('',(#13945,#13951,#13952,#13958));
#13945 = ORIENTED_EDGE('',*,*,#13946,.F.);
#13946 = EDGE_CURVE('',#13867,#13907,#13947,.T.);
#13947 = LINE('',#13948,#13949);
#13948 = CARTESIAN_POINT('',(0.,0.,0.));
#13949 = VECTOR('',#13950,1.);
#13950 = DIRECTION('',(1.,0.,-0.));
#13951 = ORIENTED_EDGE('',*,*,#13866,.T.);
#13952 = ORIENTED_EDGE('',*,*,#13953,.T.);
#13953 = EDGE_CURVE('',#13869,#13909,#13954,.T.);
#13954 = LINE('',#13955,#13956);
#13955 = CARTESIAN_POINT('',(0.,0.,1.));
#13956 = VECTOR('',#13957,1.);
#13957 = DIRECTION('',(1.,0.,-0.));
#13958 = ORIENTED_EDGE('',*,*,#13906,.F.);
#13959 = PLANE('',#13960);
#13960 = AXIS2_PLACEMENT_3D('',#13961,#13962,#13963);
#13961 = CARTESIAN_POINT('',(0.,0.,0.));
#13962 = DIRECTION('',(-0.,1.,0.));
#13963 = DIRECTION('',(0.,0.,1.));
#13964 = ADVANCED_FACE('',(#13965),#13981,.T.);
#13965 = FACE_BOUND('',#13966,.T.);
#13966 = EDGE_LOOP('',(#13967,#13973,#13974,#13980));
#13967 = ORIENTED_EDGE('',*,*,#13968,.F.);
#13968 = EDGE_CURVE('',#13877,#13917,#13969,.T.);
#13969 = LINE('',#13970,#13971);
#13970 = CARTESIAN_POINT('',(0.,1.2,0.));
#13971 = VECTOR('',#13972,1.);
#13972 = DIRECTION('',(1.,0.,-0.));
#13973 = ORIENTED_EDGE('',*,*,#13884,.T.);
#13974 = ORIENTED_EDGE('',*,*,#13975,.T.);
#13975 = EDGE_CURVE('',#13885,#13925,#13976,.T.);
#13976 = LINE('',#13977,#13978);
#13977 = CARTESIAN_POINT('',(0.,1.2,1.));
#13978 = VECTOR('',#13979,1.);
#13979 = DIRECTION('',(1.,0.,-0.));
#13980 = ORIENTED_EDGE('',*,*,#13924,.F.);
#13981 = PLANE('',#13982);
#13982 = AXIS2_PLACEMENT_3D('',#13983,#13984,#13985);
#13983 = CARTESIAN_POINT('',(0.,1.2,0.));
#13984 = DIRECTION('',(-0.,1.,0.));
#13985 = DIRECTION('',(0.,0.,1.));
#13986 = ADVANCED_FACE('',(#13987),#13993,.F.);
#13987 = FACE_BOUND('',#13988,.F.);
#13988 = EDGE_LOOP('',(#13989,#13990,#13991,#13992));
#13989 = ORIENTED_EDGE('',*,*,#13876,.F.);
#13990 = ORIENTED_EDGE('',*,*,#13946,.T.);
#13991 = ORIENTED_EDGE('',*,*,#13916,.T.);
#13992 = ORIENTED_EDGE('',*,*,#13968,.F.);
#13993 = PLANE('',#13994);
#13994 = AXIS2_PLACEMENT_3D('',#13995,#13996,#13997);
#13995 = CARTESIAN_POINT('',(0.,0.,0.));
#13996 = DIRECTION('',(0.,0.,1.));
#13997 = DIRECTION('',(1.,0.,-0.));
#13998 = ADVANCED_FACE('',(#13999),#14005,.T.);
#13999 = FACE_BOUND('',#14000,.T.);
#14000 = EDGE_LOOP('',(#14001,#14002,#14003,#14004));
#14001 = ORIENTED_EDGE('',*,*,#13892,.F.);
#14002 = ORIENTED_EDGE('',*,*,#13953,.T.);
#14003 = ORIENTED_EDGE('',*,*,#13932,.T.);
#14004 = ORIENTED_EDGE('',*,*,#13975,.F.);
#14005 = PLANE('',#14006);
#14006 = AXIS2_PLACEMENT_3D('',#14007,#14008,#14009);
#14007 = CARTESIAN_POINT('',(0.,0.,1.));
#14008 = DIRECTION('',(0.,0.,1.));
#14009 = DIRECTION('',(1.,0.,-0.));
#14010 = ( GEOMETRIC_REPRESENTATION_CONTEXT(3) 
GLOBAL_UNCERTAINTY_ASSIGNED_CONTEXT((#14014)) 
GLOBAL_UNIT_ASSIGNED_CONTEXT((#14011,#14012,#14013)) 
REPRESENTATION_CONTEXT('Context #1',
  '3D Context with UNIT and UNCERTAINTY') );
#14011 = ( LENGTH_UNIT() NAMED_UNIT(*) SI_UNIT(.MILLI.,.METRE.) );
#14012 = ( NAMED_UNIT(*) PLANE_ANGLE_UNIT() SI_UNIT($,.RADIAN.) );
#14013 = ( NAMED_UNIT(*) SI_UNIT($,.STERADIAN.) SOLID_ANGLE_UNIT() );
#14014 = UNCERTAINTY_MEASURE_WITH_UNIT(LENGTH_MEASURE(1.E-07),#14011,
  'distance_accuracy_value','confusion accuracy');
#14015 = CONTEXT_DEPENDENT_SHAPE_REPRESENTATION(#14016,#14018);
#14016 = ( REPRESENTATION_RELATIONSHIP('','',#13859,#10) 
REPRESENTATION_RELATIONSHIP_WITH_TRANSFORMATION(#14017) 
SHAPE_REPRESENTATION_RELATIONSHIP() );
#14017 = ITEM_DEFINED_TRANSFORMATION('','',#11,#131);
#14018 = PRODUCT_DEFINITION_SHAPE('Placement','Placement of an item',
  #14019);
#14019 = NEXT_ASSEMBLY_USAGE_OCCURRENCE('82','SMD_Resistor_3','',#5,
  #13854,$);
#14020 = PRODUCT_RELATED_PRODUCT_CATEGORY('part',$,(#13856));
#14021 = SHAPE_DEFINITION_REPRESENTATION(#14022,#14028);
#14022 = PRODUCT_DEFINITION_SHAPE('','',#14023);
#14023 = PRODUCT_DEFINITION('design','',#14024,#14027);
#14024 = PRODUCT_DEFINITION_FORMATION('','',#14025);
#14025 = PRODUCT('SMD_Capacitor_3','SMD_Capacitor_3','',(#14026));
#14026 = PRODUCT_CONTEXT('',#2,'mechanical');
#14027 = PRODUCT_DEFINITION_CONTEXT('part definition',#2,'design');
#14028 = ADVANCED_BREP_SHAPE_REPRESENTATION('',(#11,#14029),#14179);
#14029 = MANIFOLD_SOLID_BREP('',#14030);
#14030 = CLOSED_SHELL('',(#14031,#14071,#14111,#14133,#14155,#14167));
#14031 = ADVANCED_FACE('',(#14032),#14066,.F.);
#14032 = FACE_BOUND('',#14033,.F.);
#14033 = EDGE_LOOP('',(#14034,#14044,#14052,#14060));
#14034 = ORIENTED_EDGE('',*,*,#14035,.F.);
#14035 = EDGE_CURVE('',#14036,#14038,#14040,.T.);
#14036 = VERTEX_POINT('',#14037);
#14037 = CARTESIAN_POINT('',(0.,0.,0.));
#14038 = VERTEX_POINT('',#14039);
#14039 = CARTESIAN_POINT('',(0.,0.,2.5));
#14040 = LINE('',#14041,#14042);
#14041 = CARTESIAN_POINT('',(0.,0.,0.));
#14042 = VECTOR('',#14043,1.);
#14043 = DIRECTION('',(0.,0.,1.));
#14044 = ORIENTED_EDGE('',*,*,#14045,.T.);
#14045 = EDGE_CURVE('',#14036,#14046,#14048,.T.);
#14046 = VERTEX_POINT('',#14047);
#14047 = CARTESIAN_POINT('',(0.,1.5,0.));
#14048 = LINE('',#14049,#14050);
#14049 = CARTESIAN_POINT('',(0.,0.,0.));
#14050 = VECTOR('',#14051,1.);
#14051 = DIRECTION('',(-0.,1.,0.));
#14052 = ORIENTED_EDGE('',*,*,#14053,.T.);
#14053 = EDGE_CURVE('',#14046,#14054,#14056,.T.);
#14054 = VERTEX_POINT('',#14055);
#14055 = CARTESIAN_POINT('',(0.,1.5,2.5));
#14056 = LINE('',#14057,#14058);
#14057 = CARTESIAN_POINT('',(0.,1.5,0.));
#14058 = VECTOR('',#14059,1.);
#14059 = DIRECTION('',(0.,0.,1.));
#14060 = ORIENTED_EDGE('',*,*,#14061,.F.);
#14061 = EDGE_CURVE('',#14038,#14054,#14062,.T.);
#14062 = LINE('',#14063,#14064);
#14063 = CARTESIAN_POINT('',(0.,0.,2.5));
#14064 = VECTOR('',#14065,1.);
#14065 = DIRECTION('',(-0.,1.,0.));
#14066 = PLANE('',#14067);
#14067 = AXIS2_PLACEMENT_3D('',#14068,#14069,#14070);
#14068 = CARTESIAN_POINT('',(0.,0.,0.));
#14069 = DIRECTION('',(1.,0.,-0.));
#14070 = DIRECTION('',(0.,0.,1.));
#14071 = ADVANCED_FACE('',(#14072),#14106,.T.);
#14072 = FACE_BOUND('',#14073,.T.);
#14073 = EDGE_LOOP('',(#14074,#14084,#14092,#14100));
#14074 = ORIENTED_EDGE('',*,*,#14075,.F.);
#14075 = EDGE_CURVE('',#14076,#14078,#14080,.T.);
#14076 = VERTEX_POINT('',#14077);
#14077 = CARTESIAN_POINT('',(2.5,0.,0.));
#14078 = VERTEX_POINT('',#14079);
#14079 = CARTESIAN_POINT('',(2.5,0.,2.5));
#14080 = LINE('',#14081,#14082);
#14081 = CARTESIAN_POINT('',(2.5,0.,0.));
#14082 = VECTOR('',#14083,1.);
#14083 = DIRECTION('',(0.,0.,1.));
#14084 = ORIENTED_EDGE('',*,*,#14085,.T.);
#14085 = EDGE_CURVE('',#14076,#14086,#14088,.T.);
#14086 = VERTEX_POINT('',#14087);
#14087 = CARTESIAN_POINT('',(2.5,1.5,0.));
#14088 = LINE('',#14089,#14090);
#14089 = CARTESIAN_POINT('',(2.5,0.,0.));
#14090 = VECTOR('',#14091,1.);
#14091 = DIRECTION('',(-0.,1.,0.));
#14092 = ORIENTED_EDGE('',*,*,#14093,.T.);
#14093 = EDGE_CURVE('',#14086,#14094,#14096,.T.);
#14094 = VERTEX_POINT('',#14095);
#14095 = CARTESIAN_POINT('',(2.5,1.5,2.5));
#14096 = LINE('',#14097,#14098);
#14097 = CARTESIAN_POINT('',(2.5,1.5,0.));
#14098 = VECTOR('',#14099,1.);
#14099 = DIRECTION('',(0.,0.,1.));
#14100 = ORIENTED_EDGE('',*,*,#14101,.F.);
#14101 = EDGE_CURVE('',#14078,#14094,#14102,.T.);
#14102 = LINE('',#14103,#14104);
#14103 = CARTESIAN_POINT('',(2.5,0.,2.5));
#14104 = VECTOR('',#14105,1.);
#14105 = DIRECTION('',(-0.,1.,0.));
#14106 = PLANE('',#14107);
#14107 = AXIS2_PLACEMENT_3D('',#14108,#14109,#14110);
#14108 = CARTESIAN_POINT('',(2.5,0.,0.));
#14109 = DIRECTION('',(1.,0.,-0.));
#14110 = DIRECTION('',(0.,0.,1.));
#14111 = ADVANCED_FACE('',(#14112),#14128,.F.);
#14112 = FACE_BOUND('',#14113,.F.);
#14113 = EDGE_LOOP('',(#14114,#14120,#14121,#14127));
#14114 = ORIENTED_EDGE('',*,*,#14115,.F.);
#14115 = EDGE_CURVE('',#14036,#14076,#14116,.T.);
#14116 = LINE('',#14117,#14118);
#14117 = CARTESIAN_POINT('',(0.,0.,0.));
#14118 = VECTOR('',#14119,1.);
#14119 = DIRECTION('',(1.,0.,-0.));
#14120 = ORIENTED_EDGE('',*,*,#14035,.T.);
#14121 = ORIENTED_EDGE('',*,*,#14122,.T.);
#14122 = EDGE_CURVE('',#14038,#14078,#14123,.T.);
#14123 = LINE('',#14124,#14125);
#14124 = CARTESIAN_POINT('',(0.,0.,2.5));
#14125 = VECTOR('',#14126,1.);
#14126 = DIRECTION('',(1.,0.,-0.));
#14127 = ORIENTED_EDGE('',*,*,#14075,.F.);
#14128 = PLANE('',#14129);
#14129 = AXIS2_PLACEMENT_3D('',#14130,#14131,#14132);
#14130 = CARTESIAN_POINT('',(0.,0.,0.));
#14131 = DIRECTION('',(-0.,1.,0.));
#14132 = DIRECTION('',(0.,0.,1.));
#14133 = ADVANCED_FACE('',(#14134),#14150,.T.);
#14134 = FACE_BOUND('',#14135,.T.);
#14135 = EDGE_LOOP('',(#14136,#14142,#14143,#14149));
#14136 = ORIENTED_EDGE('',*,*,#14137,.F.);
#14137 = EDGE_CURVE('',#14046,#14086,#14138,.T.);
#14138 = LINE('',#14139,#14140);
#14139 = CARTESIAN_POINT('',(0.,1.5,0.));
#14140 = VECTOR('',#14141,1.);
#14141 = DIRECTION('',(1.,0.,-0.));
#14142 = ORIENTED_EDGE('',*,*,#14053,.T.);
#14143 = ORIENTED_EDGE('',*,*,#14144,.T.);
#14144 = EDGE_CURVE('',#14054,#14094,#14145,.T.);
#14145 = LINE('',#14146,#14147);
#14146 = CARTESIAN_POINT('',(0.,1.5,2.5));
#14147 = VECTOR('',#14148,1.);
#14148 = DIRECTION('',(1.,0.,-0.));
#14149 = ORIENTED_EDGE('',*,*,#14093,.F.);
#14150 = PLANE('',#14151);
#14151 = AXIS2_PLACEMENT_3D('',#14152,#14153,#14154);
#14152 = CARTESIAN_POINT('',(0.,1.5,0.));
#14153 = DIRECTION('',(-0.,1.,0.));
#14154 = DIRECTION('',(0.,0.,1.));
#14155 = ADVANCED_FACE('',(#14156),#14162,.F.);
#14156 = FACE_BOUND('',#14157,.F.);
#14157 = EDGE_LOOP('',(#14158,#14159,#14160,#14161));
#14158 = ORIENTED_EDGE('',*,*,#14045,.F.);
#14159 = ORIENTED_EDGE('',*,*,#14115,.T.);
#14160 = ORIENTED_EDGE('',*,*,#14085,.T.);
#14161 = ORIENTED_EDGE('',*,*,#14137,.F.);
#14162 = PLANE('',#14163);
#14163 = AXIS2_PLACEMENT_3D('',#14164,#14165,#14166);
#14164 = CARTESIAN_POINT('',(0.,0.,0.));
#14165 = DIRECTION('',(0.,0.,1.));
#14166 = DIRECTION('',(1.,0.,-0.));
#14167 = ADVANCED_FACE('',(#14168),#14174,.T.);
#14168 = FACE_BOUND('',#14169,.T.);
#14169 = EDGE_LOOP('',(#14170,#14171,#14172,#14173));
#14170 = ORIENTED_EDGE('',*,*,#14061,.F.);
#14171 = ORIENTED_EDGE('',*,*,#14122,.T.);
#14172 = ORIENTED_EDGE('',*,*,#14101,.T.);
#14173 = ORIENTED_EDGE('',*,*,#14144,.F.);
#14174 = PLANE('',#14175);
#14175 = AXIS2_PLACEMENT_3D('',#14176,#14177,#14178);
#14176 = CARTESIAN_POINT('',(0.,0.,2.5));
#14177 = DIRECTION('',(0.,0.,1.));
#14178 = DIRECTION('',(1.,0.,-0.));
#14179 = ( GEOMETRIC_REPRESENTATION_CONTEXT(3) 
GLOBAL_UNCERTAINTY_ASSIGNED_CONTEXT((#14183)) 
GLOBAL_UNIT_ASSIGNED_CONTEXT((#14180,#14181,#14182)) 
REPRESENTATION_CONTEXT('Context #1',
  '3D Context with UNIT and UNCERTAINTY') );
#14180 = ( LENGTH_UNIT() NAMED_UNIT(*) SI_UNIT(.MILLI.,.METRE.) );
#14181 = ( NAMED_UNIT(*) PLANE_ANGLE_UNIT() SI_UNIT($,.RADIAN.) );
#14182 = ( NAMED_UNIT(*) SI_UNIT($,.STERADIAN.) SOLID_ANGLE_UNIT() );
#14183 = UNCERTAINTY_MEASURE_WITH_UNIT(LENGTH_MEASURE(1.E-07),#14180,
  'distance_accuracy_value','confusion accuracy');
#14184 = CONTEXT_DEPENDENT_SHAPE_REPRESENTATION(#14185,#14187);
#14185 = ( REPRESENTATION_RELATIONSHIP('','',#14028,#10) 
REPRESENTATION_RELATIONSHIP_WITH_TRANSFORMATION(#14186) 
SHAPE_REPRESENTATION_RELATIONSHIP() );
#14186 = ITEM_DEFINED_TRANSFORMATION('','',#11,#135);
#14187 = PRODUCT_DEFINITION_SHAPE('Placement','Placement of an item',
  #14188);
#14188 = NEXT_ASSEMBLY_USAGE_OCCURRENCE('83','SMD_Capacitor_3','',#5,
  #14023,$);
#14189 = PRODUCT_RELATED_PRODUCT_CATEGORY('part',$,(#14025));
#14190 = SHAPE_DEFINITION_REPRESENTATION(#14191,#14197);
#14191 = PRODUCT_DEFINITION_SHAPE('','',#14192);
#14192 = PRODUCT_DEFINITION('design','',#14193,#14196);
#14193 = PRODUCT_DEFINITION_FORMATION('','',#14194);
#14194 = PRODUCT('LiPo_Battery_1200mAh','LiPo_Battery_1200mAh','',(
    #14195));
#14195 = PRODUCT_CONTEXT('',#2,'mechanical');
#14196 = PRODUCT_DEFINITION_CONTEXT('part definition',#2,'design');
#14197 = ADVANCED_BREP_SHAPE_REPRESENTATION('',(#11,#14198),#14348);
#14198 = MANIFOLD_SOLID_BREP('',#14199);
#14199 = CLOSED_SHELL('',(#14200,#14240,#14280,#14302,#14324,#14336));
#14200 = ADVANCED_FACE('',(#14201),#14235,.F.);
#14201 = FACE_BOUND('',#14202,.F.);
#14202 = EDGE_LOOP('',(#14203,#14213,#14221,#14229));
#14203 = ORIENTED_EDGE('',*,*,#14204,.F.);
#14204 = EDGE_CURVE('',#14205,#14207,#14209,.T.);
#14205 = VERTEX_POINT('',#14206);
#14206 = CARTESIAN_POINT('',(0.,0.,0.));
#14207 = VERTEX_POINT('',#14208);
#14208 = CARTESIAN_POINT('',(0.,0.,45.));
#14209 = LINE('',#14210,#14211);
#14210 = CARTESIAN_POINT('',(0.,0.,0.));
#14211 = VECTOR('',#14212,1.);
#14212 = DIRECTION('',(0.,0.,1.));
#14213 = ORIENTED_EDGE('',*,*,#14214,.T.);
#14214 = EDGE_CURVE('',#14205,#14215,#14217,.T.);
#14215 = VERTEX_POINT('',#14216);
#14216 = CARTESIAN_POINT('',(0.,6.5,0.));
#14217 = LINE('',#14218,#14219);
#14218 = CARTESIAN_POINT('',(0.,0.,0.));
#14219 = VECTOR('',#14220,1.);
#14220 = DIRECTION('',(-0.,1.,0.));
#14221 = ORIENTED_EDGE('',*,*,#14222,.T.);
#14222 = EDGE_CURVE('',#14215,#14223,#14225,.T.);
#14223 = VERTEX_POINT('',#14224);
#14224 = CARTESIAN_POINT('',(0.,6.5,45.));
#14225 = LINE('',#14226,#14227);
#14226 = CARTESIAN_POINT('',(0.,6.5,0.));
#14227 = VECTOR('',#14228,1.);
#14228 = DIRECTION('',(0.,0.,1.));
#14229 = ORIENTED_EDGE('',*,*,#14230,.F.);
#14230 = EDGE_CURVE('',#14207,#14223,#14231,.T.);
#14231 = LINE('',#14232,#14233);
#14232 = CARTESIAN_POINT('',(0.,0.,45.));
#14233 = VECTOR('',#14234,1.);
#14234 = DIRECTION('',(-0.,1.,0.));
#14235 = PLANE('',#14236);
#14236 = AXIS2_PLACEMENT_3D('',#14237,#14238,#14239);
#14237 = CARTESIAN_POINT('',(0.,0.,0.));
#14238 = DIRECTION('',(1.,0.,-0.));
#14239 = DIRECTION('',(0.,0.,1.));
#14240 = ADVANCED_FACE('',(#14241),#14275,.T.);
#14241 = FACE_BOUND('',#14242,.T.);
#14242 = EDGE_LOOP('',(#14243,#14253,#14261,#14269));
#14243 = ORIENTED_EDGE('',*,*,#14244,.F.);
#14244 = EDGE_CURVE('',#14245,#14247,#14249,.T.);
#14245 = VERTEX_POINT('',#14246);
#14246 = CARTESIAN_POINT('',(36.,0.,0.));
#14247 = VERTEX_POINT('',#14248);
#14248 = CARTESIAN_POINT('',(36.,0.,45.));
#14249 = LINE('',#14250,#14251);
#14250 = CARTESIAN_POINT('',(36.,0.,0.));
#14251 = VECTOR('',#14252,1.);
#14252 = DIRECTION('',(0.,0.,1.));
#14253 = ORIENTED_EDGE('',*,*,#14254,.T.);
#14254 = EDGE_CURVE('',#14245,#14255,#14257,.T.);
#14255 = VERTEX_POINT('',#14256);
#14256 = CARTESIAN_POINT('',(36.,6.5,0.));
#14257 = LINE('',#14258,#14259);
#14258 = CARTESIAN_POINT('',(36.,0.,0.));
#14259 = VECTOR('',#14260,1.);
#14260 = DIRECTION('',(-0.,1.,0.));
#14261 = ORIENTED_EDGE('',*,*,#14262,.T.);
#14262 = EDGE_CURVE('',#14255,#14263,#14265,.T.);
#14263 = VERTEX_POINT('',#14264);
#14264 = CARTESIAN_POINT('',(36.,6.5,45.));
#14265 = LINE('',#14266,#14267);
#14266 = CARTESIAN_POINT('',(36.,6.5,0.));
#14267 = VECTOR('',#14268,1.);
#14268 = DIRECTION('',(0.,0.,1.));
#14269 = ORIENTED_EDGE('',*,*,#14270,.F.);
#14270 = EDGE_CURVE('',#14247,#14263,#14271,.T.);
#14271 = LINE('',#14272,#14273);
#14272 = CARTESIAN_POINT('',(36.,0.,45.));
#14273 = VECTOR('',#14274,1.);
#14274 = DIRECTION('',(-0.,1.,0.));
#14275 = PLANE('',#14276);
#14276 = AXIS2_PLACEMENT_3D('',#14277,#14278,#14279);
#14277 = CARTESIAN_POINT('',(36.,0.,0.));
#14278 = DIRECTION('',(1.,0.,-0.));
#14279 = DIRECTION('',(0.,0.,1.));
#14280 = ADVANCED_FACE('',(#14281),#14297,.F.);
#14281 = FACE_BOUND('',#14282,.F.);
#14282 = EDGE_LOOP('',(#14283,#14289,#14290,#14296));
#14283 = ORIENTED_EDGE('',*,*,#14284,.F.);
#14284 = EDGE_CURVE('',#14205,#14245,#14285,.T.);
#14285 = LINE('',#14286,#14287);
#14286 = CARTESIAN_POINT('',(0.,0.,0.));
#14287 = VECTOR('',#14288,1.);
#14288 = DIRECTION('',(1.,0.,-0.));
#14289 = ORIENTED_EDGE('',*,*,#14204,.T.);
#14290 = ORIENTED_EDGE('',*,*,#14291,.T.);
#14291 = EDGE_CURVE('',#14207,#14247,#14292,.T.);
#14292 = LINE('',#14293,#14294);
#14293 = CARTESIAN_POINT('',(0.,0.,45.));
#14294 = VECTOR('',#14295,1.);
#14295 = DIRECTION('',(1.,0.,-0.));
#14296 = ORIENTED_EDGE('',*,*,#14244,.F.);
#14297 = PLANE('',#14298);
#14298 = AXIS2_PLACEMENT_3D('',#14299,#14300,#14301);
#14299 = CARTESIAN_POINT('',(0.,0.,0.));
#14300 = DIRECTION('',(-0.,1.,0.));
#14301 = DIRECTION('',(0.,0.,1.));
#14302 = ADVANCED_FACE('',(#14303),#14319,.T.);
#14303 = FACE_BOUND('',#14304,.T.);
#14304 = EDGE_LOOP('',(#14305,#14311,#14312,#14318));
#14305 = ORIENTED_EDGE('',*,*,#14306,.F.);
#14306 = EDGE_CURVE('',#14215,#14255,#14307,.T.);
#14307 = LINE('',#14308,#14309);
#14308 = CARTESIAN_POINT('',(0.,6.5,0.));
#14309 = VECTOR('',#14310,1.);
#14310 = DIRECTION('',(1.,0.,-0.));
#14311 = ORIENTED_EDGE('',*,*,#14222,.T.);
#14312 = ORIENTED_EDGE('',*,*,#14313,.T.);
#14313 = EDGE_CURVE('',#14223,#14263,#14314,.T.);
#14314 = LINE('',#14315,#14316);
#14315 = CARTESIAN_POINT('',(0.,6.5,45.));
#14316 = VECTOR('',#14317,1.);
#14317 = DIRECTION('',(1.,0.,-0.));
#14318 = ORIENTED_EDGE('',*,*,#14262,.F.);
#14319 = PLANE('',#14320);
#14320 = AXIS2_PLACEMENT_3D('',#14321,#14322,#14323);
#14321 = CARTESIAN_POINT('',(0.,6.5,0.));
#14322 = DIRECTION('',(-0.,1.,0.));
#14323 = DIRECTION('',(0.,0.,1.));
#14324 = ADVANCED_FACE('',(#14325),#14331,.F.);
#14325 = FACE_BOUND('',#14326,.F.);
#14326 = EDGE_LOOP('',(#14327,#14328,#14329,#14330));
#14327 = ORIENTED_EDGE('',*,*,#14214,.F.);
#14328 = ORIENTED_EDGE('',*,*,#14284,.T.);
#14329 = ORIENTED_EDGE('',*,*,#14254,.T.);
#14330 = ORIENTED_EDGE('',*,*,#14306,.F.);
#14331 = PLANE('',#14332);
#14332 = AXIS2_PLACEMENT_3D('',#14333,#14334,#14335);
#14333 = CARTESIAN_POINT('',(0.,0.,0.));
#14334 = DIRECTION('',(0.,0.,1.));
#14335 = DIRECTION('',(1.,0.,-0.));
#14336 = ADVANCED_FACE('',(#14337),#14343,.T.);
#14337 = FACE_BOUND('',#14338,.T.);
#14338 = EDGE_LOOP('',(#14339,#14340,#14341,#14342));
#14339 = ORIENTED_EDGE('',*,*,#14230,.F.);
#14340 = ORIENTED_EDGE('',*,*,#14291,.T.);
#14341 = ORIENTED_EDGE('',*,*,#14270,.T.);
#14342 = ORIENTED_EDGE('',*,*,#14313,.F.);
#14343 = PLANE('',#14344);
#14344 = AXIS2_PLACEMENT_3D('',#14345,#14346,#14347);
#14345 = CARTESIAN_POINT('',(0.,0.,45.));
#14346 = DIRECTION('',(0.,0.,1.));
#14347 = DIRECTION('',(1.,0.,-0.));
#14348 = ( GEOMETRIC_REPRESENTATION_CONTEXT(3) 
GLOBAL_UNCERTAINTY_ASSIGNED_CONTEXT((#14352)) 
GLOBAL_UNIT_ASSIGNED_CONTEXT((#14349,#14350,#14351)) 
REPRESENTATION_CONTEXT('Context #1',
  '3D Context with UNIT and UNCERTAINTY') );
#14349 = ( LENGTH_UNIT() NAMED_UNIT(*) SI_UNIT(.MILLI.,.METRE.) );
#14350 = ( NAMED_UNIT(*) PLANE_ANGLE_UNIT() SI_UNIT($,.RADIAN.) );
#14351 = ( NAMED_UNIT(*) SI_UNIT($,.STERADIAN.) SOLID_ANGLE_UNIT() );
#14352 = UNCERTAINTY_MEASURE_WITH_UNIT(LENGTH_MEASURE(1.E-07),#14349,
  'distance_accuracy_value','confusion accuracy');
#14353 = CONTEXT_DEPENDENT_SHAPE_REPRESENTATION(#14354,#14356);
#14354 = ( REPRESENTATION_RELATIONSHIP('','',#14197,#10) 
REPRESENTATION_RELATIONSHIP_WITH_TRANSFORMATION(#14355) 
SHAPE_REPRESENTATION_RELATIONSHIP() );
#14355 = ITEM_DEFINED_TRANSFORMATION('','',#11,#139);
#14356 = PRODUCT_DEFINITION_SHAPE('Placement','Placement of an item',
  #14357);
#14357 = NEXT_ASSEMBLY_USAGE_OCCURRENCE('84','LiPo_Battery_1200mAh','',
  #5,#14192,$);
#14358 = PRODUCT_RELATED_PRODUCT_CATEGORY('part',$,(#14194));
#14359 = SHAPE_DEFINITION_REPRESENTATION(#14360,#14366);
#14360 = PRODUCT_DEFINITION_SHAPE('','',#14361);
#14361 = PRODUCT_DEFINITION('design','',#14362,#14365);
#14362 = PRODUCT_DEFINITION_FORMATION('','',#14363);
#14363 = PRODUCT('PCM_Protection_Board','PCM_Protection_Board','',(
    #14364));
#14364 = PRODUCT_CONTEXT('',#2,'mechanical');
#14365 = PRODUCT_DEFINITION_CONTEXT('part definition',#2,'design');
#14366 = ADVANCED_BREP_SHAPE_REPRESENTATION('',(#11,#14367),#14517);
#14367 = MANIFOLD_SOLID_BREP('',#14368);
#14368 = CLOSED_SHELL('',(#14369,#14409,#14449,#14471,#14493,#14505));
#14369 = ADVANCED_FACE('',(#14370),#14404,.F.);
#14370 = FACE_BOUND('',#14371,.F.);
#14371 = EDGE_LOOP('',(#14372,#14382,#14390,#14398));
#14372 = ORIENTED_EDGE('',*,*,#14373,.F.);
#14373 = EDGE_CURVE('',#14374,#14376,#14378,.T.);
#14374 = VERTEX_POINT('',#14375);
#14375 = CARTESIAN_POINT('',(0.,0.,0.));
#14376 = VERTEX_POINT('',#14377);
#14377 = CARTESIAN_POINT('',(0.,0.,7.));
#14378 = LINE('',#14379,#14380);
#14379 = CARTESIAN_POINT('',(0.,0.,0.));
#14380 = VECTOR('',#14381,1.);
#14381 = DIRECTION('',(0.,0.,1.));
#14382 = ORIENTED_EDGE('',*,*,#14383,.T.);
#14383 = EDGE_CURVE('',#14374,#14384,#14386,.T.);
#14384 = VERTEX_POINT('',#14385);
#14385 = CARTESIAN_POINT('',(0.,2.5,0.));
#14386 = LINE('',#14387,#14388);
#14387 = CARTESIAN_POINT('',(0.,0.,0.));
#14388 = VECTOR('',#14389,1.);
#14389 = DIRECTION('',(-0.,1.,0.));
#14390 = ORIENTED_EDGE('',*,*,#14391,.T.);
#14391 = EDGE_CURVE('',#14384,#14392,#14394,.T.);
#14392 = VERTEX_POINT('',#14393);
#14393 = CARTESIAN_POINT('',(0.,2.5,7.));
#14394 = LINE('',#14395,#14396);
#14395 = CARTESIAN_POINT('',(0.,2.5,0.));
#14396 = VECTOR('',#14397,1.);
#14397 = DIRECTION('',(0.,0.,1.));
#14398 = ORIENTED_EDGE('',*,*,#14399,.F.);
#14399 = EDGE_CURVE('',#14376,#14392,#14400,.T.);
#14400 = LINE('',#14401,#14402);
#14401 = CARTESIAN_POINT('',(0.,0.,7.));
#14402 = VECTOR('',#14403,1.);
#14403 = DIRECTION('',(-0.,1.,0.));
#14404 = PLANE('',#14405);
#14405 = AXIS2_PLACEMENT_3D('',#14406,#14407,#14408);
#14406 = CARTESIAN_POINT('',(0.,0.,0.));
#14407 = DIRECTION('',(1.,0.,-0.));
#14408 = DIRECTION('',(0.,0.,1.));
#14409 = ADVANCED_FACE('',(#14410),#14444,.T.);
#14410 = FACE_BOUND('',#14411,.T.);
#14411 = EDGE_LOOP('',(#14412,#14422,#14430,#14438));
#14412 = ORIENTED_EDGE('',*,*,#14413,.F.);
#14413 = EDGE_CURVE('',#14414,#14416,#14418,.T.);
#14414 = VERTEX_POINT('',#14415);
#14415 = CARTESIAN_POINT('',(34.,0.,0.));
#14416 = VERTEX_POINT('',#14417);
#14417 = CARTESIAN_POINT('',(34.,0.,7.));
#14418 = LINE('',#14419,#14420);
#14419 = CARTESIAN_POINT('',(34.,0.,0.));
#14420 = VECTOR('',#14421,1.);
#14421 = DIRECTION('',(0.,0.,1.));
#14422 = ORIENTED_EDGE('',*,*,#14423,.T.);
#14423 = EDGE_CURVE('',#14414,#14424,#14426,.T.);
#14424 = VERTEX_POINT('',#14425);
#14425 = CARTESIAN_POINT('',(34.,2.5,0.));
#14426 = LINE('',#14427,#14428);
#14427 = CARTESIAN_POINT('',(34.,0.,0.));
#14428 = VECTOR('',#14429,1.);
#14429 = DIRECTION('',(-0.,1.,0.));
#14430 = ORIENTED_EDGE('',*,*,#14431,.T.);
#14431 = EDGE_CURVE('',#14424,#14432,#14434,.T.);
#14432 = VERTEX_POINT('',#14433);
#14433 = CARTESIAN_POINT('',(34.,2.5,7.));
#14434 = LINE('',#14435,#14436);
#14435 = CARTESIAN_POINT('',(34.,2.5,0.));
#14436 = VECTOR('',#14437,1.);
#14437 = DIRECTION('',(0.,0.,1.));
#14438 = ORIENTED_EDGE('',*,*,#14439,.F.);
#14439 = EDGE_CURVE('',#14416,#14432,#14440,.T.);
#14440 = LINE('',#14441,#14442);
#14441 = CARTESIAN_POINT('',(34.,0.,7.));
#14442 = VECTOR('',#14443,1.);
#14443 = DIRECTION('',(-0.,1.,0.));
#14444 = PLANE('',#14445);
#14445 = AXIS2_PLACEMENT_3D('',#14446,#14447,#14448);
#14446 = CARTESIAN_POINT('',(34.,0.,0.));
#14447 = DIRECTION('',(1.,0.,-0.));
#14448 = DIRECTION('',(0.,0.,1.));
#14449 = ADVANCED_FACE('',(#14450),#14466,.F.);
#14450 = FACE_BOUND('',#14451,.F.);
#14451 = EDGE_LOOP('',(#14452,#14458,#14459,#14465));
#14452 = ORIENTED_EDGE('',*,*,#14453,.F.);
#14453 = EDGE_CURVE('',#14374,#14414,#14454,.T.);
#14454 = LINE('',#14455,#14456);
#14455 = CARTESIAN_POINT('',(0.,0.,0.));
#14456 = VECTOR('',#14457,1.);
#14457 = DIRECTION('',(1.,0.,-0.));
#14458 = ORIENTED_EDGE('',*,*,#14373,.T.);
#14459 = ORIENTED_EDGE('',*,*,#14460,.T.);
#14460 = EDGE_CURVE('',#14376,#14416,#14461,.T.);
#14461 = LINE('',#14462,#14463);
#14462 = CARTESIAN_POINT('',(0.,0.,7.));
#14463 = VECTOR('',#14464,1.);
#14464 = DIRECTION('',(1.,0.,-0.));
#14465 = ORIENTED_EDGE('',*,*,#14413,.F.);
#14466 = PLANE('',#14467);
#14467 = AXIS2_PLACEMENT_3D('',#14468,#14469,#14470);
#14468 = CARTESIAN_POINT('',(0.,0.,0.));
#14469 = DIRECTION('',(-0.,1.,0.));
#14470 = DIRECTION('',(0.,0.,1.));
#14471 = ADVANCED_FACE('',(#14472),#14488,.T.);
#14472 = FACE_BOUND('',#14473,.T.);
#14473 = EDGE_LOOP('',(#14474,#14480,#14481,#14487));
#14474 = ORIENTED_EDGE('',*,*,#14475,.F.);
#14475 = EDGE_CURVE('',#14384,#14424,#14476,.T.);
#14476 = LINE('',#14477,#14478);
#14477 = CARTESIAN_POINT('',(0.,2.5,0.));
#14478 = VECTOR('',#14479,1.);
#14479 = DIRECTION('',(1.,0.,-0.));
#14480 = ORIENTED_EDGE('',*,*,#14391,.T.);
#14481 = ORIENTED_EDGE('',*,*,#14482,.T.);
#14482 = EDGE_CURVE('',#14392,#14432,#14483,.T.);
#14483 = LINE('',#14484,#14485);
#14484 = CARTESIAN_POINT('',(0.,2.5,7.));
#14485 = VECTOR('',#14486,1.);
#14486 = DIRECTION('',(1.,0.,-0.));
#14487 = ORIENTED_EDGE('',*,*,#14431,.F.);
#14488 = PLANE('',#14489);
#14489 = AXIS2_PLACEMENT_3D('',#14490,#14491,#14492);
#14490 = CARTESIAN_POINT('',(0.,2.5,0.));
#14491 = DIRECTION('',(-0.,1.,0.));
#14492 = DIRECTION('',(0.,0.,1.));
#14493 = ADVANCED_FACE('',(#14494),#14500,.F.);
#14494 = FACE_BOUND('',#14495,.F.);
#14495 = EDGE_LOOP('',(#14496,#14497,#14498,#14499));
#14496 = ORIENTED_EDGE('',*,*,#14383,.F.);
#14497 = ORIENTED_EDGE('',*,*,#14453,.T.);
#14498 = ORIENTED_EDGE('',*,*,#14423,.T.);
#14499 = ORIENTED_EDGE('',*,*,#14475,.F.);
#14500 = PLANE('',#14501);
#14501 = AXIS2_PLACEMENT_3D('',#14502,#14503,#14504);
#14502 = CARTESIAN_POINT('',(0.,0.,0.));
#14503 = DIRECTION('',(0.,0.,1.));
#14504 = DIRECTION('',(1.,0.,-0.));
#14505 = ADVANCED_FACE('',(#14506),#14512,.T.);
#14506 = FACE_BOUND('',#14507,.T.);
#14507 = EDGE_LOOP('',(#14508,#14509,#14510,#14511));
#14508 = ORIENTED_EDGE('',*,*,#14399,.F.);
#14509 = ORIENTED_EDGE('',*,*,#14460,.T.);
#14510 = ORIENTED_EDGE('',*,*,#14439,.T.);
#14511 = ORIENTED_EDGE('',*,*,#14482,.F.);
#14512 = PLANE('',#14513);
#14513 = AXIS2_PLACEMENT_3D('',#14514,#14515,#14516);
#14514 = CARTESIAN_POINT('',(0.,0.,7.));
#14515 = DIRECTION('',(0.,0.,1.));
#14516 = DIRECTION('',(1.,0.,-0.));
#14517 = ( GEOMETRIC_REPRESENTATION_CONTEXT(3) 
GLOBAL_UNCERTAINTY_ASSIGNED_CONTEXT((#14521)) 
GLOBAL_UNIT_ASSIGNED_CONTEXT((#14518,#14519,#14520)) 
REPRESENTATION_CONTEXT('Context #1',
  '3D Context with UNIT and UNCERTAINTY') );
#14518 = ( LENGTH_UNIT() NAMED_UNIT(*) SI_UNIT(.MILLI.,.METRE.) );
#14519 = ( NAMED_UNIT(*) PLANE_ANGLE_UNIT() SI_UNIT($,.RADIAN.) );
#14520 = ( NAMED_UNIT(*) SI_UNIT($,.STERADIAN.) SOLID_ANGLE_UNIT() );
#14521 = UNCERTAINTY_MEASURE_WITH_UNIT(LENGTH_MEASURE(1.E-07),#14518,
  'distance_accuracy_value','confusion accuracy');
#14522 = CONTEXT_DEPENDENT_SHAPE_REPRESENTATION(#14523,#14525);
#14523 = ( REPRESENTATION_RELATIONSHIP('','',#14366,#10) 
REPRESENTATION_RELATIONSHIP_WITH_TRANSFORMATION(#14524) 
SHAPE_REPRESENTATION_RELATIONSHIP() );
#14524 = ITEM_DEFINED_TRANSFORMATION('','',#11,#143);
#14525 = PRODUCT_DEFINITION_SHAPE('Placement','Placement of an item',
  #14526);
#14526 = NEXT_ASSEMBLY_USAGE_OCCURRENCE('85','PCM_Protection_Board','',
  #5,#14361,$);
#14527 = PRODUCT_RELATED_PRODUCT_CATEGORY('part',$,(#14363));
#14528 = SHAPE_DEFINITION_REPRESENTATION(#14529,#14535);
#14529 = PRODUCT_DEFINITION_SHAPE('','',#14530);
#14530 = PRODUCT_DEFINITION('design','',#14531,#14534);
#14531 = PRODUCT_DEFINITION_FORMATION('','',#14532);
#14532 = PRODUCT('Bat_Wire_Red','Bat_Wire_Red','',(#14533));
#14533 = PRODUCT_CONTEXT('',#2,'mechanical');
#14534 = PRODUCT_DEFINITION_CONTEXT('part definition',#2,'design');
#14535 = ADVANCED_BREP_SHAPE_REPRESENTATION('',(#11,#14536),#14589);
#14536 = MANIFOLD_SOLID_BREP('',#14537);
#14537 = CLOSED_SHELL('',(#14538,#14571,#14580));
#14538 = ADVANCED_FACE('',(#14539),#14566,.T.);
#14539 = FACE_BOUND('',#14540,.T.);
#14540 = EDGE_LOOP('',(#14541,#14550,#14558,#14565));
#14541 = ORIENTED_EDGE('',*,*,#14542,.F.);
#14542 = EDGE_CURVE('',#14543,#14543,#14545,.T.);
#14543 = VERTEX_POINT('',#14544);
#14544 = CARTESIAN_POINT('',(1.,-0.,12.));
#14545 = CIRCLE('',#14546,1.);
#14546 = AXIS2_PLACEMENT_3D('',#14547,#14548,#14549);
#14547 = CARTESIAN_POINT('',(0.,0.,12.));
#14548 = DIRECTION('',(0.,0.,1.));
#14549 = DIRECTION('',(1.,0.,-0.));
#14550 = ORIENTED_EDGE('',*,*,#14551,.F.);
#14551 = EDGE_CURVE('',#14552,#14543,#14554,.T.);
#14552 = VERTEX_POINT('',#14553);
#14553 = CARTESIAN_POINT('',(1.,-0.,0.));
#14554 = LINE('',#14555,#14556);
#14555 = CARTESIAN_POINT('',(1.,-2.4E-16,0.));
#14556 = VECTOR('',#14557,1.);
#14557 = DIRECTION('',(0.,0.,1.));
#14558 = ORIENTED_EDGE('',*,*,#14559,.T.);
#14559 = EDGE_CURVE('',#14552,#14552,#14560,.T.);
#14560 = CIRCLE('',#14561,1.);
#14561 = AXIS2_PLACEMENT_3D('',#14562,#14563,#14564);
#14562 = CARTESIAN_POINT('',(0.,0.,0.));
#14563 = DIRECTION('',(0.,0.,1.));
#14564 = DIRECTION('',(1.,0.,-0.));
#14565 = ORIENTED_EDGE('',*,*,#14551,.T.);
#14566 = CYLINDRICAL_SURFACE('',#14567,1.);
#14567 = AXIS2_PLACEMENT_3D('',#14568,#14569,#14570);
#14568 = CARTESIAN_POINT('',(0.,0.,0.));
#14569 = DIRECTION('',(0.,0.,1.));
#14570 = DIRECTION('',(1.,0.,-0.));
#14571 = ADVANCED_FACE('',(#14572),#14575,.T.);
#14572 = FACE_BOUND('',#14573,.T.);
#14573 = EDGE_LOOP('',(#14574));
#14574 = ORIENTED_EDGE('',*,*,#14542,.T.);
#14575 = PLANE('',#14576);
#14576 = AXIS2_PLACEMENT_3D('',#14577,#14578,#14579);
#14577 = CARTESIAN_POINT('',(0.,0.,12.));
#14578 = DIRECTION('',(0.,0.,1.));
#14579 = DIRECTION('',(1.,0.,-0.));
#14580 = ADVANCED_FACE('',(#14581),#14584,.F.);
#14581 = FACE_BOUND('',#14582,.T.);
#14582 = EDGE_LOOP('',(#14583));
#14583 = ORIENTED_EDGE('',*,*,#14559,.F.);
#14584 = PLANE('',#14585);
#14585 = AXIS2_PLACEMENT_3D('',#14586,#14587,#14588);
#14586 = CARTESIAN_POINT('',(0.,0.,0.));
#14587 = DIRECTION('',(0.,0.,1.));
#14588 = DIRECTION('',(1.,0.,-0.));
#14589 = ( GEOMETRIC_REPRESENTATION_CONTEXT(3) 
GLOBAL_UNCERTAINTY_ASSIGNED_CONTEXT((#14593)) 
GLOBAL_UNIT_ASSIGNED_CONTEXT((#14590,#14591,#14592)) 
REPRESENTATION_CONTEXT('Context #1',
  '3D Context with UNIT and UNCERTAINTY') );
#14590 = ( LENGTH_UNIT() NAMED_UNIT(*) SI_UNIT(.MILLI.,.METRE.) );
#14591 = ( NAMED_UNIT(*) PLANE_ANGLE_UNIT() SI_UNIT($,.RADIAN.) );
#14592 = ( NAMED_UNIT(*) SI_UNIT($,.STERADIAN.) SOLID_ANGLE_UNIT() );
#14593 = UNCERTAINTY_MEASURE_WITH_UNIT(LENGTH_MEASURE(1.E-07),#14590,
  'distance_accuracy_value','confusion accuracy');
#14594 = CONTEXT_DEPENDENT_SHAPE_REPRESENTATION(#14595,#14597);
#14595 = ( REPRESENTATION_RELATIONSHIP('','',#14535,#10) 
REPRESENTATION_RELATIONSHIP_WITH_TRANSFORMATION(#14596) 
SHAPE_REPRESENTATION_RELATIONSHIP() );
#14596 = ITEM_DEFINED_TRANSFORMATION('','',#11,#147);
#14597 = PRODUCT_DEFINITION_SHAPE('Placement','Placement of an item',
  #14598);
#14598 = NEXT_ASSEMBLY_USAGE_OCCURRENCE('86','Bat_Wire_Red','',#5,#14530
  ,$);
#14599 = PRODUCT_RELATED_PRODUCT_CATEGORY('part',$,(#14532));
#14600 = SHAPE_DEFINITION_REPRESENTATION(#14601,#14607);
#14601 = PRODUCT_DEFINITION_SHAPE('','',#14602);
#14602 = PRODUCT_DEFINITION('design','',#14603,#14606);
#14603 = PRODUCT_DEFINITION_FORMATION('','',#14604);
#14604 = PRODUCT('Bat_Wire_Blk','Bat_Wire_Blk','',(#14605));
#14605 = PRODUCT_CONTEXT('',#2,'mechanical');
#14606 = PRODUCT_DEFINITION_CONTEXT('part definition',#2,'design');
#14607 = ADVANCED_BREP_SHAPE_REPRESENTATION('',(#11,#14608),#14661);
#14608 = MANIFOLD_SOLID_BREP('',#14609);
#14609 = CLOSED_SHELL('',(#14610,#14643,#14652));
#14610 = ADVANCED_FACE('',(#14611),#14638,.T.);
#14611 = FACE_BOUND('',#14612,.T.);
#14612 = EDGE_LOOP('',(#14613,#14622,#14630,#14637));
#14613 = ORIENTED_EDGE('',*,*,#14614,.F.);
#14614 = EDGE_CURVE('',#14615,#14615,#14617,.T.);
#14615 = VERTEX_POINT('',#14616);
#14616 = CARTESIAN_POINT('',(1.,-0.,12.));
#14617 = CIRCLE('',#14618,1.);
#14618 = AXIS2_PLACEMENT_3D('',#14619,#14620,#14621);
#14619 = CARTESIAN_POINT('',(0.,0.,12.));
#14620 = DIRECTION('',(0.,0.,1.));
#14621 = DIRECTION('',(1.,0.,-0.));
#14622 = ORIENTED_EDGE('',*,*,#14623,.F.);
#14623 = EDGE_CURVE('',#14624,#14615,#14626,.T.);
#14624 = VERTEX_POINT('',#14625);
#14625 = CARTESIAN_POINT('',(1.,-0.,0.));
#14626 = LINE('',#14627,#14628);
#14627 = CARTESIAN_POINT('',(1.,-2.4E-16,0.));
#14628 = VECTOR('',#14629,1.);
#14629 = DIRECTION('',(0.,0.,1.));
#14630 = ORIENTED_EDGE('',*,*,#14631,.T.);
#14631 = EDGE_CURVE('',#14624,#14624,#14632,.T.);
#14632 = CIRCLE('',#14633,1.);
#14633 = AXIS2_PLACEMENT_3D('',#14634,#14635,#14636);
#14634 = CARTESIAN_POINT('',(0.,0.,0.));
#14635 = DIRECTION('',(0.,0.,1.));
#14636 = DIRECTION('',(1.,0.,-0.));
#14637 = ORIENTED_EDGE('',*,*,#14623,.T.);
#14638 = CYLINDRICAL_SURFACE('',#14639,1.);
#14639 = AXIS2_PLACEMENT_3D('',#14640,#14641,#14642);
#14640 = CARTESIAN_POINT('',(0.,0.,0.));
#14641 = DIRECTION('',(0.,0.,1.));
#14642 = DIRECTION('',(1.,0.,-0.));
#14643 = ADVANCED_FACE('',(#14644),#14647,.T.);
#14644 = FACE_BOUND('',#14645,.T.);
#14645 = EDGE_LOOP('',(#14646));
#14646 = ORIENTED_EDGE('',*,*,#14614,.T.);
#14647 = PLANE('',#14648);
#14648 = AXIS2_PLACEMENT_3D('',#14649,#14650,#14651);
#14649 = CARTESIAN_POINT('',(0.,0.,12.));
#14650 = DIRECTION('',(0.,0.,1.));
#14651 = DIRECTION('',(1.,0.,-0.));
#14652 = ADVANCED_FACE('',(#14653),#14656,.F.);
#14653 = FACE_BOUND('',#14654,.T.);
#14654 = EDGE_LOOP('',(#14655));
#14655 = ORIENTED_EDGE('',*,*,#14631,.F.);
#14656 = PLANE('',#14657);
#14657 = AXIS2_PLACEMENT_3D('',#14658,#14659,#14660);
#14658 = CARTESIAN_POINT('',(0.,0.,0.));
#14659 = DIRECTION('',(0.,0.,1.));
#14660 = DIRECTION('',(1.,0.,-0.));
#14661 = ( GEOMETRIC_REPRESENTATION_CONTEXT(3) 
GLOBAL_UNCERTAINTY_ASSIGNED_CONTEXT((#14665)) 
GLOBAL_UNIT_ASSIGNED_CONTEXT((#14662,#14663,#14664)) 
REPRESENTATION_CONTEXT('Context #1',
  '3D Context with UNIT and UNCERTAINTY') );
#14662 = ( LENGTH_UNIT() NAMED_UNIT(*) SI_UNIT(.MILLI.,.METRE.) );
#14663 = ( NAMED_UNIT(*) PLANE_ANGLE_UNIT() SI_UNIT($,.RADIAN.) );
#14664 = ( NAMED_UNIT(*) SI_UNIT($,.STERADIAN.) SOLID_ANGLE_UNIT() );
#14665 = UNCERTAINTY_MEASURE_WITH_UNIT(LENGTH_MEASURE(1.E-07),#14662,
  'distance_accuracy_value','confusion accuracy');
#14666 = CONTEXT_DEPENDENT_SHAPE_REPRESENTATION(#14667,#14669);
#14667 = ( REPRESENTATION_RELATIONSHIP('','',#14607,#10) 
REPRESENTATION_RELATIONSHIP_WITH_TRANSFORMATION(#14668) 
SHAPE_REPRESENTATION_RELATIONSHIP() );
#14668 = ITEM_DEFINED_TRANSFORMATION('','',#11,#151);
#14669 = PRODUCT_DEFINITION_SHAPE('Placement','Placement of an item',
  #14670);
#14670 = NEXT_ASSEMBLY_USAGE_OCCURRENCE('87','Bat_Wire_Blk','',#5,#14602
  ,$);
#14671 = PRODUCT_RELATED_PRODUCT_CATEGORY('part',$,(#14604));
#14672 = SHAPE_DEFINITION_REPRESENTATION(#14673,#14679);
#14673 = PRODUCT_DEFINITION_SHAPE('','',#14674);
#14674 = PRODUCT_DEFINITION('design','',#14675,#14678);
#14675 = PRODUCT_DEFINITION_FORMATION('','',#14676);
#14676 = PRODUCT('TFT_Bezel_Frame','TFT_Bezel_Frame','',(#14677));
#14677 = PRODUCT_CONTEXT('',#2,'mechanical');
#14678 = PRODUCT_DEFINITION_CONTEXT('part definition',#2,'design');
#14679 = ADVANCED_BREP_SHAPE_REPRESENTATION('',(#11,#14680),#14966);
#14680 = MANIFOLD_SOLID_BREP('',#14681);
#14681 = CLOSED_SHELL('',(#14682,#14722,#14787,#14811,#14869,#14886,
    #14898,#14920,#14937,#14954));
#14682 = ADVANCED_FACE('',(#14683),#14717,.F.);
#14683 = FACE_BOUND('',#14684,.F.);
#14684 = EDGE_LOOP('',(#14685,#14695,#14703,#14711));
#14685 = ORIENTED_EDGE('',*,*,#14686,.F.);
#14686 = EDGE_CURVE('',#14687,#14689,#14691,.T.);
#14687 = VERTEX_POINT('',#14688);
#14688 = CARTESIAN_POINT('',(-26.,16.,88.));
#14689 = VERTEX_POINT('',#14690);
#14690 = CARTESIAN_POINT('',(-26.,16.,160.));
#14691 = LINE('',#14692,#14693);
#14692 = CARTESIAN_POINT('',(-26.,16.,88.));
#14693 = VECTOR('',#14694,1.);
#14694 = DIRECTION('',(0.,0.,1.));
#14695 = ORIENTED_EDGE('',*,*,#14696,.T.);
#14696 = EDGE_CURVE('',#14687,#14697,#14699,.T.);
#14697 = VERTEX_POINT('',#14698);
#14698 = CARTESIAN_POINT('',(-26.,17.5,88.));
#14699 = LINE('',#14700,#14701);
#14700 = CARTESIAN_POINT('',(-26.,16.,88.));
#14701 = VECTOR('',#14702,1.);
#14702 = DIRECTION('',(0.,1.,0.));
#14703 = ORIENTED_EDGE('',*,*,#14704,.T.);
#14704 = EDGE_CURVE('',#14697,#14705,#14707,.T.);
#14705 = VERTEX_POINT('',#14706);
#14706 = CARTESIAN_POINT('',(-26.,17.5,160.));
#14707 = LINE('',#14708,#14709);
#14708 = CARTESIAN_POINT('',(-26.,17.5,88.));
#14709 = VECTOR('',#14710,1.);
#14710 = DIRECTION('',(0.,0.,1.));
#14711 = ORIENTED_EDGE('',*,*,#14712,.F.);
#14712 = EDGE_CURVE('',#14689,#14705,#14713,.T.);
#14713 = LINE('',#14714,#14715);
#14714 = CARTESIAN_POINT('',(-26.,16.,160.));
#14715 = VECTOR('',#14716,1.);
#14716 = DIRECTION('',(0.,1.,0.));
#14717 = PLANE('',#14718);
#14718 = AXIS2_PLACEMENT_3D('',#14719,#14720,#14721);
#14719 = CARTESIAN_POINT('',(-26.,16.,88.));
#14720 = DIRECTION('',(1.,0.,0.));
#14721 = DIRECTION('',(0.,0.,1.));
#14722 = ADVANCED_FACE('',(#14723,#14748),#14782,.F.);
#14723 = FACE_BOUND('',#14724,.F.);
#14724 = EDGE_LOOP('',(#14725,#14733,#14734,#14742));
#14725 = ORIENTED_EDGE('',*,*,#14726,.F.);
#14726 = EDGE_CURVE('',#14687,#14727,#14729,.T.);
#14727 = VERTEX_POINT('',#14728);
#14728 = CARTESIAN_POINT('',(26.,16.,88.));
#14729 = LINE('',#14730,#14731);
#14730 = CARTESIAN_POINT('',(-26.,16.,88.));
#14731 = VECTOR('',#14732,1.);
#14732 = DIRECTION('',(1.,0.,0.));
#14733 = ORIENTED_EDGE('',*,*,#14686,.T.);
#14734 = ORIENTED_EDGE('',*,*,#14735,.T.);
#14735 = EDGE_CURVE('',#14689,#14736,#14738,.T.);
#14736 = VERTEX_POINT('',#14737);
#14737 = CARTESIAN_POINT('',(26.,16.,160.));
#14738 = LINE('',#14739,#14740);
#14739 = CARTESIAN_POINT('',(-26.,16.,160.));
#14740 = VECTOR('',#14741,1.);
#14741 = DIRECTION('',(1.,0.,0.));
#14742 = ORIENTED_EDGE('',*,*,#14743,.F.);
#14743 = EDGE_CURVE('',#14727,#14736,#14744,.T.);
#14744 = LINE('',#14745,#14746);
#14745 = CARTESIAN_POINT('',(26.,16.,88.));
#14746 = VECTOR('',#14747,1.);
#14747 = DIRECTION('',(0.,0.,1.));
#14748 = FACE_BOUND('',#14749,.F.);
#14749 = EDGE_LOOP('',(#14750,#14760,#14768,#14776));
#14750 = ORIENTED_EDGE('',*,*,#14751,.F.);
#14751 = EDGE_CURVE('',#14752,#14754,#14756,.T.);
#14752 = VERTEX_POINT('',#14753);
#14753 = CARTESIAN_POINT('',(-24.,16.,147.));
#14754 = VERTEX_POINT('',#14755);
#14755 = CARTESIAN_POINT('',(24.,16.,147.));
#14756 = LINE('',#14757,#14758);
#14757 = CARTESIAN_POINT('',(-25.,16.,147.));
#14758 = VECTOR('',#14759,1.);
#14759 = DIRECTION('',(1.,0.,-0.));
#14760 = ORIENTED_EDGE('',*,*,#14761,.T.);
#14761 = EDGE_CURVE('',#14752,#14762,#14764,.T.);
#14762 = VERTEX_POINT('',#14763);
#14763 = CARTESIAN_POINT('',(-24.,16.,91.));
#14764 = LINE('',#14765,#14766);
#14765 = CARTESIAN_POINT('',(-24.,16.,89.5));
#14766 = VECTOR('',#14767,1.);
#14767 = DIRECTION('',(-0.,0.,-1.));
#14768 = ORIENTED_EDGE('',*,*,#14769,.T.);
#14769 = EDGE_CURVE('',#14762,#14770,#14772,.T.);
#14770 = VERTEX_POINT('',#14771);
#14771 = CARTESIAN_POINT('',(24.,16.,91.));
#14772 = LINE('',#14773,#14774);
#14773 = CARTESIAN_POINT('',(-25.,16.,91.));
#14774 = VECTOR('',#14775,1.);
#14775 = DIRECTION('',(1.,0.,-0.));
#14776 = ORIENTED_EDGE('',*,*,#14777,.F.);
#14777 = EDGE_CURVE('',#14754,#14770,#14778,.T.);
#14778 = LINE('',#14779,#14780);
#14779 = CARTESIAN_POINT('',(24.,16.,89.5));
#14780 = VECTOR('',#14781,1.);
#14781 = DIRECTION('',(-0.,0.,-1.));
#14782 = PLANE('',#14783);
#14783 = AXIS2_PLACEMENT_3D('',#14784,#14785,#14786);
#14784 = CARTESIAN_POINT('',(-26.,16.,88.));
#14785 = DIRECTION('',(0.,1.,0.));
#14786 = DIRECTION('',(0.,0.,1.));
#14787 = ADVANCED_FACE('',(#14788),#14806,.T.);
#14788 = FACE_BOUND('',#14789,.T.);
#14789 = EDGE_LOOP('',(#14790,#14791,#14792,#14800));
#14790 = ORIENTED_EDGE('',*,*,#14712,.F.);
#14791 = ORIENTED_EDGE('',*,*,#14735,.T.);
#14792 = ORIENTED_EDGE('',*,*,#14793,.T.);
#14793 = EDGE_CURVE('',#14736,#14794,#14796,.T.);
#14794 = VERTEX_POINT('',#14795);
#14795 = CARTESIAN_POINT('',(26.,17.5,160.));
#14796 = LINE('',#14797,#14798);
#14797 = CARTESIAN_POINT('',(26.,16.,160.));
#14798 = VECTOR('',#14799,1.);
#14799 = DIRECTION('',(0.,1.,0.));
#14800 = ORIENTED_EDGE('',*,*,#14801,.F.);
#14801 = EDGE_CURVE('',#14705,#14794,#14802,.T.);
#14802 = LINE('',#14803,#14804);
#14803 = CARTESIAN_POINT('',(-26.,17.5,160.));
#14804 = VECTOR('',#14805,1.);
#14805 = DIRECTION('',(1.,0.,0.));
#14806 = PLANE('',#14807);
#14807 = AXIS2_PLACEMENT_3D('',#14808,#14809,#14810);
#14808 = CARTESIAN_POINT('',(-26.,16.,160.));
#14809 = DIRECTION('',(0.,0.,1.));
#14810 = DIRECTION('',(1.,0.,0.));
#14811 = ADVANCED_FACE('',(#14812,#14830),#14864,.T.);
#14812 = FACE_BOUND('',#14813,.T.);
#14813 = EDGE_LOOP('',(#14814,#14822,#14823,#14824));
#14814 = ORIENTED_EDGE('',*,*,#14815,.F.);
#14815 = EDGE_CURVE('',#14697,#14816,#14818,.T.);
#14816 = VERTEX_POINT('',#14817);
#14817 = CARTESIAN_POINT('',(26.,17.5,88.));
#14818 = LINE('',#14819,#14820);
#14819 = CARTESIAN_POINT('',(-26.,17.5,88.));
#14820 = VECTOR('',#14821,1.);
#14821 = DIRECTION('',(1.,0.,0.));
#14822 = ORIENTED_EDGE('',*,*,#14704,.T.);
#14823 = ORIENTED_EDGE('',*,*,#14801,.T.);
#14824 = ORIENTED_EDGE('',*,*,#14825,.F.);
#14825 = EDGE_CURVE('',#14816,#14794,#14826,.T.);
#14826 = LINE('',#14827,#14828);
#14827 = CARTESIAN_POINT('',(26.,17.5,88.));
#14828 = VECTOR('',#14829,1.);
#14829 = DIRECTION('',(0.,0.,1.));
#14830 = FACE_BOUND('',#14831,.T.);
#14831 = EDGE_LOOP('',(#14832,#14842,#14850,#14858));
#14832 = ORIENTED_EDGE('',*,*,#14833,.F.);
#14833 = EDGE_CURVE('',#14834,#14836,#14838,.T.);
#14834 = VERTEX_POINT('',#14835);
#14835 = CARTESIAN_POINT('',(-24.,17.5,147.));
#14836 = VERTEX_POINT('',#14837);
#14837 = CARTESIAN_POINT('',(24.,17.5,147.));
#14838 = LINE('',#14839,#14840);
#14839 = CARTESIAN_POINT('',(-25.,17.5,147.));
#14840 = VECTOR('',#14841,1.);
#14841 = DIRECTION('',(1.,0.,-0.));
#14842 = ORIENTED_EDGE('',*,*,#14843,.T.);
#14843 = EDGE_CURVE('',#14834,#14844,#14846,.T.);
#14844 = VERTEX_POINT('',#14845);
#14845 = CARTESIAN_POINT('',(-24.,17.5,91.));
#14846 = LINE('',#14847,#14848);
#14847 = CARTESIAN_POINT('',(-24.,17.5,89.5));
#14848 = VECTOR('',#14849,1.);
#14849 = DIRECTION('',(-0.,0.,-1.));
#14850 = ORIENTED_EDGE('',*,*,#14851,.T.);
#14851 = EDGE_CURVE('',#14844,#14852,#14854,.T.);
#14852 = VERTEX_POINT('',#14853);
#14853 = CARTESIAN_POINT('',(24.,17.5,91.));
#14854 = LINE('',#14855,#14856);
#14855 = CARTESIAN_POINT('',(-25.,17.5,91.));
#14856 = VECTOR('',#14857,1.);
#14857 = DIRECTION('',(1.,0.,-0.));
#14858 = ORIENTED_EDGE('',*,*,#14859,.F.);
#14859 = EDGE_CURVE('',#14836,#14852,#14860,.T.);
#14860 = LINE('',#14861,#14862);
#14861 = CARTESIAN_POINT('',(24.,17.5,89.5));
#14862 = VECTOR('',#14863,1.);
#14863 = DIRECTION('',(-0.,0.,-1.));
#14864 = PLANE('',#14865);
#14865 = AXIS2_PLACEMENT_3D('',#14866,#14867,#14868);
#14866 = CARTESIAN_POINT('',(-26.,17.5,88.));
#14867 = DIRECTION('',(0.,1.,0.));
#14868 = DIRECTION('',(0.,0.,1.));
#14869 = ADVANCED_FACE('',(#14870),#14881,.F.);
#14870 = FACE_BOUND('',#14871,.F.);
#14871 = EDGE_LOOP('',(#14872,#14873,#14874,#14880));
#14872 = ORIENTED_EDGE('',*,*,#14696,.F.);
#14873 = ORIENTED_EDGE('',*,*,#14726,.T.);
#14874 = ORIENTED_EDGE('',*,*,#14875,.T.);
#14875 = EDGE_CURVE('',#14727,#14816,#14876,.T.);
#14876 = LINE('',#14877,#14878);
#14877 = CARTESIAN_POINT('',(26.,16.,88.));
#14878 = VECTOR('',#14879,1.);
#14879 = DIRECTION('',(0.,1.,0.));
#14880 = ORIENTED_EDGE('',*,*,#14815,.F.);
#14881 = PLANE('',#14882);
#14882 = AXIS2_PLACEMENT_3D('',#14883,#14884,#14885);
#14883 = CARTESIAN_POINT('',(-26.,16.,88.));
#14884 = DIRECTION('',(0.,0.,1.));
#14885 = DIRECTION('',(1.,0.,0.));
#14886 = ADVANCED_FACE('',(#14887),#14893,.T.);
#14887 = FACE_BOUND('',#14888,.T.);
#14888 = EDGE_LOOP('',(#14889,#14890,#14891,#14892));
#14889 = ORIENTED_EDGE('',*,*,#14743,.F.);
#14890 = ORIENTED_EDGE('',*,*,#14875,.T.);
#14891 = ORIENTED_EDGE('',*,*,#14825,.T.);
#14892 = ORIENTED_EDGE('',*,*,#14793,.F.);
#14893 = PLANE('',#14894);
#14894 = AXIS2_PLACEMENT_3D('',#14895,#14896,#14897);
#14895 = CARTESIAN_POINT('',(26.,16.,88.));
#14896 = DIRECTION('',(1.,0.,0.));
#14897 = DIRECTION('',(0.,0.,1.));
#14898 = ADVANCED_FACE('',(#14899),#14915,.F.);
#14899 = FACE_BOUND('',#14900,.F.);
#14900 = EDGE_LOOP('',(#14901,#14907,#14908,#14914));
#14901 = ORIENTED_EDGE('',*,*,#14902,.F.);
#14902 = EDGE_CURVE('',#14752,#14834,#14903,.T.);
#14903 = LINE('',#14904,#14905);
#14904 = CARTESIAN_POINT('',(-24.,15.5,147.));
#14905 = VECTOR('',#14906,1.);
#14906 = DIRECTION('',(0.,1.,0.));
#14907 = ORIENTED_EDGE('',*,*,#14751,.T.);
#14908 = ORIENTED_EDGE('',*,*,#14909,.T.);
#14909 = EDGE_CURVE('',#14754,#14836,#14910,.T.);
#14910 = LINE('',#14911,#14912);
#14911 = CARTESIAN_POINT('',(24.,15.5,147.));
#14912 = VECTOR('',#14913,1.);
#14913 = DIRECTION('',(0.,1.,0.));
#14914 = ORIENTED_EDGE('',*,*,#14833,.F.);
#14915 = PLANE('',#14916);
#14916 = AXIS2_PLACEMENT_3D('',#14917,#14918,#14919);
#14917 = CARTESIAN_POINT('',(-24.,15.5,147.));
#14918 = DIRECTION('',(0.,0.,1.));
#14919 = DIRECTION('',(1.,0.,0.));
#14920 = ADVANCED_FACE('',(#14921),#14932,.F.);
#14921 = FACE_BOUND('',#14922,.F.);
#14922 = EDGE_LOOP('',(#14923,#14924,#14925,#14931));
#14923 = ORIENTED_EDGE('',*,*,#14909,.F.);
#14924 = ORIENTED_EDGE('',*,*,#14777,.T.);
#14925 = ORIENTED_EDGE('',*,*,#14926,.T.);
#14926 = EDGE_CURVE('',#14770,#14852,#14927,.T.);
#14927 = LINE('',#14928,#14929);
#14928 = CARTESIAN_POINT('',(24.,15.5,91.));
#14929 = VECTOR('',#14930,1.);
#14930 = DIRECTION('',(0.,1.,0.));
#14931 = ORIENTED_EDGE('',*,*,#14859,.F.);
#14932 = PLANE('',#14933);
#14933 = AXIS2_PLACEMENT_3D('',#14934,#14935,#14936);
#14934 = CARTESIAN_POINT('',(24.,15.5,91.));
#14935 = DIRECTION('',(1.,0.,0.));
#14936 = DIRECTION('',(0.,0.,1.));
#14937 = ADVANCED_FACE('',(#14938),#14949,.T.);
#14938 = FACE_BOUND('',#14939,.T.);
#14939 = EDGE_LOOP('',(#14940,#14946,#14947,#14948));
#14940 = ORIENTED_EDGE('',*,*,#14941,.F.);
#14941 = EDGE_CURVE('',#14762,#14844,#14942,.T.);
#14942 = LINE('',#14943,#14944);
#14943 = CARTESIAN_POINT('',(-24.,15.5,91.));
#14944 = VECTOR('',#14945,1.);
#14945 = DIRECTION('',(0.,1.,0.));
#14946 = ORIENTED_EDGE('',*,*,#14769,.T.);
#14947 = ORIENTED_EDGE('',*,*,#14926,.T.);
#14948 = ORIENTED_EDGE('',*,*,#14851,.F.);
#14949 = PLANE('',#14950);
#14950 = AXIS2_PLACEMENT_3D('',#14951,#14952,#14953);
#14951 = CARTESIAN_POINT('',(-24.,15.5,91.));
#14952 = DIRECTION('',(0.,0.,1.));
#14953 = DIRECTION('',(1.,0.,0.));
#14954 = ADVANCED_FACE('',(#14955),#14961,.T.);
#14955 = FACE_BOUND('',#14956,.T.);
#14956 = EDGE_LOOP('',(#14957,#14958,#14959,#14960));
#14957 = ORIENTED_EDGE('',*,*,#14902,.F.);
#14958 = ORIENTED_EDGE('',*,*,#14761,.T.);
#14959 = ORIENTED_EDGE('',*,*,#14941,.T.);
#14960 = ORIENTED_EDGE('',*,*,#14843,.F.);
#14961 = PLANE('',#14962);
#14962 = AXIS2_PLACEMENT_3D('',#14963,#14964,#14965);
#14963 = CARTESIAN_POINT('',(-24.,15.5,91.));
#14964 = DIRECTION('',(1.,0.,0.));
#14965 = DIRECTION('',(0.,0.,1.));
#14966 = ( GEOMETRIC_REPRESENTATION_CONTEXT(3) 
GLOBAL_UNCERTAINTY_ASSIGNED_CONTEXT((#14970)) 
GLOBAL_UNIT_ASSIGNED_CONTEXT((#14967,#14968,#14969)) 
REPRESENTATION_CONTEXT('Context #1',
  '3D Context with UNIT and UNCERTAINTY') );
#14967 = ( LENGTH_UNIT() NAMED_UNIT(*) SI_UNIT(.MILLI.,.METRE.) );
#14968 = ( NAMED_UNIT(*) PLANE_ANGLE_UNIT() SI_UNIT($,.RADIAN.) );
#14969 = ( NAMED_UNIT(*) SI_UNIT($,.STERADIAN.) SOLID_ANGLE_UNIT() );
#14970 = UNCERTAINTY_MEASURE_WITH_UNIT(LENGTH_MEASURE(1.E-07),#14967,
  'distance_accuracy_value','confusion accuracy');
#14971 = CONTEXT_DEPENDENT_SHAPE_REPRESENTATION(#14972,#14974);
#14972 = ( REPRESENTATION_RELATIONSHIP('','',#14679,#10) 
REPRESENTATION_RELATIONSHIP_WITH_TRANSFORMATION(#14973) 
SHAPE_REPRESENTATION_RELATIONSHIP() );
#14973 = ITEM_DEFINED_TRANSFORMATION('','',#11,#155);
#14974 = PRODUCT_DEFINITION_SHAPE('Placement','Placement of an item',
  #14975);
#14975 = NEXT_ASSEMBLY_USAGE_OCCURRENCE('88','TFT_Bezel_Frame','',#5,
  #14674,$);
#14976 = PRODUCT_RELATED_PRODUCT_CATEGORY('part',$,(#14676));
#14977 = SHAPE_DEFINITION_REPRESENTATION(#14978,#14984);
#14978 = PRODUCT_DEFINITION_SHAPE('','',#14979);
#14979 = PRODUCT_DEFINITION('design','',#14980,#14983);
#14980 = PRODUCT_DEFINITION_FORMATION('','',#14981);
#14981 = PRODUCT('LCD_Screen_Glass','LCD_Screen_Glass','',(#14982));
#14982 = PRODUCT_CONTEXT('',#2,'mechanical');
#14983 = PRODUCT_DEFINITION_CONTEXT('part definition',#2,'design');
#14984 = ADVANCED_BREP_SHAPE_REPRESENTATION('',(#11,#14985),#15135);
#14985 = MANIFOLD_SOLID_BREP('',#14986);
#14986 = CLOSED_SHELL('',(#14987,#15027,#15067,#15089,#15111,#15123));
#14987 = ADVANCED_FACE('',(#14988),#15022,.F.);
#14988 = FACE_BOUND('',#14989,.F.);
#14989 = EDGE_LOOP('',(#14990,#15000,#15008,#15016));
#14990 = ORIENTED_EDGE('',*,*,#14991,.F.);
#14991 = EDGE_CURVE('',#14992,#14994,#14996,.T.);
#14992 = VERTEX_POINT('',#14993);
#14993 = CARTESIAN_POINT('',(0.,0.,0.));
#14994 = VERTEX_POINT('',#14995);
#14995 = CARTESIAN_POINT('',(0.,0.,56.));
#14996 = LINE('',#14997,#14998);
#14997 = CARTESIAN_POINT('',(0.,0.,0.));
#14998 = VECTOR('',#14999,1.);
#14999 = DIRECTION('',(0.,0.,1.));
#15000 = ORIENTED_EDGE('',*,*,#15001,.T.);
#15001 = EDGE_CURVE('',#14992,#15002,#15004,.T.);
#15002 = VERTEX_POINT('',#15003);
#15003 = CARTESIAN_POINT('',(0.,0.8,0.));
#15004 = LINE('',#15005,#15006);
#15005 = CARTESIAN_POINT('',(0.,0.,0.));
#15006 = VECTOR('',#15007,1.);
#15007 = DIRECTION('',(-0.,1.,0.));
#15008 = ORIENTED_EDGE('',*,*,#15009,.T.);
#15009 = EDGE_CURVE('',#15002,#15010,#15012,.T.);
#15010 = VERTEX_POINT('',#15011);
#15011 = CARTESIAN_POINT('',(0.,0.8,56.));
#15012 = LINE('',#15013,#15014);
#15013 = CARTESIAN_POINT('',(0.,0.8,0.));
#15014 = VECTOR('',#15015,1.);
#15015 = DIRECTION('',(0.,0.,1.));
#15016 = ORIENTED_EDGE('',*,*,#15017,.F.);
#15017 = EDGE_CURVE('',#14994,#15010,#15018,.T.);
#15018 = LINE('',#15019,#15020);
#15019 = CARTESIAN_POINT('',(0.,0.,56.));
#15020 = VECTOR('',#15021,1.);
#15021 = DIRECTION('',(-0.,1.,0.));
#15022 = PLANE('',#15023);
#15023 = AXIS2_PLACEMENT_3D('',#15024,#15025,#15026);
#15024 = CARTESIAN_POINT('',(0.,0.,0.));
#15025 = DIRECTION('',(1.,0.,-0.));
#15026 = DIRECTION('',(0.,0.,1.));
#15027 = ADVANCED_FACE('',(#15028),#15062,.T.);
#15028 = FACE_BOUND('',#15029,.T.);
#15029 = EDGE_LOOP('',(#15030,#15040,#15048,#15056));
#15030 = ORIENTED_EDGE('',*,*,#15031,.F.);
#15031 = EDGE_CURVE('',#15032,#15034,#15036,.T.);
#15032 = VERTEX_POINT('',#15033);
#15033 = CARTESIAN_POINT('',(48.,0.,0.));
#15034 = VERTEX_POINT('',#15035);
#15035 = CARTESIAN_POINT('',(48.,0.,56.));
#15036 = LINE('',#15037,#15038);
#15037 = CARTESIAN_POINT('',(48.,0.,0.));
#15038 = VECTOR('',#15039,1.);
#15039 = DIRECTION('',(0.,0.,1.));
#15040 = ORIENTED_EDGE('',*,*,#15041,.T.);
#15041 = EDGE_CURVE('',#15032,#15042,#15044,.T.);
#15042 = VERTEX_POINT('',#15043);
#15043 = CARTESIAN_POINT('',(48.,0.8,0.));
#15044 = LINE('',#15045,#15046);
#15045 = CARTESIAN_POINT('',(48.,0.,0.));
#15046 = VECTOR('',#15047,1.);
#15047 = DIRECTION('',(-0.,1.,0.));
#15048 = ORIENTED_EDGE('',*,*,#15049,.T.);
#15049 = EDGE_CURVE('',#15042,#15050,#15052,.T.);
#15050 = VERTEX_POINT('',#15051);
#15051 = CARTESIAN_POINT('',(48.,0.8,56.));
#15052 = LINE('',#15053,#15054);
#15053 = CARTESIAN_POINT('',(48.,0.8,0.));
#15054 = VECTOR('',#15055,1.);
#15055 = DIRECTION('',(0.,0.,1.));
#15056 = ORIENTED_EDGE('',*,*,#15057,.F.);
#15057 = EDGE_CURVE('',#15034,#15050,#15058,.T.);
#15058 = LINE('',#15059,#15060);
#15059 = CARTESIAN_POINT('',(48.,0.,56.));
#15060 = VECTOR('',#15061,1.);
#15061 = DIRECTION('',(-0.,1.,0.));
#15062 = PLANE('',#15063);
#15063 = AXIS2_PLACEMENT_3D('',#15064,#15065,#15066);
#15064 = CARTESIAN_POINT('',(48.,0.,0.));
#15065 = DIRECTION('',(1.,0.,-0.));
#15066 = DIRECTION('',(0.,0.,1.));
#15067 = ADVANCED_FACE('',(#15068),#15084,.F.);
#15068 = FACE_BOUND('',#15069,.F.);
#15069 = EDGE_LOOP('',(#15070,#15076,#15077,#15083));
#15070 = ORIENTED_EDGE('',*,*,#15071,.F.);
#15071 = EDGE_CURVE('',#14992,#15032,#15072,.T.);
#15072 = LINE('',#15073,#15074);
#15073 = CARTESIAN_POINT('',(0.,0.,0.));
#15074 = VECTOR('',#15075,1.);
#15075 = DIRECTION('',(1.,0.,-0.));
#15076 = ORIENTED_EDGE('',*,*,#14991,.T.);
#15077 = ORIENTED_EDGE('',*,*,#15078,.T.);
#15078 = EDGE_CURVE('',#14994,#15034,#15079,.T.);
#15079 = LINE('',#15080,#15081);
#15080 = CARTESIAN_POINT('',(0.,0.,56.));
#15081 = VECTOR('',#15082,1.);
#15082 = DIRECTION('',(1.,0.,-0.));
#15083 = ORIENTED_EDGE('',*,*,#15031,.F.);
#15084 = PLANE('',#15085);
#15085 = AXIS2_PLACEMENT_3D('',#15086,#15087,#15088);
#15086 = CARTESIAN_POINT('',(0.,0.,0.));
#15087 = DIRECTION('',(-0.,1.,0.));
#15088 = DIRECTION('',(0.,0.,1.));
#15089 = ADVANCED_FACE('',(#15090),#15106,.T.);
#15090 = FACE_BOUND('',#15091,.T.);
#15091 = EDGE_LOOP('',(#15092,#15098,#15099,#15105));
#15092 = ORIENTED_EDGE('',*,*,#15093,.F.);
#15093 = EDGE_CURVE('',#15002,#15042,#15094,.T.);
#15094 = LINE('',#15095,#15096);
#15095 = CARTESIAN_POINT('',(0.,0.8,0.));
#15096 = VECTOR('',#15097,1.);
#15097 = DIRECTION('',(1.,0.,-0.));
#15098 = ORIENTED_EDGE('',*,*,#15009,.T.);
#15099 = ORIENTED_EDGE('',*,*,#15100,.T.);
#15100 = EDGE_CURVE('',#15010,#15050,#15101,.T.);
#15101 = LINE('',#15102,#15103);
#15102 = CARTESIAN_POINT('',(0.,0.8,56.));
#15103 = VECTOR('',#15104,1.);
#15104 = DIRECTION('',(1.,0.,-0.));
#15105 = ORIENTED_EDGE('',*,*,#15049,.F.);
#15106 = PLANE('',#15107);
#15107 = AXIS2_PLACEMENT_3D('',#15108,#15109,#15110);
#15108 = CARTESIAN_POINT('',(0.,0.8,0.));
#15109 = DIRECTION('',(-0.,1.,0.));
#15110 = DIRECTION('',(0.,0.,1.));
#15111 = ADVANCED_FACE('',(#15112),#15118,.F.);
#15112 = FACE_BOUND('',#15113,.F.);
#15113 = EDGE_LOOP('',(#15114,#15115,#15116,#15117));
#15114 = ORIENTED_EDGE('',*,*,#15001,.F.);
#15115 = ORIENTED_EDGE('',*,*,#15071,.T.);
#15116 = ORIENTED_EDGE('',*,*,#15041,.T.);
#15117 = ORIENTED_EDGE('',*,*,#15093,.F.);
#15118 = PLANE('',#15119);
#15119 = AXIS2_PLACEMENT_3D('',#15120,#15121,#15122);
#15120 = CARTESIAN_POINT('',(0.,0.,0.));
#15121 = DIRECTION('',(0.,0.,1.));
#15122 = DIRECTION('',(1.,0.,-0.));
#15123 = ADVANCED_FACE('',(#15124),#15130,.T.);
#15124 = FACE_BOUND('',#15125,.T.);
#15125 = EDGE_LOOP('',(#15126,#15127,#15128,#15129));
#15126 = ORIENTED_EDGE('',*,*,#15017,.F.);
#15127 = ORIENTED_EDGE('',*,*,#15078,.T.);
#15128 = ORIENTED_EDGE('',*,*,#15057,.T.);
#15129 = ORIENTED_EDGE('',*,*,#15100,.F.);
#15130 = PLANE('',#15131);
#15131 = AXIS2_PLACEMENT_3D('',#15132,#15133,#15134);
#15132 = CARTESIAN_POINT('',(0.,0.,56.));
#15133 = DIRECTION('',(0.,0.,1.));
#15134 = DIRECTION('',(1.,0.,-0.));
#15135 = ( GEOMETRIC_REPRESENTATION_CONTEXT(3) 
GLOBAL_UNCERTAINTY_ASSIGNED_CONTEXT((#15139)) 
GLOBAL_UNIT_ASSIGNED_CONTEXT((#15136,#15137,#15138)) 
REPRESENTATION_CONTEXT('Context #1',
  '3D Context with UNIT and UNCERTAINTY') );
#15136 = ( LENGTH_UNIT() NAMED_UNIT(*) SI_UNIT(.MILLI.,.METRE.) );
#15137 = ( NAMED_UNIT(*) PLANE_ANGLE_UNIT() SI_UNIT($,.RADIAN.) );
#15138 = ( NAMED_UNIT(*) SI_UNIT($,.STERADIAN.) SOLID_ANGLE_UNIT() );
#15139 = UNCERTAINTY_MEASURE_WITH_UNIT(LENGTH_MEASURE(1.E-07),#15136,
  'distance_accuracy_value','confusion accuracy');
#15140 = CONTEXT_DEPENDENT_SHAPE_REPRESENTATION(#15141,#15143);
#15141 = ( REPRESENTATION_RELATIONSHIP('','',#14984,#10) 
REPRESENTATION_RELATIONSHIP_WITH_TRANSFORMATION(#15142) 
SHAPE_REPRESENTATION_RELATIONSHIP() );
#15142 = ITEM_DEFINED_TRANSFORMATION('','',#11,#159);
#15143 = PRODUCT_DEFINITION_SHAPE('Placement','Placement of an item',
  #15144);
#15144 = NEXT_ASSEMBLY_USAGE_OCCURRENCE('89','LCD_Screen_Glass','',#5,
  #14979,$);
#15145 = PRODUCT_RELATED_PRODUCT_CATEGORY('part',$,(#14981));
#15146 = SHAPE_DEFINITION_REPRESENTATION(#15147,#15153);
#15147 = PRODUCT_DEFINITION_SHAPE('','',#15148);
#15148 = PRODUCT_DEFINITION('design','',#15149,#15152);
#15149 = PRODUCT_DEFINITION_FORMATION('','',#15150);
#15150 = PRODUCT('Front_Boss_TL','Front_Boss_TL','',(#15151));
#15151 = PRODUCT_CONTEXT('',#2,'mechanical');
#15152 = PRODUCT_DEFINITION_CONTEXT('part definition',#2,'design');
#15153 = SHAPE_REPRESENTATION('',(#11,#15154,#15246),#15396);
#15154 = MANIFOLD_SOLID_BREP('',#15155);
#15155 = CLOSED_SHELL('',(#15156,#15189,#15209,#15229));
#15156 = ADVANCED_FACE('',(#15157),#15184,.T.);
#15157 = FACE_BOUND('',#15158,.T.);
#15158 = EDGE_LOOP('',(#15159,#15168,#15176,#15183));
#15159 = ORIENTED_EDGE('',*,*,#15160,.F.);
#15160 = EDGE_CURVE('',#15161,#15161,#15163,.T.);
#15161 = VERTEX_POINT('',#15162);
#15162 = CARTESIAN_POINT('',(-25.,6.,166.));
#15163 = CIRCLE('',#15164,4.);
#15164 = AXIS2_PLACEMENT_3D('',#15165,#15166,#15167);
#15165 = CARTESIAN_POINT('',(-29.,6.,166.));
#15166 = DIRECTION('',(0.,-1.,0.));
#15167 = DIRECTION('',(1.,0.,0.));
#15168 = ORIENTED_EDGE('',*,*,#15169,.F.);
#15169 = EDGE_CURVE('',#15170,#15161,#15172,.T.);
#15170 = VERTEX_POINT('',#15171);
#15171 = CARTESIAN_POINT('',(-25.,15.,166.));
#15172 = LINE('',#15173,#15174);
#15173 = CARTESIAN_POINT('',(-25.,15.,166.));
#15174 = VECTOR('',#15175,1.);
#15175 = DIRECTION('',(0.,-1.,0.));
#15176 = ORIENTED_EDGE('',*,*,#15177,.T.);
#15177 = EDGE_CURVE('',#15170,#15170,#15178,.T.);
#15178 = CIRCLE('',#15179,4.);
#15179 = AXIS2_PLACEMENT_3D('',#15180,#15181,#15182);
#15180 = CARTESIAN_POINT('',(-29.,15.,166.));
#15181 = DIRECTION('',(0.,-1.,0.));
#15182 = DIRECTION('',(1.,0.,0.));
#15183 = ORIENTED_EDGE('',*,*,#15169,.T.);
#15184 = CYLINDRICAL_SURFACE('',#15185,4.);
#15185 = AXIS2_PLACEMENT_3D('',#15186,#15187,#15188);
#15186 = CARTESIAN_POINT('',(-29.,15.,166.));
#15187 = DIRECTION('',(0.,-1.,0.));
#15188 = DIRECTION('',(1.,0.,0.));
#15189 = ADVANCED_FACE('',(#15190,#15193),#15204,.T.);
#15190 = FACE_BOUND('',#15191,.T.);
#15191 = EDGE_LOOP('',(#15192));
#15192 = ORIENTED_EDGE('',*,*,#15160,.T.);
#15193 = FACE_BOUND('',#15194,.T.);
#15194 = EDGE_LOOP('',(#15195));
#15195 = ORIENTED_EDGE('',*,*,#15196,.F.);
#15196 = EDGE_CURVE('',#15197,#15197,#15199,.T.);
#15197 = VERTEX_POINT('',#15198);
#15198 = CARTESIAN_POINT('',(-27.9,6.,166.));
#15199 = CIRCLE('',#15200,1.1);
#15200 = AXIS2_PLACEMENT_3D('',#15201,#15202,#15203);
#15201 = CARTESIAN_POINT('',(-29.,6.,166.));
#15202 = DIRECTION('',(0.,-1.,1.1E-16));
#15203 = DIRECTION('',(1.,0.,0.));
#15204 = PLANE('',#15205);
#15205 = AXIS2_PLACEMENT_3D('',#15206,#15207,#15208);
#15206 = CARTESIAN_POINT('',(-29.,6.,166.));
#15207 = DIRECTION('',(0.,-1.,0.));
#15208 = DIRECTION('',(1.,0.,0.));
#15209 = ADVANCED_FACE('',(#15210,#15213),#15224,.F.);
#15210 = FACE_BOUND('',#15211,.F.);
#15211 = EDGE_LOOP('',(#15212));
#15212 = ORIENTED_EDGE('',*,*,#15177,.T.);
#15213 = FACE_BOUND('',#15214,.F.);
#15214 = EDGE_LOOP('',(#15215));
#15215 = ORIENTED_EDGE('',*,*,#15216,.F.);
#15216 = EDGE_CURVE('',#15217,#15217,#15219,.T.);
#15217 = VERTEX_POINT('',#15218);
#15218 = CARTESIAN_POINT('',(-27.9,15.,166.));
#15219 = CIRCLE('',#15220,1.1);
#15220 = AXIS2_PLACEMENT_3D('',#15221,#15222,#15223);
#15221 = CARTESIAN_POINT('',(-29.,15.,166.));
#15222 = DIRECTION('',(0.,-1.,0.));
#15223 = DIRECTION('',(1.,0.,0.));
#15224 = PLANE('',#15225);
#15225 = AXIS2_PLACEMENT_3D('',#15226,#15227,#15228);
#15226 = CARTESIAN_POINT('',(-29.,15.,166.));
#15227 = DIRECTION('',(0.,-1.,0.));
#15228 = DIRECTION('',(1.,0.,0.));
#15229 = ADVANCED_FACE('',(#15230),#15241,.F.);
#15230 = FACE_BOUND('',#15231,.F.);
#15231 = EDGE_LOOP('',(#15232,#15233,#15239,#15240));
#15232 = ORIENTED_EDGE('',*,*,#15196,.F.);
#15233 = ORIENTED_EDGE('',*,*,#15234,.F.);
#15234 = EDGE_CURVE('',#15217,#15197,#15235,.T.);
#15235 = LINE('',#15236,#15237);
#15236 = CARTESIAN_POINT('',(-27.9,15.,166.));
#15237 = VECTOR('',#15238,1.);
#15238 = DIRECTION('',(0.,-1.,0.));
#15239 = ORIENTED_EDGE('',*,*,#15216,.T.);
#15240 = ORIENTED_EDGE('',*,*,#15234,.T.);
#15241 = CYLINDRICAL_SURFACE('',#15242,1.1);
#15242 = AXIS2_PLACEMENT_3D('',#15243,#15244,#15245);
#15243 = CARTESIAN_POINT('',(-29.,15.,166.));
#15244 = DIRECTION('',(0.,-1.,0.));
#15245 = DIRECTION('',(1.,0.,0.));
#15246 = MANIFOLD_SOLID_BREP('',#15247);
#15247 = CLOSED_SHELL('',(#15248,#15288,#15328,#15350,#15372,#15384));
#15248 = ADVANCED_FACE('',(#15249),#15283,.F.);
#15249 = FACE_BOUND('',#15250,.F.);
#15250 = EDGE_LOOP('',(#15251,#15261,#15269,#15277));
#15251 = ORIENTED_EDGE('',*,*,#15252,.F.);
#15252 = EDGE_CURVE('',#15253,#15255,#15257,.T.);
#15253 = VERTEX_POINT('',#15254);
#15254 = CARTESIAN_POINT('',(-29.75,6.,165.25));
#15255 = VERTEX_POINT('',#15256);
#15256 = CARTESIAN_POINT('',(-29.75,6.,166.75));
#15257 = LINE('',#15258,#15259);
#15258 = CARTESIAN_POINT('',(-29.75,6.,165.25));
#15259 = VECTOR('',#15260,1.);
#15260 = DIRECTION('',(0.,0.,1.));
#15261 = ORIENTED_EDGE('',*,*,#15262,.T.);
#15262 = EDGE_CURVE('',#15253,#15263,#15265,.T.);
#15263 = VERTEX_POINT('',#15264);
#15264 = CARTESIAN_POINT('',(-29.75,15.,165.25));
#15265 = LINE('',#15266,#15267);
#15266 = CARTESIAN_POINT('',(-29.75,6.,165.25));
#15267 = VECTOR('',#15268,1.);
#15268 = DIRECTION('',(0.,1.,0.));
#15269 = ORIENTED_EDGE('',*,*,#15270,.T.);
#15270 = EDGE_CURVE('',#15263,#15271,#15273,.T.);
#15271 = VERTEX_POINT('',#15272);
#15272 = CARTESIAN_POINT('',(-29.75,15.,166.75));
#15273 = LINE('',#15274,#15275);
#15274 = CARTESIAN_POINT('',(-29.75,15.,165.25));
#15275 = VECTOR('',#15276,1.);
#15276 = DIRECTION('',(0.,0.,1.));
#15277 = ORIENTED_EDGE('',*,*,#15278,.F.);
#15278 = EDGE_CURVE('',#15255,#15271,#15279,.T.);
#15279 = LINE('',#15280,#15281);
#15280 = CARTESIAN_POINT('',(-29.75,6.,166.75));
#15281 = VECTOR('',#15282,1.);
#15282 = DIRECTION('',(0.,1.,0.));
#15283 = PLANE('',#15284);
#15284 = AXIS2_PLACEMENT_3D('',#15285,#15286,#15287);
#15285 = CARTESIAN_POINT('',(-29.75,6.,165.25));
#15286 = DIRECTION('',(1.,0.,0.));
#15287 = DIRECTION('',(0.,0.,1.));
#15288 = ADVANCED_FACE('',(#15289),#15323,.T.);
#15289 = FACE_BOUND('',#15290,.T.);
#15290 = EDGE_LOOP('',(#15291,#15301,#15309,#15317));
#15291 = ORIENTED_EDGE('',*,*,#15292,.F.);
#15292 = EDGE_CURVE('',#15293,#15295,#15297,.T.);
#15293 = VERTEX_POINT('',#15294);
#15294 = CARTESIAN_POINT('',(-28.25,6.,165.25));
#15295 = VERTEX_POINT('',#15296);
#15296 = CARTESIAN_POINT('',(-28.25,6.,166.75));
#15297 = LINE('',#15298,#15299);
#15298 = CARTESIAN_POINT('',(-28.25,6.,165.25));
#15299 = VECTOR('',#15300,1.);
#15300 = DIRECTION('',(0.,0.,1.));
#15301 = ORIENTED_EDGE('',*,*,#15302,.T.);
#15302 = EDGE_CURVE('',#15293,#15303,#15305,.T.);
#15303 = VERTEX_POINT('',#15304);
#15304 = CARTESIAN_POINT('',(-28.25,15.,165.25));
#15305 = LINE('',#15306,#15307);
#15306 = CARTESIAN_POINT('',(-28.25,6.,165.25));
#15307 = VECTOR('',#15308,1.);
#15308 = DIRECTION('',(0.,1.,0.));
#15309 = ORIENTED_EDGE('',*,*,#15310,.T.);
#15310 = EDGE_CURVE('',#15303,#15311,#15313,.T.);
#15311 = VERTEX_POINT('',#15312);
#15312 = CARTESIAN_POINT('',(-28.25,15.,166.75));
#15313 = LINE('',#15314,#15315);
#15314 = CARTESIAN_POINT('',(-28.25,15.,165.25));
#15315 = VECTOR('',#15316,1.);
#15316 = DIRECTION('',(0.,0.,1.));
#15317 = ORIENTED_EDGE('',*,*,#15318,.F.);
#15318 = EDGE_CURVE('',#15295,#15311,#15319,.T.);
#15319 = LINE('',#15320,#15321);
#15320 = CARTESIAN_POINT('',(-28.25,6.,166.75));
#15321 = VECTOR('',#15322,1.);
#15322 = DIRECTION('',(0.,1.,0.));
#15323 = PLANE('',#15324);
#15324 = AXIS2_PLACEMENT_3D('',#15325,#15326,#15327);
#15325 = CARTESIAN_POINT('',(-28.25,6.,165.25));
#15326 = DIRECTION('',(1.,0.,0.));
#15327 = DIRECTION('',(0.,0.,1.));
#15328 = ADVANCED_FACE('',(#15329),#15345,.F.);
#15329 = FACE_BOUND('',#15330,.F.);
#15330 = EDGE_LOOP('',(#15331,#15337,#15338,#15344));
#15331 = ORIENTED_EDGE('',*,*,#15332,.F.);
#15332 = EDGE_CURVE('',#15253,#15293,#15333,.T.);
#15333 = LINE('',#15334,#15335);
#15334 = CARTESIAN_POINT('',(-29.75,6.,165.25));
#15335 = VECTOR('',#15336,1.);
#15336 = DIRECTION('',(1.,0.,0.));
#15337 = ORIENTED_EDGE('',*,*,#15252,.T.);
#15338 = ORIENTED_EDGE('',*,*,#15339,.T.);
#15339 = EDGE_CURVE('',#15255,#15295,#15340,.T.);
#15340 = LINE('',#15341,#15342);
#15341 = CARTESIAN_POINT('',(-29.75,6.,166.75));
#15342 = VECTOR('',#15343,1.);
#15343 = DIRECTION('',(1.,0.,0.));
#15344 = ORIENTED_EDGE('',*,*,#15292,.F.);
#15345 = PLANE('',#15346);
#15346 = AXIS2_PLACEMENT_3D('',#15347,#15348,#15349);
#15347 = CARTESIAN_POINT('',(-29.75,6.,165.25));
#15348 = DIRECTION('',(0.,1.,0.));
#15349 = DIRECTION('',(0.,0.,1.));
#15350 = ADVANCED_FACE('',(#15351),#15367,.T.);
#15351 = FACE_BOUND('',#15352,.T.);
#15352 = EDGE_LOOP('',(#15353,#15359,#15360,#15366));
#15353 = ORIENTED_EDGE('',*,*,#15354,.F.);
#15354 = EDGE_CURVE('',#15263,#15303,#15355,.T.);
#15355 = LINE('',#15356,#15357);
#15356 = CARTESIAN_POINT('',(-29.75,15.,165.25));
#15357 = VECTOR('',#15358,1.);
#15358 = DIRECTION('',(1.,0.,0.));
#15359 = ORIENTED_EDGE('',*,*,#15270,.T.);
#15360 = ORIENTED_EDGE('',*,*,#15361,.T.);
#15361 = EDGE_CURVE('',#15271,#15311,#15362,.T.);
#15362 = LINE('',#15363,#15364);
#15363 = CARTESIAN_POINT('',(-29.75,15.,166.75));
#15364 = VECTOR('',#15365,1.);
#15365 = DIRECTION('',(1.,0.,0.));
#15366 = ORIENTED_EDGE('',*,*,#15310,.F.);
#15367 = PLANE('',#15368);
#15368 = AXIS2_PLACEMENT_3D('',#15369,#15370,#15371);
#15369 = CARTESIAN_POINT('',(-29.75,15.,165.25));
#15370 = DIRECTION('',(0.,1.,0.));
#15371 = DIRECTION('',(0.,0.,1.));
#15372 = ADVANCED_FACE('',(#15373),#15379,.F.);
#15373 = FACE_BOUND('',#15374,.F.);
#15374 = EDGE_LOOP('',(#15375,#15376,#15377,#15378));
#15375 = ORIENTED_EDGE('',*,*,#15262,.F.);
#15376 = ORIENTED_EDGE('',*,*,#15332,.T.);
#15377 = ORIENTED_EDGE('',*,*,#15302,.T.);
#15378 = ORIENTED_EDGE('',*,*,#15354,.F.);
#15379 = PLANE('',#15380);
#15380 = AXIS2_PLACEMENT_3D('',#15381,#15382,#15383);
#15381 = CARTESIAN_POINT('',(-29.75,6.,165.25));
#15382 = DIRECTION('',(0.,0.,1.));
#15383 = DIRECTION('',(1.,0.,0.));
#15384 = ADVANCED_FACE('',(#15385),#15391,.T.);
#15385 = FACE_BOUND('',#15386,.T.);
#15386 = EDGE_LOOP('',(#15387,#15388,#15389,#15390));
#15387 = ORIENTED_EDGE('',*,*,#15278,.F.);
#15388 = ORIENTED_EDGE('',*,*,#15339,.T.);
#15389 = ORIENTED_EDGE('',*,*,#15318,.T.);
#15390 = ORIENTED_EDGE('',*,*,#15361,.F.);
#15391 = PLANE('',#15392);
#15392 = AXIS2_PLACEMENT_3D('',#15393,#15394,#15395);
#15393 = CARTESIAN_POINT('',(-29.75,6.,166.75));
#15394 = DIRECTION('',(0.,0.,1.));
#15395 = DIRECTION('',(1.,0.,0.));
#15396 = ( GEOMETRIC_REPRESENTATION_CONTEXT(3) 
GLOBAL_UNCERTAINTY_ASSIGNED_CONTEXT((#15400)) 
GLOBAL_UNIT_ASSIGNED_CONTEXT((#15397,#15398,#15399)) 
REPRESENTATION_CONTEXT('Context #1',
  '3D Context with UNIT and UNCERTAINTY') );
#15397 = ( LENGTH_UNIT() NAMED_UNIT(*) SI_UNIT(.MILLI.,.METRE.) );
#15398 = ( NAMED_UNIT(*) PLANE_ANGLE_UNIT() SI_UNIT($,.RADIAN.) );
#15399 = ( NAMED_UNIT(*) SI_UNIT($,.STERADIAN.) SOLID_ANGLE_UNIT() );
#15400 = UNCERTAINTY_MEASURE_WITH_UNIT(LENGTH_MEASURE(1.E-07),#15397,
  'distance_accuracy_value','confusion accuracy');
#15401 = CONTEXT_DEPENDENT_SHAPE_REPRESENTATION(#15402,#15404);
#15402 = ( REPRESENTATION_RELATIONSHIP('','',#15153,#10) 
REPRESENTATION_RELATIONSHIP_WITH_TRANSFORMATION(#15403) 
SHAPE_REPRESENTATION_RELATIONSHIP() );
#15403 = ITEM_DEFINED_TRANSFORMATION('','',#11,#163);
#15404 = PRODUCT_DEFINITION_SHAPE('Placement','Placement of an item',
  #15405);
#15405 = NEXT_ASSEMBLY_USAGE_OCCURRENCE('90','Front_Boss_TL','',#5,
  #15148,$);
#15406 = PRODUCT_RELATED_PRODUCT_CATEGORY('part',$,(#15150));
#15407 = SHAPE_DEFINITION_REPRESENTATION(#15408,#15414);
#15408 = PRODUCT_DEFINITION_SHAPE('','',#15409);
#15409 = PRODUCT_DEFINITION('design','',#15410,#15413);
#15410 = PRODUCT_DEFINITION_FORMATION('','',#15411);
#15411 = PRODUCT('Front_Boss_TR','Front_Boss_TR','',(#15412));
#15412 = PRODUCT_CONTEXT('',#2,'mechanical');
#15413 = PRODUCT_DEFINITION_CONTEXT('part definition',#2,'design');
#15414 = SHAPE_REPRESENTATION('',(#11,#15415,#15507),#15657);
#15415 = MANIFOLD_SOLID_BREP('',#15416);
#15416 = CLOSED_SHELL('',(#15417,#15450,#15470,#15490));
#15417 = ADVANCED_FACE('',(#15418),#15445,.T.);
#15418 = FACE_BOUND('',#15419,.T.);
#15419 = EDGE_LOOP('',(#15420,#15429,#15437,#15444));
#15420 = ORIENTED_EDGE('',*,*,#15421,.F.);
#15421 = EDGE_CURVE('',#15422,#15422,#15424,.T.);
#15422 = VERTEX_POINT('',#15423);
#15423 = CARTESIAN_POINT('',(33.,6.,166.));
#15424 = CIRCLE('',#15425,4.);
#15425 = AXIS2_PLACEMENT_3D('',#15426,#15427,#15428);
#15426 = CARTESIAN_POINT('',(29.,6.,166.));
#15427 = DIRECTION('',(0.,-1.,0.));
#15428 = DIRECTION('',(1.,0.,0.));
#15429 = ORIENTED_EDGE('',*,*,#15430,.F.);
#15430 = EDGE_CURVE('',#15431,#15422,#15433,.T.);
#15431 = VERTEX_POINT('',#15432);
#15432 = CARTESIAN_POINT('',(33.,15.,166.));
#15433 = LINE('',#15434,#15435);
#15434 = CARTESIAN_POINT('',(33.,15.,166.));
#15435 = VECTOR('',#15436,1.);
#15436 = DIRECTION('',(0.,-1.,0.));
#15437 = ORIENTED_EDGE('',*,*,#15438,.T.);
#15438 = EDGE_CURVE('',#15431,#15431,#15439,.T.);
#15439 = CIRCLE('',#15440,4.);
#15440 = AXIS2_PLACEMENT_3D('',#15441,#15442,#15443);
#15441 = CARTESIAN_POINT('',(29.,15.,166.));
#15442 = DIRECTION('',(0.,-1.,0.));
#15443 = DIRECTION('',(1.,0.,0.));
#15444 = ORIENTED_EDGE('',*,*,#15430,.T.);
#15445 = CYLINDRICAL_SURFACE('',#15446,4.);
#15446 = AXIS2_PLACEMENT_3D('',#15447,#15448,#15449);
#15447 = CARTESIAN_POINT('',(29.,15.,166.));
#15448 = DIRECTION('',(0.,-1.,0.));
#15449 = DIRECTION('',(1.,0.,0.));
#15450 = ADVANCED_FACE('',(#15451,#15454),#15465,.T.);
#15451 = FACE_BOUND('',#15452,.T.);
#15452 = EDGE_LOOP('',(#15453));
#15453 = ORIENTED_EDGE('',*,*,#15421,.T.);
#15454 = FACE_BOUND('',#15455,.T.);
#15455 = EDGE_LOOP('',(#15456));
#15456 = ORIENTED_EDGE('',*,*,#15457,.F.);
#15457 = EDGE_CURVE('',#15458,#15458,#15460,.T.);
#15458 = VERTEX_POINT('',#15459);
#15459 = CARTESIAN_POINT('',(30.1,6.,166.));
#15460 = CIRCLE('',#15461,1.1);
#15461 = AXIS2_PLACEMENT_3D('',#15462,#15463,#15464);
#15462 = CARTESIAN_POINT('',(29.,6.,166.));
#15463 = DIRECTION('',(0.,-1.,1.1E-16));
#15464 = DIRECTION('',(1.,0.,0.));
#15465 = PLANE('',#15466);
#15466 = AXIS2_PLACEMENT_3D('',#15467,#15468,#15469);
#15467 = CARTESIAN_POINT('',(29.,6.,166.));
#15468 = DIRECTION('',(0.,-1.,0.));
#15469 = DIRECTION('',(1.,0.,0.));
#15470 = ADVANCED_FACE('',(#15471,#15474),#15485,.F.);
#15471 = FACE_BOUND('',#15472,.F.);
#15472 = EDGE_LOOP('',(#15473));
#15473 = ORIENTED_EDGE('',*,*,#15438,.T.);
#15474 = FACE_BOUND('',#15475,.F.);
#15475 = EDGE_LOOP('',(#15476));
#15476 = ORIENTED_EDGE('',*,*,#15477,.F.);
#15477 = EDGE_CURVE('',#15478,#15478,#15480,.T.);
#15478 = VERTEX_POINT('',#15479);
#15479 = CARTESIAN_POINT('',(30.1,15.,166.));
#15480 = CIRCLE('',#15481,1.1);
#15481 = AXIS2_PLACEMENT_3D('',#15482,#15483,#15484);
#15482 = CARTESIAN_POINT('',(29.,15.,166.));
#15483 = DIRECTION('',(0.,-1.,0.));
#15484 = DIRECTION('',(1.,0.,0.));
#15485 = PLANE('',#15486);
#15486 = AXIS2_PLACEMENT_3D('',#15487,#15488,#15489);
#15487 = CARTESIAN_POINT('',(29.,15.,166.));
#15488 = DIRECTION('',(0.,-1.,0.));
#15489 = DIRECTION('',(1.,0.,0.));
#15490 = ADVANCED_FACE('',(#15491),#15502,.F.);
#15491 = FACE_BOUND('',#15492,.F.);
#15492 = EDGE_LOOP('',(#15493,#15494,#15500,#15501));
#15493 = ORIENTED_EDGE('',*,*,#15457,.F.);
#15494 = ORIENTED_EDGE('',*,*,#15495,.F.);
#15495 = EDGE_CURVE('',#15478,#15458,#15496,.T.);
#15496 = LINE('',#15497,#15498);
#15497 = CARTESIAN_POINT('',(30.1,15.,166.));
#15498 = VECTOR('',#15499,1.);
#15499 = DIRECTION('',(0.,-1.,0.));
#15500 = ORIENTED_EDGE('',*,*,#15477,.T.);
#15501 = ORIENTED_EDGE('',*,*,#15495,.T.);
#15502 = CYLINDRICAL_SURFACE('',#15503,1.1);
#15503 = AXIS2_PLACEMENT_3D('',#15504,#15505,#15506);
#15504 = CARTESIAN_POINT('',(29.,15.,166.));
#15505 = DIRECTION('',(0.,-1.,0.));
#15506 = DIRECTION('',(1.,0.,0.));
#15507 = MANIFOLD_SOLID_BREP('',#15508);
#15508 = CLOSED_SHELL('',(#15509,#15549,#15589,#15611,#15633,#15645));
#15509 = ADVANCED_FACE('',(#15510),#15544,.F.);
#15510 = FACE_BOUND('',#15511,.F.);
#15511 = EDGE_LOOP('',(#15512,#15522,#15530,#15538));
#15512 = ORIENTED_EDGE('',*,*,#15513,.F.);
#15513 = EDGE_CURVE('',#15514,#15516,#15518,.T.);
#15514 = VERTEX_POINT('',#15515);
#15515 = CARTESIAN_POINT('',(28.25,6.,165.25));
#15516 = VERTEX_POINT('',#15517);
#15517 = CARTESIAN_POINT('',(28.25,6.,166.75));
#15518 = LINE('',#15519,#15520);
#15519 = CARTESIAN_POINT('',(28.25,6.,165.25));
#15520 = VECTOR('',#15521,1.);
#15521 = DIRECTION('',(0.,0.,1.));
#15522 = ORIENTED_EDGE('',*,*,#15523,.T.);
#15523 = EDGE_CURVE('',#15514,#15524,#15526,.T.);
#15524 = VERTEX_POINT('',#15525);
#15525 = CARTESIAN_POINT('',(28.25,15.,165.25));
#15526 = LINE('',#15527,#15528);
#15527 = CARTESIAN_POINT('',(28.25,6.,165.25));
#15528 = VECTOR('',#15529,1.);
#15529 = DIRECTION('',(0.,1.,0.));
#15530 = ORIENTED_EDGE('',*,*,#15531,.T.);
#15531 = EDGE_CURVE('',#15524,#15532,#15534,.T.);
#15532 = VERTEX_POINT('',#15533);
#15533 = CARTESIAN_POINT('',(28.25,15.,166.75));
#15534 = LINE('',#15535,#15536);
#15535 = CARTESIAN_POINT('',(28.25,15.,165.25));
#15536 = VECTOR('',#15537,1.);
#15537 = DIRECTION('',(0.,0.,1.));
#15538 = ORIENTED_EDGE('',*,*,#15539,.F.);
#15539 = EDGE_CURVE('',#15516,#15532,#15540,.T.);
#15540 = LINE('',#15541,#15542);
#15541 = CARTESIAN_POINT('',(28.25,6.,166.75));
#15542 = VECTOR('',#15543,1.);
#15543 = DIRECTION('',(0.,1.,0.));
#15544 = PLANE('',#15545);
#15545 = AXIS2_PLACEMENT_3D('',#15546,#15547,#15548);
#15546 = CARTESIAN_POINT('',(28.25,6.,165.25));
#15547 = DIRECTION('',(1.,0.,0.));
#15548 = DIRECTION('',(0.,0.,1.));
#15549 = ADVANCED_FACE('',(#15550),#15584,.T.);
#15550 = FACE_BOUND('',#15551,.T.);
#15551 = EDGE_LOOP('',(#15552,#15562,#15570,#15578));
#15552 = ORIENTED_EDGE('',*,*,#15553,.F.);
#15553 = EDGE_CURVE('',#15554,#15556,#15558,.T.);
#15554 = VERTEX_POINT('',#15555);
#15555 = CARTESIAN_POINT('',(29.75,6.,165.25));
#15556 = VERTEX_POINT('',#15557);
#15557 = CARTESIAN_POINT('',(29.75,6.,166.75));
#15558 = LINE('',#15559,#15560);
#15559 = CARTESIAN_POINT('',(29.75,6.,165.25));
#15560 = VECTOR('',#15561,1.);
#15561 = DIRECTION('',(0.,0.,1.));
#15562 = ORIENTED_EDGE('',*,*,#15563,.T.);
#15563 = EDGE_CURVE('',#15554,#15564,#15566,.T.);
#15564 = VERTEX_POINT('',#15565);
#15565 = CARTESIAN_POINT('',(29.75,15.,165.25));
#15566 = LINE('',#15567,#15568);
#15567 = CARTESIAN_POINT('',(29.75,6.,165.25));
#15568 = VECTOR('',#15569,1.);
#15569 = DIRECTION('',(0.,1.,0.));
#15570 = ORIENTED_EDGE('',*,*,#15571,.T.);
#15571 = EDGE_CURVE('',#15564,#15572,#15574,.T.);
#15572 = VERTEX_POINT('',#15573);
#15573 = CARTESIAN_POINT('',(29.75,15.,166.75));
#15574 = LINE('',#15575,#15576);
#15575 = CARTESIAN_POINT('',(29.75,15.,165.25));
#15576 = VECTOR('',#15577,1.);
#15577 = DIRECTION('',(0.,0.,1.));
#15578 = ORIENTED_EDGE('',*,*,#15579,.F.);
#15579 = EDGE_CURVE('',#15556,#15572,#15580,.T.);
#15580 = LINE('',#15581,#15582);
#15581 = CARTESIAN_POINT('',(29.75,6.,166.75));
#15582 = VECTOR('',#15583,1.);
#15583 = DIRECTION('',(0.,1.,0.));
#15584 = PLANE('',#15585);
#15585 = AXIS2_PLACEMENT_3D('',#15586,#15587,#15588);
#15586 = CARTESIAN_POINT('',(29.75,6.,165.25));
#15587 = DIRECTION('',(1.,0.,0.));
#15588 = DIRECTION('',(0.,0.,1.));
#15589 = ADVANCED_FACE('',(#15590),#15606,.F.);
#15590 = FACE_BOUND('',#15591,.F.);
#15591 = EDGE_LOOP('',(#15592,#15598,#15599,#15605));
#15592 = ORIENTED_EDGE('',*,*,#15593,.F.);
#15593 = EDGE_CURVE('',#15514,#15554,#15594,.T.);
#15594 = LINE('',#15595,#15596);
#15595 = CARTESIAN_POINT('',(28.25,6.,165.25));
#15596 = VECTOR('',#15597,1.);
#15597 = DIRECTION('',(1.,0.,0.));
#15598 = ORIENTED_EDGE('',*,*,#15513,.T.);
#15599 = ORIENTED_EDGE('',*,*,#15600,.T.);
#15600 = EDGE_CURVE('',#15516,#15556,#15601,.T.);
#15601 = LINE('',#15602,#15603);
#15602 = CARTESIAN_POINT('',(28.25,6.,166.75));
#15603 = VECTOR('',#15604,1.);
#15604 = DIRECTION('',(1.,0.,0.));
#15605 = ORIENTED_EDGE('',*,*,#15553,.F.);
#15606 = PLANE('',#15607);
#15607 = AXIS2_PLACEMENT_3D('',#15608,#15609,#15610);
#15608 = CARTESIAN_POINT('',(28.25,6.,165.25));
#15609 = DIRECTION('',(0.,1.,0.));
#15610 = DIRECTION('',(0.,0.,1.));
#15611 = ADVANCED_FACE('',(#15612),#15628,.T.);
#15612 = FACE_BOUND('',#15613,.T.);
#15613 = EDGE_LOOP('',(#15614,#15620,#15621,#15627));
#15614 = ORIENTED_EDGE('',*,*,#15615,.F.);
#15615 = EDGE_CURVE('',#15524,#15564,#15616,.T.);
#15616 = LINE('',#15617,#15618);
#15617 = CARTESIAN_POINT('',(28.25,15.,165.25));
#15618 = VECTOR('',#15619,1.);
#15619 = DIRECTION('',(1.,0.,0.));
#15620 = ORIENTED_EDGE('',*,*,#15531,.T.);
#15621 = ORIENTED_EDGE('',*,*,#15622,.T.);
#15622 = EDGE_CURVE('',#15532,#15572,#15623,.T.);
#15623 = LINE('',#15624,#15625);
#15624 = CARTESIAN_POINT('',(28.25,15.,166.75));
#15625 = VECTOR('',#15626,1.);
#15626 = DIRECTION('',(1.,0.,0.));
#15627 = ORIENTED_EDGE('',*,*,#15571,.F.);
#15628 = PLANE('',#15629);
#15629 = AXIS2_PLACEMENT_3D('',#15630,#15631,#15632);
#15630 = CARTESIAN_POINT('',(28.25,15.,165.25));
#15631 = DIRECTION('',(0.,1.,0.));
#15632 = DIRECTION('',(0.,0.,1.));
#15633 = ADVANCED_FACE('',(#15634),#15640,.F.);
#15634 = FACE_BOUND('',#15635,.F.);
#15635 = EDGE_LOOP('',(#15636,#15637,#15638,#15639));
#15636 = ORIENTED_EDGE('',*,*,#15523,.F.);
#15637 = ORIENTED_EDGE('',*,*,#15593,.T.);
#15638 = ORIENTED_EDGE('',*,*,#15563,.T.);
#15639 = ORIENTED_EDGE('',*,*,#15615,.F.);
#15640 = PLANE('',#15641);
#15641 = AXIS2_PLACEMENT_3D('',#15642,#15643,#15644);
#15642 = CARTESIAN_POINT('',(28.25,6.,165.25));
#15643 = DIRECTION('',(0.,0.,1.));
#15644 = DIRECTION('',(1.,0.,0.));
#15645 = ADVANCED_FACE('',(#15646),#15652,.T.);
#15646 = FACE_BOUND('',#15647,.T.);
#15647 = EDGE_LOOP('',(#15648,#15649,#15650,#15651));
#15648 = ORIENTED_EDGE('',*,*,#15539,.F.);
#15649 = ORIENTED_EDGE('',*,*,#15600,.T.);
#15650 = ORIENTED_EDGE('',*,*,#15579,.T.);
#15651 = ORIENTED_EDGE('',*,*,#15622,.F.);
#15652 = PLANE('',#15653);
#15653 = AXIS2_PLACEMENT_3D('',#15654,#15655,#15656);
#15654 = CARTESIAN_POINT('',(28.25,6.,166.75));
#15655 = DIRECTION('',(0.,0.,1.));
#15656 = DIRECTION('',(1.,0.,0.));
#15657 = ( GEOMETRIC_REPRESENTATION_CONTEXT(3) 
GLOBAL_UNCERTAINTY_ASSIGNED_CONTEXT((#15661)) 
GLOBAL_UNIT_ASSIGNED_CONTEXT((#15658,#15659,#15660)) 
REPRESENTATION_CONTEXT('Context #1',
  '3D Context with UNIT and UNCERTAINTY') );
#15658 = ( LENGTH_UNIT() NAMED_UNIT(*) SI_UNIT(.MILLI.,.METRE.) );
#15659 = ( NAMED_UNIT(*) PLANE_ANGLE_UNIT() SI_UNIT($,.RADIAN.) );
#15660 = ( NAMED_UNIT(*) SI_UNIT($,.STERADIAN.) SOLID_ANGLE_UNIT() );
#15661 = UNCERTAINTY_MEASURE_WITH_UNIT(LENGTH_MEASURE(1.E-07),#15658,
  'distance_accuracy_value','confusion accuracy');
#15662 = CONTEXT_DEPENDENT_SHAPE_REPRESENTATION(#15663,#15665);
#15663 = ( REPRESENTATION_RELATIONSHIP('','',#15414,#10) 
REPRESENTATION_RELATIONSHIP_WITH_TRANSFORMATION(#15664) 
SHAPE_REPRESENTATION_RELATIONSHIP() );
#15664 = ITEM_DEFINED_TRANSFORMATION('','',#11,#167);
#15665 = PRODUCT_DEFINITION_SHAPE('Placement','Placement of an item',
  #15666);
#15666 = NEXT_ASSEMBLY_USAGE_OCCURRENCE('91','Front_Boss_TR','',#5,
  #15409,$);
#15667 = PRODUCT_RELATED_PRODUCT_CATEGORY('part',$,(#15411));
#15668 = SHAPE_DEFINITION_REPRESENTATION(#15669,#15675);
#15669 = PRODUCT_DEFINITION_SHAPE('','',#15670);
#15670 = PRODUCT_DEFINITION('design','',#15671,#15674);
#15671 = PRODUCT_DEFINITION_FORMATION('','',#15672);
#15672 = PRODUCT('Front_Boss_BL','Front_Boss_BL','',(#15673));
#15673 = PRODUCT_CONTEXT('',#2,'mechanical');
#15674 = PRODUCT_DEFINITION_CONTEXT('part definition',#2,'design');
#15675 = SHAPE_REPRESENTATION('',(#11,#15676,#15768),#15918);
#15676 = MANIFOLD_SOLID_BREP('',#15677);
#15677 = CLOSED_SHELL('',(#15678,#15711,#15731,#15751));
#15678 = ADVANCED_FACE('',(#15679),#15706,.T.);
#15679 = FACE_BOUND('',#15680,.T.);
#15680 = EDGE_LOOP('',(#15681,#15690,#15698,#15705));
#15681 = ORIENTED_EDGE('',*,*,#15682,.F.);
#15682 = EDGE_CURVE('',#15683,#15683,#15685,.T.);
#15683 = VERTEX_POINT('',#15684);
#15684 = CARTESIAN_POINT('',(-25.,6.,9.));
#15685 = CIRCLE('',#15686,4.);
#15686 = AXIS2_PLACEMENT_3D('',#15687,#15688,#15689);
#15687 = CARTESIAN_POINT('',(-29.,6.,9.));
#15688 = DIRECTION('',(0.,-1.,0.));
#15689 = DIRECTION('',(1.,0.,0.));
#15690 = ORIENTED_EDGE('',*,*,#15691,.F.);
#15691 = EDGE_CURVE('',#15692,#15683,#15694,.T.);
#15692 = VERTEX_POINT('',#15693);
#15693 = CARTESIAN_POINT('',(-25.,15.,9.));
#15694 = LINE('',#15695,#15696);
#15695 = CARTESIAN_POINT('',(-25.,15.,9.));
#15696 = VECTOR('',#15697,1.);
#15697 = DIRECTION('',(0.,-1.,0.));
#15698 = ORIENTED_EDGE('',*,*,#15699,.T.);
#15699 = EDGE_CURVE('',#15692,#15692,#15700,.T.);
#15700 = CIRCLE('',#15701,4.);
#15701 = AXIS2_PLACEMENT_3D('',#15702,#15703,#15704);
#15702 = CARTESIAN_POINT('',(-29.,15.,9.));
#15703 = DIRECTION('',(0.,-1.,0.));
#15704 = DIRECTION('',(1.,0.,0.));
#15705 = ORIENTED_EDGE('',*,*,#15691,.T.);
#15706 = CYLINDRICAL_SURFACE('',#15707,4.);
#15707 = AXIS2_PLACEMENT_3D('',#15708,#15709,#15710);
#15708 = CARTESIAN_POINT('',(-29.,15.,9.));
#15709 = DIRECTION('',(0.,-1.,0.));
#15710 = DIRECTION('',(1.,0.,0.));
#15711 = ADVANCED_FACE('',(#15712,#15715),#15726,.T.);
#15712 = FACE_BOUND('',#15713,.T.);
#15713 = EDGE_LOOP('',(#15714));
#15714 = ORIENTED_EDGE('',*,*,#15682,.T.);
#15715 = FACE_BOUND('',#15716,.T.);
#15716 = EDGE_LOOP('',(#15717));
#15717 = ORIENTED_EDGE('',*,*,#15718,.F.);
#15718 = EDGE_CURVE('',#15719,#15719,#15721,.T.);
#15719 = VERTEX_POINT('',#15720);
#15720 = CARTESIAN_POINT('',(-27.9,6.,9.));
#15721 = CIRCLE('',#15722,1.1);
#15722 = AXIS2_PLACEMENT_3D('',#15723,#15724,#15725);
#15723 = CARTESIAN_POINT('',(-29.,6.,9.));
#15724 = DIRECTION('',(0.,-1.,1.1E-16));
#15725 = DIRECTION('',(1.,0.,0.));
#15726 = PLANE('',#15727);
#15727 = AXIS2_PLACEMENT_3D('',#15728,#15729,#15730);
#15728 = CARTESIAN_POINT('',(-29.,6.,9.));
#15729 = DIRECTION('',(0.,-1.,0.));
#15730 = DIRECTION('',(1.,0.,0.));
#15731 = ADVANCED_FACE('',(#15732,#15735),#15746,.F.);
#15732 = FACE_BOUND('',#15733,.F.);
#15733 = EDGE_LOOP('',(#15734));
#15734 = ORIENTED_EDGE('',*,*,#15699,.T.);
#15735 = FACE_BOUND('',#15736,.F.);
#15736 = EDGE_LOOP('',(#15737));
#15737 = ORIENTED_EDGE('',*,*,#15738,.F.);
#15738 = EDGE_CURVE('',#15739,#15739,#15741,.T.);
#15739 = VERTEX_POINT('',#15740);
#15740 = CARTESIAN_POINT('',(-27.9,15.,9.));
#15741 = CIRCLE('',#15742,1.1);
#15742 = AXIS2_PLACEMENT_3D('',#15743,#15744,#15745);
#15743 = CARTESIAN_POINT('',(-29.,15.,9.));
#15744 = DIRECTION('',(0.,-1.,0.));
#15745 = DIRECTION('',(1.,0.,0.));
#15746 = PLANE('',#15747);
#15747 = AXIS2_PLACEMENT_3D('',#15748,#15749,#15750);
#15748 = CARTESIAN_POINT('',(-29.,15.,9.));
#15749 = DIRECTION('',(0.,-1.,0.));
#15750 = DIRECTION('',(1.,0.,0.));
#15751 = ADVANCED_FACE('',(#15752),#15763,.F.);
#15752 = FACE_BOUND('',#15753,.F.);
#15753 = EDGE_LOOP('',(#15754,#15755,#15761,#15762));
#15754 = ORIENTED_EDGE('',*,*,#15718,.F.);
#15755 = ORIENTED_EDGE('',*,*,#15756,.F.);
#15756 = EDGE_CURVE('',#15739,#15719,#15757,.T.);
#15757 = LINE('',#15758,#15759);
#15758 = CARTESIAN_POINT('',(-27.9,15.,9.));
#15759 = VECTOR('',#15760,1.);
#15760 = DIRECTION('',(0.,-1.,0.));
#15761 = ORIENTED_EDGE('',*,*,#15738,.T.);
#15762 = ORIENTED_EDGE('',*,*,#15756,.T.);
#15763 = CYLINDRICAL_SURFACE('',#15764,1.1);
#15764 = AXIS2_PLACEMENT_3D('',#15765,#15766,#15767);
#15765 = CARTESIAN_POINT('',(-29.,15.,9.));
#15766 = DIRECTION('',(0.,-1.,0.));
#15767 = DIRECTION('',(1.,0.,0.));
#15768 = MANIFOLD_SOLID_BREP('',#15769);
#15769 = CLOSED_SHELL('',(#15770,#15810,#15850,#15872,#15894,#15906));
#15770 = ADVANCED_FACE('',(#15771),#15805,.F.);
#15771 = FACE_BOUND('',#15772,.F.);
#15772 = EDGE_LOOP('',(#15773,#15783,#15791,#15799));
#15773 = ORIENTED_EDGE('',*,*,#15774,.F.);
#15774 = EDGE_CURVE('',#15775,#15777,#15779,.T.);
#15775 = VERTEX_POINT('',#15776);
#15776 = CARTESIAN_POINT('',(-29.75,6.,8.25));
#15777 = VERTEX_POINT('',#15778);
#15778 = CARTESIAN_POINT('',(-29.75,6.,9.75));
#15779 = LINE('',#15780,#15781);
#15780 = CARTESIAN_POINT('',(-29.75,6.,8.25));
#15781 = VECTOR('',#15782,1.);
#15782 = DIRECTION('',(0.,0.,1.));
#15783 = ORIENTED_EDGE('',*,*,#15784,.T.);
#15784 = EDGE_CURVE('',#15775,#15785,#15787,.T.);
#15785 = VERTEX_POINT('',#15786);
#15786 = CARTESIAN_POINT('',(-29.75,15.,8.25));
#15787 = LINE('',#15788,#15789);
#15788 = CARTESIAN_POINT('',(-29.75,6.,8.25));
#15789 = VECTOR('',#15790,1.);
#15790 = DIRECTION('',(0.,1.,0.));
#15791 = ORIENTED_EDGE('',*,*,#15792,.T.);
#15792 = EDGE_CURVE('',#15785,#15793,#15795,.T.);
#15793 = VERTEX_POINT('',#15794);
#15794 = CARTESIAN_POINT('',(-29.75,15.,9.75));
#15795 = LINE('',#15796,#15797);
#15796 = CARTESIAN_POINT('',(-29.75,15.,8.25));
#15797 = VECTOR('',#15798,1.);
#15798 = DIRECTION('',(0.,0.,1.));
#15799 = ORIENTED_EDGE('',*,*,#15800,.F.);
#15800 = EDGE_CURVE('',#15777,#15793,#15801,.T.);
#15801 = LINE('',#15802,#15803);
#15802 = CARTESIAN_POINT('',(-29.75,6.,9.75));
#15803 = VECTOR('',#15804,1.);
#15804 = DIRECTION('',(0.,1.,0.));
#15805 = PLANE('',#15806);
#15806 = AXIS2_PLACEMENT_3D('',#15807,#15808,#15809);
#15807 = CARTESIAN_POINT('',(-29.75,6.,8.25));
#15808 = DIRECTION('',(1.,0.,0.));
#15809 = DIRECTION('',(0.,0.,1.));
#15810 = ADVANCED_FACE('',(#15811),#15845,.T.);
#15811 = FACE_BOUND('',#15812,.T.);
#15812 = EDGE_LOOP('',(#15813,#15823,#15831,#15839));
#15813 = ORIENTED_EDGE('',*,*,#15814,.F.);
#15814 = EDGE_CURVE('',#15815,#15817,#15819,.T.);
#15815 = VERTEX_POINT('',#15816);
#15816 = CARTESIAN_POINT('',(-28.25,6.,8.25));
#15817 = VERTEX_POINT('',#15818);
#15818 = CARTESIAN_POINT('',(-28.25,6.,9.75));
#15819 = LINE('',#15820,#15821);
#15820 = CARTESIAN_POINT('',(-28.25,6.,8.25));
#15821 = VECTOR('',#15822,1.);
#15822 = DIRECTION('',(0.,0.,1.));
#15823 = ORIENTED_EDGE('',*,*,#15824,.T.);
#15824 = EDGE_CURVE('',#15815,#15825,#15827,.T.);
#15825 = VERTEX_POINT('',#15826);
#15826 = CARTESIAN_POINT('',(-28.25,15.,8.25));
#15827 = LINE('',#15828,#15829);
#15828 = CARTESIAN_POINT('',(-28.25,6.,8.25));
#15829 = VECTOR('',#15830,1.);
#15830 = DIRECTION('',(0.,1.,0.));
#15831 = ORIENTED_EDGE('',*,*,#15832,.T.);
#15832 = EDGE_CURVE('',#15825,#15833,#15835,.T.);
#15833 = VERTEX_POINT('',#15834);
#15834 = CARTESIAN_POINT('',(-28.25,15.,9.75));
#15835 = LINE('',#15836,#15837);
#15836 = CARTESIAN_POINT('',(-28.25,15.,8.25));
#15837 = VECTOR('',#15838,1.);
#15838 = DIRECTION('',(0.,0.,1.));
#15839 = ORIENTED_EDGE('',*,*,#15840,.F.);
#15840 = EDGE_CURVE('',#15817,#15833,#15841,.T.);
#15841 = LINE('',#15842,#15843);
#15842 = CARTESIAN_POINT('',(-28.25,6.,9.75));
#15843 = VECTOR('',#15844,1.);
#15844 = DIRECTION('',(0.,1.,0.));
#15845 = PLANE('',#15846);
#15846 = AXIS2_PLACEMENT_3D('',#15847,#15848,#15849);
#15847 = CARTESIAN_POINT('',(-28.25,6.,8.25));
#15848 = DIRECTION('',(1.,0.,0.));
#15849 = DIRECTION('',(0.,0.,1.));
#15850 = ADVANCED_FACE('',(#15851),#15867,.F.);
#15851 = FACE_BOUND('',#15852,.F.);
#15852 = EDGE_LOOP('',(#15853,#15859,#15860,#15866));
#15853 = ORIENTED_EDGE('',*,*,#15854,.F.);
#15854 = EDGE_CURVE('',#15775,#15815,#15855,.T.);
#15855 = LINE('',#15856,#15857);
#15856 = CARTESIAN_POINT('',(-29.75,6.,8.25));
#15857 = VECTOR('',#15858,1.);
#15858 = DIRECTION('',(1.,0.,0.));
#15859 = ORIENTED_EDGE('',*,*,#15774,.T.);
#15860 = ORIENTED_EDGE('',*,*,#15861,.T.);
#15861 = EDGE_CURVE('',#15777,#15817,#15862,.T.);
#15862 = LINE('',#15863,#15864);
#15863 = CARTESIAN_POINT('',(-29.75,6.,9.75));
#15864 = VECTOR('',#15865,1.);
#15865 = DIRECTION('',(1.,0.,0.));
#15866 = ORIENTED_EDGE('',*,*,#15814,.F.);
#15867 = PLANE('',#15868);
#15868 = AXIS2_PLACEMENT_3D('',#15869,#15870,#15871);
#15869 = CARTESIAN_POINT('',(-29.75,6.,8.25));
#15870 = DIRECTION('',(0.,1.,0.));
#15871 = DIRECTION('',(0.,0.,1.));
#15872 = ADVANCED_FACE('',(#15873),#15889,.T.);
#15873 = FACE_BOUND('',#15874,.T.);
#15874 = EDGE_LOOP('',(#15875,#15881,#15882,#15888));
#15875 = ORIENTED_EDGE('',*,*,#15876,.F.);
#15876 = EDGE_CURVE('',#15785,#15825,#15877,.T.);
#15877 = LINE('',#15878,#15879);
#15878 = CARTESIAN_POINT('',(-29.75,15.,8.25));
#15879 = VECTOR('',#15880,1.);
#15880 = DIRECTION('',(1.,0.,0.));
#15881 = ORIENTED_EDGE('',*,*,#15792,.T.);
#15882 = ORIENTED_EDGE('',*,*,#15883,.T.);
#15883 = EDGE_CURVE('',#15793,#15833,#15884,.T.);
#15884 = LINE('',#15885,#15886);
#15885 = CARTESIAN_POINT('',(-29.75,15.,9.75));
#15886 = VECTOR('',#15887,1.);
#15887 = DIRECTION('',(1.,0.,0.));
#15888 = ORIENTED_EDGE('',*,*,#15832,.F.);
#15889 = PLANE('',#15890);
#15890 = AXIS2_PLACEMENT_3D('',#15891,#15892,#15893);
#15891 = CARTESIAN_POINT('',(-29.75,15.,8.25));
#15892 = DIRECTION('',(0.,1.,0.));
#15893 = DIRECTION('',(0.,0.,1.));
#15894 = ADVANCED_FACE('',(#15895),#15901,.F.);
#15895 = FACE_BOUND('',#15896,.F.);
#15896 = EDGE_LOOP('',(#15897,#15898,#15899,#15900));
#15897 = ORIENTED_EDGE('',*,*,#15784,.F.);
#15898 = ORIENTED_EDGE('',*,*,#15854,.T.);
#15899 = ORIENTED_EDGE('',*,*,#15824,.T.);
#15900 = ORIENTED_EDGE('',*,*,#15876,.F.);
#15901 = PLANE('',#15902);
#15902 = AXIS2_PLACEMENT_3D('',#15903,#15904,#15905);
#15903 = CARTESIAN_POINT('',(-29.75,6.,8.25));
#15904 = DIRECTION('',(0.,0.,1.));
#15905 = DIRECTION('',(1.,0.,0.));
#15906 = ADVANCED_FACE('',(#15907),#15913,.T.);
#15907 = FACE_BOUND('',#15908,.T.);
#15908 = EDGE_LOOP('',(#15909,#15910,#15911,#15912));
#15909 = ORIENTED_EDGE('',*,*,#15800,.F.);
#15910 = ORIENTED_EDGE('',*,*,#15861,.T.);
#15911 = ORIENTED_EDGE('',*,*,#15840,.T.);
#15912 = ORIENTED_EDGE('',*,*,#15883,.F.);
#15913 = PLANE('',#15914);
#15914 = AXIS2_PLACEMENT_3D('',#15915,#15916,#15917);
#15915 = CARTESIAN_POINT('',(-29.75,6.,9.75));
#15916 = DIRECTION('',(0.,0.,1.));
#15917 = DIRECTION('',(1.,0.,0.));
#15918 = ( GEOMETRIC_REPRESENTATION_CONTEXT(3) 
GLOBAL_UNCERTAINTY_ASSIGNED_CONTEXT((#15922)) 
GLOBAL_UNIT_ASSIGNED_CONTEXT((#15919,#15920,#15921)) 
REPRESENTATION_CONTEXT('Context #1',
  '3D Context with UNIT and UNCERTAINTY') );
#15919 = ( LENGTH_UNIT() NAMED_UNIT(*) SI_UNIT(.MILLI.,.METRE.) );
#15920 = ( NAMED_UNIT(*) PLANE_ANGLE_UNIT() SI_UNIT($,.RADIAN.) );
#15921 = ( NAMED_UNIT(*) SI_UNIT($,.STERADIAN.) SOLID_ANGLE_UNIT() );
#15922 = UNCERTAINTY_MEASURE_WITH_UNIT(LENGTH_MEASURE(1.E-07),#15919,
  'distance_accuracy_value','confusion accuracy');
#15923 = CONTEXT_DEPENDENT_SHAPE_REPRESENTATION(#15924,#15926);
#15924 = ( REPRESENTATION_RELATIONSHIP('','',#15675,#10) 
REPRESENTATION_RELATIONSHIP_WITH_TRANSFORMATION(#15925) 
SHAPE_REPRESENTATION_RELATIONSHIP() );
#15925 = ITEM_DEFINED_TRANSFORMATION('','',#11,#171);
#15926 = PRODUCT_DEFINITION_SHAPE('Placement','Placement of an item',
  #15927);
#15927 = NEXT_ASSEMBLY_USAGE_OCCURRENCE('92','Front_Boss_BL','',#5,
  #15670,$);
#15928 = PRODUCT_RELATED_PRODUCT_CATEGORY('part',$,(#15672));
#15929 = SHAPE_DEFINITION_REPRESENTATION(#15930,#15936);
#15930 = PRODUCT_DEFINITION_SHAPE('','',#15931);
#15931 = PRODUCT_DEFINITION('design','',#15932,#15935);
#15932 = PRODUCT_DEFINITION_FORMATION('','',#15933);
#15933 = PRODUCT('Front_Boss_BR','Front_Boss_BR','',(#15934));
#15934 = PRODUCT_CONTEXT('',#2,'mechanical');
#15935 = PRODUCT_DEFINITION_CONTEXT('part definition',#2,'design');
#15936 = SHAPE_REPRESENTATION('',(#11,#15937,#16029),#16179);
#15937 = MANIFOLD_SOLID_BREP('',#15938);
#15938 = CLOSED_SHELL('',(#15939,#15972,#15992,#16012));
#15939 = ADVANCED_FACE('',(#15940),#15967,.T.);
#15940 = FACE_BOUND('',#15941,.T.);
#15941 = EDGE_LOOP('',(#15942,#15951,#15959,#15966));
#15942 = ORIENTED_EDGE('',*,*,#15943,.F.);
#15943 = EDGE_CURVE('',#15944,#15944,#15946,.T.);
#15944 = VERTEX_POINT('',#15945);
#15945 = CARTESIAN_POINT('',(33.,6.,9.));
#15946 = CIRCLE('',#15947,4.);
#15947 = AXIS2_PLACEMENT_3D('',#15948,#15949,#15950);
#15948 = CARTESIAN_POINT('',(29.,6.,9.));
#15949 = DIRECTION('',(0.,-1.,0.));
#15950 = DIRECTION('',(1.,0.,0.));
#15951 = ORIENTED_EDGE('',*,*,#15952,.F.);
#15952 = EDGE_CURVE('',#15953,#15944,#15955,.T.);
#15953 = VERTEX_POINT('',#15954);
#15954 = CARTESIAN_POINT('',(33.,15.,9.));
#15955 = LINE('',#15956,#15957);
#15956 = CARTESIAN_POINT('',(33.,15.,9.));
#15957 = VECTOR('',#15958,1.);
#15958 = DIRECTION('',(0.,-1.,0.));
#15959 = ORIENTED_EDGE('',*,*,#15960,.T.);
#15960 = EDGE_CURVE('',#15953,#15953,#15961,.T.);
#15961 = CIRCLE('',#15962,4.);
#15962 = AXIS2_PLACEMENT_3D('',#15963,#15964,#15965);
#15963 = CARTESIAN_POINT('',(29.,15.,9.));
#15964 = DIRECTION('',(0.,-1.,0.));
#15965 = DIRECTION('',(1.,0.,0.));
#15966 = ORIENTED_EDGE('',*,*,#15952,.T.);
#15967 = CYLINDRICAL_SURFACE('',#15968,4.);
#15968 = AXIS2_PLACEMENT_3D('',#15969,#15970,#15971);
#15969 = CARTESIAN_POINT('',(29.,15.,9.));
#15970 = DIRECTION('',(0.,-1.,0.));
#15971 = DIRECTION('',(1.,0.,0.));
#15972 = ADVANCED_FACE('',(#15973,#15976),#15987,.T.);
#15973 = FACE_BOUND('',#15974,.T.);
#15974 = EDGE_LOOP('',(#15975));
#15975 = ORIENTED_EDGE('',*,*,#15943,.T.);
#15976 = FACE_BOUND('',#15977,.T.);
#15977 = EDGE_LOOP('',(#15978));
#15978 = ORIENTED_EDGE('',*,*,#15979,.F.);
#15979 = EDGE_CURVE('',#15980,#15980,#15982,.T.);
#15980 = VERTEX_POINT('',#15981);
#15981 = CARTESIAN_POINT('',(30.1,6.,9.));
#15982 = CIRCLE('',#15983,1.1);
#15983 = AXIS2_PLACEMENT_3D('',#15984,#15985,#15986);
#15984 = CARTESIAN_POINT('',(29.,6.,9.));
#15985 = DIRECTION('',(0.,-1.,1.1E-16));
#15986 = DIRECTION('',(1.,0.,0.));
#15987 = PLANE('',#15988);
#15988 = AXIS2_PLACEMENT_3D('',#15989,#15990,#15991);
#15989 = CARTESIAN_POINT('',(29.,6.,9.));
#15990 = DIRECTION('',(0.,-1.,0.));
#15991 = DIRECTION('',(1.,0.,0.));
#15992 = ADVANCED_FACE('',(#15993,#15996),#16007,.F.);
#15993 = FACE_BOUND('',#15994,.F.);
#15994 = EDGE_LOOP('',(#15995));
#15995 = ORIENTED_EDGE('',*,*,#15960,.T.);
#15996 = FACE_BOUND('',#15997,.F.);
#15997 = EDGE_LOOP('',(#15998));
#15998 = ORIENTED_EDGE('',*,*,#15999,.F.);
#15999 = EDGE_CURVE('',#16000,#16000,#16002,.T.);
#16000 = VERTEX_POINT('',#16001);
#16001 = CARTESIAN_POINT('',(30.1,15.,9.));
#16002 = CIRCLE('',#16003,1.1);
#16003 = AXIS2_PLACEMENT_3D('',#16004,#16005,#16006);
#16004 = CARTESIAN_POINT('',(29.,15.,9.));
#16005 = DIRECTION('',(0.,-1.,0.));
#16006 = DIRECTION('',(1.,0.,0.));
#16007 = PLANE('',#16008);
#16008 = AXIS2_PLACEMENT_3D('',#16009,#16010,#16011);
#16009 = CARTESIAN_POINT('',(29.,15.,9.));
#16010 = DIRECTION('',(0.,-1.,0.));
#16011 = DIRECTION('',(1.,0.,0.));
#16012 = ADVANCED_FACE('',(#16013),#16024,.F.);
#16013 = FACE_BOUND('',#16014,.F.);
#16014 = EDGE_LOOP('',(#16015,#16016,#16022,#16023));
#16015 = ORIENTED_EDGE('',*,*,#15979,.F.);
#16016 = ORIENTED_EDGE('',*,*,#16017,.F.);
#16017 = EDGE_CURVE('',#16000,#15980,#16018,.T.);
#16018 = LINE('',#16019,#16020);
#16019 = CARTESIAN_POINT('',(30.1,15.,9.));
#16020 = VECTOR('',#16021,1.);
#16021 = DIRECTION('',(0.,-1.,0.));
#16022 = ORIENTED_EDGE('',*,*,#15999,.T.);
#16023 = ORIENTED_EDGE('',*,*,#16017,.T.);
#16024 = CYLINDRICAL_SURFACE('',#16025,1.1);
#16025 = AXIS2_PLACEMENT_3D('',#16026,#16027,#16028);
#16026 = CARTESIAN_POINT('',(29.,15.,9.));
#16027 = DIRECTION('',(0.,-1.,0.));
#16028 = DIRECTION('',(1.,0.,0.));
#16029 = MANIFOLD_SOLID_BREP('',#16030);
#16030 = CLOSED_SHELL('',(#16031,#16071,#16111,#16133,#16155,#16167));
#16031 = ADVANCED_FACE('',(#16032),#16066,.F.);
#16032 = FACE_BOUND('',#16033,.F.);
#16033 = EDGE_LOOP('',(#16034,#16044,#16052,#16060));
#16034 = ORIENTED_EDGE('',*,*,#16035,.F.);
#16035 = EDGE_CURVE('',#16036,#16038,#16040,.T.);
#16036 = VERTEX_POINT('',#16037);
#16037 = CARTESIAN_POINT('',(28.25,6.,8.25));
#16038 = VERTEX_POINT('',#16039);
#16039 = CARTESIAN_POINT('',(28.25,6.,9.75));
#16040 = LINE('',#16041,#16042);
#16041 = CARTESIAN_POINT('',(28.25,6.,8.25));
#16042 = VECTOR('',#16043,1.);
#16043 = DIRECTION('',(0.,0.,1.));
#16044 = ORIENTED_EDGE('',*,*,#16045,.T.);
#16045 = EDGE_CURVE('',#16036,#16046,#16048,.T.);
#16046 = VERTEX_POINT('',#16047);
#16047 = CARTESIAN_POINT('',(28.25,15.,8.25));
#16048 = LINE('',#16049,#16050);
#16049 = CARTESIAN_POINT('',(28.25,6.,8.25));
#16050 = VECTOR('',#16051,1.);
#16051 = DIRECTION('',(0.,1.,0.));
#16052 = ORIENTED_EDGE('',*,*,#16053,.T.);
#16053 = EDGE_CURVE('',#16046,#16054,#16056,.T.);
#16054 = VERTEX_POINT('',#16055);
#16055 = CARTESIAN_POINT('',(28.25,15.,9.75));
#16056 = LINE('',#16057,#16058);
#16057 = CARTESIAN_POINT('',(28.25,15.,8.25));
#16058 = VECTOR('',#16059,1.);
#16059 = DIRECTION('',(0.,0.,1.));
#16060 = ORIENTED_EDGE('',*,*,#16061,.F.);
#16061 = EDGE_CURVE('',#16038,#16054,#16062,.T.);
#16062 = LINE('',#16063,#16064);
#16063 = CARTESIAN_POINT('',(28.25,6.,9.75));
#16064 = VECTOR('',#16065,1.);
#16065 = DIRECTION('',(0.,1.,0.));
#16066 = PLANE('',#16067);
#16067 = AXIS2_PLACEMENT_3D('',#16068,#16069,#16070);
#16068 = CARTESIAN_POINT('',(28.25,6.,8.25));
#16069 = DIRECTION('',(1.,0.,0.));
#16070 = DIRECTION('',(0.,0.,1.));
#16071 = ADVANCED_FACE('',(#16072),#16106,.T.);
#16072 = FACE_BOUND('',#16073,.T.);
#16073 = EDGE_LOOP('',(#16074,#16084,#16092,#16100));
#16074 = ORIENTED_EDGE('',*,*,#16075,.F.);
#16075 = EDGE_CURVE('',#16076,#16078,#16080,.T.);
#16076 = VERTEX_POINT('',#16077);
#16077 = CARTESIAN_POINT('',(29.75,6.,8.25));
#16078 = VERTEX_POINT('',#16079);
#16079 = CARTESIAN_POINT('',(29.75,6.,9.75));
#16080 = LINE('',#16081,#16082);
#16081 = CARTESIAN_POINT('',(29.75,6.,8.25));
#16082 = VECTOR('',#16083,1.);
#16083 = DIRECTION('',(0.,0.,1.));
#16084 = ORIENTED_EDGE('',*,*,#16085,.T.);
#16085 = EDGE_CURVE('',#16076,#16086,#16088,.T.);
#16086 = VERTEX_POINT('',#16087);
#16087 = CARTESIAN_POINT('',(29.75,15.,8.25));
#16088 = LINE('',#16089,#16090);
#16089 = CARTESIAN_POINT('',(29.75,6.,8.25));
#16090 = VECTOR('',#16091,1.);
#16091 = DIRECTION('',(0.,1.,0.));
#16092 = ORIENTED_EDGE('',*,*,#16093,.T.);
#16093 = EDGE_CURVE('',#16086,#16094,#16096,.T.);
#16094 = VERTEX_POINT('',#16095);
#16095 = CARTESIAN_POINT('',(29.75,15.,9.75));
#16096 = LINE('',#16097,#16098);
#16097 = CARTESIAN_POINT('',(29.75,15.,8.25));
#16098 = VECTOR('',#16099,1.);
#16099 = DIRECTION('',(0.,0.,1.));
#16100 = ORIENTED_EDGE('',*,*,#16101,.F.);
#16101 = EDGE_CURVE('',#16078,#16094,#16102,.T.);
#16102 = LINE('',#16103,#16104);
#16103 = CARTESIAN_POINT('',(29.75,6.,9.75));
#16104 = VECTOR('',#16105,1.);
#16105 = DIRECTION('',(0.,1.,0.));
#16106 = PLANE('',#16107);
#16107 = AXIS2_PLACEMENT_3D('',#16108,#16109,#16110);
#16108 = CARTESIAN_POINT('',(29.75,6.,8.25));
#16109 = DIRECTION('',(1.,0.,0.));
#16110 = DIRECTION('',(0.,0.,1.));
#16111 = ADVANCED_FACE('',(#16112),#16128,.F.);
#16112 = FACE_BOUND('',#16113,.F.);
#16113 = EDGE_LOOP('',(#16114,#16120,#16121,#16127));
#16114 = ORIENTED_EDGE('',*,*,#16115,.F.);
#16115 = EDGE_CURVE('',#16036,#16076,#16116,.T.);
#16116 = LINE('',#16117,#16118);
#16117 = CARTESIAN_POINT('',(28.25,6.,8.25));
#16118 = VECTOR('',#16119,1.);
#16119 = DIRECTION('',(1.,0.,0.));
#16120 = ORIENTED_EDGE('',*,*,#16035,.T.);
#16121 = ORIENTED_EDGE('',*,*,#16122,.T.);
#16122 = EDGE_CURVE('',#16038,#16078,#16123,.T.);
#16123 = LINE('',#16124,#16125);
#16124 = CARTESIAN_POINT('',(28.25,6.,9.75));
#16125 = VECTOR('',#16126,1.);
#16126 = DIRECTION('',(1.,0.,0.));
#16127 = ORIENTED_EDGE('',*,*,#16075,.F.);
#16128 = PLANE('',#16129);
#16129 = AXIS2_PLACEMENT_3D('',#16130,#16131,#16132);
#16130 = CARTESIAN_POINT('',(28.25,6.,8.25));
#16131 = DIRECTION('',(0.,1.,0.));
#16132 = DIRECTION('',(0.,0.,1.));
#16133 = ADVANCED_FACE('',(#16134),#16150,.T.);
#16134 = FACE_BOUND('',#16135,.T.);
#16135 = EDGE_LOOP('',(#16136,#16142,#16143,#16149));
#16136 = ORIENTED_EDGE('',*,*,#16137,.F.);
#16137 = EDGE_CURVE('',#16046,#16086,#16138,.T.);
#16138 = LINE('',#16139,#16140);
#16139 = CARTESIAN_POINT('',(28.25,15.,8.25));
#16140 = VECTOR('',#16141,1.);
#16141 = DIRECTION('',(1.,0.,0.));
#16142 = ORIENTED_EDGE('',*,*,#16053,.T.);
#16143 = ORIENTED_EDGE('',*,*,#16144,.T.);
#16144 = EDGE_CURVE('',#16054,#16094,#16145,.T.);
#16145 = LINE('',#16146,#16147);
#16146 = CARTESIAN_POINT('',(28.25,15.,9.75));
#16147 = VECTOR('',#16148,1.);
#16148 = DIRECTION('',(1.,0.,0.));
#16149 = ORIENTED_EDGE('',*,*,#16093,.F.);
#16150 = PLANE('',#16151);
#16151 = AXIS2_PLACEMENT_3D('',#16152,#16153,#16154);
#16152 = CARTESIAN_POINT('',(28.25,15.,8.25));
#16153 = DIRECTION('',(0.,1.,0.));
#16154 = DIRECTION('',(0.,0.,1.));
#16155 = ADVANCED_FACE('',(#16156),#16162,.F.);
#16156 = FACE_BOUND('',#16157,.F.);
#16157 = EDGE_LOOP('',(#16158,#16159,#16160,#16161));
#16158 = ORIENTED_EDGE('',*,*,#16045,.F.);
#16159 = ORIENTED_EDGE('',*,*,#16115,.T.);
#16160 = ORIENTED_EDGE('',*,*,#16085,.T.);
#16161 = ORIENTED_EDGE('',*,*,#16137,.F.);
#16162 = PLANE('',#16163);
#16163 = AXIS2_PLACEMENT_3D('',#16164,#16165,#16166);
#16164 = CARTESIAN_POINT('',(28.25,6.,8.25));
#16165 = DIRECTION('',(0.,0.,1.));
#16166 = DIRECTION('',(1.,0.,0.));
#16167 = ADVANCED_FACE('',(#16168),#16174,.T.);
#16168 = FACE_BOUND('',#16169,.T.);
#16169 = EDGE_LOOP('',(#16170,#16171,#16172,#16173));
#16170 = ORIENTED_EDGE('',*,*,#16061,.F.);
#16171 = ORIENTED_EDGE('',*,*,#16122,.T.);
#16172 = ORIENTED_EDGE('',*,*,#16101,.T.);
#16173 = ORIENTED_EDGE('',*,*,#16144,.F.);
#16174 = PLANE('',#16175);
#16175 = AXIS2_PLACEMENT_3D('',#16176,#16177,#16178);
#16176 = CARTESIAN_POINT('',(28.25,6.,9.75));
#16177 = DIRECTION('',(0.,0.,1.));
#16178 = DIRECTION('',(1.,0.,0.));
#16179 = ( GEOMETRIC_REPRESENTATION_CONTEXT(3) 
GLOBAL_UNCERTAINTY_ASSIGNED_CONTEXT((#16183)) 
GLOBAL_UNIT_ASSIGNED_CONTEXT((#16180,#16181,#16182)) 
REPRESENTATION_CONTEXT('Context #1',
  '3D Context with UNIT and UNCERTAINTY') );
#16180 = ( LENGTH_UNIT() NAMED_UNIT(*) SI_UNIT(.MILLI.,.METRE.) );
#16181 = ( NAMED_UNIT(*) PLANE_ANGLE_UNIT() SI_UNIT($,.RADIAN.) );
#16182 = ( NAMED_UNIT(*) SI_UNIT($,.STERADIAN.) SOLID_ANGLE_UNIT() );
#16183 = UNCERTAINTY_MEASURE_WITH_UNIT(LENGTH_MEASURE(1.E-07),#16180,
  'distance_accuracy_value','confusion accuracy');
#16184 = CONTEXT_DEPENDENT_SHAPE_REPRESENTATION(#16185,#16187);
#16185 = ( REPRESENTATION_RELATIONSHIP('','',#15936,#10) 
REPRESENTATION_RELATIONSHIP_WITH_TRANSFORMATION(#16186) 
SHAPE_REPRESENTATION_RELATIONSHIP() );
#16186 = ITEM_DEFINED_TRANSFORMATION('','',#11,#175);
#16187 = PRODUCT_DEFINITION_SHAPE('Placement','Placement of an item',
  #16188);
#16188 = NEXT_ASSEMBLY_USAGE_OCCURRENCE('93','Front_Boss_BR','',#5,
  #15931,$);
#16189 = PRODUCT_RELATED_PRODUCT_CATEGORY('part',$,(#15933));
#16190 = SHAPE_DEFINITION_REPRESENTATION(#16191,#16197);
#16191 = PRODUCT_DEFINITION_SHAPE('','',#16192);
#16192 = PRODUCT_DEFINITION('design','',#16193,#16196);
#16193 = PRODUCT_DEFINITION_FORMATION('','',#16194);
#16194 = PRODUCT('Screw_TL','Screw_TL','',(#16195));
#16195 = PRODUCT_CONTEXT('',#2,'mechanical');
#16196 = PRODUCT_DEFINITION_CONTEXT('part definition',#2,'design');
#16197 = ADVANCED_BREP_SHAPE_REPRESENTATION('',(#11,#16198),#16316);
#16198 = MANIFOLD_SOLID_BREP('',#16199);
#16199 = CLOSED_SHELL('',(#16200,#16217,#16237,#16262,#16282,#16307));
#16200 = ADVANCED_FACE('',(#16201),#16212,.T.);
#16201 = FACE_BOUND('',#16202,.T.);
#16202 = EDGE_LOOP('',(#16203));
#16203 = ORIENTED_EDGE('',*,*,#16204,.T.);
#16204 = EDGE_CURVE('',#16205,#16205,#16207,.T.);
#16205 = VERTEX_POINT('',#16206);
#16206 = CARTESIAN_POINT('',(-27.9,-17.5,166.));
#16207 = CIRCLE('',#16208,1.1);
#16208 = AXIS2_PLACEMENT_3D('',#16209,#16210,#16211);
#16209 = CARTESIAN_POINT('',(-29.,-17.5,166.));
#16210 = DIRECTION('',(0.,-1.,0.));
#16211 = DIRECTION('',(1.,0.,0.));
#16212 = PLANE('',#16213);
#16213 = AXIS2_PLACEMENT_3D('',#16214,#16215,#16216);
#16214 = CARTESIAN_POINT('',(-29.,-17.5,166.));
#16215 = DIRECTION('',(0.,-1.,0.));
#16216 = DIRECTION('',(1.,0.,0.));
#16217 = ADVANCED_FACE('',(#16218,#16229),#16232,.T.);
#16218 = FACE_BOUND('',#16219,.T.);
#16219 = EDGE_LOOP('',(#16220));
#16220 = ORIENTED_EDGE('',*,*,#16221,.T.);
#16221 = EDGE_CURVE('',#16222,#16222,#16224,.T.);
#16222 = VERTEX_POINT('',#16223);
#16223 = CARTESIAN_POINT('',(-26.8,-17.5,166.));
#16224 = CIRCLE('',#16225,2.2);
#16225 = AXIS2_PLACEMENT_3D('',#16226,#16227,#16228);
#16226 = CARTESIAN_POINT('',(-29.,-17.5,166.));
#16227 = DIRECTION('',(0.,-1.,0.));
#16228 = DIRECTION('',(1.,0.,0.));
#16229 = FACE_BOUND('',#16230,.T.);
#16230 = EDGE_LOOP('',(#16231));
#16231 = ORIENTED_EDGE('',*,*,#16204,.F.);
#16232 = PLANE('',#16233);
#16233 = AXIS2_PLACEMENT_3D('',#16234,#16235,#16236);
#16234 = CARTESIAN_POINT('',(-29.,-17.5,166.));
#16235 = DIRECTION('',(0.,-1.,0.));
#16236 = DIRECTION('',(1.,0.,0.));
#16237 = ADVANCED_FACE('',(#16238),#16257,.T.);
#16238 = FACE_BOUND('',#16239,.T.);
#16239 = EDGE_LOOP('',(#16240,#16241,#16249,#16256));
#16240 = ORIENTED_EDGE('',*,*,#16221,.F.);
#16241 = ORIENTED_EDGE('',*,*,#16242,.F.);
#16242 = EDGE_CURVE('',#16243,#16222,#16245,.T.);
#16243 = VERTEX_POINT('',#16244);
#16244 = CARTESIAN_POINT('',(-26.8,-16.,166.));
#16245 = LINE('',#16246,#16247);
#16246 = CARTESIAN_POINT('',(-26.8,-16.,166.));
#16247 = VECTOR('',#16248,1.);
#16248 = DIRECTION('',(0.,-1.,0.));
#16249 = ORIENTED_EDGE('',*,*,#16250,.T.);
#16250 = EDGE_CURVE('',#16243,#16243,#16251,.T.);
#16251 = CIRCLE('',#16252,2.2);
#16252 = AXIS2_PLACEMENT_3D('',#16253,#16254,#16255);
#16253 = CARTESIAN_POINT('',(-29.,-16.,166.));
#16254 = DIRECTION('',(0.,-1.,0.));
#16255 = DIRECTION('',(1.,0.,0.));
#16256 = ORIENTED_EDGE('',*,*,#16242,.T.);
#16257 = CYLINDRICAL_SURFACE('',#16258,2.2);
#16258 = AXIS2_PLACEMENT_3D('',#16259,#16260,#16261);
#16259 = CARTESIAN_POINT('',(-29.,-16.,166.));
#16260 = DIRECTION('',(0.,-1.,0.));
#16261 = DIRECTION('',(1.,0.,0.));
#16262 = ADVANCED_FACE('',(#16263,#16266),#16277,.F.);
#16263 = FACE_BOUND('',#16264,.F.);
#16264 = EDGE_LOOP('',(#16265));
#16265 = ORIENTED_EDGE('',*,*,#16250,.T.);
#16266 = FACE_BOUND('',#16267,.F.);
#16267 = EDGE_LOOP('',(#16268));
#16268 = ORIENTED_EDGE('',*,*,#16269,.F.);
#16269 = EDGE_CURVE('',#16270,#16270,#16272,.T.);
#16270 = VERTEX_POINT('',#16271);
#16271 = CARTESIAN_POINT('',(-27.9,-16.,166.));
#16272 = CIRCLE('',#16273,1.1);
#16273 = AXIS2_PLACEMENT_3D('',#16274,#16275,#16276);
#16274 = CARTESIAN_POINT('',(-29.,-16.,166.));
#16275 = DIRECTION('',(0.,-1.,1.1E-16));
#16276 = DIRECTION('',(1.,0.,0.));
#16277 = PLANE('',#16278);
#16278 = AXIS2_PLACEMENT_3D('',#16279,#16280,#16281);
#16279 = CARTESIAN_POINT('',(-29.,-16.,166.));
#16280 = DIRECTION('',(0.,-1.,0.));
#16281 = DIRECTION('',(1.,0.,0.));
#16282 = ADVANCED_FACE('',(#16283),#16302,.T.);
#16283 = FACE_BOUND('',#16284,.T.);
#16284 = EDGE_LOOP('',(#16285,#16286,#16294,#16301));
#16285 = ORIENTED_EDGE('',*,*,#16269,.F.);
#16286 = ORIENTED_EDGE('',*,*,#16287,.F.);
#16287 = EDGE_CURVE('',#16288,#16270,#16290,.T.);
#16288 = VERTEX_POINT('',#16289);
#16289 = CARTESIAN_POINT('',(-27.9,-9.5,166.));
#16290 = LINE('',#16291,#16292);
#16291 = CARTESIAN_POINT('',(-27.9,-9.5,166.));
#16292 = VECTOR('',#16293,1.);
#16293 = DIRECTION('',(0.,-1.,0.));
#16294 = ORIENTED_EDGE('',*,*,#16295,.T.);
#16295 = EDGE_CURVE('',#16288,#16288,#16296,.T.);
#16296 = CIRCLE('',#16297,1.1);
#16297 = AXIS2_PLACEMENT_3D('',#16298,#16299,#16300);
#16298 = CARTESIAN_POINT('',(-29.,-9.5,166.));
#16299 = DIRECTION('',(0.,-1.,0.));
#16300 = DIRECTION('',(1.,0.,0.));
#16301 = ORIENTED_EDGE('',*,*,#16287,.T.);
#16302 = CYLINDRICAL_SURFACE('',#16303,1.1);
#16303 = AXIS2_PLACEMENT_3D('',#16304,#16305,#16306);
#16304 = CARTESIAN_POINT('',(-29.,-9.5,166.));
#16305 = DIRECTION('',(0.,-1.,0.));
#16306 = DIRECTION('',(1.,0.,0.));
#16307 = ADVANCED_FACE('',(#16308),#16311,.F.);
#16308 = FACE_BOUND('',#16309,.T.);
#16309 = EDGE_LOOP('',(#16310));
#16310 = ORIENTED_EDGE('',*,*,#16295,.F.);
#16311 = PLANE('',#16312);
#16312 = AXIS2_PLACEMENT_3D('',#16313,#16314,#16315);
#16313 = CARTESIAN_POINT('',(-29.,-9.5,166.));
#16314 = DIRECTION('',(0.,-1.,0.));
#16315 = DIRECTION('',(1.,0.,0.));
#16316 = ( GEOMETRIC_REPRESENTATION_CONTEXT(3) 
GLOBAL_UNCERTAINTY_ASSIGNED_CONTEXT((#16320)) 
GLOBAL_UNIT_ASSIGNED_CONTEXT((#16317,#16318,#16319)) 
REPRESENTATION_CONTEXT('Context #1',
  '3D Context with UNIT and UNCERTAINTY') );
#16317 = ( LENGTH_UNIT() NAMED_UNIT(*) SI_UNIT(.MILLI.,.METRE.) );
#16318 = ( NAMED_UNIT(*) PLANE_ANGLE_UNIT() SI_UNIT($,.RADIAN.) );
#16319 = ( NAMED_UNIT(*) SI_UNIT($,.STERADIAN.) SOLID_ANGLE_UNIT() );
#16320 = UNCERTAINTY_MEASURE_WITH_UNIT(LENGTH_MEASURE(1.E-07),#16317,
  'distance_accuracy_value','confusion accuracy');
#16321 = CONTEXT_DEPENDENT_SHAPE_REPRESENTATION(#16322,#16324);
#16322 = ( REPRESENTATION_RELATIONSHIP('','',#16197,#10) 
REPRESENTATION_RELATIONSHIP_WITH_TRANSFORMATION(#16323) 
SHAPE_REPRESENTATION_RELATIONSHIP() );
#16323 = ITEM_DEFINED_TRANSFORMATION('','',#11,#179);
#16324 = PRODUCT_DEFINITION_SHAPE('Placement','Placement of an item',
  #16325);
#16325 = NEXT_ASSEMBLY_USAGE_OCCURRENCE('94','Screw_TL','',#5,#16192,$);
#16326 = PRODUCT_RELATED_PRODUCT_CATEGORY('part',$,(#16194));
#16327 = SHAPE_DEFINITION_REPRESENTATION(#16328,#16334);
#16328 = PRODUCT_DEFINITION_SHAPE('','',#16329);
#16329 = PRODUCT_DEFINITION('design','',#16330,#16333);
#16330 = PRODUCT_DEFINITION_FORMATION('','',#16331);
#16331 = PRODUCT('Screw_TR','Screw_TR','',(#16332));
#16332 = PRODUCT_CONTEXT('',#2,'mechanical');
#16333 = PRODUCT_DEFINITION_CONTEXT('part definition',#2,'design');
#16334 = ADVANCED_BREP_SHAPE_REPRESENTATION('',(#11,#16335),#16453);
#16335 = MANIFOLD_SOLID_BREP('',#16336);
#16336 = CLOSED_SHELL('',(#16337,#16354,#16374,#16399,#16419,#16444));
#16337 = ADVANCED_FACE('',(#16338),#16349,.T.);
#16338 = FACE_BOUND('',#16339,.T.);
#16339 = EDGE_LOOP('',(#16340));
#16340 = ORIENTED_EDGE('',*,*,#16341,.T.);
#16341 = EDGE_CURVE('',#16342,#16342,#16344,.T.);
#16342 = VERTEX_POINT('',#16343);
#16343 = CARTESIAN_POINT('',(30.1,-17.5,166.));
#16344 = CIRCLE('',#16345,1.1);
#16345 = AXIS2_PLACEMENT_3D('',#16346,#16347,#16348);
#16346 = CARTESIAN_POINT('',(29.,-17.5,166.));
#16347 = DIRECTION('',(0.,-1.,0.));
#16348 = DIRECTION('',(1.,0.,0.));
#16349 = PLANE('',#16350);
#16350 = AXIS2_PLACEMENT_3D('',#16351,#16352,#16353);
#16351 = CARTESIAN_POINT('',(29.,-17.5,166.));
#16352 = DIRECTION('',(0.,-1.,0.));
#16353 = DIRECTION('',(1.,0.,0.));
#16354 = ADVANCED_FACE('',(#16355,#16366),#16369,.T.);
#16355 = FACE_BOUND('',#16356,.T.);
#16356 = EDGE_LOOP('',(#16357));
#16357 = ORIENTED_EDGE('',*,*,#16358,.T.);
#16358 = EDGE_CURVE('',#16359,#16359,#16361,.T.);
#16359 = VERTEX_POINT('',#16360);
#16360 = CARTESIAN_POINT('',(31.2,-17.5,166.));
#16361 = CIRCLE('',#16362,2.2);
#16362 = AXIS2_PLACEMENT_3D('',#16363,#16364,#16365);
#16363 = CARTESIAN_POINT('',(29.,-17.5,166.));
#16364 = DIRECTION('',(0.,-1.,0.));
#16365 = DIRECTION('',(1.,0.,0.));
#16366 = FACE_BOUND('',#16367,.T.);
#16367 = EDGE_LOOP('',(#16368));
#16368 = ORIENTED_EDGE('',*,*,#16341,.F.);
#16369 = PLANE('',#16370);
#16370 = AXIS2_PLACEMENT_3D('',#16371,#16372,#16373);
#16371 = CARTESIAN_POINT('',(29.,-17.5,166.));
#16372 = DIRECTION('',(0.,-1.,0.));
#16373 = DIRECTION('',(1.,0.,0.));
#16374 = ADVANCED_FACE('',(#16375),#16394,.T.);
#16375 = FACE_BOUND('',#16376,.T.);
#16376 = EDGE_LOOP('',(#16377,#16378,#16386,#16393));
#16377 = ORIENTED_EDGE('',*,*,#16358,.F.);
#16378 = ORIENTED_EDGE('',*,*,#16379,.F.);
#16379 = EDGE_CURVE('',#16380,#16359,#16382,.T.);
#16380 = VERTEX_POINT('',#16381);
#16381 = CARTESIAN_POINT('',(31.2,-16.,166.));
#16382 = LINE('',#16383,#16384);
#16383 = CARTESIAN_POINT('',(31.2,-16.,166.));
#16384 = VECTOR('',#16385,1.);
#16385 = DIRECTION('',(0.,-1.,0.));
#16386 = ORIENTED_EDGE('',*,*,#16387,.T.);
#16387 = EDGE_CURVE('',#16380,#16380,#16388,.T.);
#16388 = CIRCLE('',#16389,2.2);
#16389 = AXIS2_PLACEMENT_3D('',#16390,#16391,#16392);
#16390 = CARTESIAN_POINT('',(29.,-16.,166.));
#16391 = DIRECTION('',(0.,-1.,0.));
#16392 = DIRECTION('',(1.,0.,0.));
#16393 = ORIENTED_EDGE('',*,*,#16379,.T.);
#16394 = CYLINDRICAL_SURFACE('',#16395,2.2);
#16395 = AXIS2_PLACEMENT_3D('',#16396,#16397,#16398);
#16396 = CARTESIAN_POINT('',(29.,-16.,166.));
#16397 = DIRECTION('',(0.,-1.,0.));
#16398 = DIRECTION('',(1.,0.,0.));
#16399 = ADVANCED_FACE('',(#16400,#16403),#16414,.F.);
#16400 = FACE_BOUND('',#16401,.F.);
#16401 = EDGE_LOOP('',(#16402));
#16402 = ORIENTED_EDGE('',*,*,#16387,.T.);
#16403 = FACE_BOUND('',#16404,.F.);
#16404 = EDGE_LOOP('',(#16405));
#16405 = ORIENTED_EDGE('',*,*,#16406,.F.);
#16406 = EDGE_CURVE('',#16407,#16407,#16409,.T.);
#16407 = VERTEX_POINT('',#16408);
#16408 = CARTESIAN_POINT('',(30.1,-16.,166.));
#16409 = CIRCLE('',#16410,1.1);
#16410 = AXIS2_PLACEMENT_3D('',#16411,#16412,#16413);
#16411 = CARTESIAN_POINT('',(29.,-16.,166.));
#16412 = DIRECTION('',(0.,-1.,1.1E-16));
#16413 = DIRECTION('',(1.,0.,0.));
#16414 = PLANE('',#16415);
#16415 = AXIS2_PLACEMENT_3D('',#16416,#16417,#16418);
#16416 = CARTESIAN_POINT('',(29.,-16.,166.));
#16417 = DIRECTION('',(0.,-1.,0.));
#16418 = DIRECTION('',(1.,0.,0.));
#16419 = ADVANCED_FACE('',(#16420),#16439,.T.);
#16420 = FACE_BOUND('',#16421,.T.);
#16421 = EDGE_LOOP('',(#16422,#16423,#16431,#16438));
#16422 = ORIENTED_EDGE('',*,*,#16406,.F.);
#16423 = ORIENTED_EDGE('',*,*,#16424,.F.);
#16424 = EDGE_CURVE('',#16425,#16407,#16427,.T.);
#16425 = VERTEX_POINT('',#16426);
#16426 = CARTESIAN_POINT('',(30.1,-9.5,166.));
#16427 = LINE('',#16428,#16429);
#16428 = CARTESIAN_POINT('',(30.1,-9.5,166.));
#16429 = VECTOR('',#16430,1.);
#16430 = DIRECTION('',(0.,-1.,0.));
#16431 = ORIENTED_EDGE('',*,*,#16432,.T.);
#16432 = EDGE_CURVE('',#16425,#16425,#16433,.T.);
#16433 = CIRCLE('',#16434,1.1);
#16434 = AXIS2_PLACEMENT_3D('',#16435,#16436,#16437);
#16435 = CARTESIAN_POINT('',(29.,-9.5,166.));
#16436 = DIRECTION('',(0.,-1.,0.));
#16437 = DIRECTION('',(1.,0.,0.));
#16438 = ORIENTED_EDGE('',*,*,#16424,.T.);
#16439 = CYLINDRICAL_SURFACE('',#16440,1.1);
#16440 = AXIS2_PLACEMENT_3D('',#16441,#16442,#16443);
#16441 = CARTESIAN_POINT('',(29.,-9.5,166.));
#16442 = DIRECTION('',(0.,-1.,0.));
#16443 = DIRECTION('',(1.,0.,0.));
#16444 = ADVANCED_FACE('',(#16445),#16448,.F.);
#16445 = FACE_BOUND('',#16446,.T.);
#16446 = EDGE_LOOP('',(#16447));
#16447 = ORIENTED_EDGE('',*,*,#16432,.F.);
#16448 = PLANE('',#16449);
#16449 = AXIS2_PLACEMENT_3D('',#16450,#16451,#16452);
#16450 = CARTESIAN_POINT('',(29.,-9.5,166.));
#16451 = DIRECTION('',(0.,-1.,0.));
#16452 = DIRECTION('',(1.,0.,0.));
#16453 = ( GEOMETRIC_REPRESENTATION_CONTEXT(3) 
GLOBAL_UNCERTAINTY_ASSIGNED_CONTEXT((#16457)) 
GLOBAL_UNIT_ASSIGNED_CONTEXT((#16454,#16455,#16456)) 
REPRESENTATION_CONTEXT('Context #1',
  '3D Context with UNIT and UNCERTAINTY') );
#16454 = ( LENGTH_UNIT() NAMED_UNIT(*) SI_UNIT(.MILLI.,.METRE.) );
#16455 = ( NAMED_UNIT(*) PLANE_ANGLE_UNIT() SI_UNIT($,.RADIAN.) );
#16456 = ( NAMED_UNIT(*) SI_UNIT($,.STERADIAN.) SOLID_ANGLE_UNIT() );
#16457 = UNCERTAINTY_MEASURE_WITH_UNIT(LENGTH_MEASURE(1.E-07),#16454,
  'distance_accuracy_value','confusion accuracy');
#16458 = CONTEXT_DEPENDENT_SHAPE_REPRESENTATION(#16459,#16461);
#16459 = ( REPRESENTATION_RELATIONSHIP('','',#16334,#10) 
REPRESENTATION_RELATIONSHIP_WITH_TRANSFORMATION(#16460) 
SHAPE_REPRESENTATION_RELATIONSHIP() );
#16460 = ITEM_DEFINED_TRANSFORMATION('','',#11,#183);
#16461 = PRODUCT_DEFINITION_SHAPE('Placement','Placement of an item',
  #16462);
#16462 = NEXT_ASSEMBLY_USAGE_OCCURRENCE('95','Screw_TR','',#5,#16329,$);
#16463 = PRODUCT_RELATED_PRODUCT_CATEGORY('part',$,(#16331));
#16464 = SHAPE_DEFINITION_REPRESENTATION(#16465,#16471);
#16465 = PRODUCT_DEFINITION_SHAPE('','',#16466);
#16466 = PRODUCT_DEFINITION('design','',#16467,#16470);
#16467 = PRODUCT_DEFINITION_FORMATION('','',#16468);
#16468 = PRODUCT('Screw_BL','Screw_BL','',(#16469));
#16469 = PRODUCT_CONTEXT('',#2,'mechanical');
#16470 = PRODUCT_DEFINITION_CONTEXT('part definition',#2,'design');
#16471 = ADVANCED_BREP_SHAPE_REPRESENTATION('',(#11,#16472),#16590);
#16472 = MANIFOLD_SOLID_BREP('',#16473);
#16473 = CLOSED_SHELL('',(#16474,#16491,#16511,#16536,#16556,#16581));
#16474 = ADVANCED_FACE('',(#16475),#16486,.T.);
#16475 = FACE_BOUND('',#16476,.T.);
#16476 = EDGE_LOOP('',(#16477));
#16477 = ORIENTED_EDGE('',*,*,#16478,.T.);
#16478 = EDGE_CURVE('',#16479,#16479,#16481,.T.);
#16479 = VERTEX_POINT('',#16480);
#16480 = CARTESIAN_POINT('',(-27.9,-17.5,9.));
#16481 = CIRCLE('',#16482,1.1);
#16482 = AXIS2_PLACEMENT_3D('',#16483,#16484,#16485);
#16483 = CARTESIAN_POINT('',(-29.,-17.5,9.));
#16484 = DIRECTION('',(0.,-1.,0.));
#16485 = DIRECTION('',(1.,0.,0.));
#16486 = PLANE('',#16487);
#16487 = AXIS2_PLACEMENT_3D('',#16488,#16489,#16490);
#16488 = CARTESIAN_POINT('',(-29.,-17.5,9.));
#16489 = DIRECTION('',(0.,-1.,0.));
#16490 = DIRECTION('',(1.,0.,0.));
#16491 = ADVANCED_FACE('',(#16492,#16503),#16506,.T.);
#16492 = FACE_BOUND('',#16493,.T.);
#16493 = EDGE_LOOP('',(#16494));
#16494 = ORIENTED_EDGE('',*,*,#16495,.T.);
#16495 = EDGE_CURVE('',#16496,#16496,#16498,.T.);
#16496 = VERTEX_POINT('',#16497);
#16497 = CARTESIAN_POINT('',(-26.8,-17.5,9.));
#16498 = CIRCLE('',#16499,2.2);
#16499 = AXIS2_PLACEMENT_3D('',#16500,#16501,#16502);
#16500 = CARTESIAN_POINT('',(-29.,-17.5,9.));
#16501 = DIRECTION('',(0.,-1.,0.));
#16502 = DIRECTION('',(1.,0.,0.));
#16503 = FACE_BOUND('',#16504,.T.);
#16504 = EDGE_LOOP('',(#16505));
#16505 = ORIENTED_EDGE('',*,*,#16478,.F.);
#16506 = PLANE('',#16507);
#16507 = AXIS2_PLACEMENT_3D('',#16508,#16509,#16510);
#16508 = CARTESIAN_POINT('',(-29.,-17.5,9.));
#16509 = DIRECTION('',(0.,-1.,0.));
#16510 = DIRECTION('',(1.,0.,0.));
#16511 = ADVANCED_FACE('',(#16512),#16531,.T.);
#16512 = FACE_BOUND('',#16513,.T.);
#16513 = EDGE_LOOP('',(#16514,#16515,#16523,#16530));
#16514 = ORIENTED_EDGE('',*,*,#16495,.F.);
#16515 = ORIENTED_EDGE('',*,*,#16516,.F.);
#16516 = EDGE_CURVE('',#16517,#16496,#16519,.T.);
#16517 = VERTEX_POINT('',#16518);
#16518 = CARTESIAN_POINT('',(-26.8,-16.,9.));
#16519 = LINE('',#16520,#16521);
#16520 = CARTESIAN_POINT('',(-26.8,-16.,9.));
#16521 = VECTOR('',#16522,1.);
#16522 = DIRECTION('',(0.,-1.,0.));
#16523 = ORIENTED_EDGE('',*,*,#16524,.T.);
#16524 = EDGE_CURVE('',#16517,#16517,#16525,.T.);
#16525 = CIRCLE('',#16526,2.2);
#16526 = AXIS2_PLACEMENT_3D('',#16527,#16528,#16529);
#16527 = CARTESIAN_POINT('',(-29.,-16.,9.));
#16528 = DIRECTION('',(0.,-1.,0.));
#16529 = DIRECTION('',(1.,0.,0.));
#16530 = ORIENTED_EDGE('',*,*,#16516,.T.);
#16531 = CYLINDRICAL_SURFACE('',#16532,2.2);
#16532 = AXIS2_PLACEMENT_3D('',#16533,#16534,#16535);
#16533 = CARTESIAN_POINT('',(-29.,-16.,9.));
#16534 = DIRECTION('',(0.,-1.,0.));
#16535 = DIRECTION('',(1.,0.,0.));
#16536 = ADVANCED_FACE('',(#16537,#16540),#16551,.F.);
#16537 = FACE_BOUND('',#16538,.F.);
#16538 = EDGE_LOOP('',(#16539));
#16539 = ORIENTED_EDGE('',*,*,#16524,.T.);
#16540 = FACE_BOUND('',#16541,.F.);
#16541 = EDGE_LOOP('',(#16542));
#16542 = ORIENTED_EDGE('',*,*,#16543,.F.);
#16543 = EDGE_CURVE('',#16544,#16544,#16546,.T.);
#16544 = VERTEX_POINT('',#16545);
#16545 = CARTESIAN_POINT('',(-27.9,-16.,9.));
#16546 = CIRCLE('',#16547,1.1);
#16547 = AXIS2_PLACEMENT_3D('',#16548,#16549,#16550);
#16548 = CARTESIAN_POINT('',(-29.,-16.,9.));
#16549 = DIRECTION('',(0.,-1.,1.1E-16));
#16550 = DIRECTION('',(1.,0.,0.));
#16551 = PLANE('',#16552);
#16552 = AXIS2_PLACEMENT_3D('',#16553,#16554,#16555);
#16553 = CARTESIAN_POINT('',(-29.,-16.,9.));
#16554 = DIRECTION('',(0.,-1.,0.));
#16555 = DIRECTION('',(1.,0.,0.));
#16556 = ADVANCED_FACE('',(#16557),#16576,.T.);
#16557 = FACE_BOUND('',#16558,.T.);
#16558 = EDGE_LOOP('',(#16559,#16560,#16568,#16575));
#16559 = ORIENTED_EDGE('',*,*,#16543,.F.);
#16560 = ORIENTED_EDGE('',*,*,#16561,.F.);
#16561 = EDGE_CURVE('',#16562,#16544,#16564,.T.);
#16562 = VERTEX_POINT('',#16563);
#16563 = CARTESIAN_POINT('',(-27.9,-9.5,9.));
#16564 = LINE('',#16565,#16566);
#16565 = CARTESIAN_POINT('',(-27.9,-9.5,9.));
#16566 = VECTOR('',#16567,1.);
#16567 = DIRECTION('',(0.,-1.,0.));
#16568 = ORIENTED_EDGE('',*,*,#16569,.T.);
#16569 = EDGE_CURVE('',#16562,#16562,#16570,.T.);
#16570 = CIRCLE('',#16571,1.1);
#16571 = AXIS2_PLACEMENT_3D('',#16572,#16573,#16574);
#16572 = CARTESIAN_POINT('',(-29.,-9.5,9.));
#16573 = DIRECTION('',(0.,-1.,0.));
#16574 = DIRECTION('',(1.,0.,0.));
#16575 = ORIENTED_EDGE('',*,*,#16561,.T.);
#16576 = CYLINDRICAL_SURFACE('',#16577,1.1);
#16577 = AXIS2_PLACEMENT_3D('',#16578,#16579,#16580);
#16578 = CARTESIAN_POINT('',(-29.,-9.5,9.));
#16579 = DIRECTION('',(0.,-1.,0.));
#16580 = DIRECTION('',(1.,0.,0.));
#16581 = ADVANCED_FACE('',(#16582),#16585,.F.);
#16582 = FACE_BOUND('',#16583,.T.);
#16583 = EDGE_LOOP('',(#16584));
#16584 = ORIENTED_EDGE('',*,*,#16569,.F.);
#16585 = PLANE('',#16586);
#16586 = AXIS2_PLACEMENT_3D('',#16587,#16588,#16589);
#16587 = CARTESIAN_POINT('',(-29.,-9.5,9.));
#16588 = DIRECTION('',(0.,-1.,0.));
#16589 = DIRECTION('',(1.,0.,0.));
#16590 = ( GEOMETRIC_REPRESENTATION_CONTEXT(3) 
GLOBAL_UNCERTAINTY_ASSIGNED_CONTEXT((#16594)) 
GLOBAL_UNIT_ASSIGNED_CONTEXT((#16591,#16592,#16593)) 
REPRESENTATION_CONTEXT('Context #1',
  '3D Context with UNIT and UNCERTAINTY') );
#16591 = ( LENGTH_UNIT() NAMED_UNIT(*) SI_UNIT(.MILLI.,.METRE.) );
#16592 = ( NAMED_UNIT(*) PLANE_ANGLE_UNIT() SI_UNIT($,.RADIAN.) );
#16593 = ( NAMED_UNIT(*) SI_UNIT($,.STERADIAN.) SOLID_ANGLE_UNIT() );
#16594 = UNCERTAINTY_MEASURE_WITH_UNIT(LENGTH_MEASURE(1.E-07),#16591,
  'distance_accuracy_value','confusion accuracy');
#16595 = CONTEXT_DEPENDENT_SHAPE_REPRESENTATION(#16596,#16598);
#16596 = ( REPRESENTATION_RELATIONSHIP('','',#16471,#10) 
REPRESENTATION_RELATIONSHIP_WITH_TRANSFORMATION(#16597) 
SHAPE_REPRESENTATION_RELATIONSHIP() );
#16597 = ITEM_DEFINED_TRANSFORMATION('','',#11,#187);
#16598 = PRODUCT_DEFINITION_SHAPE('Placement','Placement of an item',
  #16599);
#16599 = NEXT_ASSEMBLY_USAGE_OCCURRENCE('96','Screw_BL','',#5,#16466,$);
#16600 = PRODUCT_RELATED_PRODUCT_CATEGORY('part',$,(#16468));
#16601 = SHAPE_DEFINITION_REPRESENTATION(#16602,#16608);
#16602 = PRODUCT_DEFINITION_SHAPE('','',#16603);
#16603 = PRODUCT_DEFINITION('design','',#16604,#16607);
#16604 = PRODUCT_DEFINITION_FORMATION('','',#16605);
#16605 = PRODUCT('Screw_BR','Screw_BR','',(#16606));
#16606 = PRODUCT_CONTEXT('',#2,'mechanical');
#16607 = PRODUCT_DEFINITION_CONTEXT('part definition',#2,'design');
#16608 = ADVANCED_BREP_SHAPE_REPRESENTATION('',(#11,#16609),#16727);
#16609 = MANIFOLD_SOLID_BREP('',#16610);
#16610 = CLOSED_SHELL('',(#16611,#16628,#16648,#16673,#16693,#16718));
#16611 = ADVANCED_FACE('',(#16612),#16623,.T.);
#16612 = FACE_BOUND('',#16613,.T.);
#16613 = EDGE_LOOP('',(#16614));
#16614 = ORIENTED_EDGE('',*,*,#16615,.T.);
#16615 = EDGE_CURVE('',#16616,#16616,#16618,.T.);
#16616 = VERTEX_POINT('',#16617);
#16617 = CARTESIAN_POINT('',(30.1,-17.5,9.));
#16618 = CIRCLE('',#16619,1.1);
#16619 = AXIS2_PLACEMENT_3D('',#16620,#16621,#16622);
#16620 = CARTESIAN_POINT('',(29.,-17.5,9.));
#16621 = DIRECTION('',(0.,-1.,0.));
#16622 = DIRECTION('',(1.,0.,0.));
#16623 = PLANE('',#16624);
#16624 = AXIS2_PLACEMENT_3D('',#16625,#16626,#16627);
#16625 = CARTESIAN_POINT('',(29.,-17.5,9.));
#16626 = DIRECTION('',(0.,-1.,0.));
#16627 = DIRECTION('',(1.,0.,0.));
#16628 = ADVANCED_FACE('',(#16629,#16640),#16643,.T.);
#16629 = FACE_BOUND('',#16630,.T.);
#16630 = EDGE_LOOP('',(#16631));
#16631 = ORIENTED_EDGE('',*,*,#16632,.T.);
#16632 = EDGE_CURVE('',#16633,#16633,#16635,.T.);
#16633 = VERTEX_POINT('',#16634);
#16634 = CARTESIAN_POINT('',(31.2,-17.5,9.));
#16635 = CIRCLE('',#16636,2.2);
#16636 = AXIS2_PLACEMENT_3D('',#16637,#16638,#16639);
#16637 = CARTESIAN_POINT('',(29.,-17.5,9.));
#16638 = DIRECTION('',(0.,-1.,0.));
#16639 = DIRECTION('',(1.,0.,0.));
#16640 = FACE_BOUND('',#16641,.T.);
#16641 = EDGE_LOOP('',(#16642));
#16642 = ORIENTED_EDGE('',*,*,#16615,.F.);
#16643 = PLANE('',#16644);
#16644 = AXIS2_PLACEMENT_3D('',#16645,#16646,#16647);
#16645 = CARTESIAN_POINT('',(29.,-17.5,9.));
#16646 = DIRECTION('',(0.,-1.,0.));
#16647 = DIRECTION('',(1.,0.,0.));
#16648 = ADVANCED_FACE('',(#16649),#16668,.T.);
#16649 = FACE_BOUND('',#16650,.T.);
#16650 = EDGE_LOOP('',(#16651,#16652,#16660,#16667));
#16651 = ORIENTED_EDGE('',*,*,#16632,.F.);
#16652 = ORIENTED_EDGE('',*,*,#16653,.F.);
#16653 = EDGE_CURVE('',#16654,#16633,#16656,.T.);
#16654 = VERTEX_POINT('',#16655);
#16655 = CARTESIAN_POINT('',(31.2,-16.,9.));
#16656 = LINE('',#16657,#16658);
#16657 = CARTESIAN_POINT('',(31.2,-16.,9.));
#16658 = VECTOR('',#16659,1.);
#16659 = DIRECTION('',(0.,-1.,0.));
#16660 = ORIENTED_EDGE('',*,*,#16661,.T.);
#16661 = EDGE_CURVE('',#16654,#16654,#16662,.T.);
#16662 = CIRCLE('',#16663,2.2);
#16663 = AXIS2_PLACEMENT_3D('',#16664,#16665,#16666);
#16664 = CARTESIAN_POINT('',(29.,-16.,9.));
#16665 = DIRECTION('',(0.,-1.,0.));
#16666 = DIRECTION('',(1.,0.,0.));
#16667 = ORIENTED_EDGE('',*,*,#16653,.T.);
#16668 = CYLINDRICAL_SURFACE('',#16669,2.2);
#16669 = AXIS2_PLACEMENT_3D('',#16670,#16671,#16672);
#16670 = CARTESIAN_POINT('',(29.,-16.,9.));
#16671 = DIRECTION('',(0.,-1.,0.));
#16672 = DIRECTION('',(1.,0.,0.));
#16673 = ADVANCED_FACE('',(#16674,#16677),#16688,.F.);
#16674 = FACE_BOUND('',#16675,.F.);
#16675 = EDGE_LOOP('',(#16676));
#16676 = ORIENTED_EDGE('',*,*,#16661,.T.);
#16677 = FACE_BOUND('',#16678,.F.);
#16678 = EDGE_LOOP('',(#16679));
#16679 = ORIENTED_EDGE('',*,*,#16680,.F.);
#16680 = EDGE_CURVE('',#16681,#16681,#16683,.T.);
#16681 = VERTEX_POINT('',#16682);
#16682 = CARTESIAN_POINT('',(30.1,-16.,9.));
#16683 = CIRCLE('',#16684,1.1);
#16684 = AXIS2_PLACEMENT_3D('',#16685,#16686,#16687);
#16685 = CARTESIAN_POINT('',(29.,-16.,9.));
#16686 = DIRECTION('',(0.,-1.,1.1E-16));
#16687 = DIRECTION('',(1.,0.,0.));
#16688 = PLANE('',#16689);
#16689 = AXIS2_PLACEMENT_3D('',#16690,#16691,#16692);
#16690 = CARTESIAN_POINT('',(29.,-16.,9.));
#16691 = DIRECTION('',(0.,-1.,0.));
#16692 = DIRECTION('',(1.,0.,0.));
#16693 = ADVANCED_FACE('',(#16694),#16713,.T.);
#16694 = FACE_BOUND('',#16695,.T.);
#16695 = EDGE_LOOP('',(#16696,#16697,#16705,#16712));
#16696 = ORIENTED_EDGE('',*,*,#16680,.F.);
#16697 = ORIENTED_EDGE('',*,*,#16698,.F.);
#16698 = EDGE_CURVE('',#16699,#16681,#16701,.T.);
#16699 = VERTEX_POINT('',#16700);
#16700 = CARTESIAN_POINT('',(30.1,-9.5,9.));
#16701 = LINE('',#16702,#16703);
#16702 = CARTESIAN_POINT('',(30.1,-9.5,9.));
#16703 = VECTOR('',#16704,1.);
#16704 = DIRECTION('',(0.,-1.,0.));
#16705 = ORIENTED_EDGE('',*,*,#16706,.T.);
#16706 = EDGE_CURVE('',#16699,#16699,#16707,.T.);
#16707 = CIRCLE('',#16708,1.1);
#16708 = AXIS2_PLACEMENT_3D('',#16709,#16710,#16711);
#16709 = CARTESIAN_POINT('',(29.,-9.5,9.));
#16710 = DIRECTION('',(0.,-1.,0.));
#16711 = DIRECTION('',(1.,0.,0.));
#16712 = ORIENTED_EDGE('',*,*,#16698,.T.);
#16713 = CYLINDRICAL_SURFACE('',#16714,1.1);
#16714 = AXIS2_PLACEMENT_3D('',#16715,#16716,#16717);
#16715 = CARTESIAN_POINT('',(29.,-9.5,9.));
#16716 = DIRECTION('',(0.,-1.,0.));
#16717 = DIRECTION('',(1.,0.,0.));
#16718 = ADVANCED_FACE('',(#16719),#16722,.F.);
#16719 = FACE_BOUND('',#16720,.T.);
#16720 = EDGE_LOOP('',(#16721));
#16721 = ORIENTED_EDGE('',*,*,#16706,.F.);
#16722 = PLANE('',#16723);
#16723 = AXIS2_PLACEMENT_3D('',#16724,#16725,#16726);
#16724 = CARTESIAN_POINT('',(29.,-9.5,9.));
#16725 = DIRECTION('',(0.,-1.,0.));
#16726 = DIRECTION('',(1.,0.,0.));
#16727 = ( GEOMETRIC_REPRESENTATION_CONTEXT(3) 
GLOBAL_UNCERTAINTY_ASSIGNED_CONTEXT((#16731)) 
GLOBAL_UNIT_ASSIGNED_CONTEXT((#16728,#16729,#16730)) 
REPRESENTATION_CONTEXT('Context #1',
  '3D Context with UNIT and UNCERTAINTY') );
#16728 = ( LENGTH_UNIT() NAMED_UNIT(*) SI_UNIT(.MILLI.,.METRE.) );
#16729 = ( NAMED_UNIT(*) PLANE_ANGLE_UNIT() SI_UNIT($,.RADIAN.) );
#16730 = ( NAMED_UNIT(*) SI_UNIT($,.STERADIAN.) SOLID_ANGLE_UNIT() );
#16731 = UNCERTAINTY_MEASURE_WITH_UNIT(LENGTH_MEASURE(1.E-07),#16728,
  'distance_accuracy_value','confusion accuracy');
#16732 = CONTEXT_DEPENDENT_SHAPE_REPRESENTATION(#16733,#16735);
#16733 = ( REPRESENTATION_RELATIONSHIP('','',#16608,#10) 
REPRESENTATION_RELATIONSHIP_WITH_TRANSFORMATION(#16734) 
SHAPE_REPRESENTATION_RELATIONSHIP() );
#16734 = ITEM_DEFINED_TRANSFORMATION('','',#11,#191);
#16735 = PRODUCT_DEFINITION_SHAPE('Placement','Placement of an item',
  #16736);
#16736 = NEXT_ASSEMBLY_USAGE_OCCURRENCE('97','Screw_BR','',#5,#16603,$);
#16737 = PRODUCT_RELATED_PRODUCT_CATEGORY('part',$,(#16605));
#16738 = SHAPE_DEFINITION_REPRESENTATION(#16739,#16745);
#16739 = PRODUCT_DEFINITION_SHAPE('','',#16740);
#16740 = PRODUCT_DEFINITION('design','',#16741,#16744);
#16741 = PRODUCT_DEFINITION_FORMATION('','',#16742);
#16742 = PRODUCT('X-axis','X-axis','',(#16743));
#16743 = PRODUCT_CONTEXT('',#2,'mechanical');
#16744 = PRODUCT_DEFINITION_CONTEXT('part definition',#2,'design');
#16745 = GEOMETRICALLY_BOUNDED_WIREFRAME_SHAPE_REPRESENTATION('',(#11,
    #16746),#16751);
#16746 = GEOMETRIC_CURVE_SET('',(#16747));
#16747 = LINE('',#16748,#16749);
#16748 = CARTESIAN_POINT('',(0.,0.,0.));
#16749 = VECTOR('',#16750,1.);
#16750 = DIRECTION('',(1.,0.,0.));
#16751 = ( GEOMETRIC_REPRESENTATION_CONTEXT(3) 
GLOBAL_UNCERTAINTY_ASSIGNED_CONTEXT((#16755)) 
GLOBAL_UNIT_ASSIGNED_CONTEXT((#16752,#16753,#16754)) 
REPRESENTATION_CONTEXT('Context #1',
  '3D Context with UNIT and UNCERTAINTY') );
#16752 = ( LENGTH_UNIT() NAMED_UNIT(*) SI_UNIT(.MILLI.,.METRE.) );
#16753 = ( NAMED_UNIT(*) PLANE_ANGLE_UNIT() SI_UNIT($,.RADIAN.) );
#16754 = ( NAMED_UNIT(*) SI_UNIT($,.STERADIAN.) SOLID_ANGLE_UNIT() );
#16755 = UNCERTAINTY_MEASURE_WITH_UNIT(LENGTH_MEASURE(1.E-07),#16752,
  'distance_accuracy_value','confusion accuracy');
#16756 = CONTEXT_DEPENDENT_SHAPE_REPRESENTATION(#16757,#16759);
#16757 = ( REPRESENTATION_RELATIONSHIP('','',#16745,#10) 
REPRESENTATION_RELATIONSHIP_WITH_TRANSFORMATION(#16758) 
SHAPE_REPRESENTATION_RELATIONSHIP() );
#16758 = ITEM_DEFINED_TRANSFORMATION('','',#11,#195);
#16759 = PRODUCT_DEFINITION_SHAPE('Placement','Placement of an item',
  #16760);
#16760 = NEXT_ASSEMBLY_USAGE_OCCURRENCE('98','X-axis','',#5,#16740,$);
#16761 = PRODUCT_RELATED_PRODUCT_CATEGORY('part',$,(#16742));
#16762 = CONTEXT_DEPENDENT_SHAPE_REPRESENTATION(#16763,#16765);
#16763 = ( REPRESENTATION_RELATIONSHIP('','',#16745,#10) 
REPRESENTATION_RELATIONSHIP_WITH_TRANSFORMATION(#16764) 
SHAPE_REPRESENTATION_RELATIONSHIP() );
#16764 = ITEM_DEFINED_TRANSFORMATION('','',#11,#199);
#16765 = PRODUCT_DEFINITION_SHAPE('Placement','Placement of an item',
  #16766);
#16766 = NEXT_ASSEMBLY_USAGE_OCCURRENCE('99','Y-axis','',#5,#16740,$);
#16767 = CONTEXT_DEPENDENT_SHAPE_REPRESENTATION(#16768,#16770);
#16768 = ( REPRESENTATION_RELATIONSHIP('','',#16745,#10) 
REPRESENTATION_RELATIONSHIP_WITH_TRANSFORMATION(#16769) 
SHAPE_REPRESENTATION_RELATIONSHIP() );
#16769 = ITEM_DEFINED_TRANSFORMATION('','',#11,#203);
#16770 = PRODUCT_DEFINITION_SHAPE('Placement','Placement of an item',
  #16771);
#16771 = NEXT_ASSEMBLY_USAGE_OCCURRENCE('100','Z-axis','',#5,#16740,$);
#16772 = SHAPE_DEFINITION_REPRESENTATION(#16773,#16779);
#16773 = PRODUCT_DEFINITION_SHAPE('','',#16774);
#16774 = PRODUCT_DEFINITION('design','',#16775,#16778);
#16775 = PRODUCT_DEFINITION_FORMATION('','',#16776);
#16776 = PRODUCT('XY-plane','XY-plane','',(#16777));
#16777 = PRODUCT_CONTEXT('',#2,'mechanical');
#16778 = PRODUCT_DEFINITION_CONTEXT('part definition',#2,'design');
#16779 = MANIFOLD_SURFACE_SHAPE_REPRESENTATION('',(#11),#16780);
#16780 = ( GEOMETRIC_REPRESENTATION_CONTEXT(3) 
GLOBAL_UNCERTAINTY_ASSIGNED_CONTEXT((#16784)) 
GLOBAL_UNIT_ASSIGNED_CONTEXT((#16781,#16782,#16783)) 
REPRESENTATION_CONTEXT('Context #1',
  '3D Context with UNIT and UNCERTAINTY') );
#16781 = ( LENGTH_UNIT() NAMED_UNIT(*) SI_UNIT(.MILLI.,.METRE.) );
#16782 = ( NAMED_UNIT(*) PLANE_ANGLE_UNIT() SI_UNIT($,.RADIAN.) );
#16783 = ( NAMED_UNIT(*) SI_UNIT($,.STERADIAN.) SOLID_ANGLE_UNIT() );
#16784 = UNCERTAINTY_MEASURE_WITH_UNIT(LENGTH_MEASURE(1.E-07),#16781,
  'distance_accuracy_value','confusion accuracy');
#16785 = CONTEXT_DEPENDENT_SHAPE_REPRESENTATION(#16786,#16788);
#16786 = ( REPRESENTATION_RELATIONSHIP('','',#16779,#10) 
REPRESENTATION_RELATIONSHIP_WITH_TRANSFORMATION(#16787) 
SHAPE_REPRESENTATION_RELATIONSHIP() );
#16787 = ITEM_DEFINED_TRANSFORMATION('','',#11,#207);
#16788 = PRODUCT_DEFINITION_SHAPE('Placement','Placement of an item',
  #16789);
#16789 = NEXT_ASSEMBLY_USAGE_OCCURRENCE('101','XY-plane','',#5,#16774,$
  );
#16790 = PRODUCT_RELATED_PRODUCT_CATEGORY('part',$,(#16776));
#16791 = CONTEXT_DEPENDENT_SHAPE_REPRESENTATION(#16792,#16794);
#16792 = ( REPRESENTATION_RELATIONSHIP('','',#16779,#10) 
REPRESENTATION_RELATIONSHIP_WITH_TRANSFORMATION(#16793) 
SHAPE_REPRESENTATION_RELATIONSHIP() );
#16793 = ITEM_DEFINED_TRANSFORMATION('','',#11,#211);
#16794 = PRODUCT_DEFINITION_SHAPE('Placement','Placement of an item',
  #16795);
#16795 = NEXT_ASSEMBLY_USAGE_OCCURRENCE('102','XZ-plane','',#5,#16774,$
  );
#16796 = CONTEXT_DEPENDENT_SHAPE_REPRESENTATION(#16797,#16799);
#16797 = ( REPRESENTATION_RELATIONSHIP('','',#16779,#10) 
REPRESENTATION_RELATIONSHIP_WITH_TRANSFORMATION(#16798) 
SHAPE_REPRESENTATION_RELATIONSHIP() );
#16798 = ITEM_DEFINED_TRANSFORMATION('','',#11,#215);
#16799 = PRODUCT_DEFINITION_SHAPE('Placement','Placement of an item',
  #16800);
#16800 = NEXT_ASSEMBLY_USAGE_OCCURRENCE('103','YZ-plane','',#5,#16774,$
  );
#16801 = SHAPE_DEFINITION_REPRESENTATION(#16802,#16808);
#16802 = PRODUCT_DEFINITION_SHAPE('','',#16803);
#16803 = PRODUCT_DEFINITION('design','',#16804,#16807);
#16804 = PRODUCT_DEFINITION_FORMATION('','',#16805);
#16805 = PRODUCT('Open CASCADE STEP translator 7.8 2.52',
  'Open CASCADE STEP translator 7.8 2.52','',(#16806));
#16806 = PRODUCT_CONTEXT('',#2,'mechanical');
#16807 = PRODUCT_DEFINITION_CONTEXT('part definition',#2,'design');
#16808 = GEOMETRICALLY_BOUNDED_WIREFRAME_SHAPE_REPRESENTATION('',(#11,
    #16809),#16811);
#16809 = GEOMETRIC_CURVE_SET('',(#16810));
#16810 = CARTESIAN_POINT('',(0.,0.,0.));
#16811 = ( GEOMETRIC_REPRESENTATION_CONTEXT(3) 
GLOBAL_UNCERTAINTY_ASSIGNED_CONTEXT((#16815)) 
GLOBAL_UNIT_ASSIGNED_CONTEXT((#16812,#16813,#16814)) 
REPRESENTATION_CONTEXT('Context #1',
  '3D Context with UNIT and UNCERTAINTY') );
#16812 = ( LENGTH_UNIT() NAMED_UNIT(*) SI_UNIT(.MILLI.,.METRE.) );
#16813 = ( NAMED_UNIT(*) PLANE_ANGLE_UNIT() SI_UNIT($,.RADIAN.) );
#16814 = ( NAMED_UNIT(*) SI_UNIT($,.STERADIAN.) SOLID_ANGLE_UNIT() );
#16815 = UNCERTAINTY_MEASURE_WITH_UNIT(LENGTH_MEASURE(1.E-07),#16812,
  'distance_accuracy_value','confusion accuracy');
#16816 = CONTEXT_DEPENDENT_SHAPE_REPRESENTATION(#16817,#16819);
#16817 = ( REPRESENTATION_RELATIONSHIP('','',#16808,#10) 
REPRESENTATION_RELATIONSHIP_WITH_TRANSFORMATION(#16818) 
SHAPE_REPRESENTATION_RELATIONSHIP() );
#16818 = ITEM_DEFINED_TRANSFORMATION('','',#11,#219);
#16819 = PRODUCT_DEFINITION_SHAPE('Placement','Placement of an item',
  #16820);
#16820 = NEXT_ASSEMBLY_USAGE_OCCURRENCE('104','','',#5,#16803,$);
#16821 = PRODUCT_RELATED_PRODUCT_CATEGORY('part',$,(#16805));
ENDSEC;
END-ISO-10303-21;
