# Created by FreeCAD <https://www.freecad.org>
v -36.000000 -9.014719 32.828426
v -36.000000 -9.014719 87.500000
v -36.000000 9.014719 32.828426
v -36.000000 9.014719 87.500000
v -27.514719 -17.500000 87.500000
v -27.514719 17.500000 87.500000
v 27.514719 17.500000 87.500000
v 27.514719 -17.500000 87.500000
v 36.000000 9.014719 87.500000
v 36.000000 -9.014719 87.500000
v -35.920311 9.094409 -32.855350
v -36.000000 9.014719 -87.500000
v -36.000000 9.014719 -32.828426
v -35.839893 9.174824 -32.880032
v -35.721985 9.292732 -32.911827
v -35.602882 9.411838 -32.938797
v -35.482777 9.531941 -32.960899
v -35.361874 9.652845 -32.978096
v -35.240368 9.774349 -32.990356
v -35.118465 9.896252 -32.997662
v -34.996368 10.018350 -32.999996
v -34.874275 10.140442 -32.997364
v -34.752392 10.262326 -32.989765
v -34.630920 10.383800 -32.977211
v -34.510056 10.504662 -32.959721
v -34.390007 10.624712 -32.937328
v -27.514719 17.500000 -87.500000
v -34.270966 10.743752 -32.910072
v -34.153137 10.861583 -32.877991
v -34.036709 10.978011 -32.841137
v -33.921875 11.092843 -32.799580
v -33.808830 11.205889 -32.753384
v -33.697758 11.316960 -32.702621
v -33.588844 11.425874 -32.647385
v -33.482269 11.532449 -32.587757
v -33.378208 11.636509 -32.523846
v -33.276836 11.737883 -32.455750
v -33.178318 11.836400 -32.383583
v -33.082821 11.931899 -32.307472
v -32.990498 12.024221 -32.227531
v -32.901505 12.113214 -32.143902
v -32.815990 12.198729 -32.056721
v -32.734093 12.280624 -31.966131
v -32.664448 12.350272 -31.882868
v -32.614212 12.400507 -31.818794
v -32.565735 12.448984 -31.753384
v -32.519051 12.495668 -31.686680
v -32.474194 12.540525 -31.618734
v -32.431198 12.583522 -31.549597
v -32.390091 12.624626 -31.479319
v -32.350910 12.663809 -31.407949
v -32.313679 12.701040 -31.335545
v -32.278427 12.736293 -31.262156
v -32.245178 12.769541 -31.187836
v -32.213959 12.800760 -31.112642
v -32.184792 12.829927 -31.036629
v -32.157700 12.857021 -30.959852
v -32.132698 12.882021 -30.882370
v -32.109810 12.904910 -30.804235
v -32.089050 12.925670 -30.725510
v -32.070435 12.944285 -30.646250
v -32.053974 12.960743 -30.566513
v -32.039688 12.975032 -30.486361
v -32.027580 12.987140 -30.405849
v -35.920311 9.094409 -17.855350
v -35.818115 9.196605 -27.113707
v -36.000000 9.014719 -27.171574
v -36.000000 9.014719 -17.828426
v -35.839893 9.174824 -17.880030
v -35.721985 9.292732 -17.911827
v -35.632915 9.381803 -27.067524
v -35.602882 9.411838 -17.938799
v -35.482777 9.531941 -17.960899
v -35.445156 9.569563 -27.033211
v -35.361874 9.652845 -17.978094
v -35.255592 9.759125 -27.010908
v -35.240368 9.774349 -17.990355
v -35.118465 9.896252 -17.997660
v -35.064999 9.949721 -27.000704
v -34.996368 10.018350 -17.999998
v -34.874138 10.140581 -27.002642
v -34.874275 10.140442 -17.997364
v -34.752392 10.262326 -17.989765
v -34.683788 10.330931 -27.016712
v -34.630920 10.383800 -17.977209
v -34.494717 10.520001 -27.042858
v -34.510056 10.504662 -17.959723
v -34.390007 10.624712 -17.937330
v -34.307693 10.707026 -27.080975
v -34.270966 10.743752 -17.910070
v -34.123470 10.891249 -27.130907
v -34.153137 10.861583 -17.877989
v -34.036709 10.978011 -17.841139
v -33.942795 11.071923 -27.192453
v -33.921875 11.092843 -17.799580
v -33.808830 11.205889 -17.753382
v -33.766399 11.248318 -27.265364
v -33.697758 11.316960 -17.702621
v -33.595001 11.419719 -27.349344
v -33.588844 11.425874 -17.647385
v -33.482269 11.532449 -17.587759
v -33.445583 11.569137 -27.434111
v -33.378208 11.636509 -17.523846
v -33.315449 11.699268 -27.517603
v -33.276836 11.737883 -17.455750
v -33.189793 11.824926 -27.607689
v -33.178318 11.836400 -17.383585
v -33.082821 11.931899 -17.307470
v -33.068943 11.945775 -27.704130
v -32.990498 12.024221 -17.227531
v -32.953224 12.061496 -27.806667
v -32.901505 12.113214 -17.143904
v -32.842941 12.171779 -27.915033
v -32.815990 12.198729 -17.056721
v -32.748573 12.266144 -28.017303
v -32.734093 12.280624 -16.966131
v -32.667782 12.346935 -28.113001
v -32.664448 12.350272 -16.882868
v -32.614212 12.400507 -16.818794
v -32.591057 12.423663 -28.211988
v -32.565735 12.448984 -16.753384
v -32.518528 12.496192 -28.314091
v -32.519051 12.495668 -16.686680
v -32.474194 12.540525 -16.618734
v -32.450321 12.564396 -28.419132
v -32.431198 12.583522 -16.549597
v -32.386562 12.628157 -28.526928
v -32.390091 12.624626 -16.479319
v -32.350910 12.663809 -16.407949
v -32.327354 12.687363 -28.637291
v -32.313679 12.701040 -16.335545
v -32.272808 12.741910 -28.750031
v -32.278427 12.736293 -16.262156
v -32.245178 12.769541 -16.187836
v -32.227776 12.786942 -28.853363
v -32.213959 12.800760 -16.112642
v -32.190594 12.824126 -28.947750
v -32.184792 12.829927 -16.036629
v -32.156620 12.858098 -29.043343
v -32.157700 12.857021 -15.959853
v -32.132698 12.882021 -15.882369
v -32.125900 12.888818 -29.140026
v -32.109810 12.904910 -15.804236
v -32.098469 12.916251 -29.237696
v -32.089050 12.925670 -15.725511
v -32.074352 12.940367 -29.336235
v -32.070435 12.944285 -15.646250
v -32.053581 12.961137 -29.435535
v -32.053974 12.960743 -15.566514
v -32.039688 12.975032 -15.486361
v -32.036182 12.978538 -29.535480
v -32.027580 12.987140 -15.405849
v -32.022171 12.992549 -29.635956
v -32.017662 12.997058 -15.325039
v -32.011562 13.003155 -29.736847
v -32.009937 13.004781 -15.243989
v -32.004375 13.010344 -29.838041
v -32.004417 13.010301 -15.162759
v -35.920311 9.094409 -2.855351
v -35.818115 9.196605 -12.113707
v -36.000000 9.014719 -12.171573
v -36.000000 9.014719 -2.828427
v -35.839893 9.174824 -2.880031
v -35.721985 9.292732 -2.911827
v -35.632915 9.381803 -12.067524
v -35.602882 9.411838 -2.938798
v -35.482777 9.531941 -2.960900
v -35.445156 9.569563 -12.033211
v -35.361874 9.652845 -2.978095
v -35.255592 9.759125 -12.010908
v -35.240368 9.774349 -2.990355
v -35.118465 9.896252 -2.997660
v -35.064999 9.949721 -12.000704
v -34.996368 10.018350 -2.999998
v -34.874138 10.140581 -12.002642
v -34.874275 10.140442 -2.997365
v -34.752392 10.262326 -2.989764
v -34.683788 10.330931 -12.016711
v -34.630920 10.383800 -2.977210
v -34.494717 10.520001 -12.042858
v -34.510056 10.504662 -2.959722
v -34.390007 10.624712 -2.937330
v -34.307693 10.707026 -12.080975
v -34.270966 10.743752 -2.910071
v -34.123470 10.891249 -12.130907
v -34.153137 10.861583 -2.877989
v -34.036709 10.978011 -2.841138
v -33.942795 11.071923 -12.192453
v -33.921875 11.092843 -2.799580
v -33.808830 11.205889 -2.753382
v -33.766399 11.248318 -12.265364
v -33.697758 11.316960 -2.702622
v -33.595001 11.419719 -12.349344
v -33.588844 11.425874 -2.647384
v -33.482269 11.532449 -2.587759
v -33.445583 11.569137 -12.434112
v -33.378208 11.636509 -2.523845
v -33.315449 11.699268 -12.517604
v -33.276836 11.737883 -2.455750
v -33.189793 11.824926 -12.607690
v -33.178318 11.836400 -2.383585
v -33.082821 11.931899 -2.307471
v -33.068943 11.945775 -12.704130
v -32.990498 12.024221 -2.227532
v -32.953224 12.061496 -12.806668
v -32.901505 12.113214 -2.143903
v -32.842941 12.171779 -12.915032
v -32.815990 12.198729 -2.056721
v -32.748573 12.266144 -13.017303
v -32.734093 12.280624 -1.966131
v -32.667782 12.346935 -13.113002
v -32.664448 12.350272 -1.882867
v -32.614212 12.400507 -1.818795
v -32.591057 12.423663 -13.211988
v -32.565735 12.448984 -1.753383
v -32.518528 12.496192 -13.314091
v -32.519051 12.495668 -1.686680
v -32.474194 12.540525 -1.618735
v -32.450321 12.564396 -13.419132
v -32.431198 12.583522 -1.549597
v -32.386562 12.628157 -13.526928
v -32.390091 12.624626 -1.479318
v -32.350910 12.663809 -1.407950
v -32.327354 12.687363 -13.637292
v -32.313679 12.701040 -1.335544
v -32.272808 12.741910 -13.750031
v -32.278427 12.736293 -1.262155
v -32.245178 12.769541 -1.187836
v -32.227776 12.786942 -13.853363
v -32.213959 12.800760 -1.112643
v -32.190594 12.824126 -13.947751
v -32.184792 12.829927 -1.036630
v -32.156620 12.858098 -14.043342
v -32.157700 12.857021 -0.959853
v -32.132698 12.882021 -0.882369
v -32.125900 12.888818 -14.140027
v -32.109810 12.904910 -0.804236
v -32.098469 12.916251 -14.237696
v -32.089050 12.925670 -0.725510
v -32.074352 12.940367 -14.336236
v -32.070435 12.944285 -0.646250
v -32.053581 12.961137 -14.435534
v -32.053974 12.960743 -0.566514
v -32.039688 12.975032 -0.486361
v -32.036182 12.978538 -14.535480
v -32.027580 12.987140 -0.405849
v -32.022171 12.992549 -14.635956
v -32.017662 12.997058 -0.325038
v -32.011562 13.003155 -14.736848
v -32.009937 13.004781 -0.243989
v -32.004375 13.010344 -14.838041
v -32.004417 13.010301 -0.162759
v -35.920311 9.094409 12.144649
v -35.818115 9.196605 2.886293
v -36.000000 9.014719 2.828427
v -36.000000 9.014719 12.171573
v -35.839893 9.174824 12.119969
v -35.721985 9.292732 12.088173
v -35.632915 9.381803 2.932476
v -35.602882 9.411838 12.061202
v -35.482777 9.531941 12.039101
v -35.445156 9.569563 2.966789
v -35.361874 9.652845 12.021905
v -35.255592 9.759125 2.989092
v -35.240368 9.774349 12.009645
v -35.118465 9.896252 12.002340
v -35.064999 9.949721 2.999296
v -34.996368 10.018350 12.000002
v -34.874138 10.140581 2.997359
v -34.874275 10.140442 12.002636
v -34.752392 10.262326 12.010236
v -34.683788 10.330931 2.983288
v -34.630920 10.383800 12.022790
v -34.494717 10.520001 2.957142
v -34.510056 10.504662 12.040277
v -34.390007 10.624712 12.062670
v -34.307693 10.707026 2.919026
v -34.270966 10.743752 12.089930
v -34.123470 10.891249 2.869093
v -34.153137 10.861583 12.122011
v -34.036709 10.978011 12.158861
v -33.942795 11.071923 2.807547
v -33.921875 11.092843 12.200420
v -33.808830 11.205889 12.246617
v -33.766399 11.248318 2.734636
v -33.697758 11.316960 12.297378
v -33.595001 11.419719 2.650655
v -33.588844 11.425874 12.352616
v -33.482269 11.532449 12.412241
v -33.445583 11.569137 2.565888
v -33.378208 11.636509 12.476154
v -33.315449 11.699268 2.482396
v -33.276836 11.737883 12.544250
v -33.189793 11.824926 2.392310
v -33.178318 11.836400 12.616415
v -33.082821 11.931899 12.692530
v -33.068943 11.945775 2.295870
v -32.990498 12.024221 12.772468
v -32.953224 12.061496 2.193332
v -32.901505 12.113214 12.856097
v -32.842941 12.171779 2.084968
v -32.815990 12.198729 12.943278
v -32.748573 12.266144 1.982696
v -32.734093 12.280624 13.033869
v -32.667782 12.346935 1.886999
v -32.664448 12.350272 13.117133
v -32.614212 12.400507 13.181205
v -32.591057 12.423663 1.788012
v -32.565735 12.448984 13.246616
v -32.518528 12.496192 1.685909
v -32.519051 12.495668 13.313320
v -32.474194 12.540525 13.381266
v -32.450321 12.564396 1.580868
v -32.431198 12.583522 13.450403
v -32.386562 12.628157 1.473072
v -32.390091 12.624626 13.520681
v -32.350910 12.663809 13.592051
v -32.327354 12.687363 1.362708
v -32.313679 12.701040 13.664455
v -32.272808 12.741910 1.249970
v -32.278427 12.736293 13.737844
v -32.245178 12.769541 13.812163
v -32.227776 12.786942 1.146637
v -32.213959 12.800760 13.887358
v -32.190594 12.824126 1.052249
v -32.184792 12.829927 13.963370
v -32.156620 12.858098 0.956658
v -32.157700 12.857021 14.040147
v -32.132698 12.882021 14.117631
v -32.125900 12.888818 0.859973
v -32.109810 12.904910 14.195764
v -32.098469 12.916251 0.762304
v -32.089050 12.925670 14.274489
v -32.074352 12.940367 0.663764
v -32.070435 12.944285 14.353750
v -32.053581 12.961137 0.564465
v -32.053974 12.960743 14.433486
v -32.039688 12.975032 14.513639
v -32.036182 12.978538 0.464520
v -32.027580 12.987140 14.594151
v -32.022171 12.992549 0.364044
v -32.017662 12.997058 14.674961
v -32.011562 13.003155 0.263152
v -32.009937 13.004781 14.756011
v -32.004375 13.010344 0.161959
v -32.004417 13.010301 14.837241
v -35.920311 9.094409 27.144650
v -35.818115 9.196605 17.886293
v -36.000000 9.014719 17.828426
v -36.000000 9.014719 27.171574
v -35.839893 9.174824 27.119970
v -35.721985 9.292732 27.088173
v -35.632915 9.381803 17.932476
v -35.602882 9.411838 27.061201
v -35.482777 9.531941 27.039101
v -35.445156 9.569563 17.966789
v -35.361874 9.652845 27.021906
v -35.255592 9.759125 17.989092
v -35.240368 9.774349 27.009645
v -35.118465 9.896252 27.002340
v -35.064999 9.949721 17.999296
v -34.996368 10.018350 27.000002
v -34.874138 10.140581 17.997358
v -34.874275 10.140442 27.002636
v -34.752392 10.262326 27.010235
v -34.683788 10.330931 17.983288
v -34.630920 10.383800 27.022791
v -34.494717 10.520001 17.957142
v -34.510056 10.504662 27.040277
v -34.390007 10.624712 27.062670
v -34.307693 10.707026 17.919025
v -34.270966 10.743752 27.089930
v -34.123470 10.891249 17.869093
v -34.153137 10.861583 27.122011
v -34.036709 10.978011 27.158861
v -33.942795 11.071923 17.807547
v -33.921875 11.092843 27.200420
v -33.808830 11.205889 27.246618
v -33.766399 11.248318 17.734636
v -33.697758 11.316960 27.297379
v -33.595001 11.419719 17.650656
v -33.588844 11.425874 27.352615
v -33.482269 11.532449 27.412241
v -33.445583 11.569137 17.565889
v -33.378208 11.636509 27.476154
v -33.315449 11.699268 17.482397
v -33.276836 11.737883 27.544250
v -33.189793 11.824926 17.392311
v -33.178318 11.836400 27.616415
v -33.082821 11.931899 27.692530
v -33.068943 11.945775 17.295870
v -32.990498 12.024221 27.772469
v -32.953224 12.061496 17.193333
v -32.901505 12.113214 27.856096
v -32.842941 12.171779 17.084967
v -32.815990 12.198729 27.943279
v -32.748573 12.266144 16.982697
v -32.734093 12.280624 28.033869
v -32.667782 12.346935 16.886999
v -32.664448 12.350272 28.117132
v -32.614212 12.400507 28.181206
v -32.591057 12.423663 16.788012
v -32.565735 12.448984 28.246616
v -32.518528 12.496192 16.685909
v -32.519051 12.495668 28.313320
v -32.474194 12.540525 28.381266
v -32.450321 12.564396 16.580868
v -32.431198 12.583522 28.450403
v -32.386562 12.628157 16.473072
v -32.390091 12.624626 28.520681
v -32.350910 12.663809 28.592051
v -32.327354 12.687363 16.362709
v -32.313679 12.701040 28.664455
v -32.272808 12.741910 16.249969
v -32.278427 12.736293 28.737844
v -32.245178 12.769541 28.812164
v -32.227776 12.786942 16.146637
v -32.213959 12.800760 28.887358
v -32.190594 12.824126 16.052250
v -32.184792 12.829927 28.963371
v -32.156620 12.858098 15.956658
v -32.157700 12.857021 29.040148
v -32.132698 12.882021 29.117630
v -32.125900 12.888818 15.859973
v -32.109810 12.904910 29.195765
v -32.098469 12.916251 15.762304
v -32.089050 12.925670 29.274490
v -32.074352 12.940367 15.663764
v -32.070435 12.944285 29.353750
v -32.053581 12.961137 15.564466
v -32.053974 12.960743 29.433487
v -32.039688 12.975032 29.513639
v -32.036182 12.978538 15.464520
v -32.027580 12.987140 29.594151
v -32.022171 12.992549 15.364044
v -32.017662 12.997058 29.674961
v -32.011562 13.003155 15.263152
v -32.009937 13.004781 29.756012
v -32.004375 13.010344 15.161959
v -32.004417 13.010301 29.837240
v -35.818115 9.196605 32.886295
v -35.632915 9.381803 32.932476
v -35.445156 9.569563 32.966789
v -35.255592 9.759125 32.989094
v -35.064999 9.949721 32.999294
v -34.874138 10.140581 32.997360
v -34.683788 10.330931 32.983288
v -34.494717 10.520001 32.957142
v -34.307693 10.707026 32.919025
v -34.123470 10.891249 32.869095
v -33.942795 11.071923 32.807549
v -33.766399 11.248318 32.734634
v -33.595001 11.419719 32.650654
v -33.445583 11.569137 32.565887
v -33.315449 11.699268 32.482395
v -33.189793 11.824926 32.392311
v -33.068943 11.945775 32.295872
v -32.953224 12.061496 32.193333
v -32.842941 12.171779 32.084969
v -32.748573 12.266144 31.982697
v -32.667782 12.346935 31.886999
v -32.591057 12.423663 31.788012
v -32.518528 12.496192 31.685909
v -32.450321 12.564396 31.580868
v -32.386562 12.628157 31.473072
v -32.327354 12.687363 31.362709
v -32.272808 12.741910 31.249969
v -32.227776 12.786942 31.146637
v -32.190594 12.824126 31.052250
v -32.156620 12.858098 30.956657
v -32.125900 12.888818 30.859974
v -32.098469 12.916251 30.762304
v -32.074352 12.940367 30.663765
v -32.053581 12.961137 30.564465
v -32.036182 12.978538 30.464520
v -32.022171 12.992549 30.364044
v -32.000000 13.014719 -30.000000
v -32.001106 13.013614 -30.081409
v -32.004417 13.010301 -30.162760
v -32.009937 13.004781 -30.243988
v -32.017662 12.997058 -30.325039
v -32.001095 13.013625 -29.918991
v -32.001106 13.013614 -15.081409
v -32.000000 13.014719 -15.000000
v -32.001095 13.013625 -14.918991
v -32.001106 13.013614 -0.081409
v -32.000000 13.014719 -0.000000
v -32.001095 13.013625 0.081009
v -32.001106 13.013614 14.918591
v -32.000000 13.014719 15.000000
v -32.001095 13.013625 15.081009
v -32.001106 13.013614 29.918591
v -32.000000 13.014719 30.000000
v -32.001095 13.013625 30.081009
v -32.004375 13.010344 30.161959
v -32.011562 13.003155 30.263153
v -32.000774 7.013945 30.068148
v -32.000000 7.014719 30.000000
v -32.003098 7.011622 30.136259
v -32.000000 -7.014719 30.000000
v -32.000000 -13.014719 30.000000
v -32.000774 -7.013945 30.068148
v -32.009041 7.005679 30.232719
v -32.001095 -13.013625 30.081009
v -32.003098 -7.011622 30.136259
v -32.018089 6.996631 30.328936
v -32.004375 -13.010344 30.161959
v -32.009041 -7.005679 30.232719
v -32.030231 6.984488 30.424812
v -32.011562 -13.003155 30.263153
v -32.018089 -6.996631 30.328936
v -32.045452 6.969265 30.520248
v -32.022171 -12.992549 30.364044
v -32.030231 -6.984488 30.424812
v -32.063744 6.950974 30.615143
v -32.036182 -12.978538 30.464520
v -32.045452 -6.969265 30.520248
v -32.085083 6.929637 30.709400
v -32.053581 -12.961137 30.564465
v -32.063744 -6.950974 30.615143
v -32.109444 6.905275 30.802921
v -32.074352 -12.940367 30.663765
v -32.085083 -6.929637 30.709400
v -32.136806 6.877913 30.895609
v -32.098469 -12.916251 30.762304
v -32.109444 -6.905275 30.802921
v -32.167137 6.847580 30.987368
v -32.125900 -12.888818 30.859974
v -32.136806 -6.877913 30.895609
v -32.204288 6.810431 31.088116
v -32.156620 -12.858098 30.956657
v -32.167137 -6.847580 30.987368
v -32.249763 6.764955 31.198416
v -32.190594 -12.824126 31.052250
v -32.204288 -6.810431 31.088116
v -32.299591 6.715129 31.306822
v -32.227776 -12.786942 31.146637
v -32.249763 -6.764955 31.198416
v -32.353687 6.661032 31.413162
v -32.272808 -12.741910 31.249969
v -32.299591 -6.715129 31.306822
v -32.411968 6.602750 31.517265
v -32.327354 -12.687363 31.362709
v -32.353687 -6.661032 31.413162
v -32.474346 6.540374 31.618971
v -32.386562 -12.628157 31.473072
v -32.411968 -6.602750 31.517265
v -32.540714 6.474004 31.718115
v -32.450321 -12.564396 31.580868
v -32.474346 -6.540374 31.618971
v -32.610973 6.403744 31.814541
v -32.518528 -12.496192 31.685909
v -32.540714 -6.474004 31.718115
v -32.693466 6.321251 31.918308
v -32.591057 -12.423663 31.788012
v -32.610973 -6.403744 31.814541
v -32.790401 6.224318 32.029205
v -32.667782 -12.346935 31.886999
v -32.693466 -6.321251 31.918308
v -32.892662 6.122058 32.135208
v -32.748573 -12.266144 31.982697
v -32.790401 -6.224318 32.029205
v -32.842941 -12.171779 32.084969
v -32.892662 -6.122058 32.135208
v -33.000000 6.014719 32.236069
v -33.000000 -6.014719 32.236069
v -32.953224 -12.061496 32.193333
v -33.068943 -11.945775 32.295872
v -33.189793 -11.824926 32.392311
v -33.315449 -11.699268 32.482395
v -33.445583 -11.569137 32.565887
v -33.595001 -11.419719 32.650654
v -33.766399 -11.248318 32.734634
v -33.942795 -11.071923 32.807549
v -34.123470 -10.891249 32.869095
v -34.307693 -10.707026 32.919025
v -34.494717 -10.520001 32.957142
v -34.683788 -10.330931 32.983288
v -34.874138 -10.140581 32.997360
v -35.064999 -9.949721 32.999294
v -35.255592 -9.759125 32.989094
v -35.445156 -9.569563 32.966789
v -35.632915 -9.381803 32.932476
v -35.818115 -9.196605 32.886295
v -36.000000 -9.014719 -87.500000
v -35.920311 -9.094409 -32.855350
v -36.000000 -9.014719 -32.828426
v -35.839893 -9.174824 -32.880032
v -35.721985 -9.292732 -32.911827
v -35.602882 -9.411838 -32.938797
v -35.482777 -9.531941 -32.960899
v -35.361874 -9.652845 -32.978096
v -35.240368 -9.774349 -32.990356
v -35.118465 -9.896252 -32.997662
v -34.996368 -10.018350 -32.999996
v -34.874275 -10.140442 -32.997364
v -34.752392 -10.262326 -32.989765
v -34.630920 -10.383800 -32.977211
v -34.510056 -10.504662 -32.959721
v -27.514719 -17.500000 -87.500000
v -34.390007 -10.624712 -32.937328
v -34.270966 -10.743752 -32.910072
v -34.153137 -10.861583 -32.877991
v -34.036709 -10.978011 -32.841137
v -33.921875 -11.092843 -32.799580
v -33.808830 -11.205889 -32.753384
v -33.697758 -11.316960 -32.702621
v -33.588844 -11.425874 -32.647385
v -33.482269 -11.532449 -32.587757
v -33.378208 -11.636509 -32.523846
v -33.276836 -11.737883 -32.455750
v -33.178318 -11.836400 -32.383583
v -33.082821 -11.931899 -32.307472
v -32.990498 -12.024221 -32.227531
v -32.901505 -12.113214 -32.143902
v -32.815990 -12.198729 -32.056721
v -32.734093 -12.280624 -31.966131
v -32.664448 -12.350272 -31.882868
v -32.614212 -12.400507 -31.818794
v -32.565735 -12.448984 -31.753384
v -32.519051 -12.495668 -31.686680
v -32.474194 -12.540525 -31.618734
v -32.431198 -12.583522 -31.549597
v -32.390091 -12.624626 -31.479319
v -32.350910 -12.663809 -31.407949
v -32.313679 -12.701040 -31.335545
v -32.278427 -12.736293 -31.262156
v -32.245178 -12.769541 -31.187836
v -32.213959 -12.800760 -31.112642
v -32.184792 -12.829927 -31.036629
v -32.157700 -12.857021 -30.959852
v -32.132698 -12.882021 -30.882370
v -32.109810 -12.904910 -30.804235
v -32.089050 -12.925670 -30.725510
v -32.070435 -12.944285 -30.646250
v -32.053974 -12.960743 -30.566513
v -32.039688 -12.975032 -30.486361
v -32.027580 -12.987140 -30.405849
v -35.818115 -9.196605 -27.113707
v -35.920311 -9.094409 -17.855350
v -36.000000 -9.014719 -27.171574
v -36.000000 -9.014719 -17.828426
v -35.839893 -9.174824 -17.880030
v -35.721985 -9.292732 -17.911827
v -35.632915 -9.381803 -27.067524
v -35.602882 -9.411838 -17.938799
v -35.445156 -9.569563 -27.033211
v -35.482777 -9.531941 -17.960899
v -35.255592 -9.759125 -27.010908
v -35.361874 -9.652845 -17.978094
v -35.240368 -9.774349 -17.990355
v -35.064999 -9.949721 -27.000704
v -35.118465 -9.896252 -17.997660
v -34.996368 -10.018350 -17.999998
v -34.874138 -10.140581 -27.002642
v -34.874275 -10.140442 -17.997364
v -34.752392 -10.262326 -17.989765
v -34.683788 -10.330931 -27.016712
v -34.630920 -10.383800 -17.977209
v -34.494717 -10.520001 -27.042858
v -34.510056 -10.504662 -17.959723
v -34.307693 -10.707026 -27.080975
v -34.390007 -10.624712 -17.937330
v -34.270966 -10.743752 -17.910070
v -34.123470 -10.891249 -27.130907
v -34.153137 -10.861583 -17.877989
v -33.942795 -11.071923 -27.192453
v -34.036709 -10.978011 -17.841139
v -33.921875 -11.092843 -17.799580
v -33.766399 -11.248318 -27.265364
v -33.808830 -11.205889 -17.753382
v -33.697758 -11.316960 -17.702621
v -33.595001 -11.419719 -27.349344
v -33.588844 -11.425874 -17.647385
v -33.482269 -11.532449 -17.587759
v -33.445583 -11.569137 -27.434111
v -33.378208 -11.636509 -17.523846
v -33.315449 -11.699268 -27.517603
v -33.276836 -11.737883 -17.455750
v -33.189793 -11.824926 -27.607689
v -33.178318 -11.836400 -17.383585
v -33.068943 -11.945775 -27.704130
v -33.082821 -11.931899 -17.307470
v -32.990498 -12.024221 -17.227531
v -32.953224 -12.061496 -27.806667
v -32.901505 -12.113214 -17.143904
v -32.842941 -12.171779 -27.915033
v -32.815990 -12.198729 -17.056721
v -32.748573 -12.266144 -28.017303
v -32.734093 -12.280624 -16.966131
v -32.667782 -12.346935 -28.113001
v -32.664448 -12.350272 -16.882868
v -32.614212 -12.400507 -16.818794
v -32.591057 -12.423663 -28.211988
v -32.565735 -12.448984 -16.753384
v -32.518528 -12.496192 -28.314091
v -32.519051 -12.495668 -16.686680
v -32.450321 -12.564396 -28.419132
v -32.474194 -12.540525 -16.618734
v -32.431198 -12.583522 -16.549597
v -32.386562 -12.628157 -28.526928
v -32.390091 -12.624626 -16.479319
v -32.350910 -12.663809 -16.407949
v -32.327354 -12.687363 -28.637291
v -32.313679 -12.701040 -16.335545
v -32.272808 -12.741910 -28.750031
v -32.278427 -12.736293 -16.262156
v -32.245178 -12.769541 -16.187836
v -32.227776 -12.786942 -28.853363
v -32.213959 -12.800760 -16.112642
v -32.190594 -12.824126 -28.947750
v -32.184792 -12.829927 -16.036629
v -32.156620 -12.858098 -29.043343
v -32.157700 -12.857021 -15.959853
v -32.132698 -12.882021 -15.882369
v -32.125900 -12.888818 -29.140026
v -32.109810 -12.904910 -15.804236
v -32.098469 -12.916251 -29.237696
v -32.089050 -12.925670 -15.725511
v -32.074352 -12.940367 -29.336235
v -32.070435 -12.944285 -15.646250
v -32.053581 -12.961137 -29.435535
v -32.053974 -12.960743 -15.566514
v -32.039688 -12.975032 -15.486361
v -32.036182 -12.978538 -29.535480
v -32.027580 -12.987140 -15.405849
v -32.022171 -12.992549 -29.635956
v -32.017662 -12.997058 -15.325039
v -32.011562 -13.003155 -29.736847
v -32.009937 -13.004781 -15.243989
v -32.004375 -13.010344 -29.838041
v -32.004417 -13.010301 -15.162759
v -35.818115 -9.196605 -12.113707
v -35.920311 -9.094409 -2.855351
v -36.000000 -9.014719 -12.171573
v -36.000000 -9.014719 -2.828427
v -35.839893 -9.174824 -2.880031
v -35.721985 -9.292732 -2.911827
v -35.632915 -9.381803 -12.067524
v -35.602882 -9.411838 -2.938798
v -35.445156 -9.569563 -12.033211
v -35.482777 -9.531941 -2.960900
v -35.255592 -9.759125 -12.010908
v -35.361874 -9.652845 -2.978095
v -35.240368 -9.774349 -2.990355
v -35.064999 -9.949721 -12.000704
v -35.118465 -9.896252 -2.997660
v -34.874138 -10.140581 -12.002642
v -34.996368 -10.018350 -2.999998
v -34.874275 -10.140442 -2.997365
v -34.752392 -10.262326 -2.989764
v -34.683788 -10.330931 -12.016711
v -34.494717 -10.520001 -12.042858
v -34.630920 -10.383800 -2.977210
v -34.510056 -10.504662 -2.959722
v -34.390007 -10.624712 -2.937330
v -34.307693 -10.707026 -12.080975
v -34.270966 -10.743752 -2.910071
v -34.123470 -10.891249 -12.130907
v -34.153137 -10.861583 -2.877989
v -33.942795 -11.071923 -12.192453
v -34.036709 -10.978011 -2.841138
v -33.921875 -11.092843 -2.799580
v -33.808830 -11.205889 -2.753382
v -33.766399 -11.248318 -12.265364
v -33.595001 -11.419719 -12.349344
v -33.697758 -11.316960 -2.702622
v -33.588844 -11.425874 -2.647384
v -33.482269 -11.532449 -2.587759
v -33.445583 -11.569137 -12.434112
v -33.378208 -11.636509 -2.523845
v -33.315449 -11.699268 -12.517604
v -33.276836 -11.737883 -2.455750
v -33.189793 -11.824926 -12.607690
v -33.178318 -11.836400 -2.383585
v -33.082821 -11.931899 -2.307471
v -33.068943 -11.945775 -12.704130
v -32.990498 -12.024221 -2.227532
v -32.953224 -12.061496 -12.806668
v -32.842941 -12.171779 -12.915032
v -32.901505 -12.113214 -2.143903
v -32.815990 -12.198729 -2.056721
v -32.748573 -12.266144 -13.017303
v -32.734093 -12.280624 -1.966131
v -32.667782 -12.346935 -13.113002
v -32.664448 -12.350272 -1.882867
v -32.614212 -12.400507 -1.818795
v -32.591057 -12.423663 -13.211988
v -32.565735 -12.448984 -1.753383
v -32.518528 -12.496192 -13.314091
v -32.519051 -12.495668 -1.686680
v -32.474194 -12.540525 -1.618735
v -32.450321 -12.564396 -13.419132
v -32.431198 -12.583522 -1.549597
v -32.386562 -12.628157 -13.526928
v -32.390091 -12.624626 -1.479318
v -32.350910 -12.663809 -1.407950
v -32.327354 -12.687363 -13.637292
v -32.313679 -12.701040 -1.335544
v -32.272808 -12.741910 -13.750031
v -32.278427 -12.736293 -1.262155
v -32.245178 -12.769541 -1.187836
v -32.227776 -12.786942 -13.853363
v -32.213959 -12.800760 -1.112643
v -32.190594 -12.824126 -13.947751
v -32.184792 -12.829927 -1.036630
v -32.156620 -12.858098 -14.043342
v -32.157700 -12.857021 -0.959853
v -32.132698 -12.882021 -0.882369
v -32.125900 -12.888818 -14.140027
v -32.109810 -12.904910 -0.804236
v -32.098469 -12.916251 -14.237696
v -32.089050 -12.925670 -0.725510
v -32.074352 -12.940367 -14.336236
v -32.070435 -12.944285 -0.646250
v -32.053581 -12.961137 -14.435534
v -32.053974 -12.960743 -0.566514
v -32.039688 -12.975032 -0.486361
v -32.036182 -12.978538 -14.535480
v -32.027580 -12.987140 -0.405849
v -32.022171 -12.992549 -14.635956
v -32.011562 -13.003155 -14.736848
v -32.017662 -12.997058 -0.325038
v -32.004375 -13.010344 -14.838041
v -32.009937 -13.004781 -0.243989
v -32.004417 -13.010301 -0.162759
v -35.818115 -9.196605 2.886293
v -35.920311 -9.094409 12.144649
v -36.000000 -9.014719 2.828427
v -36.000000 -9.014719 12.171573
v -35.839893 -9.174824 12.119969
v -35.632915 -9.381803 2.932476
v -35.721985 -9.292732 12.088173
v -35.602882 -9.411838 12.061202
v -35.445156 -9.569563 2.966789
v -35.482777 -9.531941 12.039101
v -35.255592 -9.759125 2.989092
v -35.361874 -9.652845 12.021905
v -35.240368 -9.774349 12.009645
v -35.064999 -9.949721 2.999296
v -35.118465 -9.896252 12.002340
v -34.874138 -10.140581 2.997359
v -34.996368 -10.018350 12.000002
v -34.874275 -10.140442 12.002636
v -34.683788 -10.330931 2.983288
v -34.752392 -10.262326 12.010236
v -34.494717 -10.520001 2.957142
v -34.630920 -10.383800 12.022790
v -34.510056 -10.504662 12.040277
v -34.307693 -10.707026 2.919026
v -34.390007 -10.624712 12.062670
v -34.123470 -10.891249 2.869093
v -34.270966 -10.743752 12.089930
v -34.153137 -10.861583 12.122011
v -34.036709 -10.978011 12.158861
v -33.942795 -11.071923 2.807547
v -33.921875 -11.092843 12.200420
v -33.766399 -11.248318 2.734636
v -33.808830 -11.205889 12.246617
v -33.697758 -11.316960 12.297378
v -33.595001 -11.419719 2.650655
v -33.588844 -11.425874 12.352616
v -33.482269 -11.532449 12.412241
v -33.445583 -11.569137 2.565888
v -33.315449 -11.699268 2.482396
v -33.378208 -11.636509 12.476154
v -33.276836 -11.737883 12.544250
v -33.189793 -11.824926 2.392310
v -33.178318 -11.836400 12.616415
v -33.082821 -11.931899 12.692530
v -33.068943 -11.945775 2.295870
v -32.990498 -12.024221 12.772468
v -32.953224 -12.061496 2.193332
v -32.901505 -12.113214 12.856097
v -32.842941 -12.171779 2.084968
v -32.815990 -12.198729 12.943278
v -32.748573 -12.266144 1.982696
v -32.734093 -12.280624 13.033869
v -32.667782 -12.346935 1.886999
v -32.664448 -12.350272 13.117133
v -32.614212 -12.400507 13.181205
v -32.591057 -12.423663 1.788012
v -32.565735 -12.448984 13.246616
v -32.518528 -12.496192 1.685909
v -32.519051 -12.495668 13.313320
v -32.474194 -12.540525 13.381266
v -32.450321 -12.564396 1.580868
v -32.431198 -12.583522 13.450403
v -32.386562 -12.628157 1.473072
v -32.390091 -12.624626 13.520681
v -32.350910 -12.663809 13.592051
v -32.327354 -12.687363 1.362708
v -32.272808 -12.741910 1.249970
v -32.313679 -12.701040 13.664455
v -32.278427 -12.736293 13.737844
v -32.245178 -12.769541 13.812163
v -32.227776 -12.786942 1.146637
v -32.213959 -12.800760 13.887358
v -32.190594 -12.824126 1.052249
v -32.156620 -12.858098 0.956658
v -32.184792 -12.829927 13.963370
v -32.157700 -12.857021 14.040147
v -32.132698 -12.882021 14.117631
v -32.125900 -12.888818 0.859973
v -32.109810 -12.904910 14.195764
v -32.098469 -12.916251 0.762304
v -32.089050 -12.925670 14.274489
v -32.074352 -12.940367 0.663764
v -32.070435 -12.944285 14.353750
v -32.053581 -12.961137 0.564465
v -32.053974 -12.960743 14.433486
v -32.039688 -12.975032 14.513639
v -32.036182 -12.978538 0.464520
v -32.027580 -12.987140 14.594151
v -32.022171 -12.992549 0.364044
v -32.017662 -12.997058 14.674961
v -32.011562 -13.003155 0.263152
v -32.009937 -13.004781 14.756011
v -32.004375 -13.010344 0.161959
v -32.004417 -13.010301 14.837241
v -35.818115 -9.196605 17.886293
v -35.920311 -9.094409 27.144650
v -36.000000 -9.014719 17.828426
v -36.000000 -9.014719 27.171574
v -35.839893 -9.174824 27.119970
v -35.632915 -9.381803 17.932476
v -35.721985 -9.292732 27.088173
v -35.602882 -9.411838 27.061201
v -35.445156 -9.569563 17.966789
v -35.482777 -9.531941 27.039101
v -35.255592 -9.759125 17.989092
v -35.361874 -9.652845 27.021906
v -35.240368 -9.774349 27.009645
v -35.118465 -9.896252 27.002340
v -35.064999 -9.949721 17.999296
v -34.874138 -10.140581 17.997358
v -34.996368 -10.018350 27.000002
v -34.874275 -10.140442 27.002636
v -34.683788 -10.330931 17.983288
v -34.752392 -10.262326 27.010235
v -34.494717 -10.520001 17.957142
v -34.630920 -10.383800 27.022791
v -34.510056 -10.504662 27.040277
v -34.390007 -10.624712 27.062670
v -34.307693 -10.707026 17.919025
v -34.270966 -10.743752 27.089930
v -34.123470 -10.891249 17.869093
v -34.153137 -10.861583 27.122011
v -33.942795 -11.071923 17.807547
v -34.036709 -10.978011 27.158861
v -33.921875 -11.092843 27.200420
v -33.766399 -11.248318 17.734636
v -33.808830 -11.205889 27.246618
v -33.697758 -11.316960 27.297379
v -33.595001 -11.419719 17.650656
v -33.588844 -11.425874 27.352615
v -33.482269 -11.532449 27.412241
v -33.445583 -11.569137 17.565889
v -33.378208 -11.636509 27.476154
v -33.315449 -11.699268 17.482397
v -33.276836 -11.737883 27.544250
v -33.189793 -11.824926 17.392311
v -33.178318 -11.836400 27.616415
v -33.082821 -11.931899 27.692530
v -33.068943 -11.945775 17.295870
v -32.990498 -12.024221 27.772469
v -32.953224 -12.061496 17.193333
v -32.901505 -12.113214 27.856096
v -32.842941 -12.171779 17.084967
v -32.815990 -12.198729 27.943279
v -32.748573 -12.266144 16.982697
v -32.667782 -12.346935 16.886999
v -32.734093 -12.280624 28.033869
v -32.664448 -12.350272 28.117132
v -32.614212 -12.400507 28.181206
v -32.591057 -12.423663 16.788012
v -32.518528 -12.496192 16.685909
v -32.565735 -12.448984 28.246616
v -32.519051 -12.495668 28.313320
v -32.474194 -12.540525 28.381266
v -32.450321 -12.564396 16.580868
v -32.431198 -12.583522 28.450403
v -32.386562 -12.628157 16.473072
v -32.390091 -12.624626 28.520681
v -32.350910 -12.663809 28.592051
v -32.327354 -12.687363 16.362709
v -32.313679 -12.701040 28.664455
v -32.272808 -12.741910 16.249969
v -32.278427 -12.736293 28.737844
v -32.245178 -12.769541 28.812164
v -32.227776 -12.786942 16.146637
v -32.213959 -12.800760 28.887358
v -32.190594 -12.824126 16.052250
v -32.184792 -12.829927 28.963371
v -32.156620 -12.858098 15.956658
v -32.157700 -12.857021 29.040148
v -32.132698 -12.882021 29.117630
v -32.125900 -12.888818 15.859973
v -32.109810 -12.904910 29.195765
v -32.098469 -12.916251 15.762304
v -32.089050 -12.925670 29.274490
v -32.074352 -12.940367 15.663764
v -32.070435 -12.944285 29.353750
v -32.053581 -12.961137 15.564466
v -32.053974 -12.960743 29.433487
v -32.036182 -12.978538 15.464520
v -32.039688 -12.975032 29.513639
v -32.027580 -12.987140 29.594151
v -32.022171 -12.992549 15.364044
v -32.017662 -12.997058 29.674961
v -32.011562 -13.003155 15.263152
v -32.009937 -13.004781 29.756012
v -32.004375 -13.010344 15.161959
v -32.004417 -13.010301 29.837240
v -32.000000 -13.014719 -30.000000
v -32.001106 -13.013614 -30.081409
v -32.004417 -13.010301 -30.162760
v -32.009937 -13.004781 -30.243988
v -32.017662 -12.997058 -30.325039
v -32.001095 -13.013625 -29.918991
v -32.001106 -13.013614 -15.081409
v -32.000000 -13.014719 -15.000000
v -32.001095 -13.013625 -14.918991
v -32.001106 -13.013614 -0.081409
v -32.000000 -13.014719 0.000000
v -32.001095 -13.013625 0.081009
v -32.001106 -13.013614 14.918591
v -32.000000 -13.014719 15.000000
v -32.001095 -13.013625 15.081009
v -32.001106 -13.013614 29.918591
v 24.000000 17.500000 15.000000
v 27.514719 17.500000 -87.500000
v -24.000000 17.500000 15.000000
v -24.000000 17.500000 51.000000
v 24.000000 17.500000 51.000000
v 32.591057 12.423663 -31.788012
v 32.518528 12.496192 -31.685909
v 32.450321 12.564396 -31.580868
v 32.667782 12.346935 -31.886999
v 32.386562 12.628157 -31.473072
v 32.748573 12.266144 -31.982697
v 32.327354 12.687363 -31.362709
v 32.842941 12.171779 -32.084969
v 32.272808 12.741910 -31.249969
v 32.953224 12.061496 -32.193333
v 32.227776 12.786942 -31.146637
v 33.068943 11.945775 -32.295872
v 32.190594 12.824126 -31.052250
v 32.156620 12.858098 -30.956657
v 33.189793 11.824926 -32.392311
v 32.125900 12.888818 -30.859974
v 32.098469 12.916251 -30.762304
v 33.315449 11.699268 -32.482395
v 32.074352 12.940367 -30.663765
v 33.445583 11.569137 -32.565887
v 32.053581 12.961137 -30.564465
v 32.036182 12.978538 -30.464520
v 33.595001 11.419719 -32.650654
v 32.022171 12.992549 -30.364044
v 32.011562 13.003155 -30.263153
v 33.766399 11.248318 -32.734634
v 32.004375 13.010344 -30.161959
v 33.942795 11.071923 -32.807549
v 32.000610 13.014107 -30.060581
v 32.000278 13.014441 -29.959133
v 34.123470 10.891249 -32.869095
v 34.307693 10.707026 -32.919025
v 34.494717 10.520001 -32.957142
v 36.000000 9.014719 -87.500000
v 34.683788 10.330931 -32.983288
v 34.874138 10.140581 -32.997360
v 35.064999 9.949721 -32.999294
v 35.255592 9.759125 -32.989094
v 35.445156 9.569563 -32.966789
v 35.632915 9.381803 -32.932476
v 35.818115 9.196605 -32.886295
v 36.000000 9.014719 -32.828426
v 32.518528 12.496192 -16.685909
v 32.562450 12.452268 -28.251184
v 32.504715 12.510003 -28.334600
v 32.591057 12.423663 -16.788012
v 32.622974 12.391745 -28.169767
v 32.450321 12.564396 -16.580868
v 32.449833 12.564886 -28.419922
v 32.397865 12.616852 -28.507050
v 32.667782 12.346935 -16.886999
v 32.686214 12.328503 -28.090445
v 32.386562 12.628157 -16.473072
v 32.348877 12.665843 -28.595884
v 32.748573 12.266144 -16.982697
v 32.752102 12.262615 -28.013304
v 32.820560 12.194158 -27.938437
v 32.327354 12.687363 -16.362709
v 32.302917 12.711802 -28.686325
v 32.842941 12.171779 -17.084967
v 32.891510 12.123207 -27.865925
v 32.272808 12.741910 -16.249969
v 32.260040 12.754677 -28.778267
v 32.953224 12.061496 -17.193333
v 32.964870 12.049847 -27.795855
v 33.040562 11.974158 -27.728306
v 32.227776 12.786942 -16.146637
v 32.220299 12.794418 -28.871607
v 33.068943 11.945775 -17.295870
v 33.118488 11.896229 -27.663353
v 32.190594 12.824126 -16.052250
v 32.183739 12.830981 -28.966238
v 32.156620 12.858098 -15.956658
v 32.150394 12.864324 -29.062050
v 33.189793 11.824926 -17.392311
v 33.198570 11.816148 -27.601072
v 33.280712 11.734008 -27.541536
v 32.125900 12.888818 -15.859973
v 32.120312 12.894408 -29.158936
v 32.098469 12.916251 -15.762304
v 32.093521 12.921199 -29.256783
v 33.315449 11.699268 -17.482397
v 33.364819 11.649900 -27.484810
v 32.074352 12.940367 -15.663764
v 32.070053 12.944666 -29.355478
v 33.445583 11.569137 -17.565889
v 33.450794 11.563924 -27.430962
v 33.568169 11.446550 -27.363741
v 32.053581 12.961137 -15.564466
v 32.049934 12.964783 -29.454912
v 32.036182 12.978538 -15.464520
v 32.033192 12.981526 -29.554968
v 33.595001 11.419719 -17.650656
v 33.703682 11.311038 -27.294533
v 32.022171 12.992549 -15.364044
v 32.019840 12.994877 -29.655535
v 32.011562 13.003155 -15.263152
v 32.009899 13.004820 -29.756495
v 33.766399 11.248318 -17.734636
v 33.842529 11.172191 -27.232283
v 32.004375 13.010344 -15.161959
v 32.003376 13.011343 -29.857733
v 33.942795 11.071923 -17.807547
v 33.984352 11.030365 -27.177153
v 32.000610 13.014107 -15.060581
v 32.000278 13.014441 -14.959133
v 34.123470 10.891249 -17.869093
v 34.128792 10.885927 -27.129286
v 34.275471 10.739247 -27.088804
v 34.307693 10.707026 -17.919025
v 34.424015 10.590704 -27.055813
v 34.494717 10.520001 -17.957142
v 34.574039 10.440679 -27.030394
v 34.683788 10.330931 -17.983288
v 34.725163 10.289558 -27.012615
v 34.874138 10.140581 -17.997358
v 34.876987 10.137730 -27.002523
v 35.029133 9.985585 -27.000141
v 35.064999 9.949721 -17.999296
v 35.181202 9.833516 -27.005478
v 35.255592 9.759125 -17.989092
v 35.332806 9.681912 -27.018517
v 35.445156 9.569563 -17.966789
v 35.483555 9.531165 -27.039227
v 35.632915 9.381803 -17.932476
v 35.633057 9.381662 -27.067554
v 35.780930 9.233788 -27.103426
v 35.818115 9.196605 -17.886293
v 35.891117 9.123601 -27.135405
v 36.000000 9.014719 -17.828426
v 36.000000 9.014719 -27.171574
v 32.518528 12.496192 -1.685909
v 32.562450 12.452268 -13.251184
v 32.504715 12.510003 -13.334601
v 32.591057 12.423663 -1.788012
v 32.622974 12.391745 -13.169768
v 32.450321 12.564396 -1.580868
v 32.449833 12.564886 -13.419922
v 32.397865 12.616852 -13.507050
v 32.667782 12.346935 -1.886999
v 32.686214 12.328503 -13.090445
v 32.386562 12.628157 -1.473072
v 32.348877 12.665843 -13.595884
v 32.748573 12.266144 -1.982696
v 32.752102 12.262615 -13.013305
v 32.820560 12.194158 -12.938437
v 32.327354 12.687363 -1.362708
v 32.302917 12.711802 -13.686325
v 32.842941 12.171779 -2.084968
v 32.891510 12.123207 -12.865926
v 32.272808 12.741910 -1.249970
v 32.260040 12.754677 -13.778268
v 32.953224 12.061496 -2.193332
v 32.964870 12.049847 -12.795855
v 33.040562 11.974158 -12.728305
v 32.227776 12.786942 -1.146637
v 32.220299 12.794418 -13.871608
v 33.068943 11.945775 -2.295870
v 33.118488 11.896229 -12.663353
v 32.190594 12.824126 -1.052249
v 32.183739 12.830981 -13.966238
v 32.156620 12.858098 -0.956658
v 32.150394 12.864324 -14.062050
v 33.189793 11.824926 -2.392310
v 33.198570 11.816148 -12.601072
v 33.280712 11.734008 -12.541536
v 32.125900 12.888818 -0.859973
v 32.120312 12.894408 -14.158935
v 32.098469 12.916251 -0.762304
v 32.093521 12.921199 -14.256782
v 33.315449 11.699268 -2.482396
v 33.364819 11.649900 -12.484810
v 32.074352 12.940367 -0.663764
v 32.070053 12.944666 -14.355478
v 33.445583 11.569137 -2.565888
v 33.450794 11.563924 -12.430961
v 33.568169 11.446550 -12.363742
v 32.053581 12.961137 -0.564465
v 32.049934 12.964783 -14.454912
v 32.036182 12.978538 -0.464520
v 32.033192 12.981526 -14.554969
v 33.595001 11.419719 -2.650655
v 33.703682 11.311038 -12.294532
v 32.022171 12.992549 -0.364044
v 32.019840 12.994877 -14.655535
v 32.011562 13.003155 -0.263152
v 32.009899 13.004820 -14.756495
v 33.766399 11.248318 -2.734636
v 33.842529 11.172191 -12.232283
v 32.004375 13.010344 -0.161959
v 32.003376 13.011343 -14.857733
v 33.942795 11.071923 -2.807547
v 33.984352 11.030365 -12.177154
v 32.000610 13.014107 -0.060581
v 32.000278 13.014441 0.040867
v 34.123470 10.891249 -2.869093
v 34.128792 10.885927 -12.129287
v 34.275471 10.739247 -12.088805
v 34.307693 10.707026 -2.919026
v 34.424015 10.590704 -12.055813
v 34.494717 10.520001 -2.957142
v 34.574039 10.440679 -12.030395
v 34.683788 10.330931 -2.983288
v 34.725163 10.289558 -12.012616
v 34.874138 10.140581 -2.997359
v 34.876987 10.137730 -12.002523
v 35.029133 9.985585 -12.000141
v 35.064999 9.949721 -2.999296
v 35.181202 9.833516 -12.005477
v 35.255592 9.759125 -2.989092
v 35.332806 9.681912 -12.018517
v 35.445156 9.569563 -2.966789
v 35.483555 9.531165 -12.039227
v 35.632915 9.381803 -2.932476
v 35.633057 9.381662 -12.067554
v 35.780930 9.233788 -12.103425
v 35.818115 9.196605 -2.886293
v 35.891117 9.123601 -12.135404
v 36.000000 9.014719 -2.828427
v 36.000000 9.014719 -12.171573
v 32.518528 12.496192 13.314091
v 32.562450 12.452268 1.748815
v 32.504715 12.510003 1.665399
v 32.591057 12.423663 13.211988
v 32.622974 12.391745 1.830232
v 32.450321 12.564396 13.419132
v 32.449833 12.564886 1.580078
v 32.397865 12.616852 1.492951
v 32.667782 12.346935 13.113002
v 32.686214 12.328503 1.909556
v 32.386562 12.628157 13.526928
v 32.348877 12.665843 1.404116
v 32.748573 12.266144 13.017303
v 32.752102 12.262615 1.986696
v 32.820560 12.194158 2.061564
v 32.327354 12.687363 13.637292
v 32.302917 12.711802 1.313675
v 32.842941 12.171779 12.915032
v 32.891510 12.123207 2.134075
v 32.272808 12.741910 13.750031
v 32.260040 12.754677 1.221732
v 32.953224 12.061496 12.806668
v 32.964870 12.049847 2.204145
v 33.040562 11.974158 2.271695
v 32.227776 12.786942 13.853363
v 32.220299 12.794418 1.128392
v 33.068943 11.945775 12.704130
v 33.118488 11.896229 2.336647
v 32.190594 12.824126 13.947751
v 32.183739 12.830981 1.033762
v 32.156620 12.858098 14.043342
v 32.150394 12.864324 0.937950
v 33.189793 11.824926 12.607690
v 33.198570 11.816148 2.398927
v 33.280712 11.734008 2.458464
v 32.125900 12.888818 14.140027
v 32.120312 12.894408 0.841065
v 32.098469 12.916251 14.237696
v 32.093521 12.921199 0.743218
v 33.315449 11.699268 12.517604
v 33.364819 11.649900 2.515190
v 32.074352 12.940367 14.336236
v 32.070053 12.944666 0.644522
v 33.445583 11.569137 12.434112
v 33.450794 11.563924 2.569039
v 33.568169 11.446550 2.636258
v 32.053581 12.961137 14.435534
v 32.049934 12.964783 0.545088
v 32.036182 12.978538 14.535480
v 32.033192 12.981526 0.445031
v 33.595001 11.419719 12.349344
v 33.703682 11.311038 2.705468
v 32.022171 12.992549 14.635956
v 32.019840 12.994877 0.344466
v 32.011562 13.003155 14.736848
v 32.009899 13.004820 0.243506
v 33.766399 11.248318 12.265364
v 33.842529 11.172191 2.767717
v 32.004375 13.010344 14.838041
v 32.003376 13.011343 0.142268
v 33.942795 11.071923 12.192453
v 33.984352 11.030365 2.822846
v 32.000610 13.014107 14.939419
v 34.123470 10.891249 12.130907
v 34.128792 10.885927 2.870713
v 34.275471 10.739247 2.911195
v 34.307693 10.707026 12.080975
v 34.424015 10.590704 2.944188
v 34.494717 10.520001 12.042858
v 34.574039 10.440679 2.969606
v 34.683788 10.330931 12.016711
v 34.725163 10.289558 2.987384
v 34.874138 10.140581 12.002642
v 34.876987 10.137730 2.997477
v 35.029133 9.985585 2.999859
v 35.064999 9.949721 12.000704
v 35.181202 9.833516 2.994523
v 35.255592 9.759125 12.010908
v 35.332806 9.681912 2.981483
v 35.445156 9.569563 12.033211
v 35.483555 9.531165 2.960773
v 35.632915 9.381803 12.067524
v 35.633057 9.381662 2.932446
v 35.780930 9.233788 2.896575
v 35.818115 9.196605 12.113707
v 35.891117 9.123601 2.864596
v 36.000000 9.014719 12.171573
v 36.000000 9.014719 2.828427
v 32.518528 12.496192 28.314091
v 32.562450 12.452268 16.748816
v 32.504715 12.510003 16.665400
v 32.591057 12.423663 28.211988
v 32.622974 12.391745 16.830233
v 32.450321 12.564396 28.419132
v 32.449833 12.564886 16.580078
v 32.397865 12.616852 16.492950
v 32.667782 12.346935 28.113001
v 32.686214 12.328503 16.909555
v 32.386562 12.628157 28.526928
v 32.348877 12.665843 16.404116
v 32.748573 12.266144 28.017303
v 32.752102 12.262615 16.986696
v 32.820560 12.194158 17.061563
v 32.327354 12.687363 28.637291
v 32.302917 12.711802 16.313675
v 32.842941 12.171779 27.915033
v 32.891510 12.123207 17.134075
v 32.272808 12.741910 28.750031
v 32.260040 12.754677 16.221733
v 32.953224 12.061496 27.806667
v 32.964870 12.049847 17.204145
v 33.040562 11.974158 17.271694
v 32.227776 12.786942 28.853363
v 32.220299 12.794418 16.128393
v 33.068943 11.945775 27.704130
v 33.118488 11.896229 17.336647
v 32.190594 12.824126 28.947750
v 32.183739 12.830981 16.033762
v 32.156620 12.858098 29.043343
v 32.150394 12.864324 15.937950
v 33.189793 11.824926 27.607689
v 33.198570 11.816148 17.398928
v 33.280712 11.734008 17.458464
v 32.125900 12.888818 29.140026
v 32.120312 12.894408 15.841065
v 32.098469 12.916251 29.237696
v 32.093521 12.921199 15.743218
v 33.315449 11.699268 27.517603
v 33.364819 11.649900 17.515190
v 32.074352 12.940367 29.336235
v 32.070053 12.944666 15.644522
v 33.445583 11.569137 27.434111
v 33.450794 11.563924 17.569038
v 33.568169 11.446550 17.636259
v 32.053581 12.961137 29.435535
v 32.049934 12.964783 15.545088
v 32.036182 12.978538 29.535480
v 32.033192 12.981526 15.445031
v 33.595001 11.419719 27.349344
v 33.703682 11.311038 17.705467
v 32.022171 12.992549 29.635956
v 32.019840 12.994877 15.344465
v 32.011562 13.003155 29.736847
v 32.009899 13.004820 15.243505
v 33.766399 11.248318 27.265364
v 33.842529 11.172191 17.767717
v 32.004375 13.010344 29.838041
v 32.003376 13.011343 15.142267
v 33.942795 11.071923 27.192453
v 33.984352 11.030365 17.822847
v 32.000610 13.014107 29.939419
v 32.000278 13.014441 15.040867
v 34.123470 10.891249 27.130907
v 34.128792 10.885927 17.870714
v 34.275471 10.739247 17.911196
v 34.307693 10.707026 27.080975
v 34.424015 10.590704 17.944187
v 34.494717 10.520001 27.042858
v 34.574039 10.440679 17.969606
v 34.683788 10.330931 27.016712
v 34.725163 10.289558 17.987385
v 34.874138 10.140581 27.002642
v 34.876987 10.137730 17.997477
v 35.029133 9.985585 17.999859
v 35.064999 9.949721 27.000704
v 35.181202 9.833516 17.994522
v 35.255592 9.759125 27.010908
v 35.332806 9.681912 17.981483
v 35.445156 9.569563 27.033211
v 35.483555 9.531165 17.960773
v 35.632915 9.381803 27.067524
v 35.633057 9.381662 17.932446
v 35.780930 9.233788 17.896574
v 35.818115 9.196605 27.113707
v 35.891117 9.123601 17.864595
v 36.000000 9.014719 27.171574
v 36.000000 9.014719 17.828426
v 32.000278 13.014441 30.040867
v 32.003376 13.011343 30.142267
v 32.009899 13.004820 30.243505
v 32.019840 12.994877 30.344465
v 32.033192 12.981526 30.445032
v 32.049934 12.964783 30.545088
v 32.070053 12.944666 30.644522
v 32.093521 12.921199 30.743217
v 32.120312 12.894408 30.841064
v 32.150394 12.864324 30.937950
v 32.183739 12.830981 31.033762
v 32.220299 12.794418 31.128393
v 32.260040 12.754677 31.221733
v 32.302917 12.711802 31.313675
v 32.348877 12.665843 31.404116
v 32.397865 12.616852 31.492950
v 32.449833 12.564886 31.580078
v 32.504715 12.510003 31.665400
v 32.562450 12.452268 31.748816
v 32.622974 12.391745 31.830233
v 32.686214 12.328503 31.909555
v 32.752102 12.262615 31.986696
v 32.820560 12.194158 32.061565
v 32.891510 12.123207 32.134075
v 32.964870 12.049847 32.204144
v 33.040562 11.974158 32.271694
v 33.118488 11.896229 32.336647
v 33.198570 11.816148 32.398926
v 33.280712 11.734008 32.458466
v 33.364819 11.649900 32.515190
v 33.450794 11.563924 32.569038
v 33.568169 11.446550 32.636257
v 33.703682 11.311038 32.705467
v 33.842529 11.172191 32.767715
v 33.984352 11.030365 32.822845
v 34.128792 10.885927 32.870712
v 34.275471 10.739247 32.911194
v 34.424015 10.590704 32.944187
v 34.574039 10.440679 32.969604
v 34.725163 10.289558 32.987385
v 34.876987 10.137730 32.997478
v 35.029133 9.985585 32.999859
v 35.181202 9.833516 32.994522
v 35.332806 9.681912 32.981483
v 35.483555 9.531165 32.960773
v 35.633057 9.381662 32.932446
v 35.780930 9.233788 32.896576
v 35.891117 9.123601 32.864597
v 36.000000 9.014719 32.828426
v 36.000000 -9.014719 32.828426
v 27.514719 -17.500000 -87.500000
v 32.591057 -12.423663 -31.788012
v 32.518528 -12.496192 -31.685909
v 32.450321 -12.564396 -31.580868
v 32.667782 -12.346935 -31.886999
v 32.386562 -12.628157 -31.473072
v 32.748573 -12.266144 -31.982697
v 32.327354 -12.687363 -31.362709
v 32.842941 -12.171779 -32.084969
v 32.272808 -12.741910 -31.249969
v 32.953224 -12.061496 -32.193333
v 32.227776 -12.786942 -31.146637
v 33.068943 -11.945775 -32.295872
v 32.190594 -12.824126 -31.052250
v 32.156620 -12.858098 -30.956657
v 33.189793 -11.824926 -32.392311
v 32.125900 -12.888818 -30.859974
v 32.098469 -12.916251 -30.762304
v 33.315449 -11.699268 -32.482395
v 32.074352 -12.940367 -30.663765
v 33.445583 -11.569137 -32.565887
v 32.053581 -12.961137 -30.564465
v 32.036182 -12.978538 -30.464520
v 33.595001 -11.419719 -32.650654
v 32.022171 -12.992549 -30.364044
v 32.011562 -13.003155 -30.263153
v 33.766399 -11.248318 -32.734634
v 32.004375 -13.010344 -30.161959
v 33.942795 -11.071923 -32.807549
v 32.000610 -13.014107 -30.060581
v 32.000278 -13.014441 -29.959133
v 34.123470 -10.891249 -32.869095
v 34.307693 -10.707026 -32.919025
v 36.000000 -9.014719 -87.500000
v 34.494717 -10.520001 -32.957142
v 34.683788 -10.330931 -32.983288
v 34.874138 -10.140581 -32.997360
v 35.064999 -9.949721 -32.999294
v 35.255592 -9.759125 -32.989094
v 35.445156 -9.569563 -32.966789
v 35.632915 -9.381803 -32.932476
v 35.818115 -9.196605 -32.886295
v 36.000000 -9.014719 -32.828426
v 32.562450 -12.452268 -28.251184
v 32.518528 -12.496192 -16.685909
v 32.504715 -12.510003 -28.334600
v 32.591057 -12.423663 -16.788012
v 32.622974 -12.391745 -28.169767
v 32.450321 -12.564396 -16.580868
v 32.449833 -12.564886 -28.419922
v 32.397865 -12.616852 -28.507050
v 32.686214 -12.328503 -28.090445
v 32.667782 -12.346935 -16.886999
v 32.386562 -12.628157 -16.473072
v 32.348877 -12.665843 -28.595884
v 32.752102 -12.262615 -28.013304
v 32.748573 -12.266144 -16.982697
v 32.820560 -12.194158 -27.938437
v 32.327354 -12.687363 -16.362709
v 32.302917 -12.711802 -28.686325
v 32.891510 -12.123207 -27.865925
v 32.842941 -12.171779 -17.084967
v 32.272808 -12.741910 -16.249969
v 32.260040 -12.754677 -28.778267
v 32.964870 -12.049847 -27.795855
v 32.953224 -12.061496 -17.193333
v 33.040562 -11.974158 -27.728306
v 32.227776 -12.786942 -16.146637
v 32.220299 -12.794418 -28.871607
v 33.118488 -11.896229 -27.663353
v 33.068943 -11.945775 -17.295870
v 32.190594 -12.824126 -16.052250
v 32.183739 -12.830981 -28.966238
v 32.156620 -12.858098 -15.956658
v 32.150394 -12.864324 -29.062050
v 33.198570 -11.816148 -27.601072
v 33.189793 -11.824926 -17.392311
v 33.280712 -11.734008 -27.541536
v 32.125900 -12.888818 -15.859973
v 32.120312 -12.894408 -29.158936
v 32.098469 -12.916251 -15.762304
v 32.093521 -12.921199 -29.256783
v 33.364819 -11.649900 -27.484810
v 33.315449 -11.699268 -17.482397
v 32.074352 -12.940367 -15.663764
v 32.070053 -12.944666 -29.355478
v 33.450794 -11.563924 -27.430962
v 33.445583 -11.569137 -17.565889
v 33.568169 -11.446550 -27.363741
v 32.053581 -12.961137 -15.564466
v 32.049934 -12.964783 -29.454912
v 32.036182 -12.978538 -15.464520
v 32.033192 -12.981526 -29.554968
v 33.703682 -11.311038 -27.294533
v 33.595001 -11.419719 -17.650656
v 32.022171 -12.992549 -15.364044
v 32.019840 -12.994877 -29.655535
v 32.011562 -13.003155 -15.263152
v 32.009899 -13.004820 -29.756495
v 33.842529 -11.172191 -27.232283
v 33.766399 -11.248318 -17.734636
v 32.004375 -13.010344 -15.161959
v 32.003376 -13.011343 -29.857733
v 33.984352 -11.030365 -27.177153
v 33.942795 -11.071923 -17.807547
v 32.000610 -13.014107 -15.060581
v 32.000278 -13.014441 -14.959133
v 34.128792 -10.885927 -27.129286
v 34.123470 -10.891249 -17.869093
v 34.275471 -10.739247 -27.088804
v 34.424015 -10.590704 -27.055813
v 34.307693 -10.707026 -17.919025
v 34.574039 -10.440679 -27.030394
v 34.494717 -10.520001 -17.957142
v 34.725163 -10.289558 -27.012615
v 34.683788 -10.330931 -17.983288
v 34.874138 -10.140581 -17.997358
v 34.876987 -10.137730 -27.002523
v 35.029133 -9.985585 -27.000141
v 35.181202 -9.833516 -27.005478
v 35.064999 -9.949721 -17.999296
v 35.255592 -9.759125 -17.989092
v 35.332806 -9.681912 -27.018517
v 35.445156 -9.569563 -17.966789
v 35.483555 -9.531165 -27.039227
v 35.633057 -9.381662 -27.067554
v 35.632915 -9.381803 -17.932476
v 35.780930 -9.233788 -27.103426
v 35.818115 -9.196605 -17.886293
v 35.891117 -9.123601 -27.135405
v 36.000000 -9.014719 -17.828426
v 36.000000 -9.014719 -27.171574
v 32.562450 -12.452268 -13.251184
v 32.518528 -12.496192 -1.685909
v 32.504715 -12.510003 -13.334601
v 32.622974 -12.391745 -13.169768
v 32.591057 -12.423663 -1.788012
v 32.449833 -12.564886 -13.419922
v 32.450321 -12.564396 -1.580868
v 32.397865 -12.616852 -13.507050
v 32.667782 -12.346935 -1.886999
v 32.686214 -12.328503 -13.090445
v 32.386562 -12.628157 -1.473072
v 32.348877 -12.665843 -13.595884
v 32.748573 -12.266144 -1.982696
v 32.752102 -12.262615 -13.013305
v 32.820560 -12.194158 -12.938437
v 32.327354 -12.687363 -1.362708
v 32.302917 -12.711802 -13.686325
v 32.891510 -12.123207 -12.865926
v 32.842941 -12.171779 -2.084968
v 32.272808 -12.741910 -1.249970
v 32.260040 -12.754677 -13.778268
v 32.953224 -12.061496 -2.193332
v 32.964870 -12.049847 -12.795855
v 33.040562 -11.974158 -12.728305
v 32.227776 -12.786942 -1.146637
v 32.220299 -12.794418 -13.871608
v 33.068943 -11.945775 -2.295870
v 33.118488 -11.896229 -12.663353
v 32.190594 -12.824126 -1.052249
v 32.183739 -12.830981 -13.966238
v 32.156620 -12.858098 -0.956658
v 32.150394 -12.864324 -14.062050
v 33.189793 -11.824926 -2.392310
v 33.198570 -11.816148 -12.601072
v 33.280712 -11.734008 -12.541536
v 32.125900 -12.888818 -0.859973
v 32.120312 -12.894408 -14.158935
v 32.098469 -12.916251 -0.762304
v 32.093521 -12.921199 -14.256782
v 33.315449 -11.699268 -2.482396
v 33.364819 -11.649900 -12.484810
v 32.074352 -12.940367 -0.663764
v 32.070053 -12.944666 -14.355478
v 33.445583 -11.569137 -2.565888
v 33.450794 -11.563924 -12.430961
v 33.568169 -11.446550 -12.363742
v 32.053581 -12.961137 -0.564465
v 32.049934 -12.964783 -14.454912
v 32.036182 -12.978538 -0.464520
v 32.033192 -12.981526 -14.554969
v 33.595001 -11.419719 -2.650655
v 33.703682 -11.311038 -12.294532
v 32.022171 -12.992549 -0.364044
v 32.019840 -12.994877 -14.655535
v 32.011562 -13.003155 -0.263152
v 32.009899 -13.004820 -14.756495
v 33.842529 -11.172191 -12.232283
v 33.766399 -11.248318 -2.734636
v 32.004375 -13.010344 -0.161959
v 32.003376 -13.011343 -14.857733
v 33.984352 -11.030365 -12.177154
v 33.942795 -11.071923 -2.807547
v 32.000610 -13.014107 -0.060581
v 32.000278 -13.014441 0.040867
v 34.128792 -10.885927 -12.129287
v 34.123470 -10.891249 -2.869093
v 34.275471 -10.739247 -12.088805
v 34.424015 -10.590704 -12.055813
v 34.307693 -10.707026 -2.919026
v 34.574039 -10.440679 -12.030395
v 34.494717 -10.520001 -2.957142
v 34.725163 -10.289558 -12.012616
v 34.683788 -10.330931 -2.983288
v 34.876987 -10.137730 -12.002523
v 34.874138 -10.140581 -2.997359
v 35.029133 -9.985585 -12.000141
v 35.064999 -9.949721 -2.999296
v 35.181202 -9.833516 -12.005477
v 35.332806 -9.681912 -12.018517
v 35.255592 -9.759125 -2.989092
v 35.445156 -9.569563 -2.966789
v 35.483555 -9.531165 -12.039227
v 35.632915 -9.381803 -2.932476
v 35.633057 -9.381662 -12.067554
v 35.780930 -9.233788 -12.103425
v 35.818115 -9.196605 -2.886293
v 35.891117 -9.123601 -12.135404
v 36.000000 -9.014719 -2.828427
v 36.000000 -9.014719 -12.171573
v 32.562450 -12.452268 1.748815
v 32.518528 -12.496192 13.314091
v 32.504715 -12.510003 1.665399
v 32.622974 -12.391745 1.830232
v 32.591057 -12.423663 13.211988
v 32.449833 -12.564886 1.580078
v 32.450321 -12.564396 13.419132
v 32.397865 -12.616852 1.492951
v 32.686214 -12.328503 1.909556
v 32.667782 -12.346935 13.113002
v 32.386562 -12.628157 13.526928
v 32.348877 -12.665843 1.404116
v 32.752102 -12.262615 1.986696
v 32.748573 -12.266144 13.017303
v 32.820560 -12.194158 2.061564
v 32.327354 -12.687363 13.637292
v 32.302917 -12.711802 1.313675
v 32.891510 -12.123207 2.134075
v 32.842941 -12.171779 12.915032
v 32.272808 -12.741910 13.750031
v 32.260040 -12.754677 1.221732
v 32.964870 -12.049847 2.204145
v 32.953224 -12.061496 12.806668
v 33.040562 -11.974158 2.271695
v 32.227776 -12.786942 13.853363
v 32.220299 -12.794418 1.128392
v 33.118488 -11.896229 2.336647
v 33.068943 -11.945775 12.704130
v 32.190594 -12.824126 13.947751
v 32.183739 -12.830981 1.033762
v 32.156620 -12.858098 14.043342
v 32.150394 -12.864324 0.937950
v 33.189793 -11.824926 12.607690
v 33.198570 -11.816148 2.398927
v 33.280712 -11.734008 2.458464
v 32.125900 -12.888818 14.140027
v 32.120312 -12.894408 0.841065
v 32.098469 -12.916251 14.237696
v 32.093521 -12.921199 0.743218
v 33.315449 -11.699268 12.517604
v 33.364819 -11.649900 2.515190
v 32.074352 -12.940367 14.336236
v 32.070053 -12.944666 0.644522
v 33.450794 -11.563924 2.569039
v 33.445583 -11.569137 12.434112
v 33.568169 -11.446550 2.636258
v 32.053581 -12.961137 14.435534
v 32.049934 -12.964783 0.545088
v 32.036182 -12.978538 14.535480
v 32.033192 -12.981526 0.445031
v 33.703682 -11.311038 2.705468
v 33.595001 -11.419719 12.349344
v 32.022171 -12.992549 14.635956
v 32.019840 -12.994877 0.344466
v 32.011562 -13.003155 14.736848
v 32.009899 -13.004820 0.243506
v 33.766399 -11.248318 12.265364
v 33.842529 -11.172191 2.767717
v 32.004375 -13.010344 14.838041
v 32.003376 -13.011343 0.142268
v 33.984352 -11.030365 2.822846
v 33.942795 -11.071923 12.192453
v 32.000610 -13.014107 14.939419
v 34.123470 -10.891249 12.130907
v 34.128792 -10.885927 2.870713
v 34.275471 -10.739247 2.911195
v 34.307693 -10.707026 12.080975
v 34.424015 -10.590704 2.944188
v 34.494717 -10.520001 12.042858
v 34.574039 -10.440679 2.969606
v 34.725163 -10.289558 2.987384
v 34.683788 -10.330931 12.016711
v 34.874138 -10.140581 12.002642
v 34.876987 -10.137730 2.997477
v 35.029133 -9.985585 2.999859
v 35.181202 -9.833516 2.994523
v 35.064999 -9.949721 12.000704
v 35.332806 -9.681912 2.981483
v 35.255592 -9.759125 12.010908
v 35.483555 -9.531165 2.960773
v 35.445156 -9.569563 12.033211
v 35.632915 -9.381803 12.067524
v 35.633057 -9.381662 2.932446
v 35.780930 -9.233788 2.896575
v 35.818115 -9.196605 12.113707
v 35.891117 -9.123601 2.864596
v 36.000000 -9.014719 2.828427
v 36.000000 -9.014719 12.171573
v 32.562450 -12.452268 16.748816
v 32.518528 -12.496192 28.314091
v 32.504715 -12.510003 16.665400
v 32.622974 -12.391745 16.830233
v 32.591057 -12.423663 28.211988
v 32.450321 -12.564396 28.419132
v 32.449833 -12.564886 16.580078
v 32.397865 -12.616852 16.492950
v 32.686214 -12.328503 16.909555
v 32.667782 -12.346935 28.113001
v 32.386562 -12.628157 28.526928
v 32.348877 -12.665843 16.404116
v 32.752102 -12.262615 16.986696
v 32.748573 -12.266144 28.017303
v 32.820560 -12.194158 17.061563
v 32.327354 -12.687363 28.637291
v 32.302917 -12.711802 16.313675
v 32.842941 -12.171779 27.915033
v 32.891510 -12.123207 17.134075
v 32.272808 -12.741910 28.750031
v 32.260040 -12.754677 16.221733
v 32.964870 -12.049847 17.204145
v 32.953224 -12.061496 27.806667
v 33.040562 -11.974158 17.271694
v 32.227776 -12.786942 28.853363
v 32.220299 -12.794418 16.128393
v 33.068943 -11.945775 27.704130
v 33.118488 -11.896229 17.336647
v 32.190594 -12.824126 28.947750
v 32.183739 -12.830981 16.033762
v 32.156620 -12.858098 29.043343
v 32.150394 -12.864324 15.937950
v 33.198570 -11.816148 17.398928
v 33.189793 -11.824926 27.607689
v 33.280712 -11.734008 17.458464
v 32.125900 -12.888818 29.140026
v 32.120312 -12.894408 15.841065
v 32.098469 -12.916251 29.237696
v 32.093521 -12.921199 15.743218
v 33.364819 -11.649900 17.515190
v 33.315449 -11.699268 27.517603
v 32.074352 -12.940367 29.336235
v 32.070053 -12.944666 15.644522
v 33.450794 -11.563924 17.569038
v 33.445583 -11.569137 27.434111
v 33.568169 -11.446550 17.636259
v 32.053581 -12.961137 29.435535
v 32.049934 -12.964783 15.545088
v 32.036182 -12.978538 29.535480
v 32.033192 -12.981526 15.445031
v 33.703682 -11.311038 17.705467
v 33.595001 -11.419719 27.349344
v 32.022171 -12.992549 29.635956
v 32.019840 -12.994877 15.344465
v 32.011562 -13.003155 29.736847
v 32.009899 -13.004820 15.243505
v 33.766399 -11.248318 27.265364
v 33.842529 -11.172191 17.767717
v 32.004375 -13.010344 29.838041
v 32.003376 -13.011343 15.142267
v 33.984352 -11.030365 17.822847
v 33.942795 -11.071923 27.192453
v 32.000610 -13.014107 29.939419
v 32.000278 -13.014441 15.040867
v 34.123470 -10.891249 27.130907
v 34.128792 -10.885927 17.870714
v 34.275471 -10.739247 17.911196
v 34.307693 -10.707026 27.080975
v 34.424015 -10.590704 17.944187
v 34.494717 -10.520001 27.042858
v 34.574039 -10.440679 17.969606
v 34.683788 -10.330931 27.016712
v 34.725163 -10.289558 17.987385
v 34.876987 -10.137730 17.997477
v 34.874138 -10.140581 27.002642
v 35.029133 -9.985585 17.999859
v 35.064999 -9.949721 27.000704
v 35.181202 -9.833516 17.994522
v 35.255592 -9.759125 27.010908
v 35.332806 -9.681912 17.981483
v 35.445156 -9.569563 27.033211
v 35.483555 -9.531165 17.960773
v 35.633057 -9.381662 17.932446
v 35.632915 -9.381803 27.067524
v 35.780930 -9.233788 17.896574
v 35.818115 -9.196605 27.113707
v 35.891117 -9.123601 17.864595
v 36.000000 -9.014719 27.171574
v 36.000000 -9.014719 17.828426
v 32.000278 -13.014441 30.040867
v 32.003376 -13.011343 30.142267
v 32.009899 -13.004820 30.243505
v 32.019840 -12.994877 30.344465
v 32.033192 -12.981526 30.445032
v 32.049934 -12.964783 30.545088
v 32.070053 -12.944666 30.644522
v 32.093521 -12.921199 30.743217
v 32.120312 -12.894408 30.841064
v 32.150394 -12.864324 30.937950
v 32.183739 -12.830981 31.033762
v 32.220299 -12.794418 31.128393
v 32.260040 -12.754677 31.221733
v 32.302917 -12.711802 31.313675
v 32.348877 -12.665843 31.404116
v 32.397865 -12.616852 31.492950
v 32.449833 -12.564886 31.580078
v 32.504715 -12.510003 31.665400
v 32.562450 -12.452268 31.748816
v 32.622974 -12.391745 31.830233
v 32.686214 -12.328503 31.909555
v 32.752102 -12.262615 31.986696
v 32.820560 -12.194158 32.061565
v 32.891510 -12.123207 32.134075
v 32.964870 -12.049847 32.204144
v 33.040562 -11.974158 32.271694
v 33.118488 -11.896229 32.336647
v 33.198570 -11.816148 32.398926
v 33.280712 -11.734008 32.458466
v 33.364819 -11.649900 32.515190
v 33.450794 -11.563924 32.569038
v 33.568169 -11.446550 32.636257
v 33.703682 -11.311038 32.705467
v 33.842529 -11.172191 32.767715
v 33.984352 -11.030365 32.822845
v 34.128792 -10.885927 32.870712
v 34.275471 -10.739247 32.911194
v 34.424015 -10.590704 32.944187
v 34.574039 -10.440679 32.969604
v 34.725163 -10.289558 32.987385
v 34.876987 -10.137730 32.997478
v 35.029133 -9.985585 32.999859
v 35.181202 -9.833516 32.994522
v 35.332806 -9.681912 32.981483
v 35.483555 -9.531165 32.960773
v 35.633057 -9.381662 32.932446
v 35.780930 -9.233788 32.896576
v 35.891117 -9.123601 32.864597
v -33.000000 6.014719 27.763931
v -32.950233 6.064484 27.809462
v -32.901505 6.113213 27.856096
v -33.000000 -6.014719 27.763931
v -32.950233 -6.064484 27.809462
v -32.815990 6.198728 27.943279
v -32.901505 -6.113213 27.856096
v -32.734093 6.280624 28.033869
v -32.815990 -6.198728 27.943279
v -32.664448 6.350273 28.117132
v -32.734093 -6.280624 28.033869
v -32.614212 6.400506 28.181206
v -32.664448 -6.350273 28.117132
v -32.565735 6.448984 28.246616
v -32.614212 -6.400506 28.181206
v -32.519051 6.495668 28.313320
v -32.565735 -6.448984 28.246616
v -32.474194 6.540525 28.381266
v -32.519051 -6.495668 28.313320
v -32.431198 6.583521 28.450403
v -32.474194 -6.540525 28.381266
v -32.390091 6.624626 28.520681
v -32.431198 -6.583521 28.450403
v -32.350910 6.663808 28.592051
v -32.390091 -6.624626 28.520681
v -32.313679 6.701040 28.664455
v -32.350910 -6.663808 28.592051
v -32.278427 6.736292 28.737844
v -32.313679 -6.701040 28.664455
v -32.245178 6.769541 28.812164
v -32.278427 -6.736292 28.737844
v -32.213959 6.800760 28.887358
v -32.245178 -6.769541 28.812164
v -32.184792 6.829927 28.963371
v -32.213959 -6.800760 28.887358
v -32.157700 6.857021 29.040148
v -32.184792 -6.829927 28.963371
v -32.132698 6.882021 29.117630
v -32.157700 -6.857021 29.040148
v -32.109810 6.904910 29.195765
v -32.132698 -6.882021 29.117630
v -32.089050 6.925670 29.274490
v -32.109810 -6.904910 29.195765
v -32.070435 6.944285 29.353750
v -32.089050 -6.925670 29.274490
v -32.053974 6.960743 29.433487
v -32.070435 -6.944285 29.353750
v -32.039688 6.975032 29.513639
v -32.053974 -6.960743 29.433487
v -32.027580 6.987140 29.594151
v -32.039688 -6.975032 29.513639
v -32.017662 6.997058 29.674961
v -32.027580 -6.987140 29.594151
v -32.009937 7.004780 29.756012
v -32.017662 -6.997058 29.674961
v -32.004417 7.010300 29.837240
v -32.009937 -7.004780 29.756012
v -32.001106 7.013614 29.918591
v -32.004417 -7.010300 29.837240
v -32.001106 -7.013614 29.918591
v -32.000774 7.013945 15.068148
v -32.000000 7.014719 15.000000
v -32.003098 7.011622 15.136260
v -32.000000 -7.014719 15.000000
v -32.000774 -7.013945 15.068148
v -32.009041 7.005679 15.232718
v -32.003098 -7.011622 15.136260
v -32.018089 6.996631 15.328937
v -32.009041 -7.005679 15.232718
v -32.030231 6.984488 15.424812
v -32.018089 -6.996631 15.328937
v -32.045452 6.969265 15.520247
v -32.030231 -6.984488 15.424812
v -32.063744 6.950974 15.615143
v -32.045452 -6.969265 15.520247
v -32.085083 6.929637 15.709400
v -32.063744 -6.950974 15.615143
v -32.109444 6.905275 15.802921
v -32.085083 -6.929637 15.709400
v -32.136806 6.877913 15.895609
v -32.109444 -6.905275 15.802921
v -32.167137 6.847580 15.987368
v -32.136806 -6.877913 15.895609
v -32.204288 6.810431 16.088116
v -32.167137 -6.847580 15.987368
v -32.249763 6.764955 16.198416
v -32.204288 -6.810431 16.088116
v -32.299591 6.715129 16.306822
v -32.249763 -6.764955 16.198416
v -32.353687 6.661032 16.413162
v -32.299591 -6.715129 16.306822
v -32.411968 6.602750 16.517265
v -32.353687 -6.661032 16.413162
v -32.474346 6.540374 16.618971
v -32.411968 -6.602750 16.517265
v -32.540714 6.474004 16.718115
v -32.474346 -6.540374 16.618971
v -32.610973 6.403744 16.814541
v -32.540714 -6.474004 16.718115
v -32.693466 6.321251 16.918308
v -32.610973 -6.403744 16.814541
v -32.790401 6.224318 17.029205
v -32.693466 -6.321251 16.918308
v -32.892662 6.122058 17.135210
v -32.790401 -6.224318 17.029205
v -32.892662 -6.122058 17.135210
v -33.000000 6.014719 17.236069
v -33.000000 -6.014719 17.236069
v -33.000000 6.014719 12.763932
v -32.950233 6.064484 12.809461
v -32.901505 6.113213 12.856097
v -33.000000 -6.014719 12.763932
v -32.950233 -6.064484 12.809461
v -32.815990 6.198728 12.943278
v -32.901505 -6.113213 12.856097
v -32.734093 6.280624 13.033869
v -32.815990 -6.198728 12.943278
v -32.664448 6.350273 13.117133
v -32.734093 -6.280624 13.033869
v -32.614212 6.400506 13.181205
v -32.664448 -6.350273 13.117133
v -32.565735 6.448984 13.246616
v -32.614212 -6.400506 13.181205
v -32.519051 6.495668 13.313320
v -32.565735 -6.448984 13.246616
v -32.474194 6.540525 13.381266
v -32.519051 -6.495668 13.313320
v -32.431198 6.583521 13.450403
v -32.474194 -6.540525 13.381266
v -32.390091 6.624626 13.520681
v -32.431198 -6.583521 13.450403
v -32.350910 6.663808 13.592051
v -32.390091 -6.624626 13.520681
v -32.313679 6.701040 13.664455
v -32.350910 -6.663808 13.592051
v -32.278427 6.736292 13.737844
v -32.313679 -6.701040 13.664455
v -32.245178 6.769541 13.812163
v -32.278427 -6.736292 13.737844
v -32.213959 6.800760 13.887358
v -32.245178 -6.769541 13.812163
v -32.184792 6.829927 13.963370
v -32.213959 -6.800760 13.887358
v -32.157700 6.857021 14.040147
v -32.184792 -6.829927 13.963370
v -32.132698 6.882021 14.117631
v -32.157700 -6.857021 14.040147
v -32.109810 6.904910 14.195764
v -32.132698 -6.882021 14.117631
v -32.089050 6.925670 14.274489
v -32.109810 -6.904910 14.195764
v -32.070435 6.944285 14.353750
v -32.089050 -6.925670 14.274489
v -32.053974 6.960743 14.433486
v -32.070435 -6.944285 14.353750
v -32.039688 6.975032 14.513639
v -32.053974 -6.960743 14.433486
v -32.027580 6.987140 14.594151
v -32.039688 -6.975032 14.513639
v -32.017662 6.997058 14.674961
v -32.027580 -6.987140 14.594151
v -32.009937 7.004780 14.756011
v -32.017662 -6.997058 14.674961
v -32.004417 7.010300 14.837241
v -32.009937 -7.004780 14.756011
v -32.001106 7.013614 14.918591
v -32.004417 -7.010300 14.837241
v -32.001106 -7.013614 14.918591
v -32.000774 7.013945 0.068148
v -32.000000 7.014719 0.000000
v -32.003098 7.011622 0.136260
v -32.000000 -7.014719 0.000000
v -32.000774 -7.013945 0.068148
v -32.009041 7.005679 0.232719
v -32.003098 -7.011622 0.136260
v -32.018089 6.996631 0.328936
v -32.009041 -7.005679 0.232719
v -32.030231 6.984488 0.424813
v -32.018089 -6.996631 0.328936
v -32.045452 6.969265 0.520248
v -32.030231 -6.984488 0.424813
v -32.063744 6.950974 0.615143
v -32.045452 -6.969265 0.520248
v -32.085083 6.929637 0.709400
v -32.063744 -6.950974 0.615143
v -32.109444 6.905275 0.802921
v -32.085083 -6.929637 0.709400
v -32.136806 6.877913 0.895609
v -32.109444 -6.905275 0.802921
v -32.167137 6.847580 0.987367
v -32.136806 -6.877913 0.895609
v -32.204288 6.810431 1.088115
v -32.167137 -6.847580 0.987367
v -32.249763 6.764955 1.198416
v -32.204288 -6.810431 1.088115
v -32.299591 6.715129 1.306823
v -32.249763 -6.764955 1.198416
v -32.353687 6.661032 1.413162
v -32.299591 -6.715129 1.306823
v -32.411968 6.602750 1.517266
v -32.353687 -6.661032 1.413162
v -32.474346 6.540374 1.618970
v -32.411968 -6.602750 1.517266
v -32.540714 6.474004 1.718114
v -32.474346 -6.540374 1.618970
v -32.610973 6.403744 1.814540
v -32.540714 -6.474004 1.718114
v -32.693466 6.321251 1.918308
v -32.610973 -6.403744 1.814540
v -32.790401 6.224318 2.029205
v -32.693466 -6.321251 1.918308
v -32.892662 6.122058 2.135210
v -32.790401 -6.224318 2.029205
v -32.892662 -6.122058 2.135210
v -33.000000 6.014719 2.236068
v -33.000000 -6.014719 2.236068
v -33.000000 6.014719 -2.236068
v -32.950233 6.064484 -2.190539
v -32.901505 6.113213 -2.143903
v -33.000000 -6.014719 -2.236068
v -32.950233 -6.064484 -2.190539
v -32.815990 6.198728 -2.056721
v -32.901505 -6.113213 -2.143903
v -32.734093 6.280624 -1.966131
v -32.815990 -6.198728 -2.056721
v -32.664448 6.350273 -1.882867
v -32.734093 -6.280624 -1.966131
v -32.614212 6.400506 -1.818795
v -32.664448 -6.350273 -1.882867
v -32.565735 6.448984 -1.753383
v -32.614212 -6.400506 -1.818795
v -32.519051 6.495668 -1.686680
v -32.565735 -6.448984 -1.753383
v -32.474194 6.540525 -1.618735
v -32.519051 -6.495668 -1.686680
v -32.431198 6.583521 -1.549597
v -32.474194 -6.540525 -1.618735
v -32.390091 6.624626 -1.479318
v -32.431198 -6.583521 -1.549597
v -32.350910 6.663808 -1.407950
v -32.390091 -6.624626 -1.479318
v -32.313679 6.701040 -1.335544
v -32.350910 -6.663808 -1.407950
v -32.278427 6.736292 -1.262155
v -32.313679 -6.701040 -1.335544
v -32.245178 6.769541 -1.187836
v -32.278427 -6.736292 -1.262155
v -32.213959 6.800760 -1.112643
v -32.245178 -6.769541 -1.187836
v -32.184792 6.829927 -1.036630
v -32.213959 -6.800760 -1.112643
v -32.157700 6.857021 -0.959853
v -32.184792 -6.829927 -1.036630
v -32.132698 6.882021 -0.882369
v -32.157700 -6.857021 -0.959853
v -32.109810 6.904910 -0.804236
v -32.132698 -6.882021 -0.882369
v -32.089050 6.925670 -0.725510
v -32.109810 -6.904910 -0.804236
v -32.070435 6.944285 -0.646250
v -32.089050 -6.925670 -0.725510
v -32.053974 6.960743 -0.566514
v -32.070435 -6.944285 -0.646250
v -32.039688 6.975032 -0.486361
v -32.053974 -6.960743 -0.566514
v -32.027580 6.987140 -0.405849
v -32.039688 -6.975032 -0.486361
v -32.017662 6.997058 -0.325038
v -32.027580 -6.987140 -0.405849
v -32.009937 7.004780 -0.243989
v -32.017662 -6.997058 -0.325038
v -32.004417 7.010300 -0.162759
v -32.009937 -7.004780 -0.243989
v -32.001106 7.013614 -0.081409
v -32.004417 -7.010300 -0.162759
v -32.001106 -7.013614 -0.081409
v -32.000774 7.013945 -14.931852
v -32.000000 7.014719 -15.000000
v -32.003098 7.011622 -14.863740
v -32.000000 -7.014719 -15.000000
v -32.000774 -7.013945 -14.931852
v -32.009041 7.005679 -14.767282
v -32.003098 -7.011622 -14.863740
v -32.018089 6.996631 -14.671063
v -32.009041 -7.005679 -14.767282
v -32.030231 6.984488 -14.575188
v -32.018089 -6.996631 -14.671063
v -32.045452 6.969265 -14.479753
v -32.030231 -6.984488 -14.575188
v -32.063744 6.950974 -14.384857
v -32.045452 -6.969265 -14.479753
v -32.085083 6.929637 -14.290600
v -32.063744 -6.950974 -14.384857
v -32.109444 6.905275 -14.197079
v -32.085083 -6.929637 -14.290600
v -32.136806 6.877913 -14.104391
v -32.109444 -6.905275 -14.197079
v -32.167137 6.847580 -14.012632
v -32.136806 -6.877913 -14.104391
v -32.204288 6.810431 -13.911885
v -32.167137 -6.847580 -14.012632
v -32.249763 6.764955 -13.801583
v -32.204288 -6.810431 -13.911885
v -32.299591 6.715129 -13.693177
v -32.249763 -6.764955 -13.801583
v -32.353687 6.661032 -13.586839
v -32.299591 -6.715129 -13.693177
v -32.411968 6.602750 -13.482734
v -32.353687 -6.661032 -13.586839
v -32.474346 6.540374 -13.381030
v -32.411968 -6.602750 -13.482734
v -32.540714 6.474004 -13.281886
v -32.474346 -6.540374 -13.381030
v -32.610973 6.403744 -13.185459
v -32.540714 -6.474004 -13.281886
v -32.693466 6.321251 -13.081692
v -32.610973 -6.403744 -13.185459
v -32.790401 6.224318 -12.970796
v -32.693466 -6.321251 -13.081692
v -32.892662 6.122058 -12.864790
v -32.790401 -6.224318 -12.970796
v -32.892662 -6.122058 -12.864790
v -33.000000 6.014719 -12.763932
v -33.000000 -6.014719 -12.763932
v -33.000000 6.014719 -17.236069
v -32.950233 6.064484 -17.190538
v -32.901505 6.113213 -17.143904
v -33.000000 -6.014719 -17.236069
v -32.950233 -6.064484 -17.190538
v -32.815990 6.198728 -17.056721
v -32.901505 -6.113213 -17.143904
v -32.734093 6.280624 -16.966131
v -32.815990 -6.198728 -17.056721
v -32.664448 6.350273 -16.882868
v -32.734093 -6.280624 -16.966131
v -32.614212 6.400506 -16.818794
v -32.664448 -6.350273 -16.882868
v -32.565735 6.448984 -16.753384
v -32.614212 -6.400506 -16.818794
v -32.519051 6.495668 -16.686680
v -32.565735 -6.448984 -16.753384
v -32.474194 6.540525 -16.618734
v -32.519051 -6.495668 -16.686680
v -32.431198 6.583521 -16.549597
v -32.474194 -6.540525 -16.618734
v -32.390091 6.624626 -16.479319
v -32.431198 -6.583521 -16.549597
v -32.350910 6.663808 -16.407949
v -32.390091 -6.624626 -16.479319
v -32.313679 6.701040 -16.335545
v -32.350910 -6.663808 -16.407949
v -32.278427 6.736292 -16.262156
v -32.313679 -6.701040 -16.335545
v -32.245178 6.769541 -16.187836
v -32.278427 -6.736292 -16.262156
v -32.213959 6.800760 -16.112642
v -32.245178 -6.769541 -16.187836
v -32.184792 6.829927 -16.036629
v -32.213959 -6.800760 -16.112642
v -32.157700 6.857021 -15.959853
v -32.184792 -6.829927 -16.036629
v -32.132698 6.882021 -15.882369
v -32.157700 -6.857021 -15.959853
v -32.109810 6.904910 -15.804236
v -32.132698 -6.882021 -15.882369
v -32.089050 6.925670 -15.725511
v -32.109810 -6.904910 -15.804236
v -32.070435 6.944285 -15.646250
v -32.089050 -6.925670 -15.725511
v -32.053974 6.960743 -15.566514
v -32.070435 -6.944285 -15.646250
v -32.039688 6.975032 -15.486361
v -32.053974 -6.960743 -15.566514
v -32.027580 6.987140 -15.405849
v -32.039688 -6.975032 -15.486361
v -32.017662 6.997058 -15.325039
v -32.027580 -6.987140 -15.405849
v -32.009937 7.004780 -15.243989
v -32.017662 -6.997058 -15.325039
v -32.004417 7.010300 -15.162759
v -32.009937 -7.004780 -15.243989
v -32.001106 7.013614 -15.081409
v -32.004417 -7.010300 -15.162759
v -32.001106 -7.013614 -15.081409
v -32.000774 7.013945 -29.931852
v -32.000000 7.014719 -30.000000
v -32.003098 7.011622 -29.863741
v -32.000000 -7.014719 -30.000000
v -32.000774 -7.013945 -29.931852
v -32.009041 7.005679 -29.767281
v -32.003098 -7.011622 -29.863741
v -32.018089 6.996631 -29.671064
v -32.009041 -7.005679 -29.767281
v -32.030231 6.984488 -29.575188
v -32.018089 -6.996631 -29.671064
v -32.045452 6.969265 -29.479752
v -32.030231 -6.984488 -29.575188
v -32.063744 6.950974 -29.384857
v -32.045452 -6.969265 -29.479752
v -32.085083 6.929637 -29.290600
v -32.063744 -6.950974 -29.384857
v -32.109444 6.905275 -29.197079
v -32.085083 -6.929637 -29.290600
v -32.136806 6.877913 -29.104391
v -32.109444 -6.905275 -29.197079
v -32.167137 6.847580 -29.012632
v -32.136806 -6.877913 -29.104391
v -32.204288 6.810431 -28.911884
v -32.167137 -6.847580 -29.012632
v -32.249763 6.764955 -28.801584
v -32.204288 -6.810431 -28.911884
v -32.299591 6.715129 -28.693178
v -32.249763 -6.764955 -28.801584
v -32.353687 6.661032 -28.586838
v -32.299591 -6.715129 -28.693178
v -32.411968 6.602750 -28.482735
v -32.353687 -6.661032 -28.586838
v -32.474346 6.540374 -28.381029
v -32.411968 -6.602750 -28.482735
v -32.540714 6.474004 -28.281885
v -32.474346 -6.540374 -28.381029
v -32.610973 6.403744 -28.185459
v -32.540714 -6.474004 -28.281885
v -32.693466 6.321251 -28.081692
v -32.610973 -6.403744 -28.185459
v -32.790401 6.224318 -27.970795
v -32.693466 -6.321251 -28.081692
v -32.892662 6.122058 -27.864790
v -32.790401 -6.224318 -27.970795
v -32.892662 -6.122058 -27.864790
v -33.000000 6.014719 -27.763931
v -33.000000 -6.014719 -27.763931
v -33.000000 6.014719 -32.236069
v -32.950233 6.064484 -32.190540
v -32.901505 6.113213 -32.143902
v -33.000000 -6.014719 -32.236069
v -32.950233 -6.064484 -32.190540
v -32.815990 6.198728 -32.056721
v -32.901505 -6.113213 -32.143902
v -32.734093 6.280624 -31.966131
v -32.815990 -6.198728 -32.056721
v -32.664448 6.350273 -31.882868
v -32.734093 -6.280624 -31.966131
v -32.614212 6.400506 -31.818794
v -32.664448 -6.350273 -31.882868
v -32.565735 6.448984 -31.753384
v -32.614212 -6.400506 -31.818794
v -32.519051 6.495668 -31.686680
v -32.565735 -6.448984 -31.753384
v -32.474194 6.540525 -31.618734
v -32.519051 -6.495668 -31.686680
v -32.431198 6.583521 -31.549597
v -32.474194 -6.540525 -31.618734
v -32.390091 6.624626 -31.479319
v -32.431198 -6.583521 -31.549597
v -32.350910 6.663808 -31.407949
v -32.390091 -6.624626 -31.479319
v -32.313679 6.701040 -31.335545
v -32.350910 -6.663808 -31.407949
v -32.278427 6.736292 -31.262156
v -32.313679 -6.701040 -31.335545
v -32.245178 6.769541 -31.187836
v -32.278427 -6.736292 -31.262156
v -32.213959 6.800760 -31.112642
v -32.245178 -6.769541 -31.187836
v -32.184792 6.829927 -31.036629
v -32.213959 -6.800760 -31.112642
v -32.157700 6.857021 -30.959852
v -32.184792 -6.829927 -31.036629
v -32.132698 6.882021 -30.882370
v -32.157700 -6.857021 -30.959852
v -32.109810 6.904910 -30.804235
v -32.132698 -6.882021 -30.882370
v -32.089050 6.925670 -30.725510
v -32.109810 -6.904910 -30.804235
v -32.070435 6.944285 -30.646250
v -32.089050 -6.925670 -30.725510
v -32.053974 6.960743 -30.566513
v -32.070435 -6.944285 -30.646250
v -32.039688 6.975032 -30.486361
v -32.053974 -6.960743 -30.566513
v -32.027580 6.987140 -30.405849
v -32.039688 -6.975032 -30.486361
v -32.017662 6.997058 -30.325039
v -32.027580 -6.987140 -30.405849
v -32.009937 7.004780 -30.243988
v -32.017662 -6.997058 -30.325039
v -32.004417 7.010300 -30.162760
v -32.009937 -7.004780 -30.243988
v -32.001106 7.013614 -30.081409
v -32.004417 -7.010300 -30.162760
v -32.001106 -7.013614 -30.081409
v -24.514719 14.500000 -84.500000
v -33.000000 6.014719 -84.500000
v -24.514719 14.500000 84.500000
v -33.000000 6.014719 84.500000
v -33.000000 -6.014719 84.500000
v -24.514719 -14.500000 -84.500000
v -33.000000 -6.014719 -84.500000
v -24.514719 -14.500000 84.500000
v -24.000000 14.500000 51.000000
v 24.000000 14.500000 51.000000
v 24.000000 14.500000 15.000000
v -24.000000 14.500000 15.000000
v 33.000000 6.014719 -27.763931
v 32.945927 6.068792 -27.813499
v 33.000000 -6.014719 -27.763931
v 32.893082 6.121637 -27.864374
v 32.825386 6.189332 -27.933346
v 32.945927 -6.068792 -27.813499
v 32.759949 6.254770 -28.004463
v 32.893082 -6.121637 -27.864374
v 32.825386 -6.189332 -27.933346
v 32.696835 6.317884 -28.077650
v 32.759949 -6.254770 -28.004463
v 32.636112 6.378607 -28.152832
v 32.696835 -6.317884 -28.077650
v 32.577843 6.436878 -28.229931
v 32.636112 -6.378607 -28.152832
v 32.522083 6.492634 -28.308867
v 32.577843 -6.436878 -28.229931
v 32.468899 6.545820 -28.389557
v 32.522083 -6.492634 -28.308867
v 32.418339 6.596379 -28.471918
v 32.468899 -6.545820 -28.389557
v 32.370461 6.644258 -28.555866
v 32.418339 -6.596379 -28.471918
v 32.325310 6.689409 -28.641314
v 32.370461 -6.644258 -28.555866
v 32.282936 6.731784 -28.728168
v 32.325310 -6.689409 -28.641314
v 32.243378 6.771340 -28.816345
v 32.282936 -6.731784 -28.728168
v 32.206684 6.808035 -28.905750
v 32.243378 -6.771340 -28.816345
v 32.172886 6.841831 -28.996290
v 32.206684 -6.808035 -28.905750
v 32.142025 6.872694 -29.087872
v 32.114128 6.900590 -29.180399
v 32.172886 -6.841831 -28.996290
v 32.089226 6.925492 -29.273777
v 32.142025 -6.872694 -29.087872
v 32.067345 6.947373 -29.367910
v 32.114128 -6.900590 -29.180399
v 32.048508 6.966211 -29.462698
v 32.089226 -6.925492 -29.273777
v 32.032734 6.981986 -29.558044
v 32.067345 -6.947373 -29.367910
v 32.020039 6.994681 -29.653849
v 32.048508 -6.966211 -29.462698
v 32.010433 7.004285 -29.750011
v 32.032734 -6.981986 -29.558044
v 32.003933 7.010786 -29.846436
v 32.020039 -6.994681 -29.653849
v 32.010433 -7.004285 -29.750011
v 32.000542 7.014177 -29.943018
v 32.003933 -7.010786 -29.846436
v 32.000263 7.014456 -30.039660
v 32.000542 -7.014177 -29.943018
v 32.003098 7.011622 -30.136259
v 32.000263 -7.014456 -30.039660
v 32.009041 7.005679 -30.232719
v 32.003098 -7.011622 -30.136259
v 32.018089 6.996631 -30.328936
v 32.009041 -7.005679 -30.232719
v 32.030231 6.984488 -30.424812
v 32.018089 -6.996631 -30.328936
v 32.045452 6.969265 -30.520248
v 32.030231 -6.984488 -30.424812
v 32.063744 6.950974 -30.615143
v 32.045452 -6.969265 -30.520248
v 32.085083 6.929637 -30.709400
v 32.063744 -6.950974 -30.615143
v 32.109444 6.905275 -30.802921
v 32.085083 -6.929637 -30.709400
v 32.136806 6.877913 -30.895609
v 32.109444 -6.905275 -30.802921
v 32.167137 6.847580 -30.987368
v 32.136806 -6.877913 -30.895609
v 32.204288 6.810431 -31.088116
v 32.167137 -6.847580 -30.987368
v 32.249763 6.764955 -31.198416
v 32.204288 -6.810431 -31.088116
v 32.299591 6.715129 -31.306822
v 32.249763 -6.764955 -31.198416
v 32.353687 6.661032 -31.413162
v 32.299591 -6.715129 -31.306822
v 32.411968 6.602750 -31.517265
v 32.353687 -6.661032 -31.413162
v 32.474346 6.540374 -31.618971
v 32.411968 -6.602750 -31.517265
v 32.540714 6.474004 -31.718115
v 32.474346 -6.540374 -31.618971
v 32.610973 6.403744 -31.814541
v 32.540714 -6.474004 -31.718115
v 32.693466 6.321251 -31.918308
v 32.610973 -6.403744 -31.814541
v 32.790401 6.224318 -32.029205
v 32.693466 -6.321251 -31.918308
v 32.892662 6.122058 -32.135208
v 32.790401 -6.224318 -32.029205
v 32.892662 -6.122058 -32.135208
v 33.000000 6.014719 -32.236069
v 33.000000 -6.014719 -32.236069
v 33.000000 6.014719 -12.763932
v 32.945927 6.068792 -12.813499
v 33.000000 -6.014719 -12.763932
v 32.893082 6.121637 -12.864375
v 32.825386 6.189332 -12.933347
v 32.945927 -6.068792 -12.813499
v 32.759949 6.254770 -13.004463
v 32.893082 -6.121637 -12.864375
v 32.825386 -6.189332 -12.933347
v 32.696835 6.317884 -13.077650
v 32.759949 -6.254770 -13.004463
v 32.636112 6.378607 -13.152832
v 32.696835 -6.317884 -13.077650
v 32.577843 6.436878 -13.229931
v 32.636112 -6.378607 -13.152832
v 32.522083 6.492634 -13.308867
v 32.577843 -6.436878 -13.229931
v 32.468899 6.545820 -13.389557
v 32.522083 -6.492634 -13.308867
v 32.418339 6.596379 -13.471919
v 32.468899 -6.545820 -13.389557
v 32.370461 6.644258 -13.555866
v 32.418339 -6.596379 -13.471919
v 32.325310 6.689409 -13.641313
v 32.370461 -6.644258 -13.555866
v 32.282936 6.731784 -13.728169
v 32.325310 -6.689409 -13.641313
v 32.243378 6.771340 -13.816345
v 32.282936 -6.731784 -13.728169
v 32.206684 6.808035 -13.905749
v 32.243378 -6.771340 -13.816345
v 32.172886 6.841831 -13.996289
v 32.206684 -6.808035 -13.905749
v 32.142025 6.872694 -14.087872
v 32.114128 6.900590 -14.180399
v 32.172886 -6.841831 -13.996289
v 32.089226 6.925492 -14.273778
v 32.142025 -6.872694 -14.087872
v 32.067345 6.947373 -14.367910
v 32.114128 -6.900590 -14.180399
v 32.048508 6.966211 -14.462698
v 32.089226 -6.925492 -14.273778
v 32.032734 6.981986 -14.558044
v 32.067345 -6.947373 -14.367910
v 32.020039 6.994681 -14.653849
v 32.048508 -6.966211 -14.462698
v 32.010433 7.004285 -14.750012
v 32.032734 -6.981986 -14.558044
v 32.003933 7.010786 -14.846436
v 32.020039 -6.994681 -14.653849
v 32.010433 -7.004285 -14.750012
v 32.000542 7.014177 -14.943018
v 32.003933 -7.010786 -14.846436
v 32.000263 7.014456 -15.039660
v 32.000542 -7.014177 -14.943018
v 32.003098 7.011622 -15.136260
v 32.000263 -7.014456 -15.039660
v 32.009041 7.005679 -15.232718
v 32.003098 -7.011622 -15.136260
v 32.018089 6.996631 -15.328937
v 32.009041 -7.005679 -15.232718
v 32.030231 6.984488 -15.424812
v 32.018089 -6.996631 -15.328937
v 32.045452 6.969265 -15.520247
v 32.030231 -6.984488 -15.424812
v 32.063744 6.950974 -15.615143
v 32.045452 -6.969265 -15.520247
v 32.085083 6.929637 -15.709400
v 32.063744 -6.950974 -15.615143
v 32.109444 6.905275 -15.802921
v 32.085083 -6.929637 -15.709400
v 32.136806 6.877913 -15.895609
v 32.109444 -6.905275 -15.802921
v 32.167137 6.847580 -15.987368
v 32.136806 -6.877913 -15.895609
v 32.204288 6.810431 -16.088116
v 32.167137 -6.847580 -15.987368
v 32.249763 6.764955 -16.198416
v 32.204288 -6.810431 -16.088116
v 32.299591 6.715129 -16.306822
v 32.249763 -6.764955 -16.198416
v 32.353687 6.661032 -16.413162
v 32.299591 -6.715129 -16.306822
v 32.411968 6.602750 -16.517265
v 32.353687 -6.661032 -16.413162
v 32.474346 6.540374 -16.618971
v 32.411968 -6.602750 -16.517265
v 32.540714 6.474004 -16.718115
v 32.474346 -6.540374 -16.618971
v 32.610973 6.403744 -16.814541
v 32.540714 -6.474004 -16.718115
v 32.693466 6.321251 -16.918308
v 32.610973 -6.403744 -16.814541
v 32.790401 6.224318 -17.029205
v 32.693466 -6.321251 -16.918308
v 32.892662 6.122058 -17.135210
v 32.790401 -6.224318 -17.029205
v 32.892662 -6.122058 -17.135210
v 33.000000 6.014719 -17.236069
v 33.000000 -6.014719 -17.236069
v 33.000000 6.014719 2.236068
v 32.945927 6.068792 2.186500
v 33.000000 -6.014719 2.236068
v 32.893082 6.121637 2.135625
v 32.825386 6.189332 2.066653
v 32.945927 -6.068792 2.186500
v 32.759949 6.254770 1.995537
v 32.893082 -6.121637 2.135625
v 32.825386 -6.189332 2.066653
v 32.696835 6.317884 1.922350
v 32.759949 -6.254770 1.995537
v 32.636112 6.378607 1.847168
v 32.696835 -6.317884 1.922350
v 32.577843 6.436878 1.770069
v 32.636112 -6.378607 1.847168
v 32.522083 6.492634 1.691134
v 32.577843 -6.436878 1.770069
v 32.468899 6.545820 1.610443
v 32.522083 -6.492634 1.691134
v 32.418339 6.596379 1.528081
v 32.468899 -6.545820 1.610443
v 32.370461 6.644258 1.444133
v 32.418339 -6.596379 1.528081
v 32.325310 6.689409 1.358687
v 32.370461 -6.644258 1.444133
v 32.282936 6.731784 1.271831
v 32.325310 -6.689409 1.358687
v 32.243378 6.771340 1.183655
v 32.282936 -6.731784 1.271831
v 32.206684 6.808035 1.094250
v 32.243378 -6.771340 1.183655
v 32.172886 6.841831 1.003710
v 32.206684 -6.808035 1.094250
v 32.142025 6.872694 0.912129
v 32.114128 6.900590 0.819601
v 32.172886 -6.841831 1.003710
v 32.089226 6.925492 0.726222
v 32.142025 -6.872694 0.912129
v 32.067345 6.947373 0.632090
v 32.114128 -6.900590 0.819601
v 32.048508 6.966211 0.537302
v 32.089226 -6.925492 0.726222
v 32.032734 6.981986 0.441956
v 32.067345 -6.947373 0.632090
v 32.020039 6.994681 0.346151
v 32.048508 -6.966211 0.537302
v 32.010433 7.004285 0.249988
v 32.032734 -6.981986 0.441956
v 32.003933 7.010786 0.153565
v 32.020039 -6.994681 0.346151
v 32.010433 -7.004285 0.249988
v 32.000542 7.014177 0.056982
v 32.003933 -7.010786 0.153565
v 32.000263 7.014456 -0.039659
v 32.000542 -7.014177 0.056982
v 32.003098 7.011622 -0.136260
v 32.000263 -7.014456 -0.039659
v 32.009041 7.005679 -0.232719
v 32.003098 -7.011622 -0.136260
v 32.018089 6.996631 -0.328936
v 32.009041 -7.005679 -0.232719
v 32.030231 6.984488 -0.424813
v 32.018089 -6.996631 -0.328936
v 32.045452 6.969265 -0.520248
v 32.030231 -6.984488 -0.424813
v 32.063744 6.950974 -0.615143
v 32.045452 -6.969265 -0.520248
v 32.085083 6.929637 -0.709400
v 32.063744 -6.950974 -0.615143
v 32.109444 6.905275 -0.802921
v 32.085083 -6.929637 -0.709400
v 32.136806 6.877913 -0.895609
v 32.109444 -6.905275 -0.802921
v 32.167137 6.847580 -0.987367
v 32.136806 -6.877913 -0.895609
v 32.204288 6.810431 -1.088115
v 32.167137 -6.847580 -0.987367
v 32.249763 6.764955 -1.198416
v 32.204288 -6.810431 -1.088115
v 32.299591 6.715129 -1.306823
v 32.249763 -6.764955 -1.198416
v 32.353687 6.661032 -1.413162
v 32.299591 -6.715129 -1.306823
v 32.411968 6.602750 -1.517266
v 32.353687 -6.661032 -1.413162
v 32.474346 6.540374 -1.618970
v 32.411968 -6.602750 -1.517266
v 32.540714 6.474004 -1.718114
v 32.474346 -6.540374 -1.618970
v 32.610973 6.403744 -1.814540
v 32.540714 -6.474004 -1.718114
v 32.693466 6.321251 -1.918308
v 32.610973 -6.403744 -1.814540
v 32.790401 6.224318 -2.029205
v 32.693466 -6.321251 -1.918308
v 32.892662 6.122058 -2.135210
v 32.790401 -6.224318 -2.029205
v 32.892662 -6.122058 -2.135210
v 33.000000 6.014719 -2.236068
v 33.000000 -6.014719 -2.236068
v 33.000000 6.014719 17.236069
v 32.945927 6.068792 17.186501
v 33.000000 -6.014719 17.236069
v 32.893082 6.121637 17.135626
v 32.825386 6.189332 17.066654
v 32.945927 -6.068792 17.186501
v 32.759949 6.254770 16.995537
v 32.893082 -6.121637 17.135626
v 32.825386 -6.189332 17.066654
v 32.696835 6.317884 16.922350
v 32.759949 -6.254770 16.995537
v 32.636112 6.378607 16.847168
v 32.696835 -6.317884 16.922350
v 32.577843 6.436878 16.770069
v 32.636112 -6.378607 16.847168
v 32.522083 6.492634 16.691133
v 32.577843 -6.436878 16.770069
v 32.468899 6.545820 16.610443
v 32.522083 -6.492634 16.691133
v 32.418339 6.596379 16.528082
v 32.468899 -6.545820 16.610443
v 32.370461 6.644258 16.444134
v 32.418339 -6.596379 16.528082
v 32.325310 6.689409 16.358686
v 32.370461 -6.644258 16.444134
v 32.282936 6.731784 16.271832
v 32.325310 -6.689409 16.358686
v 32.243378 6.771340 16.183655
v 32.282936 -6.731784 16.271832
v 32.206684 6.808035 16.094250
v 32.243378 -6.771340 16.183655
v 32.172886 6.841831 16.003710
v 32.206684 -6.808035 16.094250
v 32.142025 6.872694 15.912128
v 32.114128 6.900590 15.819601
v 32.172886 -6.841831 16.003710
v 32.089226 6.925492 15.726222
v 32.142025 -6.872694 15.912128
v 32.067345 6.947373 15.632090
v 32.114128 -6.900590 15.819601
v 32.048508 6.966211 15.537302
v 32.089226 -6.925492 15.726222
v 32.032734 6.981986 15.441956
v 32.067345 -6.947373 15.632090
v 32.020039 6.994681 15.346151
v 32.048508 -6.966211 15.537302
v 32.010433 7.004285 15.249988
v 32.032734 -6.981986 15.441956
v 32.003933 7.010786 15.153564
v 32.020039 -6.994681 15.346151
v 32.010433 -7.004285 15.249988
v 32.000542 7.014177 15.056982
v 32.003933 -7.010786 15.153564
v 32.000263 7.014456 14.960340
v 32.000542 -7.014177 15.056982
v 32.003098 7.011622 14.863740
v 32.000263 -7.014456 14.960340
v 32.009041 7.005679 14.767282
v 32.003098 -7.011622 14.863740
v 32.018089 6.996631 14.671063
v 32.009041 -7.005679 14.767282
v 32.030231 6.984488 14.575188
v 32.018089 -6.996631 14.671063
v 32.045452 6.969265 14.479753
v 32.030231 -6.984488 14.575188
v 32.063744 6.950974 14.384857
v 32.045452 -6.969265 14.479753
v 32.085083 6.929637 14.290600
v 32.063744 -6.950974 14.384857
v 32.109444 6.905275 14.197079
v 32.085083 -6.929637 14.290600
v 32.136806 6.877913 14.104391
v 32.109444 -6.905275 14.197079
v 32.167137 6.847580 14.012632
v 32.136806 -6.877913 14.104391
v 32.204288 6.810431 13.911885
v 32.167137 -6.847580 14.012632
v 32.249763 6.764955 13.801583
v 32.204288 -6.810431 13.911885
v 32.299591 6.715129 13.693177
v 32.249763 -6.764955 13.801583
v 32.353687 6.661032 13.586839
v 32.299591 -6.715129 13.693177
v 32.411968 6.602750 13.482734
v 32.353687 -6.661032 13.586839
v 32.474346 6.540374 13.381030
v 32.411968 -6.602750 13.482734
v 32.540714 6.474004 13.281886
v 32.474346 -6.540374 13.381030
v 32.610973 6.403744 13.185459
v 32.540714 -6.474004 13.281886
v 32.693466 6.321251 13.081692
v 32.610973 -6.403744 13.185459
v 32.790401 6.224318 12.970796
v 32.693466 -6.321251 13.081692
v 32.892662 6.122058 12.864790
v 32.790401 -6.224318 12.970796
v 32.892662 -6.122058 12.864790
v 33.000000 6.014719 12.763932
v 33.000000 -6.014719 12.763932
v 33.000000 6.014719 32.236069
v 32.945927 6.068792 32.186501
v 33.000000 -6.014719 32.236069
v 32.893082 6.121637 32.135624
v 32.825386 6.189332 32.066654
v 32.945927 -6.068792 32.186501
v 32.759949 6.254770 31.995537
v 32.893082 -6.121637 32.135624
v 32.825386 -6.189332 32.066654
v 32.696835 6.317884 31.922350
v 32.759949 -6.254770 31.995537
v 32.636112 6.378607 31.847168
v 32.696835 -6.317884 31.922350
v 32.577843 6.436878 31.770069
v 32.636112 -6.378607 31.847168
v 32.522083 6.492634 31.691133
v 32.577843 -6.436878 31.770069
v 32.468899 6.545820 31.610443
v 32.522083 -6.492634 31.691133
v 32.418339 6.596379 31.528082
v 32.468899 -6.545820 31.610443
v 32.370461 6.644258 31.444134
v 32.418339 -6.596379 31.528082
v 32.325310 6.689409 31.358686
v 32.370461 -6.644258 31.444134
v 32.282936 6.731784 31.271832
v 32.325310 -6.689409 31.358686
v 32.243378 6.771340 31.183655
v 32.282936 -6.731784 31.271832
v 32.206684 6.808035 31.094250
v 32.243378 -6.771340 31.183655
v 32.172886 6.841831 31.003710
v 32.206684 -6.808035 31.094250
v 32.142025 6.872694 30.912128
v 32.114128 6.900590 30.819601
v 32.172886 -6.841831 31.003710
v 32.089226 6.925492 30.726223
v 32.142025 -6.872694 30.912128
v 32.067345 6.947373 30.632090
v 32.114128 -6.900590 30.819601
v 32.048508 6.966211 30.537302
v 32.089226 -6.925492 30.726223
v 32.032734 6.981986 30.441956
v 32.067345 -6.947373 30.632090
v 32.020039 6.994681 30.346151
v 32.048508 -6.966211 30.537302
v 32.010433 7.004285 30.249989
v 32.032734 -6.981986 30.441956
v 32.003933 7.010786 30.153564
v 32.020039 -6.994681 30.346151
v 32.010433 -7.004285 30.249989
v 32.000542 7.014177 30.056982
v 32.003933 -7.010786 30.153564
v 32.000263 7.014456 29.960340
v 32.000542 -7.014177 30.056982
v 32.003098 7.011622 29.863741
v 32.000263 -7.014456 29.960340
v 32.009041 7.005679 29.767281
v 32.003098 -7.011622 29.863741
v 32.018089 6.996631 29.671064
v 32.009041 -7.005679 29.767281
v 32.030231 6.984488 29.575188
v 32.018089 -6.996631 29.671064
v 32.045452 6.969265 29.479752
v 32.030231 -6.984488 29.575188
v 32.063744 6.950974 29.384857
v 32.045452 -6.969265 29.479752
v 32.085083 6.929637 29.290600
v 32.063744 -6.950974 29.384857
v 32.109444 6.905275 29.197079
v 32.085083 -6.929637 29.290600
v 32.136806 6.877913 29.104391
v 32.109444 -6.905275 29.197079
v 32.167137 6.847580 29.012632
v 32.136806 -6.877913 29.104391
v 32.204288 6.810431 28.911884
v 32.167137 -6.847580 29.012632
v 32.249763 6.764955 28.801584
v 32.204288 -6.810431 28.911884
v 32.299591 6.715129 28.693178
v 32.249763 -6.764955 28.801584
v 32.353687 6.661032 28.586838
v 32.299591 -6.715129 28.693178
v 32.411968 6.602750 28.482735
v 32.353687 -6.661032 28.586838
v 32.474346 6.540374 28.381029
v 32.411968 -6.602750 28.482735
v 32.540714 6.474004 28.281885
v 32.474346 -6.540374 28.381029
v 32.610973 6.403744 28.185459
v 32.540714 -6.474004 28.281885
v 32.693466 6.321251 28.081692
v 32.610973 -6.403744 28.185459
v 32.790401 6.224318 27.970795
v 32.693466 -6.321251 28.081692
v 32.892662 6.122058 27.864790
v 32.790401 -6.224318 27.970795
v 32.892662 -6.122058 27.864790
v 33.000000 6.014719 27.763931
v 33.000000 -6.014719 27.763931
v 24.514719 14.500000 -84.500000
v 24.514719 14.500000 84.500000
v 24.514719 -14.500000 84.500000
v 33.000000 6.014719 84.500000
v 33.000000 -6.014719 84.500000
v 33.000000 6.014719 -84.500000
v 24.514719 -14.500000 -84.500000
v 33.000000 -6.014719 -84.500000
v 13.982597 15.500000 -24.302158
v 14.000000 15.500000 -25.000000
v 14.000000 17.500000 -25.000000
v 13.982597 17.500000 -24.302158
v 13.930430 15.500000 -23.606050
v 13.930430 17.500000 -23.606050
v 13.843632 15.500000 -22.913408
v 13.843632 17.500000 -22.913408
v 13.722415 15.500000 -22.225954
v 13.722415 17.500000 -22.225954
v 13.567082 15.500000 -21.545397
v 13.567082 17.500000 -21.545397
v 13.378019 15.500000 -20.873428
v 13.378019 17.500000 -20.873428
v 13.155697 17.500000 -20.211718
v 13.155697 15.500000 -20.211718
v 12.900667 15.500000 -19.561913
v 12.900667 17.500000 -19.561913
v 12.613564 15.500000 -18.925627
v 12.613564 17.500000 -18.925627
v 12.295102 15.500000 -18.304443
v 12.295102 17.500000 -18.304443
v 11.946073 15.500000 -17.699907
v 11.946073 17.500000 -17.699907
v 11.567343 15.500000 -17.113520
v 11.567343 17.500000 -17.113520
v 11.159855 15.500000 -16.546738
v 11.159855 17.500000 -16.546738
v 10.724622 15.500000 -16.000973
v 10.724622 17.500000 -16.000973
v 10.262726 15.500000 -15.477582
v 10.262726 17.500000 -15.477582
v 9.775315 15.500000 -14.977864
v 9.775315 17.500000 -14.977864
v 9.263601 15.500000 -14.503063
v 9.263601 17.500000 -14.503063
v 8.728857 15.500000 -14.054359
v 8.728857 17.500000 -14.054359
v 8.172411 15.500000 -13.632868
v 8.172411 17.500000 -13.632868
v 7.595648 17.500000 -13.239637
v 7.595648 15.500000 -13.239637
v 7.000000 17.500000 -12.875645
v 7.000000 15.500000 -12.875645
v 6.386949 15.500000 -12.541795
v 6.386949 17.500000 -12.541795
v 5.758019 15.500000 -12.238918
v 5.758019 17.500000 -12.238918
v 5.114774 15.500000 -11.967768
v 5.114774 17.500000 -11.967768
v 4.458813 15.500000 -11.729017
v 4.458813 17.500000 -11.729017
v 3.791767 15.500000 -11.523260
v 3.791767 17.500000 -11.523260
v 3.115293 15.500000 -11.351009
v 3.115293 17.500000 -11.351009
v 2.431074 15.500000 -11.212691
v 2.431074 17.500000 -11.212691
v 1.740812 15.500000 -11.108651
v 1.740812 17.500000 -11.108651
v 1.046221 15.500000 -11.039146
v 1.046221 17.500000 -11.039146
v 0.349030 15.500000 -11.004352
v 0.349030 17.500000 -11.004352
v -0.349030 15.500000 -11.004352
v -0.349030 17.500000 -11.004352
v -1.046221 17.500000 -11.039146
v -1.046221 15.500000 -11.039146
v -1.740812 15.500000 -11.108651
v -1.740812 17.500000 -11.108651
v -2.431074 15.500000 -11.212691
v -2.431074 17.500000 -11.212691
v -3.115293 15.500000 -11.351009
v -3.115293 17.500000 -11.351009
v -3.791767 15.500000 -11.523260
v -3.791767 17.500000 -11.523260
v -4.458813 15.500000 -11.729017
v -4.458813 17.500000 -11.729017
v -5.114774 15.500000 -11.967768
v -5.114774 17.500000 -11.967768
v -5.758019 15.500000 -12.238918
v -5.758019 17.500000 -12.238918
v -6.386949 15.500000 -12.541795
v -6.386949 17.500000 -12.541795
v -7.000000 17.500000 -12.875645
v -7.000000 15.500000 -12.875645
v -7.595648 15.500000 -13.239637
v -7.595648 17.500000 -13.239637
v -8.172411 15.500000 -13.632868
v -8.172411 17.500000 -13.632868
v -8.728857 15.500000 -14.054359
v -8.728857 17.500000 -14.054359
v -9.263601 15.500000 -14.503063
v -9.263601 17.500000 -14.503063
v -9.775315 15.500000 -14.977864
v -9.775315 17.500000 -14.977864
v -10.262726 15.500000 -15.477582
v -10.262726 17.500000 -15.477582
v -10.724622 15.500000 -16.000973
v -10.724622 17.500000 -16.000973
v -11.159855 15.500000 -16.546738
v -11.159855 17.500000 -16.546738
v -11.567343 15.500000 -17.113520
v -11.567343 17.500000 -17.113520
v -11.946073 15.500000 -17.699907
v -11.946073 17.500000 -17.699907
v -12.295102 15.500000 -18.304443
v -12.295102 17.500000 -18.304443
v -12.613564 15.500000 -18.925627
v -12.613564 17.500000 -18.925627
v -12.900667 15.500000 -19.561913
v -12.900667 17.500000 -19.561913
v -13.155697 15.500000 -20.211718
v -13.155697 17.500000 -20.211718
v -13.378019 15.500000 -20.873428
v -13.378019 17.500000 -20.873428
v -13.567082 15.500000 -21.545397
v -13.567082 17.500000 -21.545397
v -13.722415 15.500000 -22.225954
v -13.722415 17.500000 -22.225954
v -13.843632 15.500000 -22.913408
v -13.843632 17.500000 -22.913408
v -13.930430 15.500000 -23.606050
v -13.930430 17.500000 -23.606050
v -13.982597 15.500000 -24.302158
v -13.982597 17.500000 -24.302158
v -14.000000 15.500000 -25.000000
v -14.000000 17.500000 -25.000000
v -13.982597 15.500000 -25.697842
v -13.982597 17.500000 -25.697842
v -13.930430 15.500000 -26.393950
v -13.930430 17.500000 -26.393950
v -13.843632 15.500000 -27.086592
v -13.843632 17.500000 -27.086592
v -13.722415 15.500000 -27.774046
v -13.722415 17.500000 -27.774046
v -13.567082 15.500000 -28.454603
v -13.567082 17.500000 -28.454603
v -13.378019 15.500000 -29.126572
v -13.378019 17.500000 -29.126572
v -13.155697 15.500000 -29.788282
v -13.155697 17.500000 -29.788282
v -12.900667 15.500000 -30.438087
v -12.900667 17.500000 -30.438087
v -12.613564 15.500000 -31.074373
v -12.613564 17.500000 -31.074373
v -12.295102 15.500000 -31.695557
v -12.295102 17.500000 -31.695557
v -11.946073 17.500000 -32.300095
v -11.946073 15.500000 -32.300095
v -11.567343 15.500000 -32.886482
v -11.567343 17.500000 -32.886482
v -11.159855 15.500000 -33.453262
v -11.159855 17.500000 -33.453262
v -10.724622 15.500000 -33.999027
v -10.724622 17.500000 -33.999027
v -10.262726 15.500000 -34.522419
v -10.262726 17.500000 -34.522419
v -9.775315 15.500000 -35.022137
v -9.775315 17.500000 -35.022137
v -9.263601 15.500000 -35.496937
v -9.263601 17.500000 -35.496937
v -8.728857 15.500000 -35.945641
v -8.728857 17.500000 -35.945641
v -8.172411 15.500000 -36.367130
v -8.172411 17.500000 -36.367130
v -7.595648 15.500000 -36.760365
v -7.595648 17.500000 -36.760365
v -7.000000 15.500000 -37.124355
v -7.000000 17.500000 -37.124355
v -6.386949 15.500000 -37.458206
v -6.386949 17.500000 -37.458206
v -5.758019 15.500000 -37.761082
v -5.758019 17.500000 -37.761082
v -5.114774 15.500000 -38.032234
v -5.114774 17.500000 -38.032234
v -4.458813 15.500000 -38.270985
v -4.458813 17.500000 -38.270985
v -3.791767 15.500000 -38.476738
v -3.791767 17.500000 -38.476738
v -3.115293 15.500000 -38.648991
v -3.115293 17.500000 -38.648991
v -2.431074 15.500000 -38.787308
v -2.431074 17.500000 -38.787308
v -1.740812 15.500000 -38.891350
v -1.740812 17.500000 -38.891350
v -1.046221 15.500000 -38.960854
v -1.046221 17.500000 -38.960854
v -0.349030 15.500000 -38.995647
v -0.349030 17.500000 -38.995647
v 0.349030 15.500000 -38.995647
v 0.349030 17.500000 -38.995647
v 1.046221 15.500000 -38.960854
v 1.046221 17.500000 -38.960854
v 1.740812 15.500000 -38.891350
v 1.740812 17.500000 -38.891350
v 2.431074 15.500000 -38.787308
v 2.431074 17.500000 -38.787308
v 3.115293 15.500000 -38.648991
v 3.115293 17.500000 -38.648991
v 3.791767 15.500000 -38.476738
v 3.791767 17.500000 -38.476738
v 4.458813 15.500000 -38.270985
v 4.458813 17.500000 -38.270985
v 5.114774 15.500000 -38.032234
v 5.114774 17.500000 -38.032234
v 5.758019 15.500000 -37.761082
v 5.758019 17.500000 -37.761082
v 6.386949 15.500000 -37.458206
v 6.386949 17.500000 -37.458206
v 7.000000 15.500000 -37.124355
v 7.000000 17.500000 -37.124355
v 7.595648 15.500000 -36.760365
v 7.595648 17.500000 -36.760365
v 8.172411 15.500000 -36.367130
v 8.172411 17.500000 -36.367130
v 8.728857 15.500000 -35.945641
v 8.728857 17.500000 -35.945641
v 9.263601 15.500000 -35.496937
v 9.263601 17.500000 -35.496937
v 9.775315 15.500000 -35.022137
v 9.775315 17.500000 -35.022137
v 10.262726 15.500000 -34.522419
v 10.262726 17.500000 -34.522419
v 10.724622 15.500000 -33.999027
v 10.724622 17.500000 -33.999027
v 11.159855 15.500000 -33.453262
v 11.159855 17.500000 -33.453262
v 11.567343 15.500000 -32.886482
v 11.567343 17.500000 -32.886482
v 11.946073 15.500000 -32.300095
v 11.946073 17.500000 -32.300095
v 12.295102 15.500000 -31.695557
v 12.295102 17.500000 -31.695557
v 12.613564 15.500000 -31.074373
v 12.613564 17.500000 -31.074373
v 12.900667 15.500000 -30.438087
v 12.900667 17.500000 -30.438087
v 13.155697 15.500000 -29.788282
v 13.155697 17.500000 -29.788282
v 13.378019 15.500000 -29.126572
v 13.378019 17.500000 -29.126572
v 13.567082 15.500000 -28.454603
v 13.567082 17.500000 -28.454603
v 13.722415 15.500000 -27.774046
v 13.722415 17.500000 -27.774046
v 13.843632 15.500000 -27.086592
v 13.843632 17.500000 -27.086592
v 13.930430 15.500000 -26.393950
v 13.930430 17.500000 -26.393950
v 13.982597 15.500000 -25.697842
v 13.982597 17.500000 -25.697842
v 4.993784 15.000000 -24.750771
v 5.000000 15.000000 -25.000000
v 5.000000 17.500000 -25.000000
v 4.993784 17.500000 -24.750771
v 4.975154 15.000000 -24.502161
v 4.975154 17.500000 -24.502161
v 4.944154 15.000000 -24.254789
v 4.944154 17.500000 -24.254789
v 4.900862 15.000000 -24.009270
v 4.900862 17.500000 -24.009270
v 4.845387 15.000000 -23.766212
v 4.845387 17.500000 -23.766212
v 4.777864 15.000000 -23.526224
v 4.777864 17.500000 -23.526224
v 4.698463 15.000000 -23.289900
v 4.698463 17.500000 -23.289900
v 4.607381 17.500000 -23.057825
v 4.607381 15.000000 -23.057825
v 4.504844 15.000000 -22.830582
v 4.504844 17.500000 -22.830582
v 4.391108 15.000000 -22.608730
v 4.391108 17.500000 -22.608730
v 4.266454 15.000000 -22.392824
v 4.266454 17.500000 -22.392824
v 4.131194 17.500000 -22.183399
v 4.131194 15.000000 -22.183399
v 3.985662 15.000000 -21.980978
v 3.985662 17.500000 -21.980978
v 3.830222 15.000000 -21.786062
v 3.830222 17.500000 -21.786062
v 3.665259 15.000000 -21.599136
v 3.665259 17.500000 -21.599136
v 3.491184 17.500000 -21.420666
v 3.491184 15.000000 -21.420666
v 3.308429 15.000000 -21.251095
v 3.308429 17.500000 -21.251095
v 3.117449 15.000000 -21.090843
v 3.117449 17.500000 -21.090843
v 2.918718 17.500000 -20.940310
v 2.918718 15.000000 -20.940310
v 2.712731 15.000000 -20.799870
v 2.712731 17.500000 -20.799870
v 2.500000 15.000000 -20.669872
v 2.500000 17.500000 -20.669872
v 2.281053 15.000000 -20.550640
v 2.281053 17.500000 -20.550640
v 2.056436 15.000000 -20.442471
v 2.056436 17.500000 -20.442471
v 1.826705 15.000000 -20.345631
v 1.826705 17.500000 -20.345631
v 1.592433 15.000000 -20.260363
v 1.592433 17.500000 -20.260363
v 1.354202 15.000000 -20.186878
v 1.354202 17.500000 -20.186878
v 1.112605 15.000000 -20.125360
v 1.112605 17.500000 -20.125360
v 0.868241 15.000000 -20.075962
v 0.868241 17.500000 -20.075962
v 0.621719 17.500000 -20.038803
v 0.621719 15.000000 -20.038803
v 0.373650 15.000000 -20.013981
v 0.373650 17.500000 -20.013981
v 0.124653 15.000000 -20.001554
v 0.124653 17.500000 -20.001554
v -0.124653 15.000000 -20.001554
v -0.124653 17.500000 -20.001554
v -0.373650 15.000000 -20.013981
v -0.373650 17.500000 -20.013981
v -0.621719 15.000000 -20.038803
v -0.621719 17.500000 -20.038803
v -0.868241 15.000000 -20.075962
v -0.868241 17.500000 -20.075962
v -1.112605 15.000000 -20.125360
v -1.112605 17.500000 -20.125360
v -1.354202 15.000000 -20.186878
v -1.354202 17.500000 -20.186878
v -1.592433 17.500000 -20.260363
v -1.592433 15.000000 -20.260363
v -1.826705 17.500000 -20.345631
v -1.826705 15.000000 -20.345631
v -2.056436 15.000000 -20.442471
v -2.056436 17.500000 -20.442471
v -2.281053 15.000000 -20.550640
v -2.281053 17.500000 -20.550640
v -2.500000 15.000000 -20.669872
v -2.500000 17.500000 -20.669872
v -2.712731 15.000000 -20.799870
v -2.712731 17.500000 -20.799870
v -2.918718 15.000000 -20.940310
v -2.918718 17.500000 -20.940310
v -3.117449 15.000000 -21.090843
v -3.117449 17.500000 -21.090843
v -3.308429 15.000000 -21.251095
v -3.308429 17.500000 -21.251095
v -3.491184 17.500000 -21.420666
v -3.491184 15.000000 -21.420666
v -3.665259 15.000000 -21.599136
v -3.665259 17.500000 -21.599136
v -3.830222 15.000000 -21.786062
v -3.830222 17.500000 -21.786062
v -3.985662 15.000000 -21.980978
v -3.985662 17.500000 -21.980978
v -4.131194 17.500000 -22.183399
v -4.131194 15.000000 -22.183399
v -4.266454 15.000000 -22.392824
v -4.266454 17.500000 -22.392824
v -4.391108 17.500000 -22.608730
v -4.391108 15.000000 -22.608730
v -4.504844 15.000000 -22.830582
v -4.504844 17.500000 -22.830582
v -4.607381 17.500000 -23.057825
v -4.607381 15.000000 -23.057825
v -4.698463 15.000000 -23.289900
v -4.698463 17.500000 -23.289900
v -4.777864 15.000000 -23.526224
v -4.777864 17.500000 -23.526224
v -4.845387 17.500000 -23.766212
v -4.845387 15.000000 -23.766212
v -4.900862 15.000000 -24.009270
v -4.900862 17.500000 -24.009270
v -4.944154 15.000000 -24.254789
v -4.944154 17.500000 -24.254789
v -4.975154 15.000000 -24.502161
v -4.975154 17.500000 -24.502161
v -4.993784 15.000000 -24.750771
v -4.993784 17.500000 -24.750771
v -5.000000 17.500000 -25.000000
v -5.000000 15.000000 -25.000000
v -4.993784 17.500000 -25.249229
v -4.993784 15.000000 -25.249229
v -4.975154 15.000000 -25.497839
v -4.975154 17.500000 -25.497839
v -4.944154 17.500000 -25.745211
v -4.944154 15.000000 -25.745211
v -4.900862 17.500000 -25.990730
v -4.900862 15.000000 -25.990730
v -4.845387 17.500000 -26.233788
v -4.845387 15.000000 -26.233788
v -4.777864 15.000000 -26.473776
v -4.777864 17.500000 -26.473776
v -4.698463 17.500000 -26.710100
v -4.698463 15.000000 -26.710100
v -4.607381 15.000000 -26.942175
v -4.607381 17.500000 -26.942175
v -4.504844 15.000000 -27.169418
v -4.504844 17.500000 -27.169418
v -4.391108 17.500000 -27.391270
v -4.391108 15.000000 -27.391270
v -4.266454 15.000000 -27.607176
v -4.266454 17.500000 -27.607176
v -4.131194 15.000000 -27.816601
v -4.131194 17.500000 -27.816601
v -3.985662 15.000000 -28.019022
v -3.985662 17.500000 -28.019022
v -3.830222 17.500000 -28.213938
v -3.830222 15.000000 -28.213938
v -3.665259 15.000000 -28.400864
v -3.665259 17.500000 -28.400864
v -3.491184 15.000000 -28.579334
v -3.491184 17.500000 -28.579334
v -3.308429 17.500000 -28.748905
v -3.308429 15.000000 -28.748905
v -3.117449 15.000000 -28.909157
v -3.117449 17.500000 -28.909157
v -2.918718 15.000000 -29.059690
v -2.918718 17.500000 -29.059690
v -2.712731 15.000000 -29.200130
v -2.712731 17.500000 -29.200130
v -2.500000 17.500000 -29.330128
v -2.500000 15.000000 -29.330128
v -2.281053 15.000000 -29.449360
v -2.281053 17.500000 -29.449360
v -2.056436 15.000000 -29.557529
v -2.056436 17.500000 -29.557529
v -1.826705 15.000000 -29.654369
v -1.826705 17.500000 -29.654369
v -1.592433 15.000000 -29.739637
v -1.592433 17.500000 -29.739637
v -1.354202 15.000000 -29.813122
v -1.354202 17.500000 -29.813122
v -1.112605 15.000000 -29.874640
v -1.112605 17.500000 -29.874640
v -0.868241 15.000000 -29.924038
v -0.868241 17.500000 -29.924038
v -0.621719 17.500000 -29.961197
v -0.621719 15.000000 -29.961197
v -0.373650 15.000000 -29.986019
v -0.373650 17.500000 -29.986019
v -0.124653 15.000000 -29.998446
v -0.124653 17.500000 -29.998446
v 0.124653 15.000000 -29.998446
v 0.124653 17.500000 -29.998446
v 0.373650 15.000000 -29.986019
v 0.373650 17.500000 -29.986019
v 0.621719 15.000000 -29.961197
v 0.621719 17.500000 -29.961197
v 0.868241 15.000000 -29.924038
v 0.868241 17.500000 -29.924038
v 1.112605 15.000000 -29.874640
v 1.112605 17.500000 -29.874640
v 1.354202 15.000000 -29.813122
v 1.354202 17.500000 -29.813122
v 1.592433 15.000000 -29.739637
v 1.592433 17.500000 -29.739637
v 1.826705 15.000000 -29.654369
v 1.826705 17.500000 -29.654369
v 2.056436 15.000000 -29.557529
v 2.056436 17.500000 -29.557529
v 2.281053 15.000000 -29.449360
v 2.281053 17.500000 -29.449360
v 2.500000 17.500000 -29.330128
v 2.500000 15.000000 -29.330128
v 2.712731 15.000000 -29.200130
v 2.712731 17.500000 -29.200130
v 2.918718 15.000000 -29.059690
v 2.918718 17.500000 -29.059690
v 3.117449 15.000000 -28.909157
v 3.117449 17.500000 -28.909157
v 3.308429 15.000000 -28.748905
v 3.308429 17.500000 -28.748905
v 3.491184 15.000000 -28.579334
v 3.491184 17.500000 -28.579334
v 3.665259 15.000000 -28.400864
v 3.665259 17.500000 -28.400864
v 3.830222 15.000000 -28.213938
v 3.830222 17.500000 -28.213938
v 3.985662 15.000000 -28.019022
v 3.985662 17.500000 -28.019022
v 4.131194 15.000000 -27.816601
v 4.131194 17.500000 -27.816601
v 4.266454 15.000000 -27.607176
v 4.266454 17.500000 -27.607176
v 4.391108 15.000000 -27.391270
v 4.391108 17.500000 -27.391270
v 4.504844 15.000000 -27.169418
v 4.504844 17.500000 -27.169418
v 4.607381 15.000000 -26.942175
v 4.607381 17.500000 -26.942175
v 4.698463 15.000000 -26.710100
v 4.698463 17.500000 -26.710100
v 4.777864 17.500000 -26.473776
v 4.777864 15.000000 -26.473776
v 4.845387 15.000000 -26.233788
v 4.845387 17.500000 -26.233788
v 4.900862 15.000000 -25.990730
v 4.900862 17.500000 -25.990730
v 4.944154 15.000000 -25.745211
v 4.944154 17.500000 -25.745211
v 4.975154 15.000000 -25.497839
v 4.975154 17.500000 -25.497839
v 4.993784 15.000000 -25.249229
v 4.993784 17.500000 -25.249229
v -15.503108 25.000000 -87.624611
v -15.500000 25.000000 -87.500000
v -15.500000 0.000000 -87.500000
v -15.503108 0.000000 -87.624611
v -15.512424 25.000000 -87.748917
v -15.512424 0.000000 -87.748917
v -15.527923 25.000000 -87.872604
v -15.527923 0.000000 -87.872604
v -15.549569 0.000000 -87.995369
v -15.549569 25.000000 -87.995369
v -15.577307 25.000000 -88.116890
v -15.577307 0.000000 -88.116890
v -15.611068 25.000000 -88.236885
v -15.611068 0.000000 -88.236885
v -15.650768 0.000000 -88.355049
v -15.650768 25.000000 -88.355049
v -15.696309 0.000000 -88.471085
v -15.696309 25.000000 -88.471085
v -15.747578 25.000000 -88.584709
v -15.747578 0.000000 -88.584709
v -15.804446 25.000000 -88.695633
v -15.804446 0.000000 -88.695633
v -15.866773 25.000000 -88.803589
v -15.866773 0.000000 -88.803589
v -15.934403 25.000000 -88.908302
v -15.934403 0.000000 -88.908302
v -16.007168 25.000000 -89.009514
v -16.007168 0.000000 -89.009514
v -16.084888 25.000000 -89.106972
v -16.084888 0.000000 -89.106972
v -16.167370 25.000000 -89.200432
v -16.167370 0.000000 -89.200432
v -16.254408 25.000000 -89.289665
v -16.254408 0.000000 -89.289665
v -16.345785 25.000000 -89.374451
v -16.345785 0.000000 -89.374451
v -16.441275 25.000000 -89.454582
v -16.441275 0.000000 -89.454582
v -16.540640 0.000000 -89.529846
v -16.540640 25.000000 -89.529846
v -16.643635 0.000000 -89.600067
v -16.643635 25.000000 -89.600067
v -16.750000 25.000000 -89.665062
v -16.750000 0.000000 -89.665062
v -16.859474 0.000000 -89.724678
v -16.859474 25.000000 -89.724678
v -16.971783 25.000000 -89.778763
v -16.971783 0.000000 -89.778763
v -17.086647 25.000000 -89.827187
v -17.086647 0.000000 -89.827187
v -17.203783 25.000000 -89.869820
v -17.203783 0.000000 -89.869820
v -17.322899 25.000000 -89.906563
v -17.322899 0.000000 -89.906563
v -17.443697 0.000000 -89.937317
v -17.443697 25.000000 -89.937317
v -17.565880 0.000000 -89.962021
v -17.565880 25.000000 -89.962021
v -17.689140 25.000000 -89.980598
v -17.689140 0.000000 -89.980598
v -17.813175 25.000000 -89.993011
v -17.813175 0.000000 -89.993011
v -17.937674 25.000000 -89.999222
v -17.937674 0.000000 -89.999222
v -18.062326 25.000000 -89.999222
v -18.062326 0.000000 -89.999222
v -18.186825 25.000000 -89.993011
v -18.186825 0.000000 -89.993011
v -18.310860 25.000000 -89.980598
v -18.310860 0.000000 -89.980598
v -18.434120 0.000000 -89.962021
v -18.434120 25.000000 -89.962021
v -18.556303 25.000000 -89.937317
v -18.556303 0.000000 -89.937317
v -18.677101 0.000000 -89.906563
v -18.677101 25.000000 -89.906563
v -18.796217 0.000000 -89.869820
v -18.796217 25.000000 -89.869820
v -18.913353 25.000000 -89.827187
v -18.913353 0.000000 -89.827187
v -19.028217 25.000000 -89.778763
v -19.028217 0.000000 -89.778763
v -19.140526 25.000000 -89.724678
v -19.140526 0.000000 -89.724678
v -19.250000 25.000000 -89.665062
v -19.250000 0.000000 -89.665062
v -19.356365 25.000000 -89.600067
v -19.356365 0.000000 -89.600067
v -19.459360 25.000000 -89.529846
v -19.459360 0.000000 -89.529846
v -19.558725 25.000000 -89.454582
v -19.558725 0.000000 -89.454582
v -19.654215 25.000000 -89.374451
v -19.654215 0.000000 -89.374451
v -19.745592 25.000000 -89.289665
v -19.745592 0.000000 -89.289665
v -19.832630 0.000000 -89.200432
v -19.832630 25.000000 -89.200432
v -19.915112 25.000000 -89.106972
v -19.915112 0.000000 -89.106972
v -19.992832 0.000000 -89.009514
v -19.992832 25.000000 -89.009514
v -20.065598 25.000000 -88.908302
v -20.065598 0.000000 -88.908302
v -20.133226 25.000000 -88.803589
v -20.133226 0.000000 -88.803589
v -20.195555 25.000000 -88.695633
v -20.195555 0.000000 -88.695633
v -20.252422 25.000000 -88.584709
v -20.252422 0.000000 -88.584709
v -20.303690 0.000000 -88.471085
v -20.303690 25.000000 -88.471085
v -20.349232 25.000000 -88.355049
v -20.349232 0.000000 -88.355049
v -20.388931 25.000000 -88.236885
v -20.388931 0.000000 -88.236885
v -20.422693 25.000000 -88.116890
v -20.422693 0.000000 -88.116890
v -20.450432 25.000000 -87.995369
v -20.450432 0.000000 -87.995369
v -20.472076 25.000000 -87.872604
v -20.472076 0.000000 -87.872604
v -20.487577 25.000000 -87.748917
v -20.487577 0.000000 -87.748917
v -20.496893 25.000000 -87.624611
v -20.496893 0.000000 -87.624611
v -20.500000 25.000000 -87.500000
v -20.500000 -0.000000 -87.500000
v -20.496893 25.000000 -87.375389
v -20.496893 -0.000000 -87.375389
v -20.487577 25.000000 -87.251083
v -20.487577 -0.000000 -87.251083
v -20.472076 25.000000 -87.127396
v -20.472076 -0.000000 -87.127396
v -20.450432 25.000000 -87.004631
v -20.450432 -0.000000 -87.004631
v -20.422693 25.000000 -86.883110
v -20.422693 -0.000000 -86.883110
v -20.388931 25.000000 -86.763115
v -20.388931 -0.000000 -86.763115
v -20.349232 25.000000 -86.644951
v -20.349232 -0.000000 -86.644951
v -20.303690 25.000000 -86.528915
v -20.303690 -0.000000 -86.528915
v -20.252422 25.000000 -86.415291
v -20.252422 -0.000000 -86.415291
v -20.195555 25.000000 -86.304367
v -20.195555 -0.000000 -86.304367
v -20.133226 25.000000 -86.196411
v -20.133226 -0.000000 -86.196411
v -20.065598 -0.000000 -86.091698
v -20.065598 25.000000 -86.091698
v -19.992832 25.000000 -85.990486
v -19.992832 -0.000000 -85.990486
v -19.915112 25.000000 -85.893028
v -19.915112 -0.000000 -85.893028
v -19.832630 25.000000 -85.799568
v -19.832630 -0.000000 -85.799568
v -19.745592 25.000000 -85.710335
v -19.745592 -0.000000 -85.710335
v -19.654215 25.000000 -85.625549
v -19.654215 -0.000000 -85.625549
v -19.558725 25.000000 -85.545418
v -19.558725 -0.000000 -85.545418
v -19.459360 25.000000 -85.470154
v -19.459360 -0.000000 -85.470154
v -19.356365 -0.000000 -85.399933
v -19.356365 25.000000 -85.399933
v -19.250000 25.000000 -85.334938
v -19.250000 -0.000000 -85.334938
v -19.140526 25.000000 -85.275322
v -19.140526 -0.000000 -85.275322
v -19.028217 25.000000 -85.221237
v -19.028217 -0.000000 -85.221237
v -18.913353 -0.000000 -85.172813
v -18.913353 25.000000 -85.172813
v -18.796217 25.000000 -85.130180
v -18.796217 -0.000000 -85.130180
v -18.677101 25.000000 -85.093437
v -18.677101 -0.000000 -85.093437
v -18.556303 25.000000 -85.062683
v -18.556303 -0.000000 -85.062683
v -18.434120 25.000000 -85.037979
v -18.434120 -0.000000 -85.037979
v -18.310860 25.000000 -85.019402
v -18.310860 -0.000000 -85.019402
v -18.186825 25.000000 -85.006989
v -18.186825 -0.000000 -85.006989
v -18.062326 -0.000000 -85.000778
v -18.062326 25.000000 -85.000778
v -17.937674 25.000000 -85.000778
v -17.937674 -0.000000 -85.000778
v -17.813175 25.000000 -85.006989
v -17.813175 -0.000000 -85.006989
v -17.689140 25.000000 -85.019402
v -17.689140 -0.000000 -85.019402
v -17.565880 25.000000 -85.037979
v -17.565880 -0.000000 -85.037979
v -17.443697 25.000000 -85.062683
v -17.443697 -0.000000 -85.062683
v -17.322899 25.000000 -85.093437
v -17.322899 -0.000000 -85.093437
v -17.203783 25.000000 -85.130180
v -17.203783 -0.000000 -85.130180
v -17.086647 25.000000 -85.172813
v -17.086647 -0.000000 -85.172813
v -16.971783 25.000000 -85.221237
v -16.971783 -0.000000 -85.221237
v -16.859474 25.000000 -85.275322
v -16.859474 -0.000000 -85.275322
v -16.750000 25.000000 -85.334938
v -16.750000 -0.000000 -85.334938
v -16.643635 25.000000 -85.399933
v -16.643635 -0.000000 -85.399933
v -16.540640 25.000000 -85.470154
v -16.540640 -0.000000 -85.470154
v -16.441275 25.000000 -85.545418
v -16.441275 -0.000000 -85.545418
v -16.345785 -0.000000 -85.625549
v -16.345785 25.000000 -85.625549
v -16.254408 25.000000 -85.710335
v -16.254408 -0.000000 -85.710335
v -16.167370 -0.000000 -85.799568
v -16.167370 25.000000 -85.799568
v -16.084888 25.000000 -85.893028
v -16.084888 -0.000000 -85.893028
v -16.007168 -0.000000 -85.990486
v -16.007168 25.000000 -85.990486
v -15.934403 25.000000 -86.091698
v -15.934403 -0.000000 -86.091698
v -15.866773 25.000000 -86.196411
v -15.866773 -0.000000 -86.196411
v -15.804446 25.000000 -86.304367
v -15.804446 -0.000000 -86.304367
v -15.747578 25.000000 -86.415291
v -15.747578 -0.000000 -86.415291
v -15.696309 25.000000 -86.528915
v -15.696309 -0.000000 -86.528915
v -15.650768 -0.000000 -86.644951
v -15.650768 25.000000 -86.644951
v -15.611068 25.000000 -86.763115
v -15.611068 -0.000000 -86.763115
v -15.577307 -0.000000 -86.883110
v -15.577307 25.000000 -86.883110
v -15.549569 25.000000 -87.004631
v -15.549569 -0.000000 -87.004631
v -15.527923 -0.000000 -87.127396
v -15.527923 25.000000 -87.127396
v -15.512424 25.000000 -87.251083
v -15.512424 -0.000000 -87.251083
v -15.503108 25.000000 -87.375389
v -15.503108 -0.000000 -87.375389
v -15.675000 0.666667 -112.500000
v -15.500000 0.000000 -112.500000
v -15.503108 0.000000 -112.624611
v -17.600496 8.000000 -112.519936
v -17.600000 8.000000 -112.500000
v -17.424999 7.333333 -112.500000
v -15.503108 -0.000000 -112.375389
v -17.600496 8.000000 -112.480064
v -15.686553 0.666667 -112.731499
v -15.512424 0.000000 -112.748917
v -15.527923 0.000000 -112.872604
v -15.721099 0.666667 -112.960693
v -15.549569 0.000000 -112.995369
v -15.577307 0.000000 -113.116890
v -15.778294 0.666667 -113.185303
v -15.611068 0.000000 -113.236885
v -15.650768 0.000000 -113.355049
v -15.857568 0.666667 -113.403114
v -15.696309 0.000000 -113.471085
v -15.747578 0.000000 -113.584709
v -15.958135 0.666667 -113.611938
v -15.804446 0.000000 -113.695633
v -15.866773 0.000000 -113.803589
v -15.860683 1.333333 -112.714073
v -15.850000 1.333333 -112.500000
v -16.078995 0.666667 -113.809723
v -15.934403 0.000000 -113.908302
v -16.007168 0.000000 -114.009514
v -15.892630 1.333333 -112.926018
v -16.218946 0.666667 -113.994484
v -16.084888 0.000000 -114.106972
v -16.167370 0.000000 -114.200432
v -15.945518 1.333333 -113.133720
v -16.376600 0.666667 -114.164391
v -16.254408 0.000000 -114.289665
v -16.345785 0.000000 -114.374451
v -16.018826 1.333333 -113.335136
v -16.550386 0.666667 -114.317757
v -16.441275 0.000000 -114.454582
v -16.540640 0.000000 -114.529846
v -16.111824 1.333333 -113.528244
v -16.738581 0.666667 -114.453064
v -16.643635 0.000000 -114.600067
v -16.750000 0.000000 -114.665062
v -16.034815 2.000000 -112.696648
v -16.025000 2.000000 -112.500000
v -16.223587 1.333333 -113.711136
v -16.939310 0.666667 -114.568954
v -16.859474 0.000000 -114.724678
v -16.971783 0.000000 -114.778763
v -16.064159 2.000000 -112.891342
v -16.353004 1.333333 -113.881996
v -17.150581 0.666667 -114.664284
v -17.086647 0.000000 -114.827187
v -17.203783 0.000000 -114.869820
v -16.112743 2.000000 -113.082138
v -16.498791 1.333333 -114.039116
v -17.370296 0.666667 -114.738098
v -17.322899 0.000000 -114.906563
v -17.443697 0.000000 -114.937317
v -16.180084 2.000000 -113.267159
v -16.659496 1.333333 -114.180939
v -17.596268 0.666667 -114.789680
v -17.565880 0.000000 -114.962021
v -17.689140 0.000000 -114.980598
v -16.265512 2.000000 -113.444550
v -16.833525 1.333333 -114.306053
v -17.826252 0.666667 -114.818497
v -17.813175 0.000000 -114.993011
v -17.937674 0.000000 -114.999222
v -16.208944 2.666667 -112.679222
v -16.200001 2.666667 -112.500000
v -16.368179 2.000000 -113.612556
v -17.019148 1.333333 -114.413223
v -18.057964 0.666667 -114.824280
v -18.062326 0.000000 -114.999222
v -18.186825 0.000000 -114.993011
v -16.235689 2.666667 -112.856667
v -16.487062 2.000000 -113.769508
v -17.214518 1.333333 -114.501381
v -18.289099 0.666667 -114.806953
v -18.310860 0.000000 -114.980598
v -18.434120 0.000000 -114.962021
v -16.279968 2.666667 -113.030556
v -16.620983 2.000000 -113.913834
v -17.417692 1.333333 -114.569641
v -18.517361 0.666667 -114.766708
v -18.556303 0.000000 -114.937317
v -18.677101 0.000000 -114.906563
v -16.341343 2.666667 -113.199181
v -16.768608 2.000000 -114.044121
v -17.626656 1.333333 -114.617340
v -18.740482 0.666667 -114.703934
v -18.796217 0.000000 -114.869820
v -18.913353 0.000000 -114.827187
v -16.419201 2.666667 -113.360855
v -16.928471 2.000000 -114.159050
v -17.839331 1.333333 -114.643990
v -18.956242 0.666667 -114.619247
v -19.028217 0.000000 -114.778763
v -19.140526 0.000000 -114.724678
v -16.383076 3.333333 -112.661797
v -16.375000 3.333333 -112.500000
v -16.512770 2.666667 -113.513977
v -17.098984 2.000000 -114.257500
v -18.053600 1.333333 -114.649330
v -19.162500 0.666667 -114.513512
v -19.250000 0.000000 -114.665062
v -19.356365 0.000000 -114.600067
v -16.407219 3.333333 -112.821991
v -16.621120 2.666667 -113.657021
v -17.278452 2.000000 -114.338478
v -18.267340 1.333333 -114.633316
v -19.357204 0.666667 -114.387756
v -19.459360 0.000000 -114.529846
v -19.558725 0.000000 -114.454582
v -16.447195 3.333333 -112.978973
v -16.743174 2.666667 -113.788559
v -17.465090 2.000000 -114.401184
v -18.478420 1.333333 -114.596092
v -19.538420 0.666667 -114.243240
v -19.654215 0.000000 -114.374451
v -19.745592 0.000000 -114.289665
v -16.502602 3.333333 -113.131210
v -16.877718 2.666667 -113.907295
v -17.657045 2.000000 -114.444992
v -18.684746 1.333333 -114.538040
v -19.704346 0.666667 -114.081398
v -19.832630 0.000000 -114.200432
v -19.915112 0.000000 -114.106972
v -16.572889 3.333333 -113.277161
v -17.023417 2.666667 -114.012047
v -17.852407 2.000000 -114.469475
v -18.884268 1.333333 -114.459740
v -16.557205 4.000000 -112.644371
v -16.549999 4.000000 -112.500000
v -19.853333 0.666667 -113.903847
v -19.992832 0.000000 -114.009514
v -20.065598 0.000000 -113.908302
v -16.657362 3.333333 -113.415398
v -17.178822 2.666667 -114.101768
v -18.049238 2.000000 -114.474388
v -19.075001 1.333333 -114.361954
v -16.578751 4.000000 -112.787315
v -19.983902 0.666667 -113.712334
v -20.133226 0.000000 -113.803589
v -20.195555 0.000000 -113.695633
v -16.755178 3.333333 -113.544533
v -17.342386 2.666667 -114.175575
v -18.245579 2.000000 -114.459671
v -19.255049 1.333333 -114.245667
v -16.614420 4.000000 -112.927399
v -20.094753 0.666667 -113.508781
v -20.252422 0.000000 -113.584709
v -20.303690 0.000000 -113.471085
v -16.865366 3.333333 -113.663284
v -17.512487 2.666667 -114.232727
v -18.439478 2.000000 -114.425484
v -19.422625 1.333333 -114.112030
v -16.663860 4.000000 -113.063232
v -20.184786 0.666667 -113.295197
v -20.349232 0.000000 -113.355049
v -20.388931 0.000000 -113.236885
v -16.986830 3.333333 -113.770477
v -17.687433 2.666667 -114.272652
v -18.629011 2.000000 -114.372154
v -19.576061 1.333333 -113.962372
v -16.726580 4.000000 -113.193466
v -20.253105 0.666667 -113.073708
v -20.422693 0.000000 -113.116890
v -20.450432 0.000000 -112.995369
v -17.118362 3.333333 -113.865044
v -17.865486 2.666667 -114.294968
v -18.812292 2.000000 -114.300224
v -16.731337 4.666667 -112.626945
v -16.725000 4.666667 -112.500000
v -19.713835 1.333333 -113.798180
v -16.801954 4.000000 -113.316811
v -20.299032 0.666667 -112.846519
v -20.472076 0.000000 -112.872604
v -20.487577 0.000000 -112.748917
v -17.258657 3.333333 -113.946045
v -18.044876 2.666667 -114.299438
v -18.987499 2.000000 -114.210403
v -16.750280 4.666667 -112.752640
v -19.834576 1.333333 -113.621086
v -16.889236 4.000000 -113.432045
v -20.322109 0.666667 -112.615891
v -20.496893 0.000000 -112.624611
v -20.500000 -0.000000 -112.500000
v -17.406321 3.333333 -114.012672
v -18.223818 2.666667 -114.286034
v -19.152893 2.000000 -114.103577
v -16.781645 4.666667 -112.875816
v -19.937082 1.333333 -113.432854
v -16.987556 4.000000 -113.538010
v -20.322109 0.666667 -112.384109
v -20.496893 -0.000000 -112.375389
v -20.487577 -0.000000 -112.251083
v -17.559885 3.333333 -114.064262
v -18.400537 2.666667 -114.254868
v -19.306829 2.000000 -113.980820
v -16.825117 4.666667 -112.995255
v -20.020340 1.333333 -113.235344
v -17.095940 4.000000 -113.633659
v -20.299032 0.666667 -112.153481
v -20.472076 -0.000000 -112.127396
v -20.450432 -0.000000 -112.004631
v -17.717821 3.333333 -114.100311
v -18.573277 2.666667 -114.206268
v -19.447777 2.000000 -113.843338
v -16.880268 4.666667 -113.109772
v -20.083517 1.333333 -113.030525
v -17.213308 4.000000 -113.718040
v -20.253105 0.666667 -111.926292
v -20.422693 -0.000000 -111.883110
v -20.388931 -0.000000 -111.763115
v -17.878563 3.333333 -114.120453
v -18.740316 2.666667 -114.140709
v -16.905466 5.333333 -112.609528
v -16.900000 5.333333 -112.500000
v -17.075001 6.000000 -112.500000
v -19.574337 2.000000 -113.692513
v -16.946545 4.666667 -113.218231
v -20.125986 1.333333 -112.820442
v -17.338495 4.000000 -113.790314
v -20.184786 0.666667 -111.704803
v -20.349232 -0.000000 -111.644951
v -20.303690 -0.000000 -111.528915
v -18.040512 3.333333 -114.124496
v -18.900000 2.666667 -114.058846
v -16.921810 5.333333 -112.717964
v -19.685249 2.000000 -113.529831
v -17.023293 4.666667 -113.319557
v -20.147327 1.333333 -112.607170
v -17.470255 4.000000 -113.849770
v -20.094753 0.666667 -111.491219
v -20.252422 -0.000000 -111.415291
v -20.195555 -0.000000 -111.304367
v -18.202059 3.333333 -114.112389
v -19.050739 2.666667 -113.961487
v -16.948870 5.333333 -112.824234
v -19.779413 2.000000 -113.356918
v -17.109749 4.666667 -113.412727
v -20.147327 1.333333 -112.392830
v -17.607281 4.000000 -113.895805
v -19.983902 0.666667 -111.287666
v -20.133226 -0.000000 -111.196411
v -20.065598 -0.000000 -111.091698
v -18.361597 3.333333 -114.084259
v -19.191034 2.666667 -113.849609
v -16.986376 5.333333 -112.927277
v -19.855892 2.000000 -113.175491
v -17.205051 4.666667 -113.496834
v -20.125986 1.333333 -112.179558
v -17.748211 4.000000 -113.927971
v -19.853333 0.666667 -111.096153
v -19.992832 -0.000000 -110.990486
v -19.915112 -0.000000 -110.893028
v -18.517540 3.333333 -114.040382
v -19.319494 2.666667 -113.724312
v -17.033957 5.333333 -113.026077
v -19.913927 2.000000 -112.987343
v -17.308254 4.666667 -113.571030
v -20.083517 1.333333 -111.969475
v -17.891642 4.000000 -113.945946
v -19.704346 0.666667 -110.918602
v -19.832630 -0.000000 -110.799568
v -19.745592 -0.000000 -110.710335
v -18.668341 3.333333 -113.981194
v -17.079597 6.000000 -112.592102
v -19.434839 2.666667 -113.586845
v -17.091137 5.333333 -113.119652
v -19.952940 2.000000 -112.794357
v -17.418331 4.666667 -113.634590
v -20.020340 1.333333 -111.764656
v -18.036150 4.000000 -113.949547
v -19.538420 0.666667 -110.756760
v -19.654215 -0.000000 -110.625549
v -19.558725 -0.000000 -110.545418
v -18.812500 3.333333 -113.907288
v -17.093340 6.000000 -112.683289
v -19.535923 2.666667 -113.438583
v -17.157351 5.333333 -113.207069
v -19.972546 2.000000 -112.598442
v -17.534191 4.666667 -113.686867
v -19.937082 1.333333 -111.567146
v -18.180298 4.000000 -113.938744
v -19.357204 0.666667 -110.612244
v -19.459360 -0.000000 -110.470154
v -19.356365 -0.000000 -110.399933
v -18.948584 3.333333 -113.819397
v -17.116095 6.000000 -112.772652
v -19.621744 2.666667 -113.280991
v -17.231939 5.333333 -113.287453
v -19.972546 2.000000 -112.401558
v -17.654678 4.666667 -113.727348
v -19.834576 1.333333 -111.378914
v -18.322655 4.000000 -113.913643
v -19.162500 0.666667 -110.486488
v -19.250000 -0.000000 -110.334938
v -19.140526 -0.000000 -110.275322
v -19.075239 3.333333 -113.718391
v -17.147635 6.000000 -112.859299
v -19.691446 2.666667 -113.115639
v -17.314161 5.333333 -113.360016
v -19.952940 2.000000 -112.205643
v -17.778599 4.666667 -113.755630
v -19.713835 1.333333 -111.201820
v -18.461805 4.000000 -113.874496
v -18.956242 0.666667 -110.380753
v -19.028217 -0.000000 -110.221237
v -18.913353 -0.000000 -110.172813
v -19.191210 3.333333 -113.605278
v -17.187645 6.000000 -112.942383
v -19.744339 2.666667 -112.944160
v -17.403198 5.333333 -113.424026
v -19.913927 2.000000 -112.012657
v -17.904718 4.666667 -113.771439
v -19.576061 1.333333 -111.037628
v -18.596367 4.000000 -113.821686
v -18.740482 0.666667 -110.296066
v -18.796217 -0.000000 -110.130180
v -18.677101 -0.000000 -110.093437
v -17.253727 6.666667 -112.574677
v -17.250000 6.666667 -112.500000
v -19.295340 3.333333 -113.481186
v -17.235729 6.000000 -113.021072
v -19.779896 2.666667 -112.768272
v -17.498169 5.333333 -113.478859
v -19.855892 2.000000 -111.824509
v -18.031786 4.666667 -113.774605
v -19.422625 1.333333 -110.887970
v -18.725000 4.000000 -113.755737
v -18.517361 0.666667 -110.233292
v -18.556303 -0.000000 -110.062683
v -18.434120 -0.000000 -110.037979
v -17.264870 6.666667 -112.648613
v -19.386599 3.333333 -113.347336
v -17.291409 6.000000 -113.094582
v -19.797762 2.666667 -112.589722
v -17.598125 5.333333 -113.523964
v -19.779413 2.000000 -111.643082
v -18.158539 4.666667 -113.765106
v -19.255049 1.333333 -110.754333
v -18.846428 4.000000 -113.677307
v -18.289099 0.666667 -110.193047
v -18.310860 -0.000000 -110.019402
v -18.186825 -0.000000 -110.006989
v -17.283319 6.666667 -112.721069
v -19.464075 3.333333 -113.205063
v -17.354132 6.000000 -113.162178
v -19.797762 2.666667 -112.410278
v -17.702076 5.333333 -113.558884
v -19.685249 2.000000 -111.470169
v -18.283714 4.666667 -113.743034
v -19.075001 1.333333 -110.638046
v -18.959444 4.000000 -113.587181
v -18.057964 0.666667 -110.175720
v -18.062326 -0.000000 -110.000778
v -17.937674 -0.000000 -110.000778
v -17.308893 6.666667 -112.791328
v -19.527000 3.333333 -113.055786
v -17.423271 6.000000 -113.223190
v -19.779896 2.666667 -112.231728
v -17.808987 5.333333 -113.583290
v -19.574337 2.000000 -111.307487
v -18.406071 4.666667 -113.708611
v -18.884268 1.333333 -110.540260
v -19.062925 4.000000 -113.486252
v -17.826252 0.666667 -110.181503
v -17.813175 -0.000000 -110.006989
v -17.689140 -0.000000 -110.019402
v -17.341333 6.666667 -112.858688
v -19.574751 3.333333 -112.900978
v -17.498144 6.000000 -113.277023
v -19.744339 2.666667 -112.055840
v -17.917797 5.333333 -113.596924
v -19.447777 2.000000 -111.156662
v -18.524391 4.666667 -113.662170
v -18.684746 1.333333 -110.461960
v -17.427856 7.333333 -112.557251
v -17.601988 8.000000 -112.539825
v -17.604467 8.000000 -112.559616
v -19.155842 4.000000 -113.375519
v -17.596268 0.666667 -110.210320
v -17.565880 -0.000000 -110.037979
v -17.443697 -0.000000 -110.062683
v -17.380322 6.666667 -112.922493
v -19.606850 3.333333 -112.742195
v -17.578005 6.000000 -113.323128
v -19.691446 2.666667 -111.884361
v -18.027424 5.333333 -113.599655
v -19.306829 2.000000 -111.019180
v -18.637501 4.666667 -113.604179
v -18.478420 1.333333 -110.403908
v -17.436401 7.333333 -112.613937
v -17.607931 8.000000 -112.579262
v -17.612370 8.000000 -112.598701
v -19.237272 4.000000 -113.256081
v -17.370296 0.666667 -110.261902
v -17.322899 -0.000000 -110.093437
v -17.203783 -0.000000 -110.130180
v -17.425467 6.666667 -112.982094
v -19.622980 3.333333 -112.581001
v -17.662060 6.000000 -113.361061
v -19.621744 2.666667 -111.719009
v -18.136778 5.333333 -113.591461
v -19.152893 2.000000 -110.896423
v -18.744272 4.666667 -113.535217
v -18.267340 1.333333 -110.366684
v -17.450546 7.333333 -112.669487
v -17.617771 8.000000 -112.617905
v -17.624123 8.000000 -112.636810
v -19.306404 4.000000 -113.129135
v -17.150581 0.666667 -110.335716
v -17.086647 -0.000000 -110.172813
v -16.971783 -0.000000 -110.221237
v -17.476322 6.666667 -113.036903
v -19.622980 3.333333 -112.418999
v -17.749472 6.000000 -113.390427
v -19.535923 2.666667 -111.561417
v -18.244774 5.333333 -113.572418
v -18.987499 2.000000 -110.789597
v -18.843649 4.666667 -113.455971
v -18.053600 1.333333 -110.350670
v -17.470152 7.333333 -112.723351
v -17.631409 8.000000 -112.655373
v -17.639612 8.000000 -112.673553
v -19.362555 4.000000 -112.995926
v -16.939310 0.666667 -110.431046
v -16.859474 -0.000000 -110.275322
v -16.750000 -0.000000 -110.334938
v -17.532383 6.666667 -113.086372
v -19.606850 3.333333 -112.257805
v -17.839375 6.000000 -113.410950
v -19.434839 2.666667 -111.413155
v -18.350336 5.333333 -113.542717
v -18.812292 2.000000 -110.699776
v -18.934641 4.666667 -113.367218
v -17.839331 1.333333 -110.356010
v -17.495022 7.333333 -112.774994
v -17.648712 8.000000 -112.691299
v -17.658684 8.000000 -112.708572
v -19.405163 4.000000 -112.857796
v -16.738581 0.666667 -110.546936
v -16.643635 -0.000000 -110.399933
v -16.540640 -0.000000 -110.470154
v -17.593090 6.666667 -113.130020
v -19.574751 3.333333 -112.099022
v -17.930874 6.000000 -113.422417
v -19.319494 2.666667 -111.275688
v -18.452415 5.333333 -113.502655
v -18.629011 2.000000 -110.627846
v -19.016344 4.666667 -113.269852
v -17.626656 1.333333 -110.382660
v -17.524912 7.333333 -112.823906
v -17.669504 8.000000 -112.725327
v -17.681147 8.000000 -112.741524
v -19.433805 4.000000 -112.716110
v -16.550386 0.666667 -110.682243
v -16.441275 -0.000000 -110.545418
v -16.345785 -0.000000 -110.625549
v -17.657843 6.666667 -113.167404
v -19.527000 3.333333 -111.944214
v -18.023062 6.000000 -113.424713
v -19.191034 2.666667 -111.150391
v -18.549999 5.333333 -113.452629
v -18.439478 2.000000 -110.574516
v -19.087946 4.666667 -113.164833
v -17.417692 1.333333 -110.430359
v -17.559525 7.333333 -112.869606
v -17.693583 8.000000 -112.757118
v -17.706779 8.000000 -112.772072
v -19.448198 4.000000 -112.572273
v -16.376600 0.666667 -110.835609
v -16.254408 -0.000000 -110.710335
v -16.167370 -0.000000 -110.799568
v -17.725994 6.666667 -113.198158
v -19.464075 3.333333 -111.794937
v -18.115019 6.000000 -113.417824
v -19.050739 2.666667 -111.038513
v -18.642118 5.333333 -113.393135
v -18.245579 2.000000 -110.540329
v -19.148735 4.666667 -113.053200
v -17.214518 1.333333 -110.498619
v -17.598515 7.333333 -112.911621
v -17.720705 8.000000 -112.786346
v -17.735325 8.000000 -112.799911
v -19.448198 4.000000 -112.427727
v -16.218946 0.666667 -111.005516
v -16.084888 -0.000000 -110.893028
v -16.007168 -0.000000 -110.990486
v -17.796869 6.666667 -113.221970
v -19.386599 3.333333 -111.652664
v -18.205832 6.000000 -113.401810
v -18.900000 2.666667 -110.941154
v -18.727854 5.333333 -113.324760
v -18.049238 2.000000 -110.525612
v -19.198109 4.666667 -112.936073
v -17.019148 1.333333 -110.586777
v -17.641493 7.333333 -112.949554
v -17.750605 8.000000 -112.812729
v -17.766502 8.000000 -112.824776
v -19.433805 4.000000 -112.283890
v -16.078995 0.666667 -111.190277
v -15.934403 -0.000000 -111.091698
v -15.866773 -0.000000 -111.196411
v -17.869764 6.666667 -113.238609
v -19.295340 3.333333 -111.518814
v -18.294600 6.000000 -113.376831
v -18.740316 2.666667 -110.859291
v -18.806356 5.333333 -113.248192
v -17.852407 2.000000 -110.530525
v -19.235573 4.666667 -112.814613
v -16.833525 1.333333 -110.693947
v -17.688036 7.333333 -112.983017
v -17.782982 8.000000 -112.836014
v -17.799999 8.000000 -112.846413
v -19.405163 4.000000 -112.142204
v -15.958135 0.666667 -111.388062
v -15.804446 -0.000000 -111.304367
v -15.747578 -0.000000 -111.415291
v -17.943953 6.666667 -113.247902
v -19.191210 3.333333 -111.394722
v -18.380440 6.000000 -113.343140
v -18.573277 2.666667 -110.793732
v -18.876846 5.333333 -113.164185
v -17.657045 2.000000 -110.555008
v -19.260759 4.666667 -112.690025
v -16.659496 1.333333 -110.819061
v -17.737679 7.333333 -113.011673
v -17.817516 8.000000 -112.855949
v -17.835485 8.000000 -112.864601
v -19.362555 4.000000 -112.004074
v -15.857568 0.666667 -111.596886
v -15.696309 -0.000000 -111.528915
v -15.650768 -0.000000 -111.644951
v -18.018698 6.666667 -113.249763
v -19.075239 3.333333 -111.281609
v -18.462500 6.000000 -113.301071
v -18.400537 2.666667 -110.745132
v -18.938620 5.333333 -113.073578
v -17.465090 2.000000 -110.598816
v -19.273415 4.666667 -112.563553
v -16.498791 1.333333 -110.960884
v -17.789928 7.333333 -113.035255
v -17.853863 8.000000 -112.872353
v -17.872606 8.000000 -112.879173
v -19.306404 4.000000 -111.870865
v -15.778294 0.666667 -111.814697
v -15.611068 -0.000000 -111.763115
v -15.577307 -0.000000 -111.883110
v -18.093258 6.666667 -113.244179
v -18.948584 3.333333 -111.180603
v -18.539963 6.000000 -113.251045
v -18.223818 2.666667 -110.713966
v -18.991066 5.333333 -112.977272
v -17.278452 2.000000 -110.661522
v -19.273415 4.666667 -112.436447
v -16.353004 1.333333 -111.118004
v -17.844267 7.333333 -113.053513
v -17.891665 8.000000 -112.885048
v -17.910992 8.000000 -112.889969
v -19.237272 4.000000 -111.743919
v -15.721099 0.666667 -112.039307
v -15.549569 -0.000000 -112.004631
v -15.527923 -0.000000 -112.127396
v -18.166891 6.666667 -113.231194
v -18.812500 3.333333 -111.092712
v -18.612059 6.000000 -113.193550
v -18.044876 2.666667 -110.700562
v -19.033663 5.333333 -112.876221
v -17.098984 2.000000 -110.742500
v -19.260759 4.666667 -112.309975
v -16.223587 1.333333 -111.288864
v -17.900152 7.333333 -113.066261
v -17.930540 8.000000 -112.893921
v -17.950262 8.000000 -112.896896
v -19.155842 4.000000 -111.624481
v -15.686553 0.666667 -112.268501
v -15.512424 -0.000000 -112.251083
v -18.238865 6.666667 -113.210945
v -18.668341 3.333333 -111.018806
v -18.678074 6.000000 -113.129158
v -17.865486 2.666667 -110.705032
v -19.065985 5.333333 -112.771431
v -16.928471 2.000000 -110.840950
v -19.235573 4.666667 -112.185387
v -16.111824 1.333333 -111.471756
v -17.957029 7.333333 -113.073395
v -17.970108 8.000000 -112.898880
v -17.990028 8.000000 -112.899879
v -19.062925 4.000000 -111.513748
v -18.308466 6.666667 -113.183632
v -18.517540 3.333333 -110.959618
v -18.737347 6.000000 -113.058517
v -17.687433 2.666667 -110.727348
v -19.087713 5.333333 -112.663948
v -16.768608 2.000000 -110.955879
v -19.198109 4.666667 -112.063927
v -16.018826 1.333333 -111.664864
v -18.014336 7.333333 -113.074821
v -18.009972 8.000000 -112.899879
v -18.029892 8.000000 -112.898880
v -18.959444 4.000000 -111.412819
v -18.375000 6.666667 -113.149521
v -18.361597 3.333333 -110.915741
v -18.789293 6.000000 -112.982330
v -17.512487 2.666667 -110.767273
v -19.098633 5.333333 -112.554832
v -16.620983 2.000000 -111.086166
v -19.148735 4.666667 -111.946800
v -15.945518 1.333333 -111.866280
v -18.071497 7.333333 -113.070534
v -18.049738 8.000000 -112.896896
v -18.069460 8.000000 -112.893921
v -18.846428 4.000000 -111.322693
v -18.437807 6.666667 -113.108955
v -18.202059 3.333333 -110.887611
v -18.833397 6.000000 -112.901344
v -17.342386 2.666667 -110.824425
v -19.098633 5.333333 -112.445168
v -16.487062 2.000000 -111.230492
v -19.087946 4.666667 -111.835167
v -15.892630 1.333333 -112.073982
v -18.127949 7.333333 -113.060585
v -18.089008 8.000000 -112.889969
v -18.108335 8.000000 -112.885048
v -18.725000 4.000000 -111.244263
v -18.496264 6.666667 -113.062332
v -18.040512 3.333333 -110.875504
v -18.869215 6.000000 -112.816368
v -17.178822 2.666667 -110.898232
v -19.087713 5.333333 -112.336052
v -16.368179 2.000000 -111.387444
v -19.016344 4.666667 -111.730148
v -15.860683 1.333333 -112.285927
v -18.183130 7.333333 -113.045059
v -18.127394 8.000000 -112.879173
v -18.146137 8.000000 -112.872353
v -18.596367 4.000000 -111.178314
v -18.549789 6.666667 -113.010132
v -17.878563 3.333333 -110.879547
v -18.896397 6.000000 -112.728249
v -17.023417 2.666667 -110.987953
v -19.065985 5.333333 -112.228569
v -16.265512 2.000000 -111.555450
v -18.934641 4.666667 -111.632782
v -18.236490 7.333333 -113.024117
v -18.164515 8.000000 -112.864601
v -18.182484 8.000000 -112.855949
v -18.461805 4.000000 -111.125504
v -18.597849 6.666667 -112.952850
v -17.717821 3.333333 -110.899689
v -18.914669 6.000000 -112.637863
v -16.877718 2.666667 -111.092705
v -19.033663 5.333333 -112.123779
v -16.180084 2.000000 -111.732841
v -18.843649 4.666667 -111.544029
v -18.287500 7.333333 -112.997963
v -18.200001 8.000000 -112.846413
v -18.217018 8.000000 -112.836014
v -18.322655 4.000000 -111.086357
v -18.639969 6.666667 -112.891075
v -17.559885 3.333333 -110.935738
v -18.923851 6.000000 -112.546104
v -16.743174 2.666667 -111.211441
v -18.991066 5.333333 -112.022728
v -16.112743 2.000000 -111.917862
v -18.744272 4.666667 -111.464783
v -18.335653 7.333333 -112.966866
v -18.233498 8.000000 -112.824776
v -18.249395 8.000000 -112.812729
v -18.180298 4.000000 -111.061256
v -18.675726 6.666667 -112.825417
v -17.406321 3.333333 -110.987328
v -18.923851 6.000000 -112.453896
v -16.621120 2.666667 -111.342979
v -18.938620 5.333333 -111.926422
v -16.064159 2.000000 -112.108658
v -18.637501 4.666667 -111.395821
v -18.380470 7.333333 -112.931122
v -18.264675 8.000000 -112.799911
v -18.279295 8.000000 -112.786346
v -18.036150 4.000000 -111.050453
v -18.704769 6.666667 -112.756516
v -17.258657 3.333333 -111.053955
v -18.914669 6.000000 -112.362137
v -16.512770 2.666667 -111.486023
v -18.876846 5.333333 -111.835815
v -16.034815 2.000000 -112.303352
v -18.524391 4.666667 -111.337830
v -18.421505 7.333333 -112.891098
v -18.293221 8.000000 -112.772072
v -18.306417 8.000000 -112.757118
v -17.891642 4.000000 -111.054054
v -18.726809 6.666667 -112.685066
v -17.118362 3.333333 -111.134956
v -18.896397 6.000000 -112.271751
v -16.419201 2.666667 -111.639145
v -18.806356 5.333333 -111.751808
v -18.406071 4.666667 -111.291389
v -18.458351 7.333333 -112.847191
v -18.318853 8.000000 -112.741524
v -18.330496 8.000000 -112.725327
v -17.748211 4.000000 -111.072029
v -18.741623 6.666667 -112.611778
v -16.986830 3.333333 -111.229523
v -18.869215 6.000000 -112.183632
v -16.341343 2.666667 -111.800819
v -18.727854 5.333333 -111.675240
v -18.283714 4.666667 -111.256966
v -18.490643 7.333333 -112.799828
v -18.341316 8.000000 -112.708572
v -18.351288 8.000000 -112.691299
v -17.607281 4.000000 -111.104195
v -18.749067 6.666667 -112.537384
v -16.865366 3.333333 -111.336716
v -18.833397 6.000000 -112.098656
v -16.279968 2.666667 -111.969444
v -18.642118 5.333333 -111.606865
v -18.158539 4.666667 -111.234894
v -18.518057 7.333333 -112.749481
v -18.360388 8.000000 -112.673553
v -18.368591 8.000000 -112.655373
v -17.470255 4.000000 -111.150230
v -18.749067 6.666667 -112.462616
v -16.755178 3.333333 -111.455467
v -18.789293 6.000000 -112.017670
v -16.235689 2.666667 -112.143333
v -18.549999 5.333333 -111.547371
v -18.031786 4.666667 -111.225395
v -18.540323 7.333333 -112.696663
v -18.375877 8.000000 -112.636810
v -18.382229 8.000000 -112.617905
v -17.338495 4.000000 -111.209686
v -18.741623 6.666667 -112.388222
v -16.657362 3.333333 -111.584602
v -18.737347 6.000000 -111.941483
v -16.208944 2.666667 -112.320778
v -18.452415 5.333333 -111.497345
v -17.904718 4.666667 -111.228561
v -18.557219 7.333333 -112.641884
v -18.387630 8.000000 -112.598701
v -18.392069 8.000000 -112.579262
v -17.213308 4.000000 -111.281960
v -18.726809 6.666667 -112.314934
v -16.572889 3.333333 -111.722839
v -18.678074 6.000000 -111.870842
v -18.350336 5.333333 -111.457283
v -17.778599 4.666667 -111.244370
v -18.568577 7.333333 -112.585701
v -18.395533 8.000000 -112.559616
v -18.398012 8.000000 -112.539825
v -17.095940 4.000000 -111.366341
v -18.704769 6.666667 -112.243484
v -16.502602 3.333333 -111.868790
v -18.612059 6.000000 -111.806450
v -18.244774 5.333333 -111.427582
v -17.654678 4.666667 -111.272652
v -18.574286 7.333333 -112.528664
v -18.399504 8.000000 -112.519936
v -18.400000 8.000000 -112.500000
v -16.987556 4.000000 -111.461990
v -18.675726 6.666667 -112.174583
v -16.447195 3.333333 -112.021027
v -18.539963 6.000000 -111.748955
v -18.136778 5.333333 -111.408539
v -17.534191 4.666667 -111.313133
v -18.574286 7.333333 -112.471336
v -18.399504 8.000000 -112.480064
v -18.398012 8.000000 -112.460175
v -16.889236 4.000000 -111.567955
v -18.639969 6.666667 -112.108925
v -16.407219 3.333333 -112.178009
v -18.462500 6.000000 -111.698929
v -18.027424 5.333333 -111.400345
v -17.418331 4.666667 -111.365410
v -18.568577 7.333333 -112.414299
v -18.395533 8.000000 -112.440384
v -18.392069 8.000000 -112.420738
v -16.801954 4.000000 -111.683189
v -18.597849 6.666667 -112.047150
v -16.383076 3.333333 -112.338203
v -18.380440 6.000000 -111.656860
v -17.917797 5.333333 -111.403076
v -17.308254 4.666667 -111.428970
v -18.557219 7.333333 -112.358116
v -18.387630 8.000000 -112.401299
v -18.382229 8.000000 -112.382095
v -16.726580 4.000000 -111.806534
v -18.549789 6.666667 -111.989868
v -18.294600 6.000000 -111.623169
v -17.808987 5.333333 -111.416710
v -17.205051 4.666667 -111.503166
v -18.540323 7.333333 -112.303337
v -18.375877 8.000000 -112.363190
v -18.368591 8.000000 -112.344627
v -16.663860 4.000000 -111.936768
v -18.496264 6.666667 -111.937668
v -18.205832 6.000000 -111.598190
v -17.702076 5.333333 -111.441116
v -17.109749 4.666667 -111.587273
v -18.518057 7.333333 -112.250519
v -18.360388 8.000000 -112.326447
v -18.351288 8.000000 -112.308701
v -16.614420 4.000000 -112.072601
v -18.437807 6.666667 -111.891045
v -18.115019 6.000000 -111.582176
v -17.598125 5.333333 -111.476036
v -17.023293 4.666667 -111.680443
v -18.490643 7.333333 -112.200172
v -18.341316 8.000000 -112.291428
v -18.330496 8.000000 -112.274673
v -16.578751 4.000000 -112.212685
v -18.375000 6.666667 -111.850479
v -18.023062 6.000000 -111.575287
v -17.498169 5.333333 -111.521141
v -16.946545 4.666667 -111.781769
v -18.458351 7.333333 -112.152809
v -18.318853 8.000000 -112.258476
v -18.306417 8.000000 -112.242882
v -16.557205 4.000000 -112.355629
v -18.308466 6.666667 -111.816368
v -17.930874 6.000000 -111.577583
v -17.403198 5.333333 -111.575974
v -16.880268 4.666667 -111.890228
v -18.421505 7.333333 -112.108902
v -18.293221 8.000000 -112.227928
v -18.279295 8.000000 -112.213654
v -18.238865 6.666667 -111.789055
v -17.839375 6.000000 -111.589050
v -17.314161 5.333333 -111.639984
v -16.825117 4.666667 -112.004745
v -18.380470 7.333333 -112.068878
v -18.264675 8.000000 -112.200089
v -18.249395 8.000000 -112.187271
v -18.166891 6.666667 -111.768806
v -17.749472 6.000000 -111.609573
v -17.231939 5.333333 -111.712547
v -16.781645 4.666667 -112.124184
v -18.335653 7.333333 -112.033134
v -18.233498 8.000000 -112.175224
v -18.217018 8.000000 -112.163986
v -18.093258 6.666667 -111.755821
v -17.662060 6.000000 -111.638939
v -17.157351 5.333333 -111.792931
v -16.750280 4.666667 -112.247360
v -18.287500 7.333333 -112.002037
v -18.200001 8.000000 -112.153587
v -18.182484 8.000000 -112.144051
v -18.018698 6.666667 -111.750237
v -17.578005 6.000000 -111.676872
v -17.091137 5.333333 -111.880348
v -16.731337 4.666667 -112.373055
v -18.236490 7.333333 -111.975883
v -18.164515 8.000000 -112.135399
v -18.146137 8.000000 -112.127647
v -17.943953 6.666667 -111.752098
v -17.498144 6.000000 -111.722977
v -17.033957 5.333333 -111.973923
v -18.183130 7.333333 -111.954941
v -18.127394 8.000000 -112.120827
v -18.108335 8.000000 -112.114952
v -17.869764 6.666667 -111.761391
v -17.423271 6.000000 -111.776810
v -16.986376 5.333333 -112.072723
v -18.127949 7.333333 -111.939415
v -18.089008 8.000000 -112.110031
v -18.069460 8.000000 -112.106079
v -17.796869 6.666667 -111.778030
v -17.354132 6.000000 -111.837822
v -16.948870 5.333333 -112.175766
v -18.071497 7.333333 -111.929466
v -18.049738 8.000000 -112.103104
v -18.029892 8.000000 -112.101120
v -17.725994 6.666667 -111.801842
v -17.291409 6.000000 -111.905418
v -16.921810 5.333333 -112.282036
v -18.014336 7.333333 -111.925179
v -18.009972 8.000000 -112.100121
v -17.990028 8.000000 -112.100121
v -17.657843 6.666667 -111.832596
v -17.235729 6.000000 -111.978928
v -16.905466 5.333333 -112.390472
v -17.957029 7.333333 -111.926605
v -17.970108 8.000000 -112.101120
v -17.950262 8.000000 -112.103104
v -17.593090 6.666667 -111.869980
v -17.187645 6.000000 -112.057617
v -17.900152 7.333333 -111.933739
v -17.930540 8.000000 -112.106079
v -17.910992 8.000000 -112.110031
v -17.532383 6.666667 -111.913628
v -17.147635 6.000000 -112.140701
v -17.844267 7.333333 -111.946487
v -17.872606 8.000000 -112.120827
v -17.891665 8.000000 -112.114952
v -17.476322 6.666667 -111.963097
v -17.116095 6.000000 -112.227348
v -17.789928 7.333333 -111.964745
v -17.853863 8.000000 -112.127647
v -17.835485 8.000000 -112.135399
v -17.425467 6.666667 -112.017906
v -17.093340 6.000000 -112.316711
v -17.737679 7.333333 -111.988327
v -17.817516 8.000000 -112.144051
v -17.799999 8.000000 -112.153587
v -17.380322 6.666667 -112.077507
v -17.079597 6.000000 -112.407898
v -17.688036 7.333333 -112.016983
v -17.782982 8.000000 -112.163986
v -17.766502 8.000000 -112.175224
v -17.341333 6.666667 -112.141312
v -17.641493 7.333333 -112.050446
v -17.750605 8.000000 -112.187271
v -17.735325 8.000000 -112.200089
v -17.308893 6.666667 -112.208672
v -17.598515 7.333333 -112.088379
v -17.720705 8.000000 -112.213654
v -17.706779 8.000000 -112.227928
v -17.283319 6.666667 -112.278931
v -17.559525 7.333333 -112.130394
v -17.693583 8.000000 -112.242882
v -17.681147 8.000000 -112.258476
v -17.264870 6.666667 -112.351387
v -17.524912 7.333333 -112.176094
v -17.669504 8.000000 -112.274673
v -17.658684 8.000000 -112.291428
v -17.253727 6.666667 -112.425323
v -17.495022 7.333333 -112.225006
v -17.648712 8.000000 -112.308701
v -17.639612 8.000000 -112.326447
v -17.470152 7.333333 -112.276649
v -17.631409 8.000000 -112.344627
v -17.624123 8.000000 -112.363190
v -17.450546 7.333333 -112.330513
v -17.617771 8.000000 -112.382095
v -17.612370 8.000000 -112.401299
v -17.436401 7.333333 -112.386063
v -17.607931 8.000000 -112.420738
v -17.604467 8.000000 -112.440384
v -17.427856 7.333333 -112.442749
v -17.601988 8.000000 -112.460175
v 20.496893 25.000000 -87.624611
v 20.500000 25.000000 -87.500000
v 20.500000 0.000000 -87.500000
v 20.496893 0.000000 -87.624611
v 20.487577 25.000000 -87.748917
v 20.487577 0.000000 -87.748917
v 20.472076 25.000000 -87.872604
v 20.472076 0.000000 -87.872604
v 20.450432 0.000000 -87.995369
v 20.450432 25.000000 -87.995369
v 20.422693 25.000000 -88.116890
v 20.422693 0.000000 -88.116890
v 20.388931 25.000000 -88.236885
v 20.388931 0.000000 -88.236885
v 20.349232 0.000000 -88.355049
v 20.349232 25.000000 -88.355049
v 20.303690 0.000000 -88.471085
v 20.303690 25.000000 -88.471085
v 20.252422 25.000000 -88.584709
v 20.252422 0.000000 -88.584709
v 20.195555 25.000000 -88.695633
v 20.195555 0.000000 -88.695633
v 20.133226 25.000000 -88.803589
v 20.133226 0.000000 -88.803589
v 20.065598 25.000000 -88.908302
v 20.065598 0.000000 -88.908302
v 19.992832 25.000000 -89.009514
v 19.992832 0.000000 -89.009514
v 19.915112 25.000000 -89.106972
v 19.915112 0.000000 -89.106972
v 19.832630 25.000000 -89.200432
v 19.832630 0.000000 -89.200432
v 19.745592 25.000000 -89.289665
v 19.745592 0.000000 -89.289665
v 19.654215 25.000000 -89.374451
v 19.654215 0.000000 -89.374451
v 19.558725 25.000000 -89.454582
v 19.558725 0.000000 -89.454582
v 19.459360 0.000000 -89.529846
v 19.459360 25.000000 -89.529846
v 19.356365 0.000000 -89.600067
v 19.356365 25.000000 -89.600067
v 19.250000 25.000000 -89.665062
v 19.250000 0.000000 -89.665062
v 19.140526 0.000000 -89.724678
v 19.140526 25.000000 -89.724678
v 19.028217 25.000000 -89.778763
v 19.028217 0.000000 -89.778763
v 18.913353 25.000000 -89.827187
v 18.913353 0.000000 -89.827187
v 18.796217 25.000000 -89.869820
v 18.796217 0.000000 -89.869820
v 18.677101 25.000000 -89.906563
v 18.677101 0.000000 -89.906563
v 18.556303 0.000000 -89.937317
v 18.556303 25.000000 -89.937317
v 18.434120 0.000000 -89.962021
v 18.434120 25.000000 -89.962021
v 18.310860 25.000000 -89.980598
v 18.310860 0.000000 -89.980598
v 18.186825 25.000000 -89.993011
v 18.186825 0.000000 -89.993011
v 18.062326 25.000000 -89.999222
v 18.062326 0.000000 -89.999222
v 17.937674 25.000000 -89.999222
v 17.937674 0.000000 -89.999222
v 17.813175 25.000000 -89.993011
v 17.813175 0.000000 -89.993011
v 17.689140 25.000000 -89.980598
v 17.689140 0.000000 -89.980598
v 17.565880 0.000000 -89.962021
v 17.565880 25.000000 -89.962021
v 17.443697 25.000000 -89.937317
v 17.443697 0.000000 -89.937317
v 17.322899 0.000000 -89.906563
v 17.322899 25.000000 -89.906563
v 17.203783 0.000000 -89.869820
v 17.203783 25.000000 -89.869820
v 17.086647 25.000000 -89.827187
v 17.086647 0.000000 -89.827187
v 16.971783 25.000000 -89.778763
v 16.971783 0.000000 -89.778763
v 16.859474 25.000000 -89.724678
v 16.859474 0.000000 -89.724678
v 16.750000 25.000000 -89.665062
v 16.750000 0.000000 -89.665062
v 16.643635 25.000000 -89.600067
v 16.643635 0.000000 -89.600067
v 16.540640 25.000000 -89.529846
v 16.540640 0.000000 -89.529846
v 16.441275 25.000000 -89.454582
v 16.441275 0.000000 -89.454582
v 16.345785 25.000000 -89.374451
v 16.345785 0.000000 -89.374451
v 16.254408 25.000000 -89.289665
v 16.254408 0.000000 -89.289665
v 16.167370 0.000000 -89.200432
v 16.167370 25.000000 -89.200432
v 16.084888 25.000000 -89.106972
v 16.084888 0.000000 -89.106972
v 16.007168 0.000000 -89.009514
v 16.007168 25.000000 -89.009514
v 15.934403 25.000000 -88.908302
v 15.934403 0.000000 -88.908302
v 15.866773 25.000000 -88.803589
v 15.866773 0.000000 -88.803589
v 15.804446 25.000000 -88.695633
v 15.804446 0.000000 -88.695633
v 15.747578 25.000000 -88.584709
v 15.747578 0.000000 -88.584709
v 15.696309 0.000000 -88.471085
v 15.696309 25.000000 -88.471085
v 15.650768 25.000000 -88.355049
v 15.650768 0.000000 -88.355049
v 15.611068 25.000000 -88.236885
v 15.611068 0.000000 -88.236885
v 15.577307 25.000000 -88.116890
v 15.577307 0.000000 -88.116890
v 15.549569 25.000000 -87.995369
v 15.549569 0.000000 -87.995369
v 15.527923 25.000000 -87.872604
v 15.527923 0.000000 -87.872604
v 15.512424 25.000000 -87.748917
v 15.512424 0.000000 -87.748917
v 15.503108 25.000000 -87.624611
v 15.503108 0.000000 -87.624611
v 15.500000 25.000000 -87.500000
v 15.500000 -0.000000 -87.500000
v 15.503108 25.000000 -87.375389
v 15.503108 -0.000000 -87.375389
v 15.512424 25.000000 -87.251083
v 15.512424 -0.000000 -87.251083
v 15.527923 25.000000 -87.127396
v 15.527923 -0.000000 -87.127396
v 15.549569 25.000000 -87.004631
v 15.549569 -0.000000 -87.004631
v 15.577307 25.000000 -86.883110
v 15.577307 -0.000000 -86.883110
v 15.611068 25.000000 -86.763115
v 15.611068 -0.000000 -86.763115
v 15.650768 25.000000 -86.644951
v 15.650768 -0.000000 -86.644951
v 15.696309 25.000000 -86.528915
v 15.696309 -0.000000 -86.528915
v 15.747578 25.000000 -86.415291
v 15.747578 -0.000000 -86.415291
v 15.804446 25.000000 -86.304367
v 15.804446 -0.000000 -86.304367
v 15.866773 25.000000 -86.196411
v 15.866773 -0.000000 -86.196411
v 15.934403 -0.000000 -86.091698
v 15.934403 25.000000 -86.091698
v 16.007168 25.000000 -85.990486
v 16.007168 -0.000000 -85.990486
v 16.084888 25.000000 -85.893028
v 16.084888 -0.000000 -85.893028
v 16.167370 25.000000 -85.799568
v 16.167370 -0.000000 -85.799568
v 16.254408 25.000000 -85.710335
v 16.254408 -0.000000 -85.710335
v 16.345785 25.000000 -85.625549
v 16.345785 -0.000000 -85.625549
v 16.441275 25.000000 -85.545418
v 16.441275 -0.000000 -85.545418
v 16.540640 25.000000 -85.470154
v 16.540640 -0.000000 -85.470154
v 16.643635 -0.000000 -85.399933
v 16.643635 25.000000 -85.399933
v 16.750000 25.000000 -85.334938
v 16.750000 -0.000000 -85.334938
v 16.859474 25.000000 -85.275322
v 16.859474 -0.000000 -85.275322
v 16.971783 25.000000 -85.221237
v 16.971783 -0.000000 -85.221237
v 17.086647 -0.000000 -85.172813
v 17.086647 25.000000 -85.172813
v 17.203783 25.000000 -85.130180
v 17.203783 -0.000000 -85.130180
v 17.322899 25.000000 -85.093437
v 17.322899 -0.000000 -85.093437
v 17.443697 25.000000 -85.062683
v 17.443697 -0.000000 -85.062683
v 17.565880 25.000000 -85.037979
v 17.565880 -0.000000 -85.037979
v 17.689140 25.000000 -85.019402
v 17.689140 -0.000000 -85.019402
v 17.813175 25.000000 -85.006989
v 17.813175 -0.000000 -85.006989
v 17.937674 -0.000000 -85.000778
v 17.937674 25.000000 -85.000778
v 18.062326 25.000000 -85.000778
v 18.062326 -0.000000 -85.000778
v 18.186825 25.000000 -85.006989
v 18.186825 -0.000000 -85.006989
v 18.310860 25.000000 -85.019402
v 18.310860 -0.000000 -85.019402
v 18.434120 25.000000 -85.037979
v 18.434120 -0.000000 -85.037979
v 18.556303 25.000000 -85.062683
v 18.556303 -0.000000 -85.062683
v 18.677101 25.000000 -85.093437
v 18.677101 -0.000000 -85.093437
v 18.796217 25.000000 -85.130180
v 18.796217 -0.000000 -85.130180
v 18.913353 25.000000 -85.172813
v 18.913353 -0.000000 -85.172813
v 19.028217 25.000000 -85.221237
v 19.028217 -0.000000 -85.221237
v 19.140526 25.000000 -85.275322
v 19.140526 -0.000000 -85.275322
v 19.250000 25.000000 -85.334938
v 19.250000 -0.000000 -85.334938
v 19.356365 25.000000 -85.399933
v 19.356365 -0.000000 -85.399933
v 19.459360 25.000000 -85.470154
v 19.459360 -0.000000 -85.470154
v 19.558725 25.000000 -85.545418
v 19.558725 -0.000000 -85.545418
v 19.654215 -0.000000 -85.625549
v 19.654215 25.000000 -85.625549
v 19.745592 25.000000 -85.710335
v 19.745592 -0.000000 -85.710335
v 19.832630 -0.000000 -85.799568
v 19.832630 25.000000 -85.799568
v 19.915112 25.000000 -85.893028
v 19.915112 -0.000000 -85.893028
v 19.992832 -0.000000 -85.990486
v 19.992832 25.000000 -85.990486
v 20.065598 25.000000 -86.091698
v 20.065598 -0.000000 -86.091698
v 20.133226 25.000000 -86.196411
v 20.133226 -0.000000 -86.196411
v 20.195555 25.000000 -86.304367
v 20.195555 -0.000000 -86.304367
v 20.252422 25.000000 -86.415291
v 20.252422 -0.000000 -86.415291
v 20.303690 25.000000 -86.528915
v 20.303690 -0.000000 -86.528915
v 20.349232 -0.000000 -86.644951
v 20.349232 25.000000 -86.644951
v 20.388931 25.000000 -86.763115
v 20.388931 -0.000000 -86.763115
v 20.422693 -0.000000 -86.883110
v 20.422693 25.000000 -86.883110
v 20.450432 25.000000 -87.004631
v 20.450432 -0.000000 -87.004631
v 20.472076 -0.000000 -87.127396
v 20.472076 25.000000 -87.127396
v 20.487577 25.000000 -87.251083
v 20.487577 -0.000000 -87.251083
v 20.496893 25.000000 -87.375389
v 20.496893 -0.000000 -87.375389
v 20.325001 0.666667 -112.500000
v 20.500000 0.000000 -112.500000
v 20.496893 0.000000 -112.624611
v 18.399504 8.000000 -112.519936
v 18.400000 8.000000 -112.500000
v 18.575001 7.333333 -112.500000
v 20.496893 -0.000000 -112.375389
v 18.399504 8.000000 -112.480064
v 20.313446 0.666667 -112.731499
v 20.487577 0.000000 -112.748917
v 20.472076 0.000000 -112.872604
v 20.278900 0.666667 -112.960693
v 20.450432 0.000000 -112.995369
v 20.422693 0.000000 -113.116890
v 20.221706 0.666667 -113.185303
v 20.388931 0.000000 -113.236885
v 20.349232 0.000000 -113.355049
v 20.142431 0.666667 -113.403114
v 20.303690 0.000000 -113.471085
v 20.252422 0.000000 -113.584709
v 20.041864 0.666667 -113.611938
v 20.195555 0.000000 -113.695633
v 20.133226 0.000000 -113.803589
v 20.139317 1.333333 -112.714073
v 20.150000 1.333333 -112.500000
v 19.921005 0.666667 -113.809723
v 20.065598 0.000000 -113.908302
v 19.992832 0.000000 -114.009514
v 20.107370 1.333333 -112.926018
v 19.781054 0.666667 -113.994484
v 19.915112 0.000000 -114.106972
v 19.832630 0.000000 -114.200432
v 20.054482 1.333333 -113.133720
v 19.623400 0.666667 -114.164391
v 19.745592 0.000000 -114.289665
v 19.654215 0.000000 -114.374451
v 19.981174 1.333333 -113.335136
v 19.449614 0.666667 -114.317757
v 19.558725 0.000000 -114.454582
v 19.459360 0.000000 -114.529846
v 19.888176 1.333333 -113.528244
v 19.261419 0.666667 -114.453064
v 19.356365 0.000000 -114.600067
v 19.250000 0.000000 -114.665062
v 19.965185 2.000000 -112.696648
v 19.975000 2.000000 -112.500000
v 19.776413 1.333333 -113.711136
v 19.060690 0.666667 -114.568954
v 19.140526 0.000000 -114.724678
v 19.028217 0.000000 -114.778763
v 19.935841 2.000000 -112.891342
v 19.646996 1.333333 -113.881996
v 18.849419 0.666667 -114.664284
v 18.913353 0.000000 -114.827187
v 18.796217 0.000000 -114.869820
v 19.887257 2.000000 -113.082138
v 19.501209 1.333333 -114.039116
v 18.629704 0.666667 -114.738098
v 18.677101 0.000000 -114.906563
v 18.556303 0.000000 -114.937317
v 19.819916 2.000000 -113.267159
v 19.340504 1.333333 -114.180939
v 18.403732 0.666667 -114.789680
v 18.434120 0.000000 -114.962021
v 18.310860 0.000000 -114.980598
v 19.734488 2.000000 -113.444550
v 19.166475 1.333333 -114.306053
v 18.173748 0.666667 -114.818497
v 18.186825 0.000000 -114.993011
v 18.062326 0.000000 -114.999222
v 19.791056 2.666667 -112.679222
v 19.799999 2.666667 -112.500000
v 19.631821 2.000000 -113.612556
v 18.980852 1.333333 -114.413223
v 17.942036 0.666667 -114.824280
v 17.937674 0.000000 -114.999222
v 17.813175 0.000000 -114.993011
v 19.764311 2.666667 -112.856667
v 19.512938 2.000000 -113.769508
v 18.785482 1.333333 -114.501381
v 17.710901 0.666667 -114.806953
v 17.689140 0.000000 -114.980598
v 17.565880 0.000000 -114.962021
v 19.720032 2.666667 -113.030556
v 19.379017 2.000000 -113.913834
v 18.582308 1.333333 -114.569641
v 17.482639 0.666667 -114.766708
v 17.443697 0.000000 -114.937317
v 17.322899 0.000000 -114.906563
v 19.658657 2.666667 -113.199181
v 19.231392 2.000000 -114.044121
v 18.373344 1.333333 -114.617340
v 17.259518 0.666667 -114.703934
v 17.203783 0.000000 -114.869820
v 17.086647 0.000000 -114.827187
v 19.580799 2.666667 -113.360855
v 19.071529 2.000000 -114.159050
v 18.160669 1.333333 -114.643990
v 17.043758 0.666667 -114.619247
v 16.971783 0.000000 -114.778763
v 16.859474 0.000000 -114.724678
v 19.616924 3.333333 -112.661797
v 19.625000 3.333333 -112.500000
v 19.487230 2.666667 -113.513977
v 18.901016 2.000000 -114.257500
v 17.946400 1.333333 -114.649330
v 16.837500 0.666667 -114.513512
v 16.750000 0.000000 -114.665062
v 16.643635 0.000000 -114.600067
v 19.592781 3.333333 -112.821991
v 19.378880 2.666667 -113.657021
v 18.721548 2.000000 -114.338478
v 17.732660 1.333333 -114.633316
v 16.642796 0.666667 -114.387756
v 16.540640 0.000000 -114.529846
v 16.441275 0.000000 -114.454582
v 19.552805 3.333333 -112.978973
v 19.256826 2.666667 -113.788559
v 18.534910 2.000000 -114.401184
v 17.521580 1.333333 -114.596092
v 16.461580 0.666667 -114.243240
v 16.345785 0.000000 -114.374451
v 16.254408 0.000000 -114.289665
v 19.497398 3.333333 -113.131210
v 19.122282 2.666667 -113.907295
v 18.342955 2.000000 -114.444992
v 17.315254 1.333333 -114.538040
v 16.295654 0.666667 -114.081398
v 16.167370 0.000000 -114.200432
v 16.084888 0.000000 -114.106972
v 19.427111 3.333333 -113.277161
v 18.976583 2.666667 -114.012047
v 18.147593 2.000000 -114.469475
v 17.115732 1.333333 -114.459740
v 19.442795 4.000000 -112.644371
v 19.450001 4.000000 -112.500000
v 16.146667 0.666667 -113.903847
v 16.007168 0.000000 -114.009514
v 15.934403 0.000000 -113.908302
v 19.342638 3.333333 -113.415398
v 18.821178 2.666667 -114.101768
v 17.950762 2.000000 -114.474388
v 16.924999 1.333333 -114.361954
v 19.421249 4.000000 -112.787315
v 16.016098 0.666667 -113.712334
v 15.866773 0.000000 -113.803589
v 15.804446 0.000000 -113.695633
v 19.244822 3.333333 -113.544533
v 18.657614 2.666667 -114.175575
v 17.754421 2.000000 -114.459671
v 16.744951 1.333333 -114.245667
v 19.385580 4.000000 -112.927399
v 15.905248 0.666667 -113.508781
v 15.747578 0.000000 -113.584709
v 15.696309 0.000000 -113.471085
v 19.134634 3.333333 -113.663284
v 18.487513 2.666667 -114.232727
v 17.560522 2.000000 -114.425484
v 16.577375 1.333333 -114.112030
v 19.336140 4.000000 -113.063232
v 15.815215 0.666667 -113.295197
v 15.650768 0.000000 -113.355049
v 15.611068 0.000000 -113.236885
v 19.013170 3.333333 -113.770477
v 18.312567 2.666667 -114.272652
v 17.370989 2.000000 -114.372154
v 16.423939 1.333333 -113.962372
v 19.273420 4.000000 -113.193466
v 15.746895 0.666667 -113.073708
v 15.577307 0.000000 -113.116890
v 15.549569 0.000000 -112.995369
v 18.881638 3.333333 -113.865044
v 18.134514 2.666667 -114.294968
v 17.187708 2.000000 -114.300224
v 19.268663 4.666667 -112.626945
v 19.275000 4.666667 -112.500000
v 16.286165 1.333333 -113.798180
v 19.198046 4.000000 -113.316811
v 15.700969 0.666667 -112.846519
v 15.527923 0.000000 -112.872604
v 15.512424 0.000000 -112.748917
v 18.741343 3.333333 -113.946045
v 17.955124 2.666667 -114.299438
v 17.012501 2.000000 -114.210403
v 19.249720 4.666667 -112.752640
v 16.165424 1.333333 -113.621086
v 19.110764 4.000000 -113.432045
v 15.677890 0.666667 -112.615891
v 15.503108 0.000000 -112.624611
v 15.500000 -0.000000 -112.500000
v 18.593679 3.333333 -114.012672
v 17.776182 2.666667 -114.286034
v 16.847107 2.000000 -114.103577
v 19.218355 4.666667 -112.875816
v 16.062918 1.333333 -113.432854
v 19.012444 4.000000 -113.538010
v 15.677890 0.666667 -112.384109
v 15.503108 -0.000000 -112.375389
v 15.512424 -0.000000 -112.251083
v 18.440115 3.333333 -114.064262
v 17.599463 2.666667 -114.254868
v 16.693171 2.000000 -113.980820
v 19.174883 4.666667 -112.995255
v 15.979661 1.333333 -113.235344
v 18.904060 4.000000 -113.633659
v 15.700969 0.666667 -112.153481
v 15.527923 -0.000000 -112.127396
v 15.549569 -0.000000 -112.004631
v 18.282179 3.333333 -114.100311
v 17.426723 2.666667 -114.206268
v 16.552223 2.000000 -113.843338
v 19.119732 4.666667 -113.109772
v 15.916484 1.333333 -113.030525
v 18.786692 4.000000 -113.718040
v 15.746895 0.666667 -111.926292
v 15.577307 -0.000000 -111.883110
v 15.611068 -0.000000 -111.763115
v 18.121437 3.333333 -114.120453
v 17.259684 2.666667 -114.140709
v 19.094534 5.333333 -112.609528
v 19.100000 5.333333 -112.500000
v 18.924999 6.000000 -112.500000
v 16.425663 2.000000 -113.692513
v 19.053455 4.666667 -113.218231
v 15.874014 1.333333 -112.820442
v 18.661505 4.000000 -113.790314
v 15.815215 0.666667 -111.704803
v 15.650768 -0.000000 -111.644951
v 15.696309 -0.000000 -111.528915
v 17.959488 3.333333 -114.124496
v 17.100000 2.666667 -114.058846
v 19.078190 5.333333 -112.717964
v 16.314751 2.000000 -113.529831
v 18.976707 4.666667 -113.319557
v 15.852673 1.333333 -112.607170
v 18.529745 4.000000 -113.849770
v 15.905248 0.666667 -111.491219
v 15.747578 -0.000000 -111.415291
v 15.804446 -0.000000 -111.304367
v 17.797941 3.333333 -114.112389
v 16.949261 2.666667 -113.961487
v 19.051130 5.333333 -112.824234
v 16.220587 2.000000 -113.356918
v 18.890251 4.666667 -113.412727
v 15.852673 1.333333 -112.392830
v 18.392719 4.000000 -113.895805
v 16.016098 0.666667 -111.287666
v 15.866773 -0.000000 -111.196411
v 15.934403 -0.000000 -111.091698
v 17.638403 3.333333 -114.084259
v 16.808966 2.666667 -113.849609
v 19.013624 5.333333 -112.927277
v 16.144108 2.000000 -113.175491
v 18.794949 4.666667 -113.496834
v 15.874014 1.333333 -112.179558
v 18.251789 4.000000 -113.927971
v 16.146667 0.666667 -111.096153
v 16.007168 -0.000000 -110.990486
v 16.084888 -0.000000 -110.893028
v 17.482460 3.333333 -114.040382
v 16.680506 2.666667 -113.724312
v 18.966043 5.333333 -113.026077
v 16.086073 2.000000 -112.987343
v 18.691746 4.666667 -113.571030
v 15.916484 1.333333 -111.969475
v 18.108358 4.000000 -113.945946
v 16.295654 0.666667 -110.918602
v 16.167370 -0.000000 -110.799568
v 16.254408 -0.000000 -110.710335
v 17.331659 3.333333 -113.981194
v 18.920403 6.000000 -112.592102
v 16.565161 2.666667 -113.586845
v 18.908863 5.333333 -113.119652
v 16.047060 2.000000 -112.794357
v 18.581669 4.666667 -113.634590
v 15.979661 1.333333 -111.764656
v 17.963850 4.000000 -113.949547
v 16.461580 0.666667 -110.756760
v 16.345785 -0.000000 -110.625549
v 16.441275 -0.000000 -110.545418
v 17.187500 3.333333 -113.907288
v 18.906660 6.000000 -112.683289
v 16.464077 2.666667 -113.438583
v 18.842649 5.333333 -113.207069
v 16.027454 2.000000 -112.598442
v 18.465809 4.666667 -113.686867
v 16.062918 1.333333 -111.567146
v 17.819702 4.000000 -113.938744
v 16.642796 0.666667 -110.612244
v 16.540640 -0.000000 -110.470154
v 16.643635 -0.000000 -110.399933
v 17.051416 3.333333 -113.819397
v 18.883905 6.000000 -112.772652
v 16.378256 2.666667 -113.280991
v 18.768061 5.333333 -113.287453
v 16.027454 2.000000 -112.401558
v 18.345322 4.666667 -113.727348
v 16.165424 1.333333 -111.378914
v 17.677345 4.000000 -113.913643
v 16.837500 0.666667 -110.486488
v 16.750000 -0.000000 -110.334938
v 16.859474 -0.000000 -110.275322
v 16.924761 3.333333 -113.718391
v 18.852365 6.000000 -112.859299
v 16.308554 2.666667 -113.115639
v 18.685839 5.333333 -113.360016
v 16.047060 2.000000 -112.205643
v 18.221401 4.666667 -113.755630
v 16.286165 1.333333 -111.201820
v 17.538195 4.000000 -113.874496
v 17.043758 0.666667 -110.380753
v 16.971783 -0.000000 -110.221237
v 17.086647 -0.000000 -110.172813
v 16.808790 3.333333 -113.605278
v 18.812355 6.000000 -112.942383
v 16.255661 2.666667 -112.944160
v 18.596802 5.333333 -113.424026
v 16.086073 2.000000 -112.012657
v 18.095282 4.666667 -113.771439
v 16.423939 1.333333 -111.037628
v 17.403633 4.000000 -113.821686
v 17.259518 0.666667 -110.296066
v 17.203783 -0.000000 -110.130180
v 17.322899 -0.000000 -110.093437
v 18.746273 6.666667 -112.574677
v 18.750000 6.666667 -112.500000
v 16.704660 3.333333 -113.481186
v 18.764271 6.000000 -113.021072
v 16.220104 2.666667 -112.768272
v 18.501831 5.333333 -113.478859
v 16.144108 2.000000 -111.824509
v 17.968214 4.666667 -113.774605
v 16.577375 1.333333 -110.887970
v 17.275000 4.000000 -113.755737
v 17.482639 0.666667 -110.233292
v 17.443697 -0.000000 -110.062683
v 17.565880 -0.000000 -110.037979
v 18.735130 6.666667 -112.648613
v 16.613401 3.333333 -113.347336
v 18.708591 6.000000 -113.094582
v 16.202238 2.666667 -112.589722
v 18.401875 5.333333 -113.523964
v 16.220587 2.000000 -111.643082
v 17.841461 4.666667 -113.765106
v 16.744951 1.333333 -110.754333
v 17.153572 4.000000 -113.677307
v 17.710901 0.666667 -110.193047
v 17.689140 -0.000000 -110.019402
v 17.813175 -0.000000 -110.006989
v 18.716681 6.666667 -112.721069
v 16.535925 3.333333 -113.205063
v 18.645868 6.000000 -113.162178
v 16.202238 2.666667 -112.410278
v 18.297924 5.333333 -113.558884
v 16.314751 2.000000 -111.470169
v 17.716286 4.666667 -113.743034
v 16.924999 1.333333 -110.638046
v 17.040556 4.000000 -113.587181
v 17.942036 0.666667 -110.175720
v 17.937674 -0.000000 -110.000778
v 18.062326 -0.000000 -110.000778
v 18.691107 6.666667 -112.791328
v 16.473000 3.333333 -113.055786
v 18.576729 6.000000 -113.223190
v 16.220104 2.666667 -112.231728
v 18.191013 5.333333 -113.583290
v 16.425663 2.000000 -111.307487
v 17.593929 4.666667 -113.708611
v 17.115732 1.333333 -110.540260
v 16.937075 4.000000 -113.486252
v 18.173748 0.666667 -110.181503
v 18.186825 -0.000000 -110.006989
v 18.310860 -0.000000 -110.019402
v 18.658667 6.666667 -112.858688
v 16.425249 3.333333 -112.900978
v 18.501856 6.000000 -113.277023
v 16.255661 2.666667 -112.055840
v 18.082203 5.333333 -113.596924
v 16.552223 2.000000 -111.156662
v 17.475609 4.666667 -113.662170
v 17.315254 1.333333 -110.461960
v 18.572144 7.333333 -112.557251
v 18.398012 8.000000 -112.539825
v 18.395533 8.000000 -112.559616
v 16.844158 4.000000 -113.375519
v 18.403732 0.666667 -110.210320
v 18.434120 -0.000000 -110.037979
v 18.556303 -0.000000 -110.062683
v 18.619678 6.666667 -112.922493
v 16.393150 3.333333 -112.742195
v 18.421995 6.000000 -113.323128
v 16.308554 2.666667 -111.884361
v 17.972576 5.333333 -113.599655
v 16.693171 2.000000 -111.019180
v 17.362499 4.666667 -113.604179
v 17.521580 1.333333 -110.403908
v 18.563599 7.333333 -112.613937
v 18.392069 8.000000 -112.579262
v 18.387630 8.000000 -112.598701
v 16.762728 4.000000 -113.256081
v 18.629704 0.666667 -110.261902
v 18.677101 -0.000000 -110.093437
v 18.796217 -0.000000 -110.130180
v 18.574533 6.666667 -112.982094
v 16.377020 3.333333 -112.581001
v 18.337940 6.000000 -113.361061
v 16.378256 2.666667 -111.719009
v 17.863222 5.333333 -113.591461
v 16.847107 2.000000 -110.896423
v 17.255728 4.666667 -113.535217
v 17.732660 1.333333 -110.366684
v 18.549454 7.333333 -112.669487
v 18.382229 8.000000 -112.617905
v 18.375877 8.000000 -112.636810
v 16.693596 4.000000 -113.129135
v 18.849419 0.666667 -110.335716
v 18.913353 -0.000000 -110.172813
v 19.028217 -0.000000 -110.221237
v 18.523678 6.666667 -113.036903
v 16.377020 3.333333 -112.418999
v 18.250528 6.000000 -113.390427
v 16.464077 2.666667 -111.561417
v 17.755226 5.333333 -113.572418
v 17.012501 2.000000 -110.789597
v 17.156351 4.666667 -113.455971
v 17.946400 1.333333 -110.350670
v 18.529848 7.333333 -112.723351
v 18.368591 8.000000 -112.655373
v 18.360388 8.000000 -112.673553
v 16.637445 4.000000 -112.995926
v 19.060690 0.666667 -110.431046
v 19.140526 -0.000000 -110.275322
v 19.250000 -0.000000 -110.334938
v 18.467617 6.666667 -113.086372
v 16.393150 3.333333 -112.257805
v 18.160625 6.000000 -113.410950
v 16.565161 2.666667 -111.413155
v 17.649664 5.333333 -113.542717
v 17.187708 2.000000 -110.699776
v 17.065359 4.666667 -113.367218
v 18.160669 1.333333 -110.356010
v 18.504978 7.333333 -112.774994
v 18.351288 8.000000 -112.691299
v 18.341316 8.000000 -112.708572
v 16.594837 4.000000 -112.857796
v 19.261419 0.666667 -110.546936
v 19.356365 -0.000000 -110.399933
v 19.459360 -0.000000 -110.470154
v 18.406910 6.666667 -113.130020
v 16.425249 3.333333 -112.099022
v 18.069126 6.000000 -113.422417
v 16.680506 2.666667 -111.275688
v 17.547585 5.333333 -113.502655
v 17.370989 2.000000 -110.627846
v 16.983656 4.666667 -113.269852
v 18.373344 1.333333 -110.382660
v 18.475088 7.333333 -112.823906
v 18.330496 8.000000 -112.725327
v 18.318853 8.000000 -112.741524
v 16.566195 4.000000 -112.716110
v 19.449614 0.666667 -110.682243
v 19.558725 -0.000000 -110.545418
v 19.654215 -0.000000 -110.625549
v 18.342157 6.666667 -113.167404
v 16.473000 3.333333 -111.944214
v 17.976938 6.000000 -113.424713
v 16.808966 2.666667 -111.150391
v 17.450001 5.333333 -113.452629
v 17.560522 2.000000 -110.574516
v 16.912054 4.666667 -113.164833
v 18.582308 1.333333 -110.430359
v 18.440475 7.333333 -112.869606
v 18.306417 8.000000 -112.757118
v 18.293221 8.000000 -112.772072
v 16.551802 4.000000 -112.572273
v 19.623400 0.666667 -110.835609
v 19.745592 -0.000000 -110.710335
v 19.832630 -0.000000 -110.799568
v 18.274006 6.666667 -113.198158
v 16.535925 3.333333 -111.794937
v 17.884981 6.000000 -113.417824
v 16.949261 2.666667 -111.038513
v 17.357882 5.333333 -113.393135
v 17.754421 2.000000 -110.540329
v 16.851265 4.666667 -113.053200
v 18.785482 1.333333 -110.498619
v 18.401485 7.333333 -112.911621
v 18.279295 8.000000 -112.786346
v 18.264675 8.000000 -112.799911
v 16.551802 4.000000 -112.427727
v 19.781054 0.666667 -111.005516
v 19.915112 -0.000000 -110.893028
v 19.992832 -0.000000 -110.990486
v 18.203131 6.666667 -113.221970
v 16.613401 3.333333 -111.652664
v 17.794168 6.000000 -113.401810
v 17.100000 2.666667 -110.941154
v 17.272146 5.333333 -113.324760
v 17.950762 2.000000 -110.525612
v 16.801891 4.666667 -112.936073
v 18.980852 1.333333 -110.586777
v 18.358507 7.333333 -112.949554
v 18.249395 8.000000 -112.812729
v 18.233498 8.000000 -112.824776
v 16.566195 4.000000 -112.283890
v 19.921005 0.666667 -111.190277
v 20.065598 -0.000000 -111.091698
v 20.133226 -0.000000 -111.196411
v 18.130236 6.666667 -113.238609
v 16.704660 3.333333 -111.518814
v 17.705400 6.000000 -113.376831
v 17.259684 2.666667 -110.859291
v 17.193644 5.333333 -113.248192
v 18.147593 2.000000 -110.530525
v 16.764427 4.666667 -112.814613
v 19.166475 1.333333 -110.693947
v 18.311964 7.333333 -112.983017
v 18.217018 8.000000 -112.836014
v 18.200001 8.000000 -112.846413
v 16.594837 4.000000 -112.142204
v 20.041864 0.666667 -111.388062
v 20.195555 -0.000000 -111.304367
v 20.252422 -0.000000 -111.415291
v 18.056047 6.666667 -113.247902
v 16.808790 3.333333 -111.394722
v 17.619560 6.000000 -113.343140
v 17.426723 2.666667 -110.793732
v 17.123154 5.333333 -113.164185
v 18.342955 2.000000 -110.555008
v 16.739241 4.666667 -112.690025
v 19.340504 1.333333 -110.819061
v 18.262321 7.333333 -113.011673
v 18.182484 8.000000 -112.855949
v 18.164515 8.000000 -112.864601
v 16.637445 4.000000 -112.004074
v 20.142431 0.666667 -111.596886
v 20.303690 -0.000000 -111.528915
v 20.349232 -0.000000 -111.644951
v 17.981302 6.666667 -113.249763
v 16.924761 3.333333 -111.281609
v 17.537500 6.000000 -113.301071
v 17.599463 2.666667 -110.745132
v 17.061380 5.333333 -113.073578
v 18.534910 2.000000 -110.598816
v 16.726585 4.666667 -112.563553
v 19.501209 1.333333 -110.960884
v 18.210072 7.333333 -113.035255
v 18.146137 8.000000 -112.872353
v 18.127394 8.000000 -112.879173
v 16.693596 4.000000 -111.870865
v 20.221706 0.666667 -111.814697
v 20.388931 -0.000000 -111.763115
v 20.422693 -0.000000 -111.883110
v 17.906742 6.666667 -113.244179
v 17.051416 3.333333 -111.180603
v 17.460037 6.000000 -113.251045
v 17.776182 2.666667 -110.713966
v 17.008934 5.333333 -112.977272
v 18.721548 2.000000 -110.661522
v 16.726585 4.666667 -112.436447
v 19.646996 1.333333 -111.118004
v 18.155733 7.333333 -113.053513
v 18.108335 8.000000 -112.885048
v 18.089008 8.000000 -112.889969
v 16.762728 4.000000 -111.743919
v 20.278900 0.666667 -112.039307
v 20.450432 -0.000000 -112.004631
v 20.472076 -0.000000 -112.127396
v 17.833109 6.666667 -113.231194
v 17.187500 3.333333 -111.092712
v 17.387941 6.000000 -113.193550
v 17.955124 2.666667 -110.700562
v 16.966337 5.333333 -112.876221
v 18.901016 2.000000 -110.742500
v 16.739241 4.666667 -112.309975
v 19.776413 1.333333 -111.288864
v 18.099848 7.333333 -113.066261
v 18.069460 8.000000 -112.893921
v 18.049738 8.000000 -112.896896
v 16.844158 4.000000 -111.624481
v 20.313446 0.666667 -112.268501
v 20.487577 -0.000000 -112.251083
v 17.761135 6.666667 -113.210945
v 17.331659 3.333333 -111.018806
v 17.321926 6.000000 -113.129158
v 18.134514 2.666667 -110.705032
v 16.934015 5.333333 -112.771431
v 19.071529 2.000000 -110.840950
v 16.764427 4.666667 -112.185387
v 19.888176 1.333333 -111.471756
v 18.042971 7.333333 -113.073395
v 18.029892 8.000000 -112.898880
v 18.009972 8.000000 -112.899879
v 16.937075 4.000000 -111.513748
v 17.691534 6.666667 -113.183632
v 17.482460 3.333333 -110.959618
v 17.262653 6.000000 -113.058517
v 18.312567 2.666667 -110.727348
v 16.912287 5.333333 -112.663948
v 19.231392 2.000000 -110.955879
v 16.801891 4.666667 -112.063927
v 19.981174 1.333333 -111.664864
v 17.985664 7.333333 -113.074821
v 17.990028 8.000000 -112.899879
v 17.970108 8.000000 -112.898880
v 17.040556 4.000000 -111.412819
v 17.625000 6.666667 -113.149521
v 17.638403 3.333333 -110.915741
v 17.210707 6.000000 -112.982330
v 18.487513 2.666667 -110.767273
v 16.901367 5.333333 -112.554832
v 19.379017 2.000000 -111.086166
v 16.851265 4.666667 -111.946800
v 20.054482 1.333333 -111.866280
v 17.928503 7.333333 -113.070534
v 17.950262 8.000000 -112.896896
v 17.930540 8.000000 -112.893921
v 17.153572 4.000000 -111.322693
v 17.562193 6.666667 -113.108955
v 17.797941 3.333333 -110.887611
v 17.166603 6.000000 -112.901344
v 18.657614 2.666667 -110.824425
v 16.901367 5.333333 -112.445168
v 19.512938 2.000000 -111.230492
v 16.912054 4.666667 -111.835167
v 20.107370 1.333333 -112.073982
v 17.872051 7.333333 -113.060585
v 17.910992 8.000000 -112.889969
v 17.891665 8.000000 -112.885048
v 17.275000 4.000000 -111.244263
v 17.503736 6.666667 -113.062332
v 17.959488 3.333333 -110.875504
v 17.130785 6.000000 -112.816368
v 18.821178 2.666667 -110.898232
v 16.912287 5.333333 -112.336052
v 19.631821 2.000000 -111.387444
v 16.983656 4.666667 -111.730148
v 20.139317 1.333333 -112.285927
v 17.816870 7.333333 -113.045059
v 17.872606 8.000000 -112.879173
v 17.853863 8.000000 -112.872353
v 17.403633 4.000000 -111.178314
v 17.450211 6.666667 -113.010132
v 18.121437 3.333333 -110.879547
v 17.103603 6.000000 -112.728249
v 18.976583 2.666667 -110.987953
v 16.934015 5.333333 -112.228569
v 19.734488 2.000000 -111.555450
v 17.065359 4.666667 -111.632782
v 17.763510 7.333333 -113.024117
v 17.835485 8.000000 -112.864601
v 17.817516 8.000000 -112.855949
v 17.538195 4.000000 -111.125504
v 17.402151 6.666667 -112.952850
v 18.282179 3.333333 -110.899689
v 17.085331 6.000000 -112.637863
v 19.122282 2.666667 -111.092705
v 16.966337 5.333333 -112.123779
v 19.819916 2.000000 -111.732841
v 17.156351 4.666667 -111.544029
v 17.712500 7.333333 -112.997963
v 17.799999 8.000000 -112.846413
v 17.782982 8.000000 -112.836014
v 17.677345 4.000000 -111.086357
v 17.360031 6.666667 -112.891075
v 18.440115 3.333333 -110.935738
v 17.076149 6.000000 -112.546104
v 19.256826 2.666667 -111.211441
v 17.008934 5.333333 -112.022728
v 19.887257 2.000000 -111.917862
v 17.255728 4.666667 -111.464783
v 17.664347 7.333333 -112.966866
v 17.766502 8.000000 -112.824776
v 17.750605 8.000000 -112.812729
v 17.819702 4.000000 -111.061256
v 17.324274 6.666667 -112.825417
v 18.593679 3.333333 -110.987328
v 17.076149 6.000000 -112.453896
v 19.378880 2.666667 -111.342979
v 17.061380 5.333333 -111.926422
v 19.935841 2.000000 -112.108658
v 17.362499 4.666667 -111.395821
v 17.619530 7.333333 -112.931122
v 17.735325 8.000000 -112.799911
v 17.720705 8.000000 -112.786346
v 17.963850 4.000000 -111.050453
v 17.295231 6.666667 -112.756516
v 18.741343 3.333333 -111.053955
v 17.085331 6.000000 -112.362137
v 19.487230 2.666667 -111.486023
v 17.123154 5.333333 -111.835815
v 19.965185 2.000000 -112.303352
v 17.475609 4.666667 -111.337830
v 17.578495 7.333333 -112.891098
v 17.706779 8.000000 -112.772072
v 17.693583 8.000000 -112.757118
v 18.108358 4.000000 -111.054054
v 17.273191 6.666667 -112.685066
v 18.881638 3.333333 -111.134956
v 17.103603 6.000000 -112.271751
v 19.580799 2.666667 -111.639145
v 17.193644 5.333333 -111.751808
v 17.593929 4.666667 -111.291389
v 17.541649 7.333333 -112.847191
v 17.681147 8.000000 -112.741524
v 17.669504 8.000000 -112.725327
v 18.251789 4.000000 -111.072029
v 17.258377 6.666667 -112.611778
v 19.013170 3.333333 -111.229523
v 17.130785 6.000000 -112.183632
v 19.658657 2.666667 -111.800819
v 17.272146 5.333333 -111.675240
v 17.716286 4.666667 -111.256966
v 17.509357 7.333333 -112.799828
v 17.658684 8.000000 -112.708572
v 17.648712 8.000000 -112.691299
v 18.392719 4.000000 -111.104195
v 17.250933 6.666667 -112.537384
v 19.134634 3.333333 -111.336716
v 17.166603 6.000000 -112.098656
v 19.720032 2.666667 -111.969444
v 17.357882 5.333333 -111.606865
v 17.841461 4.666667 -111.234894
v 17.481943 7.333333 -112.749481
v 17.639612 8.000000 -112.673553
v 17.631409 8.000000 -112.655373
v 18.529745 4.000000 -111.150230
v 17.250933 6.666667 -112.462616
v 19.244822 3.333333 -111.455467
v 17.210707 6.000000 -112.017670
v 19.764311 2.666667 -112.143333
v 17.450001 5.333333 -111.547371
v 17.968214 4.666667 -111.225395
v 17.459677 7.333333 -112.696663
v 17.624123 8.000000 -112.636810
v 17.617771 8.000000 -112.617905
v 18.661505 4.000000 -111.209686
v 17.258377 6.666667 -112.388222
v 19.342638 3.333333 -111.584602
v 17.262653 6.000000 -111.941483
v 19.791056 2.666667 -112.320778
v 17.547585 5.333333 -111.497345
v 18.095282 4.666667 -111.228561
v 17.442781 7.333333 -112.641884
v 17.612370 8.000000 -112.598701
v 17.607931 8.000000 -112.579262
v 18.786692 4.000000 -111.281960
v 17.273191 6.666667 -112.314934
v 19.427111 3.333333 -111.722839
v 17.321926 6.000000 -111.870842
v 17.649664 5.333333 -111.457283
v 18.221401 4.666667 -111.244370
v 17.431423 7.333333 -112.585701
v 17.604467 8.000000 -112.559616
v 17.601988 8.000000 -112.539825
v 18.904060 4.000000 -111.366341
v 17.295231 6.666667 -112.243484
v 19.497398 3.333333 -111.868790
v 17.387941 6.000000 -111.806450
v 17.755226 5.333333 -111.427582
v 18.345322 4.666667 -111.272652
v 17.425714 7.333333 -112.528664
v 17.600496 8.000000 -112.519936
v 17.600000 8.000000 -112.500000
v 19.012444 4.000000 -111.461990
v 17.324274 6.666667 -112.174583
v 19.552805 3.333333 -112.021027
v 17.460037 6.000000 -111.748955
v 17.863222 5.333333 -111.408539
v 18.465809 4.666667 -111.313133
v 17.425714 7.333333 -112.471336
v 17.600496 8.000000 -112.480064
v 17.601988 8.000000 -112.460175
v 19.110764 4.000000 -111.567955
v 17.360031 6.666667 -112.108925
v 19.592781 3.333333 -112.178009
v 17.537500 6.000000 -111.698929
v 17.972576 5.333333 -111.400345
v 18.581669 4.666667 -111.365410
v 17.431423 7.333333 -112.414299
v 17.604467 8.000000 -112.440384
v 17.607931 8.000000 -112.420738
v 19.198046 4.000000 -111.683189
v 17.402151 6.666667 -112.047150
v 19.616924 3.333333 -112.338203
v 17.619560 6.000000 -111.656860
v 18.082203 5.333333 -111.403076
v 18.691746 4.666667 -111.428970
v 17.442781 7.333333 -112.358116
v 17.612370 8.000000 -112.401299
v 17.617771 8.000000 -112.382095
v 19.273420 4.000000 -111.806534
v 17.450211 6.666667 -111.989868
v 17.705400 6.000000 -111.623169
v 18.191013 5.333333 -111.416710
v 18.794949 4.666667 -111.503166
v 17.459677 7.333333 -112.303337
v 17.624123 8.000000 -112.363190
v 17.631409 8.000000 -112.344627
v 19.336140 4.000000 -111.936768
v 17.503736 6.666667 -111.937668
v 17.794168 6.000000 -111.598190
v 18.297924 5.333333 -111.441116
v 18.890251 4.666667 -111.587273
v 17.481943 7.333333 -112.250519
v 17.639612 8.000000 -112.326447
v 17.648712 8.000000 -112.308701
v 19.385580 4.000000 -112.072601
v 17.562193 6.666667 -111.891045
v 17.884981 6.000000 -111.582176
v 18.401875 5.333333 -111.476036
v 18.976707 4.666667 -111.680443
v 17.509357 7.333333 -112.200172
v 17.658684 8.000000 -112.291428
v 17.669504 8.000000 -112.274673
v 19.421249 4.000000 -112.212685
v 17.625000 6.666667 -111.850479
v 17.976938 6.000000 -111.575287
v 18.501831 5.333333 -111.521141
v 19.053455 4.666667 -111.781769
v 17.541649 7.333333 -112.152809
v 17.681147 8.000000 -112.258476
v 17.693583 8.000000 -112.242882
v 19.442795 4.000000 -112.355629
v 17.691534 6.666667 -111.816368
v 18.069126 6.000000 -111.577583
v 18.596802 5.333333 -111.575974
v 19.119732 4.666667 -111.890228
v 17.578495 7.333333 -112.108902
v 17.706779 8.000000 -112.227928
v 17.720705 8.000000 -112.213654
v 17.761135 6.666667 -111.789055
v 18.160625 6.000000 -111.589050
v 18.685839 5.333333 -111.639984
v 19.174883 4.666667 -112.004745
v 17.619530 7.333333 -112.068878
v 17.735325 8.000000 -112.200089
v 17.750605 8.000000 -112.187271
v 17.833109 6.666667 -111.768806
v 18.250528 6.000000 -111.609573
v 18.768061 5.333333 -111.712547
v 19.218355 4.666667 -112.124184
v 17.664347 7.333333 -112.033134
v 17.766502 8.000000 -112.175224
v 17.782982 8.000000 -112.163986
v 17.906742 6.666667 -111.755821
v 18.337940 6.000000 -111.638939
v 18.842649 5.333333 -111.792931
v 19.249720 4.666667 -112.247360
v 17.712500 7.333333 -112.002037
v 17.799999 8.000000 -112.153587
v 17.817516 8.000000 -112.144051
v 17.981302 6.666667 -111.750237
v 18.421995 6.000000 -111.676872
v 18.908863 5.333333 -111.880348
v 19.268663 4.666667 -112.373055
v 17.763510 7.333333 -111.975883
v 17.835485 8.000000 -112.135399
v 17.853863 8.000000 -112.127647
v 18.056047 6.666667 -111.752098
v 18.501856 6.000000 -111.722977
v 18.966043 5.333333 -111.973923
v 17.816870 7.333333 -111.954941
v 17.872606 8.000000 -112.120827
v 17.891665 8.000000 -112.114952
v 18.130236 6.666667 -111.761391
v 18.576729 6.000000 -111.776810
v 19.013624 5.333333 -112.072723
v 17.872051 7.333333 -111.939415
v 17.910992 8.000000 -112.110031
v 17.930540 8.000000 -112.106079
v 18.203131 6.666667 -111.778030
v 18.645868 6.000000 -111.837822
v 19.051130 5.333333 -112.175766
v 17.928503 7.333333 -111.929466
v 17.950262 8.000000 -112.103104
v 17.970108 8.000000 -112.101120
v 18.274006 6.666667 -111.801842
v 18.708591 6.000000 -111.905418
v 19.078190 5.333333 -112.282036
v 17.985664 7.333333 -111.925179
v 17.990028 8.000000 -112.100121
v 18.009972 8.000000 -112.100121
v 18.342157 6.666667 -111.832596
v 18.764271 6.000000 -111.978928
v 19.094534 5.333333 -112.390472
v 18.042971 7.333333 -111.926605
v 18.029892 8.000000 -112.101120
v 18.049738 8.000000 -112.103104
v 18.406910 6.666667 -111.869980
v 18.812355 6.000000 -112.057617
v 18.099848 7.333333 -111.933739
v 18.069460 8.000000 -112.106079
v 18.089008 8.000000 -112.110031
v 18.467617 6.666667 -111.913628
v 18.852365 6.000000 -112.140701
v 18.155733 7.333333 -111.946487
v 18.127394 8.000000 -112.120827
v 18.108335 8.000000 -112.114952
v 18.523678 6.666667 -111.963097
v 18.883905 6.000000 -112.227348
v 18.210072 7.333333 -111.964745
v 18.146137 8.000000 -112.127647
v 18.164515 8.000000 -112.135399
v 18.574533 6.666667 -112.017906
v 18.906660 6.000000 -112.316711
v 18.262321 7.333333 -111.988327
v 18.182484 8.000000 -112.144051
v 18.200001 8.000000 -112.153587
v 18.619678 6.666667 -112.077507
v 18.920403 6.000000 -112.407898
v 18.311964 7.333333 -112.016983
v 18.217018 8.000000 -112.163986
v 18.233498 8.000000 -112.175224
v 18.658667 6.666667 -112.141312
v 18.358507 7.333333 -112.050446
v 18.249395 8.000000 -112.187271
v 18.264675 8.000000 -112.200089
v 18.691107 6.666667 -112.208672
v 18.401485 7.333333 -112.088379
v 18.279295 8.000000 -112.213654
v 18.293221 8.000000 -112.227928
v 18.716681 6.666667 -112.278931
v 18.440475 7.333333 -112.130394
v 18.306417 8.000000 -112.242882
v 18.318853 8.000000 -112.258476
v 18.735130 6.666667 -112.351387
v 18.475088 7.333333 -112.176094
v 18.330496 8.000000 -112.274673
v 18.341316 8.000000 -112.291428
v 18.746273 6.666667 -112.425323
v 18.504978 7.333333 -112.225006
v 18.351288 8.000000 -112.308701
v 18.360388 8.000000 -112.326447
v 18.529848 7.333333 -112.276649
v 18.368591 8.000000 -112.344627
v 18.375877 8.000000 -112.363190
v 18.549454 7.333333 -112.330513
v 18.382229 8.000000 -112.382095
v 18.387630 8.000000 -112.401299
v 18.563599 7.333333 -112.386063
v 18.392069 8.000000 -112.420738
v 18.395533 8.000000 -112.440384
v 18.572144 7.333333 -112.442749
v 18.398012 8.000000 -112.460175
v -32.000000 -5.000000 -81.500000
v -32.000000 -5.000000 81.500000
v -32.000000 -3.400000 -81.500000
v -32.000000 -3.400000 81.500000
v 32.000000 -5.000000 81.500000
v 32.000000 -5.000000 -81.500000
v 32.000000 -3.400000 -81.500000
v 32.000000 -3.400000 81.500000
v -26.000000 -15.000000 -50.000000
v -26.000000 -15.000000 10.000000
v -26.000000 -7.000000 -50.000000
v -26.000000 -7.000000 10.000000
v 26.000000 -15.000000 10.000000
v 26.000000 -15.000000 -50.000000
v 26.000000 -7.000000 -50.000000
v 26.000000 -7.000000 10.000000
vn -1.000000 0.000000 0.000000
vn -1.000000 0.000000 0.000000
vn 0.000000 0.000000 1.000000
vn 0.000000 0.000000 1.000000
vn 0.000000 0.000000 1.000000
vn 0.000000 0.000000 1.000000
vn 0.000000 0.000000 1.000000
vn 0.000000 0.000000 1.000000
vn -0.707111 0.707103 0.000000
vn -0.707094 0.707119 -0.000000
vn -0.707107 0.707107 0.000000
vn -0.707115 0.707098 0.000000
vn -0.707101 0.707112 -0.000000
vn -0.707110 0.707104 0.000000
vn -0.707101 0.707112 -0.000000
vn -0.707107 0.707107 0.000000
vn -0.707110 0.707104 0.000000
vn -0.707104 0.707110 -0.000000
vn -0.707110 0.707104 0.000000
vn -0.707112 0.707101 0.000000
vn -0.707098 0.707115 -0.000000
vn -0.707107 0.707107 0.000000
vn -0.707112 0.707101 0.000000
vn -0.707101 0.707112 0.000001
vn -0.707115 0.707098 -0.000002
vn -0.707107 0.707107 -0.000000
vn -0.707101 0.707112 0.000001
vn -0.707110 0.707104 -0.000001
vn -0.707104 0.707110 0.000001
vn -0.707107 0.707107 0.000000
vn -0.707107 0.707107 0.000000
vn -0.707104 0.707110 0.000001
vn -0.707113 0.707101 -0.000001
vn -0.707104 0.707110 0.000001
vn -0.707113 0.707100 -0.000001
vn -0.707103 0.707110 0.000001
vn -0.707103 0.707110 0.000001
vn -0.707110 0.707103 -0.000001
vn -0.707099 0.707114 0.000001
vn -0.707120 0.707094 -0.000002
vn -0.707101 0.707113 0.000001
vn -0.707107 0.707107 0.000000
vn -0.707107 0.707107 0.000000
vn -0.707107 0.707107 0.000000
vn -0.707114 0.707100 -0.000001
vn -0.707085 0.707128 0.000004
vn -0.707122 0.707092 -0.000003
vn -0.707107 0.707107 0.000000
vn -0.707115 0.707099 -0.000001
vn -0.707098 0.707115 0.000001
vn -0.707107 0.707107 0.000000
vn -0.707107 0.707107 0.000000
vn -0.707127 0.707087 -0.000003
vn -0.707085 0.707128 0.000004
vn -0.707118 0.707095 -0.000002
vn -0.707107 0.707107 -0.000000
vn -0.707107 0.707107 -0.000000
vn -0.707062 0.707151 0.000007
vn -0.707156 0.707058 -0.000008
vn -0.707107 0.707107 -0.000000
vn -0.707109 0.707105 -0.000000
vn -0.707111 0.707102 0.000000
vn -0.707094 0.707119 0.000000
vn -0.707107 0.707107 0.000000
vn -0.707103 0.707110 0.000000
vn -0.707115 0.707098 -0.000000
vn -0.707109 0.707105 0.000000
vn -0.707101 0.707112 -0.000000
vn -0.707103 0.707110 -0.000000
vn -0.707110 0.707104 0.000000
vn -0.707101 0.707112 -0.000000
vn -0.707112 0.707101 0.000000
vn -0.707107 0.707107 0.000000
vn -0.707110 0.707104 0.000000
vn -0.707105 0.707108 0.000000
vn -0.707104 0.707110 0.000000
vn -0.707110 0.707104 0.000000
vn -0.707107 0.707107 0.000000
vn -0.707112 0.707101 -0.000000
vn -0.707105 0.707109 -0.000000
vn -0.707098 0.707115 0.000000
vn -0.707110 0.707103 0.000000
vn -0.707112 0.707101 0.000000
vn -0.707101 0.707112 0.000000
vn -0.707105 0.707109 0.000000
vn -0.707115 0.707098 -0.000000
vn -0.707105 0.707109 -0.000000
vn -0.707107 0.707107 -0.000000
vn -0.707101 0.707113 -0.000000
vn -0.707105 0.707109 -0.000000
vn -0.707110 0.707104 0.000000
vn -0.707104 0.707110 -0.000000
vn -0.707113 0.707101 0.000000
vn -0.707107 0.707107 0.000000
vn -0.707107 0.707107 0.000000
vn -0.707107 0.707107 0.000000
vn -0.707104 0.707110 0.000000
vn -0.707099 0.707115 0.000000
vn -0.707113 0.707100 -0.000000
vn -0.707112 0.707101 -0.000000
vn -0.707103 0.707110 0.000000
vn -0.707104 0.707109 -0.000000
vn -0.707114 0.707100 0.000000
vn -0.707103 0.707110 -0.000000
vn -0.707113 0.707101 0.000000
vn -0.707103 0.707111 0.000000
vn -0.707107 0.707107 0.000000
vn -0.707111 0.707103 0.000000
vn -0.707096 0.707117 0.000000
vn -0.707099 0.707115 -0.000000
vn -0.707107 0.707107 0.000000
vn -0.707121 0.707092 -0.000000
vn -0.707100 0.707114 -0.000000
vn -0.707120 0.707094 0.000000
vn -0.707107 0.707107 0.000000
vn -0.707107 0.707107 0.000000
vn -0.707107 0.707107 0.000000
vn -0.707092 0.707122 -0.000000
vn -0.707107 0.707107 0.000000
vn -0.707115 0.707099 -0.000000
vn -0.707117 0.707096 -0.000000
vn -0.707082 0.707131 0.000000
vn -0.707124 0.707089 0.000000
vn -0.707095 0.707118 -0.000000
vn -0.707107 0.707107 -0.000000
vn -0.707113 0.707101 -0.000000
vn -0.707116 0.707097 -0.000000
vn -0.707097 0.707117 -0.000000
vn -0.707107 0.707107 -0.000000
vn -0.707107 0.707107 -0.000000
vn -0.707125 0.707089 -0.000000
vn -0.707107 0.707107 0.000000
vn -0.707087 0.707127 0.000000
vn -0.707132 0.707082 -0.000000
vn -0.707080 0.707134 -0.000000
vn -0.707107 0.707107 -0.000000
vn -0.707121 0.707092 -0.000000
vn -0.707131 0.707082 -0.000000
vn -0.707107 0.707107 0.000000
vn -0.707093 0.707121 -0.000000
vn -0.707107 0.707107 -0.000000
vn -0.707091 0.707123 -0.000000
vn -0.707045 0.707168 0.000000
vn -0.707178 0.707036 0.000000
vn -0.707146 0.707068 -0.000000
vn -0.707107 0.707107 0.000000
vn -0.707107 0.707107 0.000000
vn -0.707107 0.707107 0.000000
vn -0.707012 0.707202 -0.000000
vn -0.707019 0.707194 -0.000000
vn -0.707201 0.707013 -0.000000
vn -0.707107 0.707106 0.000000
vn -0.707109 0.707105 -0.000000
vn -0.707111 0.707102 0.000000
vn -0.707094 0.707119 0.000000
vn -0.707107 0.707107 0.000000
vn -0.707103 0.707110 0.000000
vn -0.707115 0.707098 -0.000000
vn -0.707109 0.707105 0.000000
vn -0.707101 0.707112 -0.000000
vn -0.707103 0.707110 -0.000000
vn -0.707110 0.707104 0.000000
vn -0.707101 0.707112 -0.000000
vn -0.707112 0.707101 0.000000
vn -0.707107 0.707107 0.000000
vn -0.707105 0.707108 0.000000
vn -0.707110 0.707104 0.000000
vn -0.707104 0.707110 0.000000
vn -0.707110 0.707104 0.000000
vn -0.707107 0.707107 0.000000
vn -0.707105 0.707108 -0.000000
vn -0.707112 0.707101 -0.000000
vn -0.707098 0.707115 0.000000
vn -0.707112 0.707101 0.000000
vn -0.707110 0.707103 0.000000
vn -0.707101 0.707112 0.000000
vn -0.707105 0.707109 0.000000
vn -0.707115 0.707098 -0.000000
vn -0.707105 0.707109 -0.000000
vn -0.707107 0.707107 -0.000000
vn -0.707101 0.707113 -0.000000
vn -0.707110 0.707104 0.000000
vn -0.707105 0.707109 -0.000000
vn -0.707113 0.707101 0.000000
vn -0.707104 0.707110 -0.000000
vn -0.707107 0.707107 0.000000
vn -0.707107 0.707107 0.000000
vn -0.707107 0.707107 0.000000
vn -0.707104 0.707110 0.000000
vn -0.707099 0.707115 0.000000
vn -0.707113 0.707100 -0.000000
vn -0.707112 0.707101 -0.000000
vn -0.707103 0.707110 0.000000
vn -0.707114 0.707100 0.000000
vn -0.707104 0.707109 -0.000000
vn -0.707103 0.707111 -0.000000
vn -0.707113 0.707101 0.000000
vn -0.707107 0.707107 0.000000
vn -0.707103 0.707111 0.000000
vn -0.707111 0.707103 0.000000
vn -0.707096 0.707117 0.000000
vn -0.707099 0.707115 -0.000000
vn -0.707107 0.707107 0.000000
vn -0.707121 0.707092 -0.000000
vn -0.707100 0.707114 -0.000000
vn -0.707120 0.707094 0.000000
vn -0.707107 0.707107 0.000000
vn -0.707107 0.707107 0.000000
vn -0.707107 0.707107 0.000000
vn -0.707107 0.707107 0.000000
vn -0.707092 0.707122 -0.000000
vn -0.707115 0.707099 -0.000000
vn -0.707117 0.707096 -0.000000
vn -0.707082 0.707131 0.000000
vn -0.707124 0.707089 0.000000
vn -0.707095 0.707118 -0.000000
vn -0.707107 0.707107 -0.000000
vn -0.707113 0.707101 -0.000000
vn -0.707116 0.707097 -0.000000
vn -0.707097 0.707117 -0.000000
vn -0.707107 0.707107 -0.000000
vn -0.707107 0.707107 -0.000000
vn -0.707125 0.707089 -0.000000
vn -0.707107 0.707107 0.000000
vn -0.707087 0.707127 0.000000
vn -0.707131 0.707082 -0.000000
vn -0.707080 0.707134 -0.000000
vn -0.707107 0.707107 -0.000000
vn -0.707121 0.707092 -0.000000
vn -0.707131 0.707082 -0.000000
vn -0.707107 0.707107 0.000000
vn -0.707093 0.707121 -0.000000
vn -0.707107 0.707107 -0.000000
vn -0.707091 0.707123 -0.000000
vn -0.707045 0.707168 0.000000
vn -0.707178 0.707036 0.000000
vn -0.707146 0.707068 -0.000000
vn -0.707107 0.707107 0.000000
vn -0.707107 0.707107 0.000000
vn -0.707012 0.707202 -0.000000
vn -0.707107 0.707107 0.000000
vn -0.707201 0.707013 -0.000000
vn -0.707019 0.707194 -0.000000
vn -0.707107 0.707106 0.000000
vn -0.707109 0.707105 -0.000000
vn -0.707111 0.707102 0.000000
vn -0.707094 0.707119 0.000000
vn -0.707103 0.707110 0.000000
vn -0.707107 0.707107 0.000000
vn -0.707115 0.707098 -0.000000
vn -0.707109 0.707105 0.000000
vn -0.707101 0.707112 -0.000000
vn -0.707103 0.707110 -0.000000
vn -0.707110 0.707104 0.000000
vn -0.707101 0.707112 -0.000000
vn -0.707112 0.707101 0.000000
vn -0.707107 0.707107 0.000000
vn -0.707105 0.707108 0.000000
vn -0.707110 0.707104 0.000000
vn -0.707104 0.707110 0.000000
vn -0.707107 0.707107 0.000000
vn -0.707110 0.707104 0.000000
vn -0.707105 0.707108 -0.000000
vn -0.707112 0.707101 -0.000000
vn -0.707098 0.707115 0.000000
vn -0.707110 0.707103 0.000000
vn -0.707112 0.707101 0.000000
vn -0.707105 0.707109 0.000000
vn -0.707101 0.707112 0.000000
vn -0.707115 0.707098 -0.000000
vn -0.707107 0.707107 -0.000000
vn -0.707105 0.707109 -0.000000
vn -0.707101 0.707113 -0.000000
vn -0.707105 0.707109 -0.000000
vn -0.707110 0.707104 0.000000
vn -0.707104 0.707110 -0.000000
vn -0.707113 0.707101 0.000000
vn -0.707107 0.707107 0.000000
vn -0.707107 0.707107 0.000000
vn -0.707107 0.707107 0.000000
vn -0.707099 0.707115 0.000000
vn -0.707104 0.707110 0.000000
vn -0.707113 0.707100 -0.000000
vn -0.707112 0.707101 -0.000000
vn -0.707103 0.707110 0.000000
vn -0.707114 0.707100 0.000000
vn -0.707104 0.707109 -0.000000
vn -0.707103 0.707110 -0.000000
vn -0.707113 0.707101 0.000000
vn -0.707103 0.707111 0.000000
vn -0.707107 0.707107 0.000000
vn -0.707111 0.707103 0.000000
vn -0.707096 0.707117 0.000000
vn -0.707099 0.707115 -0.000000
vn -0.707107 0.707107 0.000000
vn -0.707121 0.707092 -0.000000
vn -0.707100 0.707114 -0.000000
vn -0.707120 0.707094 0.000000
vn -0.707107 0.707107 0.000000
vn -0.707107 0.707107 0.000000
vn -0.707107 0.707107 0.000000
vn -0.707107 0.707107 0.000000
vn -0.707092 0.707122 -0.000000
vn -0.707115 0.707099 -0.000000
vn -0.707117 0.707096 -0.000000
vn -0.707082 0.707131 0.000000
vn -0.707124 0.707089 0.000000
vn -0.707095 0.707118 -0.000000
vn -0.707113 0.707101 -0.000000
vn -0.707107 0.707107 -0.000000
vn -0.707116 0.707097 -0.000000
vn -0.707097 0.707117 -0.000000
vn -0.707107 0.707107 -0.000000
vn -0.707107 0.707107 -0.000000
vn -0.707125 0.707089 -0.000000
vn -0.707087 0.707127 0.000000
vn -0.707107 0.707107 0.000000
vn -0.707131 0.707082 -0.000000
vn -0.707080 0.707134 -0.000000
vn -0.707107 0.707107 -0.000000
vn -0.707121 0.707092 -0.000000
vn -0.707131 0.707082 -0.000000
vn -0.707107 0.707107 0.000000
vn -0.707093 0.707121 -0.000000
vn -0.707107 0.707107 -0.000000
vn -0.707091 0.707123 -0.000000
vn -0.707045 0.707168 0.000000
vn -0.707178 0.707036 0.000000
vn -0.707146 0.707068 -0.000000
vn -0.707107 0.707107 0.000000
vn -0.707107 0.707107 0.000000
vn -0.707107 0.707107 0.000000
vn -0.707012 0.707202 -0.000000
vn -0.707019 0.707194 -0.000000
vn -0.707201 0.707013 -0.000000
vn -0.707107 0.707106 0.000000
vn -0.707109 0.707105 -0.000000
vn -0.707111 0.707102 0.000000
vn -0.707094 0.707119 0.000000
vn -0.707103 0.707110 0.000000
vn -0.707107 0.707107 0.000000
vn -0.707115 0.707098 -0.000000
vn -0.707109 0.707105 0.000000
vn -0.707101 0.707112 -0.000000
vn -0.707103 0.707110 -0.000000
vn -0.707110 0.707104 0.000000
vn -0.707101 0.707112 -0.000000
vn -0.707107 0.707107 0.000000
vn -0.707112 0.707101 0.000000
vn -0.707105 0.707108 0.000000
vn -0.707110 0.707104 0.000000
vn -0.707104 0.707110 0.000000
vn -0.707107 0.707107 0.000000
vn -0.707110 0.707104 0.000000
vn -0.707105 0.707109 -0.000000
vn -0.707112 0.707101 -0.000000
vn -0.707098 0.707115 0.000000
vn -0.707112 0.707101 0.000000
vn -0.707110 0.707103 0.000000
vn -0.707101 0.707112 0.000000
vn -0.707105 0.707109 0.000000
vn -0.707115 0.707098 -0.000000
vn -0.707105 0.707109 -0.000000
vn -0.707107 0.707107 -0.000000
vn -0.707101 0.707113 -0.000000
vn -0.707105 0.707109 -0.000000
vn -0.707110 0.707104 0.000000
vn -0.707104 0.707110 -0.000000
vn -0.707113 0.707101 0.000000
vn -0.707107 0.707107 0.000000
vn -0.707107 0.707107 0.000000
vn -0.707107 0.707107 0.000000
vn -0.707104 0.707110 0.000000
vn -0.707099 0.707115 0.000000
vn -0.707113 0.707100 -0.000000
vn -0.707112 0.707101 -0.000000
vn -0.707103 0.707110 0.000000
vn -0.707114 0.707100 0.000000
vn -0.707104 0.707109 -0.000000
vn -0.707103 0.707110 -0.000000
vn -0.707113 0.707101 0.000000
vn -0.707103 0.707111 0.000000
vn -0.707107 0.707107 0.000000
vn -0.707111 0.707103 0.000000
vn -0.707096 0.707117 0.000000
vn -0.707107 0.707107 0.000000
vn -0.707099 0.707115 -0.000000
vn -0.707121 0.707092 -0.000000
vn -0.707100 0.707114 -0.000000
vn -0.707120 0.707094 0.000000
vn -0.707107 0.707107 0.000000
vn -0.707107 0.707107 0.000000
vn -0.707107 0.707107 0.000000
vn -0.707107 0.707107 0.000000
vn -0.707092 0.707122 -0.000000
vn -0.707115 0.707099 -0.000000
vn -0.707117 0.707096 -0.000000
vn -0.707082 0.707131 0.000000
vn -0.707124 0.707089 0.000000
vn -0.707095 0.707118 -0.000000
vn -0.707107 0.707107 -0.000000
vn -0.707113 0.707101 -0.000000
vn -0.707116 0.707097 -0.000000
vn -0.707097 0.707117 -0.000000
vn -0.707107 0.707107 -0.000000
vn -0.707107 0.707107 -0.000000
vn -0.707125 0.707089 -0.000000
vn -0.707107 0.707107 0.000000
vn -0.707087 0.707127 0.000000
vn -0.707132 0.707082 -0.000000
vn -0.707080 0.707134 -0.000000
vn -0.707107 0.707107 -0.000000
vn -0.707121 0.707092 -0.000000
vn -0.707131 0.707082 -0.000000
vn -0.707107 0.707107 0.000000
vn -0.707093 0.707121 -0.000000
vn -0.707107 0.707107 -0.000000
vn -0.707091 0.707123 -0.000000
vn -0.707045 0.707168 0.000000
vn -0.707146 0.707068 -0.000000
vn -0.707178 0.707036 0.000000
vn -0.707107 0.707107 0.000000
vn -0.707107 0.707107 0.000000
vn -0.707107 0.707107 0.000000
vn -0.707012 0.707202 -0.000000
vn -0.707019 0.707194 -0.000000
vn -0.707201 0.707013 -0.000000
vn -0.707107 0.707106 0.000000
vn -0.707109 0.707105 0.000000
vn -0.707103 0.707110 0.000000
vn -0.707109 0.707105 -0.000000
vn -0.707103 0.707110 0.000000
vn -0.707112 0.707102 -0.000000
vn -0.707105 0.707108 0.000000
vn -0.707107 0.707107 0.000000
vn -0.707105 0.707109 0.000000
vn -0.707107 0.707107 -0.000000
vn -0.707111 0.707103 0.000001
vn -0.707105 0.707109 -0.000000
vn -0.707105 0.707109 -0.000000
vn -0.707106 0.707108 -0.000000
vn -0.707113 0.707100 0.000001
vn -0.707107 0.707107 0.000000
vn -0.707100 0.707114 -0.000001
vn -0.707111 0.707102 0.000001
vn -0.707104 0.707110 -0.000001
vn -0.707113 0.707101 0.000001
vn -0.707107 0.707107 0.000000
vn -0.707097 0.707116 -0.000002
vn -0.707107 0.707107 0.000000
vn -0.707120 0.707093 0.000002
vn -0.707107 0.707107 0.000000
vn -0.707092 0.707122 -0.000002
vn -0.707115 0.707099 0.000002
vn -0.707096 0.707118 -0.000002
vn -0.707113 0.707101 0.000001
vn -0.707110 0.707103 0.000000
vn -0.707120 0.707094 0.000003
vn -0.707089 0.707125 -0.000003
vn -0.707107 0.707107 0.000000
vn -0.707128 0.707085 0.000003
vn -0.707095 0.707119 -0.000001
vn -0.707094 0.707120 -0.000002
vn -0.707137 0.707077 0.000005
vn -0.707107 0.707107 0.000000
vn -0.707107 0.707107 0.000000
vn -0.707062 0.707152 0.000007
vn -0.707177 0.707037 -0.000011
vn -0.707107 0.707107 0.000000
vn -0.707059 0.707155 0.000008
vn -0.707107 0.707107 -0.000000
vn -0.707019 0.707195 -0.000005
vn -0.707164 0.707049 0.000004
vn -0.707106 0.707107 -0.000000
vn -0.707311 0.706903 0.000000
vn -0.707278 0.706935 0.000011
vn -0.707039 0.707175 -0.000006
vn -0.707153 0.707061 0.000004
vn -0.707107 0.707106 0.000000
vn -0.706386 0.707827 -0.000090
vn -0.707227 0.706986 0.000010
vn -0.707036 0.707177 -0.000006
vn -0.707157 0.707057 0.000004
vn -0.707107 0.707106 0.000000
vn -0.706760 0.707453 -0.000054
vn -0.707183 0.707031 0.000009
vn -0.707058 0.707156 -0.000006
vn -0.707143 0.707071 0.000004
vn -0.707107 0.707106 0.000000
vn -0.706921 0.707292 -0.000039
vn -0.707143 0.707071 0.000009
vn -0.707056 0.707157 -0.000006
vn -0.707146 0.707068 0.000005
vn -0.707144 0.707069 0.000008
vn -0.707046 0.707168 -0.000009
vn -0.999909 -0.000024 -0.013514
vn -0.999935 0.000000 -0.011363
vn -0.999180 -0.000039 -0.040495
vn -0.999419 0.000020 -0.034088
vn -0.999935 -0.000000 -0.011363
vn -0.997487 -0.000060 -0.070846
vn -0.998107 0.000051 -0.061494
vn -0.999909 0.000024 -0.013514
vn -0.999419 -0.000020 -0.034088
vn -0.994516 -0.000065 -0.104580
vn -0.995608 0.000057 -0.093625
vn -0.999180 0.000039 -0.040495
vn -0.998107 -0.000051 -0.061494
vn -0.990415 -0.000068 -0.138124
vn -0.992077 0.000060 -0.125633
vn -0.995608 -0.000057 -0.093625
vn -0.997487 0.000060 -0.070846
vn -0.985181 -0.000071 -0.171517
vn -0.987521 0.000063 -0.157485
vn -0.992077 -0.000060 -0.125633
vn -0.994516 0.000065 -0.104580
vn -0.978813 -0.000071 -0.204757
vn -0.981927 0.000064 -0.189260
vn -0.987521 -0.000063 -0.157485
vn -0.990415 0.000068 -0.138124
vn -0.971329 -0.000071 -0.237740
vn -0.975321 0.000065 -0.220793
vn -0.981927 -0.000064 -0.189260
vn -0.985181 0.000071 -0.171517
vn -0.962744 -0.000069 -0.270416
vn -0.967713 0.000064 -0.252056
vn -0.975321 -0.000065 -0.220793
vn -0.978813 0.000071 -0.204757
vn -0.959085 0.000062 -0.283119
vn -0.953043 -0.000066 -0.302836
vn -0.971329 0.000071 -0.237740
vn -0.967713 -0.000064 -0.252056
vn -0.949479 0.000058 -0.313829
vn -0.942254 -0.000062 -0.334900
vn -0.962744 0.000069 -0.270416
vn -0.959085 -0.000062 -0.283119
vn -0.930402 -0.000067 -0.366540
vn -0.938250 0.000073 -0.345957
vn -0.953043 0.000066 -0.302836
vn -0.949479 -0.000058 -0.313829
vn -0.916714 -0.000088 -0.399544
vn -0.924523 0.000099 -0.381126
vn -0.942254 0.000062 -0.334900
vn -0.938250 -0.000073 -0.345957
vn -0.900154 -0.000109 -0.435571
vn -0.908632 0.000099 -0.417597
vn -0.930402 0.000067 -0.366540
vn -0.924523 -0.000099 -0.381126
vn -0.881174 -0.000108 -0.472793
vn -0.891321 0.000099 -0.453372
vn -0.916714 0.000088 -0.399544
vn -0.908632 -0.000099 -0.417597
vn -0.872589 0.000097 -0.488455
vn -0.860685 -0.000105 -0.509139
vn -0.891321 -0.000099 -0.453372
vn -0.900154 0.000109 -0.435571
vn -0.852469 0.000093 -0.522778
vn -0.838670 -0.000100 -0.544640
vn -0.872589 -0.000097 -0.488455
vn -0.881174 0.000108 -0.472793
vn -0.831023 0.000087 -0.556238
vn -0.815215 -0.000094 -0.579158
vn -0.852469 -0.000093 -0.522778
vn -0.860685 0.000105 -0.509139
vn -0.808240 0.000079 -0.588853
vn -0.790346 -0.000085 -0.612661
vn -0.831023 -0.000087 -0.556238
vn -0.838670 0.000100 -0.544640
vn -0.782823 0.000104 -0.622245
vn -0.764068 -0.000095 -0.645136
vn -0.808240 -0.000079 -0.588853
vn -0.815215 0.000094 -0.579159
vn -0.752976 0.000147 -0.658048
vn -0.734875 -0.000133 -0.678203
vn -0.782823 -0.000104 -0.622245
vn -0.790346 0.000085 -0.612661
vn -0.719769 0.000150 -0.694214
vn -0.764068 0.000095 -0.645136
vn -0.752976 -0.000147 -0.658048
vn -0.700791 -0.000165 -0.713367
vn -0.734875 0.000133 -0.678203
vn -0.719769 -0.000150 -0.694214
vn -0.684855 0.000148 -0.728680
vn -0.663109 -0.000161 -0.748523
vn -0.655258 -0.000000 -0.755405
vn -0.700791 0.000165 -0.713367
vn -0.684855 -0.000148 -0.728680
vn -0.623747 -0.000000 -0.781627
vn -0.663109 0.000161 -0.748523
vn -0.655258 0.000000 -0.755405
vn -0.582649 -0.000000 -0.812724
vn -0.623747 0.000000 -0.781626
vn -0.539999 -0.000000 -0.841666
vn -0.582649 0.000000 -0.812724
vn -0.493437 -0.000000 -0.869782
vn -0.539999 0.000000 -0.841666
vn -0.439996 -0.000000 -0.898000
vn -0.493437 0.000000 -0.869782
vn -0.382007 -0.000000 -0.924159
vn -0.439996 0.000000 -0.898000
vn -0.382007 0.000000 -0.924159
vn -0.322451 -0.000000 -0.946586
vn -0.322451 0.000000 -0.946586
vn -0.261595 -0.000000 -0.965178
vn -0.261595 0.000000 -0.965178
vn -0.199701 -0.000000 -0.979857
vn -0.199701 0.000000 -0.979857
vn -0.136982 -0.000000 -0.990573
vn -0.136982 0.000000 -0.990573
vn -0.073728 -0.000000 -0.997278
vn -0.073728 0.000000 -0.997278
vn -0.010133 -0.000000 -0.999949
vn -0.010133 0.000000 -0.999949
vn 0.053443 0.000000 -0.998571
vn 0.053443 0.000000 -0.998571
vn 0.116856 0.000000 -0.993149
vn 0.116856 0.000000 -0.993149
vn 0.179774 0.000000 -0.983708
vn 0.179774 0.000000 -0.983708
vn 0.241948 0.000000 -0.970289
vn 0.241948 0.000000 -0.970289
vn 0.303187 0.000000 -0.952931
vn 0.303187 0.000000 -0.952931
vn -0.707111 -0.707103 0.000000
vn -0.707094 -0.707119 -0.000000
vn -0.707107 -0.707107 0.000000
vn -0.707115 -0.707098 0.000000
vn -0.707101 -0.707112 -0.000000
vn -0.707110 -0.707104 0.000000
vn -0.707101 -0.707112 -0.000000
vn -0.707107 -0.707107 0.000000
vn -0.707110 -0.707104 0.000000
vn -0.707104 -0.707109 -0.000000
vn -0.707109 -0.707104 0.000000
vn -0.707112 -0.707102 0.000000
vn -0.707099 -0.707115 -0.000000
vn -0.707107 -0.707107 0.000000
vn -0.707112 -0.707101 0.000000
vn -0.707100 -0.707113 0.000001
vn -0.707115 -0.707099 -0.000002
vn -0.707107 -0.707107 0.000000
vn -0.707100 -0.707113 0.000001
vn -0.707110 -0.707103 -0.000000
vn -0.707105 -0.707108 0.000001
vn -0.707105 -0.707108 0.000000
vn -0.707107 -0.707107 0.000000
vn -0.707103 -0.707110 0.000000
vn -0.707112 -0.707101 -0.000001
vn -0.707103 -0.707110 0.000000
vn -0.707114 -0.707099 -0.000001
vn -0.707105 -0.707109 0.000001
vn -0.707103 -0.707111 0.000001
vn -0.707111 -0.707103 -0.000001
vn -0.707098 -0.707115 0.000001
vn -0.707117 -0.707097 -0.000003
vn -0.707100 -0.707114 0.000001
vn -0.707107 -0.707107 0.000000
vn -0.707107 -0.707107 0.000000
vn -0.707107 -0.707107 0.000000
vn -0.707115 -0.707099 -0.000001
vn -0.707086 -0.707127 0.000004
vn -0.707120 -0.707094 -0.000003
vn -0.707107 -0.707107 0.000000
vn -0.707116 -0.707098 -0.000002
vn -0.707102 -0.707112 0.000001
vn -0.707107 -0.707107 0.000000
vn -0.707107 -0.707107 0.000000
vn -0.707124 -0.707090 -0.000004
vn -0.707089 -0.707125 0.000004
vn -0.707120 -0.707094 -0.000002
vn -0.707107 -0.707107 0.000000
vn -0.707107 -0.707107 0.000000
vn -0.707065 -0.707148 0.000007
vn -0.707153 -0.707061 -0.000007
vn -0.707107 -0.707107 0.000000
vn -0.707109 -0.707105 -0.000000
vn -0.707111 -0.707102 0.000000
vn -0.707094 -0.707119 0.000000
vn -0.707107 -0.707107 0.000000
vn -0.707103 -0.707110 0.000000
vn -0.707115 -0.707098 -0.000000
vn -0.707109 -0.707105 0.000000
vn -0.707101 -0.707112 -0.000000
vn -0.707103 -0.707110 -0.000000
vn -0.707110 -0.707104 0.000000
vn -0.707101 -0.707112 -0.000000
vn -0.707112 -0.707101 0.000000
vn -0.707107 -0.707107 0.000000
vn -0.707110 -0.707104 0.000000
vn -0.707105 -0.707108 0.000000
vn -0.707104 -0.707110 0.000000
vn -0.707110 -0.707104 0.000000
vn -0.707107 -0.707107 0.000000
vn -0.707112 -0.707101 -0.000000
vn -0.707105 -0.707109 -0.000000
vn -0.707098 -0.707115 0.000000
vn -0.707110 -0.707103 0.000000
vn -0.707112 -0.707101 0.000000
vn -0.707101 -0.707112 0.000000
vn -0.707105 -0.707109 0.000000
vn -0.707115 -0.707098 -0.000000
vn -0.707105 -0.707109 -0.000000
vn -0.707107 -0.707107 -0.000000
vn -0.707101 -0.707113 -0.000000
vn -0.707105 -0.707109 -0.000000
vn -0.707110 -0.707104 0.000000
vn -0.707104 -0.707110 -0.000000
vn -0.707113 -0.707101 0.000000
vn -0.707107 -0.707107 0.000000
vn -0.707107 -0.707107 0.000000
vn -0.707107 -0.707107 0.000000
vn -0.707104 -0.707110 0.000000
vn -0.707099 -0.707115 0.000000
vn -0.707113 -0.707100 -0.000000
vn -0.707112 -0.707101 -0.000000
vn -0.707103 -0.707110 0.000000
vn -0.707104 -0.707110 -0.000000
vn -0.707114 -0.707100 0.000000
vn -0.707103 -0.707110 -0.000000
vn -0.707113 -0.707101 0.000000
vn -0.707103 -0.707111 0.000000
vn -0.707107 -0.707107 0.000000
vn -0.707111 -0.707103 0.000000
vn -0.707096 -0.707118 0.000000
vn -0.707099 -0.707115 -0.000000
vn -0.707107 -0.707107 0.000000
vn -0.707121 -0.707092 -0.000000
vn -0.707100 -0.707114 -0.000000
vn -0.707120 -0.707094 0.000000
vn -0.707107 -0.707107 0.000000
vn -0.707107 -0.707107 0.000000
vn -0.707107 -0.707107 0.000000
vn -0.707092 -0.707122 -0.000000
vn -0.707107 -0.707107 0.000000
vn -0.707114 -0.707099 -0.000000
vn -0.707117 -0.707096 -0.000000
vn -0.707082 -0.707131 0.000000
vn -0.707124 -0.707089 0.000000
vn -0.707095 -0.707118 -0.000000
vn -0.707107 -0.707107 -0.000000
vn -0.707113 -0.707101 -0.000000
vn -0.707116 -0.707097 -0.000000
vn -0.707096 -0.707117 -0.000000
vn -0.707107 -0.707107 -0.000000
vn -0.707107 -0.707107 -0.000000
vn -0.707125 -0.707089 -0.000000
vn -0.707107 -0.707107 0.000000
vn -0.707087 -0.707127 0.000000
vn -0.707131 -0.707082 -0.000000
vn -0.707080 -0.707134 -0.000000
vn -0.707107 -0.707107 -0.000000
vn -0.707121 -0.707092 -0.000000
vn -0.707131 -0.707082 -0.000000
vn -0.707107 -0.707107 0.000000
vn -0.707093 -0.707121 -0.000000
vn -0.707107 -0.707107 -0.000000
vn -0.707091 -0.707123 -0.000000
vn -0.707045 -0.707168 0.000000
vn -0.707178 -0.707036 0.000000
vn -0.707146 -0.707068 -0.000000
vn -0.707107 -0.707107 0.000000
vn -0.707107 -0.707107 0.000000
vn -0.707107 -0.707107 0.000000
vn -0.707012 -0.707202 -0.000000
vn -0.707019 -0.707194 -0.000000
vn -0.707201 -0.707013 -0.000000
vn -0.707107 -0.707106 0.000000
vn -0.707109 -0.707105 -0.000000
vn -0.707111 -0.707103 0.000000
vn -0.707094 -0.707119 0.000000
vn -0.707107 -0.707107 0.000000
vn -0.707103 -0.707110 0.000000
vn -0.707115 -0.707098 -0.000000
vn -0.707109 -0.707105 0.000000
vn -0.707101 -0.707112 -0.000000
vn -0.707103 -0.707110 -0.000000
vn -0.707110 -0.707104 0.000000
vn -0.707101 -0.707112 -0.000000
vn -0.707112 -0.707101 0.000000
vn -0.707107 -0.707107 0.000000
vn -0.707105 -0.707108 0.000000
vn -0.707110 -0.707104 0.000000
vn -0.707104 -0.707110 0.000000
vn -0.707110 -0.707104 0.000000
vn -0.707107 -0.707107 0.000000
vn -0.707105 -0.707109 -0.000000
vn -0.707112 -0.707101 -0.000000
vn -0.707098 -0.707115 0.000000
vn -0.707112 -0.707101 0.000000
vn -0.707110 -0.707103 0.000000
vn -0.707101 -0.707112 0.000000
vn -0.707105 -0.707109 0.000000
vn -0.707115 -0.707098 -0.000000
vn -0.707105 -0.707109 -0.000000
vn -0.707107 -0.707107 -0.000000
vn -0.707101 -0.707113 -0.000000
vn -0.707110 -0.707104 0.000000
vn -0.707105 -0.707109 -0.000000
vn -0.707113 -0.707101 0.000000
vn -0.707104 -0.707110 -0.000000
vn -0.707107 -0.707107 0.000000
vn -0.707107 -0.707107 0.000000
vn -0.707107 -0.707107 0.000000
vn -0.707104 -0.707110 0.000000
vn -0.707099 -0.707115 0.000000
vn -0.707113 -0.707100 -0.000000
vn -0.707112 -0.707101 -0.000000
vn -0.707103 -0.707110 0.000000
vn -0.707114 -0.707100 0.000000
vn -0.707104 -0.707110 -0.000000
vn -0.707103 -0.707111 -0.000000
vn -0.707113 -0.707101 0.000000
vn -0.707107 -0.707107 0.000000
vn -0.707103 -0.707111 0.000000
vn -0.707111 -0.707103 0.000000
vn -0.707096 -0.707117 0.000000
vn -0.707099 -0.707115 -0.000000
vn -0.707107 -0.707107 0.000000
vn -0.707121 -0.707092 -0.000000
vn -0.707100 -0.707114 -0.000000
vn -0.707120 -0.707094 0.000000
vn -0.707107 -0.707107 0.000000
vn -0.707107 -0.707107 0.000000
vn -0.707107 -0.707107 0.000000
vn -0.707107 -0.707107 0.000000
vn -0.707092 -0.707122 -0.000000
vn -0.707114 -0.707099 -0.000000
vn -0.707117 -0.707096 -0.000000
vn -0.707082 -0.707131 0.000000
vn -0.707124 -0.707089 0.000000
vn -0.707095 -0.707118 -0.000000
vn -0.707107 -0.707107 -0.000000
vn -0.707113 -0.707101 -0.000000
vn -0.707116 -0.707097 -0.000000
vn -0.707097 -0.707117 -0.000000
vn -0.707107 -0.707107 -0.000000
vn -0.707107 -0.707107 -0.000000
vn -0.707125 -0.707089 -0.000000
vn -0.707107 -0.707107 0.000000
vn -0.707087 -0.707127 0.000000
vn -0.707132 -0.707082 -0.000000
vn -0.707080 -0.707134 -0.000000
vn -0.707107 -0.707107 -0.000000
vn -0.707121 -0.707092 -0.000000
vn -0.707131 -0.707082 -0.000000
vn -0.707107 -0.707107 0.000000
vn -0.707093 -0.707121 -0.000000
vn -0.707107 -0.707107 -0.000000
vn -0.707091 -0.707123 -0.000000
vn -0.707045 -0.707168 0.000000
vn -0.707178 -0.707036 0.000000
vn -0.707146 -0.707068 -0.000000
vn -0.707107 -0.707107 0.000000
vn -0.707107 -0.707107 0.000000
vn -0.707012 -0.707202 -0.000000
vn -0.707107 -0.707107 0.000000
vn -0.707201 -0.707013 -0.000000
vn -0.707019 -0.707194 -0.000000
vn -0.707107 -0.707106 0.000000
vn -0.707109 -0.707105 -0.000000
vn -0.707111 -0.707103 0.000000
vn -0.707094 -0.707119 0.000000
vn -0.707103 -0.707110 0.000000
vn -0.707107 -0.707107 0.000000
vn -0.707115 -0.707098 -0.000000
vn -0.707109 -0.707105 0.000000
vn -0.707101 -0.707112 -0.000000
vn -0.707103 -0.707110 -0.000000
vn -0.707110 -0.707104 0.000000
vn -0.707101 -0.707112 -0.000000
vn -0.707112 -0.707101 0.000000
vn -0.707107 -0.707107 0.000000
vn -0.707105 -0.707108 0.000000
vn -0.707110 -0.707104 0.000000
vn -0.707104 -0.707110 0.000000
vn -0.707107 -0.707107 0.000000
vn -0.707110 -0.707104 0.000000
vn -0.707105 -0.707109 -0.000000
vn -0.707112 -0.707101 -0.000000
vn -0.707098 -0.707115 0.000000
vn -0.707110 -0.707103 0.000000
vn -0.707112 -0.707101 0.000000
vn -0.707105 -0.707109 0.000000
vn -0.707101 -0.707112 0.000000
vn -0.707115 -0.707098 -0.000000
vn -0.707107 -0.707107 -0.000000
vn -0.707105 -0.707109 -0.000000
vn -0.707101 -0.707113 -0.000000
vn -0.707105 -0.707109 -0.000000
vn -0.707110 -0.707104 0.000000
vn -0.707104 -0.707110 -0.000000
vn -0.707113 -0.707101 0.000000
vn -0.707107 -0.707107 0.000000
vn -0.707107 -0.707107 0.000000
vn -0.707107 -0.707107 0.000000
vn -0.707099 -0.707115 0.000000
vn -0.707104 -0.707110 0.000000
vn -0.707113 -0.707100 -0.000000
vn -0.707112 -0.707101 -0.000000
vn -0.707103 -0.707110 0.000000
vn -0.707114 -0.707100 0.000000
vn -0.707104 -0.707110 -0.000000
vn -0.707103 -0.707111 -0.000000
vn -0.707113 -0.707101 0.000000
vn -0.707103 -0.707111 0.000000
vn -0.707107 -0.707107 0.000000
vn -0.707111 -0.707103 0.000000
vn -0.707096 -0.707117 0.000000
vn -0.707099 -0.707115 -0.000000
vn -0.707107 -0.707107 0.000000
vn -0.707121 -0.707092 -0.000000
vn -0.707100 -0.707114 -0.000000
vn -0.707120 -0.707094 0.000000
vn -0.707107 -0.707107 0.000000
vn -0.707107 -0.707107 0.000000
vn -0.707107 -0.707107 0.000000
vn -0.707107 -0.707107 0.000000
vn -0.707092 -0.707122 -0.000000
vn -0.707114 -0.707099 -0.000000
vn -0.707117 -0.707096 -0.000000
vn -0.707082 -0.707131 0.000000
vn -0.707124 -0.707089 0.000000
vn -0.707095 -0.707118 -0.000000
vn -0.707113 -0.707101 -0.000000
vn -0.707107 -0.707107 -0.000000
vn -0.707116 -0.707097 -0.000000
vn -0.707097 -0.707117 -0.000000
vn -0.707107 -0.707107 -0.000000
vn -0.707107 -0.707107 -0.000000
vn -0.707125 -0.707089 -0.000000
vn -0.707087 -0.707127 0.000000
vn -0.707107 -0.707107 0.000000
vn -0.707132 -0.707082 -0.000000
vn -0.707080 -0.707134 -0.000000
vn -0.707107 -0.707107 -0.000000
vn -0.707121 -0.707092 -0.000000
vn -0.707131 -0.707082 -0.000000
vn -0.707107 -0.707107 0.000000
vn -0.707093 -0.707121 -0.000000
vn -0.707107 -0.707107 -0.000000
vn -0.707091 -0.707123 -0.000000
vn -0.707045 -0.707168 0.000000
vn -0.707178 -0.707036 0.000000
vn -0.707146 -0.707068 -0.000000
vn -0.707107 -0.707107 0.000000
vn -0.707107 -0.707107 0.000000
vn -0.707107 -0.707107 0.000000
vn -0.707012 -0.707202 -0.000000
vn -0.707019 -0.707194 -0.000000
vn -0.707201 -0.707013 -0.000000
vn -0.707107 -0.707106 0.000000
vn -0.707109 -0.707105 -0.000000
vn -0.707111 -0.707102 0.000000
vn -0.707094 -0.707119 0.000000
vn -0.707103 -0.707110 0.000000
vn -0.707107 -0.707107 0.000000
vn -0.707115 -0.707098 -0.000000
vn -0.707109 -0.707105 0.000000
vn -0.707101 -0.707112 -0.000000
vn -0.707103 -0.707110 -0.000000
vn -0.707110 -0.707104 0.000000
vn -0.707101 -0.707112 -0.000000
vn -0.707107 -0.707107 0.000000
vn -0.707112 -0.707101 0.000000
vn -0.707105 -0.707108 0.000000
vn -0.707110 -0.707104 0.000000
vn -0.707104 -0.707110 0.000000
vn -0.707107 -0.707107 0.000000
vn -0.707110 -0.707104 0.000000
vn -0.707105 -0.707109 -0.000000
vn -0.707112 -0.707101 -0.000000
vn -0.707098 -0.707115 0.000000
vn -0.707112 -0.707101 0.000000
vn -0.707110 -0.707103 0.000000
vn -0.707101 -0.707112 0.000000
vn -0.707105 -0.707109 0.000000
vn -0.707115 -0.707098 -0.000000
vn -0.707105 -0.707109 -0.000000
vn -0.707107 -0.707107 -0.000000
vn -0.707101 -0.707113 -0.000000
vn -0.707105 -0.707109 -0.000000
vn -0.707110 -0.707104 0.000000
vn -0.707104 -0.707110 -0.000000
vn -0.707113 -0.707101 0.000000
vn -0.707107 -0.707107 0.000000
vn -0.707107 -0.707107 0.000000
vn -0.707107 -0.707107 0.000000
vn -0.707104 -0.707110 0.000000
vn -0.707099 -0.707115 0.000000
vn -0.707113 -0.707100 -0.000000
vn -0.707112 -0.707101 -0.000000
vn -0.707103 -0.707110 0.000000
vn -0.707114 -0.707100 0.000000
vn -0.707104 -0.707110 -0.000000
vn -0.707103 -0.707110 -0.000000
vn -0.707113 -0.707101 0.000000
vn -0.707103 -0.707111 0.000000
vn -0.707107 -0.707107 0.000000
vn -0.707111 -0.707103 0.000000
vn -0.707096 -0.707118 0.000000
vn -0.707107 -0.707107 0.000000
vn -0.707099 -0.707115 -0.000000
vn -0.707121 -0.707092 -0.000000
vn -0.707100 -0.707114 -0.000000
vn -0.707120 -0.707094 0.000000
vn -0.707107 -0.707107 0.000000
vn -0.707107 -0.707107 0.000000
vn -0.707107 -0.707107 0.000000
vn -0.707107 -0.707107 0.000000
vn -0.707092 -0.707122 -0.000000
vn -0.707114 -0.707099 -0.000000
vn -0.707117 -0.707096 -0.000000
vn -0.707082 -0.707131 0.000000
vn -0.707124 -0.707089 0.000000
vn -0.707095 -0.707118 -0.000000
vn -0.707107 -0.707107 -0.000000
vn -0.707113 -0.707101 -0.000000
vn -0.707116 -0.707097 -0.000000
vn -0.707096 -0.707117 -0.000000
vn -0.707107 -0.707107 -0.000000
vn -0.707107 -0.707107 -0.000000
vn -0.707125 -0.707089 -0.000000
vn -0.707107 -0.707107 0.000000
vn -0.707087 -0.707127 0.000000
vn -0.707131 -0.707082 -0.000000
vn -0.707080 -0.707134 -0.000000
vn -0.707107 -0.707107 -0.000000
vn -0.707121 -0.707092 -0.000000
vn -0.707131 -0.707082 -0.000000
vn -0.707107 -0.707107 0.000000
vn -0.707093 -0.707121 -0.000000
vn -0.707107 -0.707107 -0.000000
vn -0.707091 -0.707123 -0.000000
vn -0.707045 -0.707168 0.000000
vn -0.707146 -0.707068 -0.000000
vn -0.707178 -0.707036 0.000000
vn -0.707107 -0.707107 0.000000
vn -0.707107 -0.707107 0.000000
vn -0.707107 -0.707107 0.000000
vn -0.707012 -0.707202 -0.000000
vn -0.707019 -0.707194 -0.000000
vn -0.707201 -0.707013 -0.000000
vn -0.707107 -0.707106 0.000000
vn -0.707109 -0.707105 0.000000
vn -0.707103 -0.707110 0.000000
vn -0.707109 -0.707105 -0.000000
vn -0.707103 -0.707110 0.000000
vn -0.707112 -0.707102 -0.000000
vn -0.707105 -0.707108 0.000000
vn -0.707107 -0.707107 0.000000
vn -0.707105 -0.707109 0.000000
vn -0.707107 -0.707107 -0.000000
vn -0.707110 -0.707103 0.000001
vn -0.707105 -0.707109 -0.000000
vn -0.707105 -0.707109 -0.000000
vn -0.707105 -0.707109 -0.000000
vn -0.707112 -0.707101 0.000001
vn -0.707107 -0.707107 0.000000
vn -0.707099 -0.707114 -0.000002
vn -0.707112 -0.707102 0.000001
vn -0.707104 -0.707109 -0.000001
vn -0.707112 -0.707101 0.000001
vn -0.707107 -0.707107 0.000000
vn -0.707097 -0.707116 -0.000002
vn -0.707107 -0.707107 -0.000000
vn -0.707119 -0.707095 0.000002
vn -0.707107 -0.707107 0.000000
vn -0.707094 -0.707120 -0.000002
vn -0.707116 -0.707098 0.000002
vn -0.707097 -0.707117 -0.000002
vn -0.707112 -0.707101 0.000001
vn -0.707107 -0.707107 -0.000000
vn -0.707122 -0.707092 0.000002
vn -0.707091 -0.707123 -0.000003
vn -0.707107 -0.707107 -0.000000
vn -0.707126 -0.707088 0.000003
vn -0.707096 -0.707117 -0.000002
vn -0.707095 -0.707119 -0.000002
vn -0.707133 -0.707080 0.000004
vn -0.707107 -0.707107 0.000000
vn -0.707107 -0.707107 0.000000
vn -0.707082 -0.707132 0.000006
vn -0.707165 -0.707048 -0.000012
vn -0.707107 -0.707107 0.000000
vn -0.707053 -0.707160 0.000008
vn -0.707107 -0.707107 0.000000
vn -0.707026 -0.707187 -0.000006
vn -0.707160 -0.707054 0.000004
vn -0.707106 -0.707107 -0.000000
vn -0.707311 -0.706903 0.000000
vn -0.707244 -0.706969 0.000012
vn -0.707034 -0.707179 -0.000006
vn -0.707156 -0.707057 0.000004
vn -0.707107 -0.707106 0.000000
vn -0.706317 -0.707895 -0.000081
vn -0.707217 -0.706997 0.000011
vn -0.707043 -0.707171 -0.000007
vn -0.707152 -0.707062 0.000005
vn -0.707107 -0.707106 0.000000
vn -0.706714 -0.707500 -0.000049
vn -0.707193 -0.707021 0.000011
vn -0.707052 -0.707162 -0.000007
vn -0.707147 -0.707066 0.000005
vn -0.707107 -0.707106 0.000000
vn -0.706884 -0.707330 -0.000035
vn -0.707171 -0.707042 0.000010
vn -0.707061 -0.707152 -0.000007
vn -0.707142 -0.707072 0.000005
vn -0.707151 -0.707062 0.000007
vn -0.707052 -0.707161 -0.000009
vn 0.000000 1.000000 0.000000
vn 0.000000 1.000000 0.000000
vn 0.000000 1.000000 0.000000
vn 0.000000 1.000000 0.000000
vn 0.000000 1.000000 0.000000
vn 0.000000 1.000000 0.000000
vn 0.000000 1.000000 0.000000
vn 0.000000 1.000000 0.000000
vn 0.707107 0.707107 -0.000000
vn 0.707094 0.707120 0.000002
vn 0.707119 0.707095 -0.000002
vn 0.707116 0.707098 -0.000002
vn 0.707107 0.707107 0.000000
vn 0.707097 0.707117 0.000002
vn 0.707097 0.707116 0.000002
vn 0.707112 0.707101 -0.000001
vn 0.707107 0.707107 -0.000000
vn 0.707107 0.707107 0.000000
vn 0.707112 0.707101 -0.000001
vn 0.707122 0.707092 -0.000002
vn 0.707091 0.707123 0.000003
vn 0.707104 0.707109 0.000001
vn 0.707107 0.707107 0.000000
vn 0.707126 0.707088 -0.000003
vn 0.707112 0.707102 -0.000001
vn 0.707096 0.707117 0.000002
vn 0.707099 0.707114 0.000002
vn 0.707095 0.707119 0.000002
vn 0.707133 0.707080 -0.000004
vn 0.707107 0.707107 -0.000000
vn 0.707107 0.707107 -0.000000
vn 0.707052 0.707161 0.000009
vn 0.707112 0.707101 -0.000001
vn 0.707151 0.707062 -0.000007
vn 0.707105 0.707109 0.000000
vn 0.707049 0.707164 0.000009
vn 0.707189 0.707025 -0.000013
vn 0.707105 0.707109 0.000000
vn 0.707105 0.707109 0.000000
vn 0.707107 0.707107 0.000000
vn 0.707110 0.707103 -0.000001
vn 0.707105 0.707109 -0.000000
vn 0.707107 0.707107 0.000000
vn 0.707105 0.707108 -0.000000
vn 0.707112 0.707102 0.000000
vn 0.707103 0.707110 -0.000000
vn 0.707109 0.707105 0.000000
vn 0.707103 0.707110 -0.000000
vn 0.707109 0.707105 0.000000
vn 0.707107 0.707107 -0.000000
vn 0.707107 0.707107 -0.000000
vn 0.707101 0.707112 -0.000000
vn 0.707092 0.707122 -0.000000
vn 0.707094 0.707120 0.000000
vn 0.707113 0.707101 0.000000
vn 0.707117 0.707096 0.000000
vn 0.707120 0.707094 0.000000
vn 0.707128 0.707086 -0.000000
vn 0.707117 0.707096 -0.000000
vn 0.707107 0.707107 0.000000
vn 0.707102 0.707112 -0.000000
vn 0.707107 0.707107 0.000000
vn 0.707099 0.707114 0.000000
vn 0.707096 0.707118 0.000000
vn 0.707112 0.707102 -0.000000
vn 0.707096 0.707118 -0.000000
vn 0.707091 0.707122 -0.000000
vn 0.707113 0.707101 0.000000
vn 0.707107 0.707107 -0.000000
vn 0.707094 0.707120 -0.000000
vn 0.707107 0.707107 -0.000000
vn 0.707107 0.707107 -0.000000
vn 0.707107 0.707107 -0.000000
vn 0.707120 0.707094 0.000000
vn 0.707113 0.707101 0.000000
vn 0.707134 0.707079 -0.000000
vn 0.707125 0.707089 -0.000000
vn 0.707087 0.707127 0.000000
vn 0.707087 0.707127 0.000000
vn 0.707103 0.707111 -0.000000
vn 0.707099 0.707115 -0.000000
vn 0.707104 0.707110 -0.000000
vn 0.707129 0.707084 0.000000
vn 0.707107 0.707107 0.000000
vn 0.707107 0.707107 0.000000
vn 0.707132 0.707082 0.000000
vn 0.707111 0.707103 0.000000
vn 0.707112 0.707101 0.000000
vn 0.707092 0.707121 0.000000
vn 0.707093 0.707121 0.000000
vn 0.707111 0.707103 -0.000000
vn 0.707104 0.707110 -0.000000
vn 0.707099 0.707115 0.000000
vn 0.707091 0.707123 0.000000
vn 0.707073 0.707140 -0.000000
vn 0.707127 0.707086 -0.000000
vn 0.707145 0.707068 -0.000000
vn 0.707104 0.707109 -0.000000
vn 0.707107 0.707107 -0.000000
vn 0.707082 0.707132 -0.000000
vn 0.707106 0.707107 -0.000000
vn 0.707174 0.707039 0.000000
vn 0.707011 0.707203 -0.000000
vn 0.707107 0.707107 0.000000
vn 0.707113 0.707101 0.000000
vn 0.707201 0.707012 0.000000
vn 0.707107 0.707107 0.000000
vn 0.707114 0.707100 -0.000000
vn 0.707105 0.707109 0.000000
vn 0.707106 0.707107 0.000000
vn 0.706928 0.707286 0.000000
vn 0.707105 0.707108 0.000000
vn 0.707209 0.707005 -0.000013
vn 0.707102 0.707111 -0.000000
vn 0.707109 0.707105 0.000000
vn 0.707105 0.707109 -0.000000
vn 0.707105 0.707109 -0.000000
vn 0.707105 0.707109 -0.000000
vn 0.707109 0.707105 0.000000
vn 0.707110 0.707103 0.000000
vn 0.707100 0.707113 0.000000
vn 0.707105 0.707109 -0.000000
vn 0.707107 0.707107 0.000000
vn 0.707116 0.707098 -0.000000
vn 0.707105 0.707109 -0.000000
vn 0.707107 0.707107 -0.000000
vn 0.707105 0.707109 -0.000000
vn 0.707112 0.707101 -0.000000
vn 0.707107 0.707107 0.000000
vn 0.707103 0.707110 0.000000
vn 0.707102 0.707111 0.000000
vn 0.707109 0.707105 0.000000
vn 0.707111 0.707102 0.000000
vn 0.707109 0.707105 0.000000
vn 0.707103 0.707110 -0.000000
vn 0.707104 0.707110 -0.000000
vn 0.707109 0.707105 -0.000000
vn 0.707104 0.707110 0.000000
vn 0.707107 0.707107 -0.000000
vn 0.707101 0.707112 -0.000000
vn 0.707107 0.707107 -0.000000
vn 0.707094 0.707120 0.000000
vn 0.707113 0.707101 0.000000
vn 0.707092 0.707122 -0.000000
vn 0.707120 0.707094 0.000000
vn 0.707117 0.707096 0.000000
vn 0.707128 0.707086 -0.000000
vn 0.707117 0.707096 -0.000000
vn 0.707107 0.707107 0.000000
vn 0.707107 0.707107 0.000000
vn 0.707102 0.707112 -0.000000
vn 0.707099 0.707114 0.000000
vn 0.707096 0.707118 0.000000
vn 0.707112 0.707102 -0.000000
vn 0.707096 0.707118 -0.000000
vn 0.707091 0.707122 -0.000000
vn 0.707113 0.707101 0.000000
vn 0.707107 0.707107 -0.000000
vn 0.707107 0.707107 -0.000000
vn 0.707093 0.707120 -0.000000
vn 0.707107 0.707107 -0.000000
vn 0.707107 0.707107 -0.000000
vn 0.707113 0.707101 0.000000
vn 0.707120 0.707094 0.000000
vn 0.707125 0.707089 -0.000000
vn 0.707135 0.707079 -0.000000
vn 0.707087 0.707127 0.000000
vn 0.707087 0.707127 0.000000
vn 0.707104 0.707110 -0.000000
vn 0.707103 0.707111 -0.000000
vn 0.707099 0.707115 -0.000000
vn 0.707129 0.707084 0.000000
vn 0.707107 0.707107 0.000000
vn 0.707107 0.707107 0.000000
vn 0.707132 0.707082 0.000000
vn 0.707112 0.707101 0.000000
vn 0.707111 0.707103 0.000000
vn 0.707092 0.707121 0.000000
vn 0.707093 0.707121 0.000000
vn 0.707099 0.707115 0.000000
vn 0.707111 0.707103 -0.000000
vn 0.707104 0.707110 -0.000000
vn 0.707073 0.707140 -0.000000
vn 0.707091 0.707123 0.000000
vn 0.707127 0.707086 -0.000000
vn 0.707145 0.707068 -0.000000
vn 0.707107 0.707107 -0.000000
vn 0.707104 0.707109 -0.000000
vn 0.707082 0.707132 -0.000000
vn 0.707106 0.707107 -0.000000
vn 0.707174 0.707039 0.000000
vn 0.707011 0.707203 -0.000000
vn 0.707107 0.707107 0.000000
vn 0.707113 0.707101 0.000000
vn 0.707107 0.707107 0.000000
vn 0.707201 0.707012 0.000000
vn 0.707114 0.707100 -0.000000
vn 0.707105 0.707109 0.000000
vn 0.707105 0.707108 0.000000
vn 0.707106 0.707107 0.000000
vn 0.706928 0.707286 0.000000
vn 0.707229 0.706985 -0.000012
vn 0.707102 0.707111 -0.000000
vn 0.707109 0.707104 0.000000
vn 0.707105 0.707109 -0.000000
vn 0.707105 0.707109 -0.000000
vn 0.707105 0.707109 -0.000000
vn 0.707109 0.707105 0.000000
vn 0.707110 0.707103 0.000000
vn 0.707100 0.707113 0.000000
vn 0.707105 0.707109 -0.000000
vn 0.707116 0.707098 -0.000000
vn 0.707105 0.707109 -0.000000
vn 0.707107 0.707107 0.000000
vn 0.707105 0.707109 -0.000000
vn 0.707107 0.707107 -0.000000
vn 0.707107 0.707107 0.000000
vn 0.707112 0.707101 -0.000000
vn 0.707103 0.707110 0.000000
vn 0.707102 0.707111 0.000000
vn 0.707109 0.707105 0.000000
vn 0.707109 0.707105 0.000000
vn 0.707111 0.707102 0.000000
vn 0.707103 0.707110 -0.000000
vn 0.707104 0.707110 -0.000000
vn 0.707109 0.707105 -0.000000
vn 0.707104 0.707110 0.000000
vn 0.707107 0.707107 -0.000000
vn 0.707101 0.707112 -0.000000
vn 0.707107 0.707107 -0.000000
vn 0.707094 0.707120 0.000000
vn 0.707113 0.707101 0.000000
vn 0.707092 0.707122 -0.000000
vn 0.707117 0.707096 0.000000
vn 0.707120 0.707094 0.000000
vn 0.707128 0.707086 -0.000000
vn 0.707117 0.707096 -0.000000
vn 0.707107 0.707107 0.000000
vn 0.707102 0.707112 -0.000000
vn 0.707107 0.707107 0.000000
vn 0.707096 0.707118 0.000000
vn 0.707099 0.707114 0.000000
vn 0.707112 0.707102 -0.000000
vn 0.707096 0.707118 -0.000000
vn 0.707091 0.707123 -0.000000
vn 0.707113 0.707101 0.000000
vn 0.707107 0.707107 -0.000000
vn 0.707094 0.707120 -0.000000
vn 0.707107 0.707107 -0.000000
vn 0.707107 0.707107 -0.000000
vn 0.707107 0.707107 -0.000000
vn 0.707120 0.707094 0.000000
vn 0.707113 0.707101 0.000000
vn 0.707135 0.707079 -0.000000
vn 0.707125 0.707089 -0.000000
vn 0.707087 0.707127 0.000000
vn 0.707087 0.707127 0.000000
vn 0.707104 0.707110 -0.000000
vn 0.707103 0.707111 -0.000000
vn 0.707099 0.707115 -0.000000
vn 0.707107 0.707107 0.000000
vn 0.707129 0.707084 0.000000
vn 0.707132 0.707082 0.000000
vn 0.707107 0.707107 0.000000
vn 0.707112 0.707101 0.000000
vn 0.707111 0.707103 0.000000
vn 0.707093 0.707121 0.000000
vn 0.707092 0.707121 0.000000
vn 0.707111 0.707103 -0.000000
vn 0.707104 0.707110 -0.000000
vn 0.707099 0.707115 0.000000
vn 0.707091 0.707123 0.000000
vn 0.707073 0.707140 -0.000000
vn 0.707145 0.707068 -0.000000
vn 0.707127 0.707086 -0.000000
vn 0.707104 0.707109 -0.000000
vn 0.707107 0.707107 -0.000000
vn 0.707106 0.707107 -0.000000
vn 0.707082 0.707132 -0.000000
vn 0.707174 0.707039 0.000000
vn 0.707011 0.707203 -0.000000
vn 0.707113 0.707101 0.000000
vn 0.707107 0.707107 0.000000
vn 0.707201 0.707012 0.000000
vn 0.707107 0.707107 0.000000
vn 0.707114 0.707100 -0.000000
vn 0.707105 0.707109 0.000000
vn 0.706928 0.707286 0.000000
vn 0.707105 0.707108 0.000000
vn 0.707105 0.707109 -0.000000
vn 0.707102 0.707111 -0.000000
vn 0.707109 0.707104 0.000000
vn 0.707105 0.707109 -0.000000
vn 0.707105 0.707109 -0.000000
vn 0.707110 0.707103 0.000000
vn 0.707109 0.707105 0.000000
vn 0.707100 0.707113 0.000000
vn 0.707105 0.707109 -0.000000
vn 0.707107 0.707107 0.000000
vn 0.707116 0.707098 -0.000000
vn 0.707105 0.707109 -0.000000
vn 0.707107 0.707107 -0.000000
vn 0.707105 0.707109 -0.000000
vn 0.707107 0.707107 0.000000
vn 0.707112 0.707101 -0.000000
vn 0.707102 0.707111 0.000000
vn 0.707103 0.707110 0.000000
vn 0.707109 0.707105 0.000000
vn 0.707109 0.707105 0.000000
vn 0.707111 0.707102 0.000000
vn 0.707103 0.707110 -0.000000
vn 0.707104 0.707110 -0.000000
vn 0.707104 0.707110 0.000000
vn 0.707109 0.707105 -0.000000
vn 0.707107 0.707107 -0.000000
vn 0.707101 0.707112 -0.000000
vn 0.707107 0.707107 -0.000000
vn 0.707092 0.707122 -0.000000
vn 0.707094 0.707120 0.000000
vn 0.707113 0.707101 0.000000
vn 0.707117 0.707096 0.000000
vn 0.707120 0.707094 0.000000
vn 0.707117 0.707096 -0.000000
vn 0.707128 0.707086 -0.000000
vn 0.707107 0.707107 0.000000
vn 0.707102 0.707112 -0.000000
vn 0.707107 0.707107 0.000000
vn 0.707099 0.707114 0.000000
vn 0.707096 0.707118 0.000000
vn 0.707096 0.707118 -0.000000
vn 0.707112 0.707102 -0.000000
vn 0.707091 0.707122 -0.000000
vn 0.707113 0.707101 0.000000
vn 0.707107 0.707107 -0.000000
vn 0.707094 0.707120 -0.000000
vn 0.707107 0.707107 -0.000000
vn 0.707107 0.707107 -0.000000
vn 0.707107 0.707107 -0.000000
vn 0.707113 0.707101 0.000000
vn 0.707120 0.707094 0.000000
vn 0.707125 0.707089 -0.000000
vn 0.707134 0.707079 -0.000000
vn 0.707087 0.707127 0.000000
vn 0.707087 0.707127 0.000000
vn 0.707103 0.707111 -0.000000
vn 0.707099 0.707115 -0.000000
vn 0.707104 0.707110 -0.000000
vn 0.707129 0.707084 0.000000
vn 0.707107 0.707107 0.000000
vn 0.707132 0.707082 0.000000
vn 0.707107 0.707107 0.000000
vn 0.707111 0.707103 0.000000
vn 0.707112 0.707101 0.000000
vn 0.707093 0.707121 0.000000
vn 0.707092 0.707121 0.000000
vn 0.707111 0.707103 -0.000000
vn 0.707104 0.707110 -0.000000
vn 0.707099 0.707115 0.000000
vn 0.707073 0.707140 -0.000000
vn 0.707091 0.707123 0.000000
vn 0.707127 0.707086 -0.000000
vn 0.707145 0.707068 -0.000000
vn 0.707104 0.707109 -0.000000
vn 0.707107 0.707107 -0.000000
vn 0.707106 0.707107 -0.000000
vn 0.707082 0.707132 -0.000000
vn 0.707174 0.707039 0.000000
vn 0.707011 0.707203 -0.000000
vn 0.707113 0.707101 0.000000
vn 0.707107 0.707107 0.000000
vn 0.707201 0.707012 0.000000
vn 0.707107 0.707107 0.000000
vn 0.707114 0.707100 -0.000000
vn 0.707105 0.707109 0.000000
vn 0.707105 0.707108 0.000000
vn 0.706928 0.707286 0.000000
vn 0.707105 0.707109 -0.000000
vn 0.707102 0.707111 -0.000000
vn 0.707109 0.707105 0.000000
vn 0.707105 0.707109 -0.000000
vn 0.707105 0.707109 -0.000000
vn 0.707110 0.707103 0.000000
vn 0.707109 0.707105 0.000000
vn 0.707105 0.707109 -0.000000
vn 0.707100 0.707113 0.000000
vn 0.707116 0.707098 -0.000000
vn 0.707105 0.707109 -0.000000
vn 0.707107 0.707107 0.000000
vn 0.707105 0.707109 -0.000000
vn 0.707107 0.707107 -0.000000
vn 0.707112 0.707101 -0.000000
vn 0.707107 0.707107 0.000000
vn 0.707103 0.707110 0.000000
vn 0.707102 0.707111 0.000000
vn 0.707109 0.707105 0.000000
vn 0.707111 0.707102 0.000000
vn 0.707109 0.707105 0.000000
vn 0.707103 0.707110 -0.000000
vn 0.707104 0.707110 -0.000000
vn 0.707109 0.707105 -0.000000
vn 0.707104 0.707110 0.000000
vn 0.707107 0.707107 0.000000
vn 0.707108 0.707106 0.000000
vn 0.707007 0.707207 -0.000013
vn 0.707033 0.707181 -0.000012
vn 0.707107 0.707107 0.000000
vn 0.707107 0.707107 0.000000
vn 0.707138 0.707075 0.000007
vn 0.707089 0.707125 -0.000002
vn 0.707122 0.707091 0.000003
vn 0.707087 0.707127 -0.000003
vn 0.707095 0.707119 -0.000002
vn 0.707107 0.707107 0.000000
vn 0.707127 0.707087 0.000003
vn 0.707088 0.707125 -0.000002
vn 0.707133 0.707081 0.000004
vn 0.707107 0.707107 0.000000
vn 0.707092 0.707122 -0.000002
vn 0.707103 0.707110 -0.000001
vn 0.707127 0.707086 0.000003
vn 0.707094 0.707120 -0.000002
vn 0.707110 0.707104 0.000001
vn 0.707107 0.707107 0.000000
vn 0.707101 0.707112 -0.000001
vn 0.707115 0.707099 0.000002
vn 0.707104 0.707109 0.000000
vn 0.707102 0.707112 -0.000001
vn 0.707112 0.707102 0.000001
vn 0.707107 0.707107 -0.000000
vn 0.707093 0.707121 -0.000002
vn 0.707118 0.707095 0.000002
vn 0.707105 0.707109 -0.000001
vn 0.707100 0.707113 -0.000002
vn 0.707109 0.707105 0.000001
vn 0.707109 0.707105 0.000001
vn 0.707104 0.707110 -0.000001
vn 0.707104 0.707110 -0.000001
vn 0.707108 0.707105 0.000000
vn 0.707113 0.707100 0.000001
vn 0.707103 0.707111 -0.000001
vn 0.707109 0.707104 0.000001
vn 0.707106 0.707108 -0.000000
vn 0.707107 0.707106 0.000000
vn 0.707107 0.707107 0.000000
vn 0.707109 0.707105 -0.000000
vn 0.707100 0.707113 0.000000
vn 0.707116 0.707098 -0.000000
vn 0.707105 0.707109 0.000000
vn 0.707107 0.707107 -0.000000
vn 0.707107 0.707107 -0.000000
vn 0.707102 0.707111 0.000000
vn 0.707109 0.707104 -0.000000
vn 0.707111 0.707102 -0.000000
vn 0.707104 0.707110 -0.000000
vn 0.707104 0.707110 0.000000
vn 1.000000 0.000000 0.000000
vn 1.000000 -0.000000 0.000000
vn 0.707107 -0.707107 0.000000
vn 0.707094 -0.707120 0.000002
vn 0.707120 -0.707093 -0.000002
vn 0.707116 -0.707098 -0.000002
vn 0.707107 -0.707107 0.000000
vn 0.707097 -0.707117 0.000002
vn 0.707097 -0.707116 0.000002
vn 0.707112 -0.707101 -0.000001
vn 0.707107 -0.707107 0.000000
vn 0.707107 -0.707107 0.000000
vn 0.707113 -0.707101 -0.000001
vn 0.707122 -0.707092 -0.000002
vn 0.707091 -0.707123 0.000003
vn 0.707104 -0.707110 0.000001
vn 0.707107 -0.707107 0.000000
vn 0.707126 -0.707088 -0.000003
vn 0.707111 -0.707102 -0.000001
vn 0.707096 -0.707117 0.000002
vn 0.707100 -0.707114 0.000001
vn 0.707095 -0.707119 0.000002
vn 0.707133 -0.707080 -0.000004
vn 0.707107 -0.707107 -0.000000
vn 0.707107 -0.707107 -0.000000
vn 0.707052 -0.707161 0.000009
vn 0.707113 -0.707100 -0.000001
vn 0.707151 -0.707062 -0.000007
vn 0.707106 -0.707108 0.000000
vn 0.707049 -0.707164 0.000009
vn 0.707189 -0.707025 -0.000013
vn 0.707105 -0.707109 0.000000
vn 0.707105 -0.707109 0.000000
vn 0.707107 -0.707107 0.000000
vn 0.707111 -0.707103 -0.000001
vn 0.707105 -0.707109 -0.000000
vn 0.707107 -0.707107 0.000000
vn 0.707105 -0.707108 -0.000000
vn 0.707112 -0.707102 0.000000
vn 0.707103 -0.707110 -0.000000
vn 0.707109 -0.707105 0.000000
vn 0.707103 -0.707110 -0.000000
vn 0.707109 -0.707105 0.000000
vn 0.707107 -0.707107 -0.000000
vn 0.707107 -0.707107 -0.000000
vn 0.707101 -0.707112 -0.000000
vn 0.707092 -0.707122 -0.000000
vn 0.707094 -0.707120 0.000000
vn 0.707113 -0.707101 0.000000
vn 0.707117 -0.707096 0.000000
vn 0.707120 -0.707094 0.000000
vn 0.707128 -0.707086 -0.000000
vn 0.707117 -0.707096 -0.000000
vn 0.707107 -0.707107 0.000000
vn 0.707102 -0.707112 -0.000000
vn 0.707107 -0.707107 0.000000
vn 0.707099 -0.707114 0.000000
vn 0.707095 -0.707118 0.000000
vn 0.707112 -0.707102 -0.000000
vn 0.707096 -0.707118 -0.000000
vn 0.707091 -0.707123 -0.000000
vn 0.707113 -0.707101 0.000000
vn 0.707107 -0.707107 -0.000000
vn 0.707094 -0.707120 -0.000000
vn 0.707107 -0.707107 -0.000000
vn 0.707107 -0.707107 -0.000000
vn 0.707107 -0.707107 -0.000000
vn 0.707120 -0.707094 0.000000
vn 0.707113 -0.707101 0.000000
vn 0.707134 -0.707079 -0.000000
vn 0.707125 -0.707089 -0.000000
vn 0.707087 -0.707127 0.000000
vn 0.707087 -0.707127 0.000000
vn 0.707103 -0.707111 -0.000000
vn 0.707099 -0.707115 -0.000000
vn 0.707104 -0.707110 -0.000000
vn 0.707129 -0.707084 0.000000
vn 0.707107 -0.707107 0.000000
vn 0.707107 -0.707107 0.000000
vn 0.707131 -0.707082 0.000000
vn 0.707111 -0.707103 0.000000
vn 0.707112 -0.707101 0.000000
vn 0.707092 -0.707121 0.000000
vn 0.707093 -0.707121 0.000000
vn 0.707111 -0.707103 -0.000000
vn 0.707104 -0.707110 -0.000000
vn 0.707099 -0.707115 0.000000
vn 0.707091 -0.707123 0.000000
vn 0.707073 -0.707140 -0.000000
vn 0.707127 -0.707086 -0.000000
vn 0.707145 -0.707068 -0.000000
vn 0.707104 -0.707109 -0.000000
vn 0.707107 -0.707107 -0.000000
vn 0.707082 -0.707132 -0.000000
vn 0.707106 -0.707107 -0.000000
vn 0.707174 -0.707039 0.000000
vn 0.707011 -0.707203 -0.000000
vn 0.707107 -0.707107 0.000000
vn 0.707113 -0.707101 0.000000
vn 0.707201 -0.707012 0.000000
vn 0.707107 -0.707107 0.000000
vn 0.707114 -0.707100 -0.000000
vn 0.707105 -0.707109 0.000000
vn 0.707106 -0.707107 0.000000
vn 0.706928 -0.707286 0.000000
vn 0.707105 -0.707108 0.000000
vn 0.707209 -0.707005 -0.000013
vn 0.707102 -0.707111 -0.000000
vn 0.707109 -0.707105 0.000000
vn 0.707105 -0.707109 -0.000000
vn 0.707105 -0.707109 -0.000000
vn 0.707105 -0.707109 -0.000000
vn 0.707109 -0.707105 0.000000
vn 0.707110 -0.707103 0.000000
vn 0.707100 -0.707113 0.000000
vn 0.707105 -0.707109 -0.000000
vn 0.707107 -0.707107 0.000000
vn 0.707116 -0.707098 -0.000000
vn 0.707105 -0.707109 -0.000000
vn 0.707107 -0.707107 -0.000000
vn 0.707105 -0.707109 -0.000000
vn 0.707112 -0.707101 -0.000000
vn 0.707107 -0.707107 0.000000
vn 0.707103 -0.707110 0.000000
vn 0.707102 -0.707111 0.000000
vn 0.707109 -0.707104 0.000000
vn 0.707111 -0.707102 0.000000
vn 0.707109 -0.707105 0.000000
vn 0.707103 -0.707110 -0.000000
vn 0.707104 -0.707110 -0.000000
vn 0.707109 -0.707105 -0.000000
vn 0.707104 -0.707110 0.000000
vn 0.707107 -0.707107 -0.000000
vn 0.707101 -0.707112 -0.000000
vn 0.707107 -0.707107 -0.000000
vn 0.707094 -0.707120 0.000000
vn 0.707113 -0.707101 0.000000
vn 0.707092 -0.707122 -0.000000
vn 0.707120 -0.707094 0.000000
vn 0.707117 -0.707096 0.000000
vn 0.707128 -0.707086 -0.000000
vn 0.707117 -0.707096 -0.000000
vn 0.707107 -0.707107 0.000000
vn 0.707107 -0.707107 0.000000
vn 0.707102 -0.707112 -0.000000
vn 0.707099 -0.707114 0.000000
vn 0.707096 -0.707118 0.000000
vn 0.707112 -0.707102 -0.000000
vn 0.707096 -0.707117 -0.000000
vn 0.707091 -0.707122 -0.000000
vn 0.707113 -0.707101 0.000000
vn 0.707107 -0.707107 -0.000000
vn 0.707107 -0.707107 -0.000000
vn 0.707094 -0.707120 -0.000000
vn 0.707107 -0.707107 -0.000000
vn 0.707107 -0.707107 -0.000000
vn 0.707113 -0.707101 0.000000
vn 0.707120 -0.707094 0.000000
vn 0.707125 -0.707089 -0.000000
vn 0.707134 -0.707079 -0.000000
vn 0.707087 -0.707127 0.000000
vn 0.707087 -0.707127 0.000000
vn 0.707104 -0.707110 -0.000000
vn 0.707103 -0.707111 -0.000000
vn 0.707099 -0.707115 -0.000000
vn 0.707129 -0.707084 0.000000
vn 0.707107 -0.707107 0.000000
vn 0.707107 -0.707107 0.000000
vn 0.707132 -0.707082 0.000000
vn 0.707112 -0.707101 0.000000
vn 0.707111 -0.707103 0.000000
vn 0.707092 -0.707121 0.000000
vn 0.707093 -0.707121 0.000000
vn 0.707099 -0.707115 0.000000
vn 0.707111 -0.707103 -0.000000
vn 0.707104 -0.707110 -0.000000
vn 0.707073 -0.707140 -0.000000
vn 0.707091 -0.707123 0.000000
vn 0.707127 -0.707086 -0.000000
vn 0.707145 -0.707068 -0.000000
vn 0.707107 -0.707107 -0.000000
vn 0.707104 -0.707109 -0.000000
vn 0.707082 -0.707132 -0.000000
vn 0.707106 -0.707107 -0.000000
vn 0.707174 -0.707039 0.000000
vn 0.707011 -0.707203 -0.000000
vn 0.707107 -0.707107 0.000000
vn 0.707113 -0.707101 0.000000
vn 0.707107 -0.707107 0.000000
vn 0.707201 -0.707012 0.000000
vn 0.707114 -0.707100 -0.000000
vn 0.707105 -0.707109 0.000000
vn 0.707105 -0.707108 0.000000
vn 0.707106 -0.707107 0.000000
vn 0.706928 -0.707286 0.000000
vn 0.707229 -0.706985 -0.000012
vn 0.707102 -0.707111 -0.000000
vn 0.707109 -0.707104 0.000000
vn 0.707105 -0.707109 -0.000000
vn 0.707105 -0.707109 -0.000000
vn 0.707105 -0.707109 -0.000000
vn 0.707109 -0.707105 0.000000
vn 0.707110 -0.707103 0.000000
vn 0.707100 -0.707113 0.000000
vn 0.707105 -0.707109 -0.000000
vn 0.707116 -0.707098 -0.000000
vn 0.707105 -0.707109 -0.000000
vn 0.707107 -0.707107 0.000000
vn 0.707105 -0.707109 -0.000000
vn 0.707107 -0.707107 -0.000000
vn 0.707107 -0.707107 0.000000
vn 0.707112 -0.707101 -0.000000
vn 0.707103 -0.707110 0.000000
vn 0.707102 -0.707111 0.000000
vn 0.707109 -0.707105 0.000000
vn 0.707109 -0.707104 0.000000
vn 0.707111 -0.707102 0.000000
vn 0.707103 -0.707110 -0.000000
vn 0.707104 -0.707110 -0.000000
vn 0.707109 -0.707105 -0.000000
vn 0.707104 -0.707110 0.000000
vn 0.707107 -0.707107 -0.000000
vn 0.707101 -0.707112 -0.000000
vn 0.707107 -0.707107 -0.000000
vn 0.707094 -0.707120 0.000000
vn 0.707113 -0.707101 0.000000
vn 0.707092 -0.707122 -0.000000
vn 0.707117 -0.707096 0.000000
vn 0.707120 -0.707094 0.000000
vn 0.707128 -0.707086 -0.000000
vn 0.707117 -0.707096 -0.000000
vn 0.707107 -0.707107 0.000000
vn 0.707102 -0.707112 -0.000000
vn 0.707107 -0.707107 0.000000
vn 0.707096 -0.707118 0.000000
vn 0.707099 -0.707114 0.000000
vn 0.707112 -0.707102 -0.000000
vn 0.707096 -0.707117 -0.000000
vn 0.707091 -0.707122 -0.000000
vn 0.707113 -0.707101 0.000000
vn 0.707107 -0.707107 -0.000000
vn 0.707093 -0.707120 -0.000000
vn 0.707107 -0.707107 -0.000000
vn 0.707107 -0.707107 -0.000000
vn 0.707107 -0.707107 -0.000000
vn 0.707120 -0.707094 0.000000
vn 0.707113 -0.707101 0.000000
vn 0.707134 -0.707079 -0.000000
vn 0.707125 -0.707089 -0.000000
vn 0.707087 -0.707127 0.000000
vn 0.707087 -0.707127 0.000000
vn 0.707104 -0.707110 -0.000000
vn 0.707103 -0.707111 -0.000000
vn 0.707099 -0.707115 -0.000000
vn 0.707107 -0.707107 0.000000
vn 0.707129 -0.707084 0.000000
vn 0.707132 -0.707082 0.000000
vn 0.707107 -0.707107 0.000000
vn 0.707112 -0.707101 0.000000
vn 0.707111 -0.707103 0.000000
vn 0.707093 -0.707121 0.000000
vn 0.707092 -0.707121 0.000000
vn 0.707111 -0.707103 -0.000000
vn 0.707104 -0.707110 -0.000000
vn 0.707099 -0.707115 0.000000
vn 0.707091 -0.707123 0.000000
vn 0.707073 -0.707140 -0.000000
vn 0.707145 -0.707068 -0.000000
vn 0.707127 -0.707086 -0.000000
vn 0.707104 -0.707109 -0.000000
vn 0.707107 -0.707107 -0.000000
vn 0.707106 -0.707107 -0.000000
vn 0.707082 -0.707132 -0.000000
vn 0.707174 -0.707039 0.000000
vn 0.707011 -0.707203 -0.000000
vn 0.707113 -0.707101 0.000000
vn 0.707107 -0.707107 0.000000
vn 0.707201 -0.707012 0.000000
vn 0.707107 -0.707107 0.000000
vn 0.707114 -0.707100 -0.000000
vn 0.707105 -0.707109 0.000000
vn 0.706928 -0.707286 0.000000
vn 0.707105 -0.707108 0.000000
vn 0.707105 -0.707109 -0.000000
vn 0.707102 -0.707111 -0.000000
vn 0.707109 -0.707104 0.000000
vn 0.707105 -0.707109 -0.000000
vn 0.707105 -0.707109 -0.000000
vn 0.707110 -0.707103 0.000000
vn 0.707109 -0.707105 0.000000
vn 0.707100 -0.707113 0.000000
vn 0.707105 -0.707109 -0.000000
vn 0.707107 -0.707107 0.000000
vn 0.707116 -0.707098 -0.000000
vn 0.707105 -0.707109 -0.000000
vn 0.707107 -0.707107 -0.000000
vn 0.707105 -0.707109 -0.000000
vn 0.707107 -0.707107 0.000000
vn 0.707112 -0.707101 -0.000000
vn 0.707102 -0.707111 0.000000
vn 0.707103 -0.707110 0.000000
vn 0.707109 -0.707105 0.000000
vn 0.707109 -0.707104 0.000000
vn 0.707111 -0.707102 0.000000
vn 0.707103 -0.707110 -0.000000
vn 0.707104 -0.707110 -0.000000
vn 0.707104 -0.707110 0.000000
vn 0.707109 -0.707105 -0.000000
vn 0.707107 -0.707107 -0.000000
vn 0.707101 -0.707112 -0.000000
vn 0.707107 -0.707107 -0.000000
vn 0.707092 -0.707122 -0.000000
vn 0.707094 -0.707120 0.000000
vn 0.707113 -0.707101 0.000000
vn 0.707117 -0.707096 0.000000
vn 0.707120 -0.707094 0.000000
vn 0.707117 -0.707096 -0.000000
vn 0.707128 -0.707086 -0.000000
vn 0.707107 -0.707107 0.000000
vn 0.707102 -0.707112 -0.000000
vn 0.707107 -0.707107 0.000000
vn 0.707099 -0.707114 0.000000
vn 0.707095 -0.707118 0.000000
vn 0.707096 -0.707118 -0.000000
vn 0.707112 -0.707102 -0.000000
vn 0.707091 -0.707123 -0.000000
vn 0.707113 -0.707101 0.000000
vn 0.707107 -0.707107 -0.000000
vn 0.707094 -0.707120 -0.000000
vn 0.707107 -0.707107 -0.000000
vn 0.707107 -0.707107 -0.000000
vn 0.707107 -0.707107 -0.000000
vn 0.707113 -0.707101 0.000000
vn 0.707120 -0.707094 0.000000
vn 0.707125 -0.707089 -0.000000
vn 0.707134 -0.707079 -0.000000
vn 0.707087 -0.707127 0.000000
vn 0.707087 -0.707127 0.000000
vn 0.707103 -0.707111 -0.000000
vn 0.707099 -0.707115 -0.000000
vn 0.707104 -0.707110 -0.000000
vn 0.707129 -0.707084 0.000000
vn 0.707107 -0.707107 0.000000
vn 0.707132 -0.707082 0.000000
vn 0.707107 -0.707107 0.000000
vn 0.707111 -0.707103 0.000000
vn 0.707112 -0.707101 0.000000
vn 0.707093 -0.707121 0.000000
vn 0.707092 -0.707121 0.000000
vn 0.707111 -0.707103 -0.000000
vn 0.707104 -0.707110 -0.000000
vn 0.707099 -0.707115 0.000000
vn 0.707073 -0.707140 -0.000000
vn 0.707091 -0.707123 0.000000
vn 0.707127 -0.707086 -0.000000
vn 0.707145 -0.707068 -0.000000
vn 0.707104 -0.707109 -0.000000
vn 0.707107 -0.707107 -0.000000
vn 0.707106 -0.707107 -0.000000
vn 0.707082 -0.707132 -0.000000
vn 0.707174 -0.707039 0.000000
vn 0.707011 -0.707203 -0.000000
vn 0.707113 -0.707101 0.000000
vn 0.707107 -0.707107 0.000000
vn 0.707201 -0.707012 0.000000
vn 0.707107 -0.707107 0.000000
vn 0.707114 -0.707100 -0.000000
vn 0.707105 -0.707109 0.000000
vn 0.707105 -0.707108 0.000000
vn 0.706928 -0.707286 0.000000
vn 0.707105 -0.707109 -0.000000
vn 0.707102 -0.707111 -0.000000
vn 0.707109 -0.707105 0.000000
vn 0.707105 -0.707109 -0.000000
vn 0.707105 -0.707109 -0.000000
vn 0.707110 -0.707103 0.000000
vn 0.707109 -0.707105 0.000000
vn 0.707105 -0.707109 -0.000000
vn 0.707100 -0.707113 0.000000
vn 0.707116 -0.707098 -0.000000
vn 0.707105 -0.707109 -0.000000
vn 0.707107 -0.707107 0.000000
vn 0.707105 -0.707109 -0.000000
vn 0.707107 -0.707107 -0.000000
vn 0.707112 -0.707101 -0.000000
vn 0.707107 -0.707107 0.000000
vn 0.707103 -0.707110 0.000000
vn 0.707102 -0.707111 0.000000
vn 0.707109 -0.707104 0.000000
vn 0.707111 -0.707102 0.000000
vn 0.707109 -0.707105 0.000000
vn 0.707103 -0.707110 -0.000000
vn 0.707104 -0.707110 -0.000000
vn 0.707109 -0.707105 -0.000000
vn 0.707104 -0.707110 0.000000
vn 0.707107 -0.707107 0.000000
vn 0.707108 -0.707106 0.000000
vn 0.706993 -0.707220 -0.000014
vn 0.707018 -0.707196 -0.000014
vn 0.707107 -0.707107 0.000000
vn 0.707107 -0.707107 0.000000
vn 0.707144 -0.707069 0.000006
vn 0.707091 -0.707123 -0.000003
vn 0.707120 -0.707093 0.000002
vn 0.707083 -0.707131 -0.000004
vn 0.707096 -0.707118 -0.000002
vn 0.707107 -0.707107 0.000000
vn 0.707125 -0.707089 0.000003
vn 0.707090 -0.707123 -0.000003
vn 0.707130 -0.707084 0.000004
vn 0.707107 -0.707107 -0.000000
vn 0.707093 -0.707120 -0.000002
vn 0.707101 -0.707113 -0.000001
vn 0.707125 -0.707089 0.000003
vn 0.707096 -0.707118 -0.000002
vn 0.707112 -0.707101 0.000001
vn 0.707107 -0.707107 -0.000000
vn 0.707102 -0.707112 -0.000001
vn 0.707116 -0.707097 0.000002
vn 0.707107 -0.707107 -0.000000
vn 0.707102 -0.707111 -0.000001
vn 0.707111 -0.707102 0.000001
vn 0.707107 -0.707107 -0.000000
vn 0.707095 -0.707119 -0.000002
vn 0.707119 -0.707095 0.000002
vn 0.707103 -0.707111 -0.000001
vn 0.707099 -0.707114 -0.000002
vn 0.707111 -0.707103 0.000001
vn 0.707110 -0.707103 0.000001
vn 0.707104 -0.707110 -0.000001
vn 0.707104 -0.707109 -0.000001
vn 0.707107 -0.707107 0.000000
vn 0.707114 -0.707100 0.000002
vn 0.707102 -0.707111 -0.000001
vn 0.707109 -0.707105 0.000001
vn 0.707105 -0.707109 -0.000001
vn 0.707108 -0.707106 0.000000
vn 0.707107 -0.707107 0.000000
vn 0.707109 -0.707105 -0.000000
vn 0.707100 -0.707114 0.000000
vn 0.707116 -0.707098 -0.000000
vn 0.707105 -0.707109 0.000000
vn 0.707107 -0.707107 -0.000000
vn 0.707107 -0.707107 -0.000000
vn 0.707102 -0.707111 0.000000
vn 0.707109 -0.707105 -0.000000
vn 0.707111 -0.707102 -0.000000
vn 0.707104 -0.707110 -0.000000
vn 0.707104 -0.707110 0.000000
vn 0.000000 -1.000000 0.000000
vn 0.000000 -1.000000 0.000000
vn 0.320089 0.000000 0.947387
vn 0.320089 -0.000000 0.947387
vn 0.293383 0.000000 0.955995
vn 0.293383 -0.000000 0.955995
vn 0.260377 0.000000 0.965507
vn 0.260377 -0.000000 0.965507
vn 0.220866 0.000000 0.975304
vn 0.220866 -0.000000 0.975304
vn 0.180970 0.000000 0.983489
vn 0.180970 -0.000000 0.983489
vn 0.140803 0.000000 0.990038
vn 0.140803 -0.000000 0.990038
vn 0.059819 0.000000 0.998209
vn 0.100394 0.000000 0.994948
vn 0.100394 -0.000000 0.994948
vn 0.059819 0.000000 0.998209
vn 0.019149 0.000000 0.999817
vn -0.021569 0.000000 0.999767
vn 0.019149 0.000000 0.999817
vn -0.062225 0.000000 0.998062
vn -0.021569 0.000000 0.999767
vn -0.102819 0.000000 0.994700
vn -0.062225 0.000000 0.998062
vn -0.143188 0.000000 0.989696
vn -0.102819 0.000000 0.994700
vn -0.183364 0.000000 0.983045
vn -0.143188 0.000000 0.989696
vn -0.183364 0.000000 0.983045
vn -0.223217 0.000000 0.974769
vn -0.223217 0.000000 0.974769
vn -0.262710 0.000000 0.964875
vn -0.262710 0.000000 0.964875
vn -0.301750 0.000000 0.953387
vn -0.301750 0.000000 0.953387
vn -0.340307 0.000000 0.940314
vn -0.340307 0.000000 0.940314
vn -0.378298 0.000000 0.925684
vn -0.378298 0.000000 0.925684
vn -0.415653 0.000000 0.909523
vn -0.415653 0.000000 0.909523
vn -0.452317 0.000000 0.891857
vn -0.452317 0.000000 0.891857
vn -0.488252 0.000000 0.872703
vn -0.488252 0.000000 0.872703
vn -0.523359 0.000000 0.852112
vn -0.523359 0.000000 0.852112
vn -0.557616 0.000000 0.830099
vn -0.557616 0.000000 0.830099
vn -0.590926 0.000000 0.806726
vn -0.590925 0.000000 0.806726
vn -0.654559 -0.000039 0.756011
vn -0.684743 -0.000102 0.728784
vn -0.675018 0.000019 0.737802
vn -0.623281 0.000000 0.781998
vn -0.623281 0.000000 0.781998
vn -0.652962 0.000000 0.757391
vn -0.691411 0.000000 0.722461
vn -0.652962 0.000000 0.757391
vn -0.675018 -0.000019 0.737802
vn -0.654559 0.000039 0.756011
vn -0.713907 0.000000 0.700241
vn -0.713907 0.000000 0.700241
vn -0.684743 0.000102 0.728784
vn -0.691411 0.000000 0.722461
vn -0.741797 0.000000 0.670624
vn -0.741797 0.000000 0.670624
vn -0.713907 0.000000 0.700241
vn -0.713907 0.000000 0.700241
vn -0.767048 0.000000 0.641590
vn -0.767048 0.000000 0.641590
vn -0.741797 0.000000 0.670624
vn -0.786961 0.000000 0.617003
vn -0.786961 0.000000 0.617003
vn -0.741797 0.000000 0.670624
vn -0.767048 0.000000 0.641590
vn -0.803411 0.000000 0.595425
vn -0.803411 0.000000 0.595425
vn -0.767048 0.000000 0.641590
vn -0.786961 0.000000 0.617003
vn -0.819280 0.000000 0.573393
vn -0.819280 0.000000 0.573393
vn -0.786961 0.000000 0.617003
vn -0.803411 0.000000 0.595425
vn -0.834536 0.000000 0.550954
vn -0.834536 0.000000 0.550954
vn -0.803411 0.000000 0.595425
vn -0.819280 0.000000 0.573393
vn -0.849186 0.000000 0.528094
vn -0.849186 0.000000 0.528094
vn -0.819280 0.000000 0.573393
vn -0.834536 0.000000 0.550954
vn -0.863182 0.000000 0.504893
vn -0.863182 0.000000 0.504893
vn -0.834536 0.000000 0.550954
vn -0.849186 0.000000 0.528094
vn -0.876591 0.000000 0.481237
vn -0.876591 0.000000 0.481237
vn -0.849186 0.000000 0.528094
vn -0.863182 0.000000 0.504893
vn -0.889314 0.000000 0.457296
vn -0.889314 0.000000 0.457296
vn -0.863182 0.000000 0.504893
vn -0.876591 0.000000 0.481237
vn -0.901404 0.000000 0.432979
vn -0.901404 0.000000 0.432979
vn -0.876591 0.000000 0.481237
vn -0.889314 0.000000 0.457296
vn -0.912816 0.000000 0.408372
vn -0.912816 0.000000 0.408372
vn -0.889314 0.000000 0.457296
vn -0.901404 0.000000 0.432979
vn -0.923561 0.000000 0.383452
vn -0.923561 0.000000 0.383452
vn -0.901404 0.000000 0.432979
vn -0.912816 0.000000 0.408372
vn -0.933628 0.000000 0.358243
vn -0.933628 0.000000 0.358243
vn -0.912816 0.000000 0.408372
vn -0.923561 0.000000 0.383452
vn -0.943012 0.000000 0.332759
vn -0.943012 0.000000 0.332759
vn -0.923561 0.000000 0.383452
vn -0.933628 0.000000 0.358243
vn -0.951683 0.000000 0.307084
vn -0.951683 0.000000 0.307084
vn -0.933628 0.000000 0.358243
vn -0.943012 0.000000 0.332759
vn -0.959673 0.000000 0.281120
vn -0.959673 0.000000 0.281120
vn -0.943012 0.000000 0.332759
vn -0.951683 0.000000 0.307084
vn -0.966947 0.000000 0.254979
vn -0.966947 0.000000 0.254979
vn -0.951683 0.000000 0.307084
vn -0.959673 0.000000 0.281120
vn -0.973509 0.000000 0.228648
vn -0.973509 0.000000 0.228648
vn -0.959673 0.000000 0.281120
vn -0.966947 0.000000 0.254979
vn -0.979350 0.000000 0.202172
vn -0.979350 0.000000 0.202172
vn -0.966947 0.000000 0.254979
vn -0.973509 0.000000 0.228648
vn -0.984485 0.000000 0.175470
vn -0.984485 0.000000 0.175470
vn -0.973509 0.000000 0.228648
vn -0.979350 0.000000 0.202172
vn -0.988880 0.000000 0.148715
vn -0.988880 0.000000 0.148715
vn -0.979350 0.000000 0.202172
vn -0.984485 0.000000 0.175470
vn -0.992552 0.000000 0.121820
vn -0.992552 0.000000 0.121820
vn -0.984485 0.000000 0.175470
vn -0.988880 0.000000 0.148715
vn -0.995489 0.000000 0.094878
vn -0.995489 0.000000 0.094878
vn -0.988880 0.000000 0.148715
vn -0.992552 0.000000 0.121820
vn -0.997699 0.000000 0.067799
vn -0.997699 0.000000 0.067799
vn -0.992552 0.000000 0.121820
vn -0.995489 0.000000 0.094878
vn -0.999173 0.000000 0.040669
vn -0.999173 0.000000 0.040669
vn -0.995489 0.000000 0.094878
vn -0.997699 0.000000 0.067799
vn -0.999908 0.000000 0.013588
vn -0.999908 0.000000 0.013588
vn -0.997699 0.000000 0.067799
vn -0.999173 0.000000 0.040669
vn -0.999173 0.000000 0.040669
vn -0.999908 0.000000 0.013588
vn -0.999908 0.000000 0.013588
vn -1.000000 0.000000 0.000000
vn -1.000000 0.000000 0.000000
vn -0.999909 -0.000024 -0.013514
vn -0.999935 0.000000 -0.011363
vn -0.999180 -0.000039 -0.040495
vn -0.999419 0.000020 -0.034087
vn -0.999935 -0.000000 -0.011363
vn -0.997487 -0.000060 -0.070847
vn -0.998107 0.000051 -0.061495
vn -0.999909 0.000024 -0.013514
vn -0.999419 -0.000020 -0.034087
vn -0.994517 -0.000065 -0.104579
vn -0.995608 0.000056 -0.093623
vn -0.999180 0.000039 -0.040495
vn -0.998107 -0.000051 -0.061495
vn -0.990415 -0.000068 -0.138123
vn -0.992077 0.000060 -0.125634
vn -0.995608 -0.000056 -0.093623
vn -0.997487 0.000060 -0.070847
vn -0.985181 -0.000071 -0.171517
vn -0.987521 0.000063 -0.157487
vn -0.992077 -0.000060 -0.125634
vn -0.994517 0.000065 -0.104579
vn -0.978812 -0.000071 -0.204761
vn -0.981927 0.000064 -0.189258
vn -0.987521 -0.000063 -0.157487
vn -0.990415 0.000068 -0.138123
vn -0.971329 -0.000071 -0.237738
vn -0.975321 0.000065 -0.220793
vn -0.981927 -0.000064 -0.189258
vn -0.985181 0.000071 -0.171517
vn -0.962743 -0.000069 -0.270418
vn -0.967713 0.000064 -0.252056
vn -0.975321 -0.000065 -0.220793
vn -0.978812 0.000071 -0.204761
vn -0.959085 0.000062 -0.283119
vn -0.953044 -0.000066 -0.302831
vn -0.971329 0.000071 -0.237738
vn -0.967713 -0.000064 -0.252056
vn -0.949479 0.000058 -0.313829
vn -0.942253 -0.000062 -0.334903
vn -0.962743 0.000069 -0.270418
vn -0.959085 -0.000062 -0.283119
vn -0.930402 -0.000067 -0.366540
vn -0.938250 0.000073 -0.345957
vn -0.953044 0.000066 -0.302831
vn -0.949479 -0.000058 -0.313829
vn -0.916714 -0.000088 -0.399544
vn -0.924523 0.000099 -0.381126
vn -0.942253 0.000062 -0.334903
vn -0.938250 -0.000073 -0.345957
vn -0.900154 -0.000109 -0.435571
vn -0.908632 0.000099 -0.417597
vn -0.930402 0.000067 -0.366540
vn -0.924523 -0.000099 -0.381126
vn -0.881174 -0.000108 -0.472793
vn -0.891321 0.000099 -0.453372
vn -0.916714 0.000088 -0.399544
vn -0.908632 -0.000099 -0.417597
vn -0.872589 0.000097 -0.488455
vn -0.860685 -0.000105 -0.509139
vn -0.891321 -0.000099 -0.453372
vn -0.900154 0.000109 -0.435571
vn -0.852469 0.000093 -0.522778
vn -0.838670 -0.000100 -0.544640
vn -0.872589 -0.000097 -0.488455
vn -0.881174 0.000108 -0.472793
vn -0.831023 0.000087 -0.556238
vn -0.815215 -0.000094 -0.579158
vn -0.852469 -0.000093 -0.522778
vn -0.860685 0.000105 -0.509139
vn -0.808240 0.000079 -0.588853
vn -0.790346 -0.000085 -0.612661
vn -0.831023 -0.000087 -0.556238
vn -0.838670 0.000100 -0.544640
vn -0.782823 0.000104 -0.622245
vn -0.764068 -0.000095 -0.645136
vn -0.808240 -0.000079 -0.588853
vn -0.815215 0.000094 -0.579159
vn -0.752976 0.000147 -0.658048
vn -0.734868 -0.000133 -0.678210
vn -0.782823 -0.000104 -0.622245
vn -0.790346 0.000085 -0.612661
vn -0.719775 0.000150 -0.694207
vn -0.764068 0.000095 -0.645136
vn -0.752976 -0.000147 -0.658048
vn -0.700797 -0.000165 -0.713361
vn -0.734868 0.000133 -0.678210
vn -0.719775 -0.000150 -0.694207
vn -0.684848 0.000148 -0.728686
vn -0.663102 -0.000161 -0.748529
vn -0.655246 -0.000000 -0.755415
vn -0.700797 0.000165 -0.713361
vn -0.684848 -0.000148 -0.728686
vn -0.623754 -0.000000 -0.781620
vn -0.663102 0.000161 -0.748529
vn -0.655246 0.000000 -0.755415
vn -0.582658 -0.000000 -0.812718
vn -0.623754 0.000000 -0.781620
vn -0.539999 -0.000000 -0.841666
vn -0.582657 0.000000 -0.812718
vn -0.493437 -0.000000 -0.869782
vn -0.539999 0.000000 -0.841666
vn -0.439996 -0.000000 -0.898000
vn -0.493437 0.000000 -0.869782
vn -0.381990 -0.000000 -0.924167
vn -0.439996 0.000000 -0.898000
vn -0.381990 0.000000 -0.924167
vn -0.322451 -0.000000 -0.946586
vn -0.322451 0.000000 -0.946586
vn -0.261604 0.000000 -0.965175
vn -0.261604 0.000000 -0.965175
vn -0.199701 0.000000 -0.979857
vn -0.199701 0.000000 -0.979857
vn -0.136982 0.000000 -0.990573
vn -0.136982 0.000000 -0.990573
vn -0.073718 0.000000 -0.997279
vn -0.073718 0.000000 -0.997279
vn -0.010153 0.000000 -0.999948
vn -0.010153 0.000000 -0.999948
vn 0.053463 0.000000 -0.998570
vn 0.053463 0.000000 -0.998570
vn 0.116846 0.000000 -0.993150
vn 0.116846 0.000000 -0.993150
vn 0.179774 0.000000 -0.983708
vn 0.179774 0.000000 -0.983708
vn 0.241957 0.000000 -0.970287
vn 0.241957 0.000000 -0.970287
vn 0.303178 0.000000 -0.952934
vn 0.303178 0.000000 -0.952934
vn 0.320089 0.000000 0.947387
vn 0.320089 -0.000000 0.947387
vn 0.293383 0.000000 0.955995
vn 0.293383 -0.000000 0.955995
vn 0.260369 0.000000 0.965509
vn 0.260369 -0.000000 0.965509
vn 0.220859 0.000000 0.975306
vn 0.220859 -0.000000 0.975306
vn 0.180978 0.000000 0.983487
vn 0.180978 -0.000000 0.983487
vn 0.140810 0.000000 0.990037
vn 0.140810 -0.000000 0.990037
vn 0.100387 0.000000 0.994949
vn 0.100387 -0.000000 0.994949
vn 0.059819 0.000000 0.998209
vn 0.059819 -0.000000 0.998209
vn -0.021569 0.000000 0.999767
vn 0.019149 0.000000 0.999817
vn 0.019149 -0.000000 0.999817
vn -0.021569 0.000000 0.999767
vn -0.062232 0.000000 0.998062
vn -0.102803 0.000000 0.994702
vn -0.062232 0.000000 0.998062
vn -0.102803 0.000000 0.994702
vn -0.143196 0.000000 0.989694
vn -0.143196 0.000000 0.989694
vn -0.183364 0.000000 0.983045
vn -0.183364 0.000000 0.983045
vn -0.223217 0.000000 0.974769
vn -0.223217 0.000000 0.974769
vn -0.262710 0.000000 0.964875
vn -0.262710 0.000000 0.964875
vn -0.301750 0.000000 0.953387
vn -0.301750 0.000000 0.953387
vn -0.340307 0.000000 0.940314
vn -0.340307 0.000000 0.940314
vn -0.378292 0.000000 0.925686
vn -0.378292 0.000000 0.925687
vn -0.415653 0.000000 0.909523
vn -0.415653 0.000000 0.909523
vn -0.452329 0.000000 0.891851
vn -0.452329 0.000000 0.891851
vn -0.488246 0.000000 0.872706
vn -0.488246 0.000000 0.872706
vn -0.523359 0.000000 0.852112
vn -0.523359 0.000000 0.852112
vn -0.557616 0.000000 0.830099
vn -0.557616 0.000000 0.830099
vn -0.590926 0.000000 0.806726
vn -0.590925 0.000000 0.806726
vn -0.654555 -0.000039 0.756014
vn -0.684752 -0.000103 0.728776
vn -0.675002 0.000019 0.737815
vn -0.623281 0.000000 0.781998
vn -0.623281 0.000000 0.781998
vn -0.652967 0.000000 0.757386
vn -0.691426 0.000000 0.722447
vn -0.652967 0.000000 0.757386
vn -0.675002 -0.000019 0.737815
vn -0.654555 0.000039 0.756014
vn -0.713899 0.000000 0.700248
vn -0.713899 0.000000 0.700248
vn -0.684752 0.000103 0.728776
vn -0.691426 0.000000 0.722447
vn -0.741801 0.000000 0.670620
vn -0.741801 0.000000 0.670620
vn -0.713899 0.000000 0.700248
vn -0.713899 0.000000 0.700248
vn -0.767051 0.000000 0.641586
vn -0.767051 0.000000 0.641586
vn -0.741801 0.000000 0.670620
vn -0.786952 0.000000 0.617014
vn -0.786952 0.000000 0.617014
vn -0.741801 0.000000 0.670620
vn -0.767051 0.000000 0.641586
vn -0.803415 0.000000 0.595419
vn -0.803415 0.000000 0.595419
vn -0.767051 0.000000 0.641586
vn -0.786952 0.000000 0.617014
vn -0.819280 0.000000 0.573393
vn -0.819280 0.000000 0.573393
vn -0.786952 0.000000 0.617014
vn -0.803415 0.000000 0.595419
vn -0.834536 0.000000 0.550954
vn -0.834536 0.000000 0.550954
vn -0.803415 0.000000 0.595419
vn -0.819280 0.000000 0.573393
vn -0.849186 0.000000 0.528094
vn -0.849186 0.000000 0.528094
vn -0.819280 0.000000 0.573393
vn -0.834536 0.000000 0.550954
vn -0.863182 0.000000 0.504893
vn -0.863182 0.000000 0.504893
vn -0.834536 0.000000 0.550954
vn -0.849186 0.000000 0.528094
vn -0.876591 0.000000 0.481237
vn -0.876591 0.000000 0.481237
vn -0.849186 0.000000 0.528094
vn -0.863182 0.000000 0.504893
vn -0.889314 0.000000 0.457296
vn -0.889314 0.000000 0.457296
vn -0.863182 0.000000 0.504893
vn -0.876591 0.000000 0.481237
vn -0.901404 0.000000 0.432979
vn -0.901404 0.000000 0.432979
vn -0.876591 0.000000 0.481237
vn -0.889314 0.000000 0.457296
vn -0.912814 0.000000 0.408376
vn -0.912814 0.000000 0.408376
vn -0.889314 0.000000 0.457296
vn -0.901404 0.000000 0.432979
vn -0.923562 0.000000 0.383448
vn -0.923562 0.000000 0.383448
vn -0.901404 0.000000 0.432979
vn -0.912814 0.000000 0.408376
vn -0.933627 0.000000 0.358247
vn -0.933627 0.000000 0.358247
vn -0.912814 0.000000 0.408376
vn -0.923562 0.000000 0.383448
vn -0.943012 0.000000 0.332759
vn -0.943012 0.000000 0.332759
vn -0.923562 0.000000 0.383448
vn -0.933627 0.000000 0.358247
vn -0.951685 0.000000 0.307077
vn -0.951685 0.000000 0.307077
vn -0.933627 0.000000 0.358247
vn -0.943012 0.000000 0.332759
vn -0.959671 0.000000 0.281126
vn -0.959671 0.000000 0.281126
vn -0.943012 0.000000 0.332759
vn -0.951685 0.000000 0.307077
vn -0.966947 0.000000 0.254979
vn -0.966947 0.000000 0.254979
vn -0.951685 0.000000 0.307077
vn -0.959671 0.000000 0.281126
vn -0.973510 0.000000 0.228645
vn -0.973510 0.000000 0.228645
vn -0.959671 0.000000 0.281126
vn -0.966947 0.000000 0.254979
vn -0.979350 0.000000 0.202174
vn -0.979350 0.000000 0.202174
vn -0.966947 0.000000 0.254979
vn -0.973510 0.000000 0.228645
vn -0.984485 0.000000 0.175468
vn -0.984485 0.000000 0.175468
vn -0.973510 0.000000 0.228645
vn -0.979350 0.000000 0.202174
vn -0.988880 0.000000 0.148713
vn -0.988880 0.000000 0.148713
vn -0.979350 0.000000 0.202174
vn -0.984485 0.000000 0.175468
vn -0.992552 0.000000 0.121821
vn -0.992552 0.000000 0.121821
vn -0.984485 0.000000 0.175468
vn -0.988880 0.000000 0.148713
vn -0.995489 0.000000 0.094879
vn -0.995489 0.000000 0.094879
vn -0.988880 0.000000 0.148713
vn -0.992552 0.000000 0.121821
vn -0.997699 0.000000 0.067797
vn -0.997699 0.000000 0.067797
vn -0.992552 0.000000 0.121821
vn -0.995489 0.000000 0.094879
vn -0.999173 0.000000 0.040669
vn -0.999173 0.000000 0.040669
vn -0.995489 0.000000 0.094879
vn -0.997699 0.000000 0.067797
vn -0.999908 0.000000 0.013588
vn -0.999908 0.000000 0.013588
vn -0.997699 0.000000 0.067797
vn -0.999173 0.000000 0.040669
vn -0.999173 0.000000 0.040669
vn -0.999908 0.000000 0.013588
vn -0.999908 0.000000 0.013588
vn -1.000000 0.000000 0.000000
vn -1.000000 0.000000 0.000000
vn -0.999909 -0.000024 -0.013514
vn -0.999935 -0.000000 -0.011363
vn -0.999180 -0.000039 -0.040495
vn -0.999419 0.000020 -0.034087
vn -0.999935 -0.000000 -0.011363
vn -0.997487 -0.000060 -0.070847
vn -0.998107 0.000051 -0.061495
vn -0.999909 0.000024 -0.013514
vn -0.999419 -0.000020 -0.034087
vn -0.994517 -0.000065 -0.104579
vn -0.995608 0.000056 -0.093623
vn -0.999180 0.000039 -0.040495
vn -0.998107 -0.000051 -0.061495
vn -0.990415 -0.000068 -0.138123
vn -0.992077 0.000060 -0.125633
vn -0.995608 -0.000056 -0.093623
vn -0.997487 0.000060 -0.070847
vn -0.985181 -0.000071 -0.171517
vn -0.987521 0.000063 -0.157486
vn -0.992077 -0.000060 -0.125633
vn -0.994517 0.000065 -0.104579
vn -0.978812 -0.000072 -0.204759
vn -0.981927 0.000064 -0.189258
vn -0.987521 -0.000063 -0.157486
vn -0.990415 0.000068 -0.138123
vn -0.971329 -0.000071 -0.237738
vn -0.975321 0.000065 -0.220794
vn -0.981927 -0.000064 -0.189258
vn -0.985181 0.000071 -0.171517
vn -0.962743 -0.000069 -0.270419
vn -0.967712 0.000064 -0.252057
vn -0.975321 -0.000065 -0.220794
vn -0.978812 0.000072 -0.204759
vn -0.953044 -0.000066 -0.302832
vn -0.959085 0.000062 -0.283118
vn -0.971329 0.000071 -0.237738
vn -0.967712 -0.000064 -0.252057
vn -0.949479 0.000058 -0.313831
vn -0.942252 -0.000062 -0.334905
vn -0.962743 0.000069 -0.270419
vn -0.959085 -0.000062 -0.283118
vn -0.938250 0.000073 -0.345958
vn -0.930403 -0.000067 -0.366537
vn -0.953044 0.000066 -0.302832
vn -0.949479 -0.000058 -0.313831
vn -0.916715 -0.000088 -0.399543
vn -0.924525 0.000099 -0.381122
vn -0.942252 0.000062 -0.334905
vn -0.938250 -0.000073 -0.345958
vn -0.900153 -0.000109 -0.435574
vn -0.908632 0.000099 -0.417597
vn -0.930403 0.000067 -0.366537
vn -0.924525 -0.000099 -0.381122
vn -0.881174 -0.000108 -0.472791
vn -0.891319 0.000099 -0.453376
vn -0.916715 0.000088 -0.399543
vn -0.908632 -0.000099 -0.417597
vn -0.872591 0.000097 -0.488452
vn -0.860685 -0.000105 -0.509137
vn -0.891319 -0.000099 -0.453376
vn -0.900153 0.000109 -0.435574
vn -0.852466 0.000093 -0.522783
vn -0.838669 -0.000100 -0.544642
vn -0.872591 -0.000097 -0.488452
vn -0.881174 0.000108 -0.472791
vn -0.831023 0.000087 -0.556238
vn -0.815216 -0.000094 -0.579157
vn -0.852466 -0.000093 -0.522783
vn -0.860685 0.000105 -0.509137
vn -0.808242 0.000079 -0.588851
vn -0.790343 -0.000085 -0.612665
vn -0.831023 -0.000087 -0.556238
vn -0.838669 0.000100 -0.544642
vn -0.782825 0.000104 -0.622242
vn -0.764069 -0.000095 -0.645134
vn -0.808242 -0.000079 -0.588851
vn -0.815216 0.000094 -0.579157
vn -0.752974 0.000147 -0.658051
vn -0.734872 -0.000133 -0.678206
vn -0.782825 -0.000104 -0.622242
vn -0.790343 0.000085 -0.612665
vn -0.719776 0.000150 -0.694207
vn -0.764069 0.000095 -0.645134
vn -0.752974 -0.000147 -0.658051
vn -0.700790 -0.000165 -0.713367
vn -0.734872 0.000133 -0.678206
vn -0.719776 -0.000150 -0.694207
vn -0.684846 0.000148 -0.728688
vn -0.663107 -0.000161 -0.748525
vn -0.655252 -0.000000 -0.755410
vn -0.700791 0.000165 -0.713367
vn -0.684846 -0.000148 -0.728688
vn -0.663107 0.000161 -0.748525
vn -0.655252 0.000000 -0.755410
vn -0.623751 0.000000 -0.781623
vn -0.623751 0.000000 -0.781623
vn -0.582656 0.000000 -0.812719
vn -0.582657 0.000000 -0.812719
vn -0.539999 0.000000 -0.841666
vn -0.539999 0.000000 -0.841666
vn -0.493439 0.000000 -0.869781
vn -0.493439 0.000000 -0.869781
vn -0.381993 -0.000000 -0.924165
vn -0.439996 0.000000 -0.898000
vn -0.439996 0.000000 -0.898000
vn -0.381993 0.000000 -0.924165
vn -0.322451 -0.000000 -0.946586
vn -0.322451 0.000000 -0.946586
vn -0.261604 -0.000000 -0.965175
vn -0.261604 0.000000 -0.965175
vn -0.199701 -0.000000 -0.979857
vn -0.199701 0.000000 -0.979857
vn -0.136984 0.000000 -0.990573
vn -0.136984 0.000000 -0.990573
vn -0.073717 0.000000 -0.997279
vn -0.073717 0.000000 -0.997279
vn -0.010149 0.000000 -0.999949
vn -0.010149 0.000000 -0.999948
vn 0.053459 0.000000 -0.998570
vn 0.053459 0.000000 -0.998570
vn 0.116849 0.000000 -0.993150
vn 0.116849 0.000000 -0.993150
vn 0.179771 0.000000 -0.983708
vn 0.179771 0.000000 -0.983709
vn 0.241958 0.000000 -0.970287
vn 0.241958 0.000000 -0.970287
vn 0.303175 0.000000 -0.952935
vn 0.303175 0.000000 -0.952935
vn 0.293386 0.000000 0.955994
vn 0.320089 0.000000 0.947387
vn 0.320089 -0.000000 0.947387
vn 0.260368 0.000000 0.965510
vn 0.293386 0.000000 0.955994
vn 0.220863 0.000000 0.975305
vn 0.260368 0.000000 0.965510
vn 0.180978 0.000000 0.983487
vn 0.220863 0.000000 0.975305
vn 0.140804 0.000000 0.990037
vn 0.180978 0.000000 0.983487
vn 0.140804 0.000000 0.990037
vn 0.100394 0.000000 0.994948
vn 0.059817 0.000000 0.998209
vn 0.100394 0.000000 0.994948
vn 0.019145 0.000000 0.999817
vn 0.059817 0.000000 0.998209
vn -0.021563 0.000000 0.999768
vn 0.019145 0.000000 0.999817
vn -0.062236 0.000000 0.998061
vn -0.021563 0.000000 0.999767
vn -0.102803 0.000000 0.994702
vn -0.062236 0.000000 0.998061
vn -0.143197 0.000000 0.989694
vn -0.102803 0.000000 0.994702
vn -0.183364 0.000000 0.983045
vn -0.143197 0.000000 0.989694
vn -0.183364 0.000000 0.983045
vn -0.223213 0.000000 0.974770
vn -0.223213 0.000000 0.974770
vn -0.262710 0.000000 0.964875
vn -0.262710 0.000000 0.964875
vn -0.301756 0.000000 0.953385
vn -0.301756 0.000000 0.953385
vn -0.340302 0.000000 0.940316
vn -0.340302 0.000000 0.940316
vn -0.378295 0.000000 0.925685
vn -0.378295 0.000000 0.925685
vn -0.415651 0.000000 0.909524
vn -0.415652 0.000000 0.909524
vn -0.452328 0.000000 0.891852
vn -0.452328 0.000000 0.891852
vn -0.488250 0.000000 0.872704
vn -0.488250 0.000000 0.872704
vn -0.523359 0.000000 0.852112
vn -0.523359 0.000000 0.852112
vn -0.557612 0.000000 0.830102
vn -0.557612 0.000000 0.830102
vn -0.590927 0.000000 0.806725
vn -0.590927 0.000000 0.806725
vn -0.623280 0.000000 0.781999
vn -0.654556 -0.000039 0.756014
vn -0.684751 -0.000103 0.728777
vn -0.675006 0.000019 0.737812
vn -0.623280 0.000000 0.781999
vn -0.652967 0.000000 0.757386
vn -0.691422 0.000000 0.722451
vn -0.652967 0.000000 0.757386
vn -0.675006 -0.000019 0.737812
vn -0.654556 0.000039 0.756014
vn -0.713902 0.000000 0.700245
vn -0.713902 0.000000 0.700246
vn -0.684751 0.000103 0.728777
vn -0.691422 0.000000 0.722451
vn -0.741799 0.000000 0.670623
vn -0.741799 0.000000 0.670623
vn -0.713902 0.000000 0.700246
vn -0.713902 0.000000 0.700245
vn -0.767051 0.000000 0.641586
vn -0.767051 0.000000 0.641586
vn -0.741799 0.000000 0.670623
vn -0.786954 0.000000 0.617011
vn -0.786954 0.000000 0.617011
vn -0.741799 0.000000 0.670623
vn -0.767051 0.000000 0.641586
vn -0.803416 0.000000 0.595418
vn -0.803416 0.000000 0.595418
vn -0.767051 0.000000 0.641586
vn -0.786954 0.000000 0.617011
vn -0.819277 0.000000 0.573397
vn -0.819277 0.000000 0.573397
vn -0.786954 0.000000 0.617011
vn -0.803416 0.000000 0.595418
vn -0.834536 0.000000 0.550954
vn -0.834536 0.000000 0.550954
vn -0.803416 0.000000 0.595418
vn -0.819277 0.000000 0.573397
vn -0.849186 0.000000 0.528093
vn -0.849186 0.000000 0.528093
vn -0.819277 0.000000 0.573397
vn -0.834536 0.000000 0.550954
vn -0.863184 0.000000 0.504889
vn -0.863184 0.000000 0.504889
vn -0.834536 0.000000 0.550954
vn -0.849186 0.000000 0.528093
vn -0.876589 0.000000 0.481240
vn -0.876589 0.000000 0.481240
vn -0.849186 0.000000 0.528093
vn -0.863184 0.000000 0.504889
vn -0.889316 0.000000 0.457293
vn -0.889316 0.000000 0.457293
vn -0.863184 0.000000 0.504889
vn -0.876589 0.000000 0.481240
vn -0.901404 0.000000 0.432979
vn -0.901404 0.000000 0.432979
vn -0.876589 0.000000 0.481240
vn -0.889316 0.000000 0.457293
vn -0.912814 0.000000 0.408377
vn -0.912814 0.000000 0.408377
vn -0.889316 0.000000 0.457293
vn -0.901404 0.000000 0.432979
vn -0.923561 0.000000 0.383451
vn -0.923561 0.000000 0.383451
vn -0.901404 0.000000 0.432979
vn -0.912814 0.000000 0.408377
vn -0.933628 0.000000 0.358245
vn -0.933628 0.000000 0.358245
vn -0.912814 0.000000 0.408377
vn -0.923561 0.000000 0.383451
vn -0.943012 0.000000 0.332758
vn -0.943012 0.000000 0.332758
vn -0.923561 0.000000 0.383451
vn -0.933628 0.000000 0.358245
vn -0.951684 0.000000 0.307079
vn -0.951684 0.000000 0.307079
vn -0.933628 0.000000 0.358245
vn -0.943012 0.000000 0.332758
vn -0.959672 0.000000 0.281123
vn -0.959672 0.000000 0.281123
vn -0.943012 0.000000 0.332758
vn -0.951684 0.000000 0.307079
vn -0.966947 0.000000 0.254979
vn -0.966947 0.000000 0.254979
vn -0.951684 0.000000 0.307079
vn -0.959672 0.000000 0.281123
vn -0.973509 0.000000 0.228647
vn -0.973509 0.000000 0.228647
vn -0.959672 0.000000 0.281123
vn -0.966947 0.000000 0.254979
vn -0.979350 0.000000 0.202173
vn -0.979350 0.000000 0.202173
vn -0.966947 0.000000 0.254979
vn -0.973509 0.000000 0.228647
vn -0.984485 0.000000 0.175469
vn -0.984485 0.000000 0.175469
vn -0.973509 0.000000 0.228647
vn -0.979350 0.000000 0.202173
vn -0.988880 0.000000 0.148714
vn -0.988880 0.000000 0.148714
vn -0.979350 0.000000 0.202173
vn -0.984485 0.000000 0.175469
vn -0.992552 0.000000 0.121820
vn -0.992552 0.000000 0.121820
vn -0.984485 0.000000 0.175469
vn -0.988880 0.000000 0.148714
vn -0.995489 0.000000 0.094879
vn -0.995489 0.000000 0.094879
vn -0.988880 0.000000 0.148714
vn -0.992552 0.000000 0.121820
vn -0.997699 0.000000 0.067798
vn -0.997699 0.000000 0.067798
vn -0.992552 0.000000 0.121820
vn -0.995489 0.000000 0.094879
vn -0.999173 0.000000 0.040669
vn -0.999173 0.000000 0.040669
vn -0.995489 0.000000 0.094879
vn -0.997699 0.000000 0.067798
vn -0.999908 0.000000 0.013588
vn -0.999908 0.000000 0.013588
vn -0.997699 0.000000 0.067798
vn -0.999173 0.000000 0.040669
vn -0.999173 0.000000 0.040669
vn -0.999908 0.000000 0.013588
vn -0.999908 0.000000 0.013588
vn -1.000000 0.000000 0.000000
vn -1.000000 0.000000 0.000000
vn -0.999909 -0.000024 -0.013514
vn -0.999935 0.000000 -0.011363
vn -0.999180 -0.000039 -0.040495
vn -0.999419 0.000020 -0.034087
vn -0.999935 -0.000000 -0.011363
vn -0.997487 -0.000060 -0.070847
vn -0.998107 0.000051 -0.061495
vn -0.999909 0.000024 -0.013514
vn -0.999419 -0.000020 -0.034087
vn -0.994517 -0.000065 -0.104579
vn -0.995608 0.000056 -0.093623
vn -0.999180 0.000039 -0.040495
vn -0.998107 -0.000051 -0.061495
vn -0.990415 -0.000068 -0.138123
vn -0.992077 0.000060 -0.125634
vn -0.995608 -0.000056 -0.093623
vn -0.997487 0.000060 -0.070847
vn -0.985181 -0.000071 -0.171517
vn -0.987521 0.000063 -0.157487
vn -0.992077 -0.000060 -0.125634
vn -0.994517 0.000065 -0.104579
vn -0.978812 -0.000071 -0.204761
vn -0.981927 0.000064 -0.189258
vn -0.987521 -0.000063 -0.157487
vn -0.990415 0.000068 -0.138123
vn -0.971329 -0.000071 -0.237738
vn -0.975321 0.000065 -0.220793
vn -0.981927 -0.000064 -0.189258
vn -0.985181 0.000071 -0.171517
vn -0.962743 -0.000069 -0.270418
vn -0.967713 0.000064 -0.252056
vn -0.975321 -0.000065 -0.220793
vn -0.978812 0.000071 -0.204761
vn -0.959085 0.000062 -0.283119
vn -0.953044 -0.000066 -0.302831
vn -0.971329 0.000071 -0.237738
vn -0.967713 -0.000064 -0.252056
vn -0.949479 0.000058 -0.313829
vn -0.942251 -0.000062 -0.334906
vn -0.962743 0.000069 -0.270418
vn -0.959085 -0.000062 -0.283119
vn -0.930404 -0.000067 -0.366536
vn -0.938249 0.000073 -0.345960
vn -0.953044 0.000066 -0.302831
vn -0.949479 -0.000058 -0.313829
vn -0.916714 -0.000088 -0.399544
vn -0.924525 0.000099 -0.381120
vn -0.942251 0.000062 -0.334906
vn -0.938249 -0.000073 -0.345960
vn -0.900153 -0.000109 -0.435574
vn -0.908632 0.000099 -0.417597
vn -0.930404 0.000067 -0.366536
vn -0.924525 -0.000099 -0.381120
vn -0.881175 -0.000108 -0.472790
vn -0.891318 0.000099 -0.453378
vn -0.916714 0.000088 -0.399544
vn -0.908632 -0.000099 -0.417597
vn -0.872593 0.000097 -0.488448
vn -0.860685 -0.000105 -0.509139
vn -0.891318 -0.000099 -0.453378
vn -0.900153 0.000109 -0.435574
vn -0.852464 0.000093 -0.522785
vn -0.838670 -0.000100 -0.544640
vn -0.872593 -0.000097 -0.488448
vn -0.881175 0.000108 -0.472790
vn -0.831023 0.000087 -0.556238
vn -0.815215 -0.000094 -0.579158
vn -0.852464 -0.000093 -0.522785
vn -0.860685 0.000105 -0.509139
vn -0.808243 0.000079 -0.588849
vn -0.790343 -0.000085 -0.612665
vn -0.831023 -0.000087 -0.556238
vn -0.838670 0.000100 -0.544640
vn -0.782823 0.000104 -0.622245
vn -0.764071 -0.000095 -0.645132
vn -0.808243 -0.000079 -0.588849
vn -0.815215 0.000094 -0.579158
vn -0.752973 0.000147 -0.658051
vn -0.734872 -0.000133 -0.678206
vn -0.782823 -0.000104 -0.622245
vn -0.790343 0.000085 -0.612665
vn -0.719778 0.000150 -0.694204
vn -0.764071 0.000095 -0.645132
vn -0.752973 -0.000147 -0.658051
vn -0.700790 -0.000165 -0.713367
vn -0.734872 0.000133 -0.678206
vn -0.719778 -0.000150 -0.694204
vn -0.684844 0.000148 -0.728689
vn -0.663106 -0.000161 -0.748526
vn -0.655252 -0.000000 -0.755410
vn -0.700790 0.000165 -0.713367
vn -0.684844 -0.000148 -0.728689
vn -0.655252 0.000000 -0.755410
vn -0.663106 0.000161 -0.748526
vn -0.623751 0.000000 -0.781623
vn -0.623751 0.000000 -0.781623
vn -0.582657 0.000000 -0.812718
vn -0.582658 0.000000 -0.812718
vn -0.493441 -0.000000 -0.869779
vn -0.539999 0.000000 -0.841666
vn -0.539999 0.000000 -0.841666
vn -0.439996 -0.000000 -0.898000
vn -0.493441 0.000000 -0.869779
vn -0.439996 0.000000 -0.898000
vn -0.381990 0.000000 -0.924167
vn -0.381990 0.000000 -0.924167
vn -0.322451 0.000000 -0.946586
vn -0.261604 -0.000000 -0.965175
vn -0.322451 0.000000 -0.946586
vn -0.261604 0.000000 -0.965175
vn -0.199701 -0.000000 -0.979857
vn -0.199701 0.000000 -0.979857
vn -0.136987 -0.000000 -0.990573
vn -0.136987 0.000000 -0.990573
vn -0.073713 0.000000 -0.997280
vn -0.073713 0.000000 -0.997280
vn -0.010153 0.000000 -0.999948
vn -0.010153 0.000000 -0.999948
vn 0.053463 0.000000 -0.998570
vn 0.053463 0.000000 -0.998570
vn 0.116846 0.000000 -0.993150
vn 0.116846 0.000000 -0.993150
vn 0.179774 0.000000 -0.983708
vn 0.179774 0.000000 -0.983708
vn 0.241957 0.000000 -0.970287
vn 0.241957 0.000000 -0.970287
vn 0.303174 0.000000 -0.952935
vn 0.303174 0.000000 -0.952935
vn 0.293383 0.000000 0.955995
vn 0.320089 0.000000 0.947387
vn 0.320089 -0.000000 0.947387
vn 0.260377 0.000000 0.965507
vn 0.293383 0.000000 0.955995
vn 0.220866 0.000000 0.975304
vn 0.260377 0.000000 0.965507
vn 0.180970 0.000000 0.983489
vn 0.220866 0.000000 0.975304
vn 0.140803 0.000000 0.990038
vn 0.180970 0.000000 0.983489
vn 0.140803 0.000000 0.990038
vn 0.100394 0.000000 0.994948
vn 0.059819 0.000000 0.998209
vn 0.100394 0.000000 0.994948
vn 0.019149 0.000000 0.999817
vn 0.059819 0.000000 0.998209
vn -0.021569 0.000000 0.999767
vn 0.019149 0.000000 0.999817
vn -0.062225 0.000000 0.998062
vn -0.021569 0.000000 0.999767
vn -0.102819 0.000000 0.994700
vn -0.062225 0.000000 0.998062
vn -0.143188 0.000000 0.989696
vn -0.102819 0.000000 0.994700
vn -0.183364 0.000000 0.983045
vn -0.143188 0.000000 0.989696
vn -0.183364 0.000000 0.983045
vn -0.223217 0.000000 0.974769
vn -0.223217 0.000000 0.974769
vn -0.262710 0.000000 0.964875
vn -0.262710 0.000000 0.964875
vn -0.301750 0.000000 0.953387
vn -0.301750 0.000000 0.953387
vn -0.340307 0.000000 0.940314
vn -0.340307 0.000000 0.940314
vn -0.378298 0.000000 0.925684
vn -0.378298 0.000000 0.925684
vn -0.415653 0.000000 0.909523
vn -0.415653 0.000000 0.909523
vn -0.452317 0.000000 0.891857
vn -0.452317 0.000000 0.891857
vn -0.488252 0.000000 0.872703
vn -0.488252 0.000000 0.872703
vn -0.523359 0.000000 0.852112
vn -0.523359 0.000000 0.852112
vn -0.557616 0.000000 0.830099
vn -0.557616 0.000000 0.830099
vn -0.590926 0.000000 0.806726
vn -0.590925 0.000000 0.806726
vn -0.654559 -0.000039 0.756011
vn -0.684743 -0.000102 0.728784
vn -0.675018 0.000019 0.737802
vn -0.623281 0.000000 0.781998
vn -0.623281 0.000000 0.781998
vn -0.652962 0.000000 0.757391
vn -0.691411 0.000000 0.722461
vn -0.652962 0.000000 0.757391
vn -0.675018 -0.000019 0.737802
vn -0.654559 0.000039 0.756011
vn -0.713907 0.000000 0.700241
vn -0.713907 0.000000 0.700241
vn -0.684743 0.000102 0.728784
vn -0.691411 0.000000 0.722461
vn -0.741797 0.000000 0.670624
vn -0.741797 0.000000 0.670624
vn -0.713907 0.000000 0.700241
vn -0.713907 0.000000 0.700241
vn -0.767048 0.000000 0.641590
vn -0.767048 0.000000 0.641590
vn -0.741797 0.000000 0.670624
vn -0.786961 0.000000 0.617003
vn -0.786961 0.000000 0.617003
vn -0.741797 0.000000 0.670624
vn -0.767048 0.000000 0.641590
vn -0.803411 0.000000 0.595425
vn -0.803411 0.000000 0.595425
vn -0.767048 0.000000 0.641590
vn -0.786961 0.000000 0.617003
vn -0.819280 0.000000 0.573393
vn -0.819280 0.000000 0.573393
vn -0.786961 0.000000 0.617003
vn -0.803411 0.000000 0.595425
vn -0.834536 0.000000 0.550954
vn -0.834536 0.000000 0.550954
vn -0.803411 0.000000 0.595425
vn -0.819280 0.000000 0.573393
vn -0.849186 0.000000 0.528094
vn -0.849186 0.000000 0.528094
vn -0.819280 0.000000 0.573393
vn -0.834536 0.000000 0.550954
vn -0.863182 0.000000 0.504893
vn -0.863182 0.000000 0.504893
vn -0.834536 0.000000 0.550954
vn -0.849186 0.000000 0.528094
vn -0.876591 0.000000 0.481237
vn -0.876591 0.000000 0.481237
vn -0.849186 0.000000 0.528094
vn -0.863182 0.000000 0.504893
vn -0.889314 0.000000 0.457296
vn -0.889314 0.000000 0.457296
vn -0.863182 0.000000 0.504893
vn -0.876591 0.000000 0.481237
vn -0.901404 0.000000 0.432979
vn -0.901404 0.000000 0.432979
vn -0.876591 0.000000 0.481237
vn -0.889314 0.000000 0.457296
vn -0.912816 0.000000 0.408372
vn -0.912816 0.000000 0.408372
vn -0.889314 0.000000 0.457296
vn -0.901404 0.000000 0.432979
vn -0.923561 0.000000 0.383452
vn -0.923561 0.000000 0.383452
vn -0.901404 0.000000 0.432979
vn -0.912816 0.000000 0.408372
vn -0.933628 0.000000 0.358243
vn -0.933628 0.000000 0.358243
vn -0.912816 0.000000 0.408372
vn -0.923561 0.000000 0.383452
vn -0.943011 0.000000 0.332763
vn -0.943011 0.000000 0.332763
vn -0.923561 0.000000 0.383452
vn -0.933628 0.000000 0.358243
vn -0.951685 0.000000 0.307077
vn -0.951685 0.000000 0.307077
vn -0.933628 0.000000 0.358243
vn -0.943011 0.000000 0.332763
vn -0.959671 0.000000 0.281126
vn -0.959671 0.000000 0.281126
vn -0.943011 0.000000 0.332763
vn -0.951685 0.000000 0.307077
vn -0.966947 0.000000 0.254979
vn -0.966947 0.000000 0.254979
vn -0.951685 0.000000 0.307077
vn -0.959671 0.000000 0.281126
vn -0.973510 0.000000 0.228645
vn -0.973510 0.000000 0.228645
vn -0.959671 0.000000 0.281126
vn -0.966947 0.000000 0.254979
vn -0.979350 0.000000 0.202174
vn -0.979350 0.000000 0.202174
vn -0.966947 0.000000 0.254979
vn -0.973510 0.000000 0.228645
vn -0.984485 0.000000 0.175468
vn -0.984485 0.000000 0.175468
vn -0.973510 0.000000 0.228645
vn -0.979350 0.000000 0.202174
vn -0.988880 0.000000 0.148713
vn -0.988880 0.000000 0.148713
vn -0.979350 0.000000 0.202174
vn -0.984485 0.000000 0.175468
vn -0.992552 0.000000 0.121821
vn -0.992552 0.000000 0.121821
vn -0.984485 0.000000 0.175468
vn -0.988880 0.000000 0.148713
vn -0.995489 0.000000 0.094879
vn -0.995489 0.000000 0.094879
vn -0.988880 0.000000 0.148713
vn -0.992552 0.000000 0.121821
vn -0.997699 0.000000 0.067797
vn -0.997699 0.000000 0.067797
vn -0.992552 0.000000 0.121821
vn -0.995489 0.000000 0.094879
vn -0.999173 0.000000 0.040669
vn -0.999173 0.000000 0.040669
vn -0.995489 0.000000 0.094879
vn -0.997699 0.000000 0.067797
vn -0.999908 0.000000 0.013588
vn -0.999908 0.000000 0.013588
vn -0.997699 0.000000 0.067797
vn -0.999173 0.000000 0.040669
vn -0.999173 0.000000 0.040669
vn -0.999908 0.000000 0.013588
vn -0.999908 0.000000 0.013588
vn -1.000000 0.000000 0.000000
vn -1.000000 0.000000 0.000000
vn -0.999909 -0.000024 -0.013514
vn -0.999935 0.000000 -0.011363
vn -0.999180 -0.000039 -0.040495
vn -0.999419 0.000020 -0.034088
vn -0.999935 -0.000000 -0.011363
vn -0.997487 -0.000060 -0.070846
vn -0.998107 0.000051 -0.061494
vn -0.999909 0.000024 -0.013514
vn -0.999419 -0.000020 -0.034088
vn -0.994516 -0.000065 -0.104580
vn -0.995608 0.000057 -0.093625
vn -0.999180 0.000039 -0.040495
vn -0.998107 -0.000051 -0.061494
vn -0.990415 -0.000068 -0.138124
vn -0.992077 0.000060 -0.125633
vn -0.995608 -0.000057 -0.093625
vn -0.997487 0.000060 -0.070846
vn -0.985181 -0.000071 -0.171517
vn -0.987521 0.000063 -0.157485
vn -0.992077 -0.000060 -0.125633
vn -0.994516 0.000065 -0.104580
vn -0.978813 -0.000071 -0.204757
vn -0.981927 0.000064 -0.189260
vn -0.987521 -0.000063 -0.157485
vn -0.990415 0.000068 -0.138124
vn -0.971329 -0.000071 -0.237740
vn -0.975321 0.000065 -0.220793
vn -0.981927 -0.000064 -0.189260
vn -0.985181 0.000071 -0.171517
vn -0.962744 -0.000069 -0.270416
vn -0.967713 0.000064 -0.252056
vn -0.975321 -0.000065 -0.220793
vn -0.978813 0.000071 -0.204757
vn -0.959085 0.000062 -0.283119
vn -0.953043 -0.000066 -0.302836
vn -0.971329 0.000071 -0.237740
vn -0.967713 -0.000064 -0.252056
vn -0.949479 0.000058 -0.313829
vn -0.942254 -0.000062 -0.334900
vn -0.962744 0.000069 -0.270416
vn -0.959085 -0.000062 -0.283119
vn -0.930402 -0.000067 -0.366540
vn -0.938250 0.000073 -0.345957
vn -0.953043 0.000066 -0.302836
vn -0.949479 -0.000058 -0.313829
vn -0.916714 -0.000088 -0.399544
vn -0.924523 0.000099 -0.381126
vn -0.942254 0.000062 -0.334900
vn -0.938250 -0.000073 -0.345957
vn -0.900154 -0.000109 -0.435571
vn -0.908632 0.000099 -0.417597
vn -0.930402 0.000067 -0.366540
vn -0.924523 -0.000099 -0.381126
vn -0.881174 -0.000108 -0.472793
vn -0.891321 0.000099 -0.453372
vn -0.916714 0.000088 -0.399544
vn -0.908632 -0.000099 -0.417597
vn -0.872589 0.000097 -0.488455
vn -0.860685 -0.000105 -0.509139
vn -0.891321 -0.000099 -0.453372
vn -0.900154 0.000109 -0.435571
vn -0.852469 0.000093 -0.522778
vn -0.838670 -0.000100 -0.544640
vn -0.872589 -0.000097 -0.488455
vn -0.881174 0.000108 -0.472793
vn -0.831023 0.000087 -0.556238
vn -0.815215 -0.000094 -0.579158
vn -0.852469 -0.000093 -0.522778
vn -0.860685 0.000105 -0.509139
vn -0.808240 0.000079 -0.588853
vn -0.790346 -0.000085 -0.612661
vn -0.831023 -0.000087 -0.556238
vn -0.838670 0.000100 -0.544640
vn -0.782823 0.000104 -0.622245
vn -0.764068 -0.000095 -0.645136
vn -0.808240 -0.000079 -0.588853
vn -0.815215 0.000094 -0.579159
vn -0.752976 0.000147 -0.658048
vn -0.734868 -0.000133 -0.678210
vn -0.782823 -0.000104 -0.622245
vn -0.790346 0.000085 -0.612661
vn -0.719775 0.000150 -0.694207
vn -0.764068 0.000095 -0.645136
vn -0.752976 -0.000147 -0.658048
vn -0.700797 -0.000165 -0.713361
vn -0.734868 0.000133 -0.678210
vn -0.719775 -0.000150 -0.694207
vn -0.684848 0.000148 -0.728686
vn -0.663102 -0.000161 -0.748529
vn -0.655246 -0.000000 -0.755415
vn -0.700797 0.000165 -0.713361
vn -0.684848 -0.000148 -0.728686
vn -0.655246 0.000000 -0.755415
vn -0.663102 0.000161 -0.748529
vn -0.623754 0.000000 -0.781620
vn -0.623754 0.000000 -0.781620
vn -0.582657 0.000000 -0.812718
vn -0.582658 0.000000 -0.812718
vn -0.493437 -0.000000 -0.869782
vn -0.539999 0.000000 -0.841666
vn -0.539999 0.000000 -0.841666
vn -0.439996 -0.000000 -0.898000
vn -0.493437 0.000000 -0.869782
vn -0.381990 -0.000000 -0.924167
vn -0.439996 0.000000 -0.898000
vn -0.381990 0.000000 -0.924167
vn -0.322451 -0.000000 -0.946586
vn -0.322451 0.000000 -0.946586
vn -0.261604 -0.000000 -0.965175
vn -0.261604 0.000000 -0.965175
vn -0.199701 -0.000000 -0.979857
vn -0.199701 0.000000 -0.979857
vn -0.136982 -0.000000 -0.990573
vn -0.136982 0.000000 -0.990573
vn -0.073718 -0.000000 -0.997279
vn -0.073718 0.000000 -0.997279
vn -0.010153 -0.000000 -0.999948
vn -0.010153 0.000000 -0.999948
vn 0.053463 0.000000 -0.998570
vn 0.053463 0.000000 -0.998570
vn 0.116846 0.000000 -0.993150
vn 0.116846 0.000000 -0.993150
vn 0.179774 0.000000 -0.983708
vn 0.179774 0.000000 -0.983708
vn 0.241957 0.000000 -0.970287
vn 0.241957 0.000000 -0.970287
vn 0.303178 0.000000 -0.952934
vn 0.303178 0.000000 -0.952934
vn 0.293404 0.000000 0.955989
vn 0.320089 0.000000 0.947387
vn 0.320089 -0.000000 0.947387
vn 0.260362 0.000000 0.965511
vn 0.293404 0.000000 0.955989
vn 0.220851 0.000000 0.975307
vn 0.260362 0.000000 0.965511
vn 0.180985 0.000000 0.983486
vn 0.220851 0.000000 0.975307
vn 0.140818 0.000000 0.990036
vn 0.180985 0.000000 0.983486
vn 0.140818 0.000000 0.990036
vn 0.100394 0.000000 0.994948
vn 0.059819 0.000000 0.998209
vn 0.100394 0.000000 0.994948
vn 0.019117 0.000000 0.999817
vn 0.059819 0.000000 0.998209
vn -0.021553 0.000000 0.999768
vn 0.019117 0.000000 0.999817
vn -0.062225 0.000000 0.998062
vn -0.021553 0.000000 0.999768
vn -0.102803 0.000000 0.994702
vn -0.062225 0.000000 0.998062
vn -0.143218 0.000000 0.989691
vn -0.102803 0.000000 0.994702
vn -0.183364 0.000000 0.983045
vn -0.143218 0.000000 0.989691
vn -0.183364 0.000000 0.983045
vn -0.223187 0.000000 0.974776
vn -0.223187 0.000000 0.974776
vn -0.262710 0.000000 0.964875
vn -0.262710 0.000000 0.964875
vn -0.301779 0.000000 0.953378
vn -0.301779 0.000000 0.953378
vn -0.340293 0.000000 0.940319
vn -0.340293 0.000000 0.940319
vn -0.378285 0.000000 0.925689
vn -0.378285 0.000000 0.925689
vn -0.415666 0.000000 0.909517
vn -0.415666 0.000000 0.909517
vn -0.452317 0.000000 0.891857
vn -0.452317 0.000000 0.891857
vn -0.488264 0.000000 0.872696
vn -0.488264 0.000000 0.872696
vn -0.523348 0.000000 0.852119
vn -0.523348 0.000000 0.852119
vn -0.557616 0.000000 0.830099
vn -0.557616 0.000000 0.830099
vn -0.590936 0.000000 0.806719
vn -0.623262 0.000000 0.782013
vn -0.590936 0.000000 0.806719
vn -0.654568 -0.000039 0.756003
vn -0.684752 -0.000103 0.728777
vn -0.675002 0.000019 0.737816
vn -0.623262 0.000000 0.782013
vn -0.652972 0.000000 0.757382
vn -0.691441 0.000000 0.722433
vn -0.652972 0.000000 0.757382
vn -0.675002 -0.000019 0.737816
vn -0.654568 0.000039 0.756003
vn -0.713899 0.000000 0.700248
vn -0.713899 0.000000 0.700248
vn -0.684752 0.000103 0.728777
vn -0.691441 0.000000 0.722433
vn -0.741797 0.000000 0.670624
vn -0.741797 0.000000 0.670624
vn -0.713899 0.000000 0.700248
vn -0.713899 0.000000 0.700248
vn -0.767048 0.000000 0.641590
vn -0.767048 0.000000 0.641590
vn -0.741797 0.000000 0.670624
vn -0.786961 0.000000 0.617003
vn -0.786961 0.000000 0.617003
vn -0.741797 0.000000 0.670624
vn -0.767048 0.000000 0.641590
vn -0.803411 0.000000 0.595425
vn -0.803411 0.000000 0.595425
vn -0.767048 0.000000 0.641590
vn -0.786961 0.000000 0.617003
vn -0.819280 0.000000 0.573393
vn -0.819280 0.000000 0.573393
vn -0.786961 0.000000 0.617003
vn -0.803411 0.000000 0.595425
vn -0.834536 0.000000 0.550954
vn -0.834536 0.000000 0.550954
vn -0.803411 0.000000 0.595425
vn -0.819280 0.000000 0.573393
vn -0.849186 0.000000 0.528094
vn -0.849186 0.000000 0.528094
vn -0.819280 0.000000 0.573393
vn -0.834536 0.000000 0.550954
vn -0.863182 0.000000 0.504893
vn -0.863182 0.000000 0.504893
vn -0.834536 0.000000 0.550954
vn -0.849186 0.000000 0.528094
vn -0.876591 0.000000 0.481237
vn -0.876591 0.000000 0.481237
vn -0.849186 0.000000 0.528094
vn -0.863182 0.000000 0.504893
vn -0.889314 0.000000 0.457296
vn -0.889314 0.000000 0.457296
vn -0.863182 0.000000 0.504893
vn -0.876591 0.000000 0.481237
vn -0.901404 0.000000 0.432979
vn -0.901404 0.000000 0.432979
vn -0.876591 0.000000 0.481237
vn -0.889314 0.000000 0.457296
vn -0.912816 0.000000 0.408372
vn -0.912816 0.000000 0.408372
vn -0.889314 0.000000 0.457296
vn -0.901404 0.000000 0.432979
vn -0.923561 0.000000 0.383452
vn -0.923561 0.000000 0.383452
vn -0.901404 0.000000 0.432979
vn -0.912816 0.000000 0.408372
vn -0.933628 0.000000 0.358243
vn -0.933628 0.000000 0.358243
vn -0.912816 0.000000 0.408372
vn -0.923561 0.000000 0.383452
vn -0.943012 0.000000 0.332759
vn -0.943012 0.000000 0.332759
vn -0.923561 0.000000 0.383452
vn -0.933628 0.000000 0.358243
vn -0.951683 0.000000 0.307084
vn -0.951683 0.000000 0.307084
vn -0.933628 0.000000 0.358243
vn -0.943012 0.000000 0.332759
vn -0.959673 0.000000 0.281120
vn -0.959673 0.000000 0.281120
vn -0.943012 0.000000 0.332759
vn -0.951683 0.000000 0.307084
vn -0.966947 0.000000 0.254979
vn -0.966947 0.000000 0.254979
vn -0.951683 0.000000 0.307084
vn -0.959673 0.000000 0.281120
vn -0.973509 0.000000 0.228648
vn -0.973509 0.000000 0.228648
vn -0.959673 0.000000 0.281120
vn -0.966947 0.000000 0.254979
vn -0.979350 0.000000 0.202172
vn -0.979350 0.000000 0.202172
vn -0.966947 0.000000 0.254979
vn -0.973509 0.000000 0.228648
vn -0.984485 0.000000 0.175470
vn -0.984485 0.000000 0.175470
vn -0.973509 0.000000 0.228648
vn -0.979350 0.000000 0.202172
vn -0.988880 0.000000 0.148715
vn -0.988880 0.000000 0.148715
vn -0.979350 0.000000 0.202172
vn -0.984485 0.000000 0.175470
vn -0.992552 0.000000 0.121820
vn -0.992552 0.000000 0.121820
vn -0.984485 0.000000 0.175470
vn -0.988880 0.000000 0.148715
vn -0.995489 0.000000 0.094878
vn -0.995489 0.000000 0.094878
vn -0.988880 0.000000 0.148715
vn -0.992552 0.000000 0.121820
vn -0.997699 0.000000 0.067799
vn -0.997699 0.000000 0.067799
vn -0.992552 0.000000 0.121820
vn -0.995489 0.000000 0.094878
vn -0.999173 0.000000 0.040669
vn -0.999173 0.000000 0.040669
vn -0.995489 0.000000 0.094878
vn -0.997699 0.000000 0.067799
vn -0.999908 0.000000 0.013588
vn -0.999908 0.000000 0.013588
vn -0.997699 0.000000 0.067799
vn -0.999173 0.000000 0.040669
vn -0.999173 0.000000 0.040669
vn -0.999908 0.000000 0.013588
vn -0.999908 0.000000 0.013588
vn -1.000000 0.000000 0.000000
vn -1.000000 0.000000 0.000000
vn 0.000000 0.000000 -1.000000
vn 0.000000 0.000000 -1.000000
vn 0.000000 0.000000 -1.000000
vn 0.000000 0.000000 -1.000000
vn 0.000000 0.000000 -1.000000
vn 0.000000 0.000000 -1.000000
vn 0.707107 -0.707107 0.000000
vn 0.707092 -0.707121 -0.000004
vn 0.707107 -0.707107 0.000000
vn 0.707113 -0.707101 0.000003
vn 0.707098 -0.707115 -0.000002
vn 0.707124 -0.707089 0.000005
vn 0.707097 -0.707117 -0.000003
vn 0.707107 -0.707107 0.000000
vn 0.707107 -0.707107 0.000000
vn 0.707103 -0.707111 -0.000001
vn 0.707114 -0.707099 0.000002
vn 0.707091 -0.707123 -0.000005
vn 0.707119 -0.707094 0.000003
vn 0.707107 -0.707107 0.000000
vn 0.707116 -0.707098 0.000002
vn 0.707102 -0.707111 -0.000001
vn 0.707102 -0.707112 -0.000001
vn 0.707107 -0.707107 0.000000
vn 0.707123 -0.707091 0.000005
vn 0.707101 -0.707112 -0.000003
vn 0.707107 -0.707107 0.000000
vn 0.707113 -0.707100 0.000002
vn 0.707107 -0.707107 0.000000
vn 0.707085 -0.707129 -0.000009
vn 0.707130 -0.707083 0.000010
vn 0.707107 -0.707107 0.000000
vn 0.707107 -0.707107 0.000002
vn 0.707054 -0.707159 -0.000013
vn 0.707111 -0.707102 -0.000000
vn 0.707100 -0.707114 0.000000
vn 0.707107 -0.707107 -0.000000
vn 0.707103 -0.707110 -0.000000
vn 0.707111 -0.707103 -0.000000
vn 0.707102 -0.707112 -0.000000
vn 0.707099 -0.707115 -0.000000
vn 0.707107 -0.707107 0.000000
vn 0.707126 -0.707087 0.000000
vn 0.707093 -0.707120 0.000000
vn 0.707109 -0.707104 0.000000
vn 0.707107 -0.707107 0.000000
vn 0.707119 -0.707094 -0.000000
vn 0.707107 -0.707107 0.000000
vn 0.707107 -0.707107 -0.000000
vn 0.707115 -0.707099 -0.000000
vn 0.707093 -0.707120 0.000000
vn 0.707086 -0.707127 0.000000
vn 0.707112 -0.707101 -0.000000
vn 0.707120 -0.707094 -0.000000
vn 0.707113 -0.707101 -0.000000
vn 0.707107 -0.707107 -0.000000
vn 0.707093 -0.707120 0.000000
vn 0.707116 -0.707097 -0.000000
vn 0.707102 -0.707112 0.000000
vn 0.707101 -0.707112 0.000000
vn 0.707114 -0.707099 -0.000000
vn 0.707107 -0.707107 -0.000000
vn 0.707093 -0.707120 0.000000
vn 0.707132 -0.707082 0.000000
vn 0.707135 -0.707079 0.000000
vn 0.707093 -0.707120 -0.000000
vn 0.707094 -0.707119 -0.000000
vn 0.707107 -0.707107 0.000000
vn 0.707115 -0.707099 0.000000
vn 0.707128 -0.707086 -0.000000
vn 0.707107 -0.707107 -0.000000
vn 0.707067 -0.707146 0.000000
vn 0.707056 -0.707158 0.000000
vn 0.707079 -0.707134 0.000000
vn 0.707165 -0.707048 0.000000
vn 0.707185 -0.707029 0.000000
vn 0.707107 -0.707107 0.000000
vn 0.707121 -0.707093 -0.000000
vn 0.707124 -0.707090 -0.000000
vn 0.706976 -0.707238 0.000000
vn 0.707069 -0.707145 -0.000000
vn 0.707134 -0.707079 -0.000000
vn 0.707107 -0.707106 -0.000000
vn 0.707100 -0.707114 0.000000
vn 0.707111 -0.707102 -0.000000
vn 0.707107 -0.707107 -0.000000
vn 0.707103 -0.707110 -0.000000
vn 0.707111 -0.707103 -0.000000
vn 0.707102 -0.707112 -0.000000
vn 0.707099 -0.707115 -0.000000
vn 0.707126 -0.707088 0.000000
vn 0.707107 -0.707107 0.000000
vn 0.707093 -0.707120 0.000000
vn 0.707107 -0.707107 0.000000
vn 0.707109 -0.707104 0.000000
vn 0.707107 -0.707107 0.000000
vn 0.707119 -0.707094 -0.000000
vn 0.707107 -0.707107 -0.000000
vn 0.707115 -0.707099 -0.000000
vn 0.707093 -0.707120 0.000000
vn 0.707086 -0.707127 0.000000
vn 0.707112 -0.707101 -0.000000
vn 0.707120 -0.707094 -0.000000
vn 0.707107 -0.707107 -0.000000
vn 0.707113 -0.707101 -0.000000
vn 0.707116 -0.707097 -0.000000
vn 0.707093 -0.707120 0.000000
vn 0.707102 -0.707112 0.000000
vn 0.707101 -0.707112 0.000000
vn 0.707114 -0.707099 -0.000000
vn 0.707107 -0.707107 -0.000000
vn 0.707093 -0.707120 0.000000
vn 0.707132 -0.707082 0.000000
vn 0.707135 -0.707079 0.000000
vn 0.707094 -0.707119 -0.000000
vn 0.707093 -0.707120 -0.000000
vn 0.707107 -0.707107 0.000000
vn 0.707128 -0.707086 -0.000000
vn 0.707115 -0.707099 0.000000
vn 0.707067 -0.707146 0.000000
vn 0.707107 -0.707107 -0.000000
vn 0.707079 -0.707134 0.000000
vn 0.707056 -0.707158 0.000000
vn 0.707185 -0.707029 0.000000
vn 0.707165 -0.707048 0.000000
vn 0.707121 -0.707093 -0.000000
vn 0.707107 -0.707107 0.000000
vn 0.707124 -0.707090 -0.000000
vn 0.707069 -0.707145 -0.000000
vn 0.706976 -0.707238 0.000000
vn 0.707134 -0.707079 -0.000000
vn 0.707107 -0.707106 -0.000000
vn 0.707111 -0.707102 -0.000000
vn 0.707100 -0.707114 0.000000
vn 0.707107 -0.707107 -0.000000
vn 0.707103 -0.707110 -0.000000
vn 0.707111 -0.707103 -0.000000
vn 0.707099 -0.707115 -0.000000
vn 0.707102 -0.707112 -0.000000
vn 0.707107 -0.707107 0.000000
vn 0.707126 -0.707088 0.000000
vn 0.707093 -0.707120 0.000000
vn 0.707107 -0.707107 0.000000
vn 0.707109 -0.707104 0.000000
vn 0.707119 -0.707094 -0.000000
vn 0.707107 -0.707107 0.000000
vn 0.707107 -0.707107 -0.000000
vn 0.707115 -0.707099 -0.000000
vn 0.707093 -0.707120 0.000000
vn 0.707112 -0.707101 -0.000000
vn 0.707086 -0.707127 0.000000
vn 0.707120 -0.707094 -0.000000
vn 0.707107 -0.707107 -0.000000
vn 0.707113 -0.707101 -0.000000
vn 0.707093 -0.707120 0.000000
vn 0.707116 -0.707097 -0.000000
vn 0.707102 -0.707112 0.000000
vn 0.707101 -0.707112 0.000000
vn 0.707114 -0.707099 -0.000000
vn 0.707093 -0.707120 0.000000
vn 0.707107 -0.707107 -0.000000
vn 0.707132 -0.707082 0.000000
vn 0.707135 -0.707079 0.000000
vn 0.707093 -0.707120 -0.000000
vn 0.707094 -0.707119 -0.000000
vn 0.707107 -0.707107 0.000000
vn 0.707128 -0.707086 -0.000000
vn 0.707115 -0.707099 0.000000
vn 0.707107 -0.707107 -0.000000
vn 0.707067 -0.707146 0.000000
vn 0.707056 -0.707158 0.000000
vn 0.707079 -0.707134 0.000000
vn 0.707185 -0.707029 0.000000
vn 0.707165 -0.707048 0.000000
vn 0.707107 -0.707107 0.000000
vn 0.707121 -0.707093 -0.000000
vn 0.707124 -0.707090 -0.000000
vn 0.706976 -0.707238 0.000000
vn 0.707069 -0.707145 -0.000000
vn 0.707107 -0.707106 -0.000000
vn 0.707134 -0.707079 -0.000000
vn 0.707100 -0.707114 0.000000
vn 0.707111 -0.707102 -0.000000
vn 0.707107 -0.707107 -0.000000
vn 0.707111 -0.707103 -0.000000
vn 0.707103 -0.707110 -0.000000
vn 0.707099 -0.707115 -0.000000
vn 0.707102 -0.707112 -0.000000
vn 0.707126 -0.707087 0.000000
vn 0.707107 -0.707107 0.000000
vn 0.707093 -0.707120 0.000000
vn 0.707107 -0.707107 0.000000
vn 0.707109 -0.707104 0.000000
vn 0.707107 -0.707107 0.000000
vn 0.707119 -0.707094 -0.000000
vn 0.707107 -0.707107 -0.000000
vn 0.707093 -0.707120 0.000000
vn 0.707115 -0.707099 -0.000000
vn 0.707112 -0.707101 -0.000000
vn 0.707086 -0.707127 0.000000
vn 0.707120 -0.707094 -0.000000
vn 0.707113 -0.707101 -0.000000
vn 0.707107 -0.707107 -0.000000
vn 0.707093 -0.707120 0.000000
vn 0.707116 -0.707097 -0.000000
vn 0.707102 -0.707112 0.000000
vn 0.707114 -0.707099 -0.000000
vn 0.707101 -0.707112 0.000000
vn 0.707093 -0.707120 0.000000
vn 0.707107 -0.707107 -0.000000
vn 0.707135 -0.707079 0.000000
vn 0.707132 -0.707082 0.000000
vn 0.707094 -0.707119 -0.000000
vn 0.707093 -0.707120 -0.000000
vn 0.707107 -0.707107 0.000000
vn 0.707128 -0.707086 -0.000000
vn 0.707115 -0.707099 0.000000
vn 0.707067 -0.707146 0.000000
vn 0.707107 -0.707107 -0.000000
vn 0.707079 -0.707134 0.000000
vn 0.707055 -0.707158 0.000000
vn 0.707185 -0.707029 0.000000
vn 0.707165 -0.707048 0.000000
vn 0.707121 -0.707093 -0.000000
vn 0.707107 -0.707107 0.000000
vn 0.707124 -0.707090 -0.000000
vn 0.707069 -0.707145 -0.000000
vn 0.706976 -0.707238 0.000000
vn 0.707134 -0.707079 -0.000000
vn 0.707107 -0.707106 -0.000000
vn 0.707111 -0.707103 -0.000001
vn 0.707104 -0.707110 0.000001
vn 0.707102 -0.707111 0.000001
vn 0.707107 -0.707107 0.000000
vn 0.707109 -0.707105 -0.000001
vn 0.707117 -0.707096 -0.000003
vn 0.707096 -0.707118 0.000003
vn 0.707111 -0.707102 -0.000001
vn 0.707112 -0.707102 -0.000001
vn 0.707097 -0.707117 0.000003
vn 0.707112 -0.707101 -0.000002
vn 0.707097 -0.707117 0.000003
vn 0.707126 -0.707087 -0.000006
vn 0.707098 -0.707115 0.000002
vn 0.707120 -0.707093 -0.000004
vn 0.707082 -0.707131 0.000007
vn 0.707091 -0.707123 0.000004
vn 0.707148 -0.707065 -0.000012
vn 0.707113 -0.707100 -0.000002
vn 0.707092 -0.707122 0.000004
vn 0.707107 -0.707107 0.000000
vn 0.707107 -0.707107 0.000000
vn 0.707058 -0.707155 -0.000012
vn 0.707175 -0.707038 0.000017
vn 0.707107 -0.707107 0.000000
vn 0.707075 -0.707139 0.000004
vn 0.707057 -0.707157 0.000007
vn 0.707108 -0.707106 -0.000000
vn 0.706806 -0.707407 0.000045
vn 0.707208 -0.707006 -0.000015
vn 0.707078 -0.707135 0.000004
vn 0.707062 -0.707152 0.000007
vn 0.707107 -0.707106 -0.000000
vn 0.706890 -0.707324 0.000038
vn 0.707190 -0.707024 -0.000015
vn 0.707082 -0.707132 0.000004
vn 0.707066 -0.707147 0.000007
vn 0.707107 -0.707106 -0.000000
vn 0.706952 -0.707262 0.000033
vn 0.707173 -0.707041 -0.000014
vn 0.707086 -0.707128 0.000004
vn 0.707072 -0.707142 0.000008
vn 0.707107 -0.707106 -0.000000
vn 0.706999 -0.707214 0.000029
vn 0.707157 -0.707057 -0.000014
vn 0.707090 -0.707123 0.000005
vn 0.707078 -0.707136 0.000008
vn 0.707116 -0.707098 -0.000002
vn 1.000000 0.000000 0.000000
vn 1.000000 -0.000000 0.000000
vn 0.707107 0.707107 0.000000
vn 0.707101 0.707113 -0.000002
vn 0.707107 0.707107 -0.000000
vn 0.707110 0.707103 0.000001
vn 0.707100 0.707114 -0.000002
vn 0.707123 0.707090 0.000005
vn 0.707096 0.707118 -0.000003
vn 0.707107 0.707107 0.000000
vn 0.707107 0.707107 0.000000
vn 0.707107 0.707107 -0.000000
vn 0.707113 0.707101 0.000002
vn 0.707090 0.707123 -0.000005
vn 0.707117 0.707097 0.000003
vn 0.707107 0.707107 -0.000000
vn 0.707114 0.707099 0.000002
vn 0.707103 0.707111 -0.000001
vn 0.707103 0.707111 -0.000001
vn 0.707107 0.707107 -0.000000
vn 0.707124 0.707089 0.000005
vn 0.707097 0.707116 -0.000003
vn 0.707107 0.707107 0.000000
vn 0.707112 0.707101 0.000002
vn 0.707107 0.707107 0.000000
vn 0.707076 0.707137 -0.000009
vn 0.707140 0.707074 0.000009
vn 0.707107 0.707107 0.000000
vn 0.707115 0.707099 0.000002
vn 0.707053 0.707160 -0.000015
vn 0.707111 0.707102 -0.000000
vn 0.707100 0.707114 0.000000
vn 0.707107 0.707107 -0.000000
vn 0.707103 0.707110 -0.000000
vn 0.707111 0.707103 -0.000000
vn 0.707102 0.707112 -0.000000
vn 0.707099 0.707115 -0.000000
vn 0.707107 0.707107 0.000000
vn 0.707126 0.707087 0.000000
vn 0.707093 0.707120 0.000000
vn 0.707109 0.707104 0.000000
vn 0.707107 0.707107 0.000000
vn 0.707119 0.707094 -0.000000
vn 0.707107 0.707107 0.000000
vn 0.707107 0.707107 -0.000000
vn 0.707115 0.707099 -0.000000
vn 0.707093 0.707120 0.000000
vn 0.707086 0.707127 0.000000
vn 0.707112 0.707101 -0.000000
vn 0.707120 0.707094 -0.000000
vn 0.707113 0.707101 -0.000000
vn 0.707107 0.707107 -0.000000
vn 0.707093 0.707120 0.000000
vn 0.707116 0.707097 -0.000000
vn 0.707102 0.707112 0.000000
vn 0.707101 0.707112 0.000000
vn 0.707114 0.707099 -0.000000
vn 0.707107 0.707107 -0.000000
vn 0.707093 0.707120 0.000000
vn 0.707132 0.707082 0.000000
vn 0.707135 0.707079 0.000000
vn 0.707093 0.707120 -0.000000
vn 0.707094 0.707119 -0.000000
vn 0.707107 0.707107 0.000000
vn 0.707115 0.707099 0.000000
vn 0.707128 0.707086 -0.000000
vn 0.707107 0.707107 -0.000000
vn 0.707067 0.707146 0.000000
vn 0.707055 0.707158 0.000000
vn 0.707079 0.707134 0.000000
vn 0.707165 0.707048 0.000000
vn 0.707185 0.707029 0.000000
vn 0.707107 0.707107 0.000000
vn 0.707121 0.707093 -0.000000
vn 0.707124 0.707090 -0.000000
vn 0.706976 0.707238 0.000000
vn 0.707069 0.707145 -0.000000
vn 0.707134 0.707079 -0.000000
vn 0.707107 0.707106 -0.000000
vn 0.707100 0.707114 0.000000
vn 0.707111 0.707102 -0.000000
vn 0.707107 0.707107 -0.000000
vn 0.707103 0.707110 -0.000000
vn 0.707111 0.707103 -0.000000
vn 0.707102 0.707112 -0.000000
vn 0.707099 0.707115 -0.000000
vn 0.707126 0.707088 0.000000
vn 0.707107 0.707107 0.000000
vn 0.707093 0.707120 0.000000
vn 0.707107 0.707107 0.000000
vn 0.707109 0.707104 0.000000
vn 0.707107 0.707107 0.000000
vn 0.707119 0.707094 -0.000000
vn 0.707107 0.707107 -0.000000
vn 0.707115 0.707099 -0.000000
vn 0.707093 0.707120 0.000000
vn 0.707086 0.707127 0.000000
vn 0.707112 0.707101 -0.000000
vn 0.707120 0.707094 -0.000000
vn 0.707107 0.707107 -0.000000
vn 0.707113 0.707101 -0.000000
vn 0.707116 0.707097 -0.000000
vn 0.707093 0.707120 0.000000
vn 0.707102 0.707112 0.000000
vn 0.707101 0.707112 0.000000
vn 0.707114 0.707099 -0.000000
vn 0.707107 0.707107 -0.000000
vn 0.707093 0.707120 0.000000
vn 0.707132 0.707082 0.000000
vn 0.707135 0.707079 0.000000
vn 0.707094 0.707119 -0.000000
vn 0.707093 0.707120 -0.000000
vn 0.707107 0.707107 0.000000
vn 0.707128 0.707086 -0.000000
vn 0.707115 0.707099 0.000000
vn 0.707067 0.707146 0.000000
vn 0.707107 0.707107 -0.000000
vn 0.707079 0.707134 0.000000
vn 0.707055 0.707158 0.000000
vn 0.707185 0.707029 0.000000
vn 0.707165 0.707048 0.000000
vn 0.707121 0.707093 -0.000000
vn 0.707107 0.707107 0.000000
vn 0.707124 0.707090 -0.000000
vn 0.707069 0.707145 -0.000000
vn 0.706976 0.707238 0.000000
vn 0.707134 0.707079 -0.000000
vn 0.707107 0.707106 -0.000000
vn 0.707111 0.707102 -0.000000
vn 0.707100 0.707114 0.000000
vn 0.707107 0.707107 -0.000000
vn 0.707103 0.707110 -0.000000
vn 0.707111 0.707103 -0.000000
vn 0.707099 0.707115 -0.000000
vn 0.707102 0.707112 -0.000000
vn 0.707107 0.707107 0.000000
vn 0.707126 0.707088 0.000000
vn 0.707093 0.707120 0.000000
vn 0.707107 0.707107 0.000000
vn 0.707109 0.707104 0.000000
vn 0.707119 0.707094 -0.000000
vn 0.707107 0.707107 0.000000
vn 0.707107 0.707107 -0.000000
vn 0.707115 0.707099 -0.000000
vn 0.707093 0.707120 0.000000
vn 0.707112 0.707101 -0.000000
vn 0.707086 0.707127 0.000000
vn 0.707120 0.707094 -0.000000
vn 0.707107 0.707107 -0.000000
vn 0.707113 0.707101 -0.000000
vn 0.707093 0.707120 0.000000
vn 0.707116 0.707097 -0.000000
vn 0.707102 0.707112 0.000000
vn 0.707101 0.707112 0.000000
vn 0.707114 0.707099 -0.000000
vn 0.707093 0.707120 0.000000
vn 0.707107 0.707107 -0.000000
vn 0.707132 0.707082 0.000000
vn 0.707135 0.707079 0.000000
vn 0.707093 0.707120 -0.000000
vn 0.707094 0.707119 -0.000000
vn 0.707107 0.707107 0.000000
vn 0.707128 0.707086 -0.000000
vn 0.707115 0.707099 0.000000
vn 0.707107 0.707107 -0.000000
vn 0.707067 0.707146 0.000000
vn 0.707056 0.707158 0.000000
vn 0.707079 0.707134 0.000000
vn 0.707185 0.707029 0.000000
vn 0.707165 0.707048 0.000000
vn 0.707107 0.707107 0.000000
vn 0.707121 0.707093 -0.000000
vn 0.707124 0.707090 -0.000000
vn 0.706976 0.707238 0.000000
vn 0.707069 0.707145 -0.000000
vn 0.707107 0.707106 -0.000000
vn 0.707134 0.707079 -0.000000
vn 0.707100 0.707114 0.000000
vn 0.707111 0.707102 -0.000000
vn 0.707107 0.707107 -0.000000
vn 0.707111 0.707103 -0.000000
vn 0.707103 0.707110 -0.000000
vn 0.707099 0.707115 -0.000000
vn 0.707102 0.707112 -0.000000
vn 0.707126 0.707087 0.000000
vn 0.707107 0.707107 0.000000
vn 0.707093 0.707120 0.000000
vn 0.707107 0.707107 0.000000
vn 0.707109 0.707104 0.000000
vn 0.707107 0.707107 0.000000
vn 0.707119 0.707094 -0.000000
vn 0.707107 0.707107 -0.000000
vn 0.707093 0.707120 0.000000
vn 0.707115 0.707099 -0.000000
vn 0.707112 0.707101 -0.000000
vn 0.707086 0.707127 0.000000
vn 0.707120 0.707094 -0.000000
vn 0.707113 0.707101 -0.000000
vn 0.707107 0.707107 -0.000000
vn 0.707093 0.707120 0.000000
vn 0.707116 0.707097 -0.000000
vn 0.707102 0.707112 0.000000
vn 0.707114 0.707099 -0.000000
vn 0.707101 0.707112 0.000000
vn 0.707093 0.707120 0.000000
vn 0.707107 0.707107 -0.000000
vn 0.707135 0.707079 0.000000
vn 0.707132 0.707082 0.000000
vn 0.707094 0.707119 -0.000000
vn 0.707093 0.707120 -0.000000
vn 0.707107 0.707107 0.000000
vn 0.707128 0.707086 -0.000000
vn 0.707115 0.707099 0.000000
vn 0.707067 0.707146 0.000000
vn 0.707107 0.707107 -0.000000
vn 0.707079 0.707134 0.000000
vn 0.707055 0.707158 0.000000
vn 0.707185 0.707029 0.000000
vn 0.707165 0.707048 0.000000
vn 0.707121 0.707093 -0.000000
vn 0.707107 0.707107 0.000000
vn 0.707124 0.707090 -0.000000
vn 0.707069 0.707144 -0.000000
vn 0.706976 0.707238 0.000000
vn 0.707134 0.707079 -0.000000
vn 0.707107 0.707106 -0.000000
vn 0.707108 0.707105 -0.000001
vn 0.707105 0.707109 0.000001
vn 0.707100 0.707114 0.000002
vn 0.707107 0.707107 0.000000
vn 0.707112 0.707102 -0.000001
vn 0.707117 0.707097 -0.000003
vn 0.707096 0.707117 0.000003
vn 0.707112 0.707101 -0.000001
vn 0.707110 0.707104 -0.000001
vn 0.707101 0.707113 0.000003
vn 0.707110 0.707104 -0.000002
vn 0.707095 0.707119 0.000003
vn 0.707130 0.707084 -0.000006
vn 0.707097 0.707117 0.000002
vn 0.707123 0.707091 -0.000004
vn 0.707084 0.707130 0.000007
vn 0.707094 0.707119 0.000005
vn 0.707142 0.707072 -0.000011
vn 0.707107 0.707107 -0.000002
vn 0.707089 0.707125 0.000004
vn 0.707107 0.707107 0.000000
vn 0.707107 0.707107 0.000000
vn 0.707066 0.707148 -0.000011
vn 0.707165 0.707049 0.000016
vn 0.707107 0.707107 -0.000000
vn 0.707071 0.707143 0.000005
vn 0.707051 0.707162 0.000003
vn 0.707107 0.707106 -0.000000
vn 0.706798 0.707416 0.000048
vn 0.707193 0.707020 -0.000016
vn 0.707107 0.707107 0.000005
vn 0.707049 0.707165 0.000004
vn 0.707107 0.707106 -0.000000
vn 0.706910 0.707304 0.000041
vn 0.707149 0.707065 -0.000016
vn 0.707069 0.707144 0.000005
vn 0.707076 0.707137 0.000004
vn 0.707107 0.707106 -0.000000
vn 0.706936 0.707278 0.000036
vn 0.707188 0.707026 -0.000015
vn 0.707069 0.707145 0.000005
vn 0.707075 0.707139 0.000004
vn 0.707107 0.707106 -0.000000
vn 0.707031 0.707182 0.000031
vn 0.707166 0.707048 -0.000015
vn 0.707087 0.707126 0.000005
vn 0.707073 0.707141 0.000004
vn 0.707117 0.707096 -0.000003
vn 0.000000 0.000000 -1.000000
vn 0.000000 0.000000 -1.000000
vn -1.000000 0.000000 0.000000
vn -1.000000 0.000000 0.000000
vn 0.000000 0.000000 1.000000
vn 0.000000 0.000000 1.000000
vn 1.000000 0.000000 0.000000
vn 1.000000 -0.000000 0.000000
vn 1.000000 0.000000 0.000000
vn 1.000000 -0.000000 0.000000
vn -0.315245 0.000000 -0.949010
vn -0.315245 0.000000 -0.949010
vn -0.278719 0.000000 -0.960373
vn -0.278719 0.000000 -0.960373
vn -0.235746 0.000000 -0.971815
vn -0.235746 0.000000 -0.971815
vn -0.186170 0.000000 -0.982518
vn -0.186170 0.000000 -0.982518
vn -0.136102 0.000000 -0.990695
vn -0.136102 0.000000 -0.990695
vn -0.085688 0.000000 -0.996322
vn -0.085688 0.000000 -0.996322
vn -0.035073 0.000000 -0.999385
vn -0.035073 0.000000 -0.999385
vn 0.015656 0.000000 -0.999877
vn 0.015656 0.000000 -0.999878
vn 0.066323 0.000000 -0.997798
vn 0.066323 0.000000 -0.997798
vn 0.116836 0.000000 -0.993151
vn 0.116836 0.000000 -0.993151
vn 0.167053 0.000000 -0.985948
vn 0.167053 0.000000 -0.985948
vn 0.216815 0.000000 -0.976213
vn 0.216815 0.000000 -0.976213
vn 0.266041 0.000000 -0.963962
vn 0.266041 0.000000 -0.963962
vn 0.314573 0.000000 -0.949233
vn 0.314573 0.000000 -0.949233
vn 0.362313 0.000000 -0.932056
vn 0.362313 0.000000 -0.932056
vn 0.409101 0.000000 -0.912489
vn 0.409101 0.000000 -0.912489
vn 0.454829 0.000000 -0.890579
vn 0.454829 0.000000 -0.890579
vn 0.496972 0.000000 -0.867766
vn 0.496972 0.000000 -0.867766
vn 0.530803 0.000000 -0.847495
vn 0.530803 0.000000 -0.847495
vn 0.559165 0.000000 -0.829056
vn 0.559165 0.000000 -0.829056
vn 0.586859 0.000000 -0.809690
vn 0.586859 0.000000 -0.809690
vn 0.665797 -0.000071 -0.746133
vn 0.640403 0.000233 -0.768039
vn 0.613908 0.000000 -0.789378
vn 0.613908 0.000000 -0.789378
vn 0.675750 0.000034 -0.737131
vn 0.690676 -0.000054 -0.723164
vn 0.647137 0.000000 -0.762373
vn 0.647137 0.000000 -0.762373
vn 0.693547 -0.000005 -0.720411
vn 0.640403 -0.000233 -0.768039
vn 0.714755 -0.000019 -0.699375
vn 0.713681 0.000006 -0.700471
vn 0.675750 -0.000034 -0.737131
vn 0.665797 0.000071 -0.746133
vn 0.737974 -0.000029 -0.674829
vn 0.735891 0.000017 -0.677100
vn 0.693547 0.000005 -0.720411
vn 0.690676 0.000054 -0.723164
vn 0.713681 -0.000006 -0.700471
vn 0.760375 -0.000039 -0.649484
vn 0.757309 0.000028 -0.653056
vn 0.714755 0.000019 -0.699375
vn 0.735891 -0.000017 -0.677100
vn 0.777964 0.000037 -0.628309
vn 0.781898 -0.000047 -0.623406
vn 0.737974 0.000029 -0.674829
vn 0.757309 -0.000028 -0.653056
vn 0.797799 0.000045 -0.602924
vn 0.802523 -0.000054 -0.596621
vn 0.760375 0.000039 -0.649484
vn 0.777964 -0.000037 -0.628309
vn 0.816789 0.000052 -0.576936
vn 0.822238 -0.000061 -0.569144
vn 0.781898 0.000047 -0.623406
vn 0.797799 -0.000045 -0.602924
vn 0.834965 0.000057 -0.550303
vn 0.841013 -0.000065 -0.541014
vn 0.802523 0.000054 -0.596621
vn 0.816789 -0.000052 -0.576936
vn 0.852246 0.000060 -0.523141
vn 0.858816 -0.000069 -0.512285
vn 0.822238 0.000061 -0.569144
vn 0.834965 -0.000057 -0.550303
vn 0.868669 0.000063 -0.495393
vn 0.875661 -0.000071 -0.482926
vn 0.841013 0.000065 -0.541014
vn 0.852246 -0.000060 -0.523141
vn 0.884170 0.000065 -0.467165
vn 0.891479 -0.000072 -0.453061
vn 0.858816 0.000069 -0.512285
vn 0.868669 -0.000063 -0.495393
vn 0.898759 0.000065 -0.438443
vn 0.906280 -0.000071 -0.422678
vn 0.884170 -0.000065 -0.467165
vn 0.875661 0.000071 -0.482926
vn 0.912401 0.000064 -0.409298
vn 0.920065 -0.000069 -0.391767
vn 0.898759 -0.000065 -0.438443
vn 0.891479 0.000072 -0.453061
vn 0.932796 -0.000066 -0.360404
vn 0.925125 0.000061 -0.379664
vn 0.912401 -0.000064 -0.409298
vn 0.906280 0.000071 -0.422678
vn 0.936860 0.000057 -0.349705
vn 0.944434 -0.000062 -0.328702
vn 0.925125 -0.000061 -0.379664
vn 0.920065 0.000069 -0.391767
vn 0.947647 0.000052 -0.319319
vn 0.955018 -0.000056 -0.296548
vn 0.957434 0.000046 -0.288651
vn 0.936860 -0.000057 -0.349705
vn 0.932796 0.000066 -0.360404
vn 0.964497 -0.000049 -0.264094
vn 0.966234 0.000038 -0.257668
vn 0.944434 0.000062 -0.328702
vn 0.947647 -0.000052 -0.319319
vn 0.972873 -0.000041 -0.231341
vn 0.974033 0.000029 -0.226405
vn 0.955018 0.000056 -0.296548
vn 0.957434 -0.000046 -0.288651
vn 0.980137 -0.000032 -0.198320
vn 0.980821 0.000020 -0.194913
vn 0.964497 0.000049 -0.264094
vn 0.966234 -0.000038 -0.257668
vn 0.986287 -0.000020 -0.165043
vn 0.986590 0.000008 -0.163217
vn 0.972873 0.000041 -0.231341
vn 0.974033 -0.000029 -0.226405
vn 0.991302 -0.000008 -0.131608
vn 0.991334 -0.000004 -0.131365
vn 0.980137 0.000032 -0.198320
vn 0.980821 -0.000020 -0.194913
vn 0.995187 -0.000017 -0.097994
vn 0.995048 0.000005 -0.099392
vn 0.986287 0.000020 -0.165043
vn 0.986590 -0.000008 -0.163217
vn 0.997931 -0.000028 -0.064302
vn 0.997736 0.000016 -0.067259
vn 0.991334 0.000004 -0.131365
vn 0.991302 0.000008 -0.131608
vn 0.995048 -0.000005 -0.099392
vn 0.999534 -0.000038 -0.030534
vn 0.999384 0.000027 -0.035090
vn 0.995187 0.000017 -0.097994
vn 0.997736 -0.000016 -0.067259
vn 0.999995 -0.000046 0.003272
vn 0.999996 0.000036 -0.002881
vn 0.997931 0.000028 -0.064302
vn 0.999384 -0.000027 -0.035090
vn 0.999311 -0.000054 0.037116
vn 0.999570 0.000044 0.029327
vn 0.999534 0.000038 -0.030534
vn 0.999996 -0.000036 -0.002881
vn 0.997487 -0.000060 0.070846
vn 0.998107 0.000051 0.061494
vn 0.999995 0.000046 0.003272
vn 0.999570 -0.000044 0.029327
vn 0.994516 -0.000065 0.104580
vn 0.995608 0.000057 0.093625
vn 0.999311 0.000054 0.037116
vn 0.998107 -0.000051 0.061494
vn 0.990415 -0.000068 0.138124
vn 0.992077 0.000060 0.125633
vn 0.995608 -0.000057 0.093625
vn 0.997487 0.000060 0.070846
vn 0.987521 0.000063 0.157485
vn 0.985181 -0.000071 0.171517
vn 0.992077 -0.000060 0.125633
vn 0.994516 0.000065 0.104580
vn 0.981927 0.000064 0.189260
vn 0.978813 -0.000071 0.204757
vn 0.990415 0.000068 0.138124
vn 0.987521 -0.000063 0.157485
vn 0.975321 0.000065 0.220793
vn 0.971329 -0.000071 0.237740
vn 0.985181 0.000071 0.171517
vn 0.981927 -0.000064 0.189260
vn 0.967713 0.000064 0.252056
vn 0.962744 -0.000069 0.270416
vn 0.978813 0.000071 0.204757
vn 0.975321 -0.000065 0.220793
vn 0.953043 -0.000066 0.302836
vn 0.959085 0.000062 0.283119
vn 0.967713 -0.000064 0.252056
vn 0.971329 0.000071 0.237740
vn 0.949479 0.000058 0.313829
vn 0.942254 -0.000062 0.334900
vn 0.962744 0.000069 0.270416
vn 0.959085 -0.000062 0.283119
vn 0.930402 -0.000067 0.366540
vn 0.938250 0.000073 0.345957
vn 0.949479 -0.000058 0.313829
vn 0.953043 0.000066 0.302836
vn 0.916714 -0.000088 0.399544
vn 0.924523 0.000099 0.381126
vn 0.938250 -0.000073 0.345957
vn 0.942254 0.000062 0.334900
vn 0.900154 -0.000109 0.435571
vn 0.908632 0.000099 0.417597
vn 0.924523 -0.000099 0.381126
vn 0.930402 0.000067 0.366540
vn 0.881174 -0.000108 0.472793
vn 0.891321 0.000099 0.453372
vn 0.908632 -0.000099 0.417597
vn 0.916714 0.000088 0.399544
vn 0.872589 0.000097 0.488455
vn 0.860685 -0.000105 0.509139
vn 0.891321 -0.000099 0.453372
vn 0.900154 0.000109 0.435571
vn 0.852469 0.000093 0.522778
vn 0.838670 -0.000100 0.544640
vn 0.872589 -0.000097 0.488455
vn 0.881174 0.000108 0.472793
vn 0.831023 0.000087 0.556238
vn 0.815215 -0.000094 0.579158
vn 0.860685 0.000105 0.509139
vn 0.852469 -0.000093 0.522778
vn 0.808240 0.000079 0.588853
vn 0.790346 -0.000085 0.612661
vn 0.838670 0.000100 0.544640
vn 0.831023 -0.000087 0.556238
vn 0.782823 0.000104 0.622245
vn 0.764068 -0.000095 0.645136
vn 0.815215 0.000094 0.579159
vn 0.808240 -0.000079 0.588853
vn 0.752976 0.000147 0.658048
vn 0.734875 -0.000133 0.678203
vn 0.790346 0.000085 0.612661
vn 0.782823 -0.000104 0.622245
vn 0.719769 0.000150 0.694214
vn 0.752976 -0.000147 0.658048
vn 0.764068 0.000095 0.645136
vn 0.700791 -0.000165 0.713367
vn 0.734875 0.000133 0.678203
vn 0.719769 -0.000150 0.694214
vn 0.684855 0.000148 0.728680
vn 0.663109 -0.000161 0.748523
vn 0.684855 -0.000148 0.728680
vn 0.700791 0.000165 0.713367
vn 0.623747 0.000000 0.781627
vn 0.655258 0.000000 0.755405
vn 0.663109 0.000161 0.748523
vn 0.655258 -0.000000 0.755405
vn 0.582649 0.000000 0.812724
vn 0.623747 0.000000 0.781626
vn 0.539999 0.000000 0.841666
vn 0.582649 0.000000 0.812724
vn 0.493437 0.000000 0.869782
vn 0.539999 0.000000 0.841666
vn 0.439996 0.000000 0.898000
vn 0.493437 0.000000 0.869782
vn 0.382007 0.000000 0.924159
vn 0.439996 0.000000 0.898000
vn 0.322451 0.000000 0.946586
vn 0.382007 0.000000 0.924159
vn 0.261595 0.000000 0.965178
vn 0.322451 0.000000 0.946586
vn 0.199701 0.000000 0.979857
vn 0.261595 0.000000 0.965178
vn 0.136982 0.000000 0.990573
vn 0.199701 0.000000 0.979857
vn 0.073728 0.000000 0.997278
vn 0.136982 0.000000 0.990573
vn 0.010133 0.000000 0.999949
vn 0.073728 0.000000 0.997278
vn 0.010133 0.000000 0.999949
vn -0.053443 0.000000 0.998571
vn -0.116856 0.000000 0.993149
vn -0.053443 0.000000 0.998571
vn -0.179774 0.000000 0.983708
vn -0.116856 0.000000 0.993149
vn -0.241948 0.000000 0.970289
vn -0.179774 0.000000 0.983708
vn -0.241948 0.000000 0.970289
vn -0.303187 0.000000 0.952931
vn -0.303187 0.000000 0.952931
vn 1.000000 0.000000 0.000000
vn 1.000000 -0.000000 0.000000
vn -0.315245 0.000000 -0.949010
vn -0.315245 0.000000 -0.949010
vn -0.278719 0.000000 -0.960373
vn -0.278719 0.000000 -0.960373
vn -0.235740 0.000000 -0.971816
vn -0.235740 0.000000 -0.971816
vn -0.186164 0.000000 -0.982519
vn -0.186164 0.000000 -0.982519
vn -0.136102 0.000000 -0.990695
vn -0.136102 0.000000 -0.990695
vn -0.085701 0.000000 -0.996321
vn -0.085701 0.000000 -0.996321
vn -0.035066 0.000000 -0.999385
vn -0.035066 0.000000 -0.999385
vn 0.015656 0.000000 -0.999877
vn 0.015656 0.000000 -0.999878
vn 0.066330 0.000000 -0.997798
vn 0.066330 0.000000 -0.997798
vn 0.116836 0.000000 -0.993151
vn 0.116836 0.000000 -0.993151
vn 0.167047 0.000000 -0.985949
vn 0.167047 0.000000 -0.985949
vn 0.216821 0.000000 -0.976211
vn 0.216821 0.000000 -0.976211
vn 0.266041 0.000000 -0.963962
vn 0.266041 0.000000 -0.963962
vn 0.314573 0.000000 -0.949233
vn 0.314573 0.000000 -0.949233
vn 0.362308 0.000000 -0.932059
vn 0.362308 0.000000 -0.932059
vn 0.409096 0.000000 -0.912492
vn 0.409096 0.000000 -0.912491
vn 0.454839 0.000000 -0.890574
vn 0.454838 0.000000 -0.890574
vn 0.496962 0.000000 -0.867772
vn 0.496962 0.000000 -0.867772
vn 0.530810 0.000000 -0.847491
vn 0.530810 0.000000 -0.847491
vn 0.559165 0.000000 -0.829056
vn 0.559165 0.000000 -0.829056
vn 0.586859 0.000000 -0.809690
vn 0.613908 0.000000 -0.789378
vn 0.586859 0.000000 -0.809690
vn 0.665802 -0.000071 -0.746128
vn 0.640398 0.000233 -0.768043
vn 0.613908 0.000000 -0.789378
vn 0.675743 0.000034 -0.737137
vn 0.690681 -0.000054 -0.723159
vn 0.647141 0.000000 -0.762370
vn 0.647141 0.000000 -0.762370
vn 0.693554 -0.000005 -0.720405
vn 0.640398 -0.000233 -0.768043
vn 0.714750 -0.000018 -0.699380
vn 0.713681 0.000006 -0.700471
vn 0.675743 -0.000034 -0.737137
vn 0.665802 0.000071 -0.746128
vn 0.737978 -0.000029 -0.674825
vn 0.735886 0.000017 -0.677105
vn 0.693554 0.000005 -0.720405
vn 0.690681 0.000054 -0.723159
vn 0.713681 -0.000006 -0.700471
vn 0.760371 -0.000039 -0.649489
vn 0.757309 0.000028 -0.653057
vn 0.714750 0.000018 -0.699380
vn 0.735886 -0.000017 -0.677105
vn 0.777964 0.000037 -0.628309
vn 0.781902 -0.000048 -0.623401
vn 0.737978 0.000029 -0.674825
vn 0.757309 -0.000028 -0.653057
vn 0.797799 0.000045 -0.602924
vn 0.802519 -0.000054 -0.596626
vn 0.760371 0.000039 -0.649489
vn 0.777964 -0.000037 -0.628309
vn 0.816789 0.000052 -0.576936
vn 0.822241 -0.000061 -0.569140
vn 0.781902 0.000048 -0.623401
vn 0.797799 -0.000045 -0.602924
vn 0.834965 0.000056 -0.550303
vn 0.841011 -0.000065 -0.541019
vn 0.802519 0.000054 -0.596626
vn 0.816789 -0.000052 -0.576936
vn 0.852249 0.000060 -0.523136
vn 0.858816 -0.000069 -0.512285
vn 0.834965 -0.000056 -0.550303
vn 0.822241 0.000061 -0.569140
vn 0.868666 0.000063 -0.495397
vn 0.875661 -0.000071 -0.482926
vn 0.852249 -0.000060 -0.523136
vn 0.841011 0.000065 -0.541019
vn 0.891479 -0.000072 -0.453061
vn 0.884168 0.000064 -0.467169
vn 0.868666 -0.000063 -0.495397
vn 0.858816 0.000069 -0.512285
vn 0.906282 -0.000071 -0.422674
vn 0.898763 0.000065 -0.438435
vn 0.884168 -0.000064 -0.467169
vn 0.875661 0.000071 -0.482926
vn 0.920065 -0.000069 -0.391767
vn 0.912399 0.000064 -0.409302
vn 0.898763 -0.000065 -0.438435
vn 0.891479 0.000072 -0.453061
vn 0.932795 -0.000066 -0.360408
vn 0.925123 0.000061 -0.379667
vn 0.912399 -0.000064 -0.409302
vn 0.906282 0.000071 -0.422674
vn 0.936860 0.000057 -0.349705
vn 0.944434 -0.000062 -0.328702
vn 0.925123 -0.000061 -0.379667
vn 0.920065 0.000069 -0.391767
vn 0.947648 0.000052 -0.319316
vn 0.955017 -0.000056 -0.296550
vn 0.957434 0.000046 -0.288651
vn 0.936860 -0.000057 -0.349705
vn 0.932795 0.000066 -0.360408
vn 0.964497 -0.000049 -0.264094
vn 0.966234 0.000038 -0.257665
vn 0.947648 -0.000052 -0.319316
vn 0.944434 0.000062 -0.328702
vn 0.972873 -0.000041 -0.231339
vn 0.974033 0.000029 -0.226407
vn 0.957434 -0.000046 -0.288651
vn 0.955017 0.000056 -0.296550
vn 0.980137 -0.000032 -0.198320
vn 0.980821 0.000020 -0.194913
vn 0.966234 -0.000038 -0.257665
vn 0.964497 0.000049 -0.264094
vn 0.986287 -0.000020 -0.165041
vn 0.986590 0.000008 -0.163217
vn 0.974033 -0.000029 -0.226407
vn 0.972873 0.000041 -0.231339
vn 0.991302 -0.000008 -0.131609
vn 0.991334 -0.000004 -0.131365
vn 0.980821 -0.000020 -0.194913
vn 0.980137 0.000032 -0.198320
vn 0.995049 0.000005 -0.099391
vn 0.995187 -0.000017 -0.097994
vn 0.986590 -0.000008 -0.163217
vn 0.986287 0.000020 -0.165041
vn 0.997931 -0.000028 -0.064302
vn 0.997736 0.000016 -0.067260
vn 0.991334 0.000004 -0.131365
vn 0.991302 0.000008 -0.131609
vn 0.995049 -0.000005 -0.099391
vn 0.999534 -0.000038 -0.030534
vn 0.999384 0.000027 -0.035090
vn 0.995187 0.000017 -0.097994
vn 0.997736 -0.000016 -0.067260
vn 0.999995 -0.000046 0.003272
vn 0.999996 0.000036 -0.002881
vn 0.997931 0.000028 -0.064302
vn 0.999384 -0.000027 -0.035090
vn 0.999311 -0.000054 0.037116
vn 0.999570 0.000044 0.029327
vn 0.999534 0.000038 -0.030534
vn 0.999996 -0.000036 -0.002881
vn 0.997487 -0.000060 0.070847
vn 0.998107 0.000051 0.061495
vn 0.999995 0.000046 0.003272
vn 0.999570 -0.000044 0.029327
vn 0.994517 -0.000065 0.104579
vn 0.995608 0.000056 0.093623
vn 0.999311 0.000054 0.037116
vn 0.998107 -0.000051 0.061495
vn 0.992077 0.000060 0.125634
vn 0.990415 -0.000068 0.138123
vn 0.997487 0.000060 0.070847
vn 0.995608 -0.000056 0.093623
vn 0.987521 0.000063 0.157487
vn 0.985181 -0.000071 0.171517
vn 0.994517 0.000065 0.104579
vn 0.992077 -0.000060 0.125634
vn 0.981927 0.000064 0.189258
vn 0.978812 -0.000071 0.204761
vn 0.990415 0.000068 0.138123
vn 0.987521 -0.000063 0.157487
vn 0.975321 0.000065 0.220793
vn 0.971329 -0.000071 0.237738
vn 0.985181 0.000071 0.171517
vn 0.981927 -0.000064 0.189258
vn 0.962743 -0.000069 0.270418
vn 0.967713 0.000064 0.252056
vn 0.978812 0.000071 0.204761
vn 0.975321 -0.000065 0.220793
vn 0.953044 -0.000066 0.302831
vn 0.959085 0.000062 0.283119
vn 0.971329 0.000071 0.237738
vn 0.967713 -0.000064 0.252056
vn 0.949479 0.000058 0.313829
vn 0.942253 -0.000062 0.334903
vn 0.962743 0.000069 0.270418
vn 0.959085 -0.000062 0.283119
vn 0.930402 -0.000067 0.366540
vn 0.938250 0.000073 0.345957
vn 0.953044 0.000066 0.302831
vn 0.949479 -0.000058 0.313829
vn 0.916714 -0.000088 0.399544
vn 0.924523 0.000099 0.381126
vn 0.942253 0.000062 0.334903
vn 0.938250 -0.000073 0.345957
vn 0.900154 -0.000109 0.435571
vn 0.908632 0.000099 0.417597
vn 0.930402 0.000067 0.366540
vn 0.924523 -0.000099 0.381126
vn 0.881174 -0.000108 0.472793
vn 0.891321 0.000099 0.453372
vn 0.916714 0.000088 0.399544
vn 0.908632 -0.000099 0.417597
vn 0.872589 0.000097 0.488455
vn 0.860685 -0.000105 0.509139
vn 0.891321 -0.000099 0.453372
vn 0.900154 0.000109 0.435571
vn 0.852469 0.000093 0.522778
vn 0.838670 -0.000100 0.544640
vn 0.872589 -0.000097 0.488455
vn 0.881174 0.000108 0.472793
vn 0.831023 0.000087 0.556238
vn 0.815215 -0.000094 0.579158
vn 0.860685 0.000105 0.509139
vn 0.852469 -0.000093 0.522778
vn 0.808240 0.000079 0.588853
vn 0.790346 -0.000085 0.612661
vn 0.838670 0.000100 0.544640
vn 0.831023 -0.000087 0.556238
vn 0.782823 0.000104 0.622245
vn 0.764068 -0.000095 0.645136
vn 0.815215 0.000094 0.579159
vn 0.808240 -0.000079 0.588853
vn 0.752976 0.000147 0.658048
vn 0.734868 -0.000133 0.678210
vn 0.790346 0.000085 0.612661
vn 0.782823 -0.000104 0.622245
vn 0.719775 0.000150 0.694207
vn 0.764068 0.000095 0.645136
vn 0.752976 -0.000147 0.658048
vn 0.700797 -0.000165 0.713361
vn 0.734868 0.000133 0.678210
vn 0.719775 -0.000150 0.694207
vn 0.684848 0.000148 0.728686
vn 0.663102 -0.000161 0.748529
vn 0.700797 0.000165 0.713361
vn 0.684848 -0.000148 0.728686
vn 0.623754 0.000000 0.781620
vn 0.655246 -0.000000 0.755415
vn 0.655246 0.000000 0.755415
vn 0.663102 0.000161 0.748529
vn 0.582658 0.000000 0.812718
vn 0.623754 0.000000 0.781620
vn 0.539999 0.000000 0.841666
vn 0.582657 0.000000 0.812718
vn 0.539999 0.000000 0.841666
vn 0.493437 0.000000 0.869782
vn 0.493437 -0.000000 0.869782
vn 0.381990 0.000000 0.924167
vn 0.439996 0.000000 0.898000
vn 0.439996 -0.000000 0.898000
vn 0.381990 0.000000 0.924167
vn 0.322451 0.000000 0.946586
vn 0.322451 -0.000000 0.946586
vn 0.261604 0.000000 0.965175
vn 0.261604 -0.000000 0.965175
vn 0.199701 0.000000 0.979857
vn 0.199701 -0.000000 0.979857
vn 0.136982 0.000000 0.990573
vn 0.136982 -0.000000 0.990573
vn 0.073718 -0.000000 0.997279
vn 0.073718 0.000000 0.997279
vn 0.010153 0.000000 0.999948
vn 0.010153 -0.000000 0.999948
vn -0.053463 0.000000 0.998570
vn -0.053463 0.000000 0.998570
vn -0.116846 0.000000 0.993150
vn -0.116846 0.000000 0.993150
vn -0.179774 0.000000 0.983708
vn -0.179774 0.000000 0.983708
vn -0.241957 0.000000 0.970287
vn -0.241957 0.000000 0.970287
vn -0.303178 0.000000 0.952934
vn -0.303178 0.000000 0.952934
vn 1.000000 0.000000 0.000000
vn 1.000000 -0.000000 0.000000
vn -0.315243 -0.000000 -0.949011
vn -0.315243 0.000000 -0.949011
vn -0.278723 -0.000000 -0.960371
vn -0.235743 -0.000000 -0.971815
vn -0.278723 0.000000 -0.960371
vn -0.186164 -0.000000 -0.982519
vn -0.235743 0.000000 -0.971815
vn -0.136101 -0.000000 -0.990695
vn -0.186164 0.000000 -0.982519
vn -0.136101 0.000000 -0.990695
vn -0.085696 -0.000000 -0.996321
vn -0.085696 0.000000 -0.996321
vn -0.035068 -0.000000 -0.999385
vn -0.035068 0.000000 -0.999385
vn 0.015651 0.000000 -0.999878
vn 0.015651 0.000000 -0.999878
vn 0.066331 0.000000 -0.997798
vn 0.066331 0.000000 -0.997798
vn 0.116836 0.000000 -0.993151
vn 0.116836 0.000000 -0.993151
vn 0.167045 0.000000 -0.985949
vn 0.167045 0.000000 -0.985949
vn 0.216821 0.000000 -0.976211
vn 0.216821 0.000000 -0.976211
vn 0.266043 0.000000 -0.963961
vn 0.266043 0.000000 -0.963961
vn 0.314574 0.000000 -0.949233
vn 0.314574 0.000000 -0.949233
vn 0.362308 0.000000 -0.932059
vn 0.362308 0.000000 -0.932059
vn 0.409097 0.000000 -0.912491
vn 0.409097 0.000000 -0.912491
vn 0.454836 0.000000 -0.890575
vn 0.454836 0.000000 -0.890575
vn 0.496964 0.000000 -0.867771
vn 0.496964 0.000000 -0.867771
vn 0.530812 0.000000 -0.847490
vn 0.530812 0.000000 -0.847490
vn 0.559159 0.000000 -0.829060
vn 0.559159 0.000000 -0.829060
vn 0.586865 0.000000 -0.809685
vn 0.586865 0.000000 -0.809685
vn 0.665803 -0.000071 -0.746127
vn 0.640399 0.000233 -0.768042
vn 0.613905 0.000000 -0.789380
vn 0.613905 0.000000 -0.789380
vn 0.675749 0.000034 -0.737132
vn 0.690676 -0.000054 -0.723164
vn 0.647140 0.000000 -0.762371
vn 0.647140 0.000000 -0.762371
vn 0.693549 -0.000004 -0.720410
vn 0.640399 -0.000233 -0.768042
vn 0.714750 -0.000018 -0.699380
vn 0.713681 0.000006 -0.700471
vn 0.675749 -0.000034 -0.737132
vn 0.665803 0.000071 -0.746127
vn 0.737978 -0.000029 -0.674825
vn 0.735885 0.000017 -0.677106
vn 0.693549 0.000004 -0.720410
vn 0.690676 0.000054 -0.723164
vn 0.713681 -0.000006 -0.700471
vn 0.760372 -0.000039 -0.649488
vn 0.757310 0.000028 -0.653055
vn 0.714750 0.000018 -0.699380
vn 0.735885 -0.000017 -0.677106
vn 0.777964 0.000037 -0.628309
vn 0.781902 -0.000047 -0.623402
vn 0.737978 0.000029 -0.674825
vn 0.757310 -0.000028 -0.653055
vn 0.797799 0.000045 -0.602924
vn 0.802521 -0.000055 -0.596624
vn 0.760372 0.000039 -0.649488
vn 0.777964 -0.000037 -0.628309
vn 0.816790 0.000052 -0.576936
vn 0.822239 -0.000061 -0.569143
vn 0.781902 0.000047 -0.623402
vn 0.797799 -0.000045 -0.602924
vn 0.834966 0.000057 -0.550302
vn 0.841012 -0.000065 -0.541017
vn 0.802521 0.000055 -0.596624
vn 0.816790 -0.000052 -0.576936
vn 0.852248 0.000060 -0.523137
vn 0.858816 -0.000069 -0.512285
vn 0.834966 -0.000057 -0.550302
vn 0.822239 0.000061 -0.569143
vn 0.868668 0.000063 -0.495395
vn 0.875661 -0.000071 -0.482926
vn 0.852248 -0.000060 -0.523137
vn 0.841012 0.000065 -0.541017
vn 0.891479 -0.000072 -0.453062
vn 0.884168 0.000065 -0.467170
vn 0.868668 -0.000063 -0.495395
vn 0.858816 0.000069 -0.512285
vn 0.906282 -0.000071 -0.422674
vn 0.898762 0.000065 -0.438438
vn 0.884168 -0.000065 -0.467170
vn 0.875661 0.000071 -0.482926
vn 0.920065 -0.000069 -0.391767
vn 0.912400 0.000064 -0.409301
vn 0.898762 -0.000065 -0.438438
vn 0.891479 0.000072 -0.453062
vn 0.932795 -0.000066 -0.360408
vn 0.925124 0.000061 -0.379666
vn 0.912400 -0.000064 -0.409301
vn 0.906282 0.000071 -0.422674
vn 0.936860 0.000057 -0.349705
vn 0.944434 -0.000062 -0.328700
vn 0.925124 -0.000061 -0.379666
vn 0.920065 0.000069 -0.391767
vn 0.947648 0.000052 -0.319318
vn 0.955017 -0.000056 -0.296550
vn 0.957435 0.000046 -0.288649
vn 0.936860 -0.000057 -0.349705
vn 0.932795 0.000066 -0.360408
vn 0.964497 -0.000049 -0.264095
vn 0.966234 0.000038 -0.257666
vn 0.947648 -0.000052 -0.319318
vn 0.944434 0.000062 -0.328700
vn 0.972873 -0.000041 -0.231339
vn 0.974033 0.000029 -0.226408
vn 0.957435 -0.000046 -0.288649
vn 0.955017 0.000056 -0.296550
vn 0.980137 -0.000032 -0.198321
vn 0.980821 0.000020 -0.194912
vn 0.966234 -0.000038 -0.257666
vn 0.964497 0.000049 -0.264095
vn 0.986287 -0.000020 -0.165041
vn 0.986590 0.000008 -0.163218
vn 0.974033 -0.000029 -0.226408
vn 0.972873 0.000041 -0.231339
vn 0.991302 -0.000008 -0.131609
vn 0.991334 -0.000004 -0.131365
vn 0.980821 -0.000020 -0.194912
vn 0.980137 0.000032 -0.198321
vn 0.995049 0.000005 -0.099391
vn 0.995187 -0.000017 -0.097994
vn 0.986590 -0.000008 -0.163218
vn 0.986287 0.000020 -0.165041
vn 0.997931 -0.000028 -0.064302
vn 0.997736 0.000016 -0.067260
vn 0.991334 0.000004 -0.131365
vn 0.991302 0.000008 -0.131609
vn 0.995049 -0.000005 -0.099391
vn 0.999534 -0.000038 -0.030534
vn 0.999384 0.000027 -0.035090
vn 0.995187 0.000017 -0.097994
vn 0.997736 -0.000016 -0.067260
vn 0.999995 -0.000046 0.003272
vn 0.999996 0.000036 -0.002881
vn 0.997931 0.000028 -0.064302
vn 0.999384 -0.000027 -0.035090
vn 0.999311 -0.000054 0.037116
vn 0.999570 0.000044 0.029327
vn 0.999534 0.000038 -0.030534
vn 0.999996 -0.000036 -0.002881
vn 0.997487 -0.000060 0.070847
vn 0.998107 0.000051 0.061495
vn 0.999995 0.000046 0.003272
vn 0.999570 -0.000044 0.029327
vn 0.994517 -0.000065 0.104579
vn 0.995608 0.000056 0.093623
vn 0.999311 0.000054 0.037116
vn 0.998107 -0.000051 0.061495
vn 0.992077 0.000060 0.125633
vn 0.990415 -0.000068 0.138123
vn 0.997487 0.000060 0.070847
vn 0.995608 -0.000056 0.093623
vn 0.987521 0.000063 0.157486
vn 0.985181 -0.000071 0.171517
vn 0.994517 0.000065 0.104579
vn 0.992077 -0.000060 0.125633
vn 0.981927 0.000064 0.189258
vn 0.978812 -0.000072 0.204759
vn 0.990415 0.000068 0.138123
vn 0.987521 -0.000063 0.157486
vn 0.975321 0.000065 0.220794
vn 0.971329 -0.000071 0.237738
vn 0.985181 0.000071 0.171517
vn 0.981927 -0.000064 0.189258
vn 0.962743 -0.000069 0.270419
vn 0.967712 0.000064 0.252057
vn 0.978812 0.000072 0.204759
vn 0.975321 -0.000065 0.220794
vn 0.953044 -0.000066 0.302832
vn 0.959085 0.000062 0.283118
vn 0.971329 0.000071 0.237738
vn 0.967712 -0.000064 0.252057
vn 0.949479 0.000058 0.313831
vn 0.942252 -0.000062 0.334905
vn 0.962743 0.000069 0.270419
vn 0.959085 -0.000062 0.283118
vn 0.930403 -0.000067 0.366537
vn 0.938250 0.000073 0.345958
vn 0.953044 0.000066 0.302832
vn 0.949479 -0.000058 0.313831
vn 0.916715 -0.000088 0.399543
vn 0.924525 0.000099 0.381122
vn 0.942252 0.000062 0.334905
vn 0.938250 -0.000073 0.345958
vn 0.900153 -0.000109 0.435574
vn 0.908632 0.000099 0.417597
vn 0.930403 0.000067 0.366537
vn 0.924525 -0.000099 0.381122
vn 0.881174 -0.000108 0.472791
vn 0.891319 0.000099 0.453376
vn 0.916715 0.000088 0.399543
vn 0.908632 -0.000099 0.417597
vn 0.872591 0.000097 0.488452
vn 0.860685 -0.000105 0.509137
vn 0.891319 -0.000099 0.453376
vn 0.900153 0.000109 0.435574
vn 0.852466 0.000093 0.522783
vn 0.838669 -0.000100 0.544642
vn 0.872591 -0.000097 0.488452
vn 0.881174 0.000108 0.472791
vn 0.831023 0.000087 0.556238
vn 0.815216 -0.000094 0.579157
vn 0.860685 0.000105 0.509137
vn 0.852466 -0.000093 0.522783
vn 0.808242 0.000079 0.588851
vn 0.790343 -0.000085 0.612665
vn 0.838669 0.000100 0.544642
vn 0.831023 -0.000087 0.556238
vn 0.782825 0.000104 0.622242
vn 0.764069 -0.000095 0.645134
vn 0.815216 0.000094 0.579157
vn 0.808242 -0.000079 0.588851
vn 0.752974 0.000147 0.658051
vn 0.734872 -0.000133 0.678206
vn 0.790343 0.000085 0.612665
vn 0.782825 -0.000104 0.622242
vn 0.719776 0.000150 0.694207
vn 0.764069 0.000095 0.645134
vn 0.752974 -0.000147 0.658051
vn 0.700790 -0.000165 0.713367
vn 0.734872 0.000133 0.678206
vn 0.719776 -0.000150 0.694207
vn 0.684846 0.000148 0.728688
vn 0.663107 -0.000161 0.748525
vn 0.700791 0.000165 0.713367
vn 0.684846 -0.000148 0.728688
vn 0.623751 0.000000 0.781623
vn 0.655252 -0.000000 0.755410
vn 0.655252 0.000000 0.755410
vn 0.663107 0.000161 0.748525
vn 0.582657 0.000000 0.812719
vn 0.623751 0.000000 0.781623
vn 0.539999 0.000000 0.841666
vn 0.582656 0.000000 0.812719
vn 0.493439 0.000000 0.869781
vn 0.539999 0.000000 0.841666
vn 0.439996 0.000000 0.898000
vn 0.493439 0.000000 0.869781
vn 0.439996 0.000000 0.898000
vn 0.381993 0.000000 0.924165
vn 0.381993 -0.000000 0.924165
vn 0.322451 0.000000 0.946586
vn 0.322451 -0.000000 0.946586
vn 0.261604 0.000000 0.965175
vn 0.261604 -0.000000 0.965175
vn 0.199701 0.000000 0.979857
vn 0.199701 -0.000000 0.979857
vn 0.136984 0.000000 0.990573
vn 0.136984 -0.000000 0.990573
vn 0.073717 -0.000000 0.997279
vn 0.073717 0.000000 0.997279
vn 0.010149 0.000000 0.999948
vn 0.010149 -0.000000 0.999949
vn -0.053459 0.000000 0.998570
vn -0.053459 0.000000 0.998570
vn -0.116849 0.000000 0.993150
vn -0.116849 0.000000 0.993150
vn -0.179771 0.000000 0.983709
vn -0.179771 0.000000 0.983708
vn -0.241958 0.000000 0.970287
vn -0.241958 0.000000 0.970287
vn -0.303175 0.000000 0.952935
vn -0.303175 0.000000 0.952935
vn 1.000000 0.000000 0.000000
vn 1.000000 -0.000000 0.000000
vn -0.315245 -0.000000 -0.949010
vn -0.315245 0.000000 -0.949010
vn -0.278719 -0.000000 -0.960373
vn -0.235746 -0.000000 -0.971815
vn -0.278719 0.000000 -0.960373
vn -0.186170 -0.000000 -0.982518
vn -0.235746 0.000000 -0.971815
vn -0.136102 -0.000000 -0.990695
vn -0.186170 0.000000 -0.982518
vn -0.136102 0.000000 -0.990695
vn -0.085688 -0.000000 -0.996322
vn -0.085688 0.000000 -0.996322
vn -0.035073 -0.000000 -0.999385
vn -0.035073 0.000000 -0.999385
vn 0.015656 0.000000 -0.999877
vn 0.015656 0.000000 -0.999878
vn 0.066323 0.000000 -0.997798
vn 0.066323 0.000000 -0.997798
vn 0.116836 0.000000 -0.993151
vn 0.116836 0.000000 -0.993151
vn 0.167053 0.000000 -0.985948
vn 0.167053 0.000000 -0.985948
vn 0.216815 0.000000 -0.976213
vn 0.216815 0.000000 -0.976213
vn 0.266041 0.000000 -0.963962
vn 0.266041 0.000000 -0.963962
vn 0.314573 0.000000 -0.949233
vn 0.314573 0.000000 -0.949233
vn 0.362313 0.000000 -0.932056
vn 0.362313 0.000000 -0.932056
vn 0.409101 0.000000 -0.912489
vn 0.409101 0.000000 -0.912489
vn 0.454829 0.000000 -0.890579
vn 0.454829 0.000000 -0.890579
vn 0.496972 0.000000 -0.867766
vn 0.496972 0.000000 -0.867766
vn 0.530803 0.000000 -0.847495
vn 0.530803 0.000000 -0.847495
vn 0.559165 0.000000 -0.829056
vn 0.559165 0.000000 -0.829056
vn 0.586859 0.000000 -0.809690
vn 0.586859 0.000000 -0.809690
vn 0.665797 -0.000071 -0.746133
vn 0.640403 0.000233 -0.768039
vn 0.613908 0.000000 -0.789378
vn 0.613908 0.000000 -0.789378
vn 0.675750 0.000034 -0.737131
vn 0.690676 -0.000054 -0.723164
vn 0.647137 0.000000 -0.762373
vn 0.647137 0.000000 -0.762373
vn 0.693547 -0.000005 -0.720411
vn 0.640403 -0.000233 -0.768039
vn 0.714755 -0.000019 -0.699375
vn 0.713681 0.000006 -0.700471
vn 0.675750 -0.000034 -0.737131
vn 0.665797 0.000071 -0.746133
vn 0.737974 -0.000029 -0.674829
vn 0.735891 0.000017 -0.677100
vn 0.693547 0.000005 -0.720411
vn 0.690676 0.000054 -0.723164
vn 0.713681 -0.000006 -0.700471
vn 0.760375 -0.000039 -0.649484
vn 0.757309 0.000028 -0.653056
vn 0.714755 0.000019 -0.699375
vn 0.735891 -0.000017 -0.677100
vn 0.777964 0.000037 -0.628309
vn 0.781898 -0.000047 -0.623406
vn 0.737974 0.000029 -0.674829
vn 0.757309 -0.000028 -0.653056
vn 0.797799 0.000045 -0.602924
vn 0.802523 -0.000054 -0.596621
vn 0.760375 0.000039 -0.649484
vn 0.777964 -0.000037 -0.628309
vn 0.816789 0.000052 -0.576936
vn 0.822238 -0.000061 -0.569144
vn 0.781898 0.000047 -0.623406
vn 0.797799 -0.000045 -0.602924
vn 0.834965 0.000057 -0.550303
vn 0.841013 -0.000065 -0.541014
vn 0.802523 0.000054 -0.596621
vn 0.816789 -0.000052 -0.576936
vn 0.852246 0.000060 -0.523141
vn 0.858816 -0.000069 -0.512285
vn 0.834965 -0.000057 -0.550303
vn 0.822238 0.000061 -0.569144
vn 0.868669 0.000063 -0.495393
vn 0.875661 -0.000071 -0.482926
vn 0.852246 -0.000060 -0.523141
vn 0.841013 0.000065 -0.541014
vn 0.891479 -0.000072 -0.453061
vn 0.884170 0.000065 -0.467165
vn 0.868669 -0.000063 -0.495393
vn 0.858816 0.000069 -0.512285
vn 0.906280 -0.000071 -0.422678
vn 0.898759 0.000065 -0.438443
vn 0.884170 -0.000065 -0.467165
vn 0.875661 0.000071 -0.482926
vn 0.920065 -0.000069 -0.391767
vn 0.912401 0.000064 -0.409298
vn 0.898759 -0.000065 -0.438443
vn 0.891479 0.000072 -0.453061
vn 0.932796 -0.000066 -0.360404
vn 0.925125 0.000061 -0.379664
vn 0.912401 -0.000064 -0.409298
vn 0.906280 0.000071 -0.422678
vn 0.936860 0.000057 -0.349705
vn 0.944434 -0.000062 -0.328702
vn 0.925125 -0.000061 -0.379664
vn 0.920065 0.000069 -0.391767
vn 0.947647 0.000052 -0.319319
vn 0.955017 -0.000056 -0.296550
vn 0.957434 0.000046 -0.288651
vn 0.936860 -0.000057 -0.349705
vn 0.932796 0.000066 -0.360404
vn 0.964497 -0.000049 -0.264094
vn 0.966234 0.000038 -0.257665
vn 0.947647 -0.000052 -0.319319
vn 0.944434 0.000062 -0.328702
vn 0.972873 -0.000041 -0.231339
vn 0.974033 0.000029 -0.226407
vn 0.957434 -0.000046 -0.288651
vn 0.955017 0.000056 -0.296550
vn 0.980137 -0.000032 -0.198320
vn 0.980821 0.000020 -0.194913
vn 0.966234 -0.000038 -0.257665
vn 0.964497 0.000049 -0.264094
vn 0.986287 -0.000020 -0.165041
vn 0.986590 0.000008 -0.163217
vn 0.974033 -0.000029 -0.226407
vn 0.972873 0.000041 -0.231339
vn 0.991302 -0.000008 -0.131609
vn 0.991334 -0.000004 -0.131365
vn 0.980821 -0.000020 -0.194913
vn 0.980137 0.000032 -0.198320
vn 0.995049 0.000005 -0.099391
vn 0.995187 -0.000017 -0.097994
vn 0.986590 -0.000008 -0.163217
vn 0.986287 0.000020 -0.165041
vn 0.997931 -0.000028 -0.064302
vn 0.997736 0.000016 -0.067260
vn 0.991334 0.000004 -0.131365
vn 0.991302 0.000008 -0.131609
vn 0.995049 -0.000005 -0.099391
vn 0.999534 -0.000038 -0.030534
vn 0.999384 0.000027 -0.035090
vn 0.995187 0.000017 -0.097994
vn 0.997736 -0.000016 -0.067260
vn 0.999995 -0.000046 0.003272
vn 0.999996 0.000036 -0.002881
vn 0.997931 0.000028 -0.064302
vn 0.999384 -0.000027 -0.035090
vn 0.999311 -0.000054 0.037116
vn 0.999570 0.000044 0.029327
vn 0.999534 0.000038 -0.030534
vn 0.999996 -0.000036 -0.002881
vn 0.997487 -0.000060 0.070847
vn 0.998107 0.000051 0.061495
vn 0.999995 0.000046 0.003272
vn 0.999570 -0.000044 0.029327
vn 0.994517 -0.000065 0.104579
vn 0.995608 0.000056 0.093623
vn 0.999311 0.000054 0.037116
vn 0.998107 -0.000051 0.061495
vn 0.992077 0.000060 0.125634
vn 0.990415 -0.000068 0.138123
vn 0.997487 0.000060 0.070847
vn 0.995608 -0.000056 0.093623
vn 0.987521 0.000063 0.157487
vn 0.985181 -0.000071 0.171517
vn 0.994517 0.000065 0.104579
vn 0.992077 -0.000060 0.125634
vn 0.981927 0.000064 0.189258
vn 0.978812 -0.000071 0.204761
vn 0.990415 0.000068 0.138123
vn 0.987521 -0.000063 0.157487
vn 0.975321 0.000065 0.220793
vn 0.971329 -0.000071 0.237738
vn 0.985181 0.000071 0.171517
vn 0.981927 -0.000064 0.189258
vn 0.962743 -0.000069 0.270418
vn 0.967713 0.000064 0.252056
vn 0.978812 0.000071 0.204761
vn 0.975321 -0.000065 0.220793
vn 0.953044 -0.000066 0.302831
vn 0.959085 0.000062 0.283119
vn 0.971329 0.000071 0.237738
vn 0.967713 -0.000064 0.252056
vn 0.949479 0.000058 0.313829
vn 0.942251 -0.000062 0.334906
vn 0.962743 0.000069 0.270418
vn 0.959085 -0.000062 0.283119
vn 0.930404 -0.000067 0.366536
vn 0.938249 0.000073 0.345960
vn 0.953044 0.000066 0.302831
vn 0.949479 -0.000058 0.313829
vn 0.916714 -0.000088 0.399544
vn 0.924525 0.000099 0.381120
vn 0.942251 0.000062 0.334906
vn 0.938249 -0.000073 0.345960
vn 0.900153 -0.000109 0.435574
vn 0.908632 0.000099 0.417597
vn 0.930404 0.000067 0.366536
vn 0.924525 -0.000099 0.381120
vn 0.881175 -0.000108 0.472790
vn 0.891318 0.000099 0.453378
vn 0.916714 0.000088 0.399544
vn 0.908632 -0.000099 0.417597
vn 0.872593 0.000097 0.488448
vn 0.860685 -0.000105 0.509139
vn 0.891318 -0.000099 0.453378
vn 0.900153 0.000109 0.435574
vn 0.852464 0.000093 0.522785
vn 0.838670 -0.000100 0.544640
vn 0.872593 -0.000097 0.488448
vn 0.881175 0.000108 0.472790
vn 0.831023 0.000087 0.556238
vn 0.815215 -0.000094 0.579158
vn 0.860685 0.000105 0.509139
vn 0.852464 -0.000093 0.522785
vn 0.808243 0.000079 0.588849
vn 0.790343 -0.000085 0.612665
vn 0.838670 0.000100 0.544640
vn 0.831023 -0.000087 0.556238
vn 0.782823 0.000104 0.622245
vn 0.764071 -0.000095 0.645132
vn 0.815215 0.000094 0.579158
vn 0.808243 -0.000079 0.588849
vn 0.752973 0.000147 0.658051
vn 0.734872 -0.000133 0.678206
vn 0.790343 0.000085 0.612665
vn 0.782823 -0.000104 0.622245
vn 0.719778 0.000150 0.694204
vn 0.764071 0.000095 0.645132
vn 0.752973 -0.000147 0.658051
vn 0.700790 -0.000165 0.713367
vn 0.734872 0.000133 0.678206
vn 0.719778 -0.000150 0.694204
vn 0.684844 0.000148 0.728689
vn 0.663106 -0.000161 0.748526
vn 0.700790 0.000165 0.713367
vn 0.684844 -0.000148 0.728689
vn 0.655252 -0.000000 0.755410
vn 0.655252 0.000000 0.755410
vn 0.663106 0.000161 0.748526
vn 0.582658 0.000000 0.812718
vn 0.623751 0.000000 0.781623
vn 0.623751 -0.000000 0.781623
vn 0.539999 0.000000 0.841666
vn 0.582657 0.000000 0.812718
vn 0.493441 0.000000 0.869779
vn 0.539999 0.000000 0.841666
vn 0.439996 0.000000 0.898000
vn 0.493441 0.000000 0.869779
vn 0.439996 0.000000 0.898000
vn 0.381990 0.000000 0.924167
vn 0.381990 -0.000000 0.924167
vn 0.322451 0.000000 0.946586
vn 0.322451 -0.000000 0.946586
vn 0.261604 0.000000 0.965175
vn 0.261604 -0.000000 0.965175
vn 0.199701 0.000000 0.979857
vn 0.199701 -0.000000 0.979857
vn 0.136987 0.000000 0.990573
vn 0.136987 -0.000000 0.990573
vn 0.073713 -0.000000 0.997280
vn 0.073713 0.000000 0.997280
vn 0.010153 0.000000 0.999948
vn 0.010153 -0.000000 0.999948
vn -0.053463 0.000000 0.998570
vn -0.053463 0.000000 0.998570
vn -0.116846 0.000000 0.993150
vn -0.116846 0.000000 0.993150
vn -0.179774 0.000000 0.983708
vn -0.179774 0.000000 0.983708
vn -0.241957 0.000000 0.970287
vn -0.241957 0.000000 0.970287
vn -0.303174 0.000000 0.952935
vn -0.303174 0.000000 0.952935
vn 1.000000 0.000000 0.000000
vn 1.000000 -0.000000 0.000000
vn -0.315260 0.000000 -0.949005
vn -0.315260 0.000000 -0.949005
vn -0.278719 0.000000 -0.960373
vn -0.278719 0.000000 -0.960373
vn -0.235734 0.000000 -0.971818
vn -0.235734 0.000000 -0.971818
vn -0.136102 -0.000000 -0.990695
vn -0.186170 0.000000 -0.982518
vn -0.186170 0.000000 -0.982518
vn -0.085688 -0.000000 -0.996322
vn -0.136102 0.000000 -0.990695
vn -0.085688 0.000000 -0.996322
vn -0.035073 -0.000000 -0.999385
vn -0.035073 0.000000 -0.999385
vn 0.015643 0.000000 -0.999878
vn 0.015643 0.000000 -0.999878
vn 0.066336 0.000000 -0.997797
vn 0.066336 0.000000 -0.997797
vn 0.116849 0.000000 -0.993150
vn 0.116849 0.000000 -0.993150
vn 0.167041 0.000000 -0.985950
vn 0.167041 0.000000 -0.985950
vn 0.216827 0.000000 -0.976210
vn 0.216827 0.000000 -0.976210
vn 0.266041 0.000000 -0.963962
vn 0.266041 0.000000 -0.963962
vn 0.314573 0.000000 -0.949233
vn 0.314573 0.000000 -0.949233
vn 0.362313 0.000000 -0.932056
vn 0.362313 0.000000 -0.932056
vn 0.409090 0.000000 -0.912494
vn 0.409090 0.000000 -0.912494
vn 0.454839 0.000000 -0.890574
vn 0.454838 0.000000 -0.890574
vn 0.496962 0.000000 -0.867772
vn 0.496962 0.000000 -0.867772
vn 0.530803 0.000000 -0.847495
vn 0.530803 0.000000 -0.847495
vn 0.559152 0.000000 -0.829065
vn 0.559152 0.000000 -0.829065
vn 0.586883 0.000000 -0.809672
vn 0.586883 0.000000 -0.809672
vn 0.665807 -0.000071 -0.746124
vn 0.640403 0.000233 -0.768039
vn 0.613896 0.000000 -0.789387
vn 0.613896 0.000000 -0.789387
vn 0.675750 0.000034 -0.737131
vn 0.690666 -0.000054 -0.723173
vn 0.647137 0.000000 -0.762373
vn 0.647137 0.000000 -0.762373
vn 0.693561 -0.000004 -0.720398
vn 0.640403 -0.000233 -0.768039
vn 0.714746 -0.000018 -0.699384
vn 0.713671 0.000006 -0.700481
vn 0.675750 -0.000034 -0.737131
vn 0.665807 0.000071 -0.746124
vn 0.737982 -0.000029 -0.674820
vn 0.735891 0.000018 -0.677100
vn 0.693561 0.000004 -0.720398
vn 0.690666 0.000054 -0.723173
vn 0.713671 -0.000006 -0.700481
vn 0.760375 -0.000039 -0.649484
vn 0.757309 0.000028 -0.653056
vn 0.714746 0.000018 -0.699384
vn 0.735891 -0.000018 -0.677100
vn 0.777964 0.000037 -0.628309
vn 0.781898 -0.000047 -0.623406
vn 0.737982 0.000029 -0.674820
vn 0.757309 -0.000028 -0.653056
vn 0.797799 0.000045 -0.602924
vn 0.802523 -0.000054 -0.596621
vn 0.760375 0.000039 -0.649484
vn 0.777964 -0.000037 -0.628309
vn 0.816789 0.000052 -0.576936
vn 0.822238 -0.000061 -0.569144
vn 0.781898 0.000047 -0.623406
vn 0.797799 -0.000045 -0.602924
vn 0.834965 0.000057 -0.550303
vn 0.841013 -0.000065 -0.541014
vn 0.802523 0.000054 -0.596621
vn 0.816789 -0.000052 -0.576936
vn 0.852246 0.000060 -0.523141
vn 0.858816 -0.000069 -0.512285
vn 0.834965 -0.000057 -0.550303
vn 0.822238 0.000061 -0.569144
vn 0.868669 0.000063 -0.495393
vn 0.875661 -0.000071 -0.482926
vn 0.852246 -0.000060 -0.523141
vn 0.841013 0.000065 -0.541014
vn 0.891479 -0.000072 -0.453061
vn 0.884170 0.000065 -0.467165
vn 0.868669 -0.000063 -0.495393
vn 0.858816 0.000069 -0.512285
vn 0.906280 -0.000071 -0.422678
vn 0.898759 0.000065 -0.438443
vn 0.884170 -0.000065 -0.467165
vn 0.875661 0.000071 -0.482926
vn 0.920065 -0.000069 -0.391767
vn 0.912401 0.000064 -0.409298
vn 0.898759 -0.000065 -0.438443
vn 0.891479 0.000072 -0.453061
vn 0.932796 -0.000066 -0.360404
vn 0.925125 0.000061 -0.379664
vn 0.912401 -0.000064 -0.409298
vn 0.906280 0.000071 -0.422678
vn 0.936860 0.000057 -0.349705
vn 0.944434 -0.000062 -0.328702
vn 0.925125 -0.000061 -0.379664
vn 0.920065 0.000069 -0.391767
vn 0.947647 0.000052 -0.319319
vn 0.955018 -0.000056 -0.296548
vn 0.957434 0.000046 -0.288651
vn 0.936860 -0.000057 -0.349705
vn 0.932796 0.000066 -0.360404
vn 0.964497 -0.000049 -0.264094
vn 0.966234 0.000038 -0.257668
vn 0.947647 -0.000052 -0.319319
vn 0.944434 0.000062 -0.328702
vn 0.972873 -0.000041 -0.231341
vn 0.974033 0.000029 -0.226405
vn 0.957434 -0.000046 -0.288651
vn 0.955018 0.000056 -0.296548
vn 0.980137 -0.000032 -0.198320
vn 0.980821 0.000020 -0.194913
vn 0.966234 -0.000038 -0.257668
vn 0.964497 0.000049 -0.264094
vn 0.986287 -0.000020 -0.165043
vn 0.986590 0.000008 -0.163217
vn 0.974033 -0.000029 -0.226405
vn 0.972873 0.000041 -0.231341
vn 0.991302 -0.000008 -0.131608
vn 0.991334 -0.000004 -0.131365
vn 0.980821 -0.000020 -0.194913
vn 0.980137 0.000032 -0.198320
vn 0.995048 0.000005 -0.099392
vn 0.995187 -0.000017 -0.097994
vn 0.986590 -0.000008 -0.163217
vn 0.986287 0.000020 -0.165043
vn 0.997931 -0.000028 -0.064302
vn 0.997736 0.000016 -0.067259
vn 0.991334 0.000004 -0.131365
vn 0.991302 0.000008 -0.131608
vn 0.995048 -0.000005 -0.099392
vn 0.999534 -0.000038 -0.030534
vn 0.999384 0.000027 -0.035090
vn 0.995187 0.000017 -0.097994
vn 0.997736 -0.000016 -0.067259
vn 0.999995 -0.000046 0.003272
vn 0.999996 0.000036 -0.002881
vn 0.997931 0.000028 -0.064302
vn 0.999384 -0.000027 -0.035090
vn 0.999311 -0.000054 0.037116
vn 0.999570 0.000044 0.029327
vn 0.999534 0.000038 -0.030534
vn 0.999996 -0.000036 -0.002881
vn 0.997487 -0.000060 0.070846
vn 0.998107 0.000051 0.061494
vn 0.999995 0.000046 0.003272
vn 0.999570 -0.000044 0.029327
vn 0.994516 -0.000065 0.104580
vn 0.995608 0.000057 0.093625
vn 0.999311 0.000054 0.037116
vn 0.998107 -0.000051 0.061494
vn 0.992077 0.000060 0.125633
vn 0.990415 -0.000068 0.138124
vn 0.997487 0.000060 0.070846
vn 0.995608 -0.000057 0.093625
vn 0.987521 0.000063 0.157485
vn 0.985181 -0.000071 0.171517
vn 0.994516 0.000065 0.104580
vn 0.992077 -0.000060 0.125633
vn 0.981927 0.000064 0.189260
vn 0.978813 -0.000071 0.204757
vn 0.990415 0.000068 0.138124
vn 0.987521 -0.000063 0.157485
vn 0.975321 0.000065 0.220793
vn 0.971329 -0.000071 0.237740
vn 0.985181 0.000071 0.171517
vn 0.981927 -0.000064 0.189260
vn 0.962744 -0.000069 0.270416
vn 0.967713 0.000064 0.252056
vn 0.978813 0.000071 0.204757
vn 0.975321 -0.000065 0.220793
vn 0.953043 -0.000066 0.302836
vn 0.959085 0.000062 0.283119
vn 0.971329 0.000071 0.237740
vn 0.967713 -0.000064 0.252056
vn 0.949479 0.000058 0.313829
vn 0.942254 -0.000062 0.334900
vn 0.962744 0.000069 0.270416
vn 0.959085 -0.000062 0.283119
vn 0.930402 -0.000067 0.366540
vn 0.938250 0.000073 0.345957
vn 0.953043 0.000066 0.302836
vn 0.949479 -0.000058 0.313829
vn 0.916714 -0.000088 0.399544
vn 0.924523 0.000099 0.381126
vn 0.942254 0.000062 0.334900
vn 0.938250 -0.000073 0.345957
vn 0.900154 -0.000109 0.435571
vn 0.908632 0.000099 0.417597
vn 0.930402 0.000067 0.366540
vn 0.924523 -0.000099 0.381126
vn 0.881174 -0.000108 0.472793
vn 0.891321 0.000099 0.453372
vn 0.916714 0.000088 0.399544
vn 0.908632 -0.000099 0.417597
vn 0.872589 0.000097 0.488455
vn 0.860685 -0.000105 0.509139
vn 0.891321 -0.000099 0.453372
vn 0.900154 0.000109 0.435571
vn 0.852469 0.000093 0.522778
vn 0.838670 -0.000100 0.544640
vn 0.872589 -0.000097 0.488455
vn 0.881174 0.000108 0.472793
vn 0.831023 0.000087 0.556238
vn 0.815215 -0.000094 0.579158
vn 0.860685 0.000105 0.509139
vn 0.852469 -0.000093 0.522778
vn 0.808240 0.000079 0.588853
vn 0.790346 -0.000085 0.612661
vn 0.838670 0.000100 0.544640
vn 0.831023 -0.000087 0.556238
vn 0.782823 0.000104 0.622245
vn 0.764068 -0.000095 0.645136
vn 0.815215 0.000094 0.579159
vn 0.808240 -0.000079 0.588853
vn 0.752976 0.000147 0.658048
vn 0.734868 -0.000133 0.678210
vn 0.790346 0.000085 0.612661
vn 0.782823 -0.000104 0.622245
vn 0.719775 0.000150 0.694207
vn 0.764068 0.000095 0.645136
vn 0.752976 -0.000147 0.658048
vn 0.700797 -0.000165 0.713361
vn 0.734868 0.000133 0.678210
vn 0.719775 -0.000150 0.694207
vn 0.684848 0.000148 0.728686
vn 0.663102 -0.000161 0.748529
vn 0.700797 0.000165 0.713361
vn 0.684848 -0.000148 0.728686
vn 0.623754 0.000000 0.781620
vn 0.655246 -0.000000 0.755415
vn 0.655246 0.000000 0.755415
vn 0.663102 0.000161 0.748529
vn 0.582658 0.000000 0.812718
vn 0.623754 0.000000 0.781620
vn 0.539999 0.000000 0.841666
vn 0.582657 0.000000 0.812718
vn 0.493437 0.000000 0.869782
vn 0.539999 0.000000 0.841666
vn 0.439996 0.000000 0.898000
vn 0.493437 0.000000 0.869782
vn 0.381990 0.000000 0.924167
vn 0.439996 0.000000 0.898000
vn 0.322451 0.000000 0.946586
vn 0.381990 0.000000 0.924167
vn 0.261604 0.000000 0.965175
vn 0.322451 0.000000 0.946586
vn 0.199701 0.000000 0.979857
vn 0.261604 0.000000 0.965175
vn 0.136982 0.000000 0.990573
vn 0.199701 0.000000 0.979857
vn 0.073718 0.000000 0.997279
vn 0.136982 0.000000 0.990573
vn 0.010153 0.000000 0.999948
vn 0.073718 0.000000 0.997279
vn 0.010153 0.000000 0.999948
vn -0.053463 0.000000 0.998570
vn -0.116846 0.000000 0.993150
vn -0.053463 0.000000 0.998570
vn -0.179774 0.000000 0.983708
vn -0.116846 0.000000 0.993150
vn -0.241957 0.000000 0.970287
vn -0.179774 0.000000 0.983708
vn -0.241957 0.000000 0.970287
vn -0.303178 0.000000 0.952934
vn -0.303178 0.000000 0.952934
vn 1.000000 0.000000 0.000000
vn 1.000000 -0.000000 0.000000
vn 1.000000 0.000000 0.000000
vn 1.000000 -0.000000 0.000000
vn 1.000000 0.000000 0.000000
vn 1.000000 -0.000000 0.000000
vn 1.000000 0.000000 0.000000
vn 1.000000 -0.000000 0.000000
vn 1.000000 0.000000 0.000000
vn 1.000000 -0.000000 0.000000
vn 0.000000 -1.000000 0.000000
vn 0.000000 -1.000000 0.000000
vn 0.000000 -1.000000 0.000000
vn 0.000000 -1.000000 0.000000
vn 0.000000 -1.000000 0.000000
vn 0.000000 -1.000000 -0.000000
vn 0.000000 -1.000000 0.000000
vn 0.000000 -1.000000 0.000000
vn 0.000000 0.000000 -1.000000
vn 0.000000 0.000000 -1.000000
vn 0.000000 0.000000 -1.000000
vn 0.000000 0.000000 -1.000000
vn 0.000000 0.000000 -1.000000
vn 0.000000 0.000000 -1.000000
vn 0.000000 0.000000 1.000000
vn 0.000000 0.000000 1.000000
vn 0.000000 0.000000 1.000000
vn 0.000000 0.000000 1.000000
vn 0.000000 0.000000 1.000000
vn 0.000000 0.000000 1.000000
vn 0.000000 1.000000 0.000000
vn 0.000000 1.000000 0.000000
vn -1.000000 0.000000 0.000000
vn -1.000000 0.000000 0.000000
vn -0.707109 0.707105 0.000001
vn -0.707117 0.707096 0.000003
vn -0.707107 0.707107 -0.000000
vn -0.707096 0.707118 -0.000003
vn -0.707111 0.707102 0.000001
vn -0.707102 0.707111 -0.000001
vn -0.707112 0.707102 0.000001
vn -0.707104 0.707110 -0.000001
vn -0.707097 0.707117 -0.000003
vn -0.707107 0.707107 0.000000
vn -0.707111 0.707103 0.000001
vn -0.707112 0.707101 0.000002
vn -0.707097 0.707117 -0.000003
vn -0.707126 0.707087 0.000006
vn -0.707098 0.707115 -0.000002
vn -0.707120 0.707093 0.000004
vn -0.707082 0.707131 -0.000007
vn -0.707091 0.707123 -0.000004
vn -0.707148 0.707065 0.000012
vn -0.707113 0.707100 0.000002
vn -0.707092 0.707122 -0.000004
vn -0.707116 0.707098 0.000002
vn -0.707096 0.707117 -0.000003
vn -0.707094 0.707120 -0.000004
vn -0.707089 0.707125 -0.000000
vn -0.707109 0.707104 -0.000000
vn -0.707112 0.707101 -0.000000
vn -0.707119 0.707094 0.000000
vn -0.707100 0.707113 0.000000
vn -0.707113 0.707100 0.000000
vn -0.707107 0.707107 -0.000000
vn -0.707112 0.707101 -0.000000
vn -0.707104 0.707110 -0.000000
vn -0.707093 0.707120 0.000000
vn -0.707114 0.707100 0.000000
vn -0.707113 0.707101 0.000000
vn -0.707111 0.707103 0.000000
vn -0.707112 0.707102 0.000000
vn -0.707102 0.707112 -0.000000
vn -0.707119 0.707095 0.000000
vn -0.707113 0.707101 0.000000
vn -0.707103 0.707110 0.000000
vn -0.707102 0.707112 0.000000
vn -0.707110 0.707104 0.000000
vn -0.707081 0.707132 0.000000
vn -0.707093 0.707120 -0.000000
vn -0.707111 0.707102 0.000000
vn -0.707107 0.707107 0.000000
vn -0.707087 0.707127 0.000000
vn -0.707121 0.707093 -0.000000
vn -0.707114 0.707099 0.000000
vn -0.707123 0.707090 0.000000
vn -0.707093 0.707120 0.000000
vn -0.707107 0.707107 0.000000
vn -0.707134 0.707079 0.000000
vn -0.707093 0.707120 0.000000
vn -0.707094 0.707119 0.000000
vn -0.707107 0.707106 0.000000
vn -0.707127 0.707086 0.000000
vn -0.707125 0.707089 0.000000
vn -0.707067 0.707146 0.000000
vn -0.707139 0.707075 -0.000000
vn -0.707079 0.707134 -0.000000
vn -0.707107 0.707107 0.000000
vn -0.707184 0.707029 -0.000000
vn -0.707121 0.707093 0.000000
vn -0.707037 0.707177 0.000000
vn -0.707069 0.707144 0.000000
vn -0.707133 0.707080 0.000000
vn -0.707157 0.707056 0.000000
vn -0.707135 0.707079 0.000000
vn -0.707107 0.707107 0.000000
vn -0.707047 0.707167 0.000000
vn -0.707090 0.707123 -0.000004
vn -0.707089 0.707125 -0.000000
vn -0.707109 0.707104 -0.000000
vn -0.707112 0.707101 -0.000000
vn -0.707100 0.707113 0.000000
vn -0.707113 0.707100 0.000000
vn -0.707119 0.707094 0.000000
vn -0.707107 0.707107 -0.000000
vn -0.707112 0.707101 -0.000000
vn -0.707104 0.707110 -0.000000
vn -0.707093 0.707120 0.000000
vn -0.707114 0.707100 0.000000
vn -0.707113 0.707101 0.000000
vn -0.707111 0.707103 0.000000
vn -0.707102 0.707112 -0.000000
vn -0.707112 0.707102 0.000000
vn -0.707113 0.707101 0.000000
vn -0.707119 0.707095 0.000000
vn -0.707102 0.707112 0.000000
vn -0.707110 0.707104 0.000000
vn -0.707103 0.707110 0.000000
vn -0.707093 0.707120 -0.000000
vn -0.707081 0.707132 0.000000
vn -0.707107 0.707107 0.000000
vn -0.707111 0.707102 0.000000
vn -0.707114 0.707099 0.000000
vn -0.707087 0.707127 0.000000
vn -0.707121 0.707093 -0.000000
vn -0.707093 0.707120 0.000000
vn -0.707123 0.707090 0.000000
vn -0.707134 0.707079 0.000000
vn -0.707107 0.707107 0.000000
vn -0.707093 0.707120 0.000000
vn -0.707094 0.707119 0.000000
vn -0.707107 0.707106 0.000000
vn -0.707127 0.707086 0.000000
vn -0.707125 0.707089 0.000000
vn -0.707067 0.707146 0.000000
vn -0.707139 0.707075 -0.000000
vn -0.707079 0.707134 -0.000000
vn -0.707107 0.707107 0.000000
vn -0.707184 0.707029 -0.000000
vn -0.707037 0.707177 0.000000
vn -0.707121 0.707093 0.000000
vn -0.707133 0.707080 0.000000
vn -0.707069 0.707144 0.000000
vn -0.707135 0.707079 0.000000
vn -0.707157 0.707056 0.000000
vn -0.707047 0.707167 0.000000
vn -0.707107 0.707107 0.000000
vn -0.707089 0.707125 -0.000000
vn -0.707109 0.707104 -0.000000
vn -0.707112 0.707101 -0.000000
vn -0.707119 0.707094 0.000000
vn -0.707100 0.707113 0.000000
vn -0.707113 0.707100 0.000000
vn -0.707107 0.707107 -0.000000
vn -0.707112 0.707101 -0.000000
vn -0.707104 0.707110 -0.000000
vn -0.707093 0.707120 0.000000
vn -0.707114 0.707100 0.000000
vn -0.707113 0.707101 0.000000
vn -0.707111 0.707103 0.000000
vn -0.707112 0.707102 0.000000
vn -0.707102 0.707112 -0.000000
vn -0.707119 0.707095 0.000000
vn -0.707113 0.707101 0.000000
vn -0.707103 0.707110 0.000000
vn -0.707102 0.707112 0.000000
vn -0.707110 0.707104 0.000000
vn -0.707081 0.707132 0.000000
vn -0.707093 0.707120 -0.000000
vn -0.707111 0.707102 0.000000
vn -0.707107 0.707107 0.000000
vn -0.707114 0.707099 0.000000
vn -0.707087 0.707127 0.000000
vn -0.707121 0.707093 -0.000000
vn -0.707123 0.707090 0.000000
vn -0.707093 0.707120 0.000000
vn -0.707107 0.707107 0.000000
vn -0.707134 0.707079 0.000000
vn -0.707093 0.707120 0.000000
vn -0.707094 0.707119 0.000000
vn -0.707107 0.707106 0.000000
vn -0.707127 0.707086 0.000000
vn -0.707067 0.707146 0.000000
vn -0.707125 0.707089 0.000000
vn -0.707139 0.707075 -0.000000
vn -0.707079 0.707134 -0.000000
vn -0.707107 0.707107 0.000000
vn -0.707184 0.707029 -0.000000
vn -0.707037 0.707177 0.000000
vn -0.707121 0.707093 0.000000
vn -0.707133 0.707080 0.000000
vn -0.707069 0.707144 0.000000
vn -0.707157 0.707056 0.000000
vn -0.707135 0.707079 0.000000
vn -0.707047 0.707167 0.000000
vn -0.707089 0.707125 -0.000000
vn -0.707109 0.707104 -0.000000
vn -0.707112 0.707101 -0.000000
vn -0.707119 0.707094 0.000000
vn -0.707100 0.707113 0.000000
vn -0.707113 0.707100 0.000000
vn -0.707107 0.707107 -0.000000
vn -0.707112 0.707101 -0.000000
vn -0.707104 0.707110 -0.000000
vn -0.707093 0.707120 0.000000
vn -0.707114 0.707100 0.000000
vn -0.707113 0.707101 0.000000
vn -0.707111 0.707103 0.000000
vn -0.707112 0.707102 0.000000
vn -0.707102 0.707112 -0.000000
vn -0.707113 0.707101 0.000000
vn -0.707119 0.707095 0.000000
vn -0.707102 0.707112 0.000000
vn -0.707110 0.707104 0.000000
vn -0.707103 0.707110 0.000000
vn -0.707093 0.707120 -0.000000
vn -0.707081 0.707132 0.000000
vn -0.707107 0.707107 0.000000
vn -0.707111 0.707102 0.000000
vn -0.707114 0.707099 0.000000
vn -0.707087 0.707127 0.000000
vn -0.707121 0.707093 -0.000000
vn -0.707093 0.707120 0.000000
vn -0.707123 0.707090 0.000000
vn -0.707134 0.707079 0.000000
vn -0.707107 0.707107 0.000000
vn -0.707094 0.707119 0.000000
vn -0.707093 0.707120 0.000000
vn -0.707107 0.707106 0.000000
vn -0.707127 0.707086 0.000000
vn -0.707125 0.707089 0.000000
vn -0.707067 0.707146 0.000000
vn -0.707139 0.707075 -0.000000
vn -0.707079 0.707134 -0.000000
vn -0.707107 0.707107 0.000000
vn -0.707184 0.707029 -0.000000
vn -0.707037 0.707177 0.000000
vn -0.707121 0.707093 0.000000
vn -0.707133 0.707080 0.000000
vn -0.707069 0.707144 0.000000
vn -0.707157 0.707056 0.000000
vn -0.707135 0.707079 0.000000
vn -0.707047 0.707167 0.000000
vn -0.707107 0.707107 0.000000
vn -0.707136 0.707078 -0.000004
vn -0.707121 0.707092 -0.000004
vn -0.707119 0.707095 -0.000003
vn -0.707107 0.707107 0.000000
vn -0.707081 0.707133 0.000007
vn -0.707107 0.707107 0.000000
vn -0.707127 0.707086 -0.000005
vn -0.707119 0.707094 -0.000002
vn -0.707112 0.707101 0.000000
vn -0.707102 0.707112 0.000003
vn -0.707102 0.707112 0.000000
vn -0.707121 0.707093 -0.000003
vn -0.707090 0.707124 0.000004
vn -0.707115 0.707099 -0.000003
vn -0.707091 0.707122 0.000006
vn -0.707114 0.707099 -0.000003
vn -0.707110 0.707103 -0.000001
vn -0.707110 0.707103 -0.000002
vn -0.707104 0.707110 0.000002
vn -0.707113 0.707101 -0.000002
vn -0.707086 0.707128 0.000006
vn -0.707107 0.707107 0.000000
vn -0.707116 0.707098 -0.000003
vn -0.707107 0.707107 0.000000
vn -0.707107 0.707107 0.000000
vn -0.707112 0.707101 -0.000001
vn -0.707102 0.707112 0.000001
vn -0.707107 0.707107 0.000000
vn -0.707107 0.707107 0.000000
vn -0.707136 0.707078 -0.000004
vn -0.707107 0.707107 0.000000
vn -0.707107 0.707107 0.000000
vn -1.000000 0.000000 0.000000
vn -1.000000 0.000000 0.000000
vn -0.707112 -0.707102 0.000001
vn -0.707117 -0.707096 0.000003
vn -0.707107 -0.707107 0.000000
vn -0.707096 -0.707118 -0.000003
vn -0.707111 -0.707102 0.000001
vn -0.707100 -0.707114 -0.000002
vn -0.707112 -0.707102 0.000001
vn -0.707105 -0.707109 -0.000001
vn -0.707097 -0.707117 -0.000003
vn -0.707107 -0.707107 0.000000
vn -0.707108 -0.707105 0.000001
vn -0.707112 -0.707101 0.000002
vn -0.707097 -0.707117 -0.000003
vn -0.707126 -0.707087 0.000006
vn -0.707098 -0.707115 -0.000002
vn -0.707120 -0.707093 0.000004
vn -0.707082 -0.707131 -0.000007
vn -0.707091 -0.707123 -0.000004
vn -0.707148 -0.707065 0.000012
vn -0.707113 -0.707100 0.000002
vn -0.707092 -0.707122 -0.000004
vn -0.707116 -0.707098 0.000002
vn -0.707096 -0.707117 -0.000003
vn -0.707094 -0.707120 -0.000004
vn -0.707089 -0.707125 -0.000000
vn -0.707109 -0.707104 -0.000000
vn -0.707112 -0.707101 -0.000000
vn -0.707119 -0.707094 0.000000
vn -0.707100 -0.707113 0.000000
vn -0.707113 -0.707100 0.000000
vn -0.707107 -0.707107 -0.000000
vn -0.707112 -0.707101 -0.000000
vn -0.707104 -0.707110 -0.000000
vn -0.707093 -0.707120 0.000000
vn -0.707114 -0.707100 0.000000
vn -0.707113 -0.707101 0.000000
vn -0.707111 -0.707103 0.000000
vn -0.707112 -0.707102 0.000000
vn -0.707102 -0.707112 -0.000000
vn -0.707119 -0.707095 0.000000
vn -0.707113 -0.707101 0.000000
vn -0.707103 -0.707110 0.000000
vn -0.707102 -0.707112 0.000000
vn -0.707110 -0.707104 0.000000
vn -0.707081 -0.707132 0.000000
vn -0.707093 -0.707120 -0.000000
vn -0.707111 -0.707102 0.000000
vn -0.707107 -0.707107 0.000000
vn -0.707087 -0.707127 0.000000
vn -0.707121 -0.707093 -0.000000
vn -0.707114 -0.707099 0.000000
vn -0.707123 -0.707090 0.000000
vn -0.707093 -0.707120 0.000000
vn -0.707107 -0.707107 0.000000
vn -0.707134 -0.707079 0.000000
vn -0.707093 -0.707120 0.000000
vn -0.707094 -0.707119 0.000000
vn -0.707107 -0.707106 0.000000
vn -0.707127 -0.707086 0.000000
vn -0.707125 -0.707089 0.000000
vn -0.707067 -0.707146 0.000000
vn -0.707139 -0.707075 -0.000000
vn -0.707079 -0.707134 -0.000000
vn -0.707107 -0.707107 0.000000
vn -0.707184 -0.707029 -0.000000
vn -0.707121 -0.707093 0.000000
vn -0.707037 -0.707177 0.000000
vn -0.707069 -0.707144 0.000000
vn -0.707133 -0.707080 0.000000
vn -0.707157 -0.707056 0.000000
vn -0.707135 -0.707079 0.000000
vn -0.707107 -0.707107 0.000000
vn -0.707047 -0.707167 0.000000
vn -0.707090 -0.707123 -0.000004
vn -0.707089 -0.707125 -0.000000
vn -0.707109 -0.707104 -0.000000
vn -0.707112 -0.707101 -0.000000
vn -0.707100 -0.707113 0.000000
vn -0.707113 -0.707100 0.000000
vn -0.707119 -0.707094 0.000000
vn -0.707107 -0.707107 -0.000000
vn -0.707112 -0.707101 -0.000000
vn -0.707104 -0.707110 -0.000000
vn -0.707093 -0.707120 0.000000
vn -0.707114 -0.707100 0.000000
vn -0.707113 -0.707101 0.000000
vn -0.707111 -0.707103 0.000000
vn -0.707102 -0.707112 -0.000000
vn -0.707112 -0.707102 0.000000
vn -0.707113 -0.707101 0.000000
vn -0.707119 -0.707095 0.000000
vn -0.707102 -0.707112 0.000000
vn -0.707110 -0.707104 0.000000
vn -0.707103 -0.707110 0.000000
vn -0.707093 -0.707120 -0.000000
vn -0.707081 -0.707132 0.000000
vn -0.707107 -0.707107 0.000000
vn -0.707111 -0.707102 0.000000
vn -0.707114 -0.707099 0.000000
vn -0.707087 -0.707127 0.000000
vn -0.707121 -0.707093 -0.000000
vn -0.707093 -0.707120 0.000000
vn -0.707123 -0.707090 0.000000
vn -0.707134 -0.707079 0.000000
vn -0.707107 -0.707107 0.000000
vn -0.707093 -0.707120 0.000000
vn -0.707094 -0.707119 0.000000
vn -0.707107 -0.707106 0.000000
vn -0.707127 -0.707086 0.000000
vn -0.707125 -0.707089 0.000000
vn -0.707067 -0.707146 0.000000
vn -0.707139 -0.707075 -0.000000
vn -0.707079 -0.707134 -0.000000
vn -0.707107 -0.707107 0.000000
vn -0.707184 -0.707029 -0.000000
vn -0.707037 -0.707177 0.000000
vn -0.707121 -0.707093 0.000000
vn -0.707133 -0.707080 0.000000
vn -0.707069 -0.707144 0.000000
vn -0.707135 -0.707079 0.000000
vn -0.707157 -0.707056 0.000000
vn -0.707047 -0.707167 0.000000
vn -0.707107 -0.707107 0.000000
vn -0.707089 -0.707125 -0.000000
vn -0.707109 -0.707104 -0.000000
vn -0.707112 -0.707101 -0.000000
vn -0.707119 -0.707094 0.000000
vn -0.707100 -0.707113 0.000000
vn -0.707113 -0.707100 0.000000
vn -0.707107 -0.707107 -0.000000
vn -0.707112 -0.707101 -0.000000
vn -0.707104 -0.707110 -0.000000
vn -0.707093 -0.707120 0.000000
vn -0.707114 -0.707100 0.000000
vn -0.707113 -0.707101 0.000000
vn -0.707111 -0.707103 0.000000
vn -0.707112 -0.707102 0.000000
vn -0.707102 -0.707112 -0.000000
vn -0.707119 -0.707095 0.000000
vn -0.707113 -0.707101 0.000000
vn -0.707103 -0.707110 0.000000
vn -0.707102 -0.707112 0.000000
vn -0.707110 -0.707104 0.000000
vn -0.707081 -0.707132 0.000000
vn -0.707093 -0.707120 -0.000000
vn -0.707111 -0.707102 0.000000
vn -0.707107 -0.707107 0.000000
vn -0.707114 -0.707099 0.000000
vn -0.707087 -0.707127 0.000000
vn -0.707121 -0.707093 -0.000000
vn -0.707123 -0.707090 0.000000
vn -0.707093 -0.707120 0.000000
vn -0.707107 -0.707107 0.000000
vn -0.707134 -0.707079 0.000000
vn -0.707093 -0.707120 0.000000
vn -0.707094 -0.707119 0.000000
vn -0.707107 -0.707106 0.000000
vn -0.707127 -0.707086 0.000000
vn -0.707067 -0.707146 0.000000
vn -0.707125 -0.707089 0.000000
vn -0.707139 -0.707075 -0.000000
vn -0.707079 -0.707134 -0.000000
vn -0.707107 -0.707107 0.000000
vn -0.707184 -0.707029 -0.000000
vn -0.707037 -0.707177 0.000000
vn -0.707121 -0.707093 0.000000
vn -0.707133 -0.707080 0.000000
vn -0.707069 -0.707144 0.000000
vn -0.707157 -0.707056 0.000000
vn -0.707135 -0.707079 0.000000
vn -0.707047 -0.707167 0.000000
vn -0.707089 -0.707125 -0.000000
vn -0.707109 -0.707104 -0.000000
vn -0.707112 -0.707101 -0.000000
vn -0.707119 -0.707094 0.000000
vn -0.707100 -0.707113 0.000000
vn -0.707113 -0.707100 0.000000
vn -0.707107 -0.707107 -0.000000
vn -0.707112 -0.707101 -0.000000
vn -0.707104 -0.707110 -0.000000
vn -0.707093 -0.707120 0.000000
vn -0.707114 -0.707100 0.000000
vn -0.707113 -0.707101 0.000000
vn -0.707111 -0.707103 0.000000
vn -0.707112 -0.707102 0.000000
vn -0.707102 -0.707112 -0.000000
vn -0.707113 -0.707101 0.000000
vn -0.707119 -0.707095 0.000000
vn -0.707102 -0.707112 0.000000
vn -0.707110 -0.707104 0.000000
vn -0.707103 -0.707110 0.000000
vn -0.707093 -0.707120 -0.000000
vn -0.707081 -0.707132 0.000000
vn -0.707107 -0.707107 0.000000
vn -0.707111 -0.707102 0.000000
vn -0.707114 -0.707099 0.000000
vn -0.707087 -0.707127 0.000000
vn -0.707121 -0.707093 -0.000000
vn -0.707093 -0.707120 0.000000
vn -0.707123 -0.707090 0.000000
vn -0.707134 -0.707079 0.000000
vn -0.707107 -0.707107 0.000000
vn -0.707094 -0.707119 0.000000
vn -0.707093 -0.707120 0.000000
vn -0.707107 -0.707106 0.000000
vn -0.707127 -0.707086 0.000000
vn -0.707125 -0.707089 0.000000
vn -0.707067 -0.707146 0.000000
vn -0.707138 -0.707075 -0.000000
vn -0.707079 -0.707134 -0.000000
vn -0.707107 -0.707107 0.000000
vn -0.707184 -0.707029 -0.000000
vn -0.707037 -0.707177 0.000000
vn -0.707121 -0.707093 0.000000
vn -0.707133 -0.707080 0.000000
vn -0.707069 -0.707144 0.000000
vn -0.707157 -0.707056 0.000000
vn -0.707135 -0.707079 0.000000
vn -0.707047 -0.707167 0.000000
vn -0.707107 -0.707107 0.000000
vn -0.707126 -0.707088 -0.000003
vn -0.707119 -0.707094 -0.000003
vn -0.707117 -0.707097 -0.000003
vn -0.707115 -0.707098 -0.000002
vn -0.707077 -0.707136 0.000008
vn -0.707107 -0.707107 -0.000000
vn -0.707124 -0.707089 -0.000005
vn -0.707117 -0.707096 -0.000003
vn -0.707107 -0.707107 0.000000
vn -0.707098 -0.707116 0.000003
vn -0.707107 -0.707107 0.000000
vn -0.707118 -0.707095 -0.000003
vn -0.707092 -0.707121 0.000004
vn -0.707117 -0.707097 -0.000003
vn -0.707087 -0.707126 0.000006
vn -0.707116 -0.707098 -0.000003
vn -0.707110 -0.707104 -0.000001
vn -0.707112 -0.707101 -0.000002
vn -0.707101 -0.707112 0.000002
vn -0.707112 -0.707102 -0.000002
vn -0.707092 -0.707122 0.000005
vn -0.707107 -0.707107 0.000000
vn -0.707112 -0.707102 -0.000001
vn -0.707111 -0.707102 -0.000001
vn -0.707105 -0.707109 0.000001
vn -0.707111 -0.707102 -0.000001
vn -0.707102 -0.707111 0.000001
vn -0.707110 -0.707104 -0.000001
vn -0.707107 -0.707107 0.000000
vn -0.707123 -0.707091 -0.000003
vn -0.707107 -0.707107 0.000000
vn -0.707107 -0.707107 0.000000
vn -1.000000 0.000000 0.000000
vn -1.000000 0.000000 0.000000
vn -1.000000 0.000000 0.000000
vn -1.000000 0.000000 0.000000
vn -1.000000 0.000000 0.000000
vn -1.000000 0.000000 0.000000
vn -1.000000 0.000000 0.000000
vn -1.000000 0.000000 0.000000
vn 0.999689 0.000000 0.024930
vn 0.999689 -0.000000 0.024930
vn 0.997204 -0.000000 0.074731
vn 0.997204 0.000000 0.074731
vn 0.992239 -0.000000 0.124343
vn 0.992239 0.000000 0.124343
vn 0.984808 -0.000000 0.173648
vn 0.984808 0.000000 0.173648
vn 0.974928 -0.000000 0.222521
vn 0.974928 0.000000 0.222521
vn 0.962624 -0.000000 0.270841
vn 0.947928 -0.000000 0.318486
vn 0.962624 0.000000 0.270841
vn 0.947928 -0.000000 0.318486
vn 0.930874 -0.000000 0.365341
vn 0.930874 0.000000 0.365341
vn 0.911506 -0.000000 0.411287
vn 0.911506 0.000000 0.411287
vn 0.889872 -0.000000 0.456211
vn 0.889872 0.000000 0.456211
vn 0.866025 0.000000 0.500001
vn 0.866025 -0.000000 0.500001
vn 0.840026 0.000000 0.542547
vn 0.840026 -0.000000 0.542547
vn 0.811938 0.000000 0.583743
vn 0.811938 -0.000000 0.583743
vn 0.781831 0.000000 0.623490
vn 0.781831 -0.000000 0.623490
vn 0.749781 0.000000 0.661686
vn 0.749781 -0.000000 0.661686
vn 0.715867 0.000000 0.698237
vn 0.715867 -0.000000 0.698237
vn 0.680173 0.000000 0.733052
vn 0.680173 -0.000000 0.733052
vn 0.642788 0.000000 0.766044
vn 0.642788 -0.000000 0.766044
vn 0.603805 0.000000 0.797132
vn 0.603805 -0.000000 0.797132
vn 0.563320 -0.000000 0.826239
vn 0.563320 -0.000000 0.826239
vn 0.521435 -0.000000 0.853291
vn 0.521435 -0.000000 0.853291
vn 0.478254 0.000000 0.878221
vn 0.478254 -0.000000 0.878221
vn 0.433884 -0.000000 0.900969
vn 0.433884 0.000000 0.900969
vn 0.388435 -0.000000 0.921476
vn 0.388435 0.000000 0.921476
vn 0.342020 -0.000000 0.939693
vn 0.342020 0.000000 0.939693
vn 0.294756 -0.000000 0.955573
vn 0.294756 0.000000 0.955573
vn 0.246757 -0.000000 0.969077
vn 0.246757 0.000000 0.969077
vn 0.198147 -0.000000 0.980172
vn 0.198147 0.000000 0.980172
vn 0.149042 -0.000000 0.988831
vn 0.149042 0.000000 0.988831
vn 0.099569 -0.000000 0.995031
vn 0.099569 0.000000 0.995031
vn 0.049845 -0.000000 0.998757
vn 0.049845 0.000000 0.998757
vn 0.000000 0.000000 1.000000
vn -0.049845 0.000000 0.998757
vn 0.000000 0.000000 1.000000
vn -0.049845 0.000000 0.998757
vn -0.099569 0.000000 0.995031
vn -0.099569 0.000000 0.995031
vn -0.149042 0.000000 0.988831
vn -0.149042 0.000000 0.988831
vn -0.198147 0.000000 0.980172
vn -0.198147 0.000000 0.980172
vn -0.246757 0.000000 0.969077
vn -0.246757 0.000000 0.969077
vn -0.294756 0.000000 0.955573
vn -0.294756 0.000000 0.955573
vn -0.342020 0.000000 0.939693
vn -0.342020 0.000000 0.939693
vn -0.388435 0.000000 0.921476
vn -0.388435 0.000000 0.921476
vn -0.433884 0.000000 0.900969
vn -0.433884 0.000000 0.900969
vn -0.478254 0.000000 0.878221
vn -0.478254 0.000000 0.878221
vn -0.521435 0.000000 0.853291
vn -0.521435 0.000000 0.853291
vn -0.563320 0.000000 0.826239
vn -0.563320 0.000000 0.826239
vn -0.603805 0.000000 0.797132
vn -0.603805 0.000000 0.797132
vn -0.642788 0.000000 0.766044
vn -0.642788 0.000000 0.766044
vn -0.680173 0.000000 0.733052
vn -0.680173 0.000000 0.733052
vn -0.715867 0.000000 0.698237
vn -0.715867 0.000000 0.698237
vn -0.749781 0.000000 0.661686
vn -0.749781 0.000000 0.661686
vn -0.781831 0.000000 0.623490
vn -0.781831 0.000000 0.623490
vn -0.811938 0.000000 0.583743
vn -0.811938 0.000000 0.583743
vn -0.840026 0.000000 0.542547
vn -0.840026 0.000000 0.542547
vn -0.866025 0.000000 0.500001
vn -0.866025 0.000000 0.500001
vn -0.889872 0.000000 0.456211
vn -0.889872 0.000000 0.456211
vn -0.911506 0.000000 0.411287
vn -0.911506 0.000000 0.411287
vn -0.930874 0.000000 0.365341
vn -0.930874 0.000000 0.365341
vn -0.947928 0.000000 0.318486
vn -0.947928 0.000000 0.318486
vn -0.962624 0.000000 0.270841
vn -0.962624 0.000000 0.270841
vn -0.974928 0.000000 0.222521
vn -0.974928 0.000000 0.222521
vn -0.984808 0.000000 0.173648
vn -0.984808 0.000000 0.173648
vn -0.992239 0.000000 0.124343
vn -0.992239 0.000000 0.124343
vn -0.997204 0.000000 0.074731
vn -0.997204 0.000000 0.074731
vn -0.999689 0.000000 0.024930
vn -0.999689 0.000000 0.024930
vn -0.999689 0.000000 -0.024930
vn -0.999689 0.000000 -0.024930
vn -0.997204 0.000000 -0.074731
vn -0.997204 0.000000 -0.074731
vn -0.992239 0.000000 -0.124343
vn -0.992239 0.000000 -0.124343
vn -0.984808 0.000000 -0.173648
vn -0.984808 0.000000 -0.173648
vn -0.974928 0.000000 -0.222521
vn -0.974928 0.000000 -0.222521
vn -0.962624 0.000000 -0.270841
vn -0.962624 0.000000 -0.270841
vn -0.947928 0.000000 -0.318486
vn -0.947928 0.000000 -0.318486
vn -0.930874 0.000000 -0.365341
vn -0.930874 0.000000 -0.365341
vn -0.911506 0.000000 -0.411287
vn -0.911506 0.000000 -0.411287
vn -0.889872 0.000000 -0.456211
vn -0.889872 0.000000 -0.456211
vn -0.866026 0.000000 -0.499999
vn -0.866026 0.000000 -0.499999
vn -0.840026 0.000000 -0.542547
vn -0.840026 0.000000 -0.542547
vn -0.811937 0.000000 -0.583744
vn -0.811937 0.000000 -0.583744
vn -0.781831 0.000000 -0.623490
vn -0.781831 0.000000 -0.623490
vn -0.749781 0.000000 -0.661686
vn -0.749781 0.000000 -0.661686
vn -0.715867 0.000000 -0.698237
vn -0.715867 0.000000 -0.698237
vn -0.680172 0.000000 -0.733053
vn -0.680172 0.000000 -0.733053
vn -0.642788 0.000000 -0.766044
vn -0.642788 0.000000 -0.766044
vn -0.603803 0.000000 -0.797134
vn -0.603803 0.000000 -0.797134
vn -0.563324 0.000000 -0.826236
vn -0.563324 0.000000 -0.826236
vn -0.521433 0.000000 -0.853292
vn -0.521433 0.000000 -0.853292
vn -0.478255 0.000000 -0.878221
vn -0.478255 0.000000 -0.878221
vn -0.433883 0.000000 -0.900969
vn -0.433883 0.000000 -0.900969
vn -0.388437 0.000000 -0.921475
vn -0.388437 0.000000 -0.921475
vn -0.342020 0.000000 -0.939693
vn -0.342020 0.000000 -0.939693
vn -0.294751 0.000000 -0.955574
vn -0.294751 0.000000 -0.955574
vn -0.246759 0.000000 -0.969077
vn -0.246759 0.000000 -0.969077
vn -0.198145 0.000000 -0.980173
vn -0.198145 0.000000 -0.980173
vn -0.149045 0.000000 -0.988830
vn -0.149045 0.000000 -0.988830
vn -0.099567 0.000000 -0.995031
vn -0.099567 0.000000 -0.995031
vn -0.049844 0.000000 -0.998757
vn -0.049844 0.000000 -0.998757
vn 0.000000 0.000000 -1.000000
vn 0.000000 0.000000 -1.000000
vn 0.049844 0.000000 -0.998757
vn 0.049844 0.000000 -0.998757
vn 0.099567 0.000000 -0.995031
vn 0.099567 0.000000 -0.995031
vn 0.149045 0.000000 -0.988830
vn 0.149045 0.000000 -0.988830
vn 0.198145 0.000000 -0.980173
vn 0.198145 0.000000 -0.980173
vn 0.246759 0.000000 -0.969077
vn 0.246759 0.000000 -0.969077
vn 0.294751 0.000000 -0.955574
vn 0.294751 0.000000 -0.955574
vn 0.342020 0.000000 -0.939693
vn 0.342020 0.000000 -0.939693
vn 0.388437 0.000000 -0.921475
vn 0.388437 0.000000 -0.921475
vn 0.433883 0.000000 -0.900969
vn 0.433883 0.000000 -0.900969
vn 0.478255 0.000000 -0.878221
vn 0.478255 0.000000 -0.878221
vn 0.521433 0.000000 -0.853292
vn 0.521433 0.000000 -0.853292
vn 0.563324 0.000000 -0.826236
vn 0.563324 0.000000 -0.826236
vn 0.603803 0.000000 -0.797134
vn 0.603803 0.000000 -0.797134
vn 0.642788 0.000000 -0.766044
vn 0.642788 0.000000 -0.766044
vn 0.680172 0.000000 -0.733053
vn 0.680172 0.000000 -0.733053
vn 0.715867 0.000000 -0.698237
vn 0.715867 0.000000 -0.698237
vn 0.749781 0.000000 -0.661686
vn 0.749781 0.000000 -0.661686
vn 0.781831 0.000000 -0.623490
vn 0.781831 0.000000 -0.623490
vn 0.811937 0.000000 -0.583744
vn 0.811937 0.000000 -0.583744
vn 0.840026 0.000000 -0.542547
vn 0.840026 0.000000 -0.542547
vn 0.866026 0.000000 -0.499999
vn 0.866026 0.000000 -0.499999
vn 0.889872 0.000000 -0.456211
vn 0.889872 0.000000 -0.456211
vn 0.911506 0.000000 -0.411287
vn 0.911506 0.000000 -0.411287
vn 0.930874 0.000000 -0.365341
vn 0.930874 0.000000 -0.365341
vn 0.947928 0.000000 -0.318486
vn 0.947928 0.000000 -0.318486
vn 0.962624 0.000000 -0.270841
vn 0.962624 0.000000 -0.270841
vn 0.974928 0.000000 -0.222521
vn 0.974928 0.000000 -0.222521
vn 0.984808 0.000000 -0.173648
vn 0.984808 0.000000 -0.173648
vn 0.992239 0.000000 -0.124343
vn 0.992239 0.000000 -0.124343
vn 0.997204 0.000000 -0.074731
vn 0.997204 0.000000 -0.074731
vn 0.999689 0.000000 -0.024930
vn 0.999689 0.000000 -0.024930
vn 0.000000 -1.000000 0.000000
vn 0.000000 -1.000000 0.000000
vn 0.000000 -1.000000 0.000000
vn 0.000000 -1.000000 0.000000
vn 0.000000 -1.000000 0.000000
vn 0.000000 -1.000000 0.000000
vn 0.000000 -1.000000 0.000000
vn 0.000000 -1.000000 0.000000
vn 0.000000 -1.000000 0.000000
vn 0.000000 -1.000000 0.000000
vn 0.000000 -1.000000 0.000000
vn 0.000000 -1.000000 0.000000
vn 0.000000 -1.000000 0.000000
vn 0.000000 -1.000000 0.000000
vn 0.000000 -1.000000 0.000000
vn 0.000000 -1.000000 0.000000
vn 0.000000 -1.000000 0.000000
vn 0.000000 -1.000000 0.000000
vn 0.000000 -1.000000 0.000000
vn 0.000000 -1.000000 0.000000
vn 0.000000 -1.000000 0.000000
vn 0.000000 -1.000000 0.000000
vn 0.000000 -1.000000 0.000000
vn 0.000000 -1.000000 0.000000
vn 0.000000 -1.000000 0.000000
vn 0.000000 -1.000000 0.000000
vn 0.000000 -1.000000 0.000000
vn 0.000000 -1.000000 0.000000
vn 0.000000 -1.000000 -0.000000
vn 0.000000 -1.000000 0.000000
vn -0.000000 -1.000000 0.000000
vn 0.000000 -1.000000 0.000000
vn 0.000000 -1.000000 0.000000
vn 0.000000 -1.000000 -0.000000
vn 0.000000 -1.000000 0.000000
vn -0.000000 -1.000000 0.000000
vn 0.000000 -1.000000 0.000000
vn 0.000000 -1.000000 0.000000
vn 0.000000 -1.000000 0.000000
vn 0.000000 -1.000000 0.000000
vn 0.000000 -1.000000 0.000000
vn 0.000000 -1.000000 0.000000
vn 0.000000 -1.000000 0.000000
vn 0.000000 -1.000000 0.000000
vn 0.000000 -1.000000 0.000000
vn 0.000000 -1.000000 0.000000
vn 0.000000 -1.000000 0.000000
vn 0.000000 -1.000000 0.000000
vn 0.000000 -1.000000 0.000000
vn 0.000000 -1.000000 0.000000
vn 0.000000 -1.000000 0.000000
vn 0.000000 -1.000000 0.000000
vn 0.000000 -1.000000 0.000000
vn 0.000000 -1.000000 0.000000
vn 0.000000 -1.000000 0.000000
vn 0.000000 -1.000000 0.000000
vn 0.000000 -1.000000 0.000000
vn 0.000000 -1.000000 0.000000
vn 0.000000 -1.000000 0.000000
vn 0.000000 -1.000000 0.000000
vn 0.000000 -1.000000 0.000000
vn 0.000000 -1.000000 0.000000
vn 0.000000 -1.000000 0.000000
vn 0.000000 -1.000000 0.000000
vn 0.000000 -1.000000 0.000000
vn 0.000000 -1.000000 0.000000
vn 0.000000 -1.000000 0.000000
vn 0.000000 -1.000000 0.000000
vn 0.000000 -1.000000 0.000000
vn 0.000000 -1.000000 0.000000
vn 0.000000 -1.000000 0.000000
vn 0.000000 -1.000000 0.000000
vn 0.000000 -1.000000 0.000000
vn 0.000000 -1.000000 0.000000
vn 0.000000 -1.000000 0.000000
vn 0.000000 -1.000000 0.000000
vn 0.000000 -1.000000 0.000000
vn 0.000000 -1.000000 0.000000
vn 0.000000 -1.000000 -0.000000
vn 0.000000 -1.000000 0.000000
vn 0.000000 -1.000000 0.000000
vn 0.000000 -1.000000 0.000000
vn 0.000000 -1.000000 0.000000
vn 0.000000 -1.000000 0.000000
vn 0.000000 -1.000000 0.000000
vn 0.000000 -1.000000 0.000000
vn 0.000000 -1.000000 0.000000
vn 0.000000 -1.000000 0.000000
vn 0.000000 -1.000000 0.000000
vn 0.000000 -1.000000 0.000000
vn 0.000000 -1.000000 0.000000
vn 0.000000 -1.000000 0.000000
vn 0.000000 -1.000000 0.000000
vn 0.000000 -1.000000 0.000000
vn 0.000000 -1.000000 0.000000
vn 0.000000 -1.000000 0.000000
vn 0.000000 -1.000000 0.000000
vn 0.000000 -1.000000 0.000000
vn 0.000000 -1.000000 0.000000
vn 0.000000 -1.000000 0.000000
vn 0.000000 -1.000000 -0.000000
vn 0.000000 -1.000000 0.000000
vn -0.000000 -1.000000 0.000000
vn 0.000000 -1.000000 0.000000
vn 0.000000 -1.000000 0.000000
vn 0.000000 -1.000000 0.000000
vn 0.000000 -1.000000 0.000000
vn 0.000000 -1.000000 -0.000000
vn 0.000000 -1.000000 0.000000
vn 0.000000 -1.000000 0.000000
vn 0.000000 -1.000000 0.000000
vn 0.000000 -1.000000 0.000000
vn 0.000000 -1.000000 0.000000
vn 0.000000 -1.000000 0.000000
vn 0.000000 -1.000000 0.000000
vn 0.000000 -1.000000 0.000000
vn 0.000000 -1.000000 0.000000
vn 0.000000 -1.000000 0.000000
vn 0.000000 -1.000000 0.000000
vn 0.000000 -1.000000 0.000000
vn -0.000000 -1.000000 0.000000
vn 0.000000 -1.000000 -0.000000
vn 0.000000 -1.000000 0.000000
vn 0.000000 -1.000000 0.000000
vn 0.000000 1.000000 0.000000
vn 0.000000 1.000000 0.000000
vn -0.000000 1.000000 -0.000000
vn -0.000000 1.000000 -0.000000
vn -0.000000 1.000000 -0.000000
vn -0.000000 1.000000 -0.000000
vn 0.000000 1.000000 0.000000
vn -0.000000 1.000000 -0.000000
vn -0.000000 1.000000 -0.000000
vn -0.000000 1.000000 -0.000000
vn -0.000000 1.000000 -0.000000
vn -0.000000 1.000000 -0.000000
vn 0.000000 1.000000 0.000000
vn 0.000000 1.000000 0.000000
vn 0.000000 1.000000 0.000000
vn -0.000000 1.000000 -0.000000
vn -0.000000 1.000000 -0.000000
vn -0.000000 1.000000 -0.000000
vn -0.000000 1.000000 -0.000000
vn 0.000000 1.000000 0.000000
vn -0.000000 1.000000 -0.000000
vn -0.000000 1.000000 -0.000000
vn -0.000000 1.000000 0.000000
vn -0.000000 1.000000 -0.000000
vn -0.000000 1.000000 -0.000000
vn -0.000000 1.000000 0.000000
vn -0.000000 1.000000 -0.000000
vn -0.000000 1.000000 -0.000000
vn -0.000000 1.000000 0.000000
vn 0.000000 1.000000 0.000000
vn -0.000000 1.000000 0.000000
vn -0.000000 1.000000 0.000000
vn 0.000000 1.000000 0.000000
vn -0.000000 1.000000 0.000000
vn -0.000000 1.000000 -0.000000
vn -0.000000 1.000000 0.000000
vn -0.000000 1.000000 0.000000
vn 0.000000 1.000000 0.000000
vn -0.000000 1.000000 0.000000
vn 0.000000 1.000000 0.000000
vn -0.000000 1.000000 0.000000
vn -0.000000 1.000000 0.000000
vn 0.000000 1.000000 0.000000
vn 0.000000 1.000000 0.000000
vn 0.000000 1.000000 0.000000
vn 0.000000 1.000000 0.000000
vn -0.000000 1.000000 0.000000
vn -0.000000 1.000000 0.000000
vn 0.000000 1.000000 0.000000
vn -0.000000 1.000000 0.000000
vn -0.000000 1.000000 0.000000
vn -0.000000 1.000000 0.000000
vn -0.000000 1.000000 0.000000
vn 0.000000 1.000000 0.000000
vn 0.000000 1.000000 0.000000
vn -0.000000 1.000000 0.000000
vn -0.000000 1.000000 0.000000
vn -0.000000 1.000000 0.000000
vn -0.000000 1.000000 0.000000
vn -0.000000 1.000000 0.000000
vn 0.000000 1.000000 0.000000
vn 0.000000 1.000000 0.000000
vn 0.000000 1.000000 0.000000
vn 0.000000 1.000000 0.000000
vn -0.000000 1.000000 0.000000
vn -0.000000 1.000000 0.000000
vn -0.000000 1.000000 0.000000
vn 0.000000 1.000000 0.000000
vn 0.000000 1.000000 0.000000
vn 0.000000 1.000000 0.000000
vn -0.000000 1.000000 0.000000
vn -0.000000 1.000000 0.000000
vn -0.000000 1.000000 0.000000
vn -0.000000 1.000000 0.000000
vn 0.000000 1.000000 0.000000
vn 0.000000 1.000000 0.000000
vn 0.000000 1.000000 0.000000
vn 0.000000 1.000000 0.000000
vn -0.000000 1.000000 0.000000
vn 0.000000 1.000000 0.000000
vn -0.000000 1.000000 0.000000
vn -0.000000 1.000000 0.000000
vn 0.000000 1.000000 0.000000
vn 0.000000 1.000000 0.000000
vn 0.000000 1.000000 0.000000
vn -0.000000 1.000000 0.000000
vn -0.000000 1.000000 0.000000
vn 0.000000 1.000000 0.000000
vn 0.000000 1.000000 -0.000000
vn 0.000000 1.000000 0.000000
vn 0.000000 1.000000 0.000000
vn 0.000000 1.000000 0.000000
vn 0.000000 1.000000 0.000000
vn 0.000000 1.000000 0.000000
vn 0.000000 1.000000 0.000000
vn 0.000000 1.000000 0.000000
vn 0.000000 1.000000 0.000000
vn 0.000000 1.000000 0.000000
vn 0.000000 1.000000 0.000000
vn 0.000000 1.000000 -0.000000
vn 0.000000 1.000000 0.000000
vn 0.000000 1.000000 0.000000
vn 0.000000 1.000000 0.000000
vn 0.000000 1.000000 0.000000
vn 0.000000 1.000000 0.000000
vn 0.000000 1.000000 0.000000
vn 0.000000 1.000000 0.000000
vn 0.000000 1.000000 0.000000
vn 0.000000 1.000000 0.000000
vn 0.000000 1.000000 0.000000
vn 0.000000 1.000000 0.000000
vn 0.000000 1.000000 0.000000
vn 0.000000 1.000000 0.000000
vn 0.000000 1.000000 0.000000
vn 0.000000 1.000000 0.000000
vn 0.000000 1.000000 0.000000
vn 0.000000 1.000000 0.000000
vn 0.000000 1.000000 0.000000
vn 0.000000 1.000000 0.000000
vn 0.000000 1.000000 0.000000
vn 0.000000 1.000000 0.000000
vn 0.000000 1.000000 0.000000
vn 0.000000 1.000000 0.000000
vn 0.000000 1.000000 0.000000
vn 0.999689 0.000000 0.024931
vn 0.999689 -0.000000 0.024931
vn 0.997204 -0.000000 0.074729
vn 0.997204 0.000000 0.074729
vn 0.992239 -0.000000 0.124344
vn 0.992239 0.000000 0.124344
vn 0.984808 -0.000000 0.173649
vn 0.984808 0.000000 0.173649
vn 0.974928 -0.000000 0.222519
vn 0.974928 0.000000 0.222519
vn 0.962624 -0.000000 0.270842
vn 0.962624 0.000000 0.270842
vn 0.947927 -0.000000 0.318488
vn 0.930874 -0.000000 0.365339
vn 0.947927 0.000000 0.318488
vn 0.930874 -0.000000 0.365339
vn 0.911505 -0.000000 0.411289
vn 0.911505 0.000000 0.411289
vn 0.889872 -0.000000 0.456209
vn 0.889872 0.000000 0.456209
vn 0.866025 0.000000 0.500001
vn 0.866025 -0.000000 0.500001
vn 0.840027 -0.000000 0.542545
vn 0.840027 -0.000000 0.542545
vn 0.811938 0.000000 0.583744
vn 0.811938 -0.000000 0.583744
vn 0.781831 0.000000 0.623490
vn 0.781831 -0.000000 0.623490
vn 0.749782 0.000000 0.661685
vn 0.749782 -0.000000 0.661685
vn 0.715867 -0.000000 0.698237
vn 0.715867 -0.000000 0.698237
vn 0.680171 0.000000 0.733053
vn 0.680171 -0.000000 0.733053
vn 0.642788 0.000000 0.766044
vn 0.642788 -0.000000 0.766044
vn 0.603807 -0.000000 0.797131
vn 0.603807 -0.000000 0.797131
vn 0.563321 0.000000 0.826238
vn 0.563321 -0.000000 0.826238
vn 0.521435 0.000000 0.853291
vn 0.521435 -0.000000 0.853291
vn 0.478254 0.000000 0.878221
vn 0.478254 -0.000000 0.878221
vn 0.433882 -0.000000 0.900970
vn 0.433882 0.000000 0.900970
vn 0.388436 -0.000000 0.921476
vn 0.388436 0.000000 0.921476
vn 0.342020 -0.000000 0.939693
vn 0.342020 0.000000 0.939693
vn 0.294755 -0.000000 0.955573
vn 0.294755 0.000000 0.955573
vn 0.246755 -0.000000 0.969078
vn 0.246755 0.000000 0.969078
vn 0.198143 -0.000000 0.980173
vn 0.149049 -0.000000 0.988830
vn 0.198143 0.000000 0.980173
vn 0.149049 -0.000000 0.988830
vn 0.099565 -0.000000 0.995031
vn 0.099565 0.000000 0.995031
vn 0.049844 -0.000000 0.998757
vn 0.049844 0.000000 0.998757
vn 0.000000 0.000000 1.000000
vn 0.000000 0.000000 1.000000
vn -0.049844 0.000000 0.998757
vn -0.049844 0.000000 0.998757
vn -0.099565 0.000000 0.995031
vn -0.099565 0.000000 0.995031
vn -0.149049 0.000000 0.988830
vn -0.149049 0.000000 0.988830
vn -0.198143 0.000000 0.980173
vn -0.198143 0.000000 0.980173
vn -0.246755 0.000000 0.969078
vn -0.246755 0.000000 0.969078
vn -0.294755 0.000000 0.955573
vn -0.294755 0.000000 0.955573
vn -0.342020 0.000000 0.939693
vn -0.342020 0.000000 0.939693
vn -0.388436 0.000000 0.921476
vn -0.388436 0.000000 0.921476
vn -0.433882 0.000000 0.900970
vn -0.433882 0.000000 0.900970
vn -0.478254 0.000000 0.878221
vn -0.478254 0.000000 0.878221
vn -0.521435 0.000000 0.853291
vn -0.521435 0.000000 0.853291
vn -0.563321 0.000000 0.826238
vn -0.563321 0.000000 0.826238
vn -0.603807 0.000000 0.797131
vn -0.603807 0.000000 0.797131
vn -0.642788 0.000000 0.766044
vn -0.642788 0.000000 0.766044
vn -0.680171 0.000000 0.733053
vn -0.680171 0.000000 0.733053
vn -0.715867 0.000000 0.698237
vn -0.715867 0.000000 0.698237
vn -0.749782 0.000000 0.661685
vn -0.749782 0.000000 0.661685
vn -0.781831 0.000000 0.623490
vn -0.781831 0.000000 0.623490
vn -0.811938 0.000000 0.583744
vn -0.811938 0.000000 0.583744
vn -0.840027 0.000000 0.542545
vn -0.840027 0.000000 0.542545
vn -0.866025 0.000000 0.500001
vn -0.866025 0.000000 0.500001
vn -0.889872 0.000000 0.456209
vn -0.889872 0.000000 0.456209
vn -0.911505 0.000000 0.411289
vn -0.911505 0.000000 0.411289
vn -0.930874 0.000000 0.365339
vn -0.930874 0.000000 0.365339
vn -0.947927 0.000000 0.318488
vn -0.947927 0.000000 0.318488
vn -0.962624 0.000000 0.270842
vn -0.962624 0.000000 0.270842
vn -0.974928 0.000000 0.222519
vn -0.974928 0.000000 0.222519
vn -0.984808 0.000000 0.173649
vn -0.984808 0.000000 0.173649
vn -0.992239 0.000000 0.124344
vn -0.992239 0.000000 0.124344
vn -0.997204 0.000000 0.074729
vn -0.997204 0.000000 0.074729
vn -0.999689 0.000000 0.024931
vn -0.999689 0.000000 0.024931
vn -0.999689 0.000000 -0.024931
vn -0.999689 0.000000 -0.024931
vn -0.997204 0.000000 -0.074729
vn -0.997204 0.000000 -0.074729
vn -0.992239 0.000000 -0.124344
vn -0.992239 0.000000 -0.124344
vn -0.984808 0.000000 -0.173649
vn -0.984808 0.000000 -0.173649
vn -0.974928 0.000000 -0.222519
vn -0.974928 0.000000 -0.222519
vn -0.962624 0.000000 -0.270842
vn -0.962624 0.000000 -0.270842
vn -0.947927 0.000000 -0.318488
vn -0.947927 0.000000 -0.318488
vn -0.930874 0.000000 -0.365339
vn -0.930874 0.000000 -0.365339
vn -0.911505 0.000000 -0.411289
vn -0.911505 0.000000 -0.411289
vn -0.889872 0.000000 -0.456209
vn -0.889872 0.000000 -0.456209
vn -0.866025 0.000000 -0.500001
vn -0.866025 0.000000 -0.500001
vn -0.840027 0.000000 -0.542545
vn -0.840027 0.000000 -0.542545
vn -0.811938 0.000000 -0.583744
vn -0.781831 0.000000 -0.623490
vn -0.811938 0.000000 -0.583744
vn -0.781831 0.000000 -0.623490
vn -0.749782 0.000000 -0.661685
vn -0.749782 0.000000 -0.661685
vn -0.715867 0.000000 -0.698237
vn -0.680171 0.000000 -0.733053
vn -0.715867 0.000000 -0.698237
vn -0.680171 0.000000 -0.733053
vn -0.642788 0.000000 -0.766044
vn -0.642788 0.000000 -0.766044
vn -0.603807 0.000000 -0.797131
vn -0.603807 0.000000 -0.797131
vn -0.563321 0.000000 -0.826238
vn -0.521435 0.000000 -0.853291
vn -0.563321 0.000000 -0.826238
vn -0.521435 0.000000 -0.853291
vn -0.478254 0.000000 -0.878221
vn -0.478254 0.000000 -0.878221
vn -0.433882 0.000000 -0.900970
vn -0.433882 0.000000 -0.900970
vn -0.388436 0.000000 -0.921476
vn -0.388436 0.000000 -0.921476
vn -0.342020 0.000000 -0.939693
vn -0.342020 0.000000 -0.939693
vn -0.294755 0.000000 -0.955573
vn -0.294755 0.000000 -0.955573
vn -0.246755 0.000000 -0.969078
vn -0.246755 0.000000 -0.969078
vn -0.198143 0.000000 -0.980173
vn -0.198143 0.000000 -0.980173
vn -0.149049 0.000000 -0.988830
vn -0.149049 0.000000 -0.988830
vn -0.099565 0.000000 -0.995031
vn -0.099565 0.000000 -0.995031
vn -0.049844 0.000000 -0.998757
vn -0.049844 0.000000 -0.998757
vn 0.000000 0.000000 -1.000000
vn 0.000000 0.000000 -1.000000
vn 0.049844 0.000000 -0.998757
vn 0.049844 0.000000 -0.998757
vn 0.099565 0.000000 -0.995031
vn 0.099565 0.000000 -0.995031
vn 0.149049 0.000000 -0.988830
vn 0.149049 0.000000 -0.988830
vn 0.198143 0.000000 -0.980173
vn 0.198143 0.000000 -0.980173
vn 0.246755 0.000000 -0.969078
vn 0.246755 0.000000 -0.969078
vn 0.294755 0.000000 -0.955573
vn 0.294755 0.000000 -0.955573
vn 0.342020 0.000000 -0.939693
vn 0.342020 0.000000 -0.939693
vn 0.388436 0.000000 -0.921476
vn 0.388436 0.000000 -0.921476
vn 0.433882 0.000000 -0.900970
vn 0.478254 0.000000 -0.878221
vn 0.433882 0.000000 -0.900970
vn 0.478254 0.000000 -0.878221
vn 0.521435 0.000000 -0.853291
vn 0.521435 0.000000 -0.853291
vn 0.563321 0.000000 -0.826238
vn 0.563321 0.000000 -0.826238
vn 0.603807 0.000000 -0.797131
vn 0.603807 0.000000 -0.797131
vn 0.642788 0.000000 -0.766044
vn 0.642788 0.000000 -0.766044
vn 0.680171 0.000000 -0.733053
vn 0.680171 0.000000 -0.733053
vn 0.715867 0.000000 -0.698237
vn 0.715867 0.000000 -0.698237
vn 0.749782 0.000000 -0.661685
vn 0.749782 0.000000 -0.661685
vn 0.781831 0.000000 -0.623490
vn 0.781831 0.000000 -0.623490
vn 0.811938 0.000000 -0.583744
vn 0.811938 0.000000 -0.583744
vn 0.840027 0.000000 -0.542545
vn 0.840027 0.000000 -0.542545
vn 0.866025 0.000000 -0.500001
vn 0.866025 0.000000 -0.500001
vn 0.889872 0.000000 -0.456209
vn 0.889872 0.000000 -0.456209
vn 0.911505 0.000000 -0.411289
vn 0.911505 0.000000 -0.411289
vn 0.930874 0.000000 -0.365339
vn 0.930874 0.000000 -0.365339
vn 0.947927 0.000000 -0.318488
vn 0.947927 0.000000 -0.318488
vn 0.962624 0.000000 -0.270842
vn 0.962624 0.000000 -0.270842
vn 0.974928 0.000000 -0.222519
vn 0.974928 0.000000 -0.222519
vn 0.984808 0.000000 -0.173649
vn 0.984808 0.000000 -0.173649
vn 0.992239 0.000000 -0.124344
vn 0.992239 0.000000 -0.124344
vn 0.997204 0.000000 -0.074729
vn 0.997204 0.000000 -0.074729
vn 0.999689 0.000000 -0.024931
vn 0.999689 0.000000 -0.024931
vn 0.000000 -1.000000 0.000000
vn 0.000000 -1.000000 0.000000
vn 0.000000 -1.000000 0.000000
vn 0.000000 -1.000000 0.000000
vn 0.000000 -1.000000 0.000000
vn 0.000000 -1.000000 0.000000
vn 0.000000 -1.000000 0.000000
vn 0.000000 -1.000000 0.000000
vn 0.000000 -1.000000 0.000000
vn 0.000000 -1.000000 0.000000
vn 0.000000 -1.000000 0.000000
vn 0.000000 -1.000000 0.000000
vn 0.000000 -1.000000 0.000000
vn 0.000000 -1.000000 0.000000
vn 0.000000 -1.000000 0.000000
vn 0.000000 -1.000000 0.000000
vn 0.000000 -1.000000 0.000000
vn 0.000000 -1.000000 0.000000
vn 0.000000 -1.000000 0.000000
vn 0.000000 -1.000000 0.000000
vn 0.000000 -1.000000 0.000000
vn 0.000000 -1.000000 0.000000
vn 0.000000 -1.000000 0.000000
vn 0.000000 -1.000000 0.000000
vn 0.000000 -1.000000 0.000000
vn 0.000000 -1.000000 0.000000
vn 0.000000 -1.000000 -0.000000
vn 0.000000 -1.000000 0.000000
vn 0.000000 -1.000000 0.000000
vn 0.000000 -1.000000 0.000000
vn 0.000000 -1.000000 0.000000
vn 0.000000 -1.000000 0.000000
vn 0.000000 -1.000000 0.000000
vn 0.000000 -1.000000 0.000000
vn 0.000000 -1.000000 0.000000
vn 0.000000 -1.000000 -0.000000
vn 0.000000 -1.000000 0.000000
vn 0.000000 -1.000000 0.000000
vn 0.000000 -1.000000 0.000000
vn 0.000000 -1.000000 0.000000
vn 0.000000 -1.000000 0.000000
vn 0.000000 -1.000000 0.000000
vn 0.000000 -1.000000 0.000000
vn 0.000000 -1.000000 0.000000
vn 0.000000 -1.000000 0.000000
vn 0.000000 -1.000000 0.000000
vn 0.000000 -1.000000 0.000000
vn 0.000000 -1.000000 0.000000
vn 0.000000 -1.000000 0.000000
vn 0.000000 -1.000000 0.000000
vn 0.000000 -1.000000 0.000000
vn 0.000000 -1.000000 0.000000
vn 0.000000 -1.000000 0.000000
vn 0.000000 -1.000000 0.000000
vn 0.000000 -1.000000 0.000000
vn 0.000000 -1.000000 0.000000
vn 0.000000 -1.000000 0.000000
vn 0.000000 -1.000000 0.000000
vn 0.000000 -1.000000 -0.000000
vn 0.000000 -1.000000 0.000000
vn 0.000000 -1.000000 0.000000
vn 0.000000 -1.000000 0.000000
vn 0.000000 -1.000000 0.000000
vn 0.000000 -1.000000 0.000000
vn 0.000000 -1.000000 0.000000
vn 0.000000 -1.000000 0.000000
vn 0.000000 -1.000000 0.000000
vn 0.000000 -1.000000 0.000000
vn 0.000000 -1.000000 0.000000
vn 0.000000 -1.000000 0.000000
vn 0.000000 -1.000000 0.000000
vn 0.000000 -1.000000 0.000000
vn 0.000000 -1.000000 0.000000
vn 0.000000 -1.000000 0.000000
vn 0.000000 -1.000000 0.000000
vn 0.000000 -1.000000 0.000000
vn 0.000000 -1.000000 0.000000
vn 0.000000 -1.000000 0.000000
vn 0.000000 -1.000000 0.000000
vn 0.000000 -1.000000 0.000000
vn 0.000000 -1.000000 0.000000
vn 0.000000 -1.000000 0.000000
vn 0.000000 -1.000000 0.000000
vn 0.000000 -1.000000 0.000000
vn 0.000000 -1.000000 0.000000
vn 0.000000 -1.000000 0.000000
vn -0.000000 -1.000000 0.000000
vn 0.000000 -1.000000 0.000000
vn 0.000000 -1.000000 -0.000000
vn 0.000000 -1.000000 0.000000
vn 0.000000 -1.000000 0.000000
vn 0.000000 -1.000000 0.000000
vn 0.000000 -1.000000 0.000000
vn 0.000000 -1.000000 0.000000
vn 0.000000 -1.000000 0.000000
vn 0.000000 -1.000000 0.000000
vn 0.000000 -1.000000 0.000000
vn 0.000000 -1.000000 0.000000
vn 0.000000 -1.000000 0.000000
vn -0.000000 -1.000000 0.000000
vn 0.000000 -1.000000 0.000000
vn 0.000000 -1.000000 0.000000
vn 0.000000 -1.000000 0.000000
vn 0.000000 -1.000000 0.000000
vn 0.000000 -1.000000 0.000000
vn 0.000000 -1.000000 0.000000
vn 0.000000 -1.000000 0.000000
vn 0.000000 -1.000000 0.000000
vn 0.000000 -1.000000 0.000000
vn 0.000000 -1.000000 0.000000
vn 0.000000 -1.000000 0.000000
vn 0.000000 -1.000000 0.000000
vn 0.000000 -1.000000 0.000000
vn 0.000000 -1.000000 0.000000
vn 0.000000 -1.000000 0.000000
vn 0.000000 -1.000000 0.000000
vn 0.000000 -1.000000 0.000000
vn 0.000000 -1.000000 0.000000
vn 0.000000 -1.000000 0.000000
vn -0.000000 -1.000000 0.000000
vn 0.000000 -1.000000 0.000000
vn 0.000000 -1.000000 0.000000
vn 0.000000 -1.000000 0.000000
vn 0.000000 -1.000000 -0.000000
vn 0.000000 1.000000 0.000000
vn -0.000000 1.000000 -0.000000
vn -0.000000 1.000000 -0.000000
vn 0.000000 1.000000 0.000000
vn -0.000000 1.000000 -0.000000
vn -0.000000 1.000000 -0.000000
vn -0.000000 1.000000 -0.000000
vn -0.000000 1.000000 -0.000000
vn -0.000000 1.000000 -0.000000
vn 0.000000 1.000000 0.000000
vn 0.000000 1.000000 0.000000
vn 0.000000 1.000000 0.000000
vn 0.000000 1.000000 0.000000
vn -0.000000 1.000000 -0.000000
vn -0.000000 1.000000 -0.000000
vn -0.000000 1.000000 -0.000000
vn 0.000000 1.000000 0.000000
vn 0.000000 1.000000 0.000000
vn 0.000000 1.000000 0.000000
vn -0.000000 1.000000 -0.000000
vn -0.000000 1.000000 -0.000000
vn -0.000000 1.000000 -0.000000
vn 0.000000 1.000000 0.000000
vn -0.000000 1.000000 -0.000000
vn 0.000000 1.000000 0.000000
vn 0.000000 1.000000 0.000000
vn -0.000000 1.000000 0.000000
vn 0.000000 1.000000 0.000000
vn 0.000000 1.000000 0.000000
vn 0.000000 1.000000 0.000000
vn 0.000000 1.000000 0.000000
vn -0.000000 1.000000 -0.000000
vn -0.000000 1.000000 0.000000
vn -0.000000 1.000000 0.000000
vn -0.000000 1.000000 0.000000
vn -0.000000 1.000000 0.000000
vn -0.000000 1.000000 0.000000
vn -0.000000 1.000000 0.000000
vn 0.000000 1.000000 0.000000
vn 0.000000 1.000000 0.000000
vn 0.000000 1.000000 0.000000
vn 0.000000 1.000000 0.000000
vn 0.000000 1.000000 0.000000
vn -0.000000 1.000000 0.000000
vn -0.000000 1.000000 0.000000
vn -0.000000 1.000000 0.000000
vn -0.000000 1.000000 0.000000
vn -0.000000 1.000000 0.000000
vn 0.000000 1.000000 0.000000
vn 0.000000 1.000000 0.000000
vn -0.000000 1.000000 0.000000
vn 0.000000 1.000000 0.000000
vn -0.000000 1.000000 0.000000
vn -0.000000 1.000000 0.000000
vn -0.000000 1.000000 0.000000
vn 0.000000 1.000000 0.000000
vn 0.000000 1.000000 0.000000
vn 0.000000 1.000000 0.000000
vn -0.000000 1.000000 0.000000
vn 0.000000 1.000000 -0.000000
vn -0.000000 1.000000 0.000000
vn -0.000000 1.000000 0.000000
vn -0.000000 1.000000 0.000000
vn -0.000000 1.000000 0.000000
vn -0.000000 1.000000 -0.000000
vn 0.000000 1.000000 0.000000
vn 0.000000 1.000000 0.000000
vn -0.000000 1.000000 0.000000
vn 0.000000 1.000000 0.000000
vn 0.000000 1.000000 0.000000
vn 0.000000 1.000000 0.000000
vn -0.000000 1.000000 0.000000
vn -0.000000 1.000000 0.000000
vn -0.000000 1.000000 0.000000
vn 0.000000 1.000000 0.000000
vn -0.000000 1.000000 0.000000
vn -0.000000 1.000000 0.000000
vn -0.000000 1.000000 0.000000
vn 0.000000 1.000000 0.000000
vn 0.000000 1.000000 0.000000
vn 0.000000 1.000000 0.000000
vn 0.000000 1.000000 0.000000
vn 0.000000 1.000000 0.000000
vn 0.000000 1.000000 0.000000
vn -0.000000 1.000000 0.000000
vn -0.000000 1.000000 0.000000
vn -0.000000 1.000000 0.000000
vn 0.000000 1.000000 0.000000
vn 0.000000 1.000000 0.000000
vn 0.000000 1.000000 0.000000
vn 0.000000 1.000000 0.000000
vn 0.000000 1.000000 0.000000
vn 0.000000 1.000000 0.000000
vn 0.000000 1.000000 0.000000
vn 0.000000 1.000000 0.000000
vn 0.000000 1.000000 0.000000
vn 0.000000 1.000000 0.000000
vn 0.000000 1.000000 0.000000
vn -0.000000 1.000000 0.000000
vn 0.000000 1.000000 0.000000
vn 0.000000 1.000000 0.000000
vn 0.000000 1.000000 0.000000
vn 0.000000 1.000000 0.000000
vn 0.000000 1.000000 0.000000
vn 0.000000 1.000000 0.000000
vn 0.000000 1.000000 0.000000
vn 0.000000 1.000000 0.000000
vn 0.000000 1.000000 0.000000
vn 0.000000 1.000000 0.000000
vn 0.000000 1.000000 0.000000
vn 0.000000 1.000000 0.000000
vn 0.000000 1.000000 -0.000000
vn 0.000000 1.000000 0.000000
vn 0.000000 1.000000 0.000000
vn 0.000000 1.000000 0.000000
vn 0.000000 1.000000 0.000000
vn 0.000000 1.000000 0.000000
vn 0.000000 1.000000 0.000000
vn 0.000000 1.000000 0.000000
vn 0.000000 1.000000 0.000000
vn 0.000000 1.000000 0.000000
vn 0.000000 1.000000 0.000000
vn 0.000000 1.000000 0.000000
vn 0.000000 1.000000 0.000000
vn 0.999689 0.000000 -0.024934
vn 0.999689 0.000000 -0.024934
vn 0.997204 0.000000 -0.074731
vn 0.997204 0.000000 -0.074731
vn 0.992240 0.000000 -0.124336
vn 0.984808 0.000000 -0.173647
vn 0.992240 0.000000 -0.124336
vn 0.984808 0.000000 -0.173647
vn 0.974926 0.000000 -0.222530
vn 0.974926 0.000000 -0.222530
vn 0.962625 0.000000 -0.270838
vn 0.947929 0.000000 -0.318483
vn 0.962625 0.000000 -0.270838
vn 0.930873 0.000000 -0.365343
vn 0.947929 0.000000 -0.318483
vn 0.930873 0.000000 -0.365343
vn 0.911508 0.000000 -0.411282
vn 0.911508 0.000000 -0.411282
vn 0.889868 0.000000 -0.456219
vn 0.889868 0.000000 -0.456219
vn 0.866032 0.000000 -0.499988
vn 0.866032 0.000000 -0.499988
vn 0.840027 0.000000 -0.542544
vn 0.840027 0.000000 -0.542544
vn 0.811945 0.000000 -0.583734
vn 0.811945 0.000000 -0.583734
vn 0.781829 0.000000 -0.623493
vn 0.781829 0.000000 -0.623493
vn 0.749772 0.000000 -0.661697
vn 0.749772 0.000000 -0.661697
vn 0.715858 0.000000 -0.698246
vn 0.715858 0.000000 -0.698246
vn 0.680172 0.000000 -0.733053
vn 0.680172 0.000000 -0.733053
vn 0.642817 0.000000 -0.766019
vn 0.642817 0.000000 -0.766019
vn 0.603793 0.000000 -0.797141
vn 0.603793 0.000000 -0.797141
vn 0.563321 0.000000 -0.826238
vn 0.563321 0.000000 -0.826238
vn 0.521414 0.000000 -0.853304
vn 0.521414 0.000000 -0.853304
vn 0.478252 0.000000 -0.878223
vn 0.478252 0.000000 -0.878223
vn 0.433883 0.000000 -0.900969
vn 0.433883 0.000000 -0.900969
vn 0.388465 0.000000 -0.921464
vn 0.388465 0.000000 -0.921464
vn 0.342013 0.000000 -0.939695
vn 0.342013 0.000000 -0.939695
vn 0.294761 0.000000 -0.955571
vn 0.246721 0.000000 -0.969087
vn 0.294761 0.000000 -0.955571
vn 0.198178 0.000000 -0.980166
vn 0.246721 0.000000 -0.969087
vn 0.198178 0.000000 -0.980166
vn 0.149035 0.000000 -0.988832
vn 0.149035 0.000000 -0.988832
vn 0.099579 0.000000 -0.995030
vn 0.099579 0.000000 -0.995030
vn 0.049821 0.000000 -0.998758
vn 0.049821 0.000000 -0.998758
vn 0.000000 0.000000 -1.000000
vn 0.000000 0.000000 -1.000000
vn -0.049821 -0.000000 -0.998758
vn -0.049821 0.000000 -0.998758
vn -0.099579 -0.000000 -0.995030
vn -0.149035 -0.000000 -0.988832
vn -0.099579 0.000000 -0.995030
vn -0.149035 -0.000000 -0.988832
vn -0.198178 0.000000 -0.980166
vn -0.198178 -0.000000 -0.980166
vn -0.246721 -0.000000 -0.969087
vn -0.246721 -0.000000 -0.969087
vn -0.294761 -0.000000 -0.955571
vn -0.294761 -0.000000 -0.955571
vn -0.342013 0.000000 -0.939695
vn -0.342013 -0.000000 -0.939695
vn -0.388465 0.000000 -0.921464
vn -0.388465 -0.000000 -0.921464
vn -0.433883 0.000000 -0.900969
vn -0.433883 -0.000000 -0.900969
vn -0.478252 0.000000 -0.878223
vn -0.478252 -0.000000 -0.878223
vn -0.521414 0.000000 -0.853304
vn -0.521414 -0.000000 -0.853304
vn -0.563321 0.000000 -0.826238
vn -0.563321 -0.000000 -0.826238
vn -0.603793 0.000000 -0.797141
vn -0.603793 -0.000000 -0.797141
vn -0.642817 0.000000 -0.766019
vn -0.642817 -0.000000 -0.766019
vn -0.680172 0.000000 -0.733053
vn -0.680172 -0.000000 -0.733053
vn -0.715858 -0.000000 -0.698246
vn -0.715858 -0.000000 -0.698246
vn -0.749772 0.000000 -0.661697
vn -0.749772 -0.000000 -0.661697
vn -0.781829 -0.000000 -0.623493
vn -0.781829 -0.000000 -0.623493
vn -0.811941 0.000000 -0.583739
vn -0.811941 -0.000000 -0.583739
vn -0.840034 0.000000 -0.542534
vn -0.840034 -0.000000 -0.542534
vn -0.866026 0.000000 -0.500000
vn -0.866026 -0.000000 -0.500000
vn -0.889871 0.000000 -0.456213
vn -0.889871 -0.000000 -0.456213
vn -0.911511 -0.000000 -0.411276
vn -0.911511 -0.000000 -0.411276
vn -0.930870 0.000000 -0.365349
vn -0.930870 -0.000000 -0.365349
vn -0.947931 0.000000 -0.318476
vn -0.947931 -0.000000 -0.318476
vn -0.962623 -0.000000 -0.270845
vn -0.962623 0.000000 -0.270845
vn -0.974924 -0.000000 -0.222538
vn -0.974924 0.000000 -0.222538
vn -0.984811 -0.000000 -0.173632
vn -0.984811 0.000000 -0.173632
vn -0.992238 -0.000000 -0.124351
vn -0.992238 0.000000 -0.124351
vn -0.997204 0.000000 -0.074731
vn -0.997204 -0.000000 -0.074731
vn -0.999689 0.000000 -0.024926
vn -0.999689 -0.000000 -0.024926
vn -0.999689 0.000000 0.024926
vn -0.999689 0.000000 0.024926
vn -0.997204 0.000000 0.074731
vn -0.997204 0.000000 0.074731
vn -0.992238 0.000000 0.124351
vn -0.992238 0.000000 0.124351
vn -0.984811 0.000000 0.173632
vn -0.984811 0.000000 0.173632
vn -0.974924 0.000000 0.222538
vn -0.974924 0.000000 0.222538
vn -0.962623 0.000000 0.270845
vn -0.962623 0.000000 0.270845
vn -0.947931 0.000000 0.318476
vn -0.947931 0.000000 0.318476
vn -0.930870 0.000000 0.365349
vn -0.930870 0.000000 0.365349
vn -0.911511 0.000000 0.411276
vn -0.911511 0.000000 0.411276
vn -0.889871 0.000000 0.456213
vn -0.889871 0.000000 0.456213
vn -0.840034 0.000000 0.542534
vn -0.866026 0.000000 0.500000
vn -0.866026 0.000000 0.500000
vn -0.840034 0.000000 0.542534
vn -0.811941 0.000000 0.583739
vn -0.811941 0.000000 0.583739
vn -0.781829 0.000000 0.623493
vn -0.781829 0.000000 0.623493
vn -0.749772 0.000000 0.661697
vn -0.749772 0.000000 0.661697
vn -0.715858 0.000000 0.698246
vn -0.715858 0.000000 0.698246
vn -0.680172 0.000000 0.733053
vn -0.680172 0.000000 0.733053
vn -0.642817 0.000000 0.766019
vn -0.642817 0.000000 0.766019
vn -0.603793 0.000000 0.797141
vn -0.563321 0.000000 0.826238
vn -0.603793 0.000000 0.797141
vn -0.563321 0.000000 0.826238
vn -0.521414 0.000000 0.853304
vn -0.521414 0.000000 0.853304
vn -0.478252 0.000000 0.878223
vn -0.478252 0.000000 0.878223
vn -0.433883 0.000000 0.900969
vn -0.388465 0.000000 0.921464
vn -0.433883 0.000000 0.900969
vn -0.388465 0.000000 0.921464
vn -0.342013 0.000000 0.939695
vn -0.342013 0.000000 0.939695
vn -0.294761 0.000000 0.955571
vn -0.294761 0.000000 0.955571
vn -0.246721 0.000000 0.969087
vn -0.246721 0.000000 0.969087
vn -0.198178 0.000000 0.980166
vn -0.198178 0.000000 0.980166
vn -0.149035 0.000000 0.988832
vn -0.149035 0.000000 0.988832
vn -0.099579 0.000000 0.995030
vn -0.049821 0.000000 0.998758
vn -0.099579 0.000000 0.995030
vn -0.049821 0.000000 0.998758
vn 0.000000 0.000000 1.000000
vn 0.000000 0.000000 1.000000
vn 0.049821 0.000000 0.998758
vn 0.049821 0.000000 0.998758
vn 0.099579 0.000000 0.995030
vn 0.099579 0.000000 0.995030
vn 0.149035 0.000000 0.988832
vn 0.149035 0.000000 0.988832
vn 0.198178 0.000000 0.980166
vn 0.198178 0.000000 0.980166
vn 0.246721 0.000000 0.969087
vn 0.246721 0.000000 0.969087
vn 0.294761 0.000000 0.955571
vn 0.294761 0.000000 0.955571
vn 0.342013 0.000000 0.939695
vn 0.342013 0.000000 0.939695
vn 0.388465 0.000000 0.921464
vn 0.388465 0.000000 0.921464
vn 0.433883 0.000000 0.900969
vn 0.433883 0.000000 0.900969
vn 0.478252 0.000000 0.878223
vn 0.478252 0.000000 0.878223
vn 0.521414 0.000000 0.853304
vn 0.521414 0.000000 0.853304
vn 0.563321 0.000000 0.826238
vn 0.563321 0.000000 0.826238
vn 0.603793 0.000000 0.797141
vn 0.642817 0.000000 0.766019
vn 0.603793 0.000000 0.797141
vn 0.642817 0.000000 0.766019
vn 0.680172 0.000000 0.733053
vn 0.715858 0.000000 0.698246
vn 0.680172 0.000000 0.733053
vn 0.715858 0.000000 0.698246
vn 0.749772 0.000000 0.661697
vn 0.749772 0.000000 0.661697
vn 0.781829 0.000000 0.623493
vn 0.781829 0.000000 0.623493
vn 0.811945 0.000000 0.583734
vn 0.811945 0.000000 0.583734
vn 0.840027 0.000000 0.542544
vn 0.840027 0.000000 0.542544
vn 0.866032 0.000000 0.499988
vn 0.866032 0.000000 0.499988
vn 0.889868 0.000000 0.456219
vn 0.889868 0.000000 0.456219
vn 0.911508 0.000000 0.411282
vn 0.911508 0.000000 0.411282
vn 0.930873 0.000000 0.365343
vn 0.930873 0.000000 0.365343
vn 0.947929 0.000000 0.318483
vn 0.947929 0.000000 0.318483
vn 0.962625 0.000000 0.270838
vn 0.962625 0.000000 0.270838
vn 0.974926 0.000000 0.222530
vn 0.974926 0.000000 0.222530
vn 0.984808 0.000000 0.173647
vn 0.984808 0.000000 0.173647
vn 0.992240 0.000000 0.124336
vn 0.992240 0.000000 0.124336
vn 0.997204 0.000000 0.074731
vn 0.997204 0.000000 0.074731
vn 0.999689 0.000000 0.024934
vn 0.999689 0.000000 0.024934
vn 0.000000 1.000000 0.000000
vn 0.000000 1.000000 0.000000
vn 0.000000 1.000000 0.000000
vn 0.000000 1.000000 0.000000
vn 0.000000 1.000000 0.000000
vn 0.000000 1.000000 0.000000
vn 0.000000 1.000000 0.000000
vn 0.000000 1.000000 0.000000
vn 0.000000 1.000000 0.000000
vn 0.000000 1.000000 0.000000
vn 0.000000 1.000000 0.000000
vn 0.000000 1.000000 0.000000
vn 0.000000 1.000000 0.000000
vn 0.000000 1.000000 0.000000
vn 0.000000 1.000000 0.000000
vn 0.000000 1.000000 0.000000
vn 0.000000 1.000000 0.000000
vn 0.000000 1.000000 0.000000
vn 0.000000 1.000000 0.000000
vn 0.000000 1.000000 0.000000
vn 0.000000 1.000000 0.000000
vn 0.000000 1.000000 0.000000
vn 0.000000 1.000000 0.000000
vn 0.000000 1.000000 0.000000
vn 0.000000 1.000000 0.000000
vn 0.000000 1.000000 0.000000
vn 0.000000 1.000000 0.000000
vn 0.000000 1.000000 0.000000
vn 0.000000 1.000000 0.000000
vn 0.000000 1.000000 0.000000
vn 0.000000 1.000000 0.000000
vn 0.000000 1.000000 0.000000
vn 0.000000 1.000000 0.000000
vn 0.000000 1.000000 0.000000
vn 0.000000 1.000000 0.000000
vn 0.000000 1.000000 0.000000
vn 0.000000 1.000000 0.000000
vn 0.000000 1.000000 0.000000
vn 0.000000 1.000000 0.000000
vn 0.000000 1.000000 0.000000
vn 0.000000 1.000000 0.000000
vn 0.000000 1.000000 0.000000
vn 0.000000 1.000000 0.000000
vn 0.000000 1.000000 0.000000
vn 0.000000 1.000000 0.000000
vn 0.000000 1.000000 0.000000
vn 0.000000 1.000000 0.000000
vn 0.000000 1.000000 0.000000
vn 0.000000 1.000000 0.000000
vn 0.000000 1.000000 -0.000000
vn 0.000000 1.000000 0.000000
vn 0.000000 1.000000 0.000000
vn 0.000000 1.000000 0.000000
vn 0.000000 1.000000 0.000000
vn 0.000000 1.000000 0.000000
vn 0.000000 1.000000 0.000000
vn 0.000000 1.000000 0.000000
vn 0.000000 1.000000 0.000000
vn 0.000000 1.000000 0.000000
vn 0.000000 1.000000 0.000000
vn 0.000000 1.000000 0.000000
vn 0.000000 1.000000 0.000000
vn 0.000000 1.000000 0.000000
vn 0.000000 1.000000 0.000000
vn 0.000000 1.000000 0.000000
vn 0.000000 1.000000 0.000000
vn 0.000000 1.000000 0.000000
vn 0.000000 1.000000 0.000000
vn 0.000000 1.000000 0.000000
vn 0.000000 1.000000 0.000000
vn 0.000000 1.000000 0.000000
vn 0.000000 1.000000 0.000000
vn 0.000000 1.000000 0.000000
vn 0.000000 1.000000 0.000000
vn 0.000000 1.000000 0.000000
vn 0.000000 1.000000 0.000000
vn 0.000000 1.000000 0.000000
vn 0.000000 1.000000 0.000000
vn 0.000000 1.000000 0.000000
vn 0.000000 1.000000 0.000000
vn 0.000000 1.000000 0.000000
vn 0.000000 1.000000 0.000000
vn 0.000000 1.000000 0.000000
vn 0.000000 1.000000 0.000000
vn 0.000000 1.000000 0.000000
vn 0.000000 1.000000 0.000000
vn 0.000000 1.000000 -0.000000
vn 0.000000 1.000000 0.000000
vn 0.000000 1.000000 0.000000
vn 0.000000 1.000000 0.000000
vn 0.000000 1.000000 0.000000
vn 0.000000 1.000000 0.000000
vn 0.000000 1.000000 0.000000
vn 0.000000 1.000000 0.000000
vn 0.000000 1.000000 0.000000
vn 0.000000 1.000000 0.000000
vn 0.000000 1.000000 0.000000
vn 0.000000 1.000000 0.000000
vn 0.000000 1.000000 0.000000
vn 0.000000 1.000000 0.000000
vn 0.000000 1.000000 0.000000
vn 0.000000 1.000000 0.000000
vn 0.000000 1.000000 0.000000
vn 0.000000 1.000000 0.000000
vn 0.000000 1.000000 0.000000
vn 0.000000 1.000000 0.000000
vn 0.000000 1.000000 0.000000
vn 0.000000 1.000000 0.000000
vn 0.000000 1.000000 0.000000
vn 0.000000 1.000000 0.000000
vn 0.000000 1.000000 0.000000
vn 0.000000 1.000000 0.000000
vn 0.000000 1.000000 0.000000
vn 0.000000 1.000000 0.000000
vn 0.000000 1.000000 0.000000
vn 0.000000 1.000000 0.000000
vn 0.000000 1.000000 0.000000
vn 0.000000 1.000000 0.000000
vn 0.000000 1.000000 0.000000
vn 0.000000 1.000000 0.000000
vn 0.000000 1.000000 0.000000
vn 0.000000 1.000000 0.000000
vn 0.000000 1.000000 -0.000000
vn 0.000000 1.000000 0.000000
vn 0.000000 -1.000000 -0.000000
vn -0.000000 -1.000000 -0.000000
vn 0.000000 -1.000000 -0.000000
vn -0.000000 -1.000000 -0.000000
vn -0.000000 -1.000000 -0.000000
vn -0.000000 -1.000000 -0.000000
vn -0.000000 -1.000000 -0.000000
vn 0.000000 -1.000000 -0.000000
vn 0.000000 -1.000000 -0.000000
vn 0.000000 -1.000000 -0.000000
vn -0.000000 -1.000000 -0.000000
vn 0.000000 -1.000000 -0.000000
vn -0.000000 -1.000000 -0.000000
vn -0.000000 -1.000000 -0.000000
vn -0.000000 -1.000000 -0.000000
vn 0.000000 -1.000000 -0.000000
vn -0.000000 -1.000000 -0.000000
vn 0.000000 -1.000000 -0.000000
vn 0.000000 -1.000000 -0.000000
vn -0.000000 -1.000000 -0.000000
vn -0.000000 -1.000000 -0.000000
vn -0.000000 -1.000000 -0.000000
vn -0.000000 -1.000000 -0.000000
vn -0.000000 -1.000000 -0.000000
vn -0.000000 -1.000000 -0.000000
vn -0.000000 -1.000000 -0.000000
vn 0.000000 -1.000000 -0.000000
vn -0.000000 -1.000000 -0.000000
vn 0.000000 -1.000000 -0.000000
vn 0.000000 -1.000000 -0.000000
vn 0.000000 -1.000000 -0.000000
vn 0.000000 -1.000000 -0.000000
vn 0.000000 -1.000000 -0.000000
vn 0.000000 -1.000000 -0.000000
vn -0.000000 -1.000000 -0.000000
vn 0.000000 -1.000000 -0.000000
vn 0.000000 -1.000000 -0.000000
vn -0.000000 -1.000000 -0.000000
vn 0.000000 -1.000000 -0.000000
vn 0.000000 -1.000000 -0.000000
vn -0.000000 -1.000000 -0.000000
vn 0.000000 -1.000000 -0.000000
vn 0.000000 -1.000000 -0.000000
vn 0.000000 -1.000000 -0.000000
vn 0.000000 -1.000000 -0.000000
vn -0.000000 -1.000000 -0.000000
vn -0.000000 -1.000000 -0.000000
vn -0.000000 -1.000000 -0.000000
vn 0.000000 -1.000000 -0.000000
vn -0.000000 -1.000000 -0.000000
vn 0.000000 -1.000000 -0.000000
vn 0.000000 -1.000000 -0.000000
vn 0.000000 -1.000000 -0.000000
vn 0.000000 -1.000000 -0.000000
vn 0.000000 -1.000000 -0.000000
vn 0.000000 -1.000000 -0.000000
vn -0.000000 -1.000000 -0.000000
vn -0.000000 -1.000000 -0.000000
vn -0.000000 -1.000000 -0.000000
vn 0.000000 -1.000000 -0.000000
vn -0.000000 -1.000000 -0.000000
vn -0.000000 -1.000000 -0.000000
vn 0.000000 -1.000000 -0.000000
vn 0.000000 -1.000000 -0.000000
vn 0.000000 -1.000000 -0.000000
vn -0.000000 -1.000000 -0.000000
vn 0.000000 -1.000000 -0.000000
vn -0.000000 -1.000000 -0.000000
vn 0.000000 -1.000000 -0.000000
vn -0.000000 -1.000000 -0.000000
vn 0.000000 -1.000000 -0.000000
vn 0.000000 -1.000000 -0.000000
vn -0.000000 -1.000000 -0.000000
vn -0.000000 -1.000000 -0.000000
vn 0.000000 -1.000000 -0.000000
vn -0.000000 -1.000000 -0.000000
vn 0.000000 -1.000000 -0.000000
vn -0.000000 -1.000000 -0.000000
vn -0.000000 -1.000000 -0.000000
vn -0.000000 -1.000000 -0.000000
vn -0.000000 -1.000000 -0.000000
vn -0.000000 -1.000000 -0.000000
vn 0.000000 -1.000000 -0.000000
vn 0.000000 -1.000000 -0.000000
vn 0.000000 -1.000000 -0.000000
vn -0.000000 -1.000000 -0.000000
vn -0.000000 -1.000000 -0.000000
vn 0.000000 -1.000000 -0.000000
vn 0.000000 -1.000000 -0.000000
vn -0.000000 -1.000000 -0.000000
vn 0.000000 -1.000000 -0.000000
vn -0.000000 -1.000000 -0.000000
vn -0.000000 -1.000000 -0.000000
vn 0.000000 -1.000000 -0.000000
vn -0.000000 -1.000000 -0.000000
vn 0.000000 -1.000000 -0.000000
vn -0.000000 -1.000000 -0.000000
vn -0.000000 -1.000000 -0.000000
vn 0.000000 -1.000000 -0.000000
vn 0.000000 -1.000000 -0.000000
vn 0.000000 -1.000000 -0.000000
vn 0.000000 -1.000000 -0.000000
vn -0.000000 -1.000000 -0.000000
vn -0.000000 -1.000000 -0.000000
vn 0.000000 -1.000000 -0.000000
vn -0.000000 -1.000000 -0.000000
vn 0.000000 -1.000000 -0.000000
vn 0.000000 -1.000000 -0.000000
vn 0.000000 -1.000000 -0.000000
vn -0.000000 -1.000000 -0.000000
vn 0.000000 -1.000000 -0.000000
vn -0.000000 -1.000000 -0.000000
vn 0.000000 -1.000000 -0.000000
vn -0.000000 -1.000000 -0.000000
vn 0.000000 -1.000000 -0.000000
vn -0.000000 -1.000000 -0.000000
vn 0.000000 -1.000000 -0.000000
vn -0.000000 -1.000000 -0.000000
vn 0.000000 -1.000000 -0.000000
vn -0.000000 -1.000000 -0.000000
vn -0.000000 -1.000000 -0.000000
vn -0.000000 -1.000000 -0.000000
vn -0.000000 -1.000000 -0.000000
vn 0.000000 -1.000000 -0.000000
vn 0.966950 0.253825 -0.024117
vn 0.966951 0.253826 -0.024053
vn 0.966950 0.253825 0.024117
vn 0.966951 0.253826 0.024053
vn 0.964546 0.253822 -0.072283
vn 0.959745 0.253822 -0.120264
vn 0.964994 0.257814 -0.048157
vn 0.955403 0.257814 -0.144005
vn 0.952556 0.253824 -0.167960
vn 0.942997 0.253824 -0.215243
vn 0.936315 0.257814 -0.238424
vn 0.931099 0.253825 -0.261968
vn 0.916884 0.253825 -0.308053
vn 0.900388 0.253822 -0.353378
vn 0.907929 0.257814 -0.330448
vn 0.881657 0.253822 -0.397813
vn 0.870507 0.257814 -0.419224
vn 0.860725 0.253824 -0.441278
vn 0.837670 0.253824 -0.483614
vn 0.966106 0.253603 -0.048212
vn 0.966106 0.253603 -0.048213
vn 0.812517 0.253823 -0.524776
vn 0.785354 0.253823 -0.564618
vn 0.824451 0.257815 -0.503797
vn 0.956504 0.253603 -0.144173
vn 0.956504 0.253604 -0.144171
vn 0.756225 0.253825 -0.603073
vn 0.725217 0.253824 -0.640026
vn 0.770184 0.257815 -0.583394
vn 0.937395 0.253603 -0.238699
vn 0.937395 0.253603 -0.238696
vn 0.692414 0.253823 -0.675379
vn 0.657897 0.253823 -0.709046
vn 0.708263 0.257814 -0.657187
vn 0.908976 0.253603 -0.330829
vn 0.908976 0.253603 -0.330829
vn 0.621764 0.253830 -0.740931
vn 0.584018 0.253831 -0.771034
vn 0.639315 0.257814 -0.724437
vn 0.871510 0.253603 -0.419710
vn 0.871511 0.253604 -0.419708
vn 0.544873 0.253823 -0.799179
vn 0.504338 0.253823 -0.825359
vn 0.564023 0.257816 -0.784480
vn 0.966106 0.253604 -0.048212
vn 0.966106 0.253602 -0.048221
vn 0.825401 0.253608 -0.504378
vn 0.825395 0.253604 -0.504389
vn 0.483096 0.257809 -0.836751
vn 0.462590 0.253819 -0.849463
vn 0.419674 0.253819 -0.871464
vn 0.956504 0.253602 -0.144173
vn 0.956505 0.253604 -0.144165
vn 0.771081 0.253608 -0.584052
vn 0.771072 0.253603 -0.584067
vn 0.397384 0.257809 -0.880693
vn 0.375743 0.253824 -0.891286
vn 0.330813 0.253824 -0.908920
vn 0.937395 0.253602 -0.238697
vn 0.937395 0.253603 -0.238696
vn 0.709080 0.253600 -0.657945
vn 0.709086 0.253603 -0.657938
vn 0.640052 0.253600 -0.725273
vn 0.307697 0.257817 -0.915889
vn 0.285107 0.253832 -0.924275
vn 0.238640 0.253831 -0.937348
vn 0.908974 0.253603 -0.330834
vn 0.908976 0.253604 -0.330829
vn 0.640053 0.253599 -0.725272
vn 0.191688 0.253823 -0.948066
vn 0.144154 0.253823 -0.956448
vn 0.215022 0.257812 -0.941965
vn 0.871512 0.253604 -0.419704
vn 0.871510 0.253603 -0.419710
vn 0.564673 0.253608 -0.785384
vn 0.564650 0.253599 -0.785403
vn 0.120122 0.257815 -0.958698
vn 0.096318 0.253830 -0.962441
vn 0.048189 0.253830 -0.966048
vn 0.966106 0.253604 -0.048211
vn 0.966106 0.253602 -0.048221
vn 0.825395 0.253602 -0.504389
vn 0.825396 0.253602 -0.504389
vn 0.483655 0.253609 -0.837711
vn 0.483652 0.253608 -0.837714
vn 0.024107 0.257813 -0.965894
vn 0.000000 0.253819 -0.967252
vn -0.048189 0.253820 -0.966050
vn 0.956505 0.253602 -0.144167
vn 0.956505 0.253602 -0.144165
vn 0.771081 0.253602 -0.584055
vn 0.771082 0.253603 -0.584053
vn 0.397854 0.253608 -0.881700
vn 0.397842 0.253604 -0.881707
vn -0.072225 0.257818 -0.963490
vn -0.096318 0.253829 -0.962442
vn -0.144154 0.253829 -0.956447
vn 0.937395 0.253602 -0.238697
vn 0.937395 0.253602 -0.238698
vn 0.709085 0.253609 -0.657937
vn 0.709072 0.253603 -0.657954
vn 0.308053 0.253600 -0.916946
vn 0.308063 0.253603 -0.916942
vn -0.191688 0.253820 -0.948067
vn -0.238641 0.253820 -0.937351
vn -0.167763 0.257818 -0.951517
vn 0.908972 0.253602 -0.330840
vn 0.908974 0.253604 -0.330834
vn 0.640073 0.253610 -0.725250
vn 0.564650 0.253601 -0.785402
vn 0.640053 0.253601 -0.725272
vn 0.215270 0.253601 -0.943051
vn 0.215266 0.253600 -0.943052
vn -0.285108 0.253822 -0.924277
vn -0.330813 0.253822 -0.908921
vn -0.261677 0.257815 -0.930084
vn 0.871513 0.253602 -0.419704
vn 0.871515 0.253604 -0.419698
vn 0.564647 0.253602 -0.785404
vn 0.120269 0.253601 -0.959803
vn 0.120260 0.253598 -0.959805
vn -0.353015 0.257818 -0.899394
vn -0.375742 0.253827 -0.891285
vn -0.419673 0.253827 -0.871462
vn 0.966106 0.253604 -0.048211
vn 0.966106 0.253602 -0.048221
vn 0.825396 0.253600 -0.504389
vn 0.771081 0.253600 -0.584055
vn 0.825401 0.253603 -0.504381
vn 0.483669 0.253602 -0.837706
vn 0.483657 0.253597 -0.837714
vn 0.024135 0.253608 -0.967006
vn 0.024102 0.253598 -0.967009
vn -0.440766 0.257813 -0.859801
vn -0.462590 0.253819 -0.849463
vn -0.504339 0.253819 -0.825359
vn 0.956505 0.253602 -0.144167
vn 0.956506 0.253605 -0.144157
vn 0.771074 0.253603 -0.584063
vn 0.397839 0.253597 -0.881710
vn 0.397855 0.253602 -0.881701
vn 0.308063 0.253602 -0.916942
vn -0.072309 0.253597 -0.964604
vn -0.072271 0.253609 -0.964603
vn -0.544872 0.253826 -0.799179
vn -0.584019 0.253826 -0.771035
vn -0.524211 0.257815 -0.811624
vn 0.937394 0.253605 -0.238698
vn 0.937392 0.253602 -0.238710
vn 0.709072 0.253600 -0.657954
vn 0.709078 0.253603 -0.657947
vn 0.640075 0.253600 -0.725252
vn 0.215266 0.253600 -0.943052
vn 0.308071 0.253600 -0.916940
vn -0.167992 0.253596 -0.952611
vn -0.167956 0.253607 -0.952614
vn -0.621765 0.253823 -0.740933
vn -0.657897 0.253823 -0.709046
vn -0.602416 0.257819 -0.755397
vn 0.908973 0.253601 -0.330840
vn 0.908978 0.253605 -0.330822
vn 0.640054 0.253607 -0.725268
vn 0.215224 0.253612 -0.943058
vn -0.261978 0.253611 -0.931155
vn -0.261990 0.253607 -0.931152
vn -0.692413 0.253828 -0.675378
vn -0.674638 0.257815 -0.691661
vn -0.725216 0.253828 -0.640025
vn 0.871511 0.253600 -0.419708
vn 0.871516 0.253602 -0.419698
vn 0.825400 0.253603 -0.504381
vn 0.564647 0.253602 -0.785404
vn 0.564665 0.253608 -0.785390
vn 0.120269 0.253608 -0.959801
vn 0.120282 0.253612 -0.959799
vn -0.353424 0.253595 -0.900434
vn -0.353373 0.253612 -0.900449
vn 0.966106 0.253602 -0.048221
vn 0.966106 0.253602 -0.048221
vn -0.740140 0.257819 -0.621066
vn -0.756224 0.253827 -0.603073
vn -0.785350 0.253827 -0.564622
vn 0.825402 0.253602 -0.504379
vn 0.483648 0.253601 -0.837717
vn 0.483668 0.253608 -0.837704
vn 0.024102 0.253598 -0.967009
vn 0.024139 0.253609 -0.967006
vn -0.524815 0.253606 -0.812559
vn -0.441308 0.253595 -0.860777
vn -0.441273 0.253606 -0.860791
vn 0.956506 0.253605 -0.144157
vn 0.956505 0.253602 -0.144170
vn -0.798310 0.257818 -0.544271
vn -0.812523 0.253826 -0.524766
vn -0.837663 0.253825 -0.483625
vn 0.771074 0.253603 -0.584063
vn 0.771072 0.253602 -0.584067
vn 0.397839 0.253603 -0.881709
vn 0.397857 0.253608 -0.881699
vn -0.072272 0.253607 -0.964604
vn -0.072304 0.253598 -0.964604
vn -0.524809 0.253604 -0.812564
vn 0.937392 0.253600 -0.238710
vn 0.937397 0.253605 -0.238689
vn -0.848528 0.257814 -0.462095
vn -0.860728 0.253823 -0.441272
vn -0.881660 0.253823 -0.397807
vn 0.709081 0.253603 -0.657944
vn 0.709078 0.253602 -0.657947
vn 0.308079 0.253603 -0.916937
vn 0.308071 0.253600 -0.916940
vn 0.215225 0.253600 -0.943062
vn -0.167992 0.253598 -0.952610
vn -0.167960 0.253607 -0.952614
vn -0.603111 0.253602 -0.756269
vn -0.603105 0.253604 -0.756274
vn 0.908978 0.253604 -0.330822
vn 0.908972 0.253599 -0.330845
vn -0.890327 0.257812 -0.375300
vn -0.900385 0.253823 -0.353384
vn -0.916887 0.253823 -0.308046
vn 0.640056 0.253602 -0.725268
vn 0.640055 0.253601 -0.725270
vn 0.215218 0.253602 -0.943063
vn -0.261991 0.253601 -0.931154
vn -0.262001 0.253598 -0.931152
vn -0.740994 0.253600 -0.621783
vn -0.675417 0.253599 -0.692459
vn -0.675411 0.253602 -0.692464
vn 0.871509 0.253604 -0.419710
vn 0.871510 0.253605 -0.419708
vn -0.923271 0.257813 -0.284787
vn -0.931098 0.253824 -0.261975
vn -0.942996 0.253824 -0.215250
vn 0.564664 0.253601 -0.785393
vn 0.564666 0.253602 -0.785391
vn 0.120282 0.253598 -0.959802
vn 0.120295 0.253602 -0.959800
vn -0.441306 0.253605 -0.860775
vn -0.353387 0.253601 -0.900447
vn -0.353373 0.253605 -0.900451
vn 0.966105 0.253604 -0.048221
vn 0.966105 0.253604 -0.048221
vn -0.741001 0.253604 -0.621773
vn 0.825400 0.253607 -0.504378
vn 0.825394 0.253605 -0.504390
vn 0.771071 0.253608 -0.584066
vn -0.952559 0.253823 -0.167945
vn -0.959743 0.253823 -0.120279
vn -0.947037 0.257817 -0.191448
vn 0.483663 0.253602 -0.837709
vn 0.483649 0.253598 -0.837718
vn -0.072304 0.253608 -0.964601
vn 0.024139 0.253608 -0.967006
vn 0.024100 0.253598 -0.967009
vn -0.441287 0.253599 -0.860787
vn 0.937397 0.253602 -0.238689
vn 0.956506 0.253605 -0.144158
vn 0.956504 0.253602 -0.144170
vn -0.799226 0.253603 -0.544906
vn -0.849507 0.253601 -0.462628
vn -0.799232 0.253601 -0.544899
vn 0.771087 0.253603 -0.584046
vn -0.961393 0.257815 -0.096198
vn -0.964545 0.253826 -0.072283
vn -0.966949 0.253826 -0.024110
vn 0.397839 0.253597 -0.881710
vn 0.397858 0.253602 -0.881700
vn -0.072260 0.253596 -0.964607
vn -0.524809 0.253604 -0.812564
vn -0.524824 0.253599 -0.812556
vn 0.937397 0.253602 -0.238689
vn -0.849510 0.253603 -0.462622
vn 0.709081 0.253600 -0.657944
vn 0.709090 0.253603 -0.657934
vn -0.966949 0.253826 0.024110
vn -0.964545 0.253826 0.072283
vn -0.966194 0.257816 0.000000
vn 0.308048 0.253602 -0.916947
vn 0.308078 0.253610 -0.916935
vn -0.167960 0.253608 -0.952614
vn -0.168001 0.253597 -0.952609
vn -0.603105 0.253601 -0.756274
vn -0.603097 0.253604 -0.756280
vn 0.908971 0.253602 -0.330845
vn 0.908972 0.253602 -0.330841
vn -0.891353 0.253602 -0.375733
vn -0.891351 0.253604 -0.375737
vn 0.640057 0.253599 -0.725269
vn 0.640059 0.253600 -0.725267
vn -0.959743 0.253823 0.120279
vn -0.952559 0.253823 0.167945
vn -0.961393 0.257815 0.096198
vn 0.215252 0.253610 -0.943053
vn 0.120295 0.253602 -0.959800
vn 0.215218 0.253602 -0.943063
vn -0.261976 0.253608 -0.931156
vn -0.262000 0.253601 -0.931151
vn -0.353387 0.253601 -0.900447
vn -0.675410 0.253607 -0.692463
vn -0.741001 0.253606 -0.621773
vn -0.675425 0.253601 -0.692451
vn 0.871509 0.253603 -0.419711
vn 0.871508 0.253602 -0.419714
vn -0.924335 0.253602 -0.285116
vn -0.948129 0.253602 -0.191668
vn -0.924335 0.253602 -0.285115
vn 0.564664 0.253601 -0.785393
vn 0.564655 0.253599 -0.785399
vn 0.483663 0.253602 -0.837709
vn -0.942996 0.253824 0.215250
vn -0.931098 0.253824 0.261975
vn -0.947037 0.257817 0.191448
vn 0.120267 0.253608 -0.959801
vn -0.353402 0.253605 -0.900439
vn 0.966106 0.253602 -0.048218
vn 0.966106 0.253604 -0.048218
vn 0.966106 0.253601 -0.048221
vn -0.740995 0.253603 -0.621781
vn 0.825395 0.253600 -0.504391
vn 0.825401 0.253603 -0.504380
vn -0.948129 0.253602 -0.191668
vn 0.483636 0.253608 -0.837722
vn -0.916887 0.253823 0.308046
vn -0.900385 0.253823 0.353384
vn -0.923271 0.257813 0.284787
vn 0.024100 0.253598 -0.967009
vn 0.024144 0.253609 -0.967005
vn -0.441286 0.253607 -0.860785
vn -0.524823 0.253606 -0.812554
vn -0.441290 0.253605 -0.860783
vn 0.956505 0.253600 -0.144169
vn 0.956506 0.253602 -0.144158
vn -0.799226 0.253606 -0.544906
vn -0.799232 0.253603 -0.544897
vn 0.771087 0.253600 -0.584048
vn 0.771088 0.253601 -0.584046
vn 0.709090 0.253601 -0.657934
vn -0.967309 0.253602 0.000000
vn -0.962502 0.253603 -0.096314
vn -0.962502 0.253602 -0.096309
vn 0.397861 0.253608 -0.881697
vn 0.397838 0.253603 -0.881709
vn 0.308048 0.253602 -0.916947
vn -0.881660 0.253823 0.397807
vn -0.860728 0.253823 0.441272
vn -0.890327 0.257812 0.375300
vn -0.072297 0.253598 -0.964604
vn -0.072260 0.253607 -0.964605
vn -0.524812 0.253603 -0.812563
vn 0.937397 0.253602 -0.238690
vn 0.937397 0.253602 -0.238689
vn -0.849509 0.253606 -0.462621
vn -0.849509 0.253606 -0.462621
vn 0.709059 0.253609 -0.657964
vn -0.967309 0.253602 0.000000
vn 0.308060 0.253600 -0.916944
vn 0.215252 0.253600 -0.943056
vn -0.837663 0.253825 0.483625
vn -0.812523 0.253826 0.524766
vn -0.848528 0.257814 0.462095
vn -0.261977 0.253598 -0.931159
vn -0.168001 0.253598 -0.952609
vn -0.167964 0.253607 -0.952613
vn -0.603097 0.253601 -0.756280
vn -0.603093 0.253603 -0.756283
vn 0.908971 0.253604 -0.330841
vn 0.908968 0.253602 -0.330852
vn -0.891349 0.253605 -0.375740
vn -0.891351 0.253604 -0.375737
vn 0.640059 0.253610 -0.725263
vn 0.640057 0.253609 -0.725265
vn -0.962502 0.253603 0.096309
vn -0.962502 0.253602 0.096314
vn -0.948129 0.253602 0.191668
vn 0.215241 0.253602 -0.943057
vn -0.785350 0.253827 0.564622
vn -0.756224 0.253827 0.603073
vn -0.798310 0.257818 0.544271
vn -0.261993 0.253602 -0.931153
vn -0.740996 0.253598 -0.621782
vn -0.675425 0.253598 -0.692451
vn -0.675414 0.253601 -0.692461
vn 0.871512 0.253604 -0.419705
vn 0.871508 0.253602 -0.419714
vn -0.924335 0.253605 -0.285114
vn -0.948129 0.253605 -0.191668
vn -0.924335 0.253604 -0.285114
vn 0.564650 0.253609 -0.785400
vn 0.564654 0.253610 -0.785397
vn -0.948129 0.253602 0.191668
vn 0.120267 0.253598 -0.959804
vn 0.120283 0.253602 -0.959801
vn -0.725216 0.253828 0.640025
vn -0.740140 0.257819 0.621066
vn -0.692413 0.253828 0.675378
vn -0.353418 0.253602 -0.900434
vn -0.353402 0.253606 -0.900439
vn 0.966106 0.253604 -0.048217
vn -0.741009 0.253604 -0.621764
vn 0.825403 0.253602 -0.504377
vn 0.825401 0.253602 -0.504380
vn -0.948129 0.253604 -0.191669
vn 0.483638 0.253598 -0.837725
vn 0.397862 0.253598 -0.881699
vn 0.483696 0.253611 -0.837687
vn -0.924335 0.253602 0.285115
vn -0.924335 0.253602 0.285116
vn -0.891353 0.253602 0.375733
vn 0.024097 0.253598 -0.967010
vn 0.024144 0.253608 -0.967006
vn -0.674638 0.257815 0.691661
vn -0.657897 0.253823 0.709046
vn -0.621765 0.253823 0.740933
vn -0.441295 0.253605 -0.860780
vn -0.441290 0.253607 -0.860783
vn -0.524812 0.253607 -0.812562
vn 0.956505 0.253602 -0.144169
vn 0.956507 0.253605 -0.144152
vn -0.799227 0.253603 -0.544906
vn -0.799233 0.253601 -0.544897
vn -0.849510 0.253601 -0.462622
vn 0.771086 0.253603 -0.584048
vn 0.771084 0.253602 -0.584050
vn -0.962501 0.253604 -0.096319
vn -0.962502 0.253603 -0.096314
vn -0.967309 0.253602 0.000000
vn 0.397833 0.253604 -0.881711
vn -0.891351 0.253604 0.375737
vn -0.167963 0.253607 -0.952613
vn -0.072296 0.253607 -0.964602
vn -0.072292 0.253608 -0.964602
vn -0.584019 0.253826 0.771035
vn -0.544872 0.253826 0.799179
vn -0.602416 0.257819 0.755397
vn -0.524803 0.253604 -0.812568
vn 0.937397 0.253602 -0.238690
vn 0.937397 0.253602 -0.238691
vn -0.849510 0.253601 -0.462622
vn 0.709061 0.253600 -0.657966
vn 0.709070 0.253603 -0.657956
vn -0.967309 0.253602 0.000000
vn 0.308060 0.253600 -0.916944
vn 0.308075 0.253603 -0.916938
vn -0.849507 0.253601 0.462628
vn -0.849510 0.253603 0.462622
vn -0.167967 0.253608 -0.952612
vn -0.524211 0.257815 0.811624
vn -0.504339 0.253819 0.825359
vn -0.462590 0.253819 0.849463
vn -0.675413 0.253609 -0.692459
vn -0.603111 0.253604 -0.756269
vn -0.603092 0.253609 -0.756282
vn 0.908963 0.253602 -0.330867
vn 0.908967 0.253604 -0.330852
vn -0.891350 0.253602 -0.375741
vn -0.891351 0.253601 -0.375739
vn 0.564651 0.253599 -0.785402
vn 0.640064 0.253600 -0.725262
vn 0.640061 0.253599 -0.725265
vn -0.962501 0.253603 0.096319
vn -0.962501 0.253604 0.096314
vn 0.215233 0.253600 -0.943060
vn 0.215241 0.253602 -0.943058
vn -0.740994 0.253603 0.621783
vn -0.799231 0.253603 0.544899
vn -0.799227 0.253600 0.544906
vn -0.261958 0.253608 -0.931161
vn -0.261993 0.253601 -0.931153
vn -0.440766 0.257813 0.859801
vn -0.419673 0.253827 0.871462
vn -0.375742 0.253827 0.891285
vn -0.675406 0.253607 -0.692467
vn -0.741009 0.253606 -0.621764
vn 0.871512 0.253603 -0.419705
vn 0.871517 0.253604 -0.419693
vn -0.924335 0.253602 -0.285114
vn -0.924336 0.253602 -0.285113
vn -0.948129 0.253602 -0.191669
vn 0.564646 0.253600 -0.785406
vn -0.948129 0.253604 0.191669
vn -0.924335 0.253605 0.285114
vn -0.948129 0.253605 0.191668
vn 0.120303 0.253602 -0.959799
vn 0.120283 0.253598 -0.959802
vn -0.741002 0.253600 0.621774
vn -0.353393 0.253601 -0.900444
vn -0.353418 0.253595 -0.900436
vn -0.441296 0.253595 -0.860783
vn -0.330813 0.253822 0.908921
vn -0.285108 0.253822 0.924277
vn -0.353015 0.257818 0.899394
vn 0.966106 0.253602 -0.048217
vn 0.966106 0.253602 -0.048216
vn 0.966106 0.253602 -0.048216
vn -0.740990 0.253599 -0.621789
vn 0.825405 0.253603 -0.504374
vn 0.825403 0.253602 -0.504377
vn -0.948129 0.253602 -0.191670
vn 0.483697 0.253607 -0.837688
vn 0.483662 0.253600 -0.837710
vn -0.924335 0.253604 0.285114
vn 0.024097 0.253598 -0.967009
vn 0.024095 0.253598 -0.967010
vn -0.675416 0.253601 0.692459
vn -0.675412 0.253599 0.692464
vn -0.441307 0.253598 -0.860776
vn -0.261677 0.257815 0.930084
vn -0.238641 0.253820 0.937351
vn -0.191688 0.253820 0.948067
vn 0.956507 0.253602 -0.144152
vn 0.956507 0.253602 -0.144152
vn -0.799224 0.253600 -0.544911
vn -0.849510 0.253599 -0.462623
vn -0.799228 0.253598 -0.544906
vn 0.771084 0.253603 -0.584050
vn 0.771082 0.253602 -0.584053
vn -0.962501 0.253604 -0.096319
vn -0.962502 0.253601 -0.096310
vn -0.967308 0.253605 0.000000
vn 0.397862 0.253608 -0.881697
vn 0.397833 0.253603 -0.881711
vn -0.891351 0.253605 0.375737
vn -0.891350 0.253604 0.375741
vn -0.849509 0.253606 0.462621
vn -0.072293 0.253597 -0.964605
vn -0.167967 0.253597 -0.952615
vn -0.072285 0.253598 -0.964605
vn -0.603105 0.253601 0.756274
vn -0.603111 0.253604 0.756269
vn -0.524829 0.253597 -0.812553
vn -0.603111 0.253604 -0.756269
vn -0.524803 0.253604 -0.812568
vn -0.167763 0.257818 0.951517
vn -0.144154 0.253829 0.956447
vn -0.096318 0.253829 0.962442
vn 0.937397 0.253602 -0.238691
vn 0.937396 0.253602 -0.238692
vn -0.849515 0.253601 -0.462614
vn 0.640064 0.253602 -0.725262
vn 0.709072 0.253603 -0.657953
vn 0.709070 0.253602 -0.657956
vn -0.967308 0.253604 0.000000
vn 0.308074 0.253610 -0.916936
vn 0.308029 0.253602 -0.916954
vn -0.849509 0.253606 0.462621
vn -0.167972 0.253598 -0.952614
vn -0.524815 0.253606 0.812559
vn -0.524809 0.253604 0.812564
vn -0.603102 0.253601 -0.756277
vn -0.072225 0.257818 0.963490
vn -0.048189 0.253820 0.966050
vn 0.000000 0.253819 0.967252
vn 0.908963 0.253601 -0.330867
vn 0.908966 0.253602 -0.330856
vn -0.891351 0.253602 -0.375739
vn -0.891352 0.253601 -0.375736
vn 0.640032 0.253608 -0.725288
vn -0.962502 0.253604 0.096310
vn -0.948129 0.253602 0.191669
vn -0.962501 0.253602 0.096319
vn 0.120303 0.253602 -0.959799
vn 0.215286 0.253611 -0.943045
vn 0.215233 0.253601 -0.943059
vn -0.799226 0.253603 0.544906
vn -0.799232 0.253606 0.544897
vn -0.261973 0.253598 -0.931160
vn -0.261959 0.253601 -0.931163
vn -0.441274 0.253595 0.860794
vn -0.441306 0.253607 0.860774
vn -0.675398 0.253602 -0.692476
vn -0.675408 0.253599 -0.692468
vn 0.048189 0.253830 0.966048
vn 0.096318 0.253830 0.962441
vn 0.024107 0.257813 0.965894
vn 0.871509 0.253600 -0.419714
vn 0.871518 0.253602 -0.419693
vn -0.948129 0.253602 -0.191670
vn -0.924336 0.253602 -0.285113
vn -0.924336 0.253602 -0.285111
vn 0.564645 0.253602 -0.785405
vn 0.483662 0.253602 -0.837710
vn 0.564680 0.253608 -0.785378
vn -0.948129 0.253602 0.191670
vn 0.120261 0.253609 -0.959802
vn -0.740995 0.253603 0.621781
vn -0.741001 0.253606 0.621773
vn -0.675410 0.253607 0.692463
vn -0.353416 0.253601 -0.900435
vn -0.353392 0.253605 -0.900443
vn -0.353422 0.253611 0.900430
vn -0.353374 0.253595 0.900454
vn 0.966106 0.253602 -0.048215
vn 0.964542 0.253826 -0.072332
vn 0.959746 0.253826 -0.120245
vn 0.966283 0.252928 -0.048224
vn -0.741000 0.253600 -0.621776
vn -0.740989 0.253603 -0.621788
vn 0.120122 0.257815 0.958698
vn 0.144154 0.253823 0.956448
vn 0.191688 0.253823 0.948066
vn 0.825407 0.253603 -0.504369
vn 0.825405 0.253602 -0.504374
vn -0.948129 0.253602 -0.191669
vn 0.483629 0.253607 -0.837727
vn 0.397862 0.253607 -0.881697
vn -0.924336 0.253602 0.285114
vn -0.924336 0.253602 0.285113
vn 0.024095 0.253608 -0.967007
vn 0.024093 0.253608 -0.967007
vn -0.675425 0.253601 0.692451
vn -0.603105 0.253601 0.756274
vn -0.441315 0.253605 -0.860770
vn -0.441306 0.253607 -0.860774
vn -0.261990 0.253612 0.931151
vn -0.261978 0.253608 0.931156
vn 0.952559 0.253824 -0.167946
vn 0.942985 0.253823 -0.215299
vn 0.956677 0.252928 -0.144210
vn 0.956507 0.253605 -0.144152
vn 0.956503 0.253602 -0.144183
vn -0.799231 0.253603 -0.544899
vn -0.849513 0.253606 -0.462613
vn -0.799223 0.253606 -0.544910
vn 0.238640 0.253831 0.937348
vn 0.285107 0.253832 0.924275
vn 0.215022 0.257812 0.941965
vn 0.771082 0.253603 -0.584053
vn 0.771078 0.253602 -0.584058
vn -0.962502 0.253602 -0.096310
vn -0.962501 0.253603 -0.096316
vn 0.397897 0.253602 -0.881683
vn 0.308029 0.253602 -0.916954
vn -0.891351 0.253602 0.375739
vn -0.891350 0.253601 0.375741
vn -0.072278 0.253608 -0.964603
vn -0.072285 0.253607 -0.964603
vn -0.603097 0.253604 0.756280
vn -0.524828 0.253604 -0.812552
vn -0.524819 0.253606 -0.812557
vn -0.167991 0.253608 0.952608
vn -0.167957 0.253597 0.952617
vn 0.937567 0.252929 -0.238738
vn 0.931116 0.253823 -0.261911
vn 0.916890 0.253824 -0.308035
vn 0.937396 0.253605 -0.238692
vn 0.937395 0.253605 -0.238694
vn -0.849508 0.253603 -0.462624
vn 0.330813 0.253824 0.908920
vn 0.375743 0.253824 0.891286
vn 0.307697 0.257817 0.915889
vn 0.709089 0.253603 -0.657935
vn 0.709073 0.253600 -0.657953
vn -0.967309 0.253602 0.000000
vn -0.967309 0.253602 0.000000
vn 0.308044 0.253600 -0.916949
vn -0.799233 0.253601 0.544897
vn -0.849510 0.253601 0.462622
vn -0.849510 0.253601 0.462622
vn -0.167971 0.253608 -0.952612
vn -0.167974 0.253607 -0.952611
vn -0.261972 0.253608 -0.931157
vn -0.524810 0.253599 0.812565
vn -0.524824 0.253604 0.812555
vn -0.603089 0.253604 -0.756286
vn -0.603102 0.253601 -0.756277
vn -0.072272 0.253596 0.964606
vn -0.072309 0.253608 0.964601
vn 0.908967 0.253605 -0.330852
vn 0.900373 0.253823 -0.353414
vn 0.881655 0.253823 -0.397817
vn 0.908966 0.253604 -0.330856
vn 0.909134 0.252926 -0.330913
vn -0.891351 0.253606 -0.375736
vn -0.891356 0.253603 -0.375725
vn 0.419674 0.253819 0.871464
vn 0.462590 0.253819 0.849463
vn 0.397384 0.257809 0.880693
vn 0.640019 0.253599 -0.725302
vn 0.640033 0.253602 -0.725289
vn -0.962502 0.253602 0.096316
vn -0.962502 0.253603 0.096310
vn -0.948129 0.253602 0.191670
vn 0.215280 0.253600 -0.943049
vn 0.120262 0.253601 -0.959804
vn 0.215286 0.253601 -0.943047
vn -0.799227 0.253603 0.544906
vn -0.261991 0.253611 -0.931151
vn -0.353373 0.253605 0.900451
vn -0.441287 0.253599 0.860787
vn -0.441306 0.253605 0.860775
vn -0.740999 0.253606 -0.621775
vn -0.675398 0.253606 -0.692475
vn -0.675417 0.253602 -0.692458
vn 0.024102 0.253608 0.967007
vn 0.024135 0.253598 0.967009
vn 0.871508 0.253602 -0.419714
vn 0.860686 0.253827 -0.441351
vn 0.837682 0.253826 -0.483592
vn 0.871676 0.252927 -0.419773
vn 0.871516 0.253604 -0.419696
vn -0.924332 0.253605 -0.285124
vn -0.924336 0.253602 -0.285111
vn -0.948129 0.253602 -0.191669
vn 0.504338 0.253823 0.825359
vn 0.544873 0.253823 0.799179
vn 0.483096 0.257809 0.836751
vn 0.564681 0.253601 -0.785380
vn 0.564680 0.253601 -0.785380
vn -0.948129 0.253602 0.191669
vn 0.120285 0.253598 -0.959802
vn -0.740996 0.253598 0.621782
vn -0.741009 0.253604 0.621764
vn -0.675425 0.253598 0.692451
vn -0.353415 0.253606 -0.900434
vn -0.353387 0.253610 -0.900444
vn -0.353387 0.253601 0.900447
vn -0.740989 0.253603 -0.621788
vn 0.120269 0.253598 0.959804
vn 0.120260 0.253601 0.959804
vn 0.812529 0.253824 -0.524758
vn 0.785406 0.253824 -0.564545
vn 0.825392 0.253602 -0.504395
vn 0.825407 0.253605 -0.504369
vn 0.825542 0.252928 -0.504487
vn 0.771078 0.253606 -0.584058
vn -0.948129 0.253602 -0.191671
vn 0.584018 0.253831 0.771034
vn 0.621764 0.253830 0.740931
vn 0.564023 0.257816 0.784480
vn 0.483646 0.253601 -0.837719
vn 0.483630 0.253599 -0.837729
vn -0.924336 0.253602 0.285113
vn -0.924336 0.253602 0.285111
vn 0.024093 0.253598 -0.967010
vn 0.024089 0.253598 -0.967010
vn -0.675414 0.253602 0.692461
vn -0.441316 0.253599 -0.860772
vn -0.441280 0.253605 -0.860788
vn -0.524820 0.253599 -0.812559
vn -0.261991 0.253598 0.931154
vn -0.262000 0.253601 0.931151
vn -0.167992 0.253598 0.952610
vn -0.849509 0.253601 -0.462625
vn -0.799232 0.253601 -0.544899
vn -0.799223 0.253604 -0.544911
vn 0.215266 0.253601 0.943052
vn 0.215270 0.253600 0.943052
vn 0.771104 0.253602 -0.584024
vn 0.756233 0.253824 -0.603063
vn 0.725219 0.253825 -0.640024
vn 0.771245 0.252926 -0.584131
vn -0.962501 0.253603 -0.096316
vn -0.962502 0.253602 -0.096311
vn 0.657897 0.253823 0.709046
vn 0.692414 0.253823 0.675379
vn 0.639315 0.257814 0.724437
vn 0.397897 0.253602 -0.881683
vn 0.397874 0.253599 -0.881694
vn -0.891352 0.253602 0.375736
vn -0.891351 0.253601 0.375739
vn -0.167975 0.253597 -0.952614
vn -0.072279 0.253597 -0.964606
vn -0.072267 0.253598 -0.964606
vn -0.603094 0.253601 0.756283
vn -0.603097 0.253603 0.756280
vn -0.524793 0.253594 -0.812578
vn -0.167960 0.253607 0.952614
vn -0.849520 0.253606 -0.462600
vn 0.308064 0.253599 0.916943
vn 0.308052 0.253603 0.916946
vn 0.692362 0.253822 -0.675432
vn 0.657894 0.253821 -0.709049
vn 0.709169 0.252925 -0.658109
vn 0.709039 0.253602 -0.657989
vn 0.709088 0.253609 -0.657934
vn -0.962501 0.253603 0.096316
vn -0.967309 0.253602 0.000000
vn -0.967309 0.253602 0.000000
vn 0.708263 0.257814 0.657187
vn 0.725217 0.253824 0.640026
vn 0.756225 0.253825 0.603073
vn 0.308044 0.253601 -0.916949
vn 0.308058 0.253602 -0.916944
vn 0.215280 0.253601 -0.943049
vn -0.849515 0.253601 0.462614
vn -0.849510 0.253599 0.462623
vn -0.799228 0.253598 0.544906
vn -0.167986 0.253598 -0.952612
vn -0.524812 0.253603 0.812563
vn -0.441286 0.253607 0.860785
vn -0.524823 0.253606 0.812554
vn -0.603090 0.253601 -0.756286
vn -0.603125 0.253594 -0.756261
vn -0.072272 0.253598 0.964606
vn 0.024102 0.253598 0.967009
vn -0.072304 0.253607 0.964601
vn -0.891357 0.253602 -0.375725
vn -0.891349 0.253605 -0.375740
vn 0.397854 0.253603 0.881701
vn 0.397841 0.253608 0.881706
vn 0.640019 0.253600 -0.725302
vn 0.621625 0.253832 -0.741048
vn 0.584175 0.253832 -0.770915
vn 0.640217 0.252927 -0.725362
vn 0.640098 0.253610 -0.725228
vn -0.962502 0.253602 0.096311
vn 0.785354 0.253823 0.564618
vn 0.812517 0.253823 0.524776
vn 0.770184 0.257815 0.583394
vn 0.215270 0.253602 -0.943051
vn -0.799224 0.253600 0.544911
vn -0.261991 0.253602 -0.931153
vn -0.262018 0.253598 -0.931147
vn -0.441290 0.253605 0.860783
vn -0.353386 0.253605 0.900446
vn -0.675407 0.253602 -0.692467
vn -0.740990 0.253600 -0.621788
vn -0.675418 0.253599 -0.692458
vn 0.024139 0.253609 0.967006
vn -0.924332 0.253605 -0.285124
vn -0.924337 0.253602 -0.285110
vn -0.948128 0.253605 -0.191670
vn 0.483651 0.253609 0.837713
vn 0.483655 0.253608 0.837712
vn 0.483646 0.253601 -0.837719
vn 0.564680 0.253601 -0.785380
vn 0.544957 0.253822 -0.799122
vn 0.504350 0.253823 -0.825351
vn 0.564664 0.253599 -0.785393
vn 0.564766 0.252929 -0.785535
vn -0.948129 0.253602 0.191669
vn -0.948129 0.253602 0.191671
vn 0.837670 0.253824 0.483614
vn 0.860725 0.253824 0.441278
vn 0.824451 0.257815 0.503797
vn 0.120223 0.253601 -0.959809
vn 0.120285 0.253608 -0.959799
vn -0.740990 0.253599 0.621789
vn -0.675413 0.253607 0.692460
vn -0.741009 0.253606 0.621764
vn -0.353412 0.253602 -0.900437
vn -0.353388 0.253605 -0.900445
vn -0.353403 0.253601 0.900441
vn -0.741004 0.253603 -0.621771
vn 0.120282 0.253608 0.959800
vn 0.120269 0.253612 0.959800
vn 0.215265 0.253612 0.943049
vn -0.948128 0.253604 -0.191672
vn 0.564649 0.253609 0.785401
vn 0.564674 0.253599 0.785386
vn 0.462496 0.253821 -0.849513
vn 0.419606 0.253820 -0.871497
vn 0.397873 0.253607 -0.881692
vn 0.483589 0.253607 -0.837750
vn 0.483678 0.252924 -0.837905
vn -0.891351 0.253606 0.375736
vn -0.924332 0.253602 0.285124
vn -0.924336 0.253605 0.285111
vn 0.881657 0.253822 0.397813
vn 0.900388 0.253822 0.353378
vn 0.870507 0.257814 0.419224
vn 0.024084 0.253608 -0.967007
vn 0.024089 0.253609 -0.967007
vn -0.675406 0.253609 0.692466
vn -0.441280 0.253607 -0.860788
vn -0.524791 0.253607 -0.812575
vn -0.441286 0.253606 -0.860785
vn -0.261976 0.253601 0.931158
vn -0.262000 0.253607 0.931149
vn -0.849521 0.253606 -0.462600
vn -0.799233 0.253603 -0.544896
vn -0.799222 0.253606 -0.544911
vn 0.215225 0.253600 0.943062
vn -0.962501 0.253604 -0.096311
vn -0.962501 0.253604 -0.096311
vn -0.967308 0.253605 0.000000
vn 0.709080 0.253600 0.657945
vn 0.640052 0.253600 0.725273
vn 0.640053 0.253599 0.725272
vn 0.375911 0.253823 -0.891216
vn 0.330759 0.253824 -0.908940
vn 0.398004 0.252929 -0.881827
vn 0.397931 0.253601 -0.881667
vn -0.891356 0.253603 0.375725
vn 0.907929 0.257814 0.330448
vn 0.916884 0.253825 0.308053
vn 0.931099 0.253825 0.261968
vn -0.072251 0.253609 -0.964605
vn -0.072267 0.253607 -0.964604
vn -0.603093 0.253604 0.756283
vn -0.603110 0.253610 0.756268
vn -0.524772 0.253604 -0.812588
vn -0.168001 0.253608 0.952606
vn -0.167960 0.253597 0.952616
vn -0.849508 0.253601 -0.462626
vn 0.308063 0.253602 0.916942
vn 0.308071 0.253600 0.916940
vn -0.967308 0.253605 0.000000
vn 0.709086 0.253603 0.657938
vn 0.308081 0.253603 -0.916936
vn 0.284922 0.253833 -0.924331
vn 0.238660 0.253832 -0.937342
vn 0.215270 0.253600 -0.943051
vn 0.308137 0.252929 -0.917103
vn 0.308058 0.253600 -0.916944
vn -0.849508 0.253603 0.462624
vn -0.849513 0.253606 0.462613
vn 0.936315 0.257814 0.238424
vn 0.942997 0.253824 0.215243
vn 0.952556 0.253824 0.167960
vn -0.167993 0.253607 -0.952608
vn -0.167985 0.253608 -0.952609
vn -0.262017 0.253607 -0.931145
vn -0.524803 0.253604 0.812568
vn -0.524812 0.253607 0.812562
vn -0.603110 0.253604 -0.756269
vn -0.603123 0.253602 -0.756260
vn -0.072260 0.253596 0.964607
vn -0.072304 0.253608 0.964601
vn 0.024139 0.253608 0.967006
vn -0.891352 0.253601 -0.375737
vn -0.891350 0.253602 -0.375741
vn 0.397855 0.253598 0.881703
vn 0.483657 0.253597 0.837714
vn 0.397839 0.253603 0.881709
vn -0.948128 0.253605 0.191670
vn -0.962501 0.253604 0.096311
vn -0.962501 0.253604 0.096311
vn 0.825401 0.253608 0.504378
vn 0.771071 0.253608 0.584066
vn 0.771082 0.253603 0.584053
vn 0.215177 0.252931 -0.943252
vn 0.191668 0.253823 -0.948070
vn 0.144297 0.253824 -0.956427
vn 0.215138 0.253613 -0.943078
vn -0.740989 0.253603 0.621788
vn -0.799230 0.253606 0.544899
vn -0.799223 0.253603 0.544910
vn 0.955403 0.257814 0.144005
vn 0.959745 0.253822 0.120264
vn 0.964546 0.253822 0.072283
vn 0.964994 0.257814 0.048157
vn -0.261964 0.253601 -0.931161
vn -0.441295 0.253607 0.860780
vn -0.441290 0.253605 0.860783
vn -0.741003 0.253604 -0.621771
vn -0.675407 0.253605 -0.692467
vn -0.675425 0.253601 -0.692450
vn 0.024100 0.253598 0.967009
vn -0.948129 0.253602 -0.191672
vn -0.924337 0.253602 -0.285108
vn -0.924337 0.253602 -0.285110
vn 0.483669 0.253602 0.837706
vn -0.948128 0.253605 0.191672
vn 0.871511 0.253604 0.419708
vn 0.825395 0.253604 0.504389
vn 0.120398 0.252926 -0.959965
vn 0.120223 0.253598 -0.959809
vn 0.096199 0.253831 -0.962453
vn 0.048469 0.253832 -0.966033
vn 0.120376 0.253613 -0.959787
vn -0.741000 0.253600 0.621776
vn -0.353362 0.253601 -0.900456
vn -0.353413 0.253595 -0.900438
vn -0.353417 0.253606 0.900433
vn -0.353402 0.253602 0.900440
vn -0.741010 0.253606 -0.621763
vn 0.120282 0.253601 0.959801
vn 0.215225 0.253602 0.943061
vn 0.120295 0.253598 0.959801
vn -0.948129 0.253602 -0.191672
vn 0.564650 0.253601 0.785402
vn 0.564647 0.253602 0.785404
vn 0.640053 0.253601 0.725272
vn -0.924332 0.253602 0.285124
vn -0.924336 0.253605 0.285110
vn -0.891357 0.253602 0.375725
vn 0.871510 0.253603 0.419710
vn 0.024079 0.252924 -0.967186
vn 0.000000 0.253819 -0.967252
vn -0.048468 0.253818 -0.966037
vn 0.024084 0.253598 -0.967010
vn 0.024075 0.253597 -0.967010
vn -0.675399 0.253599 0.692477
vn -0.675407 0.253602 0.692468
vn -0.441287 0.253597 -0.860787
vn -0.441308 0.253595 -0.860777
vn -0.261977 0.253598 0.931159
vn -0.261993 0.253602 0.931153
vn -0.799234 0.253601 -0.544897
vn -0.849508 0.253601 -0.462626
vn -0.799212 0.253606 -0.544926
vn 0.215218 0.253600 0.943063
vn -0.962502 0.253601 -0.096311
vn -0.962501 0.253603 -0.096321
vn -0.967309 0.253602 0.000000
vn 0.640073 0.253610 0.725250
vn -0.891349 0.253605 0.375740
vn 0.937395 0.253603 0.238699
vn 0.908976 0.253603 0.330829
vn 0.908976 0.253603 0.330829
vn -0.072355 0.253597 -0.964600
vn -0.072369 0.252927 -0.964775
vn -0.096199 0.253818 -0.962456
vn -0.144297 0.253817 -0.956428
vn -0.167993 0.253607 -0.952608
vn -0.072251 0.253607 -0.964605
vn -0.603111 0.253604 0.756269
vn -0.603102 0.253601 0.756277
vn -0.524772 0.253604 -0.812588
vn -0.524814 0.253598 -0.812563
vn -0.167964 0.253597 0.952616
vn -0.168001 0.253606 0.952607
vn -0.849507 0.253601 -0.462627
vn 0.308070 0.253603 0.916940
vn 0.397839 0.253603 0.881709
vn 0.308079 0.253600 0.916937
vn -0.967309 0.253602 0.000000
vn 0.709086 0.253603 0.657938
vn 0.709070 0.253609 0.657953
vn -0.799232 0.253601 0.544899
vn -0.849520 0.253606 0.462600
vn -0.849509 0.253601 0.462625
vn 0.937395 0.253603 0.238696
vn -0.167886 0.253597 -0.952630
vn -0.191667 0.253829 -0.948069
vn -0.238660 0.253829 -0.937343
vn -0.167916 0.252929 -0.952802
vn -0.524804 0.253598 0.812569
vn -0.524828 0.253604 0.812552
vn -0.441296 0.253597 0.860782
vn -0.603153 0.253603 -0.756236
vn -0.603110 0.253610 -0.756268
vn -0.072296 0.253607 0.964602
vn -0.072260 0.253598 0.964607
vn -0.891361 0.253601 -0.375715
vn -0.891351 0.253604 -0.375737
vn 0.397857 0.253608 0.881699
vn 0.483668 0.253608 0.837704
vn -0.962502 0.253603 0.096311
vn -0.962501 0.253601 0.096321
vn -0.948129 0.253602 0.191672
vn 0.771081 0.253603 0.584055
vn 0.771082 0.253602 0.584053
vn -0.799223 0.253604 0.544911
vn 0.956504 0.253604 0.144173
vn 0.966106 0.253603 0.048212
vn 0.956504 0.253603 0.144171
vn 0.966106 0.253603 0.048213
vn -0.262036 0.252932 -0.931323
vn -0.261964 0.253600 -0.931161
vn -0.284923 0.253822 -0.924334
vn -0.330759 0.253824 -0.908940
vn -0.353362 0.253601 -0.900456
vn -0.261989 0.253598 -0.931155
vn -0.353418 0.253595 0.900436
vn -0.441308 0.253595 0.860777
vn -0.741011 0.253600 -0.621764
vn -0.675425 0.253600 -0.692451
vn -0.675360 0.253610 -0.692511
vn 0.024144 0.253598 0.967008
vn 0.024100 0.253608 0.967007
vn -0.924337 0.253602 -0.285108
vn -0.948129 0.253602 -0.191672
vn -0.924332 0.253605 -0.285122
vn 0.483648 0.253601 0.837717
vn -0.948129 0.253602 0.191672
vn 0.825396 0.253602 0.504389
vn 0.825395 0.253602 0.504389
vn -0.740989 0.253603 0.621788
vn -0.740999 0.253606 0.621775
vn -0.675398 0.253606 0.692475
vn -0.375910 0.253828 -0.891214
vn -0.419605 0.253827 -0.871495
vn -0.353469 0.252924 -0.900605
vn -0.353404 0.253605 -0.900439
vn -0.353393 0.253601 0.900444
vn -0.741035 0.253604 -0.621733
vn 0.120267 0.253608 0.959801
vn 0.120295 0.253602 0.959800
vn -0.948128 0.253602 -0.191674
vn 0.564666 0.253601 0.785391
vn 0.564646 0.253607 0.785403
vn -0.924337 0.253602 0.285108
vn -0.924337 0.253602 0.285110
vn -0.891350 0.253602 0.375741
vn 0.871509 0.253604 0.419709
vn 0.871513 0.253603 0.419704
vn -0.675417 0.253602 0.692458
vn -0.441306 0.253607 -0.860774
vn -0.441407 0.252927 -0.860923
vn -0.441326 0.253605 -0.860765
vn -0.462496 0.253819 -0.849514
vn -0.504351 0.253819 -0.825352
vn -0.524813 0.253606 -0.812561
vn -0.261992 0.253608 0.931152
vn -0.261959 0.253600 0.931163
vn -0.799213 0.253604 -0.544925
vn -0.799212 0.253604 -0.544926
vn -0.849507 0.253604 -0.462627
vn 0.215252 0.253601 0.943055
vn 0.215217 0.253610 0.943061
vn -0.962501 0.253603 -0.096321
vn -0.962502 0.253602 -0.096314
vn 0.640075 0.253600 0.725252
vn 0.640054 0.253607 0.725268
vn -0.891352 0.253601 0.375737
vn 0.908974 0.253604 0.330834
vn 0.908976 0.253603 0.330829
vn -0.603090 0.253601 0.756286
vn -0.603101 0.253604 0.756276
vn -0.544957 0.253826 -0.799121
vn -0.584176 0.253824 -0.770916
vn -0.524870 0.252924 -0.812737
vn -0.524773 0.253602 -0.812588
vn -0.167967 0.253608 0.952612
vn -0.167963 0.253607 0.952613
vn -0.072296 0.253607 0.964602
vn -0.849504 0.253603 -0.462632
vn 0.308079 0.253603 0.916937
vn 0.308048 0.253610 0.916945
vn 0.397858 0.253602 0.881700
vn -0.967309 0.253602 0.000000
vn -0.967309 0.253602 0.000000
vn 0.709079 0.253600 0.657947
vn 0.709072 0.253603 0.657954
vn -0.849508 0.253601 0.462626
vn -0.849521 0.253606 0.462600
vn -0.799222 0.253606 0.544911
vn 0.937395 0.253602 0.238696
vn 0.937395 0.253603 0.238697
vn -0.524828 0.253606 0.812551
vn -0.441306 0.253607 0.860774
vn -0.524819 0.253604 0.812558
vn -0.603251 0.252932 -0.756382
vn -0.621627 0.253822 -0.741049
vn -0.657893 0.253823 -0.709049
vn -0.603153 0.253600 -0.756236
vn -0.603142 0.253602 -0.756245
vn 0.024144 0.253608 0.967006
vn -0.072292 0.253608 0.964602
vn -0.891361 0.253602 -0.375715
vn -0.891356 0.253603 -0.375725
vn 0.397839 0.253597 0.881710
vn -0.948129 0.253602 0.191672
vn -0.962501 0.253602 0.096321
vn -0.962502 0.253603 0.096314
vn 0.825396 0.253600 0.504389
vn 0.771074 0.253603 0.584063
vn 0.771081 0.253600 0.584055
vn -0.799233 0.253603 0.544896
vn 0.956505 0.253602 0.144165
vn 0.966106 0.253604 0.048212
vn 0.966106 0.253602 0.048221
vn 0.956504 0.253604 0.144173
vn -0.441315 0.253605 0.860770
vn -0.675408 0.253600 -0.692467
vn -0.741035 0.253606 -0.621732
vn -0.675531 0.252926 -0.692593
vn -0.692363 0.253820 -0.675433
vn -0.725219 0.253821 -0.640025
vn -0.675361 0.253606 -0.692511
vn 0.024097 0.253598 0.967010
vn -0.924333 0.253602 -0.285122
vn -0.948128 0.253602 -0.191674
vn -0.924333 0.253602 -0.285123
vn 0.483663 0.253597 0.837710
vn 0.483648 0.253601 0.837717
vn -0.948128 0.253602 0.191674
vn 0.825401 0.253603 0.504381
vn 0.871513 0.253602 0.419704
vn -0.741004 0.253603 0.621771
vn -0.740990 0.253600 0.621788
vn -0.675418 0.253599 0.692458
vn -0.353415 0.253606 0.900434
vn -0.353393 0.253601 0.900444
vn -0.740972 0.253596 -0.621811
vn -0.756233 0.253825 -0.603062
vn -0.785406 0.253824 -0.564545
vn -0.741106 0.252926 -0.621924
vn 0.120267 0.253602 0.959803
vn 0.120283 0.253598 0.959802
vn 0.215252 0.253602 0.943055
vn -0.948132 0.253605 -0.191655
vn 0.564666 0.253601 0.785391
vn 0.564663 0.253602 0.785392
vn 0.640055 0.253601 0.725270
vn -0.924337 0.253604 0.285108
vn -0.891351 0.253604 0.375737
vn -0.924333 0.253602 0.285123
vn 0.871515 0.253604 0.419698
vn -0.675407 0.253602 0.692467
vn -0.261973 0.253601 0.931159
vn -0.261959 0.253598 0.931164
vn -0.799214 0.253600 -0.544925
vn -0.799376 0.252931 -0.545000
vn -0.849504 0.253601 -0.462632
vn -0.812528 0.253828 -0.524758
vn -0.837682 0.253827 -0.483591
vn -0.799231 0.253597 -0.544901
vn 0.215241 0.253599 0.943058
vn -0.962501 0.253604 -0.096314
vn -0.962501 0.253604 -0.096314
vn 0.640056 0.253602 0.725268
vn -0.891361 0.253601 0.375715
vn 0.937395 0.253602 0.238697
vn 0.908974 0.253602 0.330834
vn 0.908972 0.253604 0.330840
vn -0.603091 0.253594 0.756288
vn -0.603123 0.253602 0.756260
vn -0.167967 0.253597 0.952615
vn -0.167972 0.253598 0.952614
vn -0.860687 0.253822 -0.441352
vn -0.881655 0.253823 -0.397818
vn -0.849686 0.252930 -0.462666
vn -0.849531 0.253606 -0.462582
vn 0.308060 0.253600 0.916944
vn 0.308048 0.253602 0.916947
vn -0.967308 0.253605 0.000000
vn -0.967308 0.253605 0.000000
vn 0.709081 0.253602 0.657944
vn 0.709078 0.253603 0.657947
vn -0.799234 0.253601 0.544897
vn -0.849507 0.253601 0.462627
vn -0.849508 0.253601 0.462626
vn 0.937395 0.253602 0.238698
vn -0.524820 0.253599 0.812559
vn -0.524793 0.253594 0.812578
vn -0.072293 0.253598 0.964604
vn 0.024097 0.253598 0.967009
vn -0.072286 0.253597 0.964605
vn -0.891357 0.253602 -0.375725
vn -0.900373 0.253823 -0.353414
vn -0.916891 0.253823 -0.308035
vn -0.891505 0.252927 -0.375828
vn -0.891341 0.253605 -0.375759
vn 0.397862 0.253602 0.881698
vn 0.483662 0.253608 0.837708
vn 0.397838 0.253608 0.881708
vn -0.962501 0.253604 0.096314
vn -0.962501 0.253604 0.096314
vn 0.771072 0.253603 0.584067
vn 0.771074 0.253602 0.584064
vn -0.799212 0.253606 0.544926
vn 0.956505 0.253602 0.144165
vn 0.956505 0.253602 0.144167
vn 0.966106 0.253602 0.048221
vn 0.966106 0.253604 0.048211
vn -0.353415 0.253606 0.900434
vn -0.441315 0.253605 0.860770
vn -0.441281 0.253598 0.860790
vn 0.024095 0.253598 0.967010
vn -0.924343 0.253602 -0.285091
vn -0.924511 0.252926 -0.285144
vn -0.948132 0.253604 -0.191655
vn -0.924332 0.253605 -0.285122
vn -0.931115 0.253824 -0.261911
vn -0.942984 0.253824 -0.215299
vn 0.483637 0.253601 0.837724
vn -0.948128 0.253602 0.191674
vn -0.948132 0.253605 0.191655
vn 0.825400 0.253603 0.504381
vn 0.825402 0.253602 0.504379
vn 0.871516 0.253602 0.419698
vn -0.741010 0.253606 0.621763
vn -0.741003 0.253604 0.621771
vn -0.675407 0.253605 0.692467
vn -0.353387 0.253610 0.900444
vn 0.120303 0.253598 0.959800
vn 0.120283 0.253602 0.959801
vn 0.215241 0.253602 0.943058
vn -0.952559 0.253823 -0.167946
vn -0.959747 0.253823 -0.120246
vn -0.948127 0.253602 -0.191679
vn -0.948301 0.252926 -0.191714
vn 0.564664 0.253599 0.785393
vn 0.564655 0.253602 0.785399
vn -0.924333 0.253602 0.285123
vn -0.924333 0.253602 0.285122
vn 0.871511 0.253600 0.419708
vn -0.675425 0.253601 0.692450
vn -0.167971 0.253608 0.952612
vn -0.261991 0.253611 0.931151
vn -0.261972 0.253608 0.931157
vn 0.215233 0.253600 0.943060
vn -0.962499 0.253603 -0.096334
vn -0.962502 0.253601 -0.096314
vn -0.964542 0.253824 -0.072331
vn -0.966951 0.253823 -0.024053
vn -0.962675 0.252928 -0.096351
vn -0.967309 0.253602 0.000000
vn 0.640059 0.253599 0.725267
vn 0.640057 0.253600 0.725269
vn 0.709081 0.253600 0.657944
vn -0.891357 0.253602 0.375725
vn -0.891361 0.253603 0.375715
vn 0.908972 0.253605 0.330840
vn 0.908979 0.253600 0.330823
vn -0.603111 0.253602 0.756270
vn -0.603123 0.253604 0.756259
vn -0.072285 0.253607 0.964603
vn -0.167974 0.253607 0.952611
vn 0.308075 0.253600 0.916939
vn 0.308060 0.253603 0.916943
vn -0.967309 0.253602 0.000000
vn -0.967485 0.252929 0.000000
vn -0.966951 0.253823 0.024053
vn -0.964542 0.253824 0.072331
vn 0.709090 0.253603 0.657934
vn -0.849507 0.253604 0.462627
vn -0.849504 0.253603 0.462632
vn 0.937395 0.253602 0.238698
vn 0.937391 0.253605 0.238710
vn -0.524772 0.253604 0.812588
vn -0.441280 0.253607 0.860788
vn -0.524791 0.253607 0.812575
vn -0.072278 0.253608 0.964603
vn 0.483638 0.253598 0.837725
vn 0.397862 0.253598 0.881699
vn 0.397833 0.253604 0.881711
vn -0.962675 0.252928 0.096351
vn -0.962500 0.253601 0.096334
vn -0.962501 0.253603 0.096314
vn -0.959747 0.253823 0.120246
vn -0.952559 0.253823 0.167946
vn -0.948132 0.253602 0.191655
vn 0.771087 0.253603 0.584046
vn 0.771071 0.253608 0.584066
vn -0.799212 0.253604 0.544926
vn -0.799213 0.253604 0.544925
vn 0.956507 0.253602 0.144157
vn 0.956504 0.253605 0.144167
vn 0.966106 0.253604 0.048211
vn 0.966106 0.253602 0.048221
vn -0.441286 0.253606 0.860785
vn 0.120303 0.253608 0.959797
vn 0.024095 0.253608 0.967007
vn 0.024093 0.253608 0.967007
vn 0.483696 0.253611 0.837687
vn -0.948301 0.252926 0.191714
vn -0.948126 0.253605 0.191679
vn -0.942984 0.253824 0.215299
vn -0.931115 0.253824 0.261911
vn 0.825393 0.253608 0.504390
vn 0.825401 0.253605 0.504379
vn 0.871510 0.253605 0.419708
vn -0.741011 0.253600 0.621764
vn -0.741035 0.253604 0.621733
vn -0.353412 0.253606 0.900436
vn -0.353388 0.253602 0.900446
vn -0.261991 0.253602 0.931153
vn 0.120261 0.253601 0.959804
vn 0.564654 0.253609 0.785397
vn 0.564649 0.253610 0.785400
vn -0.924342 0.253605 0.285091
vn -0.924511 0.252926 0.285144
vn -0.891357 0.253602 0.375725
vn -0.916891 0.253823 0.308035
vn -0.900373 0.253823 0.353414
vn -0.924333 0.253602 0.285122
vn 0.871509 0.253604 0.419710
vn -0.675362 0.253598 0.692513
vn -0.675423 0.253609 0.692449
vn -0.262018 0.253598 0.931147
vn 0.215232 0.253610 0.943057
vn 0.215286 0.253601 0.943047
vn 0.640057 0.253609 0.725265
vn 0.709089 0.253609 0.657933
vn 0.640059 0.253609 0.725263
vn -0.891341 0.253605 0.375759
vn -0.891505 0.252927 0.375828
vn -0.881655 0.253823 0.397818
vn -0.860687 0.253822 0.441352
vn 0.908980 0.253599 0.330823
vn 0.908970 0.253604 0.330844
vn -0.603110 0.253604 0.756269
vn -0.603152 0.253610 0.756234
vn -0.167975 0.253597 0.952614
vn -0.167986 0.253598 0.952612
vn 0.308075 0.253602 0.916938
vn 0.397833 0.253603 0.881711
vn 0.308028 0.253611 0.916952
vn 0.709061 0.253601 0.657966
vn -0.849531 0.253606 0.462582
vn -0.849686 0.252930 0.462666
vn -0.849504 0.253601 0.462632
vn -0.837682 0.253827 0.483591
vn -0.812528 0.253828 0.524758
vn 0.937391 0.253605 0.238710
vn 0.937398 0.253600 0.238689
vn 0.956506 0.253605 0.144157
vn -0.524773 0.253598 0.812589
vn -0.441287 0.253597 0.860787
vn -0.524813 0.253604 0.812562
vn -0.072279 0.253598 0.964606
vn -0.072267 0.253596 0.964607
vn 0.024093 0.253598 0.967010
vn 0.397862 0.253608 0.881697
vn 0.771086 0.253601 0.584048
vn 0.825395 0.253600 0.504391
vn 0.771088 0.253600 0.584047
vn -0.799215 0.253598 0.544926
vn -0.799231 0.253601 0.544901
vn -0.785406 0.253824 0.564545
vn -0.756233 0.253825 0.603062
vn -0.799376 0.252931 0.545000
vn 0.956505 0.253602 0.144170
vn 0.966106 0.253602 0.048221
vn 0.966106 0.253602 0.048221
vn -0.441308 0.253595 0.860777
vn 0.024089 0.253598 0.967010
vn 0.483661 0.253608 0.837708
vn 0.483698 0.253601 0.837689
vn 0.825401 0.253603 0.504380
vn -0.741035 0.253606 0.621732
vn -0.740972 0.253596 0.621811
vn -0.741106 0.252926 0.621924
vn -0.725219 0.253821 0.640025
vn -0.692363 0.253820 0.675433
vn -0.353363 0.253594 0.900458
vn -0.353412 0.253601 0.900437
vn 0.215286 0.253601 0.943047
vn 0.120262 0.253601 0.959804
vn 0.120285 0.253598 0.959802
vn 0.564646 0.253600 0.785406
vn 0.564651 0.253599 0.785402
vn 0.871508 0.253603 0.419714
vn 0.871510 0.253602 0.419711
vn -0.675531 0.252926 0.692593
vn -0.675407 0.253606 0.692466
vn -0.657893 0.253823 0.709049
vn -0.621627 0.253822 0.741049
vn -0.675362 0.253600 0.692512
vn -0.261964 0.253601 0.931161
vn -0.262017 0.253607 0.931145
vn 0.215280 0.253600 0.943049
vn 0.709061 0.253600 0.657966
vn 0.640064 0.253599 0.725262
vn 0.640061 0.253600 0.725265
vn 0.937397 0.253602 0.238689
vn 0.908972 0.253602 0.330841
vn 0.908971 0.253602 0.330845
vn -0.603251 0.252932 0.756382
vn -0.603142 0.253600 0.756245
vn -0.584176 0.253824 0.770916
vn -0.544957 0.253826 0.799121
vn -0.603153 0.253602 0.756236
vn -0.167985 0.253607 0.952609
vn -0.072267 0.253607 0.964604
vn -0.167993 0.253608 0.952608
vn 0.308029 0.253602 0.916954
vn 0.308044 0.253600 0.916949
vn 0.709070 0.253603 0.657956
vn 0.771086 0.253603 0.584048
vn 0.937397 0.253602 0.238689
vn -0.524813 0.253606 0.812561
vn -0.524870 0.252924 0.812737
vn -0.524773 0.253602 0.812588
vn -0.504351 0.253819 0.825352
vn -0.462496 0.253819 0.849514
vn -0.072251 0.253609 0.964605
vn 0.483661 0.253606 0.837709
vn 0.397897 0.253602 0.881683
vn 0.397862 0.253607 0.881697
vn 0.771084 0.253602 0.584050
vn 0.956504 0.253604 0.144170
vn 0.966105 0.253604 0.048221
vn 0.956506 0.253602 0.144158
vn 0.966105 0.253604 0.048221
vn -0.441306 0.253605 0.860775
vn -0.441325 0.253607 0.860764
vn -0.353362 0.253605 0.900455
vn -0.441407 0.252927 0.860923
vn -0.419605 0.253827 0.871495
vn -0.375910 0.253828 0.891214
vn 0.024089 0.253608 0.967007
vn 0.024084 0.253609 0.967007
vn 0.120285 0.253608 0.959799
vn 0.483630 0.253601 0.837728
vn 0.825403 0.253602 0.504377
vn 0.871508 0.253602 0.419714
vn 0.825401 0.253602 0.504380
vn -0.353404 0.253601 0.900440
vn -0.353469 0.252925 0.900605
vn -0.330759 0.253824 0.908940
vn -0.284923 0.253822 0.924334
vn 0.120223 0.253601 0.959809
vn 0.564645 0.253608 0.785404
vn 0.564681 0.253601 0.785380
vn 0.871512 0.253604 0.419705
vn -0.261989 0.253601 0.931154
vn -0.262036 0.252932 0.931323
vn -0.261964 0.253598 0.931162
vn -0.238660 0.253829 0.937343
vn -0.191667 0.253829 0.948069
vn 0.215280 0.253601 0.943049
vn 0.215270 0.253602 0.943051
vn 0.640032 0.253608 0.725288
vn 0.640064 0.253602 0.725262
vn 0.908967 0.253604 0.330852
vn 0.908972 0.253602 0.330841
vn -0.167916 0.252929 0.952802
vn -0.167886 0.253597 0.952630
vn -0.167993 0.253607 0.952608
vn -0.144297 0.253817 0.956428
vn -0.096199 0.253818 0.962456
vn 0.308044 0.253602 0.916949
vn 0.308058 0.253601 0.916944
vn 0.709073 0.253602 0.657953
vn 0.709070 0.253603 0.657956
vn 0.937397 0.253602 0.238689
vn 0.956506 0.253602 0.144158
vn 0.937397 0.253602 0.238690
vn -0.072355 0.253608 0.964597
vn 0.024084 0.253598 0.967010
vn -0.072369 0.252927 0.964775
vn -0.072251 0.253598 0.964608
vn -0.048468 0.253818 0.966037
vn 0.000000 0.253819 0.967252
vn 0.397874 0.253602 0.881693
vn 0.397897 0.253599 0.881683
vn 0.483630 0.253599 0.837729
vn 0.771084 0.253602 0.584050
vn 0.771082 0.253603 0.584053
vn 0.966106 0.253601 0.048221
vn 0.956505 0.253600 0.144169
vn 0.966106 0.253602 0.048218
vn 0.024075 0.253597 0.967010
vn 0.024079 0.252924 0.967186
vn 0.120223 0.253598 0.959809
vn 0.048469 0.253832 0.966033
vn 0.096199 0.253831 0.962453
vn 0.483646 0.253601 0.837719
vn 0.825403 0.253603 0.504377
vn 0.825405 0.253602 0.504374
vn 0.120376 0.253613 0.959787
vn 0.120398 0.252926 0.959965
vn 0.144297 0.253824 0.956427
vn 0.191668 0.253823 0.948070
vn 0.564681 0.253601 0.785380
vn 0.564680 0.253601 0.785380
vn 0.871512 0.253604 0.419705
vn 0.871518 0.253602 0.419693
vn 0.284922 0.253833 0.924331
vn 0.215270 0.253600 0.943051
vn 0.215138 0.253613 0.943078
vn 0.215177 0.252931 0.943252
vn 0.238660 0.253832 0.937342
vn 0.640033 0.253600 0.725289
vn 0.640018 0.253602 0.725302
vn 0.709073 0.253600 0.657953
vn 0.908968 0.253602 0.330852
vn 0.908962 0.253605 0.330866
vn 0.937397 0.253602 0.238690
vn 0.330759 0.253824 0.908940
vn 0.375911 0.253823 0.891216
vn 0.308137 0.252929 0.917103
vn 0.308081 0.253600 0.916937
vn 0.397874 0.253602 0.881693
vn 0.308058 0.253602 0.916944
vn 0.709089 0.253603 0.657935
vn 0.937397 0.253602 0.238691
vn 0.419606 0.253820 0.871497
vn 0.462496 0.253821 0.849513
vn 0.398004 0.252929 0.881827
vn 0.397931 0.253608 0.881666
vn 0.771078 0.253603 0.584058
vn 0.771082 0.253602 0.584054
vn 0.956507 0.253602 0.144152
vn 0.966106 0.253604 0.048217
vn 0.956504 0.253604 0.144169
vn 0.966106 0.253604 0.048218
vn 0.483646 0.253601 0.837719
vn 0.504350 0.253823 0.825351
vn 0.544957 0.253822 0.799122
vn 0.483678 0.252924 0.837905
vn 0.483589 0.253607 0.837750
vn 0.825405 0.253603 0.504374
vn 0.825408 0.253602 0.504369
vn 0.871518 0.253602 0.419693
vn 0.564664 0.253601 0.785392
vn 0.584175 0.253832 0.770915
vn 0.621625 0.253832 0.741048
vn 0.564766 0.252929 0.785535
vn 0.564681 0.253600 0.785381
vn 0.871509 0.253600 0.419714
vn 0.657894 0.253821 0.709049
vn 0.692362 0.253822 0.675432
vn 0.640217 0.252927 0.725362
vn 0.640100 0.253599 0.725230
vn 0.640017 0.253609 0.725300
vn 0.709088 0.253609 0.657934
vn 0.908967 0.253601 0.330856
vn 0.908963 0.253602 0.330867
vn 0.725219 0.253825 0.640024
vn 0.756233 0.253824 0.603063
vn 0.709039 0.253602 0.657989
vn 0.709169 0.252925 0.658109
vn 0.937397 0.253602 0.238691
vn 0.937396 0.253602 0.238692
vn 0.785406 0.253824 0.564545
vn 0.771078 0.253606 0.584058
vn 0.812529 0.253824 0.524758
vn 0.771245 0.252926 0.584131
vn 0.771104 0.253602 0.584024
vn 0.956507 0.253602 0.144152
vn 0.956507 0.253602 0.144152
vn 0.966106 0.253602 0.048217
vn 0.966106 0.253602 0.048216
vn 0.825391 0.253605 0.504395
vn 0.837682 0.253826 0.483592
vn 0.860686 0.253827 0.441351
vn 0.825408 0.253603 0.504369
vn 0.871508 0.253602 0.419714
vn 0.825542 0.252928 0.504487
vn 0.881655 0.253823 0.397817
vn 0.900373 0.253823 0.353414
vn 0.871516 0.253604 0.419696
vn 0.871676 0.252927 0.419773
vn 0.916890 0.253824 0.308035
vn 0.931116 0.253823 0.261911
vn 0.909134 0.252926 0.330913
vn 0.908966 0.253605 0.330856
vn 0.908967 0.253604 0.330853
vn 0.942985 0.253823 0.215299
vn 0.952559 0.253824 0.167946
vn 0.937396 0.253605 0.238692
vn 0.937567 0.252929 0.238738
vn 0.956507 0.253605 0.144152
vn 0.937395 0.253605 0.238694
vn 0.966283 0.252928 0.048224
vn 0.959746 0.253826 0.120245
vn 0.964542 0.253826 0.072332
vn 0.966106 0.253602 0.048217
vn 0.956503 0.253602 0.144183
vn 0.966106 0.253602 0.048215
vn 0.956677 0.252928 0.144210
vn 0.000000 1.000000 0.000000
vn 0.000000 1.000000 0.000000
vn 0.000000 1.000000 0.000000
vn 0.000000 1.000000 0.000000
vn 0.000000 1.000000 0.000000
vn 0.000000 1.000000 0.000000
vn 0.000000 1.000000 0.000000
vn 0.000000 1.000000 -0.000000
vn 0.000000 1.000000 0.000000
vn 0.000000 1.000000 0.000000
vn 0.000000 1.000000 0.000000
vn 0.000000 1.000000 0.000000
vn 0.000000 1.000000 0.000000
vn 0.000000 1.000000 0.000000
vn 0.000000 1.000000 0.000000
vn 0.000000 1.000000 0.000000
vn 0.000000 1.000000 0.000000
vn 0.000000 1.000000 0.000000
vn 0.000000 1.000000 0.000000
vn 0.000000 1.000000 0.000000
vn 0.000000 1.000000 0.000000
vn 0.000000 1.000000 0.000000
vn 0.000000 1.000000 0.000000
vn 0.000000 1.000000 0.000000
vn 0.000000 1.000000 0.000000
vn 0.000000 1.000000 0.000000
vn 0.000000 1.000000 0.000000
vn 0.000000 1.000000 0.000000
vn 0.000000 1.000000 0.000000
vn 0.000000 1.000000 0.000000
vn 0.000000 1.000000 0.000000
vn 0.000000 1.000000 0.000000
vn 0.000000 1.000000 0.000000
vn 0.000000 1.000000 0.000000
vn 0.000000 1.000000 0.000000
vn 0.000000 1.000000 0.000000
vn 0.000000 1.000000 0.000000
vn 0.000000 1.000000 0.000000
vn 0.000000 1.000000 0.000000
vn 0.000000 1.000000 0.000000
vn 0.000000 1.000000 0.000000
vn 0.000000 1.000000 0.000000
vn 0.000000 1.000000 0.000000
vn 0.000000 1.000000 0.000000
vn 0.000000 1.000000 0.000000
vn 0.000000 1.000000 0.000000
vn 0.000000 1.000000 0.000000
vn 0.000000 1.000000 0.000000
vn 0.000000 1.000000 0.000000
vn 0.000000 1.000000 0.000000
vn 0.000000 1.000000 0.000000
vn 0.000000 1.000000 0.000000
vn 0.000000 1.000000 0.000000
vn 0.000000 1.000000 0.000000
vn 0.000000 1.000000 0.000000
vn 0.000000 1.000000 0.000000
vn 0.000000 1.000000 0.000000
vn 0.000000 1.000000 0.000000
vn 0.000000 1.000000 0.000000
vn 0.000000 1.000000 0.000000
vn 0.000000 1.000000 0.000000
vn 0.000000 1.000000 0.000000
vn 0.000000 1.000000 0.000000
vn 0.000000 1.000000 0.000000
vn 0.000000 1.000000 0.000000
vn 0.000000 1.000000 0.000000
vn 0.000000 1.000000 0.000000
vn 0.000000 1.000000 0.000000
vn 0.000000 1.000000 0.000000
vn 0.000000 1.000000 0.000000
vn 0.000000 1.000000 0.000000
vn 0.000000 1.000000 0.000000
vn 0.000000 1.000000 0.000000
vn 0.000000 1.000000 0.000000
vn 0.000000 1.000000 0.000000
vn 0.000000 1.000000 0.000000
vn 0.000000 1.000000 0.000000
vn 0.000000 1.000000 0.000000
vn 0.000000 1.000000 0.000000
vn 0.000000 1.000000 0.000000
vn 0.000000 1.000000 0.000000
vn 0.000000 1.000000 0.000000
vn 0.000000 1.000000 0.000000
vn 0.000000 1.000000 0.000000
vn 0.000000 1.000000 0.000000
vn 0.000000 1.000000 0.000000
vn 0.000000 1.000000 0.000000
vn 0.000000 1.000000 0.000000
vn 0.000000 1.000000 0.000000
vn 0.000000 1.000000 0.000000
vn 0.000000 1.000000 0.000000
vn 0.000000 1.000000 0.000000
vn 0.000000 1.000000 0.000000
vn 0.000000 1.000000 0.000000
vn 0.000000 1.000000 0.000000
vn 0.000000 1.000000 0.000000
vn 0.000000 1.000000 0.000000
vn 0.000000 1.000000 0.000000
vn 0.000000 1.000000 0.000000
vn 0.000000 1.000000 0.000000
vn 0.000000 1.000000 0.000000
vn 0.000000 1.000000 0.000000
vn 0.000000 1.000000 0.000000
vn 0.000000 1.000000 0.000000
vn 0.000000 1.000000 0.000000
vn 0.000000 1.000000 0.000000
vn 0.000000 1.000000 0.000000
vn 0.000000 1.000000 0.000000
vn 0.000000 1.000000 0.000000
vn 0.000000 1.000000 0.000000
vn 0.000000 1.000000 -0.000000
vn 0.000000 1.000000 0.000000
vn 0.000000 1.000000 0.000000
vn 0.000000 1.000000 0.000000
vn 0.000000 1.000000 0.000000
vn 0.000000 1.000000 0.000000
vn 0.000000 1.000000 0.000000
vn 0.000000 1.000000 0.000000
vn 0.000000 1.000000 0.000000
vn 0.000000 1.000000 0.000000
vn 0.000000 1.000000 0.000000
vn 0.000000 1.000000 0.000000
vn 0.000000 1.000000 0.000000
vn 0.000000 1.000000 0.000000
vn 0.000000 -1.000000 -0.000000
vn -0.000000 -1.000000 -0.000000
vn 0.000000 -1.000000 -0.000000
vn -0.000000 -1.000000 -0.000000
vn -0.000000 -1.000000 -0.000000
vn -0.000000 -1.000000 -0.000000
vn -0.000000 -1.000000 -0.000000
vn 0.000000 -1.000000 -0.000000
vn 0.000000 -1.000000 -0.000000
vn 0.000000 -1.000000 -0.000000
vn -0.000000 -1.000000 -0.000000
vn 0.000000 -1.000000 -0.000000
vn -0.000000 -1.000000 -0.000000
vn -0.000000 -1.000000 -0.000000
vn -0.000000 -1.000000 -0.000000
vn 0.000000 -1.000000 -0.000000
vn -0.000000 -1.000000 -0.000000
vn 0.000000 -1.000000 -0.000000
vn 0.000000 -1.000000 -0.000000
vn -0.000000 -1.000000 -0.000000
vn -0.000000 -1.000000 -0.000000
vn -0.000000 -1.000000 -0.000000
vn -0.000000 -1.000000 -0.000000
vn -0.000000 -1.000000 -0.000000
vn -0.000000 -1.000000 -0.000000
vn -0.000000 -1.000000 -0.000000
vn 0.000000 -1.000000 -0.000000
vn -0.000000 -1.000000 -0.000000
vn 0.000000 -1.000000 -0.000000
vn 0.000000 -1.000000 -0.000000
vn 0.000000 -1.000000 -0.000000
vn 0.000000 -1.000000 -0.000000
vn 0.000000 -1.000000 -0.000000
vn 0.000000 -1.000000 -0.000000
vn -0.000000 -1.000000 -0.000000
vn 0.000000 -1.000000 -0.000000
vn 0.000000 -1.000000 -0.000000
vn -0.000000 -1.000000 -0.000000
vn 0.000000 -1.000000 -0.000000
vn 0.000000 -1.000000 -0.000000
vn -0.000000 -1.000000 -0.000000
vn 0.000000 -1.000000 -0.000000
vn 0.000000 -1.000000 -0.000000
vn 0.000000 -1.000000 -0.000000
vn 0.000000 -1.000000 -0.000000
vn -0.000000 -1.000000 -0.000000
vn -0.000000 -1.000000 -0.000000
vn -0.000000 -1.000000 -0.000000
vn 0.000000 -1.000000 -0.000000
vn -0.000000 -1.000000 -0.000000
vn 0.000000 -1.000000 -0.000000
vn 0.000000 -1.000000 -0.000000
vn 0.000000 -1.000000 -0.000000
vn 0.000000 -1.000000 -0.000000
vn 0.000000 -1.000000 -0.000000
vn 0.000000 -1.000000 -0.000000
vn -0.000000 -1.000000 -0.000000
vn -0.000000 -1.000000 -0.000000
vn -0.000000 -1.000000 -0.000000
vn 0.000000 -1.000000 -0.000000
vn -0.000000 -1.000000 -0.000000
vn -0.000000 -1.000000 -0.000000
vn 0.000000 -1.000000 -0.000000
vn 0.000000 -1.000000 -0.000000
vn 0.000000 -1.000000 -0.000000
vn -0.000000 -1.000000 -0.000000
vn 0.000000 -1.000000 -0.000000
vn -0.000000 -1.000000 -0.000000
vn 0.000000 -1.000000 -0.000000
vn -0.000000 -1.000000 -0.000000
vn 0.000000 -1.000000 -0.000000
vn 0.000000 -1.000000 -0.000000
vn -0.000000 -1.000000 -0.000000
vn -0.000000 -1.000000 -0.000000
vn 0.000000 -1.000000 -0.000000
vn -0.000000 -1.000000 -0.000000
vn 0.000000 -1.000000 -0.000000
vn -0.000000 -1.000000 -0.000000
vn -0.000000 -1.000000 -0.000000
vn -0.000000 -1.000000 -0.000000
vn -0.000000 -1.000000 -0.000000
vn -0.000000 -1.000000 -0.000000
vn 0.000000 -1.000000 -0.000000
vn 0.000000 -1.000000 -0.000000
vn 0.000000 -1.000000 -0.000000
vn -0.000000 -1.000000 -0.000000
vn -0.000000 -1.000000 -0.000000
vn 0.000000 -1.000000 -0.000000
vn 0.000000 -1.000000 -0.000000
vn -0.000000 -1.000000 -0.000000
vn 0.000000 -1.000000 -0.000000
vn -0.000000 -1.000000 -0.000000
vn -0.000000 -1.000000 -0.000000
vn 0.000000 -1.000000 -0.000000
vn -0.000000 -1.000000 -0.000000
vn 0.000000 -1.000000 -0.000000
vn -0.000000 -1.000000 -0.000000
vn -0.000000 -1.000000 -0.000000
vn 0.000000 -1.000000 -0.000000
vn 0.000000 -1.000000 -0.000000
vn 0.000000 -1.000000 -0.000000
vn 0.000000 -1.000000 -0.000000
vn -0.000000 -1.000000 -0.000000
vn -0.000000 -1.000000 -0.000000
vn 0.000000 -1.000000 -0.000000
vn -0.000000 -1.000000 -0.000000
vn 0.000000 -1.000000 -0.000000
vn 0.000000 -1.000000 -0.000000
vn 0.000000 -1.000000 -0.000000
vn -0.000000 -1.000000 -0.000000
vn 0.000000 -1.000000 -0.000000
vn -0.000000 -1.000000 -0.000000
vn 0.000000 -1.000000 -0.000000
vn -0.000000 -1.000000 -0.000000
vn 0.000000 -1.000000 -0.000000
vn -0.000000 -1.000000 -0.000000
vn 0.000000 -1.000000 -0.000000
vn -0.000000 -1.000000 -0.000000
vn 0.000000 -1.000000 -0.000000
vn -0.000000 -1.000000 -0.000000
vn -0.000000 -1.000000 -0.000000
vn -0.000000 -1.000000 -0.000000
vn -0.000000 -1.000000 -0.000000
vn 0.000000 -1.000000 -0.000000
vn 0.999689 0.000000 -0.024926
vn 0.999689 0.000000 -0.024926
vn 0.997204 0.000000 -0.074731
vn 0.997204 0.000000 -0.074731
vn 0.992238 0.000000 -0.124351
vn 0.984811 0.000000 -0.173632
vn 0.992238 0.000000 -0.124351
vn 0.984811 0.000000 -0.173632
vn 0.974924 0.000000 -0.222538
vn 0.974924 0.000000 -0.222538
vn 0.962623 0.000000 -0.270845
vn 0.947931 0.000000 -0.318476
vn 0.962623 0.000000 -0.270845
vn 0.930870 0.000000 -0.365349
vn 0.947931 0.000000 -0.318476
vn 0.930870 0.000000 -0.365349
vn 0.911511 0.000000 -0.411276
vn 0.911511 0.000000 -0.411276
vn 0.889871 0.000000 -0.456213
vn 0.889871 0.000000 -0.456213
vn 0.866026 0.000000 -0.500000
vn 0.866026 0.000000 -0.500000
vn 0.840034 0.000000 -0.542534
vn 0.840034 0.000000 -0.542534
vn 0.811941 0.000000 -0.583739
vn 0.811941 0.000000 -0.583739
vn 0.781829 0.000000 -0.623493
vn 0.781829 0.000000 -0.623493
vn 0.749772 0.000000 -0.661697
vn 0.749772 0.000000 -0.661697
vn 0.715858 0.000000 -0.698246
vn 0.715858 0.000000 -0.698246
vn 0.680172 0.000000 -0.733053
vn 0.680172 0.000000 -0.733053
vn 0.642817 0.000000 -0.766019
vn 0.642817 0.000000 -0.766019
vn 0.603793 0.000000 -0.797141
vn 0.603793 0.000000 -0.797141
vn 0.563321 0.000000 -0.826238
vn 0.563321 0.000000 -0.826238
vn 0.521414 0.000000 -0.853304
vn 0.521414 0.000000 -0.853304
vn 0.478252 0.000000 -0.878223
vn 0.478252 0.000000 -0.878223
vn 0.433883 0.000000 -0.900969
vn 0.433883 0.000000 -0.900969
vn 0.388465 0.000000 -0.921464
vn 0.388465 0.000000 -0.921464
vn 0.342013 0.000000 -0.939695
vn 0.342013 0.000000 -0.939695
vn 0.294761 0.000000 -0.955571
vn 0.246721 0.000000 -0.969087
vn 0.294761 0.000000 -0.955571
vn 0.198178 0.000000 -0.980166
vn 0.246721 0.000000 -0.969087
vn 0.198178 0.000000 -0.980166
vn 0.149035 0.000000 -0.988832
vn 0.149035 0.000000 -0.988832
vn 0.099579 0.000000 -0.995030
vn 0.099579 0.000000 -0.995030
vn 0.049821 0.000000 -0.998758
vn 0.049821 0.000000 -0.998758
vn 0.000000 0.000000 -1.000000
vn 0.000000 0.000000 -1.000000
vn -0.049821 -0.000000 -0.998758
vn -0.049821 0.000000 -0.998758
vn -0.099579 -0.000000 -0.995030
vn -0.149035 -0.000000 -0.988832
vn -0.099579 0.000000 -0.995030
vn -0.149035 -0.000000 -0.988832
vn -0.198178 0.000000 -0.980166
vn -0.198178 -0.000000 -0.980166
vn -0.246721 -0.000000 -0.969087
vn -0.246721 -0.000000 -0.969087
vn -0.294761 -0.000000 -0.955571
vn -0.294761 -0.000000 -0.955571
vn -0.342013 0.000000 -0.939695
vn -0.342013 -0.000000 -0.939695
vn -0.388465 0.000000 -0.921464
vn -0.388465 -0.000000 -0.921464
vn -0.433883 0.000000 -0.900969
vn -0.433883 -0.000000 -0.900969
vn -0.478252 0.000000 -0.878223
vn -0.478252 -0.000000 -0.878223
vn -0.521414 0.000000 -0.853304
vn -0.521414 -0.000000 -0.853304
vn -0.563321 0.000000 -0.826238
vn -0.563321 -0.000000 -0.826238
vn -0.603793 0.000000 -0.797141
vn -0.603793 -0.000000 -0.797141
vn -0.642817 0.000000 -0.766019
vn -0.642817 -0.000000 -0.766019
vn -0.680172 0.000000 -0.733053
vn -0.680172 -0.000000 -0.733053
vn -0.715858 -0.000000 -0.698246
vn -0.715858 -0.000000 -0.698246
vn -0.749772 0.000000 -0.661697
vn -0.749772 -0.000000 -0.661697
vn -0.781829 -0.000000 -0.623493
vn -0.781829 -0.000000 -0.623493
vn -0.811945 0.000000 -0.583734
vn -0.811945 -0.000000 -0.583734
vn -0.840027 0.000000 -0.542544
vn -0.840027 -0.000000 -0.542544
vn -0.866032 0.000000 -0.499988
vn -0.866032 -0.000000 -0.499988
vn -0.889868 0.000000 -0.456219
vn -0.889868 -0.000000 -0.456219
vn -0.911508 -0.000000 -0.411282
vn -0.911508 -0.000000 -0.411282
vn -0.930873 0.000000 -0.365343
vn -0.930873 -0.000000 -0.365343
vn -0.947929 0.000000 -0.318483
vn -0.947929 -0.000000 -0.318483
vn -0.962625 -0.000000 -0.270838
vn -0.962625 0.000000 -0.270838
vn -0.974926 -0.000000 -0.222530
vn -0.974926 0.000000 -0.222530
vn -0.984808 -0.000000 -0.173647
vn -0.984808 0.000000 -0.173647
vn -0.992240 -0.000000 -0.124336
vn -0.992240 0.000000 -0.124336
vn -0.997204 0.000000 -0.074731
vn -0.997204 -0.000000 -0.074731
vn -0.999689 0.000000 -0.024934
vn -0.999689 -0.000000 -0.024934
vn -0.999689 0.000000 0.024934
vn -0.999689 0.000000 0.024934
vn -0.997204 0.000000 0.074731
vn -0.997204 0.000000 0.074731
vn -0.992240 0.000000 0.124336
vn -0.992240 0.000000 0.124336
vn -0.984808 0.000000 0.173647
vn -0.984808 0.000000 0.173647
vn -0.974926 0.000000 0.222530
vn -0.974926 0.000000 0.222530
vn -0.962625 0.000000 0.270838
vn -0.962625 0.000000 0.270838
vn -0.947929 0.000000 0.318483
vn -0.947929 0.000000 0.318483
vn -0.930873 0.000000 0.365343
vn -0.930873 0.000000 0.365343
vn -0.911508 0.000000 0.411282
vn -0.911508 0.000000 0.411282
vn -0.889868 0.000000 0.456219
vn -0.889868 0.000000 0.456219
vn -0.840027 0.000000 0.542544
vn -0.866032 0.000000 0.499988
vn -0.866032 0.000000 0.499988
vn -0.840027 0.000000 0.542544
vn -0.811945 0.000000 0.583734
vn -0.811945 0.000000 0.583734
vn -0.781829 0.000000 0.623493
vn -0.781829 0.000000 0.623493
vn -0.749772 0.000000 0.661697
vn -0.749772 0.000000 0.661697
vn -0.715858 0.000000 0.698246
vn -0.715858 0.000000 0.698246
vn -0.680172 0.000000 0.733053
vn -0.680172 0.000000 0.733053
vn -0.642817 0.000000 0.766019
vn -0.642817 0.000000 0.766019
vn -0.603793 0.000000 0.797141
vn -0.563321 0.000000 0.826238
vn -0.603793 0.000000 0.797141
vn -0.563321 0.000000 0.826238
vn -0.521414 0.000000 0.853304
vn -0.521414 0.000000 0.853304
vn -0.478252 0.000000 0.878223
vn -0.478252 0.000000 0.878223
vn -0.433883 0.000000 0.900969
vn -0.388465 0.000000 0.921464
vn -0.433883 0.000000 0.900969
vn -0.388465 0.000000 0.921464
vn -0.342013 0.000000 0.939695
vn -0.342013 0.000000 0.939695
vn -0.294761 0.000000 0.955571
vn -0.294761 0.000000 0.955571
vn -0.246721 0.000000 0.969087
vn -0.246721 0.000000 0.969087
vn -0.198178 0.000000 0.980166
vn -0.198178 0.000000 0.980166
vn -0.149035 0.000000 0.988832
vn -0.149035 0.000000 0.988832
vn -0.099579 0.000000 0.995030
vn -0.049821 0.000000 0.998758
vn -0.099579 0.000000 0.995030
vn -0.049821 0.000000 0.998758
vn 0.000000 0.000000 1.000000
vn 0.000000 0.000000 1.000000
vn 0.049821 0.000000 0.998758
vn 0.049821 0.000000 0.998758
vn 0.099579 0.000000 0.995030
vn 0.099579 0.000000 0.995030
vn 0.149035 0.000000 0.988832
vn 0.149035 0.000000 0.988832
vn 0.198178 0.000000 0.980166
vn 0.198178 0.000000 0.980166
vn 0.246721 0.000000 0.969087
vn 0.246721 0.000000 0.969087
vn 0.294761 0.000000 0.955571
vn 0.294761 0.000000 0.955571
vn 0.342013 0.000000 0.939695
vn 0.342013 0.000000 0.939695
vn 0.388465 0.000000 0.921464
vn 0.388465 0.000000 0.921464
vn 0.433883 0.000000 0.900969
vn 0.433883 0.000000 0.900969
vn 0.478252 0.000000 0.878223
vn 0.478252 0.000000 0.878223
vn 0.521414 0.000000 0.853304
vn 0.521414 0.000000 0.853304
vn 0.563321 0.000000 0.826238
vn 0.563321 0.000000 0.826238
vn 0.603793 0.000000 0.797141
vn 0.642817 0.000000 0.766019
vn 0.603793 0.000000 0.797141
vn 0.642817 0.000000 0.766019
vn 0.680172 0.000000 0.733053
vn 0.715858 0.000000 0.698246
vn 0.680172 0.000000 0.733053
vn 0.715858 0.000000 0.698246
vn 0.749772 0.000000 0.661697
vn 0.749772 0.000000 0.661697
vn 0.781829 0.000000 0.623493
vn 0.781829 0.000000 0.623493
vn 0.811941 0.000000 0.583739
vn 0.811941 0.000000 0.583739
vn 0.840034 0.000000 0.542534
vn 0.840034 0.000000 0.542534
vn 0.866026 0.000000 0.500000
vn 0.866026 0.000000 0.500000
vn 0.889871 0.000000 0.456213
vn 0.889871 0.000000 0.456213
vn 0.911511 0.000000 0.411276
vn 0.911511 0.000000 0.411276
vn 0.930870 0.000000 0.365349
vn 0.930870 0.000000 0.365349
vn 0.947931 0.000000 0.318476
vn 0.947931 0.000000 0.318476
vn 0.962623 0.000000 0.270845
vn 0.962623 0.000000 0.270845
vn 0.974924 0.000000 0.222538
vn 0.974924 0.000000 0.222538
vn 0.984811 0.000000 0.173632
vn 0.984811 0.000000 0.173632
vn 0.992238 0.000000 0.124351
vn 0.992238 0.000000 0.124351
vn 0.997204 0.000000 0.074731
vn 0.997204 0.000000 0.074731
vn 0.999689 0.000000 0.024926
vn 0.999689 0.000000 0.024926
vn 0.000000 1.000000 0.000000
vn 0.000000 1.000000 0.000000
vn 0.000000 1.000000 0.000000
vn 0.000000 1.000000 0.000000
vn 0.000000 1.000000 0.000000
vn 0.000000 1.000000 0.000000
vn 0.000000 1.000000 0.000000
vn 0.000000 1.000000 0.000000
vn 0.000000 1.000000 0.000000
vn 0.000000 1.000000 0.000000
vn 0.000000 1.000000 0.000000
vn 0.000000 1.000000 0.000000
vn 0.000000 1.000000 0.000000
vn 0.000000 1.000000 0.000000
vn 0.000000 1.000000 0.000000
vn 0.000000 1.000000 0.000000
vn 0.000000 1.000000 0.000000
vn 0.000000 1.000000 0.000000
vn 0.000000 1.000000 0.000000
vn 0.000000 1.000000 0.000000
vn 0.000000 1.000000 0.000000
vn 0.000000 1.000000 0.000000
vn 0.000000 1.000000 0.000000
vn 0.000000 1.000000 0.000000
vn 0.000000 1.000000 0.000000
vn 0.000000 1.000000 0.000000
vn 0.000000 1.000000 0.000000
vn 0.000000 1.000000 0.000000
vn 0.000000 1.000000 0.000000
vn 0.000000 1.000000 0.000000
vn 0.000000 1.000000 0.000000
vn 0.000000 1.000000 0.000000
vn 0.000000 1.000000 0.000000
vn 0.000000 1.000000 0.000000
vn 0.000000 1.000000 0.000000
vn 0.000000 1.000000 0.000000
vn 0.000000 1.000000 0.000000
vn 0.000000 1.000000 0.000000
vn 0.000000 1.000000 0.000000
vn 0.000000 1.000000 0.000000
vn 0.000000 1.000000 0.000000
vn 0.000000 1.000000 0.000000
vn 0.000000 1.000000 0.000000
vn 0.000000 1.000000 0.000000
vn 0.000000 1.000000 0.000000
vn 0.000000 1.000000 0.000000
vn 0.000000 1.000000 0.000000
vn 0.000000 1.000000 0.000000
vn 0.000000 1.000000 0.000000
vn 0.000000 1.000000 -0.000000
vn 0.000000 1.000000 0.000000
vn 0.000000 1.000000 0.000000
vn 0.000000 1.000000 0.000000
vn 0.000000 1.000000 0.000000
vn 0.000000 1.000000 0.000000
vn 0.000000 1.000000 0.000000
vn 0.000000 1.000000 0.000000
vn 0.000000 1.000000 0.000000
vn 0.000000 1.000000 0.000000
vn 0.000000 1.000000 0.000000
vn 0.000000 1.000000 0.000000
vn 0.000000 1.000000 0.000000
vn 0.000000 1.000000 0.000000
vn 0.000000 1.000000 0.000000
vn 0.000000 1.000000 0.000000
vn 0.000000 1.000000 0.000000
vn 0.000000 1.000000 0.000000
vn 0.000000 1.000000 0.000000
vn 0.000000 1.000000 0.000000
vn 0.000000 1.000000 0.000000
vn 0.000000 1.000000 0.000000
vn 0.000000 1.000000 0.000000
vn 0.000000 1.000000 0.000000
vn 0.000000 1.000000 0.000000
vn 0.000000 1.000000 0.000000
vn 0.000000 1.000000 0.000000
vn 0.000000 1.000000 0.000000
vn 0.000000 1.000000 0.000000
vn 0.000000 1.000000 0.000000
vn 0.000000 1.000000 0.000000
vn 0.000000 1.000000 0.000000
vn 0.000000 1.000000 0.000000
vn 0.000000 1.000000 0.000000
vn 0.000000 1.000000 0.000000
vn 0.000000 1.000000 0.000000
vn 0.000000 1.000000 0.000000
vn 0.000000 1.000000 -0.000000
vn 0.000000 1.000000 0.000000
vn 0.000000 1.000000 0.000000
vn 0.000000 1.000000 0.000000
vn 0.000000 1.000000 0.000000
vn 0.000000 1.000000 0.000000
vn 0.000000 1.000000 0.000000
vn 0.000000 1.000000 0.000000
vn 0.000000 1.000000 0.000000
vn 0.000000 1.000000 0.000000
vn 0.000000 1.000000 0.000000
vn 0.000000 1.000000 0.000000
vn 0.000000 1.000000 0.000000
vn 0.000000 1.000000 0.000000
vn 0.000000 1.000000 0.000000
vn 0.000000 1.000000 0.000000
vn 0.000000 1.000000 0.000000
vn 0.000000 1.000000 0.000000
vn 0.000000 1.000000 0.000000
vn 0.000000 1.000000 0.000000
vn 0.000000 1.000000 0.000000
vn 0.000000 1.000000 0.000000
vn 0.000000 1.000000 0.000000
vn 0.000000 1.000000 0.000000
vn 0.000000 1.000000 0.000000
vn 0.000000 1.000000 0.000000
vn 0.000000 1.000000 0.000000
vn 0.000000 1.000000 0.000000
vn 0.000000 1.000000 0.000000
vn 0.000000 1.000000 0.000000
vn 0.000000 1.000000 0.000000
vn 0.000000 1.000000 0.000000
vn 0.000000 1.000000 0.000000
vn 0.000000 1.000000 0.000000
vn 0.000000 1.000000 0.000000
vn 0.000000 1.000000 0.000000
vn 0.000000 1.000000 -0.000000
vn 0.000000 1.000000 0.000000
vn 0.000000 -1.000000 -0.000000
vn -0.000000 -1.000000 -0.000000
vn 0.000000 -1.000000 -0.000000
vn -0.000000 -1.000000 -0.000000
vn -0.000000 -1.000000 -0.000000
vn -0.000000 -1.000000 -0.000000
vn -0.000000 -1.000000 -0.000000
vn 0.000000 -1.000000 -0.000000
vn 0.000000 -1.000000 -0.000000
vn 0.000000 -1.000000 -0.000000
vn -0.000000 -1.000000 -0.000000
vn 0.000000 -1.000000 -0.000000
vn -0.000000 -1.000000 -0.000000
vn -0.000000 -1.000000 -0.000000
vn -0.000000 -1.000000 -0.000000
vn 0.000000 -1.000000 -0.000000
vn -0.000000 -1.000000 -0.000000
vn 0.000000 -1.000000 -0.000000
vn 0.000000 -1.000000 -0.000000
vn -0.000000 -1.000000 -0.000000
vn -0.000000 -1.000000 -0.000000
vn -0.000000 -1.000000 -0.000000
vn -0.000000 -1.000000 -0.000000
vn -0.000000 -1.000000 -0.000000
vn -0.000000 -1.000000 -0.000000
vn -0.000000 -1.000000 -0.000000
vn 0.000000 -1.000000 -0.000000
vn -0.000000 -1.000000 -0.000000
vn 0.000000 -1.000000 -0.000000
vn 0.000000 -1.000000 -0.000000
vn 0.000000 -1.000000 -0.000000
vn 0.000000 -1.000000 -0.000000
vn 0.000000 -1.000000 -0.000000
vn 0.000000 -1.000000 -0.000000
vn -0.000000 -1.000000 -0.000000
vn 0.000000 -1.000000 -0.000000
vn 0.000000 -1.000000 -0.000000
vn -0.000000 -1.000000 -0.000000
vn 0.000000 -1.000000 -0.000000
vn 0.000000 -1.000000 -0.000000
vn -0.000000 -1.000000 -0.000000
vn 0.000000 -1.000000 -0.000000
vn 0.000000 -1.000000 -0.000000
vn 0.000000 -1.000000 -0.000000
vn 0.000000 -1.000000 -0.000000
vn -0.000000 -1.000000 -0.000000
vn -0.000000 -1.000000 -0.000000
vn -0.000000 -1.000000 -0.000000
vn 0.000000 -1.000000 -0.000000
vn -0.000000 -1.000000 -0.000000
vn 0.000000 -1.000000 -0.000000
vn 0.000000 -1.000000 -0.000000
vn 0.000000 -1.000000 -0.000000
vn 0.000000 -1.000000 -0.000000
vn 0.000000 -1.000000 -0.000000
vn 0.000000 -1.000000 -0.000000
vn -0.000000 -1.000000 -0.000000
vn -0.000000 -1.000000 -0.000000
vn -0.000000 -1.000000 -0.000000
vn 0.000000 -1.000000 -0.000000
vn -0.000000 -1.000000 -0.000000
vn -0.000000 -1.000000 -0.000000
vn 0.000000 -1.000000 -0.000000
vn 0.000000 -1.000000 -0.000000
vn 0.000000 -1.000000 -0.000000
vn -0.000000 -1.000000 -0.000000
vn 0.000000 -1.000000 -0.000000
vn -0.000000 -1.000000 -0.000000
vn 0.000000 -1.000000 -0.000000
vn -0.000000 -1.000000 -0.000000
vn 0.000000 -1.000000 -0.000000
vn 0.000000 -1.000000 -0.000000
vn -0.000000 -1.000000 -0.000000
vn -0.000000 -1.000000 -0.000000
vn 0.000000 -1.000000 -0.000000
vn -0.000000 -1.000000 -0.000000
vn 0.000000 -1.000000 -0.000000
vn -0.000000 -1.000000 -0.000000
vn -0.000000 -1.000000 -0.000000
vn -0.000000 -1.000000 -0.000000
vn -0.000000 -1.000000 -0.000000
vn -0.000000 -1.000000 -0.000000
vn 0.000000 -1.000000 -0.000000
vn 0.000000 -1.000000 -0.000000
vn 0.000000 -1.000000 -0.000000
vn -0.000000 -1.000000 -0.000000
vn -0.000000 -1.000000 -0.000000
vn 0.000000 -1.000000 -0.000000
vn 0.000000 -1.000000 -0.000000
vn -0.000000 -1.000000 -0.000000
vn 0.000000 -1.000000 -0.000000
vn -0.000000 -1.000000 -0.000000
vn -0.000000 -1.000000 -0.000000
vn 0.000000 -1.000000 -0.000000
vn -0.000000 -1.000000 -0.000000
vn 0.000000 -1.000000 -0.000000
vn -0.000000 -1.000000 -0.000000
vn -0.000000 -1.000000 -0.000000
vn 0.000000 -1.000000 -0.000000
vn 0.000000 -1.000000 -0.000000
vn 0.000000 -1.000000 -0.000000
vn 0.000000 -1.000000 -0.000000
vn -0.000000 -1.000000 -0.000000
vn -0.000000 -1.000000 -0.000000
vn 0.000000 -1.000000 -0.000000
vn -0.000000 -1.000000 -0.000000
vn 0.000000 -1.000000 -0.000000
vn 0.000000 -1.000000 -0.000000
vn 0.000000 -1.000000 -0.000000
vn -0.000000 -1.000000 -0.000000
vn 0.000000 -1.000000 -0.000000
vn -0.000000 -1.000000 -0.000000
vn 0.000000 -1.000000 -0.000000
vn -0.000000 -1.000000 -0.000000
vn 0.000000 -1.000000 -0.000000
vn -0.000000 -1.000000 -0.000000
vn 0.000000 -1.000000 -0.000000
vn -0.000000 -1.000000 -0.000000
vn 0.000000 -1.000000 -0.000000
vn -0.000000 -1.000000 -0.000000
vn -0.000000 -1.000000 -0.000000
vn -0.000000 -1.000000 -0.000000
vn -0.000000 -1.000000 -0.000000
vn 0.000000 -1.000000 -0.000000
vn 0.966950 0.253823 -0.024110
vn 0.966951 0.253826 -0.024053
vn 0.966950 0.253823 0.024110
vn 0.966951 0.253826 0.024053
vn 0.964545 0.253825 -0.072283
vn 0.959743 0.253825 -0.120279
vn 0.964993 0.257815 -0.048165
vn 0.955403 0.257814 -0.144005
vn 0.952558 0.253826 -0.167945
vn 0.942995 0.253826 -0.215250
vn 0.936316 0.257814 -0.238420
vn 0.931098 0.253824 -0.261975
vn 0.916887 0.253824 -0.308046
vn 0.900385 0.253822 -0.353385
vn 0.907928 0.257815 -0.330451
vn 0.881660 0.253822 -0.397807
vn 0.870507 0.257815 -0.419224
vn 0.860727 0.253826 -0.441272
vn 0.837663 0.253826 -0.483625
vn 0.966106 0.253604 -0.048212
vn 0.966106 0.253602 -0.048221
vn 0.812523 0.253824 -0.524766
vn 0.785350 0.253824 -0.564622
vn 0.824453 0.257814 -0.503794
vn 0.956504 0.253602 -0.144173
vn 0.956504 0.253602 -0.144171
vn 0.756225 0.253825 -0.603073
vn 0.725217 0.253824 -0.640026
vn 0.770184 0.257815 -0.583394
vn 0.937396 0.253602 -0.238695
vn 0.937395 0.253602 -0.238696
vn 0.692414 0.253823 -0.675379
vn 0.657897 0.253823 -0.709046
vn 0.708263 0.257814 -0.657187
vn 0.908975 0.253602 -0.330832
vn 0.908976 0.253603 -0.330829
vn 0.621764 0.253830 -0.740931
vn 0.584018 0.253831 -0.771034
vn 0.639315 0.257814 -0.724437
vn 0.871510 0.253602 -0.419710
vn 0.871511 0.253603 -0.419708
vn 0.544873 0.253823 -0.799179
vn 0.504338 0.253823 -0.825359
vn 0.564023 0.257816 -0.784480
vn 0.966106 0.253604 -0.048212
vn 0.966106 0.253602 -0.048221
vn 0.825403 0.253607 -0.504375
vn 0.825395 0.253602 -0.504389
vn 0.483096 0.257809 -0.836751
vn 0.462590 0.253819 -0.849463
vn 0.419674 0.253819 -0.871464
vn 0.956504 0.253602 -0.144173
vn 0.956505 0.253604 -0.144165
vn 0.771081 0.253608 -0.584052
vn 0.771072 0.253603 -0.584067
vn 0.397384 0.257809 -0.880693
vn 0.375743 0.253824 -0.891286
vn 0.330813 0.253824 -0.908920
vn 0.937395 0.253602 -0.238697
vn 0.937395 0.253603 -0.238696
vn 0.709080 0.253600 -0.657945
vn 0.709086 0.253603 -0.657938
vn 0.640052 0.253600 -0.725273
vn 0.307697 0.257817 -0.915889
vn 0.285107 0.253832 -0.924275
vn 0.238640 0.253831 -0.937348
vn 0.908974 0.253603 -0.330834
vn 0.908976 0.253604 -0.330829
vn 0.640053 0.253599 -0.725272
vn 0.191688 0.253823 -0.948066
vn 0.144154 0.253823 -0.956448
vn 0.215022 0.257812 -0.941965
vn 0.871512 0.253604 -0.419704
vn 0.871510 0.253603 -0.419710
vn 0.564673 0.253608 -0.785384
vn 0.564650 0.253599 -0.785403
vn 0.120122 0.257815 -0.958698
vn 0.096318 0.253830 -0.962441
vn 0.048189 0.253830 -0.966048
vn 0.966106 0.253604 -0.048211
vn 0.966106 0.253602 -0.048221
vn 0.825395 0.253602 -0.504389
vn 0.825396 0.253602 -0.504389
vn 0.483655 0.253609 -0.837711
vn 0.483652 0.253608 -0.837714
vn 0.024107 0.257813 -0.965894
vn 0.000000 0.253819 -0.967252
vn -0.048189 0.253820 -0.966050
vn 0.956505 0.253602 -0.144167
vn 0.956505 0.253602 -0.144165
vn 0.771081 0.253602 -0.584055
vn 0.771082 0.253603 -0.584053
vn 0.397854 0.253608 -0.881700
vn 0.397842 0.253604 -0.881707
vn -0.072225 0.257818 -0.963490
vn -0.096318 0.253829 -0.962442
vn -0.144154 0.253829 -0.956447
vn 0.937395 0.253602 -0.238697
vn 0.937395 0.253602 -0.238698
vn 0.709085 0.253609 -0.657937
vn 0.709072 0.253603 -0.657954
vn 0.308053 0.253600 -0.916946
vn 0.308063 0.253603 -0.916942
vn -0.191688 0.253820 -0.948067
vn -0.238641 0.253820 -0.937351
vn -0.167763 0.257818 -0.951517
vn 0.908972 0.253602 -0.330840
vn 0.908974 0.253604 -0.330834
vn 0.640073 0.253610 -0.725250
vn 0.564650 0.253601 -0.785402
vn 0.640053 0.253601 -0.725272
vn 0.215270 0.253601 -0.943051
vn 0.215266 0.253600 -0.943052
vn -0.285108 0.253822 -0.924277
vn -0.330813 0.253822 -0.908921
vn -0.261677 0.257815 -0.930084
vn 0.871513 0.253602 -0.419704
vn 0.871515 0.253604 -0.419698
vn 0.564647 0.253602 -0.785404
vn 0.120269 0.253601 -0.959803
vn 0.120260 0.253598 -0.959805
vn -0.353015 0.257818 -0.899394
vn -0.375742 0.253827 -0.891285
vn -0.419673 0.253827 -0.871462
vn 0.966106 0.253604 -0.048211
vn 0.966106 0.253602 -0.048221
vn 0.825396 0.253600 -0.504389
vn 0.771081 0.253600 -0.584055
vn 0.825401 0.253603 -0.504381
vn 0.483669 0.253602 -0.837706
vn 0.483657 0.253597 -0.837714
vn 0.024135 0.253608 -0.967006
vn 0.024102 0.253598 -0.967009
vn -0.440766 0.257813 -0.859801
vn -0.462590 0.253819 -0.849463
vn -0.504339 0.253819 -0.825359
vn 0.956505 0.253602 -0.144167
vn 0.956506 0.253605 -0.144157
vn 0.771074 0.253603 -0.584063
vn 0.397839 0.253597 -0.881710
vn 0.397855 0.253602 -0.881701
vn 0.308063 0.253602 -0.916942
vn -0.072309 0.253597 -0.964604
vn -0.072271 0.253609 -0.964603
vn -0.544872 0.253826 -0.799179
vn -0.584019 0.253826 -0.771035
vn -0.524211 0.257815 -0.811624
vn 0.937394 0.253605 -0.238698
vn 0.937392 0.253602 -0.238710
vn 0.709072 0.253600 -0.657954
vn 0.709078 0.253603 -0.657947
vn 0.640075 0.253600 -0.725252
vn 0.215266 0.253600 -0.943052
vn 0.308071 0.253600 -0.916940
vn -0.167992 0.253596 -0.952611
vn -0.167956 0.253607 -0.952614
vn -0.621765 0.253823 -0.740933
vn -0.657897 0.253823 -0.709046
vn -0.602416 0.257819 -0.755397
vn 0.908973 0.253601 -0.330840
vn 0.908978 0.253605 -0.330822
vn 0.640054 0.253607 -0.725268
vn 0.215224 0.253612 -0.943058
vn -0.261978 0.253611 -0.931155
vn -0.261990 0.253607 -0.931152
vn -0.692413 0.253828 -0.675378
vn -0.674638 0.257815 -0.691661
vn -0.725216 0.253828 -0.640025
vn 0.871511 0.253600 -0.419708
vn 0.871516 0.253602 -0.419698
vn 0.825400 0.253603 -0.504381
vn 0.564647 0.253602 -0.785404
vn 0.564665 0.253608 -0.785390
vn 0.120269 0.253608 -0.959801
vn 0.120282 0.253612 -0.959799
vn -0.353424 0.253595 -0.900434
vn -0.353373 0.253612 -0.900449
vn 0.966106 0.253602 -0.048221
vn 0.966106 0.253602 -0.048221
vn -0.740140 0.257819 -0.621066
vn -0.756224 0.253827 -0.603073
vn -0.785353 0.253827 -0.564617
vn 0.825402 0.253602 -0.504379
vn 0.483648 0.253601 -0.837717
vn 0.483668 0.253608 -0.837704
vn 0.024102 0.253598 -0.967009
vn 0.024139 0.253609 -0.967006
vn -0.524815 0.253606 -0.812559
vn -0.441308 0.253595 -0.860777
vn -0.441273 0.253606 -0.860791
vn 0.956506 0.253605 -0.144157
vn 0.956505 0.253602 -0.144170
vn -0.798311 0.257817 -0.544271
vn -0.812516 0.253827 -0.524776
vn -0.837669 0.253826 -0.483614
vn 0.771074 0.253603 -0.584063
vn 0.771072 0.253602 -0.584067
vn 0.397839 0.253603 -0.881709
vn 0.397857 0.253608 -0.881699
vn -0.072272 0.253607 -0.964604
vn -0.072304 0.253598 -0.964604
vn -0.524809 0.253604 -0.812564
vn 0.937392 0.253600 -0.238710
vn 0.937397 0.253605 -0.238689
vn -0.848530 0.257813 -0.462092
vn -0.860725 0.253824 -0.441278
vn -0.881657 0.253824 -0.397813
vn 0.709081 0.253603 -0.657944
vn 0.709078 0.253602 -0.657947
vn 0.308079 0.253603 -0.916937
vn 0.308071 0.253600 -0.916940
vn 0.215225 0.253600 -0.943062
vn -0.167992 0.253598 -0.952610
vn -0.167960 0.253607 -0.952614
vn -0.603111 0.253602 -0.756269
vn -0.603105 0.253604 -0.756274
vn 0.908978 0.253604 -0.330822
vn 0.908972 0.253599 -0.330845
vn -0.890327 0.257814 -0.375300
vn -0.900387 0.253825 -0.353378
vn -0.916884 0.253825 -0.308053
vn 0.640056 0.253602 -0.725268
vn 0.640055 0.253601 -0.725270
vn 0.215218 0.253602 -0.943063
vn -0.261991 0.253601 -0.931154
vn -0.262001 0.253598 -0.931152
vn -0.740994 0.253600 -0.621783
vn -0.675417 0.253599 -0.692459
vn -0.675411 0.253602 -0.692464
vn 0.871509 0.253604 -0.419710
vn 0.871510 0.253605 -0.419708
vn -0.923269 0.257815 -0.284791
vn -0.931099 0.253824 -0.261968
vn -0.942997 0.253824 -0.215243
vn 0.564664 0.253601 -0.785393
vn 0.564666 0.253602 -0.785391
vn 0.120282 0.253598 -0.959802
vn 0.120295 0.253602 -0.959800
vn -0.441306 0.253605 -0.860775
vn -0.353387 0.253601 -0.900447
vn -0.353373 0.253605 -0.900451
vn 0.966105 0.253604 -0.048221
vn 0.966105 0.253604 -0.048221
vn -0.741001 0.253604 -0.621773
vn 0.825400 0.253607 -0.504378
vn 0.825394 0.253605 -0.504390
vn 0.771071 0.253608 -0.584066
vn -0.952555 0.253826 -0.167960
vn -0.959744 0.253826 -0.120264
vn -0.947038 0.257816 -0.191444
vn 0.483663 0.253602 -0.837709
vn 0.483649 0.253598 -0.837718
vn -0.072304 0.253608 -0.964601
vn 0.024139 0.253608 -0.967006
vn 0.024100 0.253598 -0.967009
vn -0.441287 0.253599 -0.860787
vn 0.937397 0.253602 -0.238689
vn 0.956506 0.253605 -0.144158
vn 0.956504 0.253602 -0.144170
vn -0.799226 0.253603 -0.544906
vn -0.849509 0.253601 -0.462625
vn -0.799232 0.253601 -0.544899
vn 0.771087 0.253603 -0.584046
vn -0.961393 0.257814 -0.096206
vn -0.964546 0.253823 -0.072283
vn -0.966950 0.253823 -0.024117
vn 0.397839 0.253597 -0.881710
vn 0.397858 0.253602 -0.881700
vn -0.072260 0.253596 -0.964607
vn -0.524809 0.253604 -0.812564
vn -0.524824 0.253599 -0.812556
vn 0.937397 0.253602 -0.238689
vn -0.849510 0.253602 -0.462622
vn 0.709081 0.253600 -0.657944
vn 0.709090 0.253603 -0.657934
vn -0.966950 0.253823 0.024117
vn -0.964546 0.253823 0.072283
vn -0.966195 0.257814 0.000000
vn 0.308048 0.253602 -0.916947
vn 0.308078 0.253610 -0.916935
vn -0.167960 0.253608 -0.952614
vn -0.168001 0.253597 -0.952609
vn -0.603105 0.253601 -0.756274
vn -0.603097 0.253604 -0.756280
vn 0.908971 0.253602 -0.330845
vn 0.908972 0.253602 -0.330841
vn -0.891353 0.253602 -0.375733
vn -0.891353 0.253602 -0.375734
vn 0.640057 0.253599 -0.725269
vn 0.640059 0.253600 -0.725267
vn -0.959744 0.253826 0.120264
vn -0.952555 0.253826 0.167960
vn -0.961393 0.257814 0.096206
vn 0.215252 0.253610 -0.943053
vn 0.120295 0.253602 -0.959800
vn 0.215218 0.253602 -0.943063
vn -0.261976 0.253608 -0.931156
vn -0.262000 0.253601 -0.931151
vn -0.353387 0.253601 -0.900447
vn -0.675410 0.253607 -0.692463
vn -0.741001 0.253606 -0.621773
vn -0.675425 0.253601 -0.692451
vn 0.871509 0.253603 -0.419711
vn 0.871508 0.253602 -0.419714
vn -0.924334 0.253603 -0.285119
vn -0.948130 0.253603 -0.191664
vn -0.924335 0.253602 -0.285115
vn 0.564664 0.253601 -0.785393
vn 0.564655 0.253599 -0.785399
vn 0.483663 0.253602 -0.837709
vn -0.942997 0.253824 0.215243
vn -0.931099 0.253824 0.261968
vn -0.947038 0.257816 0.191444
vn 0.120267 0.253608 -0.959801
vn -0.353402 0.253605 -0.900439
vn 0.966106 0.253602 -0.048218
vn 0.966106 0.253604 -0.048218
vn 0.966106 0.253601 -0.048221
vn -0.740995 0.253603 -0.621781
vn 0.825395 0.253600 -0.504391
vn 0.825401 0.253603 -0.504380
vn -0.948129 0.253601 -0.191672
vn 0.483636 0.253608 -0.837722
vn -0.916884 0.253825 0.308053
vn -0.900387 0.253825 0.353378
vn -0.923269 0.257815 0.284791
vn 0.024100 0.253598 -0.967009
vn 0.024144 0.253609 -0.967005
vn -0.441286 0.253607 -0.860785
vn -0.524823 0.253606 -0.812554
vn -0.441290 0.253605 -0.860783
vn 0.956505 0.253600 -0.144169
vn 0.956506 0.253602 -0.144158
vn -0.799226 0.253606 -0.544906
vn -0.799232 0.253603 -0.544897
vn 0.771087 0.253600 -0.584048
vn 0.771088 0.253601 -0.584046
vn 0.709090 0.253601 -0.657934
vn -0.967308 0.253603 0.000000
vn -0.962502 0.253602 -0.096314
vn -0.962501 0.253603 -0.096317
vn 0.397861 0.253608 -0.881697
vn 0.397838 0.253603 -0.881709
vn 0.308048 0.253602 -0.916947
vn -0.881657 0.253824 0.397813
vn -0.860725 0.253824 0.441278
vn -0.890327 0.257814 0.375300
vn -0.072297 0.253598 -0.964604
vn -0.072260 0.253607 -0.964605
vn -0.524812 0.253603 -0.812563
vn 0.937397 0.253602 -0.238690
vn 0.937397 0.253602 -0.238689
vn -0.849509 0.253606 -0.462621
vn -0.849509 0.253606 -0.462621
vn 0.709059 0.253609 -0.657964
vn -0.967308 0.253603 0.000000
vn 0.308060 0.253600 -0.916944
vn 0.215252 0.253600 -0.943056
vn -0.837669 0.253826 0.483614
vn -0.812516 0.253827 0.524776
vn -0.848530 0.257813 0.462092
vn -0.261977 0.253598 -0.931159
vn -0.168001 0.253598 -0.952609
vn -0.167964 0.253607 -0.952613
vn -0.603097 0.253601 -0.756280
vn -0.603093 0.253603 -0.756283
vn 0.908971 0.253604 -0.330841
vn 0.908968 0.253602 -0.330852
vn -0.891349 0.253605 -0.375740
vn -0.891353 0.253603 -0.375734
vn 0.640059 0.253610 -0.725263
vn 0.640057 0.253609 -0.725265
vn -0.962501 0.253602 0.096317
vn -0.962502 0.253603 0.096314
vn -0.948130 0.253601 0.191665
vn 0.215241 0.253602 -0.943057
vn -0.785353 0.253827 0.564617
vn -0.756224 0.253827 0.603073
vn -0.798311 0.257817 0.544271
vn -0.261993 0.253602 -0.931153
vn -0.740996 0.253598 -0.621782
vn -0.675425 0.253598 -0.692451
vn -0.675414 0.253601 -0.692461
vn 0.871512 0.253604 -0.419705
vn 0.871508 0.253602 -0.419714
vn -0.924335 0.253604 -0.285115
vn -0.948128 0.253604 -0.191672
vn -0.924335 0.253603 -0.285114
vn 0.564650 0.253609 -0.785400
vn 0.564654 0.253610 -0.785397
vn -0.948128 0.253603 0.191672
vn 0.120267 0.253598 -0.959804
vn 0.120283 0.253602 -0.959801
vn -0.725216 0.253828 0.640025
vn -0.740140 0.257819 0.621066
vn -0.692413 0.253828 0.675378
vn -0.353418 0.253602 -0.900434
vn -0.353402 0.253606 -0.900439
vn 0.966106 0.253604 -0.048217
vn -0.741009 0.253604 -0.621764
vn 0.825403 0.253602 -0.504377
vn 0.825401 0.253602 -0.504380
vn -0.948129 0.253604 -0.191669
vn 0.483638 0.253598 -0.837725
vn 0.397862 0.253598 -0.881699
vn 0.483696 0.253611 -0.837687
vn -0.924335 0.253604 0.285115
vn -0.924334 0.253602 0.285119
vn -0.891353 0.253602 0.375733
vn 0.024097 0.253598 -0.967010
vn 0.024144 0.253608 -0.967006
vn -0.674638 0.257815 0.691661
vn -0.657897 0.253823 0.709046
vn -0.621765 0.253823 0.740933
vn -0.441295 0.253605 -0.860780
vn -0.441290 0.253607 -0.860783
vn -0.524812 0.253607 -0.812562
vn 0.956505 0.253602 -0.144169
vn 0.956507 0.253605 -0.144152
vn -0.799227 0.253603 -0.544906
vn -0.799233 0.253601 -0.544897
vn -0.849510 0.253601 -0.462622
vn 0.771086 0.253603 -0.584048
vn 0.771084 0.253602 -0.584050
vn -0.962501 0.253604 -0.096319
vn -0.962502 0.253603 -0.096314
vn -0.967309 0.253602 0.000000
vn 0.397833 0.253604 -0.881711
vn -0.891353 0.253602 0.375734
vn -0.167963 0.253607 -0.952613
vn -0.072296 0.253607 -0.964602
vn -0.072292 0.253608 -0.964602
vn -0.584019 0.253826 0.771035
vn -0.544872 0.253826 0.799179
vn -0.602416 0.257819 0.755397
vn -0.524803 0.253604 -0.812568
vn 0.937397 0.253602 -0.238690
vn 0.937397 0.253602 -0.238691
vn -0.849510 0.253601 -0.462622
vn 0.709061 0.253600 -0.657966
vn 0.709070 0.253603 -0.657956
vn -0.967309 0.253602 0.000000
vn 0.308060 0.253600 -0.916944
vn 0.308075 0.253603 -0.916938
vn -0.849509 0.253601 0.462625
vn -0.849510 0.253602 0.462622
vn -0.167967 0.253608 -0.952612
vn -0.524211 0.257815 0.811624
vn -0.504339 0.253819 0.825359
vn -0.462590 0.253819 0.849463
vn -0.675413 0.253609 -0.692459
vn -0.603111 0.253604 -0.756269
vn -0.603092 0.253609 -0.756282
vn 0.908963 0.253602 -0.330867
vn 0.908967 0.253604 -0.330852
vn -0.891350 0.253602 -0.375741
vn -0.891351 0.253601 -0.375739
vn 0.564651 0.253599 -0.785402
vn 0.640064 0.253600 -0.725262
vn 0.640061 0.253599 -0.725265
vn -0.962501 0.253603 0.096319
vn -0.962501 0.253604 0.096314
vn 0.215233 0.253600 -0.943060
vn 0.215241 0.253602 -0.943058
vn -0.740994 0.253603 0.621783
vn -0.799231 0.253603 0.544899
vn -0.799227 0.253600 0.544906
vn -0.261958 0.253608 -0.931161
vn -0.261993 0.253601 -0.931153
vn -0.440766 0.257813 0.859801
vn -0.419673 0.253827 0.871462
vn -0.375742 0.253827 0.891285
vn -0.675406 0.253607 -0.692467
vn -0.741009 0.253606 -0.621764
vn 0.871512 0.253603 -0.419705
vn 0.871517 0.253604 -0.419693
vn -0.924335 0.253602 -0.285114
vn -0.924336 0.253602 -0.285113
vn -0.948129 0.253602 -0.191669
vn 0.564646 0.253600 -0.785406
vn -0.948129 0.253604 0.191669
vn -0.924335 0.253604 0.285115
vn -0.948128 0.253604 0.191672
vn 0.120303 0.253602 -0.959799
vn 0.120283 0.253598 -0.959802
vn -0.741002 0.253600 0.621774
vn -0.353393 0.253601 -0.900444
vn -0.353418 0.253595 -0.900436
vn -0.441296 0.253595 -0.860783
vn -0.330813 0.253822 0.908921
vn -0.285108 0.253822 0.924277
vn -0.353015 0.257818 0.899394
vn 0.966106 0.253602 -0.048217
vn 0.966106 0.253602 -0.048216
vn 0.966106 0.253602 -0.048216
vn -0.740990 0.253599 -0.621789
vn 0.825405 0.253603 -0.504374
vn 0.825403 0.253602 -0.504377
vn -0.948129 0.253602 -0.191670
vn 0.483697 0.253607 -0.837688
vn 0.483662 0.253600 -0.837710
vn -0.924335 0.253603 0.285114
vn 0.024097 0.253598 -0.967009
vn 0.024095 0.253598 -0.967010
vn -0.675416 0.253601 0.692459
vn -0.675412 0.253599 0.692464
vn -0.441307 0.253598 -0.860776
vn -0.261677 0.257815 0.930084
vn -0.238641 0.253820 0.937351
vn -0.191688 0.253820 0.948067
vn 0.956507 0.253602 -0.144152
vn 0.956507 0.253602 -0.144152
vn -0.799224 0.253600 -0.544911
vn -0.849510 0.253599 -0.462623
vn -0.799228 0.253598 -0.544906
vn 0.771084 0.253603 -0.584050
vn 0.771082 0.253602 -0.584053
vn -0.962501 0.253604 -0.096319
vn -0.962502 0.253601 -0.096310
vn -0.967308 0.253605 0.000000
vn 0.397862 0.253608 -0.881697
vn 0.397833 0.253603 -0.881711
vn -0.891352 0.253605 0.375734
vn -0.891350 0.253603 0.375741
vn -0.849509 0.253606 0.462621
vn -0.072293 0.253597 -0.964605
vn -0.167967 0.253597 -0.952615
vn -0.072285 0.253598 -0.964605
vn -0.603105 0.253601 0.756274
vn -0.603111 0.253604 0.756269
vn -0.524829 0.253597 -0.812553
vn -0.603111 0.253604 -0.756269
vn -0.524803 0.253604 -0.812568
vn -0.167763 0.257818 0.951517
vn -0.144154 0.253829 0.956447
vn -0.096318 0.253829 0.962442
vn 0.937397 0.253602 -0.238691
vn 0.937396 0.253602 -0.238692
vn -0.849515 0.253601 -0.462614
vn 0.640064 0.253602 -0.725262
vn 0.709072 0.253603 -0.657953
vn 0.709070 0.253602 -0.657956
vn -0.967308 0.253604 0.000000
vn 0.308074 0.253610 -0.916936
vn 0.308029 0.253602 -0.916954
vn -0.849509 0.253606 0.462621
vn -0.167972 0.253598 -0.952614
vn -0.524815 0.253606 0.812559
vn -0.524809 0.253604 0.812564
vn -0.603102 0.253601 -0.756277
vn -0.072225 0.257818 0.963490
vn -0.048189 0.253820 0.966050
vn 0.000000 0.253819 0.967252
vn 0.908963 0.253601 -0.330867
vn 0.908966 0.253602 -0.330856
vn -0.891351 0.253602 -0.375739
vn -0.891352 0.253601 -0.375736
vn 0.640032 0.253608 -0.725288
vn -0.962502 0.253604 0.096310
vn -0.948129 0.253602 0.191669
vn -0.962501 0.253602 0.096319
vn 0.120303 0.253602 -0.959799
vn 0.215286 0.253611 -0.943045
vn 0.215233 0.253601 -0.943059
vn -0.799226 0.253603 0.544906
vn -0.799232 0.253606 0.544897
vn -0.261973 0.253598 -0.931160
vn -0.261959 0.253601 -0.931163
vn -0.441274 0.253595 0.860794
vn -0.441306 0.253607 0.860774
vn -0.675398 0.253602 -0.692476
vn -0.675408 0.253599 -0.692468
vn 0.048189 0.253830 0.966048
vn 0.096318 0.253830 0.962441
vn 0.024107 0.257813 0.965894
vn 0.871509 0.253600 -0.419714
vn 0.871518 0.253602 -0.419693
vn -0.948129 0.253602 -0.191670
vn -0.924336 0.253602 -0.285113
vn -0.924336 0.253602 -0.285111
vn 0.564645 0.253602 -0.785405
vn 0.483662 0.253602 -0.837710
vn 0.564680 0.253608 -0.785378
vn -0.948129 0.253602 0.191670
vn 0.120261 0.253609 -0.959802
vn -0.740995 0.253603 0.621781
vn -0.741001 0.253606 0.621773
vn -0.675410 0.253607 0.692463
vn -0.353416 0.253601 -0.900435
vn -0.353392 0.253605 -0.900443
vn -0.353422 0.253611 0.900430
vn -0.353374 0.253595 0.900454
vn 0.966106 0.253602 -0.048215
vn 0.964542 0.253826 -0.072332
vn 0.959746 0.253826 -0.120245
vn 0.966283 0.252928 -0.048224
vn -0.741000 0.253600 -0.621776
vn -0.740989 0.253603 -0.621788
vn 0.120122 0.257815 0.958698
vn 0.144154 0.253823 0.956448
vn 0.191688 0.253823 0.948066
vn 0.825407 0.253603 -0.504369
vn 0.825405 0.253602 -0.504374
vn -0.948129 0.253602 -0.191669
vn 0.483629 0.253607 -0.837727
vn 0.397862 0.253607 -0.881697
vn -0.924336 0.253602 0.285114
vn -0.924336 0.253602 0.285113
vn 0.024095 0.253608 -0.967007
vn 0.024093 0.253608 -0.967007
vn -0.675425 0.253601 0.692451
vn -0.603105 0.253601 0.756274
vn -0.441315 0.253605 -0.860770
vn -0.441306 0.253607 -0.860774
vn -0.261990 0.253612 0.931151
vn -0.261978 0.253608 0.931156
vn 0.952559 0.253824 -0.167946
vn 0.942985 0.253823 -0.215299
vn 0.956677 0.252928 -0.144210
vn 0.956507 0.253605 -0.144152
vn 0.956503 0.253602 -0.144183
vn -0.799231 0.253603 -0.544899
vn -0.849513 0.253606 -0.462613
vn -0.799223 0.253606 -0.544910
vn 0.238640 0.253831 0.937348
vn 0.285107 0.253832 0.924275
vn 0.215022 0.257812 0.941965
vn 0.771082 0.253603 -0.584053
vn 0.771078 0.253602 -0.584058
vn -0.962502 0.253602 -0.096310
vn -0.962501 0.253603 -0.096316
vn 0.397897 0.253602 -0.881683
vn 0.308029 0.253602 -0.916954
vn -0.891351 0.253602 0.375739
vn -0.891350 0.253601 0.375741
vn -0.072278 0.253608 -0.964603
vn -0.072285 0.253607 -0.964603
vn -0.603097 0.253604 0.756280
vn -0.524828 0.253604 -0.812552
vn -0.524819 0.253606 -0.812557
vn -0.167991 0.253608 0.952608
vn -0.167957 0.253597 0.952617
vn 0.937567 0.252929 -0.238738
vn 0.931116 0.253823 -0.261911
vn 0.916890 0.253824 -0.308035
vn 0.937396 0.253605 -0.238692
vn 0.937395 0.253605 -0.238694
vn -0.849508 0.253603 -0.462624
vn 0.330813 0.253824 0.908920
vn 0.375743 0.253824 0.891286
vn 0.307697 0.257817 0.915889
vn 0.709089 0.253603 -0.657935
vn 0.709073 0.253600 -0.657953
vn -0.967309 0.253602 0.000000
vn -0.967309 0.253602 0.000000
vn 0.308044 0.253600 -0.916949
vn -0.799233 0.253601 0.544897
vn -0.849510 0.253601 0.462622
vn -0.849510 0.253601 0.462622
vn -0.167971 0.253608 -0.952612
vn -0.167974 0.253607 -0.952611
vn -0.261972 0.253608 -0.931157
vn -0.524810 0.253599 0.812565
vn -0.524824 0.253604 0.812555
vn -0.603089 0.253604 -0.756286
vn -0.603102 0.253601 -0.756277
vn -0.072272 0.253596 0.964606
vn -0.072309 0.253608 0.964601
vn 0.908967 0.253605 -0.330852
vn 0.900373 0.253823 -0.353414
vn 0.881655 0.253823 -0.397817
vn 0.908966 0.253604 -0.330856
vn 0.909134 0.252926 -0.330913
vn -0.891351 0.253606 -0.375736
vn -0.891356 0.253603 -0.375725
vn 0.419674 0.253819 0.871464
vn 0.462590 0.253819 0.849463
vn 0.397384 0.257809 0.880693
vn 0.640019 0.253599 -0.725302
vn 0.640033 0.253602 -0.725289
vn -0.962502 0.253602 0.096316
vn -0.962502 0.253603 0.096310
vn -0.948129 0.253602 0.191670
vn 0.215280 0.253600 -0.943049
vn 0.120262 0.253601 -0.959804
vn 0.215286 0.253601 -0.943047
vn -0.799227 0.253603 0.544906
vn -0.261991 0.253611 -0.931151
vn -0.353373 0.253605 0.900451
vn -0.441287 0.253599 0.860787
vn -0.441306 0.253605 0.860775
vn -0.740999 0.253606 -0.621775
vn -0.675398 0.253606 -0.692475
vn -0.675417 0.253602 -0.692458
vn 0.024102 0.253608 0.967007
vn 0.024135 0.253598 0.967009
vn 0.871508 0.253602 -0.419714
vn 0.860686 0.253827 -0.441351
vn 0.837682 0.253826 -0.483592
vn 0.871676 0.252927 -0.419773
vn 0.871516 0.253604 -0.419696
vn -0.924332 0.253605 -0.285124
vn -0.924336 0.253602 -0.285111
vn -0.948129 0.253602 -0.191669
vn 0.504338 0.253823 0.825359
vn 0.544873 0.253823 0.799179
vn 0.483096 0.257809 0.836751
vn 0.564681 0.253601 -0.785380
vn 0.564680 0.253601 -0.785380
vn -0.948129 0.253602 0.191669
vn 0.120285 0.253598 -0.959802
vn -0.740996 0.253598 0.621782
vn -0.741009 0.253604 0.621764
vn -0.675425 0.253598 0.692451
vn -0.353415 0.253606 -0.900434
vn -0.353387 0.253610 -0.900444
vn -0.353387 0.253601 0.900447
vn -0.740989 0.253603 -0.621788
vn 0.120269 0.253598 0.959804
vn 0.120260 0.253601 0.959804
vn 0.812529 0.253824 -0.524758
vn 0.785406 0.253824 -0.564545
vn 0.825392 0.253602 -0.504395
vn 0.825407 0.253605 -0.504369
vn 0.825542 0.252928 -0.504487
vn 0.771078 0.253606 -0.584058
vn -0.948129 0.253602 -0.191671
vn 0.584018 0.253831 0.771034
vn 0.621764 0.253830 0.740931
vn 0.564023 0.257816 0.784480
vn 0.483646 0.253601 -0.837719
vn 0.483630 0.253599 -0.837729
vn -0.924336 0.253602 0.285113
vn -0.924336 0.253602 0.285111
vn 0.024093 0.253598 -0.967010
vn 0.024089 0.253598 -0.967010
vn -0.675414 0.253602 0.692461
vn -0.441316 0.253599 -0.860772
vn -0.441280 0.253605 -0.860788
vn -0.524820 0.253599 -0.812559
vn -0.261991 0.253598 0.931154
vn -0.262000 0.253601 0.931151
vn -0.167992 0.253598 0.952610
vn -0.849509 0.253601 -0.462625
vn -0.799232 0.253601 -0.544899
vn -0.799223 0.253604 -0.544911
vn 0.215266 0.253601 0.943052
vn 0.215270 0.253600 0.943052
vn 0.771104 0.253602 -0.584024
vn 0.756233 0.253824 -0.603063
vn 0.725219 0.253825 -0.640024
vn 0.771245 0.252926 -0.584131
vn -0.962501 0.253603 -0.096316
vn -0.962502 0.253602 -0.096311
vn 0.657897 0.253823 0.709046
vn 0.692414 0.253823 0.675379
vn 0.639315 0.257814 0.724437
vn 0.397897 0.253602 -0.881683
vn 0.397874 0.253599 -0.881694
vn -0.891352 0.253602 0.375736
vn -0.891351 0.253601 0.375739
vn -0.167975 0.253597 -0.952614
vn -0.072279 0.253597 -0.964606
vn -0.072267 0.253598 -0.964606
vn -0.603094 0.253601 0.756283
vn -0.603097 0.253603 0.756280
vn -0.524793 0.253594 -0.812578
vn -0.167960 0.253607 0.952614
vn -0.849520 0.253606 -0.462600
vn 0.308064 0.253599 0.916943
vn 0.308052 0.253603 0.916946
vn 0.692362 0.253822 -0.675432
vn 0.657894 0.253821 -0.709049
vn 0.709169 0.252925 -0.658109
vn 0.709039 0.253602 -0.657989
vn 0.709088 0.253609 -0.657934
vn -0.962501 0.253603 0.096316
vn -0.967309 0.253602 0.000000
vn -0.967309 0.253602 0.000000
vn 0.708263 0.257814 0.657187
vn 0.725217 0.253824 0.640026
vn 0.756225 0.253825 0.603073
vn 0.308044 0.253601 -0.916949
vn 0.308058 0.253602 -0.916944
vn 0.215280 0.253601 -0.943049
vn -0.849515 0.253601 0.462614
vn -0.849510 0.253599 0.462623
vn -0.799228 0.253598 0.544906
vn -0.167986 0.253598 -0.952612
vn -0.524812 0.253603 0.812563
vn -0.441286 0.253607 0.860785
vn -0.524823 0.253606 0.812554
vn -0.603090 0.253601 -0.756286
vn -0.603125 0.253594 -0.756261
vn -0.072272 0.253598 0.964606
vn 0.024102 0.253598 0.967009
vn -0.072304 0.253607 0.964601
vn -0.891357 0.253602 -0.375725
vn -0.891349 0.253605 -0.375740
vn 0.397854 0.253603 0.881701
vn 0.397841 0.253608 0.881706
vn 0.640019 0.253600 -0.725302
vn 0.621625 0.253832 -0.741048
vn 0.584175 0.253832 -0.770915
vn 0.640217 0.252927 -0.725362
vn 0.640098 0.253610 -0.725228
vn -0.962502 0.253602 0.096311
vn 0.785350 0.253824 0.564622
vn 0.812523 0.253824 0.524766
vn 0.770184 0.257815 0.583394
vn 0.215270 0.253602 -0.943051
vn -0.799224 0.253600 0.544911
vn -0.261991 0.253602 -0.931153
vn -0.262018 0.253598 -0.931147
vn -0.441290 0.253605 0.860783
vn -0.353386 0.253605 0.900446
vn -0.675407 0.253602 -0.692467
vn -0.740990 0.253600 -0.621788
vn -0.675418 0.253599 -0.692458
vn 0.024139 0.253609 0.967006
vn -0.924332 0.253605 -0.285124
vn -0.924337 0.253602 -0.285110
vn -0.948128 0.253605 -0.191670
vn 0.483651 0.253609 0.837713
vn 0.483655 0.253608 0.837712
vn 0.483646 0.253601 -0.837719
vn 0.564680 0.253601 -0.785380
vn 0.544957 0.253822 -0.799122
vn 0.504350 0.253823 -0.825351
vn 0.564664 0.253599 -0.785393
vn 0.564766 0.252929 -0.785535
vn -0.948129 0.253602 0.191669
vn -0.948129 0.253602 0.191671
vn 0.837663 0.253826 0.483625
vn 0.860727 0.253826 0.441272
vn 0.824453 0.257814 0.503794
vn 0.120223 0.253601 -0.959809
vn 0.120285 0.253608 -0.959799
vn -0.740990 0.253599 0.621789
vn -0.675413 0.253607 0.692460
vn -0.741009 0.253606 0.621764
vn -0.353412 0.253602 -0.900437
vn -0.353388 0.253605 -0.900445
vn -0.353403 0.253601 0.900441
vn -0.741004 0.253603 -0.621771
vn 0.120282 0.253608 0.959800
vn 0.120269 0.253612 0.959800
vn 0.215265 0.253612 0.943049
vn -0.948128 0.253604 -0.191672
vn 0.564649 0.253609 0.785401
vn 0.564674 0.253599 0.785386
vn 0.462496 0.253821 -0.849513
vn 0.419606 0.253820 -0.871497
vn 0.397873 0.253607 -0.881692
vn 0.483589 0.253607 -0.837750
vn 0.483678 0.252924 -0.837905
vn -0.891351 0.253606 0.375736
vn -0.924332 0.253602 0.285124
vn -0.924336 0.253605 0.285111
vn 0.881660 0.253822 0.397807
vn 0.900385 0.253822 0.353385
vn 0.870507 0.257815 0.419224
vn 0.024084 0.253608 -0.967007
vn 0.024089 0.253609 -0.967007
vn -0.675406 0.253609 0.692466
vn -0.441280 0.253607 -0.860788
vn -0.524791 0.253607 -0.812575
vn -0.441286 0.253606 -0.860785
vn -0.261976 0.253601 0.931158
vn -0.262000 0.253607 0.931149
vn -0.849521 0.253606 -0.462600
vn -0.799233 0.253603 -0.544896
vn -0.799222 0.253606 -0.544911
vn 0.215225 0.253600 0.943062
vn -0.962501 0.253604 -0.096311
vn -0.962501 0.253604 -0.096311
vn -0.967308 0.253605 0.000000
vn 0.709080 0.253600 0.657945
vn 0.640052 0.253600 0.725273
vn 0.640053 0.253599 0.725272
vn 0.375911 0.253823 -0.891216
vn 0.330759 0.253824 -0.908940
vn 0.398004 0.252929 -0.881827
vn 0.397931 0.253601 -0.881667
vn -0.891356 0.253603 0.375725
vn 0.907928 0.257815 0.330451
vn 0.916887 0.253824 0.308046
vn 0.931098 0.253824 0.261975
vn -0.072251 0.253609 -0.964605
vn -0.072267 0.253607 -0.964604
vn -0.603093 0.253604 0.756283
vn -0.603110 0.253610 0.756268
vn -0.524772 0.253604 -0.812588
vn -0.168001 0.253608 0.952606
vn -0.167960 0.253597 0.952616
vn -0.849508 0.253601 -0.462626
vn 0.308063 0.253602 0.916942
vn 0.308071 0.253600 0.916940
vn -0.967308 0.253605 0.000000
vn 0.709086 0.253603 0.657938
vn 0.308081 0.253603 -0.916936
vn 0.284922 0.253833 -0.924331
vn 0.238660 0.253832 -0.937342
vn 0.215270 0.253600 -0.943051
vn 0.308137 0.252929 -0.917103
vn 0.308058 0.253600 -0.916944
vn -0.849508 0.253603 0.462624
vn -0.849513 0.253606 0.462613
vn 0.936316 0.257814 0.238420
vn 0.942995 0.253826 0.215250
vn 0.952558 0.253826 0.167945
vn -0.167993 0.253607 -0.952608
vn -0.167985 0.253608 -0.952609
vn -0.262017 0.253607 -0.931145
vn -0.524803 0.253604 0.812568
vn -0.524812 0.253607 0.812562
vn -0.603110 0.253604 -0.756269
vn -0.603123 0.253602 -0.756260
vn -0.072260 0.253596 0.964607
vn -0.072304 0.253608 0.964601
vn 0.024139 0.253608 0.967006
vn -0.891352 0.253601 -0.375737
vn -0.891350 0.253602 -0.375741
vn 0.397855 0.253598 0.881703
vn 0.483657 0.253597 0.837714
vn 0.397839 0.253603 0.881709
vn -0.948128 0.253605 0.191670
vn -0.962501 0.253604 0.096311
vn -0.962501 0.253604 0.096311
vn 0.825403 0.253607 0.504375
vn 0.771071 0.253608 0.584066
vn 0.771082 0.253603 0.584053
vn 0.215177 0.252931 -0.943252
vn 0.191668 0.253823 -0.948070
vn 0.144297 0.253824 -0.956427
vn 0.215138 0.253613 -0.943078
vn -0.740989 0.253603 0.621788
vn -0.799230 0.253606 0.544899
vn -0.799223 0.253603 0.544910
vn 0.955403 0.257814 0.144005
vn 0.959743 0.253825 0.120279
vn 0.964545 0.253825 0.072283
vn 0.964993 0.257815 0.048165
vn -0.261964 0.253601 -0.931161
vn -0.441295 0.253607 0.860780
vn -0.441290 0.253605 0.860783
vn -0.741003 0.253604 -0.621771
vn -0.675407 0.253605 -0.692467
vn -0.675425 0.253601 -0.692450
vn 0.024100 0.253598 0.967009
vn -0.948129 0.253602 -0.191672
vn -0.924337 0.253602 -0.285108
vn -0.924337 0.253602 -0.285110
vn 0.483669 0.253602 0.837706
vn -0.948128 0.253605 0.191672
vn 0.871511 0.253603 0.419708
vn 0.825395 0.253602 0.504389
vn 0.120398 0.252926 -0.959965
vn 0.120223 0.253598 -0.959809
vn 0.096199 0.253831 -0.962453
vn 0.048469 0.253832 -0.966033
vn 0.120376 0.253613 -0.959787
vn -0.741000 0.253600 0.621776
vn -0.353362 0.253601 -0.900456
vn -0.353413 0.253595 -0.900438
vn -0.353417 0.253606 0.900433
vn -0.353402 0.253602 0.900440
vn -0.741010 0.253606 -0.621763
vn 0.120282 0.253601 0.959801
vn 0.215225 0.253602 0.943061
vn 0.120295 0.253598 0.959801
vn -0.948129 0.253602 -0.191672
vn 0.564650 0.253601 0.785402
vn 0.564647 0.253602 0.785404
vn 0.640053 0.253601 0.725272
vn -0.924332 0.253602 0.285124
vn -0.924336 0.253605 0.285110
vn -0.891357 0.253602 0.375725
vn 0.871510 0.253602 0.419710
vn 0.024079 0.252924 -0.967186
vn 0.000000 0.253819 -0.967252
vn -0.048468 0.253818 -0.966037
vn 0.024084 0.253598 -0.967010
vn 0.024075 0.253597 -0.967010
vn -0.675399 0.253599 0.692477
vn -0.675407 0.253602 0.692468
vn -0.441287 0.253597 -0.860787
vn -0.441308 0.253595 -0.860777
vn -0.261977 0.253598 0.931159
vn -0.261993 0.253602 0.931153
vn -0.799234 0.253601 -0.544897
vn -0.849508 0.253601 -0.462626
vn -0.799212 0.253606 -0.544926
vn 0.215218 0.253600 0.943063
vn -0.962502 0.253601 -0.096311
vn -0.962501 0.253603 -0.096321
vn -0.967309 0.253602 0.000000
vn 0.640073 0.253610 0.725250
vn -0.891349 0.253605 0.375740
vn 0.937396 0.253602 0.238695
vn 0.908976 0.253602 0.330830
vn 0.908975 0.253603 0.330832
vn -0.072355 0.253597 -0.964600
vn -0.072369 0.252927 -0.964775
vn -0.096199 0.253818 -0.962456
vn -0.144297 0.253817 -0.956428
vn -0.167993 0.253607 -0.952608
vn -0.072251 0.253607 -0.964605
vn -0.603111 0.253604 0.756269
vn -0.603102 0.253601 0.756277
vn -0.524772 0.253604 -0.812588
vn -0.524814 0.253598 -0.812563
vn -0.167964 0.253597 0.952616
vn -0.168001 0.253606 0.952607
vn -0.849507 0.253601 -0.462627
vn 0.308070 0.253603 0.916940
vn 0.397839 0.253603 0.881709
vn 0.308079 0.253600 0.916937
vn -0.967309 0.253602 0.000000
vn 0.709086 0.253603 0.657938
vn 0.709070 0.253609 0.657953
vn -0.799232 0.253601 0.544899
vn -0.849520 0.253606 0.462600
vn -0.849509 0.253601 0.462625
vn 0.937395 0.253602 0.238696
vn -0.167886 0.253597 -0.952630
vn -0.191667 0.253829 -0.948069
vn -0.238660 0.253829 -0.937343
vn -0.167916 0.252929 -0.952802
vn -0.524804 0.253598 0.812569
vn -0.524828 0.253604 0.812552
vn -0.441296 0.253597 0.860782
vn -0.603153 0.253603 -0.756236
vn -0.603110 0.253610 -0.756268
vn -0.072296 0.253607 0.964602
vn -0.072260 0.253598 0.964607
vn -0.891361 0.253601 -0.375715
vn -0.891351 0.253604 -0.375737
vn 0.397857 0.253608 0.881699
vn 0.483668 0.253608 0.837704
vn -0.962502 0.253603 0.096311
vn -0.962501 0.253601 0.096321
vn -0.948129 0.253602 0.191672
vn 0.771081 0.253603 0.584055
vn 0.771082 0.253602 0.584053
vn -0.799223 0.253604 0.544911
vn 0.956504 0.253602 0.144173
vn 0.966106 0.253604 0.048212
vn 0.956504 0.253602 0.144171
vn 0.966106 0.253602 0.048221
vn -0.262036 0.252932 -0.931323
vn -0.261964 0.253600 -0.931161
vn -0.284923 0.253822 -0.924334
vn -0.330759 0.253824 -0.908940
vn -0.353362 0.253601 -0.900456
vn -0.261989 0.253598 -0.931155
vn -0.353418 0.253595 0.900436
vn -0.441308 0.253595 0.860777
vn -0.741011 0.253600 -0.621764
vn -0.675425 0.253600 -0.692451
vn -0.675360 0.253610 -0.692511
vn 0.024144 0.253598 0.967008
vn 0.024100 0.253608 0.967007
vn -0.924337 0.253602 -0.285108
vn -0.948129 0.253602 -0.191672
vn -0.924332 0.253605 -0.285122
vn 0.483648 0.253601 0.837717
vn -0.948129 0.253602 0.191672
vn 0.825396 0.253602 0.504389
vn 0.825395 0.253602 0.504389
vn -0.740989 0.253603 0.621788
vn -0.740999 0.253606 0.621775
vn -0.675398 0.253606 0.692475
vn -0.375910 0.253828 -0.891214
vn -0.419605 0.253827 -0.871495
vn -0.353469 0.252924 -0.900605
vn -0.353404 0.253605 -0.900439
vn -0.353393 0.253601 0.900444
vn -0.741035 0.253604 -0.621733
vn 0.120267 0.253608 0.959801
vn 0.120295 0.253602 0.959800
vn -0.948128 0.253602 -0.191674
vn 0.564666 0.253601 0.785391
vn 0.564646 0.253607 0.785403
vn -0.924337 0.253602 0.285108
vn -0.924337 0.253602 0.285110
vn -0.891350 0.253602 0.375741
vn 0.871509 0.253604 0.419709
vn 0.871513 0.253603 0.419704
vn -0.675417 0.253602 0.692458
vn -0.441306 0.253607 -0.860774
vn -0.441407 0.252927 -0.860923
vn -0.441326 0.253605 -0.860765
vn -0.462496 0.253819 -0.849514
vn -0.504351 0.253819 -0.825352
vn -0.524813 0.253606 -0.812561
vn -0.261992 0.253608 0.931152
vn -0.261959 0.253600 0.931163
vn -0.799213 0.253604 -0.544925
vn -0.799212 0.253604 -0.544926
vn -0.849507 0.253604 -0.462627
vn 0.215252 0.253601 0.943055
vn 0.215217 0.253610 0.943061
vn -0.962501 0.253603 -0.096321
vn -0.962502 0.253602 -0.096314
vn 0.640075 0.253600 0.725252
vn 0.640054 0.253607 0.725268
vn -0.891352 0.253601 0.375737
vn 0.908974 0.253604 0.330834
vn 0.908976 0.253603 0.330829
vn -0.603090 0.253601 0.756286
vn -0.603101 0.253604 0.756276
vn -0.544957 0.253826 -0.799121
vn -0.584176 0.253824 -0.770916
vn -0.524870 0.252924 -0.812737
vn -0.524773 0.253602 -0.812588
vn -0.167967 0.253608 0.952612
vn -0.167963 0.253607 0.952613
vn -0.072296 0.253607 0.964602
vn -0.849504 0.253603 -0.462632
vn 0.308079 0.253603 0.916937
vn 0.308048 0.253610 0.916945
vn 0.397858 0.253602 0.881700
vn -0.967309 0.253602 0.000000
vn -0.967309 0.253602 0.000000
vn 0.709079 0.253600 0.657947
vn 0.709072 0.253603 0.657954
vn -0.849508 0.253601 0.462626
vn -0.849521 0.253606 0.462600
vn -0.799222 0.253606 0.544911
vn 0.937395 0.253602 0.238696
vn 0.937395 0.253603 0.238697
vn -0.524828 0.253606 0.812551
vn -0.441306 0.253607 0.860774
vn -0.524819 0.253604 0.812558
vn -0.603251 0.252932 -0.756382
vn -0.621627 0.253822 -0.741049
vn -0.657893 0.253823 -0.709049
vn -0.603153 0.253600 -0.756236
vn -0.603142 0.253602 -0.756245
vn 0.024144 0.253608 0.967006
vn -0.072292 0.253608 0.964602
vn -0.891361 0.253602 -0.375715
vn -0.891356 0.253603 -0.375725
vn 0.397839 0.253597 0.881710
vn -0.948129 0.253602 0.191672
vn -0.962501 0.253602 0.096321
vn -0.962502 0.253603 0.096314
vn 0.825396 0.253600 0.504389
vn 0.771074 0.253603 0.584063
vn 0.771081 0.253600 0.584055
vn -0.799233 0.253603 0.544896
vn 0.956505 0.253602 0.144165
vn 0.966106 0.253604 0.048212
vn 0.966106 0.253602 0.048221
vn 0.956504 0.253604 0.144173
vn -0.441315 0.253605 0.860770
vn -0.675408 0.253600 -0.692467
vn -0.741035 0.253606 -0.621732
vn -0.675531 0.252926 -0.692593
vn -0.692363 0.253820 -0.675433
vn -0.725219 0.253821 -0.640025
vn -0.675361 0.253606 -0.692511
vn 0.024097 0.253598 0.967010
vn -0.924333 0.253602 -0.285122
vn -0.948128 0.253602 -0.191674
vn -0.924333 0.253602 -0.285123
vn 0.483663 0.253597 0.837710
vn 0.483648 0.253601 0.837717
vn -0.948128 0.253602 0.191674
vn 0.825401 0.253603 0.504381
vn 0.871513 0.253602 0.419704
vn -0.741004 0.253603 0.621771
vn -0.740990 0.253600 0.621788
vn -0.675418 0.253599 0.692458
vn -0.353415 0.253606 0.900434
vn -0.353393 0.253601 0.900444
vn -0.740972 0.253596 -0.621811
vn -0.756233 0.253825 -0.603062
vn -0.785406 0.253824 -0.564545
vn -0.741106 0.252926 -0.621924
vn 0.120267 0.253602 0.959803
vn 0.120283 0.253598 0.959802
vn 0.215252 0.253602 0.943055
vn -0.948132 0.253605 -0.191655
vn 0.564666 0.253601 0.785391
vn 0.564663 0.253602 0.785392
vn 0.640055 0.253601 0.725270
vn -0.924337 0.253604 0.285108
vn -0.891351 0.253604 0.375737
vn -0.924333 0.253602 0.285123
vn 0.871515 0.253604 0.419698
vn -0.675407 0.253602 0.692467
vn -0.261973 0.253601 0.931159
vn -0.261959 0.253598 0.931164
vn -0.799214 0.253600 -0.544925
vn -0.799376 0.252931 -0.545000
vn -0.849504 0.253601 -0.462632
vn -0.812528 0.253828 -0.524758
vn -0.837682 0.253827 -0.483591
vn -0.799231 0.253597 -0.544901
vn 0.215241 0.253599 0.943058
vn -0.962501 0.253604 -0.096314
vn -0.962501 0.253604 -0.096314
vn 0.640056 0.253602 0.725268
vn -0.891361 0.253601 0.375715
vn 0.937395 0.253602 0.238697
vn 0.908974 0.253602 0.330834
vn 0.908972 0.253604 0.330840
vn -0.603091 0.253594 0.756288
vn -0.603123 0.253602 0.756260
vn -0.167967 0.253597 0.952615
vn -0.167972 0.253598 0.952614
vn -0.860687 0.253822 -0.441352
vn -0.881655 0.253823 -0.397818
vn -0.849686 0.252930 -0.462666
vn -0.849531 0.253606 -0.462582
vn 0.308060 0.253600 0.916944
vn 0.308048 0.253602 0.916947
vn -0.967308 0.253605 0.000000
vn -0.967308 0.253605 0.000000
vn 0.709081 0.253602 0.657944
vn 0.709078 0.253603 0.657947
vn -0.799234 0.253601 0.544897
vn -0.849507 0.253601 0.462627
vn -0.849508 0.253601 0.462626
vn 0.937395 0.253602 0.238698
vn -0.524820 0.253599 0.812559
vn -0.524793 0.253594 0.812578
vn -0.072293 0.253598 0.964604
vn 0.024097 0.253598 0.967009
vn -0.072286 0.253597 0.964605
vn -0.891357 0.253602 -0.375725
vn -0.900373 0.253823 -0.353414
vn -0.916891 0.253823 -0.308035
vn -0.891505 0.252927 -0.375828
vn -0.891341 0.253605 -0.375759
vn 0.397862 0.253602 0.881698
vn 0.483662 0.253608 0.837708
vn 0.397838 0.253608 0.881708
vn -0.962501 0.253604 0.096314
vn -0.962501 0.253604 0.096314
vn 0.771072 0.253603 0.584067
vn 0.771074 0.253602 0.584064
vn -0.799212 0.253606 0.544926
vn 0.956505 0.253602 0.144165
vn 0.956505 0.253602 0.144167
vn 0.966106 0.253602 0.048221
vn 0.966106 0.253604 0.048211
vn -0.353415 0.253606 0.900434
vn -0.441315 0.253605 0.860770
vn -0.441281 0.253598 0.860790
vn 0.024095 0.253598 0.967010
vn -0.924343 0.253602 -0.285091
vn -0.924511 0.252926 -0.285144
vn -0.948132 0.253604 -0.191655
vn -0.924332 0.253605 -0.285122
vn -0.931115 0.253824 -0.261911
vn -0.942984 0.253824 -0.215299
vn 0.483637 0.253601 0.837724
vn -0.948128 0.253602 0.191674
vn -0.948132 0.253605 0.191655
vn 0.825400 0.253603 0.504381
vn 0.825402 0.253602 0.504379
vn 0.871516 0.253602 0.419698
vn -0.741010 0.253606 0.621763
vn -0.741003 0.253604 0.621771
vn -0.675407 0.253605 0.692467
vn -0.353387 0.253610 0.900444
vn 0.120303 0.253598 0.959800
vn 0.120283 0.253602 0.959801
vn 0.215241 0.253602 0.943058
vn -0.952559 0.253823 -0.167946
vn -0.959747 0.253823 -0.120246
vn -0.948127 0.253602 -0.191679
vn -0.948301 0.252926 -0.191714
vn 0.564664 0.253599 0.785393
vn 0.564655 0.253602 0.785399
vn -0.924333 0.253602 0.285123
vn -0.924333 0.253602 0.285122
vn 0.871511 0.253600 0.419708
vn -0.675425 0.253601 0.692450
vn -0.167971 0.253608 0.952612
vn -0.261991 0.253611 0.931151
vn -0.261972 0.253608 0.931157
vn 0.215233 0.253600 0.943060
vn -0.962499 0.253603 -0.096334
vn -0.962502 0.253601 -0.096314
vn -0.964542 0.253824 -0.072331
vn -0.966951 0.253823 -0.024053
vn -0.962675 0.252928 -0.096351
vn -0.967309 0.253602 0.000000
vn 0.640059 0.253599 0.725267
vn 0.640057 0.253600 0.725269
vn 0.709081 0.253600 0.657944
vn -0.891357 0.253602 0.375725
vn -0.891361 0.253603 0.375715
vn 0.908972 0.253605 0.330840
vn 0.908979 0.253600 0.330823
vn -0.603111 0.253602 0.756270
vn -0.603123 0.253604 0.756259
vn -0.072285 0.253607 0.964603
vn -0.167974 0.253607 0.952611
vn 0.308075 0.253600 0.916939
vn 0.308060 0.253603 0.916943
vn -0.967309 0.253602 0.000000
vn -0.967485 0.252929 0.000000
vn -0.966951 0.253823 0.024053
vn -0.964542 0.253824 0.072331
vn 0.709090 0.253603 0.657934
vn -0.849507 0.253604 0.462627
vn -0.849504 0.253603 0.462632
vn 0.937395 0.253602 0.238698
vn 0.937391 0.253605 0.238710
vn -0.524772 0.253604 0.812588
vn -0.441280 0.253607 0.860788
vn -0.524791 0.253607 0.812575
vn -0.072278 0.253608 0.964603
vn 0.483638 0.253598 0.837725
vn 0.397862 0.253598 0.881699
vn 0.397833 0.253604 0.881711
vn -0.962675 0.252928 0.096351
vn -0.962500 0.253601 0.096334
vn -0.962501 0.253603 0.096314
vn -0.959747 0.253823 0.120246
vn -0.952559 0.253823 0.167946
vn -0.948132 0.253602 0.191655
vn 0.771087 0.253603 0.584046
vn 0.771071 0.253608 0.584066
vn -0.799212 0.253604 0.544926
vn -0.799213 0.253604 0.544925
vn 0.956507 0.253602 0.144157
vn 0.956504 0.253605 0.144167
vn 0.966106 0.253604 0.048211
vn 0.966106 0.253602 0.048221
vn -0.441286 0.253606 0.860785
vn 0.120303 0.253608 0.959797
vn 0.024095 0.253608 0.967007
vn 0.024093 0.253608 0.967007
vn 0.483696 0.253611 0.837687
vn -0.948301 0.252926 0.191714
vn -0.948126 0.253605 0.191679
vn -0.942984 0.253824 0.215299
vn -0.931115 0.253824 0.261911
vn 0.825393 0.253608 0.504390
vn 0.825401 0.253605 0.504379
vn 0.871510 0.253605 0.419708
vn -0.741011 0.253600 0.621764
vn -0.741035 0.253604 0.621733
vn -0.353412 0.253606 0.900436
vn -0.353388 0.253602 0.900446
vn -0.261991 0.253602 0.931153
vn 0.120261 0.253601 0.959804
vn 0.564654 0.253609 0.785397
vn 0.564649 0.253610 0.785400
vn -0.924342 0.253605 0.285091
vn -0.924511 0.252926 0.285144
vn -0.891357 0.253602 0.375725
vn -0.916891 0.253823 0.308035
vn -0.900373 0.253823 0.353414
vn -0.924333 0.253602 0.285122
vn 0.871509 0.253604 0.419710
vn -0.675362 0.253598 0.692513
vn -0.675423 0.253609 0.692449
vn -0.262018 0.253598 0.931147
vn 0.215232 0.253610 0.943057
vn 0.215286 0.253601 0.943047
vn 0.640057 0.253609 0.725265
vn 0.709089 0.253609 0.657933
vn 0.640059 0.253609 0.725263
vn -0.891341 0.253605 0.375759
vn -0.891505 0.252927 0.375828
vn -0.881655 0.253823 0.397818
vn -0.860687 0.253822 0.441352
vn 0.908980 0.253599 0.330823
vn 0.908970 0.253604 0.330844
vn -0.603110 0.253604 0.756269
vn -0.603152 0.253610 0.756234
vn -0.167975 0.253597 0.952614
vn -0.167986 0.253598 0.952612
vn 0.308075 0.253602 0.916938
vn 0.397833 0.253603 0.881711
vn 0.308028 0.253611 0.916952
vn 0.709061 0.253601 0.657966
vn -0.849531 0.253606 0.462582
vn -0.849686 0.252930 0.462666
vn -0.849504 0.253601 0.462632
vn -0.837682 0.253827 0.483591
vn -0.812528 0.253828 0.524758
vn 0.937391 0.253605 0.238710
vn 0.937398 0.253600 0.238689
vn 0.956506 0.253605 0.144157
vn -0.524773 0.253598 0.812589
vn -0.441287 0.253597 0.860787
vn -0.524813 0.253604 0.812562
vn -0.072279 0.253598 0.964606
vn -0.072267 0.253596 0.964607
vn 0.024093 0.253598 0.967010
vn 0.397862 0.253608 0.881697
vn 0.771086 0.253601 0.584048
vn 0.825395 0.253600 0.504391
vn 0.771088 0.253600 0.584047
vn -0.799215 0.253598 0.544926
vn -0.799231 0.253601 0.544901
vn -0.785406 0.253824 0.564545
vn -0.756233 0.253825 0.603062
vn -0.799376 0.252931 0.545000
vn 0.956505 0.253602 0.144170
vn 0.966106 0.253602 0.048221
vn 0.966106 0.253602 0.048221
vn -0.441308 0.253595 0.860777
vn 0.024089 0.253598 0.967010
vn 0.483661 0.253608 0.837708
vn 0.483698 0.253601 0.837689
vn 0.825401 0.253603 0.504380
vn -0.741035 0.253606 0.621732
vn -0.740972 0.253596 0.621811
vn -0.741106 0.252926 0.621924
vn -0.725219 0.253821 0.640025
vn -0.692363 0.253820 0.675433
vn -0.353363 0.253594 0.900458
vn -0.353412 0.253601 0.900437
vn 0.215286 0.253601 0.943047
vn 0.120262 0.253601 0.959804
vn 0.120285 0.253598 0.959802
vn 0.564646 0.253600 0.785406
vn 0.564651 0.253599 0.785402
vn 0.871508 0.253603 0.419714
vn 0.871510 0.253602 0.419711
vn -0.675531 0.252926 0.692593
vn -0.675407 0.253606 0.692466
vn -0.657893 0.253823 0.709049
vn -0.621627 0.253822 0.741049
vn -0.675362 0.253600 0.692512
vn -0.261964 0.253601 0.931161
vn -0.262017 0.253607 0.931145
vn 0.215280 0.253600 0.943049
vn 0.709061 0.253600 0.657966
vn 0.640064 0.253599 0.725262
vn 0.640061 0.253600 0.725265
vn 0.937397 0.253602 0.238689
vn 0.908972 0.253602 0.330841
vn 0.908971 0.253602 0.330845
vn -0.603251 0.252932 0.756382
vn -0.603142 0.253600 0.756245
vn -0.584176 0.253824 0.770916
vn -0.544957 0.253826 0.799121
vn -0.603153 0.253602 0.756236
vn -0.167985 0.253607 0.952609
vn -0.072267 0.253607 0.964604
vn -0.167993 0.253608 0.952608
vn 0.308029 0.253602 0.916954
vn 0.308044 0.253600 0.916949
vn 0.709070 0.253603 0.657956
vn 0.771086 0.253603 0.584048
vn 0.937397 0.253602 0.238689
vn -0.524813 0.253606 0.812561
vn -0.524870 0.252924 0.812737
vn -0.524773 0.253602 0.812588
vn -0.504351 0.253819 0.825352
vn -0.462496 0.253819 0.849514
vn -0.072251 0.253609 0.964605
vn 0.483661 0.253606 0.837709
vn 0.397897 0.253602 0.881683
vn 0.397862 0.253607 0.881697
vn 0.771084 0.253602 0.584050
vn 0.956504 0.253604 0.144170
vn 0.966105 0.253604 0.048221
vn 0.956506 0.253602 0.144158
vn 0.966105 0.253604 0.048221
vn -0.441306 0.253605 0.860775
vn -0.441325 0.253607 0.860764
vn -0.353362 0.253605 0.900455
vn -0.441407 0.252927 0.860923
vn -0.419605 0.253827 0.871495
vn -0.375910 0.253828 0.891214
vn 0.024089 0.253608 0.967007
vn 0.024084 0.253609 0.967007
vn 0.120285 0.253608 0.959799
vn 0.483630 0.253601 0.837728
vn 0.825403 0.253602 0.504377
vn 0.871508 0.253602 0.419714
vn 0.825401 0.253602 0.504380
vn -0.353404 0.253601 0.900440
vn -0.353469 0.252925 0.900605
vn -0.330759 0.253824 0.908940
vn -0.284923 0.253822 0.924334
vn 0.120223 0.253601 0.959809
vn 0.564645 0.253608 0.785404
vn 0.564681 0.253601 0.785380
vn 0.871512 0.253604 0.419705
vn -0.261989 0.253601 0.931154
vn -0.262036 0.252932 0.931323
vn -0.261964 0.253598 0.931162
vn -0.238660 0.253829 0.937343
vn -0.191667 0.253829 0.948069
vn 0.215280 0.253601 0.943049
vn 0.215270 0.253602 0.943051
vn 0.640032 0.253608 0.725288
vn 0.640064 0.253602 0.725262
vn 0.908967 0.253604 0.330852
vn 0.908972 0.253602 0.330841
vn -0.167916 0.252929 0.952802
vn -0.167886 0.253597 0.952630
vn -0.167993 0.253607 0.952608
vn -0.144297 0.253817 0.956428
vn -0.096199 0.253818 0.962456
vn 0.308044 0.253602 0.916949
vn 0.308058 0.253601 0.916944
vn 0.709073 0.253602 0.657953
vn 0.709070 0.253603 0.657956
vn 0.937397 0.253602 0.238689
vn 0.956506 0.253602 0.144158
vn 0.937397 0.253602 0.238690
vn -0.072355 0.253608 0.964597
vn 0.024084 0.253598 0.967010
vn -0.072369 0.252927 0.964775
vn -0.072251 0.253598 0.964608
vn -0.048468 0.253818 0.966037
vn 0.000000 0.253819 0.967252
vn 0.397874 0.253602 0.881693
vn 0.397897 0.253599 0.881683
vn 0.483630 0.253599 0.837729
vn 0.771084 0.253602 0.584050
vn 0.771082 0.253603 0.584053
vn 0.966106 0.253601 0.048221
vn 0.956505 0.253600 0.144169
vn 0.966106 0.253602 0.048218
vn 0.024075 0.253597 0.967010
vn 0.024079 0.252924 0.967186
vn 0.120223 0.253598 0.959809
vn 0.048469 0.253832 0.966033
vn 0.096199 0.253831 0.962453
vn 0.483646 0.253601 0.837719
vn 0.825403 0.253603 0.504377
vn 0.825405 0.253602 0.504374
vn 0.120376 0.253613 0.959787
vn 0.120398 0.252926 0.959965
vn 0.144297 0.253824 0.956427
vn 0.191668 0.253823 0.948070
vn 0.564681 0.253601 0.785380
vn 0.564680 0.253601 0.785380
vn 0.871512 0.253604 0.419705
vn 0.871518 0.253602 0.419693
vn 0.284922 0.253833 0.924331
vn 0.215270 0.253600 0.943051
vn 0.215138 0.253613 0.943078
vn 0.215177 0.252931 0.943252
vn 0.238660 0.253832 0.937342
vn 0.640033 0.253600 0.725289
vn 0.640018 0.253602 0.725302
vn 0.709073 0.253600 0.657953
vn 0.908968 0.253602 0.330852
vn 0.908962 0.253605 0.330866
vn 0.937397 0.253602 0.238690
vn 0.330759 0.253824 0.908940
vn 0.375911 0.253823 0.891216
vn 0.308137 0.252929 0.917103
vn 0.308081 0.253600 0.916937
vn 0.397874 0.253602 0.881693
vn 0.308058 0.253602 0.916944
vn 0.709089 0.253603 0.657935
vn 0.937397 0.253602 0.238691
vn 0.419606 0.253820 0.871497
vn 0.462496 0.253821 0.849513
vn 0.398004 0.252929 0.881827
vn 0.397931 0.253608 0.881666
vn 0.771078 0.253603 0.584058
vn 0.771082 0.253602 0.584054
vn 0.956507 0.253602 0.144152
vn 0.966106 0.253604 0.048217
vn 0.956504 0.253604 0.144169
vn 0.966106 0.253604 0.048218
vn 0.483646 0.253601 0.837719
vn 0.504350 0.253823 0.825351
vn 0.544957 0.253822 0.799122
vn 0.483678 0.252924 0.837905
vn 0.483589 0.253607 0.837750
vn 0.825405 0.253603 0.504374
vn 0.825408 0.253602 0.504369
vn 0.871518 0.253602 0.419693
vn 0.564664 0.253601 0.785392
vn 0.584175 0.253832 0.770915
vn 0.621625 0.253832 0.741048
vn 0.564766 0.252929 0.785535
vn 0.564681 0.253600 0.785381
vn 0.871509 0.253600 0.419714
vn 0.657894 0.253821 0.709049
vn 0.692362 0.253822 0.675432
vn 0.640217 0.252927 0.725362
vn 0.640100 0.253599 0.725230
vn 0.640017 0.253609 0.725300
vn 0.709088 0.253609 0.657934
vn 0.908967 0.253601 0.330856
vn 0.908963 0.253602 0.330867
vn 0.725219 0.253825 0.640024
vn 0.756233 0.253824 0.603063
vn 0.709039 0.253602 0.657989
vn 0.709169 0.252925 0.658109
vn 0.937397 0.253602 0.238691
vn 0.937396 0.253602 0.238692
vn 0.785406 0.253824 0.564545
vn 0.771078 0.253606 0.584058
vn 0.812529 0.253824 0.524758
vn 0.771245 0.252926 0.584131
vn 0.771104 0.253602 0.584024
vn 0.956507 0.253602 0.144152
vn 0.956507 0.253602 0.144152
vn 0.966106 0.253602 0.048217
vn 0.966106 0.253602 0.048216
vn 0.825391 0.253605 0.504395
vn 0.837682 0.253826 0.483592
vn 0.860686 0.253827 0.441351
vn 0.825408 0.253603 0.504369
vn 0.871508 0.253602 0.419714
vn 0.825542 0.252928 0.504487
vn 0.881655 0.253823 0.397817
vn 0.900373 0.253823 0.353414
vn 0.871516 0.253604 0.419696
vn 0.871676 0.252927 0.419773
vn 0.916890 0.253824 0.308035
vn 0.931116 0.253823 0.261911
vn 0.909134 0.252926 0.330913
vn 0.908966 0.253605 0.330856
vn 0.908967 0.253604 0.330853
vn 0.942985 0.253823 0.215299
vn 0.952559 0.253824 0.167946
vn 0.937396 0.253605 0.238692
vn 0.937567 0.252929 0.238738
vn 0.956507 0.253605 0.144152
vn 0.937395 0.253605 0.238694
vn 0.966283 0.252928 0.048224
vn 0.959746 0.253826 0.120245
vn 0.964542 0.253826 0.072332
vn 0.966106 0.253602 0.048217
vn 0.956503 0.253602 0.144183
vn 0.966106 0.253602 0.048215
vn 0.956677 0.252928 0.144210
vn 0.000000 1.000000 0.000000
vn 0.000000 1.000000 0.000000
vn 0.000000 1.000000 0.000000
vn 0.000000 1.000000 0.000000
vn 0.000000 1.000000 0.000000
vn 0.000000 1.000000 0.000000
vn 0.000000 1.000000 0.000000
vn 0.000000 1.000000 -0.000000
vn 0.000000 1.000000 0.000000
vn 0.000000 1.000000 0.000000
vn 0.000000 1.000000 0.000000
vn 0.000000 1.000000 0.000000
vn 0.000000 1.000000 0.000000
vn 0.000000 1.000000 0.000000
vn 0.000000 1.000000 0.000000
vn 0.000000 1.000000 0.000000
vn 0.000000 1.000000 0.000000
vn 0.000000 1.000000 0.000000
vn 0.000000 1.000000 0.000000
vn 0.000000 1.000000 0.000000
vn 0.000000 1.000000 0.000000
vn 0.000000 1.000000 0.000000
vn 0.000000 1.000000 0.000000
vn 0.000000 1.000000 0.000000
vn 0.000000 1.000000 0.000000
vn 0.000000 1.000000 0.000000
vn 0.000000 1.000000 0.000000
vn 0.000000 1.000000 0.000000
vn 0.000000 1.000000 0.000000
vn 0.000000 1.000000 0.000000
vn 0.000000 1.000000 0.000000
vn 0.000000 1.000000 0.000000
vn 0.000000 1.000000 0.000000
vn 0.000000 1.000000 0.000000
vn 0.000000 1.000000 0.000000
vn 0.000000 1.000000 0.000000
vn 0.000000 1.000000 0.000000
vn 0.000000 1.000000 0.000000
vn 0.000000 1.000000 0.000000
vn 0.000000 1.000000 0.000000
vn 0.000000 1.000000 0.000000
vn 0.000000 1.000000 0.000000
vn 0.000000 1.000000 0.000000
vn 0.000000 1.000000 0.000000
vn 0.000000 1.000000 0.000000
vn 0.000000 1.000000 0.000000
vn 0.000000 1.000000 0.000000
vn 0.000000 1.000000 0.000000
vn 0.000000 1.000000 0.000000
vn 0.000000 1.000000 0.000000
vn 0.000000 1.000000 0.000000
vn 0.000000 1.000000 0.000000
vn 0.000000 1.000000 0.000000
vn 0.000000 1.000000 0.000000
vn 0.000000 1.000000 0.000000
vn 0.000000 1.000000 0.000000
vn 0.000000 1.000000 0.000000
vn 0.000000 1.000000 0.000000
vn 0.000000 1.000000 0.000000
vn 0.000000 1.000000 0.000000
vn 0.000000 1.000000 0.000000
vn 0.000000 1.000000 0.000000
vn 0.000000 1.000000 0.000000
vn 0.000000 1.000000 0.000000
vn 0.000000 1.000000 0.000000
vn 0.000000 1.000000 0.000000
vn 0.000000 1.000000 0.000000
vn 0.000000 1.000000 0.000000
vn 0.000000 1.000000 0.000000
vn 0.000000 1.000000 0.000000
vn 0.000000 1.000000 0.000000
vn 0.000000 1.000000 0.000000
vn 0.000000 1.000000 0.000000
vn 0.000000 1.000000 0.000000
vn 0.000000 1.000000 0.000000
vn 0.000000 1.000000 0.000000
vn 0.000000 1.000000 0.000000
vn 0.000000 1.000000 0.000000
vn 0.000000 1.000000 0.000000
vn 0.000000 1.000000 0.000000
vn 0.000000 1.000000 0.000000
vn 0.000000 1.000000 0.000000
vn 0.000000 1.000000 0.000000
vn 0.000000 1.000000 0.000000
vn 0.000000 1.000000 0.000000
vn 0.000000 1.000000 0.000000
vn 0.000000 1.000000 0.000000
vn 0.000000 1.000000 0.000000
vn 0.000000 1.000000 0.000000
vn 0.000000 1.000000 0.000000
vn 0.000000 1.000000 0.000000
vn 0.000000 1.000000 0.000000
vn 0.000000 1.000000 0.000000
vn 0.000000 1.000000 0.000000
vn 0.000000 1.000000 0.000000
vn 0.000000 1.000000 0.000000
vn 0.000000 1.000000 0.000000
vn 0.000000 1.000000 0.000000
vn 0.000000 1.000000 0.000000
vn 0.000000 1.000000 0.000000
vn 0.000000 1.000000 0.000000
vn 0.000000 1.000000 0.000000
vn 0.000000 1.000000 0.000000
vn 0.000000 1.000000 0.000000
vn 0.000000 1.000000 0.000000
vn 0.000000 1.000000 0.000000
vn 0.000000 1.000000 0.000000
vn 0.000000 1.000000 0.000000
vn 0.000000 1.000000 0.000000
vn 0.000000 1.000000 0.000000
vn 0.000000 1.000000 -0.000000
vn 0.000000 1.000000 0.000000
vn 0.000000 1.000000 0.000000
vn 0.000000 1.000000 0.000000
vn 0.000000 1.000000 0.000000
vn 0.000000 1.000000 0.000000
vn 0.000000 1.000000 0.000000
vn 0.000000 1.000000 0.000000
vn 0.000000 1.000000 0.000000
vn 0.000000 1.000000 0.000000
vn 0.000000 1.000000 0.000000
vn 0.000000 1.000000 0.000000
vn 0.000000 1.000000 0.000000
vn 0.000000 1.000000 0.000000
vn 0.000000 -1.000000 -0.000000
vn -0.000000 -1.000000 -0.000000
vn 0.000000 -1.000000 -0.000000
vn -0.000000 -1.000000 -0.000000
vn -0.000000 -1.000000 -0.000000
vn -0.000000 -1.000000 -0.000000
vn -0.000000 -1.000000 -0.000000
vn 0.000000 -1.000000 -0.000000
vn 0.000000 -1.000000 -0.000000
vn 0.000000 -1.000000 -0.000000
vn -0.000000 -1.000000 -0.000000
vn 0.000000 -1.000000 -0.000000
vn -0.000000 -1.000000 -0.000000
vn -0.000000 -1.000000 -0.000000
vn -0.000000 -1.000000 -0.000000
vn 0.000000 -1.000000 -0.000000
vn -0.000000 -1.000000 -0.000000
vn 0.000000 -1.000000 -0.000000
vn 0.000000 -1.000000 -0.000000
vn -0.000000 -1.000000 -0.000000
vn -0.000000 -1.000000 -0.000000
vn -0.000000 -1.000000 -0.000000
vn -0.000000 -1.000000 -0.000000
vn -0.000000 -1.000000 -0.000000
vn -0.000000 -1.000000 -0.000000
vn -0.000000 -1.000000 -0.000000
vn 0.000000 -1.000000 -0.000000
vn -0.000000 -1.000000 -0.000000
vn 0.000000 -1.000000 -0.000000
vn 0.000000 -1.000000 -0.000000
vn 0.000000 -1.000000 -0.000000
vn 0.000000 -1.000000 -0.000000
vn 0.000000 -1.000000 -0.000000
vn 0.000000 -1.000000 -0.000000
vn -0.000000 -1.000000 -0.000000
vn 0.000000 -1.000000 -0.000000
vn 0.000000 -1.000000 -0.000000
vn -0.000000 -1.000000 -0.000000
vn 0.000000 -1.000000 -0.000000
vn 0.000000 -1.000000 -0.000000
vn -0.000000 -1.000000 -0.000000
vn 0.000000 -1.000000 -0.000000
vn 0.000000 -1.000000 -0.000000
vn 0.000000 -1.000000 -0.000000
vn 0.000000 -1.000000 -0.000000
vn -0.000000 -1.000000 -0.000000
vn -0.000000 -1.000000 -0.000000
vn -0.000000 -1.000000 -0.000000
vn 0.000000 -1.000000 -0.000000
vn -0.000000 -1.000000 -0.000000
vn 0.000000 -1.000000 -0.000000
vn 0.000000 -1.000000 -0.000000
vn 0.000000 -1.000000 -0.000000
vn 0.000000 -1.000000 -0.000000
vn 0.000000 -1.000000 -0.000000
vn 0.000000 -1.000000 -0.000000
vn -0.000000 -1.000000 -0.000000
vn -0.000000 -1.000000 -0.000000
vn -0.000000 -1.000000 -0.000000
vn 0.000000 -1.000000 -0.000000
vn -0.000000 -1.000000 -0.000000
vn -0.000000 -1.000000 -0.000000
vn 0.000000 -1.000000 -0.000000
vn 0.000000 -1.000000 -0.000000
vn 0.000000 -1.000000 -0.000000
vn -0.000000 -1.000000 -0.000000
vn 0.000000 -1.000000 -0.000000
vn -0.000000 -1.000000 -0.000000
vn 0.000000 -1.000000 -0.000000
vn -0.000000 -1.000000 -0.000000
vn 0.000000 -1.000000 -0.000000
vn 0.000000 -1.000000 -0.000000
vn -0.000000 -1.000000 -0.000000
vn -0.000000 -1.000000 -0.000000
vn 0.000000 -1.000000 -0.000000
vn -0.000000 -1.000000 -0.000000
vn 0.000000 -1.000000 -0.000000
vn -0.000000 -1.000000 -0.000000
vn -0.000000 -1.000000 -0.000000
vn -0.000000 -1.000000 -0.000000
vn -0.000000 -1.000000 -0.000000
vn -0.000000 -1.000000 -0.000000
vn 0.000000 -1.000000 -0.000000
vn 0.000000 -1.000000 -0.000000
vn 0.000000 -1.000000 -0.000000
vn -0.000000 -1.000000 -0.000000
vn -0.000000 -1.000000 -0.000000
vn 0.000000 -1.000000 -0.000000
vn 0.000000 -1.000000 -0.000000
vn -0.000000 -1.000000 -0.000000
vn 0.000000 -1.000000 -0.000000
vn -0.000000 -1.000000 -0.000000
vn -0.000000 -1.000000 -0.000000
vn 0.000000 -1.000000 -0.000000
vn -0.000000 -1.000000 -0.000000
vn 0.000000 -1.000000 -0.000000
vn -0.000000 -1.000000 -0.000000
vn -0.000000 -1.000000 -0.000000
vn 0.000000 -1.000000 -0.000000
vn 0.000000 -1.000000 -0.000000
vn 0.000000 -1.000000 -0.000000
vn 0.000000 -1.000000 -0.000000
vn -0.000000 -1.000000 -0.000000
vn -0.000000 -1.000000 -0.000000
vn 0.000000 -1.000000 -0.000000
vn -0.000000 -1.000000 -0.000000
vn 0.000000 -1.000000 -0.000000
vn 0.000000 -1.000000 -0.000000
vn 0.000000 -1.000000 -0.000000
vn -0.000000 -1.000000 -0.000000
vn 0.000000 -1.000000 -0.000000
vn -0.000000 -1.000000 -0.000000
vn 0.000000 -1.000000 -0.000000
vn -0.000000 -1.000000 -0.000000
vn 0.000000 -1.000000 -0.000000
vn -0.000000 -1.000000 -0.000000
vn 0.000000 -1.000000 -0.000000
vn -0.000000 -1.000000 -0.000000
vn 0.000000 -1.000000 -0.000000
vn -0.000000 -1.000000 -0.000000
vn -0.000000 -1.000000 -0.000000
vn -0.000000 -1.000000 -0.000000
vn -0.000000 -1.000000 -0.000000
vn 0.000000 -1.000000 -0.000000
vn -1.000000 0.000000 0.000000
vn -1.000000 0.000000 0.000000
vn 1.000000 0.000000 0.000000
vn 1.000000 -0.000000 0.000000
vn 0.000000 -1.000000 0.000000
vn 0.000000 -1.000000 0.000000
vn 0.000000 1.000000 0.000000
vn 0.000000 1.000000 0.000000
vn 0.000000 0.000000 -1.000000
vn 0.000000 0.000000 -1.000000
vn 0.000000 0.000000 1.000000
vn 0.000000 0.000000 1.000000
vn -1.000000 0.000000 0.000000
vn -1.000000 0.000000 0.000000
vn 1.000000 0.000000 0.000000
vn 1.000000 -0.000000 0.000000
vn 0.000000 -1.000000 0.000000
vn 0.000000 -1.000000 0.000000
vn 0.000000 1.000000 0.000000
vn 0.000000 1.000000 0.000000
vn 0.000000 0.000000 -1.000000
vn 0.000000 0.000000 -1.000000
vn 0.000000 0.000000 1.000000
vn 0.000000 0.000000 1.000000
f 1//1 2//1 3//1
f 3//2 2//2 4//2
f 4//3 2//3 5//3
f 6//4 4//4 5//4
f 7//5 5//5 8//5
f 7//6 6//6 5//6
f 9//7 8//7 10//7
f 9//8 7//8 8//8
f 11//9 12//9 13//9
f 14//10 12//10 11//10
f 15//11 12//11 14//11
f 16//12 12//12 15//12
f 17//13 12//13 16//13
f 18//14 12//14 17//14
f 19//15 12//15 18//15
f 20//16 12//16 19//16
f 21//17 12//17 20//17
f 22//18 12//18 21//18
f 23//19 12//19 22//19
f 24//20 12//20 23//20
f 25//21 12//21 24//21
f 26//22 27//22 12//22
f 26//23 12//23 25//23
f 28//24 27//24 26//24
f 29//25 27//25 28//25
f 30//26 27//26 29//26
f 31//27 27//27 30//27
f 32//28 27//28 31//28
f 33//29 27//29 32//29
f 34//30 27//30 33//30
f 35//31 27//31 34//31
f 36//32 27//32 35//32
f 37//33 27//33 36//33
f 38//34 27//34 37//34
f 39//35 27//35 38//35
f 40//36 27//36 39//36
f 41//37 27//37 40//37
f 42//38 27//38 41//38
f 43//39 27//39 42//39
f 44//40 27//40 43//40
f 45//41 27//41 44//41
f 46//42 27//42 45//42
f 47//43 27//43 46//43
f 48//44 27//44 47//44
f 49//45 27//45 48//45
f 50//46 27//46 49//46
f 51//47 27//47 50//47
f 52//48 27//48 51//48
f 53//49 27//49 52//49
f 54//50 27//50 53//50
f 55//51 27//51 54//51
f 56//52 27//52 55//52
f 57//53 27//53 56//53
f 58//54 27//54 57//54
f 59//55 27//55 58//55
f 60//56 27//56 59//56
f 61//57 27//57 60//57
f 62//58 27//58 61//58
f 63//59 27//59 62//59
f 64//60 27//60 63//60
f 65//61 66//61 67//61
f 65//62 67//62 68//62
f 69//63 66//63 65//63
f 70//64 66//64 69//64
f 70//65 71//65 66//65
f 72//66 71//66 70//66
f 73//67 74//67 71//67
f 73//68 71//68 72//68
f 75//69 76//69 74//69
f 75//70 74//70 73//70
f 77//71 76//71 75//71
f 78//72 79//72 76//72
f 78//73 76//73 77//73
f 80//74 79//74 78//74
f 80//75 81//75 79//75
f 82//76 81//76 80//76
f 83//77 81//77 82//77
f 83//78 84//78 81//78
f 85//79 84//79 83//79
f 85//80 86//80 84//80
f 87//81 86//81 85//81
f 88//82 89//82 86//82
f 88//83 86//83 87//83
f 90//84 89//84 88//84
f 90//85 91//85 89//85
f 92//86 91//86 90//86
f 93//87 94//87 91//87
f 93//88 91//88 92//88
f 95//89 94//89 93//89
f 96//90 97//90 94//90
f 96//91 94//91 95//91
f 98//92 97//92 96//92
f 98//93 99//93 97//93
f 100//94 99//94 98//94
f 101//95 99//95 100//95
f 101//96 102//96 99//96
f 103//97 102//97 101//97
f 103//98 104//98 102//98
f 105//99 104//99 103//99
f 105//100 106//100 104//100
f 107//101 106//101 105//101
f 108//102 109//102 106//102
f 108//103 106//103 107//103
f 110//104 109//104 108//104
f 110//105 111//105 109//105
f 112//106 111//106 110//106
f 112//107 113//107 111//107
f 114//108 113//108 112//108
f 114//109 115//109 113//109
f 116//110 115//110 114//110
f 116//111 117//111 115//111
f 118//112 117//112 116//112
f 119//113 117//113 118//113
f 119//114 120//114 117//114
f 121//115 120//115 119//115
f 121//116 122//116 120//116
f 123//117 122//117 121//117
f 124//118 125//118 122//118
f 124//119 122//119 123//119
f 126//120 125//120 124//120
f 126//121 127//121 125//121
f 128//122 127//122 126//122
f 129//123 127//123 128//123
f 129//124 130//124 127//124
f 131//125 130//125 129//125
f 131//126 132//126 130//126
f 133//127 132//127 131//127
f 134//128 132//128 133//128
f 134//129 135//129 132//129
f 136//130 135//130 134//130
f 136//131 137//131 135//131
f 138//132 137//132 136//132
f 138//133 139//133 137//133
f 140//134 139//134 138//134
f 141//135 139//135 140//135
f 141//136 142//136 139//136
f 143//137 142//137 141//137
f 143//138 144//138 142//138
f 145//139 144//139 143//139
f 145//140 146//140 144//140
f 147//141 146//141 145//141
f 147//142 148//142 146//142
f 149//143 148//143 147//143
f 150//144 148//144 149//144
f 150//145 151//145 148//145
f 152//146 151//146 150//146
f 152//147 153//147 151//147
f 154//148 153//148 152//148
f 154//149 155//149 153//149
f 156//150 155//150 154//150
f 156//151 157//151 155//151
f 158//152 157//152 156//152
f 159//153 160//153 161//153
f 159//154 161//154 162//154
f 163//155 160//155 159//155
f 164//156 160//156 163//156
f 164//157 165//157 160//157
f 166//158 165//158 164//158
f 167//159 168//159 165//159
f 167//160 165//160 166//160
f 169//161 170//161 168//161
f 169//162 168//162 167//162
f 171//163 170//163 169//163
f 172//164 173//164 170//164
f 172//165 170//165 171//165
f 174//166 175//166 173//166
f 174//167 173//167 172//167
f 176//168 175//168 174//168
f 177//169 175//169 176//169
f 177//170 178//170 175//170
f 179//171 180//171 178//171
f 179//172 178//172 177//172
f 181//173 180//173 179//173
f 182//174 180//174 181//174
f 182//175 183//175 180//175
f 184//176 183//176 182//176
f 184//177 185//177 183//177
f 186//178 185//178 184//178
f 187//179 188//179 185//179
f 187//180 185//180 186//180
f 189//181 188//181 187//181
f 190//182 188//182 189//182
f 190//183 191//183 188//183
f 192//184 193//184 191//184
f 192//185 191//185 190//185
f 194//186 193//186 192//186
f 195//187 193//187 194//187
f 195//188 196//188 193//188
f 197//189 196//189 195//189
f 197//190 198//190 196//190
f 199//191 198//191 197//191
f 199//192 200//192 198//192
f 201//193 200//193 199//193
f 202//194 200//194 201//194
f 202//195 203//195 200//195
f 204//196 203//196 202//196
f 204//197 205//197 203//197
f 206//198 207//198 205//198
f 206//199 205//199 204//199
f 208//200 207//200 206//200
f 208//201 209//201 207//201
f 210//202 209//202 208//202
f 210//203 211//203 209//203
f 212//204 211//204 210//204
f 213//205 211//205 212//205
f 213//206 214//206 211//206
f 215//207 214//207 213//207
f 215//208 216//208 214//208
f 217//209 216//209 215//209
f 218//210 216//210 217//210
f 218//211 219//211 216//211
f 220//212 219//212 218//212
f 220//213 221//213 219//213
f 222//214 221//214 220//214
f 223//215 221//215 222//215
f 223//216 224//216 221//216
f 225//217 224//217 223//217
f 225//218 226//218 224//218
f 227//219 226//219 225//219
f 228//220 226//220 227//220
f 228//221 229//221 226//221
f 230//222 229//222 228//222
f 230//223 231//223 229//223
f 232//224 231//224 230//224
f 232//225 233//225 231//225
f 234//226 233//226 232//226
f 235//227 233//227 234//227
f 235//228 236//228 233//228
f 237//229 236//229 235//229
f 237//230 238//230 236//230
f 239//231 238//231 237//231
f 239//232 240//232 238//232
f 241//233 240//233 239//233
f 241//234 242//234 240//234
f 243//235 242//235 241//235
f 244//236 242//236 243//236
f 244//237 245//237 242//237
f 246//238 245//238 244//238
f 246//239 247//239 245//239
f 248//240 249//240 247//240
f 248//241 247//241 246//241
f 250//242 251//242 249//242
f 250//243 249//243 248//243
f 252//244 251//244 250//244
f 253//245 254//245 255//245
f 253//246 255//246 256//246
f 257//247 254//247 253//247
f 258//248 259//248 254//248
f 258//249 254//249 257//249
f 260//250 259//250 258//250
f 261//251 262//251 259//251
f 261//252 259//252 260//252
f 263//253 264//253 262//253
f 263//254 262//254 261//254
f 265//255 264//255 263//255
f 266//256 267//256 264//256
f 266//257 264//257 265//257
f 268//258 269//258 267//258
f 268//259 267//259 266//259
f 270//260 269//260 268//260
f 271//261 272//261 269//261
f 271//262 269//262 270//262
f 273//263 274//263 272//263
f 273//264 272//264 271//264
f 275//265 274//265 273//265
f 276//266 277//266 274//266
f 276//267 274//267 275//267
f 278//268 279//268 277//268
f 278//269 277//269 276//269
f 280//270 279//270 278//270
f 281//271 279//271 280//271
f 281//272 282//272 279//272
f 283//273 282//273 281//273
f 284//274 285//274 282//274
f 284//275 282//275 283//275
f 286//276 285//276 284//276
f 286//277 287//277 285//277
f 288//278 287//278 286//278
f 289//279 287//279 288//279
f 289//280 290//280 287//280
f 291//281 292//281 290//281
f 291//282 290//282 289//282
f 293//283 292//283 291//283
f 293//284 294//284 292//284
f 295//285 294//285 293//285
f 296//286 294//286 295//286
f 296//287 297//287 294//287
f 298//288 297//288 296//288
f 298//289 299//289 297//289
f 300//290 299//290 298//290
f 300//291 301//291 299//291
f 302//292 301//292 300//292
f 302//293 303//293 301//293
f 304//294 303//294 302//294
f 304//295 305//295 303//295
f 306//296 305//296 304//296
f 307//297 305//297 306//297
f 307//298 308//298 305//298
f 309//299 308//299 307//299
f 309//300 310//300 308//300
f 311//301 310//301 309//301
f 312//302 310//302 311//302
f 312//303 313//303 310//303
f 314//304 313//304 312//304
f 314//305 315//305 313//305
f 316//306 315//306 314//306
f 317//307 315//307 316//307
f 317//308 318//308 315//308
f 319//309 320//309 318//309
f 319//310 318//310 317//310
f 321//311 320//311 319//311
f 322//312 320//312 321//312
f 322//313 323//313 320//313
f 324//314 323//314 322//314
f 324//315 325//315 323//315
f 326//316 327//316 325//316
f 326//317 325//317 324//317
f 328//318 327//318 326//318
f 329//319 327//319 328//319
f 329//320 330//320 327//320
f 331//321 330//321 329//321
f 331//322 332//322 330//322
f 333//323 332//323 331//323
f 333//324 334//324 332//324
f 335//325 334//325 333//325
f 335//326 336//326 334//326
f 337//327 336//327 335//327
f 338//328 336//328 337//328
f 338//329 339//329 336//329
f 340//330 339//330 338//330
f 340//331 341//331 339//331
f 342//332 341//332 340//332
f 342//333 343//333 341//333
f 344//334 343//334 342//334
f 344//335 345//335 343//335
f 346//336 345//336 344//336
f 347//337 348//337 349//337
f 347//338 349//338 350//338
f 351//339 348//339 347//339
f 352//340 353//340 348//340
f 352//341 348//341 351//341
f 354//342 353//342 352//342
f 355//343 356//343 353//343
f 355//344 353//344 354//344
f 357//345 358//345 356//345
f 357//346 356//346 355//346
f 359//347 358//347 357//347
f 360//348 358//348 359//348
f 360//349 361//349 358//349
f 362//350 363//350 361//350
f 362//351 361//351 360//351
f 364//352 363//352 362//352
f 365//353 366//353 363//353
f 365//354 363//354 364//354
f 367//355 368//355 366//355
f 367//356 366//356 365//356
f 369//357 368//357 367//357
f 370//358 368//358 369//358
f 370//359 371//359 368//359
f 372//360 371//360 370//360
f 372//361 373//361 371//361
f 374//362 373//362 372//362
f 375//363 376//363 373//363
f 375//364 373//364 374//364
f 377//365 376//365 375//365
f 378//366 379//366 376//366
f 378//367 376//367 377//367
f 380//368 379//368 378//368
f 380//369 381//369 379//369
f 382//370 381//370 380//370
f 383//371 381//371 382//371
f 383//372 384//372 381//372
f 385//373 384//373 383//373
f 385//374 386//374 384//374
f 387//375 386//375 385//375
f 387//376 388//376 386//376
f 389//377 388//377 387//377
f 390//378 388//378 389//378
f 390//379 391//379 388//379
f 392//380 391//380 390//380
f 392//381 393//381 391//381
f 394//382 393//382 392//382
f 394//383 395//383 393//383
f 396//384 395//384 394//384
f 396//385 397//385 395//385
f 398//386 399//386 397//386
f 398//387 397//387 396//387
f 400//388 399//388 398//388
f 401//389 399//389 400//389
f 401//390 402//390 399//390
f 403//391 404//391 402//391
f 403//392 402//392 401//392
f 405//393 404//393 403//393
f 406//394 404//394 405//394
f 406//395 407//395 404//395
f 408//396 407//396 406//396
f 408//397 409//397 407//397
f 410//398 409//398 408//398
f 411//399 409//399 410//399
f 411//400 412//400 409//400
f 413//401 412//401 411//401
f 413//402 414//402 412//402
f 415//403 414//403 413//403
f 416//404 414//404 415//404
f 416//405 417//405 414//405
f 418//406 417//406 416//406
f 418//407 419//407 417//407
f 420//408 419//408 418//408
f 420//409 421//409 419//409
f 422//410 421//410 420//410
f 423//411 421//411 422//411
f 423//412 424//412 421//412
f 425//413 424//413 423//413
f 425//414 426//414 424//414
f 427//415 426//415 425//415
f 427//416 428//416 426//416
f 429//417 428//417 427//417
f 429//418 430//418 428//418
f 431//419 430//419 429//419
f 432//420 433//420 430//420
f 432//421 430//421 431//421
f 434//422 433//422 432//422
f 434//423 435//423 433//423
f 436//424 435//424 434//424
f 436//425 437//425 435//425
f 438//426 437//426 436//426
f 438//427 439//427 437//427
f 440//428 439//428 438//428
f 4//429 441//429 3//429
f 4//430 442//430 441//430
f 4//431 443//431 442//431
f 4//432 444//432 443//432
f 4//433 445//433 444//433
f 4//434 446//434 445//434
f 4//435 447//435 446//435
f 4//436 448//436 447//436
f 6//437 448//437 4//437
f 6//438 449//438 448//438
f 6//439 450//439 449//439
f 6//440 451//440 450//440
f 6//441 452//441 451//441
f 6//442 453//442 452//442
f 6//443 454//443 453//443
f 6//444 455//444 454//444
f 6//445 456//445 455//445
f 6//446 457//446 456//446
f 6//447 458//447 457//447
f 6//448 459//448 458//448
f 6//449 460//449 459//449
f 6//450 461//450 460//450
f 6//451 462//451 461//451
f 6//452 463//452 462//452
f 6//453 464//453 463//453
f 6//454 465//454 464//454
f 6//455 466//455 465//455
f 6//456 467//456 466//456
f 6//457 468//457 467//457
f 6//458 469//458 468//458
f 6//459 470//459 469//459
f 6//460 471//460 470//460
f 6//461 472//461 471//461
f 6//462 473//462 472//462
f 6//463 474//463 473//463
f 6//464 475//464 474//464
f 6//465 476//465 475//465
f 6//466 27//466 477//466
f 477//467 27//467 478//467
f 478//468 27//468 479//468
f 479//469 27//469 480//469
f 480//470 27//470 481//470
f 481//471 27//471 64//471
f 6//472 477//472 482//472
f 6//473 482//473 157//473
f 6//474 157//474 483//474
f 483//475 157//475 158//475
f 6//476 483//476 484//476
f 6//477 484//477 485//477
f 6//478 485//478 251//478
f 6//479 251//479 252//479
f 6//480 252//480 486//480
f 6//481 486//481 487//481
f 6//482 487//482 488//482
f 6//483 488//483 345//483
f 6//484 345//484 346//484
f 6//485 346//485 489//485
f 6//486 489//486 490//486
f 6//487 490//487 491//487
f 6//488 491//488 439//488
f 6//489 439//489 440//489
f 6//490 440//490 492//490
f 6//491 492//491 493//491
f 6//492 493//492 494//492
f 6//493 494//493 495//493
f 6//494 495//494 496//494
f 6//495 496//495 476//495
f 493//496 497//496 494//496
f 498//497 497//497 493//497
f 494//498 499//498 495//498
f 497//499 499//499 494//499
f 500//500 501//500 502//500
f 495//501 503//501 496//501
f 499//502 503//502 495//502
f 501//503 504//503 502//503
f 502//504 504//504 505//504
f 496//505 506//505 476//505
f 503//506 506//506 496//506
f 504//507 507//507 505//507
f 507//508 508//508 505//508
f 476//509 509//509 475//509
f 506//510 509//510 476//510
f 508//511 510//511 511//511
f 507//512 510//512 508//512
f 475//513 512//513 474//513
f 509//514 512//514 475//514
f 511//515 513//515 514//515
f 510//516 513//516 511//516
f 474//517 515//517 473//517
f 512//518 515//518 474//518
f 514//519 516//519 517//519
f 513//520 516//520 514//520
f 473//521 518//521 472//521
f 515//522 518//522 473//522
f 517//523 519//523 520//523
f 516//524 519//524 517//524
f 472//525 521//525 471//525
f 518//526 521//526 472//526
f 520//527 522//527 523//527
f 519//528 522//528 520//528
f 521//529 524//529 471//529
f 471//530 524//530 470//530
f 522//531 525//531 523//531
f 523//532 525//532 526//532
f 524//533 527//533 470//533
f 527//534 469//534 470//534
f 525//535 528//535 526//535
f 526//536 528//536 529//536
f 469//537 530//537 468//537
f 527//538 530//538 469//538
f 528//539 531//539 529//539
f 529//540 531//540 532//540
f 468//541 533//541 467//541
f 530//542 533//542 468//542
f 531//543 534//543 532//543
f 532//544 534//544 535//544
f 467//545 536//545 466//545
f 533//546 536//546 467//546
f 534//547 537//547 535//547
f 535//548 537//548 538//548
f 466//549 539//549 465//549
f 536//550 539//550 466//550
f 537//551 540//551 538//551
f 538//552 540//552 541//552
f 539//553 542//553 465//553
f 542//554 464//554 465//554
f 541//555 543//555 544//555
f 540//556 543//556 541//556
f 542//557 545//557 464//557
f 545//558 463//558 464//558
f 544//559 546//559 547//559
f 543//560 546//560 544//560
f 545//561 548//561 463//561
f 548//562 462//562 463//562
f 547//563 549//563 550//563
f 546//564 549//564 547//564
f 548//565 551//565 462//565
f 551//566 461//566 462//566
f 550//567 552//567 553//567
f 549//568 552//568 550//568
f 551//569 554//569 461//569
f 554//570 460//570 461//570
f 553//571 555//571 556//571
f 552//572 555//572 553//572
f 554//573 557//573 460//573
f 557//574 459//574 460//574
f 556//575 558//575 559//575
f 555//576 558//576 556//576
f 557//577 560//577 459//577
f 558//578 561//578 559//578
f 559//579 561//579 562//579
f 560//580 458//580 459//580
f 561//581 563//581 562//581
f 563//582 564//582 562//582
f 560//583 565//583 458//583
f 565//584 457//584 458//584
f 565//585 566//585 457//585
f 563//586 567//586 564//586
f 564//587 567//587 566//587
f 457//588 568//588 456//588
f 567//589 568//589 566//589
f 566//590 568//590 457//590
f 456//591 569//591 455//591
f 568//592 569//592 456//592
f 455//593 570//593 454//593
f 569//594 570//594 455//594
f 454//595 571//595 453//595
f 570//596 571//596 454//596
f 453//597 572//597 452//597
f 571//598 572//598 453//598
f 452//599 573//599 451//599
f 572//600 573//600 452//600
f 573//601 574//601 451//601
f 451//602 574//602 450//602
f 574//603 575//603 450//603
f 450//604 575//604 449//604
f 575//605 576//605 449//605
f 449//606 576//606 448//606
f 576//607 577//607 448//607
f 448//608 577//608 447//608
f 577//609 578//609 447//609
f 447//610 578//610 446//610
f 578//611 579//611 446//611
f 446//612 579//612 445//612
f 579//613 580//613 445//613
f 445//614 580//614 444//614
f 580//615 581//615 444//615
f 444//616 581//616 443//616
f 581//617 582//617 443//617
f 443//618 582//618 442//618
f 582//619 583//619 442//619
f 442//620 583//620 441//620
f 583//621 584//621 441//621
f 441//622 584//622 3//622
f 584//623 1//623 3//623
f 585//624 586//624 587//624
f 585//625 588//625 586//625
f 585//626 589//626 588//626
f 585//627 590//627 589//627
f 585//628 591//628 590//628
f 585//629 592//629 591//629
f 585//630 593//630 592//630
f 585//631 594//631 593//631
f 585//632 595//632 594//632
f 585//633 596//633 595//633
f 585//634 597//634 596//634
f 585//635 598//635 597//635
f 585//636 599//636 598//636
f 600//637 601//637 585//637
f 585//638 601//638 599//638
f 600//639 602//639 601//639
f 600//640 603//640 602//640
f 600//641 604//641 603//641
f 600//642 605//642 604//642
f 600//643 606//643 605//643
f 600//644 607//644 606//644
f 600//645 608//645 607//645
f 600//646 609//646 608//646
f 600//647 610//647 609//647
f 600//648 611//648 610//648
f 600//649 612//649 611//649
f 600//650 613//650 612//650
f 600//651 614//651 613//651
f 600//652 615//652 614//652
f 600//653 616//653 615//653
f 600//654 617//654 616//654
f 600//655 618//655 617//655
f 600//656 619//656 618//656
f 600//657 620//657 619//657
f 600//658 621//658 620//658
f 600//659 622//659 621//659
f 600//660 623//660 622//660
f 600//661 624//661 623//661
f 600//662 625//662 624//662
f 600//663 626//663 625//663
f 600//664 627//664 626//664
f 600//665 628//665 627//665
f 600//666 629//666 628//666
f 600//667 630//667 629//667
f 600//668 631//668 630//668
f 600//669 632//669 631//669
f 600//670 633//670 632//670
f 600//671 634//671 633//671
f 600//672 635//672 634//672
f 600//673 636//673 635//673
f 600//674 637//674 636//674
f 600//675 638//675 637//675
f 639//676 640//676 641//676
f 641//677 640//677 642//677
f 639//678 643//678 640//678
f 639//679 644//679 643//679
f 645//680 644//680 639//680
f 645//681 646//681 644//681
f 647//682 648//682 645//682
f 645//683 648//683 646//683
f 649//684 650//684 647//684
f 647//685 650//685 648//685
f 649//686 651//686 650//686
f 652//687 653//687 649//687
f 649//688 653//688 651//688
f 652//689 654//689 653//689
f 655//690 654//690 652//690
f 655//691 656//691 654//691
f 655//692 657//692 656//692
f 658//693 657//693 655//693
f 658//694 659//694 657//694
f 660//695 659//695 658//695
f 660//696 661//696 659//696
f 662//697 663//697 660//697
f 660//698 663//698 661//698
f 662//699 664//699 663//699
f 665//700 664//700 662//700
f 665//701 666//701 664//701
f 667//702 668//702 665//702
f 665//703 668//703 666//703
f 667//704 669//704 668//704
f 670//705 671//705 667//705
f 667//706 671//706 669//706
f 670//707 672//707 671//707
f 673//708 672//708 670//708
f 673//709 674//709 672//709
f 673//710 675//710 674//710
f 676//711 675//711 673//711
f 676//712 677//712 675//712
f 678//713 677//713 676//713
f 678//714 679//714 677//714
f 680//715 679//715 678//715
f 680//716 681//716 679//716
f 682//717 683//717 680//717
f 680//718 683//718 681//718
f 682//719 684//719 683//719
f 685//720 684//720 682//720
f 685//721 686//721 684//721
f 687//722 686//722 685//722
f 687//723 688//723 686//723
f 689//724 688//724 687//724
f 689//725 690//725 688//725
f 691//726 690//726 689//726
f 691//727 692//727 690//727
f 691//728 693//728 692//728
f 694//729 693//729 691//729
f 694//730 695//730 693//730
f 696//731 695//731 694//731
f 696//732 697//732 695//732
f 698//733 699//733 696//733
f 696//734 699//734 697//734
f 698//735 700//735 699//735
f 701//736 700//736 698//736
f 701//737 702//737 700//737
f 701//738 703//738 702//738
f 704//739 703//739 701//739
f 704//740 705//740 703//740
f 706//741 705//741 704//741
f 706//742 707//742 705//742
f 706//743 708//743 707//743
f 709//744 708//744 706//744
f 709//745 710//745 708//745
f 711//746 710//746 709//746
f 711//747 712//747 710//747
f 713//748 712//748 711//748
f 713//749 714//749 712//749
f 713//750 715//750 714//750
f 716//751 715//751 713//751
f 716//752 717//752 715//752
f 718//753 717//753 716//753
f 718//754 719//754 717//754
f 720//755 719//755 718//755
f 720//756 721//756 719//756
f 722//757 721//757 720//757
f 722//758 723//758 721//758
f 722//759 724//759 723//759
f 725//760 724//760 722//760
f 725//761 726//761 724//761
f 727//762 726//762 725//762
f 727//763 728//763 726//763
f 729//764 728//764 727//764
f 729//765 730//765 728//765
f 731//766 730//766 729//766
f 731//767 732//767 730//767
f 733//768 734//768 735//768
f 735//769 734//769 736//769
f 733//770 737//770 734//770
f 733//771 738//771 737//771
f 739//772 738//772 733//772
f 739//773 740//773 738//773
f 741//774 742//774 739//774
f 739//775 742//775 740//775
f 743//776 744//776 741//776
f 741//777 744//777 742//777
f 743//778 745//778 744//778
f 746//779 747//779 743//779
f 743//780 747//780 745//780
f 748//781 749//781 746//781
f 746//782 749//782 747//782
f 748//783 750//783 749//783
f 748//784 751//784 750//784
f 752//785 751//785 748//785
f 753//786 754//786 752//786
f 752//787 754//787 751//787
f 753//788 755//788 754//788
f 753//789 756//789 755//789
f 757//790 756//790 753//790
f 757//791 758//791 756//791
f 759//792 758//792 757//792
f 759//793 760//793 758//793
f 761//794 762//794 759//794
f 759//795 762//795 760//795
f 761//796 763//796 762//796
f 761//797 764//797 763//797
f 765//798 764//798 761//798
f 766//799 767//799 765//799
f 765//800 767//800 764//800
f 766//801 768//801 767//801
f 766//802 769//802 768//802
f 770//803 769//803 766//803
f 770//804 771//804 769//804
f 772//805 771//805 770//805
f 772//806 773//806 771//806
f 774//807 773//807 772//807
f 774//808 775//808 773//808
f 774//809 776//809 775//809
f 777//810 776//810 774//810
f 777//811 778//811 776//811
f 779//812 778//812 777//812
f 780//813 781//813 779//813
f 779//814 781//814 778//814
f 780//815 782//815 781//815
f 783//816 782//816 780//816
f 783//817 784//817 782//817
f 785//818 784//818 783//818
f 785//819 786//819 784//819
f 785//820 787//820 786//820
f 788//821 787//821 785//821
f 788//822 789//822 787//822
f 790//823 789//823 788//823
f 790//824 791//824 789//824
f 790//825 792//825 791//825
f 793//826 792//826 790//826
f 793//827 794//827 792//827
f 795//828 794//828 793//828
f 795//829 796//829 794//829
f 795//830 797//830 796//830
f 798//831 797//831 795//831
f 798//832 799//832 797//832
f 800//833 799//833 798//833
f 800//834 801//834 799//834
f 800//835 802//835 801//835
f 803//836 802//836 800//836
f 803//837 804//837 802//837
f 805//838 804//838 803//838
f 805//839 806//839 804//839
f 807//840 806//840 805//840
f 807//841 808//841 806//841
f 807//842 809//842 808//842
f 810//843 809//843 807//843
f 810//844 811//844 809//844
f 812//845 811//845 810//845
f 812//846 813//846 811//846
f 814//847 813//847 812//847
f 814//848 815//848 813//848
f 816//849 815//849 814//849
f 816//850 817//850 815//850
f 816//851 818//851 817//851
f 819//852 818//852 816//852
f 819//853 820//853 818//853
f 821//854 820//854 819//854
f 822//855 823//855 821//855
f 821//856 823//856 820//856
f 824//857 825//857 822//857
f 822//858 825//858 823//858
f 824//859 826//859 825//859
f 827//860 828//860 829//860
f 829//861 828//861 830//861
f 827//862 831//862 828//862
f 832//863 833//863 827//863
f 827//864 833//864 831//864
f 832//865 834//865 833//865
f 835//866 836//866 832//866
f 832//867 836//867 834//867
f 837//868 838//868 835//868
f 835//869 838//869 836//869
f 837//870 839//870 838//870
f 840//871 841//871 837//871
f 837//872 841//872 839//872
f 842//873 843//873 840//873
f 840//874 843//874 841//874
f 842//875 844//875 843//875
f 845//876 846//876 842//876
f 842//877 846//877 844//877
f 847//878 848//878 845//878
f 845//879 848//879 846//879
f 847//880 849//880 848//880
f 850//881 851//881 847//881
f 847//882 851//882 849//882
f 852//883 853//883 850//883
f 850//884 853//884 851//884
f 852//885 854//885 853//885
f 852//886 855//886 854//886
f 856//887 855//887 852//887
f 856//888 857//888 855//888
f 858//889 859//889 856//889
f 856//890 859//890 857//890
f 858//891 860//891 859//891
f 861//892 860//892 858//892
f 861//893 862//893 860//893
f 861//894 863//894 862//894
f 864//895 863//895 861//895
f 865//896 866//896 864//896
f 864//897 866//897 863//897
f 865//898 867//898 866//898
f 868//899 867//899 865//899
f 868//900 869//900 867//900
f 868//901 870//901 869//901
f 871//902 870//902 868//902
f 871//903 872//903 870//903
f 873//904 872//904 871//904
f 873//905 874//905 872//905
f 875//906 874//906 873//906
f 875//907 876//907 874//907
f 877//908 876//908 875//908
f 877//909 878//909 876//909
f 879//910 878//910 877//910
f 879//911 880//911 878//911
f 879//912 881//912 880//912
f 882//913 881//913 879//913
f 882//914 883//914 881//914
f 884//915 883//915 882//915
f 884//916 885//916 883//916
f 884//917 886//917 885//917
f 887//918 886//918 884//918
f 887//919 888//919 886//919
f 889//920 888//920 887//920
f 889//921 890//921 888//921
f 889//922 891//922 890//922
f 892//923 891//923 889//923
f 893//924 894//924 892//924
f 892//925 894//925 891//925
f 893//926 895//926 894//926
f 893//927 896//927 895//927
f 897//928 896//928 893//928
f 897//929 898//929 896//929
f 899//930 898//930 897//930
f 900//931 901//931 899//931
f 899//932 901//932 898//932
f 900//933 902//933 901//933
f 900//934 903//934 902//934
f 904//935 903//935 900//935
f 904//936 905//936 903//936
f 906//937 905//937 904//937
f 906//938 907//938 905//938
f 908//939 907//939 906//939
f 908//940 909//940 907//940
f 910//941 909//941 908//941
f 910//942 911//942 909//942
f 910//943 912//943 911//943
f 913//944 912//944 910//944
f 913//945 914//945 912//945
f 915//946 914//946 913//946
f 915//947 916//947 914//947
f 917//948 916//948 915//948
f 917//949 918//949 916//949
f 919//950 918//950 917//950
f 919//951 920//951 918//951
f 921//952 922//952 923//952
f 923//953 922//953 924//953
f 921//954 925//954 922//954
f 926//955 927//955 921//955
f 921//956 927//956 925//956
f 926//957 928//957 927//957
f 929//958 930//958 926//958
f 926//959 930//959 928//959
f 931//960 932//960 929//960
f 929//961 932//961 930//961
f 931//962 933//962 932//962
f 931//963 934//963 933//963
f 935//964 934//964 931//964
f 936//965 937//965 935//965
f 935//966 937//966 934//966
f 936//967 938//967 937//967
f 939//968 940//968 936//968
f 936//969 940//969 938//969
f 941//970 942//970 939//970
f 939//971 942//971 940//971
f 941//972 943//972 942//972
f 941//973 944//973 943//973
f 945//974 944//974 941//974
f 945//975 946//975 944//975
f 947//976 946//976 945//976
f 947//977 948//977 946//977
f 949//978 950//978 947//978
f 947//979 950//979 948//979
f 949//980 951//980 950//980
f 952//981 953//981 949//981
f 949//982 953//982 951//982
f 952//983 954//983 953//983
f 955//984 954//984 952//984
f 955//985 956//985 954//985
f 955//986 957//986 956//986
f 958//987 957//987 955//987
f 958//988 959//988 957//988
f 960//989 959//989 958//989
f 960//990 961//990 959//990
f 962//991 961//991 960//991
f 962//992 963//992 961//992
f 962//993 964//993 963//993
f 965//994 964//994 962//994
f 965//995 966//995 964//995
f 967//996 966//996 965//996
f 967//997 968//997 966//997
f 969//998 968//998 967//998
f 969//999 970//999 968//999
f 971//1000 970//1000 969//1000
f 972//1001 973//1001 971//1001
f 971//1002 973//1002 970//1002
f 972//1003 974//1003 973//1003
f 972//1004 975//1004 974//1004
f 976//1005 975//1005 972//1005
f 977//1006 978//1006 976//1006
f 976//1007 978//1007 975//1007
f 977//1008 979//1008 978//1008
f 977//1009 980//1009 979//1009
f 981//1010 980//1010 977//1010
f 981//1011 982//1011 980//1011
f 983//1012 982//1012 981//1012
f 983//1013 984//1013 982//1013
f 983//1014 985//1014 984//1014
f 986//1015 985//1015 983//1015
f 986//1016 987//1016 985//1016
f 988//1017 987//1017 986//1017
f 988//1018 989//1018 987//1018
f 988//1019 990//1019 989//1019
f 991//1020 990//1020 988//1020
f 991//1021 992//1021 990//1021
f 993//1022 992//1022 991//1022
f 993//1023 994//1023 992//1023
f 995//1024 994//1024 993//1024
f 995//1025 996//1025 994//1025
f 995//1026 997//1026 996//1026
f 998//1027 997//1027 995//1027
f 998//1028 999//1028 997//1028
f 1000//1029 999//1029 998//1029
f 1000//1030 1001//1030 999//1030
f 1002//1031 1001//1031 1000//1031
f 1002//1032 1003//1032 1001//1032
f 1004//1033 1003//1033 1002//1033
f 1004//1034 1005//1034 1003//1034
f 1006//1035 1007//1035 1004//1035
f 1004//1036 1007//1036 1005//1036
f 1006//1037 1008//1037 1007//1037
f 1009//1038 1008//1038 1006//1038
f 1009//1039 1010//1039 1008//1039
f 1011//1040 1010//1040 1009//1040
f 1011//1041 1012//1041 1010//1041
f 1013//1042 1012//1042 1011//1042
f 1013//1043 1014//1043 1012//1043
f 584//1044 2//1044 1//1044
f 583//1045 2//1045 584//1045
f 582//1046 2//1046 583//1046
f 581//1047 2//1047 582//1047
f 580//1048 2//1048 581//1048
f 579//1049 2//1049 580//1049
f 578//1050 2//1050 579//1050
f 577//1051 2//1051 578//1051
f 577//1052 5//1052 2//1052
f 576//1053 5//1053 577//1053
f 575//1054 5//1054 576//1054
f 574//1055 5//1055 575//1055
f 573//1056 5//1056 574//1056
f 572//1057 5//1057 573//1057
f 571//1058 5//1058 572//1058
f 570//1059 5//1059 571//1059
f 569//1060 5//1060 570//1060
f 568//1061 5//1061 569//1061
f 567//1062 5//1062 568//1062
f 563//1063 5//1063 567//1063
f 561//1064 5//1064 563//1064
f 558//1065 5//1065 561//1065
f 555//1066 5//1066 558//1066
f 552//1067 5//1067 555//1067
f 549//1068 5//1068 552//1068
f 546//1069 5//1069 549//1069
f 543//1070 5//1070 546//1070
f 540//1071 5//1071 543//1071
f 537//1072 5//1072 540//1072
f 534//1073 5//1073 537//1073
f 531//1074 5//1074 534//1074
f 528//1075 5//1075 531//1075
f 525//1076 5//1076 528//1076
f 522//1077 5//1077 525//1077
f 519//1078 5//1078 522//1078
f 516//1079 5//1079 519//1079
f 513//1080 5//1080 516//1080
f 600//1081 5//1081 1015//1081
f 600//1082 1015//1082 1016//1082
f 600//1083 1016//1083 1017//1083
f 600//1084 1017//1084 1018//1084
f 600//1085 1018//1085 1019//1085
f 600//1086 1019//1086 638//1086
f 1015//1087 5//1087 1020//1087
f 1020//1088 5//1088 731//1088
f 731//1089 5//1089 1021//1089
f 731//1090 1021//1090 732//1090
f 1021//1091 5//1091 1022//1091
f 1022//1092 5//1092 1023//1092
f 1023//1093 5//1093 824//1093
f 824//1094 5//1094 826//1094
f 826//1095 5//1095 1024//1095
f 1024//1096 5//1096 1025//1096
f 1025//1097 5//1097 1026//1097
f 1026//1098 5//1098 919//1098
f 919//1099 5//1099 920//1099
f 920//1100 5//1100 1027//1100
f 1027//1101 5//1101 1028//1101
f 1028//1102 5//1102 1029//1102
f 1029//1103 5//1103 1013//1103
f 1013//1104 5//1104 1014//1104
f 1014//1105 5//1105 1030//1105
f 1030//1106 5//1106 501//1106
f 501//1107 5//1107 504//1107
f 504//1108 5//1108 507//1108
f 507//1109 5//1109 510//1109
f 510//1110 5//1110 513//1110
f 1031//1111 1032//1111 27//1111
f 1031//1112 27//1112 1033//1112
f 6//1113 1034//1113 1033//1113
f 7//1114 1035//1114 1034//1114
f 7//1115 1034//1115 6//1115
f 27//1116 6//1116 1033//1116
f 7//1117 1032//1117 1031//1117
f 7//1118 1031//1118 1035//1118
f 1036//1119 1032//1119 1037//1119
f 1038//1120 1037//1120 1032//1120
f 1039//1121 1032//1121 1036//1121
f 1040//1122 1038//1122 1032//1122
f 1041//1123 1032//1123 1039//1123
f 1042//1124 1040//1124 1032//1124
f 1043//1125 1032//1125 1041//1125
f 1044//1126 1042//1126 1032//1126
f 1045//1127 1032//1127 1043//1127
f 1046//1128 1044//1128 1032//1128
f 1047//1129 1032//1129 1045//1129
f 1048//1130 1046//1130 1032//1130
f 1049//1131 1048//1131 1032//1131
f 1050//1132 1032//1132 1047//1132
f 1051//1133 1049//1133 1032//1133
f 1052//1134 1051//1134 1032//1134
f 1053//1135 1032//1135 1050//1135
f 1054//1136 1052//1136 1032//1136
f 1055//1137 1032//1137 1053//1137
f 1056//1138 1054//1138 1032//1138
f 1057//1139 1056//1139 1032//1139
f 1058//1140 1032//1140 1055//1140
f 1059//1141 1057//1141 1032//1141
f 1060//1142 1059//1142 1032//1142
f 1061//1143 1032//1143 1058//1143
f 1062//1144 1060//1144 1032//1144
f 1063//1145 1032//1145 1061//1145
f 1064//1146 1062//1146 1032//1146
f 1065//1147 1064//1147 1032//1147
f 1066//1148 1032//1148 1063//1148
f 1067//1149 1032//1149 1066//1149
f 1068//1150 1069//1150 1032//1150
f 1068//1151 1032//1151 1067//1151
f 1070//1152 1069//1152 1068//1152
f 1071//1153 1069//1153 1070//1153
f 1072//1154 1069//1154 1071//1154
f 1073//1155 1069//1155 1072//1155
f 1074//1156 1069//1156 1073//1156
f 1075//1157 1069//1157 1074//1157
f 1076//1158 1069//1158 1075//1158
f 1077//1159 1069//1159 1076//1159
f 1078//1160 1079//1160 1080//1160
f 1081//1161 1079//1161 1078//1161
f 1081//1162 1082//1162 1079//1162
f 1083//1163 1078//1163 1080//1163
f 1083//1164 1084//1164 1085//1164
f 1083//1165 1080//1165 1084//1165
f 1086//1166 1087//1166 1082//1166
f 1086//1167 1082//1167 1081//1167
f 1088//1168 1085//1168 1089//1168
f 1088//1169 1083//1169 1085//1169
f 1090//1170 1091//1170 1087//1170
f 1090//1171 1092//1171 1091//1171
f 1090//1172 1087//1172 1086//1172
f 1093//1173 1089//1173 1094//1173
f 1093//1174 1088//1174 1089//1174
f 1095//1175 1096//1175 1092//1175
f 1095//1176 1092//1176 1090//1176
f 1097//1177 1094//1177 1098//1177
f 1097//1178 1093//1178 1094//1178
f 1099//1179 1100//1179 1096//1179
f 1099//1180 1101//1180 1100//1180
f 1099//1181 1096//1181 1095//1181
f 1102//1182 1098//1182 1103//1182
f 1102//1183 1097//1183 1098//1183
f 1104//1184 1105//1184 1101//1184
f 1104//1185 1101//1185 1099//1185
f 1106//1186 1103//1186 1107//1186
f 1106//1187 1102//1187 1103//1187
f 1108//1188 1107//1188 1109//1188
f 1108//1189 1106//1189 1107//1189
f 1110//1190 1111//1190 1105//1190
f 1110//1191 1112//1191 1111//1191
f 1110//1192 1105//1192 1104//1192
f 1113//1193 1109//1193 1114//1193
f 1113//1194 1108//1194 1109//1194
f 1115//1195 1114//1195 1116//1195
f 1115//1196 1113//1196 1114//1196
f 1117//1197 1118//1197 1112//1197
f 1117//1198 1112//1198 1110//1198
f 1119//1199 1116//1199 1120//1199
f 1119//1200 1115//1200 1116//1200
f 1121//1201 1122//1201 1118//1201
f 1121//1202 1123//1202 1122//1202
f 1121//1203 1118//1203 1117//1203
f 1124//1204 1119//1204 1120//1204
f 1124//1205 1120//1205 1125//1205
f 1126//1206 1125//1206 1127//1206
f 1126//1207 1124//1207 1125//1207
f 1128//1208 1129//1208 1123//1208
f 1128//1209 1123//1209 1121//1209
f 1130//1210 1127//1210 1131//1210
f 1130//1211 1126//1211 1127//1211
f 1132//1212 1131//1212 1133//1212
f 1132//1213 1130//1213 1131//1213
f 1134//1214 1135//1214 1129//1214
f 1134//1215 1129//1215 1128//1215
f 1136//1216 1132//1216 1133//1216
f 1136//1217 1133//1217 1137//1217
f 1138//1218 1139//1218 1135//1218
f 1138//1219 1135//1219 1134//1219
f 1140//1220 1065//1220 1032//1220
f 1140//1221 1136//1221 1137//1221
f 1140//1222 1137//1222 1065//1222
f 1141//1223 1140//1223 1032//1223
f 1142//1224 1143//1224 1139//1224
f 1142//1225 1144//1225 1143//1225
f 1142//1226 1139//1226 1138//1226
f 1145//1227 1146//1227 1144//1227
f 1145//1228 1144//1228 1142//1228
f 1147//1229 1148//1229 1146//1229
f 1147//1230 1146//1230 1145//1230
f 1149//1231 1150//1231 1148//1231
f 1149//1232 1148//1232 1147//1232
f 1151//1233 1150//1233 1149//1233
f 1151//1234 1152//1234 1150//1234
f 1151//1235 1153//1235 1152//1235
f 1154//1236 1155//1236 1153//1236
f 1154//1237 1153//1237 1151//1237
f 1156//1238 1155//1238 1154//1238
f 1156//1239 1157//1239 1155//1239
f 1158//1240 1157//1240 1156//1240
f 1158//1241 1159//1241 1157//1241
f 1160//1242 1161//1242 1159//1242
f 1160//1243 1162//1243 1161//1243
f 1160//1244 1159//1244 1158//1244
f 1163//1245 1162//1245 1160//1245
f 1163//1246 1164//1246 1162//1246
f 1165//1247 1164//1247 1163//1247
f 1165//1248 1166//1248 1164//1248
f 1167//1249 1168//1249 1169//1249
f 1170//1250 1171//1250 1168//1250
f 1170//1251 1168//1251 1167//1251
f 1172//1252 1173//1252 1174//1252
f 1172//1253 1169//1253 1173//1253
f 1172//1254 1167//1254 1169//1254
f 1175//1255 1171//1255 1170//1255
f 1175//1256 1176//1256 1171//1256
f 1177//1257 1174//1257 1178//1257
f 1177//1258 1172//1258 1174//1258
f 1179//1259 1176//1259 1175//1259
f 1179//1260 1180//1260 1176//1260
f 1179//1261 1181//1261 1180//1261
f 1182//1262 1178//1262 1183//1262
f 1182//1263 1177//1263 1178//1263
f 1184//1264 1185//1264 1181//1264
f 1184//1265 1181//1265 1179//1265
f 1186//1266 1183//1266 1187//1266
f 1186//1267 1182//1267 1183//1267
f 1188//1268 1185//1268 1184//1268
f 1188//1269 1189//1269 1185//1269
f 1188//1270 1190//1270 1189//1270
f 1191//1271 1187//1271 1192//1271
f 1191//1272 1186//1272 1187//1272
f 1193//1273 1190//1273 1188//1273
f 1193//1274 1194//1274 1190//1274
f 1195//1275 1191//1275 1192//1275
f 1195//1276 1192//1276 1196//1276
f 1197//1277 1196//1277 1198//1277
f 1197//1278 1195//1278 1196//1278
f 1199//1279 1194//1279 1193//1279
f 1199//1280 1200//1280 1194//1280
f 1199//1281 1201//1281 1200//1281
f 1202//1282 1198//1282 1203//1282
f 1202//1283 1197//1283 1198//1283
f 1204//1284 1203//1284 1205//1284
f 1204//1285 1202//1285 1203//1285
f 1206//1286 1201//1286 1199//1286
f 1206//1287 1207//1287 1201//1287
f 1208//1288 1205//1288 1209//1288
f 1208//1289 1204//1289 1205//1289
f 1210//1290 1207//1290 1206//1290
f 1210//1291 1211//1291 1207//1291
f 1210//1292 1212//1292 1211//1292
f 1213//1293 1209//1293 1214//1293
f 1213//1294 1208//1294 1209//1294
f 1215//1295 1214//1295 1216//1295
f 1215//1296 1213//1296 1214//1296
f 1217//1297 1212//1297 1210//1297
f 1217//1298 1218//1298 1212//1298
f 1219//1299 1216//1299 1220//1299
f 1219//1300 1215//1300 1216//1300
f 1221//1301 1220//1301 1222//1301
f 1221//1302 1219//1302 1220//1302
f 1223//1303 1224//1303 1218//1303
f 1223//1304 1218//1304 1217//1304
f 1225//1305 1222//1305 1226//1305
f 1225//1306 1221//1306 1222//1306
f 1227//1307 1228//1307 1224//1307
f 1227//1308 1224//1308 1223//1308
f 1229//1309 1226//1309 1141//1309
f 1229//1310 1141//1310 1032//1310
f 1229//1311 1225//1311 1226//1311
f 1230//1312 1229//1312 1032//1312
f 1231//1313 1232//1313 1228//1313
f 1231//1314 1233//1314 1232//1314
f 1231//1315 1228//1315 1227//1315
f 1234//1316 1235//1316 1233//1316
f 1234//1317 1233//1317 1231//1317
f 1236//1318 1237//1318 1235//1318
f 1236//1319 1235//1319 1234//1319
f 1238//1320 1239//1320 1237//1320
f 1238//1321 1237//1321 1236//1321
f 1240//1322 1241//1322 1239//1322
f 1240//1323 1242//1323 1241//1323
f 1240//1324 1239//1324 1238//1324
f 1243//1325 1242//1325 1240//1325
f 1243//1326 1244//1326 1242//1326
f 1245//1327 1246//1327 1244//1327
f 1245//1328 1244//1328 1243//1328
f 1247//1329 1246//1329 1245//1329
f 1247//1330 1248//1330 1246//1330
f 1249//1331 1248//1331 1247//1331
f 1249//1332 1250//1332 1248//1332
f 1249//1333 1251//1333 1250//1333
f 1252//1334 1251//1334 1249//1334
f 1252//1335 1253//1335 1251//1335
f 1254//1336 1253//1336 1252//1336
f 1254//1337 1255//1337 1253//1337
f 1256//1338 1257//1338 1258//1338
f 1259//1339 1260//1339 1257//1339
f 1259//1340 1257//1340 1256//1340
f 1261//1341 1262//1341 1263//1341
f 1261//1342 1258//1342 1262//1342
f 1261//1343 1256//1343 1258//1343
f 1264//1344 1265//1344 1260//1344
f 1264//1345 1260//1345 1259//1345
f 1266//1346 1263//1346 1267//1346
f 1266//1347 1261//1347 1263//1347
f 1268//1348 1269//1348 1265//1348
f 1268//1349 1270//1349 1269//1349
f 1268//1350 1265//1350 1264//1350
f 1271//1351 1266//1351 1267//1351
f 1271//1352 1267//1352 1272//1352
f 1273//1353 1274//1353 1270//1353
f 1273//1354 1270//1354 1268//1354
f 1275//1355 1272//1355 1276//1355
f 1275//1356 1271//1356 1272//1356
f 1277//1357 1278//1357 1274//1357
f 1277//1358 1279//1358 1278//1358
f 1277//1359 1274//1359 1273//1359
f 1280//1360 1275//1360 1276//1360
f 1280//1361 1276//1361 1281//1361
f 1282//1362 1283//1362 1279//1362
f 1282//1363 1279//1363 1277//1363
f 1284//1364 1281//1364 1285//1364
f 1284//1365 1280//1365 1281//1365
f 1286//1366 1285//1366 1287//1366
f 1286//1367 1284//1367 1285//1367
f 1288//1368 1283//1368 1282//1368
f 1288//1369 1289//1369 1283//1369
f 1288//1370 1290//1370 1289//1370
f 1291//1371 1286//1371 1287//1371
f 1291//1372 1287//1372 1292//1372
f 1293//1373 1291//1373 1292//1373
f 1293//1374 1292//1374 1294//1374
f 1295//1375 1290//1375 1288//1375
f 1295//1376 1296//1376 1290//1376
f 1297//1377 1293//1377 1294//1377
f 1297//1378 1294//1378 1298//1378
f 1299//1379 1300//1379 1296//1379
f 1299//1380 1301//1380 1300//1380
f 1299//1381 1296//1381 1295//1381
f 1302//1382 1297//1382 1298//1382
f 1302//1383 1298//1383 1303//1383
f 1304//1384 1302//1384 1303//1384
f 1304//1385 1303//1385 1305//1385
f 1306//1386 1307//1386 1301//1386
f 1306//1387 1301//1387 1299//1387
f 1308//1388 1304//1388 1305//1388
f 1308//1389 1305//1389 1309//1389
f 1310//1390 1309//1390 1311//1390
f 1310//1391 1308//1391 1309//1391
f 1312//1392 1307//1392 1306//1392
f 1312//1393 1313//1393 1307//1393
f 1314//1394 1310//1394 1311//1394
f 1314//1395 1311//1395 1315//1395
f 1316//1396 1317//1396 1313//1396
f 1316//1397 1313//1397 1312//1397
f 1318//1398 1314//1398 1315//1398
f 1318//1399 1315//1399 1230//1399
f 1319//1400 1317//1400 1316//1400
f 1319//1401 1320//1401 1317//1401
f 1319//1402 1321//1402 1320//1402
f 1322//1403 1321//1403 1319//1403
f 1322//1404 1323//1404 1321//1404
f 1324//1405 1323//1405 1322//1405
f 1324//1406 1325//1406 1323//1406
f 1326//1407 1327//1407 1325//1407
f 1326//1408 1325//1408 1324//1408
f 1328//1409 1327//1409 1326//1409
f 1328//1410 1329//1410 1327//1410
f 1328//1411 1330//1411 1329//1411
f 1331//1412 1332//1412 1330//1412
f 1331//1413 1330//1413 1328//1413
f 1333//1414 1334//1414 1332//1414
f 1333//1415 1332//1415 1331//1415
f 1335//1416 1336//1416 1334//1416
f 1335//1417 1334//1417 1333//1417
f 1337//1418 1336//1418 1335//1418
f 1337//1419 1338//1419 1336//1419
f 1337//1420 1339//1420 1338//1420
f 1340//1421 1339//1421 1337//1421
f 1340//1422 1341//1422 1339//1422
f 1342//1423 1343//1423 1341//1423
f 1342//1424 1341//1424 1340//1424
f 1344//1425 1345//1425 1346//1425
f 1347//1426 1348//1426 1345//1426
f 1347//1427 1345//1427 1344//1427
f 1349//1428 1344//1428 1346//1428
f 1349//1429 1350//1429 1351//1429
f 1349//1430 1346//1430 1350//1430
f 1352//1431 1353//1431 1348//1431
f 1352//1432 1348//1432 1347//1432
f 1354//1433 1349//1433 1351//1433
f 1354//1434 1351//1434 1355//1434
f 1356//1435 1357//1435 1353//1435
f 1356//1436 1358//1436 1357//1436
f 1356//1437 1353//1437 1352//1437
f 1359//1438 1355//1438 1360//1438
f 1359//1439 1354//1439 1355//1439
f 1361//1440 1358//1440 1356//1440
f 1361//1441 1362//1441 1358//1441
f 1363//1442 1360//1442 1364//1442
f 1363//1443 1359//1443 1360//1443
f 1365//1444 1366//1444 1362//1444
f 1365//1445 1367//1445 1366//1445
f 1365//1446 1362//1446 1361//1446
f 1368//1447 1364//1447 1369//1447
f 1368//1448 1363//1448 1364//1448
f 1370//1449 1367//1449 1365//1449
f 1370//1450 1371//1450 1367//1450
f 1372//1451 1368//1451 1369//1451
f 1372//1452 1369//1452 1373//1452
f 1374//1453 1373//1453 1375//1453
f 1374//1454 1372//1454 1373//1454
f 1376//1455 1377//1455 1371//1455
f 1376//1456 1378//1456 1377//1456
f 1376//1457 1371//1457 1370//1457
f 1379//1458 1375//1458 1380//1458
f 1379//1459 1374//1459 1375//1459
f 1381//1460 1379//1460 1380//1460
f 1381//1461 1380//1461 1382//1461
f 1383//1462 1384//1462 1378//1462
f 1383//1463 1378//1463 1376//1463
f 1385//1464 1381//1464 1382//1464
f 1385//1465 1382//1465 1386//1465
f 1387//1466 1388//1466 1384//1466
f 1387//1467 1389//1467 1388//1467
f 1387//1468 1384//1468 1383//1468
f 1390//1469 1386//1469 1391//1469
f 1390//1470 1385//1470 1386//1470
f 1392//1471 1391//1471 1393//1471
f 1392//1472 1390//1472 1391//1472
f 1394//1473 1395//1473 1389//1473
f 1394//1474 1389//1474 1387//1474
f 1396//1475 1392//1475 1393//1475
f 1396//1476 1393//1476 1397//1476
f 1398//1477 1397//1477 1399//1477
f 1398//1478 1396//1478 1397//1478
f 1400//1479 1395//1479 1394//1479
f 1400//1480 1401//1480 1395//1480
f 1402//1481 1398//1481 1399//1481
f 1402//1482 1399//1482 1403//1482
f 1404//1483 1405//1483 1401//1483
f 1404//1484 1401//1484 1400//1484
f 1406//1485 1403//1485 1407//1485
f 1406//1486 1402//1486 1403//1486
f 1408//1487 1405//1487 1404//1487
f 1408//1488 1409//1488 1405//1488
f 1408//1489 1410//1489 1409//1489
f 1411//1490 1410//1490 1408//1490
f 1411//1491 1412//1491 1410//1491
f 1413//1492 1412//1492 1411//1492
f 1413//1493 1414//1493 1412//1493
f 1415//1494 1414//1494 1413//1494
f 1415//1495 1416//1495 1414//1495
f 1417//1496 1418//1496 1416//1496
f 1417//1497 1419//1497 1418//1497
f 1417//1498 1416//1498 1415//1498
f 1420//1499 1419//1499 1417//1499
f 1420//1500 1421//1500 1419//1500
f 1422//1501 1421//1501 1420//1501
f 1422//1502 1423//1502 1421//1502
f 1424//1503 1423//1503 1422//1503
f 1424//1504 1425//1504 1423//1504
f 1426//1505 1427//1505 1425//1505
f 1426//1506 1428//1506 1427//1506
f 1426//1507 1425//1507 1424//1507
f 1429//1508 1428//1508 1426//1508
f 1429//1509 1430//1509 1428//1509
f 1431//1510 1430//1510 1429//1510
f 1431//1511 1432//1511 1430//1511
f 7//1512 1230//1512 1032//1512
f 7//1513 1318//1513 1230//1513
f 7//1514 1407//1514 1318//1514
f 7//1515 1433//1515 1406//1515
f 7//1516 1434//1516 1433//1516
f 7//1517 1435//1517 1434//1517
f 7//1518 1436//1518 1435//1518
f 7//1519 1437//1519 1436//1519
f 7//1520 1438//1520 1437//1520
f 7//1521 1439//1521 1438//1521
f 7//1522 1440//1522 1439//1522
f 7//1523 1441//1523 1440//1523
f 7//1524 1442//1524 1441//1524
f 7//1525 1443//1525 1442//1525
f 7//1526 1444//1526 1443//1526
f 7//1527 1445//1527 1444//1527
f 7//1528 1446//1528 1445//1528
f 7//1529 1447//1529 1446//1529
f 7//1530 1448//1530 1447//1530
f 7//1531 1449//1531 1448//1531
f 7//1532 1450//1532 1449//1532
f 7//1533 1451//1533 1450//1533
f 7//1534 1452//1534 1451//1534
f 7//1535 1453//1535 1452//1535
f 7//1536 1454//1536 1453//1536
f 7//1537 1455//1537 1454//1537
f 7//1538 1456//1538 1455//1538
f 7//1539 1457//1539 1456//1539
f 7//1540 1458//1540 1457//1540
f 7//1541 1459//1541 1458//1541
f 7//1542 1460//1542 1459//1542
f 7//1543 1461//1543 1460//1543
f 7//1544 1462//1544 1461//1544
f 7//1545 1463//1545 1462//1545
f 7//1546 1464//1546 1463//1546
f 7//1547 1465//1547 1464//1547
f 7//1548 1466//1548 1465//1548
f 7//1549 1467//1549 1466//1549
f 7//1550 1468//1550 1467//1550
f 7//1551 1469//1551 1468//1551
f 7//1552 1470//1552 1469//1552
f 7//1553 1406//1553 1407//1553
f 9//1554 1470//1554 7//1554
f 9//1555 1471//1555 1470//1555
f 9//1556 1472//1556 1471//1556
f 9//1557 1473//1557 1472//1557
f 9//1558 1474//1558 1473//1558
f 9//1559 1475//1559 1474//1559
f 9//1560 1476//1560 1475//1560
f 9//1561 1477//1561 1476//1561
f 9//1562 1478//1562 1477//1562
f 9//1563 1479//1563 1478//1563
f 9//1564 1480//1564 1479//1564
f 9//1565 1481//1565 1480//1565
f 10//1566 1482//1566 1481//1566
f 10//1567 1481//1567 9//1567
f 1483//1568 1484//1568 1485//1568
f 1485//1569 1486//1569 1483//1569
f 1483//1570 1487//1570 1484//1570
f 1486//1571 1488//1571 1483//1571
f 1483//1572 1489//1572 1487//1572
f 1488//1573 1490//1573 1483//1573
f 1483//1574 1491//1574 1489//1574
f 1490//1575 1492//1575 1483//1575
f 1483//1576 1493//1576 1491//1576
f 1492//1577 1494//1577 1483//1577
f 1483//1578 1495//1578 1493//1578
f 1494//1579 1496//1579 1483//1579
f 1496//1580 1497//1580 1483//1580
f 1483//1581 1498//1581 1495//1581
f 1497//1582 1499//1582 1483//1582
f 1499//1583 1500//1583 1483//1583
f 1483//1584 1501//1584 1498//1584
f 1500//1585 1502//1585 1483//1585
f 1483//1586 1503//1586 1501//1586
f 1502//1587 1504//1587 1483//1587
f 1504//1588 1505//1588 1483//1588
f 1483//1589 1506//1589 1503//1589
f 1505//1590 1507//1590 1483//1590
f 1507//1591 1508//1591 1483//1591
f 1483//1592 1509//1592 1506//1592
f 1508//1593 1510//1593 1483//1593
f 1483//1594 1511//1594 1509//1594
f 1510//1595 1512//1595 1483//1595
f 1512//1596 1513//1596 1483//1596
f 1483//1597 1514//1597 1511//1597
f 1483//1598 1515//1598 1514//1598
f 1516//1599 1517//1599 1483//1599
f 1483//1600 1517//1600 1515//1600
f 1516//1601 1518//1601 1517//1601
f 1516//1602 1519//1602 1518//1602
f 1516//1603 1520//1603 1519//1603
f 1516//1604 1521//1604 1520//1604
f 1516//1605 1522//1605 1521//1605
f 1516//1606 1523//1606 1522//1606
f 1516//1607 1524//1607 1523//1607
f 1516//1608 1525//1608 1524//1608
f 1526//1609 1527//1609 1528//1609
f 1526//1610 1529//1610 1527//1610
f 1530//1611 1529//1611 1526//1611
f 1527//1612 1531//1612 1528//1612
f 1532//1613 1531//1613 1533//1613
f 1528//1614 1531//1614 1532//1614
f 1534//1615 1535//1615 1530//1615
f 1530//1616 1535//1616 1529//1616
f 1533//1617 1536//1617 1537//1617
f 1531//1618 1536//1618 1533//1618
f 1538//1619 1539//1619 1534//1619
f 1540//1620 1539//1620 1538//1620
f 1534//1621 1539//1621 1535//1621
f 1537//1622 1541//1622 1542//1622
f 1536//1623 1541//1623 1537//1623
f 1543//1624 1544//1624 1540//1624
f 1540//1625 1544//1625 1539//1625
f 1542//1626 1545//1626 1546//1626
f 1541//1627 1545//1627 1542//1627
f 1547//1628 1548//1628 1543//1628
f 1549//1629 1548//1629 1547//1629
f 1543//1630 1548//1630 1544//1630
f 1546//1631 1550//1631 1551//1631
f 1545//1632 1550//1632 1546//1632
f 1552//1633 1553//1633 1549//1633
f 1549//1634 1553//1634 1548//1634
f 1551//1635 1554//1635 1555//1635
f 1550//1636 1554//1636 1551//1636
f 1555//1637 1556//1637 1557//1637
f 1554//1638 1556//1638 1555//1638
f 1558//1639 1559//1639 1552//1639
f 1560//1640 1559//1640 1558//1640
f 1552//1641 1559//1641 1553//1641
f 1557//1642 1561//1642 1562//1642
f 1556//1643 1561//1643 1557//1643
f 1562//1644 1563//1644 1564//1644
f 1561//1645 1563//1645 1562//1645
f 1565//1646 1566//1646 1560//1646
f 1560//1647 1566//1647 1559//1647
f 1564//1648 1567//1648 1568//1648
f 1563//1649 1567//1649 1564//1649
f 1569//1650 1570//1650 1565//1650
f 1571//1651 1570//1651 1569//1651
f 1565//1652 1570//1652 1566//1652
f 1567//1653 1572//1653 1568//1653
f 1568//1654 1572//1654 1573//1654
f 1573//1655 1574//1655 1575//1655
f 1572//1656 1574//1656 1573//1656
f 1576//1657 1577//1657 1571//1657
f 1571//1658 1577//1658 1570//1658
f 1575//1659 1578//1659 1579//1659
f 1574//1660 1578//1660 1575//1660
f 1579//1661 1580//1661 1581//1661
f 1578//1662 1580//1662 1579//1662
f 1582//1663 1583//1663 1576//1663
f 1576//1664 1583//1664 1577//1664
f 1580//1665 1584//1665 1581//1665
f 1581//1666 1584//1666 1585//1666
f 1586//1667 1587//1667 1582//1667
f 1582//1668 1587//1668 1583//1668
f 1513//1669 1588//1669 1483//1669
f 1584//1670 1588//1670 1585//1670
f 1585//1671 1588//1671 1513//1671
f 1588//1672 1589//1672 1483//1672
f 1590//1673 1591//1673 1586//1673
f 1592//1674 1591//1674 1590//1674
f 1586//1675 1591//1675 1587//1675
f 1593//1676 1594//1676 1592//1676
f 1592//1677 1594//1677 1591//1677
f 1595//1678 1596//1678 1593//1678
f 1593//1679 1596//1679 1594//1679
f 1597//1680 1598//1680 1595//1680
f 1595//1681 1598//1681 1596//1681
f 1597//1682 1599//1682 1598//1682
f 1600//1683 1599//1683 1597//1683
f 1601//1684 1599//1684 1600//1684
f 1602//1685 1603//1685 1601//1685
f 1601//1686 1603//1686 1599//1686
f 1602//1687 1604//1687 1603//1687
f 1605//1688 1604//1688 1602//1688
f 1605//1689 1606//1689 1604//1689
f 1607//1690 1606//1690 1605//1690
f 1608//1691 1609//1691 1607//1691
f 1610//1692 1609//1692 1608//1692
f 1607//1693 1609//1693 1606//1693
f 1610//1694 1611//1694 1609//1694
f 1612//1695 1611//1695 1610//1695
f 1612//1696 1613//1696 1611//1696
f 1614//1697 1613//1697 1612//1697
f 1615//1698 1616//1698 1617//1698
f 1618//1699 1619//1699 1615//1699
f 1615//1700 1619//1700 1616//1700
f 1620//1701 1621//1701 1622//1701
f 1617//1702 1621//1702 1620//1702
f 1616//1703 1621//1703 1617//1703
f 1618//1704 1623//1704 1619//1704
f 1624//1705 1623//1705 1618//1705
f 1622//1706 1625//1706 1626//1706
f 1621//1707 1625//1707 1622//1707
f 1624//1708 1627//1708 1623//1708
f 1628//1709 1627//1709 1624//1709
f 1629//1710 1627//1710 1628//1710
f 1626//1711 1630//1711 1631//1711
f 1625//1712 1630//1712 1626//1712
f 1632//1713 1633//1713 1629//1713
f 1629//1714 1633//1714 1627//1714
f 1631//1715 1634//1715 1635//1715
f 1630//1716 1634//1716 1631//1716
f 1632//1717 1636//1717 1633//1717
f 1637//1718 1636//1718 1632//1718
f 1638//1719 1636//1719 1637//1719
f 1635//1720 1639//1720 1640//1720
f 1634//1721 1639//1721 1635//1721
f 1638//1722 1641//1722 1636//1722
f 1642//1723 1641//1723 1638//1723
f 1639//1724 1643//1724 1640//1724
f 1640//1725 1643//1725 1644//1725
f 1644//1726 1645//1726 1646//1726
f 1643//1727 1645//1727 1644//1727
f 1642//1728 1647//1728 1641//1728
f 1648//1729 1647//1729 1642//1729
f 1649//1730 1647//1730 1648//1730
f 1646//1731 1650//1731 1651//1731
f 1645//1732 1650//1732 1646//1732
f 1651//1733 1652//1733 1653//1733
f 1650//1734 1652//1734 1651//1734
f 1649//1735 1654//1735 1647//1735
f 1655//1736 1654//1736 1649//1736
f 1653//1737 1656//1737 1657//1737
f 1652//1738 1656//1738 1653//1738
f 1655//1739 1658//1739 1654//1739
f 1659//1740 1658//1740 1655//1740
f 1660//1741 1658//1741 1659//1741
f 1657//1742 1661//1742 1662//1742
f 1656//1743 1661//1743 1657//1743
f 1662//1744 1663//1744 1664//1744
f 1661//1745 1663//1745 1662//1745
f 1660//1746 1665//1746 1658//1746
f 1666//1747 1665//1747 1660//1747
f 1664//1748 1667//1748 1668//1748
f 1663//1749 1667//1749 1664//1749
f 1668//1750 1669//1750 1670//1750
f 1667//1751 1669//1751 1668//1751
f 1671//1752 1672//1752 1666//1752
f 1666//1753 1672//1753 1665//1753
f 1670//1754 1673//1754 1674//1754
f 1669//1755 1673//1755 1670//1755
f 1675//1756 1676//1756 1671//1756
f 1671//1757 1676//1757 1672//1757
f 1674//1758 1677//1758 1589//1758
f 1589//1759 1677//1759 1483//1759
f 1673//1760 1677//1760 1674//1760
f 1677//1761 1678//1761 1483//1761
f 1679//1762 1680//1762 1675//1762
f 1681//1763 1680//1763 1679//1763
f 1675//1764 1680//1764 1676//1764
f 1682//1765 1683//1765 1681//1765
f 1681//1766 1683//1766 1680//1766
f 1684//1767 1685//1767 1682//1767
f 1682//1768 1685//1768 1683//1768
f 1686//1769 1687//1769 1684//1769
f 1684//1770 1687//1770 1685//1770
f 1688//1771 1689//1771 1686//1771
f 1690//1772 1689//1772 1688//1772
f 1686//1773 1689//1773 1687//1773
f 1690//1774 1691//1774 1689//1774
f 1692//1775 1691//1775 1690//1775
f 1693//1776 1694//1776 1692//1776
f 1692//1777 1694//1777 1691//1777
f 1693//1778 1695//1778 1694//1778
f 1696//1779 1695//1779 1693//1779
f 1696//1780 1697//1780 1695//1780
f 1698//1781 1697//1781 1696//1781
f 1699//1782 1697//1782 1698//1782
f 1699//1783 1700//1783 1697//1783
f 1701//1784 1700//1784 1699//1784
f 1701//1785 1702//1785 1700//1785
f 1703//1786 1702//1786 1701//1786
f 1704//1787 1705//1787 1706//1787
f 1707//1788 1708//1788 1704//1788
f 1704//1789 1708//1789 1705//1789
f 1709//1790 1710//1790 1711//1790
f 1706//1791 1710//1791 1709//1791
f 1705//1792 1710//1792 1706//1792
f 1712//1793 1713//1793 1707//1793
f 1707//1794 1713//1794 1708//1794
f 1711//1795 1714//1795 1715//1795
f 1710//1796 1714//1796 1711//1796
f 1716//1797 1717//1797 1712//1797
f 1718//1798 1717//1798 1716//1798
f 1712//1799 1717//1799 1713//1799
f 1714//1800 1719//1800 1715//1800
f 1715//1801 1719//1801 1720//1801
f 1721//1802 1722//1802 1718//1802
f 1718//1803 1722//1803 1717//1803
f 1720//1804 1723//1804 1724//1804
f 1719//1805 1723//1805 1720//1805
f 1725//1806 1726//1806 1721//1806
f 1727//1807 1726//1807 1725//1807
f 1721//1808 1726//1808 1722//1808
f 1723//1809 1728//1809 1724//1809
f 1724//1810 1728//1810 1729//1810
f 1730//1811 1731//1811 1727//1811
f 1727//1812 1731//1812 1726//1812
f 1729//1813 1732//1813 1733//1813
f 1728//1814 1732//1814 1729//1814
f 1733//1815 1734//1815 1735//1815
f 1732//1816 1734//1816 1733//1816
f 1730//1817 1736//1817 1731//1817
f 1737//1818 1736//1818 1730//1818
f 1738//1819 1736//1819 1737//1819
f 1734//1820 1739//1820 1735//1820
f 1735//1821 1739//1821 1740//1821
f 1739//1822 1741//1822 1740//1822
f 1740//1823 1741//1823 1742//1823
f 1738//1824 1743//1824 1736//1824
f 1744//1825 1743//1825 1738//1825
f 1741//1826 1745//1826 1742//1826
f 1742//1827 1745//1827 1746//1827
f 1747//1828 1748//1828 1744//1828
f 1749//1829 1748//1829 1747//1829
f 1744//1830 1748//1830 1743//1830
f 1745//1831 1750//1831 1746//1831
f 1746//1832 1750//1832 1751//1832
f 1750//1833 1752//1833 1751//1833
f 1751//1834 1752//1834 1753//1834
f 1754//1835 1755//1835 1749//1835
f 1749//1836 1755//1836 1748//1836
f 1752//1837 1756//1837 1753//1837
f 1753//1838 1756//1838 1757//1838
f 1757//1839 1758//1839 1759//1839
f 1756//1840 1758//1840 1757//1840
f 1754//1841 1760//1841 1755//1841
f 1761//1842 1760//1842 1754//1842
f 1758//1843 1762//1843 1759//1843
f 1759//1844 1762//1844 1763//1844
f 1764//1845 1765//1845 1761//1845
f 1761//1846 1765//1846 1760//1846
f 1762//1847 1766//1847 1763//1847
f 1763//1848 1766//1848 1678//1848
f 1764//1849 1767//1849 1765//1849
f 1768//1850 1767//1850 1764//1850
f 1769//1851 1767//1851 1768//1851
f 1769//1852 1770//1852 1767//1852
f 1771//1853 1770//1853 1769//1853
f 1771//1854 1772//1854 1770//1854
f 1773//1855 1772//1855 1771//1855
f 1774//1856 1775//1856 1773//1856
f 1773//1857 1775//1857 1772//1857
f 1774//1858 1776//1858 1775//1858
f 1777//1859 1776//1859 1774//1859
f 1778//1860 1776//1860 1777//1860
f 1779//1861 1780//1861 1778//1861
f 1778//1862 1780//1862 1776//1862
f 1781//1863 1782//1863 1779//1863
f 1779//1864 1782//1864 1780//1864
f 1783//1865 1784//1865 1781//1865
f 1781//1866 1784//1866 1782//1866
f 1783//1867 1785//1867 1784//1867
f 1786//1868 1785//1868 1783//1868
f 1787//1869 1785//1869 1786//1869
f 1787//1870 1788//1870 1785//1870
f 1789//1871 1788//1871 1787//1871
f 1790//1872 1791//1872 1789//1872
f 1789//1873 1791//1873 1788//1873
f 1792//1874 1793//1874 1794//1874
f 1795//1875 1796//1875 1792//1875
f 1792//1876 1796//1876 1793//1876
f 1793//1877 1797//1877 1794//1877
f 1798//1878 1797//1878 1799//1878
f 1794//1879 1797//1879 1798//1879
f 1800//1880 1801//1880 1795//1880
f 1795//1881 1801//1881 1796//1881
f 1797//1882 1802//1882 1799//1882
f 1799//1883 1802//1883 1803//1883
f 1804//1884 1805//1884 1800//1884
f 1806//1885 1805//1885 1804//1885
f 1800//1886 1805//1886 1801//1886
f 1803//1887 1807//1887 1808//1887
f 1802//1888 1807//1888 1803//1888
f 1806//1889 1809//1889 1805//1889
f 1810//1890 1809//1890 1806//1890
f 1808//1891 1811//1891 1812//1891
f 1807//1892 1811//1892 1808//1892
f 1813//1893 1814//1893 1810//1893
f 1815//1894 1814//1894 1813//1894
f 1810//1895 1814//1895 1809//1895
f 1812//1896 1816//1896 1817//1896
f 1811//1897 1816//1897 1812//1897
f 1815//1898 1818//1898 1814//1898
f 1819//1899 1818//1899 1815//1899
f 1816//1900 1820//1900 1817//1900
f 1817//1901 1820//1901 1821//1901
f 1821//1902 1822//1902 1823//1902
f 1820//1903 1822//1903 1821//1903
f 1824//1904 1825//1904 1819//1904
f 1826//1905 1825//1905 1824//1905
f 1819//1906 1825//1906 1818//1906
f 1823//1907 1827//1907 1828//1907
f 1822//1908 1827//1908 1823//1908
f 1827//1909 1829//1909 1828//1909
f 1828//1910 1829//1910 1830//1910
f 1831//1911 1832//1911 1826//1911
f 1826//1912 1832//1912 1825//1912
f 1829//1913 1833//1913 1830//1913
f 1830//1914 1833//1914 1834//1914
f 1835//1915 1836//1915 1831//1915
f 1837//1916 1836//1916 1835//1916
f 1831//1917 1836//1917 1832//1917
f 1834//1918 1838//1918 1839//1918
f 1833//1919 1838//1919 1834//1919
f 1839//1920 1840//1920 1841//1920
f 1838//1921 1840//1921 1839//1921
f 1842//1922 1843//1922 1837//1922
f 1837//1923 1843//1923 1836//1923
f 1840//1924 1844//1924 1841//1924
f 1841//1925 1844//1925 1845//1925
f 1845//1926 1846//1926 1847//1926
f 1844//1927 1846//1927 1845//1927
f 1842//1928 1848//1928 1843//1928
f 1849//1929 1848//1929 1842//1929
f 1846//1930 1850//1930 1847//1930
f 1847//1931 1850//1931 1851//1931
f 1852//1932 1853//1932 1849//1932
f 1849//1933 1853//1933 1848//1933
f 1851//1934 1854//1934 1855//1934
f 1850//1935 1854//1935 1851//1935
f 1852//1936 1856//1936 1853//1936
f 1857//1937 1856//1937 1852//1937
f 1858//1938 1856//1938 1857//1938
f 1858//1939 1859//1939 1856//1939
f 1860//1940 1859//1940 1858//1940
f 1860//1941 1861//1941 1859//1941
f 1862//1942 1861//1942 1860//1942
f 1862//1943 1863//1943 1861//1943
f 1864//1944 1863//1944 1862//1944
f 1865//1945 1866//1945 1864//1945
f 1867//1946 1866//1946 1865//1946
f 1864//1947 1866//1947 1863//1947
f 1867//1948 1868//1948 1866//1948
f 1869//1949 1868//1949 1867//1949
f 1869//1950 1870//1950 1868//1950
f 1871//1951 1870//1951 1869//1951
f 1871//1952 1872//1952 1870//1952
f 1873//1953 1872//1953 1871//1953
f 1874//1954 1875//1954 1873//1954
f 1876//1955 1875//1955 1874//1955
f 1873//1956 1875//1956 1872//1956
f 1876//1957 1877//1957 1875//1957
f 1878//1958 1877//1958 1876//1958
f 1878//1959 1879//1959 1877//1959
f 1880//1960 1879//1960 1878//1960
f 1678//1961 8//1961 1483//1961
f 1766//1962 8//1962 1678//1962
f 1855//1963 8//1963 1766//1963
f 1881//1964 8//1964 1854//1964
f 1882//1965 8//1965 1881//1965
f 1883//1966 8//1966 1882//1966
f 1884//1967 8//1967 1883//1967
f 1885//1968 8//1968 1884//1968
f 1886//1969 8//1969 1885//1969
f 1887//1970 8//1970 1886//1970
f 1888//1971 8//1971 1887//1971
f 1889//1972 8//1972 1888//1972
f 1890//1973 8//1973 1889//1973
f 1891//1974 8//1974 1890//1974
f 1892//1975 8//1975 1891//1975
f 1893//1976 8//1976 1892//1976
f 1894//1977 8//1977 1893//1977
f 1895//1978 8//1978 1894//1978
f 1896//1979 8//1979 1895//1979
f 1897//1980 8//1980 1896//1980
f 1898//1981 8//1981 1897//1981
f 1899//1982 8//1982 1898//1982
f 1900//1983 8//1983 1899//1983
f 1901//1984 8//1984 1900//1984
f 1902//1985 8//1985 1901//1985
f 1903//1986 8//1986 1902//1986
f 1904//1987 8//1987 1903//1987
f 1905//1988 8//1988 1904//1988
f 1906//1989 8//1989 1905//1989
f 1907//1990 8//1990 1906//1990
f 1908//1991 8//1991 1907//1991
f 1909//1992 8//1992 1908//1992
f 1910//1993 8//1993 1909//1993
f 1911//1994 8//1994 1910//1994
f 1912//1995 8//1995 1911//1995
f 1913//1996 8//1996 1912//1996
f 1914//1997 8//1997 1913//1997
f 1915//1998 8//1998 1914//1998
f 1916//1999 8//1999 1915//1999
f 1917//2000 8//2000 1916//2000
f 1918//2001 8//2001 1917//2001
f 1854//2002 8//2002 1855//2002
f 1918//2003 10//2003 8//2003
f 1919//2004 10//2004 1918//2004
f 1920//2005 10//2005 1919//2005
f 1921//2006 10//2006 1920//2006
f 1922//2007 10//2007 1921//2007
f 1923//2008 10//2008 1922//2008
f 1924//2009 10//2009 1923//2009
f 1925//2010 10//2010 1924//2010
f 1926//2011 10//2011 1925//2011
f 1927//2012 10//2012 1926//2012
f 1928//2013 10//2013 1927//2013
f 1482//2014 10//2014 1928//2014
f 1483//2015 8//2015 600//2015
f 600//2016 8//2016 5//2016
f 350//2017 922//2017 347//2017
f 924//2018 922//2018 350//2018
f 347//2019 925//2019 351//2019
f 922//2020 925//2020 347//2020
f 351//2021 927//2021 352//2021
f 925//2022 927//2022 351//2022
f 352//2023 928//2023 354//2023
f 927//2024 928//2024 352//2024
f 354//2025 930//2025 355//2025
f 928//2026 930//2026 354//2026
f 355//2027 932//2027 357//2027
f 930//2028 932//2028 355//2028
f 359//2029 933//2029 360//2029
f 357//2030 933//2030 359//2030
f 932//2031 933//2031 357//2031
f 933//2032 934//2032 360//2032
f 360//2033 934//2033 362//2033
f 362//2034 937//2034 364//2034
f 934//2035 937//2035 362//2035
f 364//2036 938//2036 365//2036
f 937//2037 938//2037 364//2037
f 365//2038 940//2038 367//2038
f 938//2039 940//2039 365//2039
f 367//2040 942//2040 369//2040
f 940//2041 942//2041 367//2041
f 369//2042 943//2042 370//2042
f 942//2043 943//2043 369//2043
f 943//2044 944//2044 370//2044
f 370//2045 944//2045 372//2045
f 944//2046 946//2046 372//2046
f 372//2047 946//2047 374//2047
f 946//2048 948//2048 374//2048
f 374//2049 948//2049 375//2049
f 948//2050 950//2050 375//2050
f 375//2051 950//2051 377//2051
f 950//2052 951//2052 377//2052
f 377//2053 951//2053 378//2053
f 951//2054 953//2054 378//2054
f 378//2055 953//2055 380//2055
f 953//2056 954//2056 380//2056
f 954//2057 956//2057 380//2057
f 380//2058 956//2058 382//2058
f 956//2059 957//2059 382//2059
f 382//2060 957//2060 383//2060
f 957//2061 959//2061 383//2061
f 383//2062 959//2062 385//2062
f 959//2063 961//2063 385//2063
f 385//2064 961//2064 387//2064
f 961//2065 963//2065 387//2065
f 387//2066 963//2066 389//2066
f 390//2067 1929//2067 392//2067
f 392//2068 1930//2068 394//2068
f 1929//2069 1930//2069 392//2069
f 963//2070 964//2070 389//2070
f 389//2071 964//2071 390//2071
f 390//2072 964//2072 1929//2072
f 1930//2073 1931//2073 394//2073
f 964//2074 1932//2074 1929//2074
f 1932//2075 966//2075 1933//2075
f 964//2076 966//2076 1932//2076
f 394//2077 1934//2077 396//2077
f 1931//2078 1934//2078 394//2078
f 966//2079 968//2079 1933//2079
f 1933//2080 968//2080 1935//2080
f 1934//2081 1936//2081 396//2081
f 396//2082 1936//2082 398//2082
f 968//2083 1937//2083 1935//2083
f 968//2084 970//2084 1937//2084
f 1936//2085 1938//2085 398//2085
f 398//2086 1938//2086 400//2086
f 970//2087 1939//2087 1937//2087
f 1938//2088 1940//2088 400//2088
f 400//2089 1940//2089 401//2089
f 970//2090 973//2090 1939//2090
f 973//2091 1941//2091 1939//2091
f 1940//2092 1942//2092 401//2092
f 401//2093 1942//2093 403//2093
f 973//2094 974//2094 1941//2094
f 974//2095 1943//2095 1941//2095
f 1942//2096 1944//2096 403//2096
f 403//2097 1944//2097 405//2097
f 974//2098 975//2098 1943//2098
f 975//2099 1945//2099 1943//2099
f 1944//2100 1946//2100 405//2100
f 405//2101 1946//2101 406//2101
f 975//2102 978//2102 1945//2102
f 978//2103 1947//2103 1945//2103
f 1946//2104 1948//2104 406//2104
f 406//2105 1948//2105 408//2105
f 978//2106 979//2106 1947//2106
f 979//2107 1949//2107 1947//2107
f 1948//2108 1950//2108 408//2108
f 408//2109 1950//2109 410//2109
f 979//2110 980//2110 1949//2110
f 980//2111 1951//2111 1949//2111
f 1950//2112 1952//2112 410//2112
f 410//2113 1952//2113 411//2113
f 980//2114 982//2114 1951//2114
f 982//2115 1953//2115 1951//2115
f 1952//2116 1954//2116 411//2116
f 411//2117 1954//2117 413//2117
f 982//2118 984//2118 1953//2118
f 984//2119 1955//2119 1953//2119
f 413//2120 1956//2120 415//2120
f 1954//2121 1956//2121 413//2121
f 984//2122 985//2122 1955//2122
f 985//2123 1957//2123 1955//2123
f 415//2124 1958//2124 416//2124
f 1956//2125 1958//2125 415//2125
f 985//2126 987//2126 1957//2126
f 987//2127 1959//2127 1957//2127
f 416//2128 1960//2128 418//2128
f 1958//2129 1960//2129 416//2129
f 987//2130 989//2130 1959//2130
f 989//2131 1961//2131 1959//2131
f 1960//2132 1962//2132 418//2132
f 418//2133 1962//2133 420//2133
f 989//2134 990//2134 1961//2134
f 990//2135 1963//2135 1961//2135
f 1962//2136 1964//2136 420//2136
f 420//2137 1964//2137 422//2137
f 990//2138 992//2138 1963//2138
f 992//2139 1965//2139 1963//2139
f 1964//2140 1966//2140 422//2140
f 422//2141 1966//2141 423//2141
f 992//2142 994//2142 1965//2142
f 994//2143 1967//2143 1965//2143
f 1966//2144 1968//2144 423//2144
f 423//2145 1968//2145 425//2145
f 994//2146 996//2146 1967//2146
f 996//2147 1969//2147 1967//2147
f 1968//2148 1970//2148 425//2148
f 425//2149 1970//2149 427//2149
f 996//2150 997//2150 1969//2150
f 997//2151 1971//2151 1969//2151
f 1970//2152 1972//2152 427//2152
f 427//2153 1972//2153 429//2153
f 997//2154 999//2154 1971//2154
f 999//2155 1973//2155 1971//2155
f 1972//2156 1974//2156 429//2156
f 429//2157 1974//2157 431//2157
f 999//2158 1001//2158 1973//2158
f 1001//2159 1975//2159 1973//2159
f 1974//2160 1976//2160 431//2160
f 431//2161 1976//2161 432//2161
f 1001//2162 1003//2162 1975//2162
f 1003//2163 1977//2163 1975//2163
f 432//2164 1978//2164 434//2164
f 1976//2165 1978//2165 432//2165
f 1003//2166 1005//2166 1977//2166
f 1005//2167 1979//2167 1977//2167
f 434//2168 1980//2168 436//2168
f 1978//2169 1980//2169 434//2169
f 1005//2170 1007//2170 1979//2170
f 1007//2171 1981//2171 1979//2171
f 436//2172 1982//2172 438//2172
f 1980//2173 1982//2173 436//2173
f 1007//2174 1008//2174 1981//2174
f 1008//2175 1983//2175 1981//2175
f 438//2176 1984//2176 440//2176
f 1982//2177 1984//2177 438//2177
f 1008//2178 1010//2178 1983//2178
f 1010//2179 1985//2179 1983//2179
f 440//2180 1986//2180 492//2180
f 1984//2181 1986//2181 440//2181
f 1010//2182 1012//2182 1985//2182
f 1012//2183 1987//2183 1985//2183
f 1986//2184 498//2184 492//2184
f 492//2185 498//2185 493//2185
f 1012//2186 1014//2186 1987//2186
f 1014//2187 1988//2187 1987//2187
f 1014//2188 1030//2188 1988//2188
f 1030//2189 500//2189 1988//2189
f 1030//2190 501//2190 500//2190
f 349//2191 923//2191 350//2191
f 923//2192 924//2192 350//2192
f 490//2193 1989//2193 491//2193
f 1990//2194 1989//2194 490//2194
f 491//2195 1991//2195 439//2195
f 1989//2196 1991//2196 491//2196
f 1992//2197 1028//2197 1993//2197
f 439//2198 1994//2198 437//2198
f 1991//2199 1994//2199 439//2199
f 1028//2200 1029//2200 1993//2200
f 1993//2201 1029//2201 1995//2201
f 437//2202 1996//2202 435//2202
f 1994//2203 1996//2203 437//2203
f 1029//2204 1013//2204 1995//2204
f 1013//2205 1997//2205 1995//2205
f 435//2206 1998//2206 433//2206
f 1996//2207 1998//2207 435//2207
f 1997//2208 1011//2208 1999//2208
f 1013//2209 1011//2209 1997//2209
f 433//2210 2000//2210 430//2210
f 1998//2211 2000//2211 433//2211
f 1999//2212 1009//2212 2001//2212
f 1011//2213 1009//2213 1999//2213
f 430//2214 2002//2214 428//2214
f 2000//2215 2002//2215 430//2215
f 2001//2216 1006//2216 2003//2216
f 1009//2217 1006//2217 2001//2217
f 428//2218 2004//2218 426//2218
f 2002//2219 2004//2219 428//2219
f 2003//2220 1004//2220 2005//2220
f 1006//2221 1004//2221 2003//2221
f 426//2222 2006//2222 424//2222
f 2004//2223 2006//2223 426//2223
f 2005//2224 1002//2224 2007//2224
f 1004//2225 1002//2225 2005//2225
f 2006//2226 2008//2226 424//2226
f 424//2227 2008//2227 421//2227
f 1002//2228 1000//2228 2007//2228
f 2007//2229 1000//2229 2009//2229
f 2008//2230 2010//2230 421//2230
f 2010//2231 419//2231 421//2231
f 1000//2232 998//2232 2009//2232
f 2009//2233 998//2233 2011//2233
f 419//2234 2012//2234 417//2234
f 2010//2235 2012//2235 419//2235
f 998//2236 995//2236 2011//2236
f 2011//2237 995//2237 2013//2237
f 417//2238 2014//2238 414//2238
f 2012//2239 2014//2239 417//2239
f 995//2240 993//2240 2013//2240
f 2013//2241 993//2241 2015//2241
f 414//2242 2016//2242 412//2242
f 2014//2243 2016//2243 414//2243
f 993//2244 991//2244 2015//2244
f 2015//2245 991//2245 2017//2245
f 412//2246 2018//2246 409//2246
f 2016//2247 2018//2247 412//2247
f 991//2248 988//2248 2017//2248
f 2017//2249 988//2249 2019//2249
f 2018//2250 2020//2250 409//2250
f 2020//2251 407//2251 409//2251
f 2019//2252 986//2252 2021//2252
f 988//2253 986//2253 2019//2253
f 2020//2254 2022//2254 407//2254
f 2022//2255 404//2255 407//2255
f 2021//2256 983//2256 2023//2256
f 986//2257 983//2257 2021//2257
f 2022//2258 2024//2258 404//2258
f 2024//2259 402//2259 404//2259
f 2023//2260 981//2260 2025//2260
f 983//2261 981//2261 2023//2261
f 2024//2262 2026//2262 402//2262
f 2026//2263 399//2263 402//2263
f 2025//2264 977//2264 2027//2264
f 981//2265 977//2265 2025//2265
f 2026//2266 2028//2266 399//2266
f 2028//2267 397//2267 399//2267
f 2027//2268 976//2268 2029//2268
f 977//2269 976//2269 2027//2269
f 2028//2270 2030//2270 397//2270
f 2030//2271 395//2271 397//2271
f 2029//2272 972//2272 2031//2272
f 976//2273 972//2273 2029//2273
f 2030//2274 2032//2274 395//2274
f 972//2275 971//2275 2031//2275
f 2031//2276 971//2276 2033//2276
f 2032//2277 393//2277 395//2277
f 971//2278 969//2278 2033//2278
f 969//2279 2034//2279 2033//2279
f 2032//2280 2035//2280 393//2280
f 2035//2281 391//2281 393//2281
f 2035//2282 2036//2282 391//2282
f 969//2283 967//2283 2034//2283
f 2034//2284 967//2284 2036//2284
f 391//2285 965//2285 388//2285
f 967//2286 965//2286 2036//2286
f 2036//2287 965//2287 391//2287
f 388//2288 962//2288 386//2288
f 965//2289 962//2289 388//2289
f 386//2290 960//2290 384//2290
f 962//2291 960//2291 386//2291
f 384//2292 958//2292 381//2292
f 960//2293 958//2293 384//2293
f 381//2294 955//2294 379//2294
f 958//2295 955//2295 381//2295
f 379//2296 952//2296 376//2296
f 955//2297 952//2297 379//2297
f 952//2298 949//2298 376//2298
f 376//2299 949//2299 373//2299
f 949//2300 947//2300 373//2300
f 947//2301 945//2301 373//2301
f 373//2302 945//2302 371//2302
f 945//2303 941//2303 371//2303
f 371//2304 941//2304 368//2304
f 941//2305 939//2305 368//2305
f 368//2306 939//2306 366//2306
f 939//2307 936//2307 366//2307
f 366//2308 936//2308 363//2308
f 936//2309 935//2309 363//2309
f 363//2310 935//2310 361//2310
f 935//2311 931//2311 361//2311
f 361//2312 931//2312 358//2312
f 931//2313 929//2313 358//2313
f 358//2314 929//2314 356//2314
f 929//2315 926//2315 356//2315
f 356//2316 926//2316 353//2316
f 926//2317 921//2317 353//2317
f 353//2318 921//2318 348//2318
f 921//2319 923//2319 348//2319
f 348//2320 923//2320 349//2320
f 256//2321 828//2321 253//2321
f 830//2322 828//2322 256//2322
f 253//2323 831//2323 257//2323
f 828//2324 831//2324 253//2324
f 257//2325 833//2325 258//2325
f 831//2326 833//2326 257//2326
f 258//2327 834//2327 260//2327
f 833//2328 834//2328 258//2328
f 260//2329 836//2329 261//2329
f 834//2330 836//2330 260//2330
f 261//2331 838//2331 263//2331
f 836//2332 838//2332 261//2332
f 263//2333 839//2333 265//2333
f 838//2334 839//2334 263//2334
f 265//2335 841//2335 266//2335
f 839//2336 841//2336 265//2336
f 268//2337 843//2337 270//2337
f 266//2338 843//2338 268//2338
f 841//2339 843//2339 266//2339
f 843//2340 844//2340 270//2340
f 270//2341 844//2341 271//2341
f 271//2342 846//2342 273//2342
f 844//2343 846//2343 271//2343
f 846//2344 848//2344 273//2344
f 273//2345 849//2345 275//2345
f 848//2346 849//2346 273//2346
f 275//2347 851//2347 276//2347
f 849//2348 851//2348 275//2348
f 851//2349 853//2349 276//2349
f 276//2350 853//2350 278//2350
f 853//2351 854//2351 278//2351
f 278//2352 854//2352 280//2352
f 854//2353 855//2353 280//2353
f 280//2354 855//2354 281//2354
f 855//2355 857//2355 281//2355
f 281//2356 857//2356 283//2356
f 857//2357 859//2357 283//2357
f 283//2358 859//2358 284//2358
f 859//2359 860//2359 284//2359
f 284//2360 860//2360 286//2360
f 860//2361 862//2361 286//2361
f 286//2362 862//2362 288//2362
f 862//2363 863//2363 288//2363
f 288//2364 863//2364 289//2364
f 863//2365 866//2365 289//2365
f 289//2366 866//2366 291//2366
f 866//2367 867//2367 291//2367
f 291//2368 867//2368 293//2368
f 867//2369 869//2369 293//2369
f 293//2370 869//2370 295//2370
f 296//2371 2037//2371 298//2371
f 298//2372 2038//2372 300//2372
f 2037//2373 2038//2373 298//2373
f 869//2374 870//2374 295//2374
f 295//2375 870//2375 296//2375
f 296//2376 870//2376 2037//2376
f 2038//2377 2039//2377 300//2377
f 870//2378 2040//2378 2037//2378
f 2040//2379 872//2379 2041//2379
f 870//2380 872//2380 2040//2380
f 300//2381 2042//2381 302//2381
f 2039//2382 2042//2382 300//2382
f 872//2383 874//2383 2041//2383
f 2041//2384 874//2384 2043//2384
f 2042//2385 2044//2385 302//2385
f 302//2386 2044//2386 304//2386
f 874//2387 2045//2387 2043//2387
f 874//2388 876//2388 2045//2388
f 2044//2389 2046//2389 304//2389
f 304//2390 2046//2390 306//2390
f 876//2391 2047//2391 2045//2391
f 306//2392 2048//2392 307//2392
f 2046//2393 2048//2393 306//2393
f 876//2394 878//2394 2047//2394
f 878//2395 2049//2395 2047//2395
f 2048//2396 2050//2396 307//2396
f 307//2397 2050//2397 309//2397
f 878//2398 880//2398 2049//2398
f 880//2399 2051//2399 2049//2399
f 2050//2400 2052//2400 309//2400
f 309//2401 2052//2401 311//2401
f 880//2402 881//2402 2051//2402
f 881//2403 2053//2403 2051//2403
f 2052//2404 2054//2404 311//2404
f 311//2405 2054//2405 312//2405
f 881//2406 883//2406 2053//2406
f 883//2407 2055//2407 2053//2407
f 2054//2408 2056//2408 312//2408
f 312//2409 2056//2409 314//2409
f 883//2410 885//2410 2055//2410
f 885//2411 2057//2411 2055//2411
f 2056//2412 2058//2412 314//2412
f 314//2413 2058//2413 316//2413
f 885//2414 886//2414 2057//2414
f 886//2415 2059//2415 2057//2415
f 2058//2416 2060//2416 316//2416
f 316//2417 2060//2417 317//2417
f 886//2418 888//2418 2059//2418
f 888//2419 2061//2419 2059//2419
f 2060//2420 2062//2420 317//2420
f 317//2421 2062//2421 319//2421
f 888//2422 890//2422 2061//2422
f 890//2423 2063//2423 2061//2423
f 319//2424 2064//2424 321//2424
f 2062//2425 2064//2425 319//2425
f 890//2426 891//2426 2063//2426
f 891//2427 2065//2427 2063//2427
f 321//2428 2066//2428 322//2428
f 2064//2429 2066//2429 321//2429
f 891//2430 894//2430 2065//2430
f 894//2431 2067//2431 2065//2431
f 322//2432 2068//2432 324//2432
f 2066//2433 2068//2433 322//2433
f 894//2434 895//2434 2067//2434
f 895//2435 2069//2435 2067//2435
f 2068//2436 2070//2436 324//2436
f 324//2437 2070//2437 326//2437
f 895//2438 896//2438 2069//2438
f 896//2439 2071//2439 2069//2439
f 2070//2440 2072//2440 326//2440
f 326//2441 2072//2441 328//2441
f 896//2442 898//2442 2071//2442
f 898//2443 2073//2443 2071//2443
f 2072//2444 2074//2444 328//2444
f 328//2445 2074//2445 329//2445
f 898//2446 901//2446 2073//2446
f 901//2447 2075//2447 2073//2447
f 2074//2448 2076//2448 329//2448
f 329//2449 2076//2449 331//2449
f 901//2450 902//2450 2075//2450
f 902//2451 2077//2451 2075//2451
f 2076//2452 2078//2452 331//2452
f 331//2453 2078//2453 333//2453
f 902//2454 903//2454 2077//2454
f 903//2455 2079//2455 2077//2455
f 2078//2456 2080//2456 333//2456
f 333//2457 2080//2457 335//2457
f 903//2458 905//2458 2079//2458
f 905//2459 2081//2459 2079//2459
f 2080//2460 2082//2460 335//2460
f 335//2461 2082//2461 337//2461
f 905//2462 907//2462 2081//2462
f 907//2463 2083//2463 2081//2463
f 2082//2464 2084//2464 337//2464
f 337//2465 2084//2465 338//2465
f 907//2466 909//2466 2083//2466
f 909//2467 2085//2467 2083//2467
f 338//2468 2086//2468 340//2468
f 2084//2469 2086//2469 338//2469
f 909//2470 911//2470 2085//2470
f 911//2471 2087//2471 2085//2471
f 340//2472 2088//2472 342//2472
f 2086//2473 2088//2473 340//2473
f 911//2474 912//2474 2087//2474
f 912//2475 2089//2475 2087//2475
f 342//2476 2090//2476 344//2476
f 2088//2477 2090//2477 342//2477
f 912//2478 914//2478 2089//2478
f 914//2479 2091//2479 2089//2479
f 344//2480 2092//2480 346//2480
f 2090//2481 2092//2481 344//2481
f 914//2482 916//2482 2091//2482
f 916//2483 2093//2483 2091//2483
f 346//2484 2094//2484 489//2484
f 2092//2485 2094//2485 346//2485
f 916//2486 918//2486 2093//2486
f 918//2487 2095//2487 2093//2487
f 2094//2488 1990//2488 489//2488
f 489//2489 1990//2489 490//2489
f 918//2490 920//2490 2095//2490
f 920//2491 2096//2491 2095//2491
f 920//2492 1027//2492 2096//2492
f 1027//2493 1992//2493 2096//2493
f 1027//2494 1028//2494 1992//2494
f 829//2495 830//2495 255//2495
f 255//2496 830//2496 256//2496
f 487//2497 2097//2497 488//2497
f 2098//2498 2097//2498 487//2498
f 488//2499 2099//2499 345//2499
f 2097//2500 2099//2500 488//2500
f 2100//2501 1025//2501 2101//2501
f 345//2502 2102//2502 343//2502
f 2099//2503 2102//2503 345//2503
f 1025//2504 1026//2504 2101//2504
f 2101//2505 1026//2505 2103//2505
f 343//2506 2104//2506 341//2506
f 2102//2507 2104//2507 343//2507
f 1026//2508 919//2508 2103//2508
f 919//2509 2105//2509 2103//2509
f 341//2510 2106//2510 339//2510
f 2104//2511 2106//2511 341//2511
f 2105//2512 917//2512 2107//2512
f 919//2513 917//2513 2105//2513
f 339//2514 2108//2514 336//2514
f 2106//2515 2108//2515 339//2515
f 2107//2516 915//2516 2109//2516
f 917//2517 915//2517 2107//2517
f 336//2518 2110//2518 334//2518
f 2108//2519 2110//2519 336//2519
f 2109//2520 913//2520 2111//2520
f 915//2521 913//2521 2109//2521
f 334//2522 2112//2522 332//2522
f 2110//2523 2112//2523 334//2523
f 2111//2524 910//2524 2113//2524
f 913//2525 910//2525 2111//2525
f 332//2526 2114//2526 330//2526
f 2112//2527 2114//2527 332//2527
f 2113//2528 908//2528 2115//2528
f 910//2529 908//2529 2113//2529
f 330//2530 2116//2530 327//2530
f 2114//2531 2116//2531 330//2531
f 908//2532 906//2532 2115//2532
f 2115//2533 906//2533 2117//2533
f 2116//2534 2118//2534 327//2534
f 2118//2535 325//2535 327//2535
f 906//2536 904//2536 2117//2536
f 2117//2537 904//2537 2119//2537
f 2118//2538 2120//2538 325//2538
f 325//2539 2120//2539 323//2539
f 904//2540 900//2540 2119//2540
f 2119//2541 900//2541 2121//2541
f 323//2542 2122//2542 320//2542
f 2120//2543 2122//2543 323//2543
f 900//2544 899//2544 2121//2544
f 2121//2545 899//2545 2123//2545
f 320//2546 2124//2546 318//2546
f 2122//2547 2124//2547 320//2547
f 899//2548 897//2548 2123//2548
f 2123//2549 897//2549 2125//2549
f 318//2550 2126//2550 315//2550
f 2124//2551 2126//2551 318//2551
f 897//2552 893//2552 2125//2552
f 2125//2553 893//2553 2127//2553
f 2126//2554 2128//2554 315//2554
f 2128//2555 313//2555 315//2555
f 2127//2556 892//2556 2129//2556
f 893//2557 892//2557 2127//2557
f 2128//2558 2130//2558 313//2558
f 2130//2559 310//2559 313//2559
f 2129//2560 889//2560 2131//2560
f 892//2561 889//2561 2129//2561
f 2130//2562 2132//2562 310//2562
f 2132//2563 308//2563 310//2563
f 2131//2564 887//2564 2133//2564
f 889//2565 887//2565 2131//2565
f 2132//2566 2134//2566 308//2566
f 2134//2567 305//2567 308//2567
f 2133//2568 884//2568 2135//2568
f 887//2569 884//2569 2133//2569
f 2134//2570 2136//2570 305//2570
f 2136//2571 303//2571 305//2571
f 2135//2572 882//2572 2137//2572
f 884//2573 882//2573 2135//2573
f 2136//2574 2138//2574 303//2574
f 2138//2575 301//2575 303//2575
f 2137//2576 879//2576 2139//2576
f 882//2577 879//2577 2137//2577
f 2138//2578 2140//2578 301//2578
f 879//2579 877//2579 2139//2579
f 2139//2580 877//2580 2141//2580
f 2140//2581 299//2581 301//2581
f 877//2582 875//2582 2141//2582
f 875//2583 2142//2583 2141//2583
f 2140//2584 2143//2584 299//2584
f 2143//2585 297//2585 299//2585
f 2143//2586 2144//2586 297//2586
f 875//2587 873//2587 2142//2587
f 2142//2588 873//2588 2144//2588
f 873//2589 871//2589 2144//2589
f 2144//2590 871//2590 297//2590
f 297//2591 868//2591 294//2591
f 871//2592 868//2592 297//2592
f 294//2593 865//2593 292//2593
f 868//2594 865//2594 294//2594
f 292//2595 864//2595 290//2595
f 865//2596 864//2596 292//2596
f 290//2597 861//2597 287//2597
f 864//2598 861//2598 290//2598
f 285//2599 858//2599 282//2599
f 287//2600 858//2600 285//2600
f 861//2601 858//2601 287//2601
f 858//2602 856//2602 282//2602
f 282//2603 856//2603 279//2603
f 856//2604 852//2604 279//2604
f 279//2605 852//2605 277//2605
f 852//2606 850//2606 277//2606
f 277//2607 850//2607 274//2607
f 850//2608 847//2608 274//2608
f 847//2609 845//2609 274//2609
f 274//2610 845//2610 272//2610
f 845//2611 842//2611 272//2611
f 272//2612 842//2612 269//2612
f 842//2613 840//2613 269//2613
f 269//2614 840//2614 267//2614
f 840//2615 837//2615 267//2615
f 267//2616 837//2616 264//2616
f 837//2617 835//2617 264//2617
f 264//2618 835//2618 262//2618
f 835//2619 832//2619 262//2619
f 262//2620 832//2620 259//2620
f 832//2621 827//2621 259//2621
f 259//2622 827//2622 254//2622
f 827//2623 829//2623 254//2623
f 254//2624 829//2624 255//2624
f 159//2625 734//2625 163//2625
f 162//2626 734//2626 159//2626
f 736//2627 734//2627 162//2627
f 163//2628 737//2628 164//2628
f 734//2629 737//2629 163//2629
f 164//2630 738//2630 166//2630
f 737//2631 738//2631 164//2631
f 166//2632 740//2632 167//2632
f 738//2633 740//2633 166//2633
f 167//2634 742//2634 169//2634
f 740//2635 742//2635 167//2635
f 742//2636 744//2636 169//2636
f 169//2637 744//2637 171//2637
f 171//2638 745//2638 172//2638
f 744//2639 745//2639 171//2639
f 172//2640 747//2640 174//2640
f 745//2641 747//2641 172//2641
f 174//2642 749//2642 176//2642
f 747//2643 749//2643 174//2643
f 176//2644 750//2644 177//2644
f 749//2645 750//2645 176//2645
f 177//2646 751//2646 179//2646
f 750//2647 751//2647 177//2647
f 179//2648 754//2648 181//2648
f 751//2649 754//2649 179//2649
f 181//2650 755//2650 182//2650
f 754//2651 755//2651 181//2651
f 755//2652 756//2652 182//2652
f 182//2653 756//2653 184//2653
f 756//2654 758//2654 184//2654
f 184//2655 758//2655 186//2655
f 758//2656 760//2656 186//2656
f 186//2657 760//2657 187//2657
f 760//2658 762//2658 187//2658
f 187//2659 762//2659 189//2659
f 762//2660 763//2660 189//2660
f 189//2661 763//2661 190//2661
f 763//2662 764//2662 190//2662
f 190//2663 764//2663 192//2663
f 764//2664 767//2664 192//2664
f 192//2665 767//2665 194//2665
f 767//2666 768//2666 194//2666
f 194//2667 768//2667 195//2667
f 768//2668 769//2668 195//2668
f 195//2669 769//2669 197//2669
f 769//2670 771//2670 197//2670
f 197//2671 771//2671 199//2671
f 771//2672 773//2672 199//2672
f 199//2673 773//2673 201//2673
f 773//2674 775//2674 201//2674
f 201//2675 775//2675 202//2675
f 202//2676 2145//2676 204//2676
f 204//2677 2146//2677 206//2677
f 2145//2678 2146//2678 204//2678
f 775//2679 776//2679 202//2679
f 202//2680 776//2680 2145//2680
f 2146//2681 2147//2681 206//2681
f 776//2682 2148//2682 2145//2682
f 2148//2683 778//2683 2149//2683
f 776//2684 778//2684 2148//2684
f 206//2685 2150//2685 208//2685
f 2147//2686 2150//2686 206//2686
f 778//2687 781//2687 2149//2687
f 2149//2688 781//2688 2151//2688
f 2150//2689 2152//2689 208//2689
f 208//2690 2152//2690 210//2690
f 781//2691 2153//2691 2151//2691
f 781//2692 782//2692 2153//2692
f 2152//2693 2154//2693 210//2693
f 210//2694 2154//2694 212//2694
f 782//2695 2155//2695 2153//2695
f 2154//2696 2156//2696 212//2696
f 212//2697 2156//2697 213//2697
f 782//2698 784//2698 2155//2698
f 784//2699 2157//2699 2155//2699
f 2156//2700 2158//2700 213//2700
f 213//2701 2158//2701 215//2701
f 784//2702 786//2702 2157//2702
f 786//2703 2159//2703 2157//2703
f 2158//2704 2160//2704 215//2704
f 215//2705 2160//2705 217//2705
f 786//2706 787//2706 2159//2706
f 787//2707 2161//2707 2159//2707
f 2160//2708 2162//2708 217//2708
f 217//2709 2162//2709 218//2709
f 787//2710 789//2710 2161//2710
f 789//2711 2163//2711 2161//2711
f 2162//2712 2164//2712 218//2712
f 218//2713 2164//2713 220//2713
f 789//2714 791//2714 2163//2714
f 791//2715 2165//2715 2163//2715
f 2164//2716 2166//2716 220//2716
f 220//2717 2166//2717 222//2717
f 791//2718 792//2718 2165//2718
f 792//2719 2167//2719 2165//2719
f 2166//2720 2168//2720 222//2720
f 222//2721 2168//2721 223//2721
f 792//2722 794//2722 2167//2722
f 794//2723 2169//2723 2167//2723
f 2168//2724 2170//2724 223//2724
f 223//2725 2170//2725 225//2725
f 794//2726 796//2726 2169//2726
f 796//2727 2171//2727 2169//2727
f 225//2728 2172//2728 227//2728
f 2170//2729 2172//2729 225//2729
f 796//2730 797//2730 2171//2730
f 797//2731 2173//2731 2171//2731
f 227//2732 2174//2732 228//2732
f 2172//2733 2174//2733 227//2733
f 797//2734 799//2734 2173//2734
f 799//2735 2175//2735 2173//2735
f 228//2736 2176//2736 230//2736
f 2174//2737 2176//2737 228//2737
f 799//2738 801//2738 2175//2738
f 801//2739 2177//2739 2175//2739
f 2176//2740 2178//2740 230//2740
f 230//2741 2178//2741 232//2741
f 801//2742 802//2742 2177//2742
f 802//2743 2179//2743 2177//2743
f 2178//2744 2180//2744 232//2744
f 232//2745 2180//2745 234//2745
f 802//2746 804//2746 2179//2746
f 804//2747 2181//2747 2179//2747
f 2180//2748 2182//2748 234//2748
f 234//2749 2182//2749 235//2749
f 804//2750 806//2750 2181//2750
f 806//2751 2183//2751 2181//2751
f 2182//2752 2184//2752 235//2752
f 235//2753 2184//2753 237//2753
f 806//2754 808//2754 2183//2754
f 808//2755 2185//2755 2183//2755
f 2184//2756 2186//2756 237//2756
f 237//2757 2186//2757 239//2757
f 808//2758 809//2758 2185//2758
f 809//2759 2187//2759 2185//2759
f 2186//2760 2188//2760 239//2760
f 239//2761 2188//2761 241//2761
f 809//2762 811//2762 2187//2762
f 811//2763 2189//2763 2187//2763
f 2188//2764 2190//2764 241//2764
f 241//2765 2190//2765 243//2765
f 811//2766 813//2766 2189//2766
f 813//2767 2191//2767 2189//2767
f 2190//2768 2192//2768 243//2768
f 243//2769 2192//2769 244//2769
f 813//2770 815//2770 2191//2770
f 815//2771 2193//2771 2191//2771
f 244//2772 2194//2772 246//2772
f 2192//2773 2194//2773 244//2773
f 815//2774 817//2774 2193//2774
f 817//2775 2195//2775 2193//2775
f 246//2776 2196//2776 248//2776
f 2194//2777 2196//2777 246//2777
f 817//2778 818//2778 2195//2778
f 818//2779 2197//2779 2195//2779
f 248//2780 2198//2780 250//2780
f 2196//2781 2198//2781 248//2781
f 818//2782 820//2782 2197//2782
f 820//2783 2199//2783 2197//2783
f 250//2784 2200//2784 252//2784
f 2198//2785 2200//2785 250//2785
f 820//2786 823//2786 2199//2786
f 823//2787 2201//2787 2199//2787
f 252//2788 2202//2788 486//2788
f 2200//2789 2202//2789 252//2789
f 823//2790 825//2790 2201//2790
f 825//2791 2203//2791 2201//2791
f 2202//2792 2098//2792 486//2792
f 486//2793 2098//2793 487//2793
f 825//2794 826//2794 2203//2794
f 826//2795 2204//2795 2203//2795
f 826//2796 1024//2796 2204//2796
f 1024//2797 2100//2797 2204//2797
f 1024//2798 1025//2798 2100//2798
f 735//2799 736//2799 161//2799
f 161//2800 736//2800 162//2800
f 484//2801 2205//2801 485//2801
f 2206//2802 2205//2802 484//2802
f 485//2803 2207//2803 251//2803
f 2205//2804 2207//2804 485//2804
f 2208//2805 1022//2805 2209//2805
f 251//2806 2210//2806 249//2806
f 2207//2807 2210//2807 251//2807
f 1022//2808 1023//2808 2209//2808
f 2209//2809 1023//2809 2211//2809
f 249//2810 2212//2810 247//2810
f 2210//2811 2212//2811 249//2811
f 1023//2812 824//2812 2211//2812
f 824//2813 2213//2813 2211//2813
f 247//2814 2214//2814 245//2814
f 2212//2815 2214//2815 247//2815
f 2213//2816 822//2816 2215//2816
f 824//2817 822//2817 2213//2817
f 245//2818 2216//2818 242//2818
f 2214//2819 2216//2819 245//2819
f 2215//2820 821//2820 2217//2820
f 822//2821 821//2821 2215//2821
f 242//2822 2218//2822 240//2822
f 2216//2823 2218//2823 242//2823
f 2217//2824 819//2824 2219//2824
f 821//2825 819//2825 2217//2825
f 240//2826 2220//2826 238//2826
f 2218//2827 2220//2827 240//2827
f 2219//2828 816//2828 2221//2828
f 819//2829 816//2829 2219//2829
f 238//2830 2222//2830 236//2830
f 2220//2831 2222//2831 238//2831
f 2221//2832 814//2832 2223//2832
f 816//2833 814//2833 2221//2833
f 2222//2834 2224//2834 236//2834
f 236//2835 2224//2835 233//2835
f 814//2836 812//2836 2223//2836
f 2223//2837 812//2837 2225//2837
f 2224//2838 2226//2838 233//2838
f 2226//2839 231//2839 233//2839
f 812//2840 810//2840 2225//2840
f 2225//2841 810//2841 2227//2841
f 231//2842 2228//2842 229//2842
f 2226//2843 2228//2843 231//2843
f 810//2844 807//2844 2227//2844
f 2227//2845 807//2845 2229//2845
f 229//2846 2230//2846 226//2846
f 2228//2847 2230//2847 229//2847
f 807//2848 805//2848 2229//2848
f 2229//2849 805//2849 2231//2849
f 226//2850 2232//2850 224//2850
f 2230//2851 2232//2851 226//2851
f 805//2852 803//2852 2231//2852
f 2231//2853 803//2853 2233//2853
f 224//2854 2234//2854 221//2854
f 2232//2855 2234//2855 224//2855
f 803//2856 800//2856 2233//2856
f 2233//2857 800//2857 2235//2857
f 2234//2858 2236//2858 221//2858
f 2236//2859 219//2859 221//2859
f 2235//2860 798//2860 2237//2860
f 800//2861 798//2861 2235//2861
f 2236//2862 2238//2862 219//2862
f 2238//2863 216//2863 219//2863
f 2237//2864 795//2864 2239//2864
f 798//2865 795//2865 2237//2865
f 2238//2866 2240//2866 216//2866
f 2240//2867 214//2867 216//2867
f 2239//2868 793//2868 2241//2868
f 795//2869 793//2869 2239//2869
f 2240//2870 2242//2870 214//2870
f 2242//2871 211//2871 214//2871
f 2241//2872 790//2872 2243//2872
f 793//2873 790//2873 2241//2873
f 2242//2874 2244//2874 211//2874
f 2244//2875 209//2875 211//2875
f 2243//2876 788//2876 2245//2876
f 790//2877 788//2877 2243//2877
f 2244//2878 2246//2878 209//2878
f 2246//2879 207//2879 209//2879
f 2245//2880 785//2880 2247//2880
f 788//2881 785//2881 2245//2881
f 2246//2882 2248//2882 207//2882
f 785//2883 783//2883 2247//2883
f 2247//2884 783//2884 2249//2884
f 2248//2885 205//2885 207//2885
f 783//2886 780//2886 2249//2886
f 780//2887 2250//2887 2249//2887
f 2248//2888 2251//2888 205//2888
f 2251//2889 203//2889 205//2889
f 2251//2890 2252//2890 203//2890
f 780//2891 779//2891 2250//2891
f 2250//2892 779//2892 2252//2892
f 2252//2893 777//2893 203//2893
f 779//2894 777//2894 2252//2894
f 203//2895 774//2895 200//2895
f 777//2896 774//2896 203//2896
f 200//2897 772//2897 198//2897
f 774//2898 772//2898 200//2898
f 196//2899 770//2899 193//2899
f 198//2900 770//2900 196//2900
f 772//2901 770//2901 198//2901
f 193//2902 766//2902 191//2902
f 770//2903 766//2903 193//2903
f 766//2904 765//2904 191//2904
f 191//2905 761//2905 188//2905
f 765//2906 761//2906 191//2906
f 761//2907 759//2907 188//2907
f 185//2908 759//2908 183//2908
f 188//2909 759//2909 185//2909
f 759//2910 757//2910 183//2910
f 183//2911 757//2911 180//2911
f 757//2912 753//2912 180//2912
f 180//2913 753//2913 178//2913
f 753//2914 752//2914 178//2914
f 752//2915 748//2915 178//2915
f 178//2916 748//2916 175//2916
f 748//2917 746//2917 175//2917
f 175//2918 746//2918 173//2918
f 746//2919 743//2919 173//2919
f 173//2920 743//2920 170//2920
f 743//2921 741//2921 170//2921
f 170//2922 741//2922 168//2922
f 741//2923 739//2923 168//2923
f 168//2924 739//2924 165//2924
f 739//2925 733//2925 165//2925
f 165//2926 733//2926 160//2926
f 733//2927 735//2927 160//2927
f 160//2928 735//2928 161//2928
f 65//2929 640//2929 69//2929
f 68//2930 640//2930 65//2930
f 642//2931 640//2931 68//2931
f 69//2932 643//2932 70//2932
f 640//2933 643//2933 69//2933
f 70//2934 644//2934 72//2934
f 643//2935 644//2935 70//2935
f 72//2936 646//2936 73//2936
f 644//2937 646//2937 72//2937
f 73//2938 648//2938 75//2938
f 646//2939 648//2939 73//2939
f 648//2940 650//2940 75//2940
f 75//2941 650//2941 77//2941
f 77//2942 651//2942 78//2942
f 650//2943 651//2943 77//2943
f 78//2944 653//2944 80//2944
f 651//2945 653//2945 78//2945
f 80//2946 654//2946 82//2946
f 653//2947 654//2947 80//2947
f 82//2948 656//2948 83//2948
f 654//2949 656//2949 82//2949
f 83//2950 657//2950 85//2950
f 656//2951 657//2951 83//2951
f 85//2952 659//2952 87//2952
f 657//2953 659//2953 85//2953
f 87//2954 661//2954 88//2954
f 659//2955 661//2955 87//2955
f 661//2956 663//2956 88//2956
f 88//2957 663//2957 90//2957
f 663//2958 664//2958 90//2958
f 90//2959 664//2959 92//2959
f 664//2960 666//2960 92//2960
f 92//2961 666//2961 93//2961
f 666//2962 668//2962 93//2962
f 93//2963 668//2963 95//2963
f 668//2964 669//2964 95//2964
f 95//2965 669//2965 96//2965
f 669//2966 671//2966 96//2966
f 671//2967 672//2967 96//2967
f 96//2968 672//2968 98//2968
f 672//2969 674//2969 98//2969
f 98//2970 674//2970 100//2970
f 674//2971 675//2971 100//2971
f 100//2972 675//2972 101//2972
f 675//2973 677//2973 101//2973
f 101//2974 677//2974 103//2974
f 677//2975 679//2975 103//2975
f 103//2976 679//2976 105//2976
f 679//2977 681//2977 105//2977
f 105//2978 681//2978 107//2978
f 108//2979 2253//2979 110//2979
f 110//2980 2254//2980 112//2980
f 2253//2981 2254//2981 110//2981
f 681//2982 683//2982 107//2982
f 107//2983 683//2983 108//2983
f 108//2984 683//2984 2253//2984
f 2254//2985 2255//2985 112//2985
f 683//2986 2256//2986 2253//2986
f 2256//2987 684//2987 2257//2987
f 683//2988 684//2988 2256//2988
f 112//2989 2258//2989 114//2989
f 2255//2990 2258//2990 112//2990
f 684//2991 686//2991 2257//2991
f 2257//2992 686//2992 2259//2992
f 2258//2993 2260//2993 114//2993
f 114//2994 2260//2994 116//2994
f 686//2995 2261//2995 2259//2995
f 686//2996 688//2996 2261//2996
f 2260//2997 2262//2997 116//2997
f 116//2998 2262//2998 118//2998
f 688//2999 2263//2999 2261//2999
f 2262//3000 2264//3000 118//3000
f 118//3001 2264//3001 119//3001
f 688//3002 690//3002 2263//3002
f 690//3003 2265//3003 2263//3003
f 2264//3004 2266//3004 119//3004
f 119//3005 2266//3005 121//3005
f 690//3006 692//3006 2265//3006
f 692//3007 2267//3007 2265//3007
f 2266//3008 2268//3008 121//3008
f 121//3009 2268//3009 123//3009
f 692//3010 693//3010 2267//3010
f 693//3011 2269//3011 2267//3011
f 2268//3012 2270//3012 123//3012
f 123//3013 2270//3013 124//3013
f 693//3014 695//3014 2269//3014
f 695//3015 2271//3015 2269//3015
f 2270//3016 2272//3016 124//3016
f 124//3017 2272//3017 126//3017
f 695//3018 697//3018 2271//3018
f 697//3019 2273//3019 2271//3019
f 2272//3020 2274//3020 126//3020
f 126//3021 2274//3021 128//3021
f 697//3022 699//3022 2273//3022
f 699//3023 2275//3023 2273//3023
f 2274//3024 2276//3024 128//3024
f 128//3025 2276//3025 129//3025
f 699//3026 700//3026 2275//3026
f 700//3027 2277//3027 2275//3027
f 2276//3028 2278//3028 129//3028
f 129//3029 2278//3029 131//3029
f 700//3030 702//3030 2277//3030
f 702//3031 2279//3031 2277//3031
f 131//3032 2280//3032 133//3032
f 2278//3033 2280//3033 131//3033
f 702//3034 703//3034 2279//3034
f 703//3035 2281//3035 2279//3035
f 133//3036 2282//3036 134//3036
f 2280//3037 2282//3037 133//3037
f 703//3038 705//3038 2281//3038
f 705//3039 2283//3039 2281//3039
f 134//3040 2284//3040 136//3040
f 2282//3041 2284//3041 134//3041
f 705//3042 707//3042 2283//3042
f 707//3043 2285//3043 2283//3043
f 2284//3044 2286//3044 136//3044
f 136//3045 2286//3045 138//3045
f 707//3046 708//3046 2285//3046
f 708//3047 2287//3047 2285//3047
f 2286//3048 2288//3048 138//3048
f 138//3049 2288//3049 140//3049
f 708//3050 710//3050 2287//3050
f 710//3051 2289//3051 2287//3051
f 2288//3052 2290//3052 140//3052
f 140//3053 2290//3053 141//3053
f 710//3054 712//3054 2289//3054
f 712//3055 2291//3055 2289//3055
f 2290//3056 2292//3056 141//3056
f 141//3057 2292//3057 143//3057
f 712//3058 714//3058 2291//3058
f 714//3059 2293//3059 2291//3059
f 2292//3060 2294//3060 143//3060
f 143//3061 2294//3061 145//3061
f 714//3062 715//3062 2293//3062
f 715//3063 2295//3063 2293//3063
f 2294//3064 2296//3064 145//3064
f 145//3065 2296//3065 147//3065
f 715//3066 717//3066 2295//3066
f 717//3067 2297//3067 2295//3067
f 2296//3068 2298//3068 147//3068
f 147//3069 2298//3069 149//3069
f 717//3070 719//3070 2297//3070
f 719//3071 2299//3071 2297//3071
f 2298//3072 2300//3072 149//3072
f 149//3073 2300//3073 150//3073
f 719//3074 721//3074 2299//3074
f 721//3075 2301//3075 2299//3075
f 150//3076 2302//3076 152//3076
f 2300//3077 2302//3077 150//3077
f 721//3078 723//3078 2301//3078
f 723//3079 2303//3079 2301//3079
f 152//3080 2304//3080 154//3080
f 2302//3081 2304//3081 152//3081
f 723//3082 724//3082 2303//3082
f 724//3083 2305//3083 2303//3083
f 154//3084 2306//3084 156//3084
f 2304//3085 2306//3085 154//3085
f 724//3086 726//3086 2305//3086
f 726//3087 2307//3087 2305//3087
f 156//3088 2308//3088 158//3088
f 2306//3089 2308//3089 156//3089
f 726//3090 728//3090 2307//3090
f 728//3091 2309//3091 2307//3091
f 158//3092 2310//3092 483//3092
f 2308//3093 2310//3093 158//3093
f 728//3094 730//3094 2309//3094
f 730//3095 2311//3095 2309//3095
f 2310//3096 2206//3096 483//3096
f 483//3097 2206//3097 484//3097
f 730//3098 732//3098 2311//3098
f 732//3099 2312//3099 2311//3099
f 732//3100 1021//3100 2312//3100
f 1021//3101 2208//3101 2312//3101
f 1021//3102 1022//3102 2208//3102
f 67//3103 641//3103 68//3103
f 641//3104 642//3104 68//3104
f 477//3105 2313//3105 482//3105
f 2314//3106 2313//3106 477//3106
f 482//3107 2315//3107 157//3107
f 2313//3108 2315//3108 482//3108
f 2316//3109 1015//3109 2317//3109
f 157//3110 2318//3110 155//3110
f 2315//3111 2318//3111 157//3111
f 1015//3112 1020//3112 2317//3112
f 2317//3113 1020//3113 2319//3113
f 155//3114 2320//3114 153//3114
f 2318//3115 2320//3115 155//3115
f 1020//3116 731//3116 2319//3116
f 731//3117 2321//3117 2319//3117
f 153//3118 2322//3118 151//3118
f 2320//3119 2322//3119 153//3119
f 2321//3120 729//3120 2323//3120
f 731//3121 729//3121 2321//3121
f 151//3122 2324//3122 148//3122
f 2322//3123 2324//3123 151//3123
f 2323//3124 727//3124 2325//3124
f 729//3125 727//3125 2323//3125
f 148//3126 2326//3126 146//3126
f 2324//3127 2326//3127 148//3127
f 2325//3128 725//3128 2327//3128
f 727//3129 725//3129 2325//3129
f 146//3130 2328//3130 144//3130
f 2326//3131 2328//3131 146//3131
f 2327//3132 722//3132 2329//3132
f 725//3133 722//3133 2327//3133
f 144//3134 2330//3134 142//3134
f 2328//3135 2330//3135 144//3135
f 2329//3136 720//3136 2331//3136
f 722//3137 720//3137 2329//3137
f 2330//3138 2332//3138 142//3138
f 142//3139 2332//3139 139//3139
f 720//3140 718//3140 2331//3140
f 2331//3141 718//3141 2333//3141
f 2332//3142 2334//3142 139//3142
f 2334//3143 137//3143 139//3143
f 718//3144 716//3144 2333//3144
f 2333//3145 716//3145 2335//3145
f 137//3146 2336//3146 135//3146
f 2334//3147 2336//3147 137//3147
f 716//3148 713//3148 2335//3148
f 2335//3149 713//3149 2337//3149
f 135//3150 2338//3150 132//3150
f 2336//3151 2338//3151 135//3151
f 713//3152 711//3152 2337//3152
f 2337//3153 711//3153 2339//3153
f 132//3154 2340//3154 130//3154
f 2338//3155 2340//3155 132//3155
f 711//3156 709//3156 2339//3156
f 2339//3157 709//3157 2341//3157
f 130//3158 2342//3158 127//3158
f 2340//3159 2342//3159 130//3159
f 709//3160 706//3160 2341//3160
f 2341//3161 706//3161 2343//3161
f 2342//3162 2344//3162 127//3162
f 2344//3163 125//3163 127//3163
f 2343//3164 704//3164 2345//3164
f 706//3165 704//3165 2343//3165
f 2344//3166 2346//3166 125//3166
f 2346//3167 122//3167 125//3167
f 2345//3168 701//3168 2347//3168
f 704//3169 701//3169 2345//3169
f 2346//3170 2348//3170 122//3170
f 2348//3171 120//3171 122//3171
f 2347//3172 698//3172 2349//3172
f 701//3173 698//3173 2347//3173
f 2348//3174 2350//3174 120//3174
f 2350//3175 117//3175 120//3175
f 2349//3176 696//3176 2351//3176
f 698//3177 696//3177 2349//3177
f 2350//3178 2352//3178 117//3178
f 2352//3179 115//3179 117//3179
f 2351//3180 694//3180 2353//3180
f 696//3181 694//3181 2351//3181
f 2352//3182 2354//3182 115//3182
f 2354//3183 113//3183 115//3183
f 2353//3184 691//3184 2355//3184
f 694//3185 691//3185 2353//3185
f 2354//3186 2356//3186 113//3186
f 691//3187 689//3187 2355//3187
f 2355//3188 689//3188 2357//3188
f 2356//3189 111//3189 113//3189
f 689//3190 687//3190 2357//3190
f 687//3191 2358//3191 2357//3191
f 2356//3192 2359//3192 111//3192
f 2359//3193 109//3193 111//3193
f 2359//3194 2360//3194 109//3194
f 687//3195 685//3195 2358//3195
f 2358//3196 685//3196 2360//3196
f 2360//3197 682//3197 109//3197
f 685//3198 682//3198 2360//3198
f 109//3199 680//3199 106//3199
f 682//3200 680//3200 109//3200
f 106//3201 678//3201 104//3201
f 680//3202 678//3202 106//3202
f 102//3203 676//3203 99//3203
f 104//3204 676//3204 102//3204
f 678//3205 676//3205 104//3205
f 99//3206 673//3206 97//3206
f 676//3207 673//3207 99//3207
f 97//3208 670//3208 94//3208
f 673//3209 670//3209 97//3209
f 670//3210 667//3210 94//3210
f 94//3211 667//3211 91//3211
f 667//3212 665//3212 91//3212
f 91//3213 665//3213 89//3213
f 665//3214 662//3214 89//3214
f 89//3215 662//3215 86//3215
f 662//3216 660//3216 86//3216
f 86//3217 660//3217 84//3217
f 660//3218 658//3218 84//3218
f 84//3219 658//3219 81//3219
f 658//3220 655//3220 81//3220
f 81//3221 655//3221 79//3221
f 655//3222 652//3222 79//3222
f 79//3223 652//3223 76//3223
f 652//3224 649//3224 76//3224
f 76//3225 649//3225 74//3225
f 649//3226 647//3226 74//3226
f 74//3227 647//3227 71//3227
f 647//3228 645//3228 71//3228
f 71//3229 645//3229 66//3229
f 645//3230 639//3230 66//3230
f 66//3231 639//3231 67//3231
f 639//3232 641//3232 67//3232
f 11//3233 586//3233 14//3233
f 13//3234 586//3234 11//3234
f 587//3235 586//3235 13//3235
f 14//3236 588//3236 15//3236
f 586//3237 588//3237 14//3237
f 15//3238 589//3238 16//3238
f 588//3239 589//3239 15//3239
f 16//3240 590//3240 17//3240
f 589//3241 590//3241 16//3241
f 17//3242 591//3242 18//3242
f 590//3243 591//3243 17//3243
f 591//3244 592//3244 18//3244
f 18//3245 592//3245 19//3245
f 19//3246 593//3246 20//3246
f 592//3247 593//3247 19//3247
f 20//3248 594//3248 21//3248
f 593//3249 594//3249 20//3249
f 21//3250 595//3250 22//3250
f 594//3251 595//3251 21//3251
f 22//3252 596//3252 23//3252
f 595//3253 596//3253 22//3253
f 23//3254 597//3254 24//3254
f 596//3255 597//3255 23//3255
f 24//3256 598//3256 25//3256
f 597//3257 598//3257 24//3257
f 25//3258 599//3258 26//3258
f 598//3259 599//3259 25//3259
f 599//3260 601//3260 26//3260
f 26//3261 601//3261 28//3261
f 601//3262 602//3262 28//3262
f 28//3263 602//3263 29//3263
f 602//3264 603//3264 29//3264
f 29//3265 603//3265 30//3265
f 603//3266 604//3266 30//3266
f 30//3267 604//3267 31//3267
f 604//3268 605//3268 31//3268
f 31//3269 605//3269 32//3269
f 605//3270 606//3270 32//3270
f 32//3271 606//3271 33//3271
f 606//3272 607//3272 33//3272
f 33//3273 607//3273 34//3273
f 607//3274 608//3274 34//3274
f 608//3275 609//3275 34//3275
f 34//3276 609//3276 35//3276
f 609//3277 610//3277 35//3277
f 35//3278 610//3278 36//3278
f 610//3279 611//3279 36//3279
f 36//3280 611//3280 37//3280
f 611//3281 612//3281 37//3281
f 38//3282 612//3282 39//3282
f 37//3283 612//3283 38//3283
f 39//3284 2361//3284 40//3284
f 40//3285 2362//3285 41//3285
f 2361//3286 2362//3286 40//3286
f 612//3287 613//3287 39//3287
f 39//3288 613//3288 2361//3288
f 2362//3289 2363//3289 41//3289
f 613//3290 2364//3290 2361//3290
f 2364//3291 614//3291 2365//3291
f 613//3292 614//3292 2364//3292
f 41//3293 2366//3293 42//3293
f 2363//3294 2366//3294 41//3294
f 614//3295 615//3295 2365//3295
f 2365//3296 615//3296 2367//3296
f 2366//3297 2368//3297 42//3297
f 42//3298 2368//3298 43//3298
f 615//3299 2369//3299 2367//3299
f 615//3300 616//3300 2369//3300
f 2368//3301 2370//3301 43//3301
f 43//3302 2370//3302 44//3302
f 616//3303 2371//3303 2369//3303
f 2370//3304 2372//3304 44//3304
f 44//3305 2372//3305 45//3305
f 616//3306 617//3306 2371//3306
f 617//3307 2373//3307 2371//3307
f 2372//3308 2374//3308 45//3308
f 45//3309 2374//3309 46//3309
f 617//3310 618//3310 2373//3310
f 618//3311 2375//3311 2373//3311
f 2374//3312 2376//3312 46//3312
f 46//3313 2376//3313 47//3313
f 618//3314 619//3314 2375//3314
f 619//3315 2377//3315 2375//3315
f 2376//3316 2378//3316 47//3316
f 47//3317 2378//3317 48//3317
f 619//3318 620//3318 2377//3318
f 620//3319 2379//3319 2377//3319
f 2378//3320 2380//3320 48//3320
f 48//3321 2380//3321 49//3321
f 620//3322 621//3322 2379//3322
f 621//3323 2381//3323 2379//3323
f 2380//3324 2382//3324 49//3324
f 49//3325 2382//3325 50//3325
f 621//3326 622//3326 2381//3326
f 622//3327 2383//3327 2381//3327
f 2382//3328 2384//3328 50//3328
f 50//3329 2384//3329 51//3329
f 622//3330 623//3330 2383//3330
f 623//3331 2385//3331 2383//3331
f 2384//3332 2386//3332 51//3332
f 51//3333 2386//3333 52//3333
f 623//3334 624//3334 2385//3334
f 624//3335 2387//3335 2385//3335
f 52//3336 2388//3336 53//3336
f 2386//3337 2388//3337 52//3337
f 624//3338 625//3338 2387//3338
f 625//3339 2389//3339 2387//3339
f 53//3340 2390//3340 54//3340
f 2388//3341 2390//3341 53//3341
f 625//3342 626//3342 2389//3342
f 626//3343 2391//3343 2389//3343
f 54//3344 2392//3344 55//3344
f 2390//3345 2392//3345 54//3345
f 626//3346 627//3346 2391//3346
f 627//3347 2393//3347 2391//3347
f 2392//3348 2394//3348 55//3348
f 55//3349 2394//3349 56//3349
f 627//3350 628//3350 2393//3350
f 628//3351 2395//3351 2393//3351
f 2394//3352 2396//3352 56//3352
f 56//3353 2396//3353 57//3353
f 628//3354 629//3354 2395//3354
f 629//3355 2397//3355 2395//3355
f 2396//3356 2398//3356 57//3356
f 57//3357 2398//3357 58//3357
f 629//3358 630//3358 2397//3358
f 630//3359 2399//3359 2397//3359
f 2398//3360 2400//3360 58//3360
f 58//3361 2400//3361 59//3361
f 630//3362 631//3362 2399//3362
f 631//3363 2401//3363 2399//3363
f 2400//3364 2402//3364 59//3364
f 59//3365 2402//3365 60//3365
f 631//3366 632//3366 2401//3366
f 632//3367 2403//3367 2401//3367
f 2402//3368 2404//3368 60//3368
f 60//3369 2404//3369 61//3369
f 632//3370 633//3370 2403//3370
f 633//3371 2405//3371 2403//3371
f 2404//3372 2406//3372 61//3372
f 61//3373 2406//3373 62//3373
f 633//3374 634//3374 2405//3374
f 634//3375 2407//3375 2405//3375
f 2406//3376 2408//3376 62//3376
f 62//3377 2408//3377 63//3377
f 634//3378 635//3378 2407//3378
f 635//3379 2409//3379 2407//3379
f 63//3380 2410//3380 64//3380
f 2408//3381 2410//3381 63//3381
f 635//3382 636//3382 2409//3382
f 636//3383 2411//3383 2409//3383
f 64//3384 2412//3384 481//3384
f 2410//3385 2412//3385 64//3385
f 636//3386 637//3386 2411//3386
f 637//3387 2413//3387 2411//3387
f 481//3388 2414//3388 480//3388
f 2412//3389 2414//3389 481//3389
f 637//3390 638//3390 2413//3390
f 638//3391 2415//3391 2413//3391
f 480//3392 2416//3392 479//3392
f 2414//3393 2416//3393 480//3393
f 638//3394 1019//3394 2415//3394
f 1019//3395 2417//3395 2415//3395
f 479//3396 2418//3396 478//3396
f 2416//3397 2418//3397 479//3397
f 1019//3398 1018//3398 2417//3398
f 1018//3399 2419//3399 2417//3399
f 2418//3400 2314//3400 478//3400
f 478//3401 2314//3401 477//3401
f 1018//3402 1017//3402 2419//3402
f 1017//3403 2420//3403 2419//3403
f 1017//3404 1016//3404 2420//3404
f 1016//3405 2316//3405 2420//3405
f 1016//3406 1015//3406 2316//3406
f 585//3407 587//3407 12//3407
f 12//3408 587//3408 13//3408
f 585//3409 12//3409 600//3409
f 12//3410 27//3410 600//3410
f 600//3411 1032//3411 1483//3411
f 27//3412 1032//3412 600//3412
f 1483//3413 1069//3413 1516//3413
f 1032//3414 1069//3414 1483//3414
f 2421//3415 2361//3415 2422//3415
f 2421//3416 2362//3416 2361//3416
f 2421//3417 2363//3417 2362//3417
f 2421//3418 2366//3418 2363//3418
f 2421//3419 2368//3419 2366//3419
f 2421//3420 2370//3420 2368//3420
f 2421//3421 2372//3421 2370//3421
f 2421//3422 2374//3422 2372//3422
f 2421//3423 2376//3423 2374//3423
f 2421//3424 2378//3424 2376//3424
f 2421//3425 2380//3425 2378//3425
f 2421//3426 2382//3426 2380//3426
f 2421//3427 2384//3427 2382//3427
f 2421//3428 2386//3428 2384//3428
f 2421//3429 2388//3429 2386//3429
f 2421//3430 2390//3430 2388//3430
f 2421//3431 2392//3431 2390//3431
f 2421//3432 2394//3432 2392//3432
f 2421//3433 2396//3433 2394//3433
f 2421//3434 2398//3434 2396//3434
f 2421//3435 2400//3435 2398//3435
f 2421//3436 2402//3436 2400//3436
f 2421//3437 2404//3437 2402//3437
f 2421//3438 2406//3438 2404//3438
f 2421//3439 2408//3439 2406//3439
f 2421//3440 2410//3440 2408//3440
f 2421//3441 2412//3441 2410//3441
f 2421//3442 2414//3442 2412//3442
f 2356//3443 2254//3443 2359//3443
f 2359//3444 2254//3444 2253//3444
f 2356//3445 2255//3445 2254//3445
f 2354//3446 2258//3446 2356//3446
f 2356//3447 2258//3447 2255//3447
f 2352//3448 2260//3448 2354//3448
f 2354//3449 2260//3449 2258//3449
f 2350//3450 2262//3450 2352//3450
f 2352//3451 2262//3451 2260//3451
f 2350//3452 2264//3452 2262//3452
f 2348//3453 2266//3453 2350//3453
f 2350//3454 2266//3454 2264//3454
f 2346//3455 2268//3455 2348//3455
f 2348//3456 2268//3456 2266//3456
f 2346//3457 2270//3457 2268//3457
f 2346//3458 2272//3458 2270//3458
f 2344//3459 2272//3459 2346//3459
f 2344//3460 2274//3460 2272//3460
f 2342//3461 2274//3461 2344//3461
f 2342//3462 2276//3462 2274//3462
f 2340//3463 2278//3463 2342//3463
f 2342//3464 2278//3464 2276//3464
f 2338//3465 2280//3465 2340//3465
f 2340//3466 2280//3466 2278//3466
f 2338//3467 2282//3467 2280//3467
f 2338//3468 2284//3468 2282//3468
f 2336//3469 2284//3469 2338//3469
f 2336//3470 2286//3470 2284//3470
f 2334//3471 2286//3471 2336//3471
f 2334//3472 2288//3472 2286//3472
f 2332//3473 2288//3473 2334//3473
f 2332//3474 2290//3474 2288//3474
f 2330//3475 2290//3475 2332//3475
f 2330//3476 2292//3476 2290//3476
f 2330//3477 2294//3477 2292//3477
f 2328//3478 2294//3478 2330//3478
f 2328//3479 2296//3479 2294//3479
f 2326//3480 2296//3480 2328//3480
f 2326//3481 2298//3481 2296//3481
f 2324//3482 2298//3482 2326//3482
f 2324//3483 2300//3483 2298//3483
f 2322//3484 2300//3484 2324//3484
f 2322//3485 2302//3485 2300//3485
f 2320//3486 2302//3486 2322//3486
f 2320//3487 2304//3487 2302//3487
f 2320//3488 2306//3488 2304//3488
f 2318//3489 2306//3489 2320//3489
f 2315//3490 2308//3490 2318//3490
f 2318//3491 2308//3491 2306//3491
f 2251//3492 2146//3492 2145//3492
f 2248//3493 2146//3493 2251//3493
f 2248//3494 2147//3494 2146//3494
f 2246//3495 2150//3495 2248//3495
f 2248//3496 2150//3496 2147//3496
f 2244//3497 2152//3497 2246//3497
f 2246//3498 2152//3498 2150//3498
f 2244//3499 2154//3499 2152//3499
f 2242//3500 2154//3500 2244//3500
f 2242//3501 2156//3501 2154//3501
f 2242//3502 2158//3502 2156//3502
f 2240//3503 2158//3503 2242//3503
f 2240//3504 2160//3504 2158//3504
f 2238//3505 2160//3505 2240//3505
f 2238//3506 2162//3506 2160//3506
f 2238//3507 2164//3507 2162//3507
f 2236//3508 2164//3508 2238//3508
f 2236//3509 2166//3509 2164//3509
f 2234//3510 2166//3510 2236//3510
f 2234//3511 2168//3511 2166//3511
f 2234//3512 2170//3512 2168//3512
f 2232//3513 2170//3513 2234//3513
f 2232//3514 2172//3514 2170//3514
f 2230//3515 2172//3515 2232//3515
f 2230//3516 2174//3516 2172//3516
f 2230//3517 2176//3517 2174//3517
f 2228//3518 2176//3518 2230//3518
f 2228//3519 2178//3519 2176//3519
f 2226//3520 2178//3520 2228//3520
f 2226//3521 2180//3521 2178//3521
f 2224//3522 2180//3522 2226//3522
f 2222//3523 2182//3523 2224//3523
f 2224//3524 2182//3524 2180//3524
f 2222//3525 2184//3525 2182//3525
f 2220//3526 2186//3526 2222//3526
f 2222//3527 2186//3527 2184//3527
f 2218//3528 2188//3528 2220//3528
f 2220//3529 2188//3529 2186//3529
f 2216//3530 2190//3530 2218//3530
f 2218//3531 2190//3531 2188//3531
f 2214//3532 2192//3532 2216//3532
f 2216//3533 2192//3533 2190//3533
f 2212//3534 2194//3534 2214//3534
f 2214//3535 2194//3535 2192//3535
f 2212//3536 2196//3536 2194//3536
f 2210//3537 2198//3537 2212//3537
f 2212//3538 2198//3538 2196//3538
f 2207//3539 2200//3539 2210//3539
f 2210//3540 2200//3540 2198//3540
f 2140//3541 2038//3541 2143//3541
f 2143//3542 2038//3542 2037//3542
f 2140//3543 2039//3543 2038//3543
f 2138//3544 2042//3544 2140//3544
f 2140//3545 2042//3545 2039//3545
f 2138//3546 2044//3546 2042//3546
f 2136//3547 2044//3547 2138//3547
f 2134//3548 2046//3548 2136//3548
f 2136//3549 2046//3549 2044//3549
f 2134//3550 2048//3550 2046//3550
f 2134//3551 2050//3551 2048//3551
f 2132//3552 2050//3552 2134//3552
f 2130//3553 2052//3553 2132//3553
f 2132//3554 2052//3554 2050//3554
f 2130//3555 2054//3555 2052//3555
f 2130//3556 2056//3556 2054//3556
f 2128//3557 2056//3557 2130//3557
f 2126//3558 2058//3558 2128//3558
f 2128//3559 2058//3559 2056//3559
f 2126//3560 2060//3560 2058//3560
f 2126//3561 2062//3561 2060//3561
f 2124//3562 2062//3562 2126//3562
f 2122//3563 2064//3563 2124//3563
f 2124//3564 2064//3564 2062//3564
f 2122//3565 2066//3565 2064//3565
f 2122//3566 2068//3566 2066//3566
f 2120//3567 2068//3567 2122//3567
f 2118//3568 2070//3568 2120//3568
f 2120//3569 2070//3569 2068//3569
f 2118//3570 2072//3570 2070//3570
f 2116//3571 2072//3571 2118//3571
f 2116//3572 2074//3572 2072//3572
f 2114//3573 2074//3573 2116//3573
f 2114//3574 2076//3574 2074//3574
f 2112//3575 2078//3575 2114//3575
f 2114//3576 2078//3576 2076//3576
f 2112//3577 2080//3577 2078//3577
f 2110//3578 2080//3578 2112//3578
f 2110//3579 2082//3579 2080//3579
f 2108//3580 2082//3580 2110//3580
f 2106//3581 2084//3581 2108//3581
f 2108//3582 2084//3582 2082//3582
f 2106//3583 2086//3583 2084//3583
f 2104//3584 2086//3584 2106//3584
f 2104//3585 2088//3585 2086//3585
f 2104//3586 2090//3586 2088//3586
f 2102//3587 2090//3587 2104//3587
f 2102//3588 2092//3588 2090//3588
f 2099//3589 2092//3589 2102//3589
f 2035//3590 1930//3590 1929//3590
f 2032//3591 1930//3591 2035//3591
f 2032//3592 1931//3592 1930//3592
f 2032//3593 1934//3593 1931//3593
f 2030//3594 1934//3594 2032//3594
f 2030//3595 1936//3595 1934//3595
f 2028//3596 1936//3596 2030//3596
f 2028//3597 1938//3597 1936//3597
f 2026//3598 1938//3598 2028//3598
f 2026//3599 1940//3599 1938//3599
f 2026//3600 1942//3600 1940//3600
f 2024//3601 1942//3601 2026//3601
f 2024//3602 1944//3602 1942//3602
f 2022//3603 1944//3603 2024//3603
f 2022//3604 1946//3604 1944//3604
f 2020//3605 1948//3605 2022//3605
f 2022//3606 1948//3606 1946//3606
f 2018//3607 1950//3607 2020//3607
f 2020//3608 1950//3608 1948//3608
f 2018//3609 1952//3609 1950//3609
f 2016//3610 1954//3610 2018//3610
f 2018//3611 1954//3611 1952//3611
f 2014//3612 1956//3612 2016//3612
f 2016//3613 1956//3613 1954//3613
f 2014//3614 1958//3614 1956//3614
f 2012//3615 1960//3615 2014//3615
f 2014//3616 1960//3616 1958//3616
f 2010//3617 1962//3617 2012//3617
f 2012//3618 1962//3618 1960//3618
f 2008//3619 1964//3619 2010//3619
f 2010//3620 1964//3620 1962//3620
f 2006//3621 1966//3621 2008//3621
f 2008//3622 1966//3622 1964//3622
f 2006//3623 1968//3623 1966//3623
f 2004//3624 1970//3624 2006//3624
f 2006//3625 1970//3625 1968//3625
f 2002//3626 1972//3626 2004//3626
f 2004//3627 1972//3627 1970//3627
f 2000//3628 1974//3628 2002//3628
f 2002//3629 1974//3629 1972//3629
f 1998//3630 1976//3630 2000//3630
f 2000//3631 1976//3631 1974//3631
f 1996//3632 1978//3632 1998//3632
f 1998//3633 1978//3633 1976//3633
f 1996//3634 1980//3634 1978//3634
f 1994//3635 1982//3635 1996//3635
f 1996//3636 1982//3636 1980//3636
f 1991//3637 1984//3637 1994//3637
f 1994//3638 1984//3638 1982//3638
f 560//3639 2423//3639 565//3639
f 557//3640 2423//3640 560//3640
f 554//3641 2423//3641 557//3641
f 551//3642 2423//3642 554//3642
f 548//3643 2423//3643 551//3643
f 545//3644 2423//3644 548//3644
f 542//3645 2423//3645 545//3645
f 539//3646 2423//3646 542//3646
f 536//3647 2423//3647 539//3647
f 533//3648 2423//3648 536//3648
f 530//3649 2423//3649 533//3649
f 527//3650 2423//3650 530//3650
f 524//3651 2423//3651 527//3651
f 521//3652 2423//3652 524//3652
f 518//3653 2423//3653 521//3653
f 515//3654 2423//3654 518//3654
f 512//3655 2423//3655 515//3655
f 509//3656 2423//3656 512//3656
f 506//3657 2423//3657 509//3657
f 503//3658 2423//3658 506//3658
f 565//3659 2423//3659 2424//3659
f 2421//3660 2423//3660 2314//3660
f 2421//3661 2314//3661 2418//3661
f 2421//3662 2418//3662 2416//3662
f 2421//3663 2416//3663 2414//3663
f 2314//3664 2423//3664 2313//3664
f 2313//3665 2423//3665 2315//3665
f 2315//3666 2423//3666 2308//3666
f 2308//3667 2423//3667 2310//3667
f 2310//3668 2423//3668 2206//3668
f 2206//3669 2423//3669 2205//3669
f 2205//3670 2423//3670 2207//3670
f 2207//3671 2423//3671 2200//3671
f 2200//3672 2423//3672 2202//3672
f 2202//3673 2423//3673 2098//3673
f 2098//3674 2423//3674 2097//3674
f 2097//3675 2423//3675 2099//3675
f 2099//3676 2423//3676 2092//3676
f 2092//3677 2423//3677 2094//3677
f 2094//3678 2423//3678 1990//3678
f 1990//3679 2423//3679 1989//3679
f 1989//3680 2423//3680 1991//3680
f 1991//3681 2423//3681 1984//3681
f 1984//3682 2423//3682 1986//3682
f 1986//3683 2423//3683 498//3683
f 498//3684 2423//3684 497//3684
f 497//3685 2423//3685 499//3685
f 499//3686 2423//3686 503//3686
f 2425//3687 566//3687 565//3687
f 2425//3688 565//3688 2424//3688
f 2364//3689 2426//3689 2427//3689
f 2365//3690 2426//3690 2364//3690
f 2367//3691 2426//3691 2365//3691
f 2369//3692 2426//3692 2367//3692
f 2371//3693 2426//3693 2369//3693
f 2373//3694 2426//3694 2371//3694
f 2375//3695 2426//3695 2373//3695
f 2377//3696 2426//3696 2375//3696
f 2379//3697 2426//3697 2377//3697
f 2381//3698 2426//3698 2379//3698
f 2383//3699 2426//3699 2381//3699
f 2385//3700 2426//3700 2383//3700
f 2387//3701 2426//3701 2385//3701
f 2389//3702 2426//3702 2387//3702
f 2391//3703 2426//3703 2389//3703
f 2393//3704 2426//3704 2391//3704
f 2395//3705 2426//3705 2393//3705
f 2397//3706 2426//3706 2395//3706
f 2399//3707 2426//3707 2397//3707
f 2401//3708 2426//3708 2399//3708
f 2403//3709 2426//3709 2401//3709
f 2405//3710 2426//3710 2403//3710
f 2407//3711 2426//3711 2405//3711
f 2409//3712 2426//3712 2407//3712
f 2411//3713 2426//3713 2409//3713
f 2413//3714 2426//3714 2411//3714
f 2415//3715 2426//3715 2413//3715
f 2417//3716 2426//3716 2415//3716
f 2257//3717 2358//3717 2360//3717
f 2257//3718 2360//3718 2256//3718
f 2259//3719 2358//3719 2257//3719
f 2261//3720 2357//3720 2358//3720
f 2261//3721 2358//3721 2259//3721
f 2263//3722 2355//3722 2357//3722
f 2263//3723 2357//3723 2261//3723
f 2265//3724 2353//3724 2355//3724
f 2265//3725 2355//3725 2263//3725
f 2267//3726 2353//3726 2265//3726
f 2269//3727 2351//3727 2353//3727
f 2269//3728 2353//3728 2267//3728
f 2271//3729 2349//3729 2351//3729
f 2271//3730 2351//3730 2269//3730
f 2273//3731 2349//3731 2271//3731
f 2275//3732 2349//3732 2273//3732
f 2275//3733 2347//3733 2349//3733
f 2277//3734 2347//3734 2275//3734
f 2277//3735 2345//3735 2347//3735
f 2279//3736 2345//3736 2277//3736
f 2281//3737 2343//3737 2345//3737
f 2281//3738 2345//3738 2279//3738
f 2283//3739 2341//3739 2343//3739
f 2283//3740 2343//3740 2281//3740
f 2285//3741 2341//3741 2283//3741
f 2287//3742 2341//3742 2285//3742
f 2287//3743 2339//3743 2341//3743
f 2289//3744 2339//3744 2287//3744
f 2289//3745 2337//3745 2339//3745
f 2291//3746 2337//3746 2289//3746
f 2291//3747 2335//3747 2337//3747
f 2293//3748 2335//3748 2291//3748
f 2293//3749 2333//3749 2335//3749
f 2295//3750 2333//3750 2293//3750
f 2297//3751 2333//3751 2295//3751
f 2297//3752 2331//3752 2333//3752
f 2299//3753 2331//3753 2297//3753
f 2299//3754 2329//3754 2331//3754
f 2301//3755 2329//3755 2299//3755
f 2301//3756 2327//3756 2329//3756
f 2303//3757 2327//3757 2301//3757
f 2303//3758 2325//3758 2327//3758
f 2305//3759 2325//3759 2303//3759
f 2305//3760 2323//3760 2325//3760
f 2307//3761 2323//3761 2305//3761
f 2309//3762 2323//3762 2307//3762
f 2309//3763 2321//3763 2323//3763
f 2311//3764 2319//3764 2321//3764
f 2311//3765 2321//3765 2309//3765
f 2149//3766 2252//3766 2148//3766
f 2149//3767 2250//3767 2252//3767
f 2151//3768 2250//3768 2149//3768
f 2153//3769 2249//3769 2250//3769
f 2153//3770 2250//3770 2151//3770
f 2155//3771 2247//3771 2249//3771
f 2155//3772 2249//3772 2153//3772
f 2157//3773 2247//3773 2155//3773
f 2157//3774 2245//3774 2247//3774
f 2159//3775 2245//3775 2157//3775
f 2161//3776 2245//3776 2159//3776
f 2161//3777 2243//3777 2245//3777
f 2163//3778 2243//3778 2161//3778
f 2163//3779 2241//3779 2243//3779
f 2165//3780 2241//3780 2163//3780
f 2167//3781 2241//3781 2165//3781
f 2167//3782 2239//3782 2241//3782
f 2169//3783 2239//3783 2167//3783
f 2169//3784 2237//3784 2239//3784
f 2171//3785 2237//3785 2169//3785
f 2173//3786 2237//3786 2171//3786
f 2173//3787 2235//3787 2237//3787
f 2175//3788 2235//3788 2173//3788
f 2175//3789 2233//3789 2235//3789
f 2177//3790 2233//3790 2175//3790
f 2179//3791 2233//3791 2177//3791
f 2179//3792 2231//3792 2233//3792
f 2181//3793 2231//3793 2179//3793
f 2181//3794 2229//3794 2231//3794
f 2183//3795 2229//3795 2181//3795
f 2183//3796 2227//3796 2229//3796
f 2185//3797 2225//3797 2227//3797
f 2185//3798 2227//3798 2183//3798
f 2187//3799 2225//3799 2185//3799
f 2189//3800 2223//3800 2225//3800
f 2189//3801 2225//3801 2187//3801
f 2191//3802 2221//3802 2223//3802
f 2191//3803 2223//3803 2189//3803
f 2193//3804 2219//3804 2221//3804
f 2193//3805 2221//3805 2191//3805
f 2195//3806 2217//3806 2219//3806
f 2195//3807 2219//3807 2193//3807
f 2197//3808 2215//3808 2217//3808
f 2197//3809 2217//3809 2195//3809
f 2199//3810 2215//3810 2197//3810
f 2201//3811 2213//3811 2215//3811
f 2201//3812 2215//3812 2199//3812
f 2203//3813 2211//3813 2213//3813
f 2203//3814 2213//3814 2201//3814
f 2041//3815 2142//3815 2144//3815
f 2041//3816 2144//3816 2040//3816
f 2043//3817 2142//3817 2041//3817
f 2045//3818 2141//3818 2142//3818
f 2045//3819 2142//3819 2043//3819
f 2047//3820 2141//3820 2045//3820
f 2047//3821 2139//3821 2141//3821
f 2049//3822 2137//3822 2139//3822
f 2049//3823 2139//3823 2047//3823
f 2051//3824 2137//3824 2049//3824
f 2053//3825 2137//3825 2051//3825
f 2053//3826 2135//3826 2137//3826
f 2055//3827 2133//3827 2135//3827
f 2055//3828 2135//3828 2053//3828
f 2057//3829 2133//3829 2055//3829
f 2059//3830 2133//3830 2057//3830
f 2059//3831 2131//3831 2133//3831
f 2061//3832 2129//3832 2131//3832
f 2061//3833 2131//3833 2059//3833
f 2063//3834 2129//3834 2061//3834
f 2065//3835 2129//3835 2063//3835
f 2065//3836 2127//3836 2129//3836
f 2067//3837 2125//3837 2127//3837
f 2067//3838 2127//3838 2065//3838
f 2069//3839 2125//3839 2067//3839
f 2071//3840 2125//3840 2069//3840
f 2071//3841 2123//3841 2125//3841
f 2073//3842 2121//3842 2123//3842
f 2073//3843 2123//3843 2071//3843
f 2075//3844 2121//3844 2073//3844
f 2075//3845 2119//3845 2121//3845
f 2077//3846 2119//3846 2075//3846
f 2077//3847 2117//3847 2119//3847
f 2079//3848 2117//3848 2077//3848
f 2081//3849 2115//3849 2117//3849
f 2081//3850 2117//3850 2079//3850
f 2083//3851 2115//3851 2081//3851
f 2083//3852 2113//3852 2115//3852
f 2085//3853 2113//3853 2083//3853
f 2085//3854 2111//3854 2113//3854
f 2087//3855 2109//3855 2111//3855
f 2087//3856 2111//3856 2085//3856
f 2089//3857 2109//3857 2087//3857
f 2089//3858 2107//3858 2109//3858
f 2091//3859 2107//3859 2089//3859
f 2093//3860 2107//3860 2091//3860
f 2093//3861 2105//3861 2107//3861
f 2095//3862 2105//3862 2093//3862
f 2095//3863 2103//3863 2105//3863
f 1933//3864 2036//3864 1932//3864
f 1933//3865 2034//3865 2036//3865
f 1935//3866 2034//3866 1933//3866
f 1937//3867 2034//3867 1935//3867
f 1937//3868 2033//3868 2034//3868
f 1939//3869 2033//3869 1937//3869
f 1939//3870 2031//3870 2033//3870
f 1941//3871 2031//3871 1939//3871
f 1941//3872 2029//3872 2031//3872
f 1943//3873 2029//3873 1941//3873
f 1945//3874 2029//3874 1943//3874
f 1945//3875 2027//3875 2029//3875
f 1947//3876 2027//3876 1945//3876
f 1947//3877 2025//3877 2027//3877
f 1949//3878 2025//3878 1947//3878
f 1951//3879 2023//3879 2025//3879
f 1951//3880 2025//3880 1949//3880
f 1953//3881 2021//3881 2023//3881
f 1953//3882 2023//3882 1951//3882
f 1955//3883 2021//3883 1953//3883
f 1957//3884 2019//3884 2021//3884
f 1957//3885 2021//3885 1955//3885
f 1959//3886 2017//3886 2019//3886
f 1959//3887 2019//3887 1957//3887
f 1961//3888 2017//3888 1959//3888
f 1963//3889 2015//3889 2017//3889
f 1963//3890 2017//3890 1961//3890
f 1965//3891 2013//3891 2015//3891
f 1965//3892 2015//3892 1963//3892
f 1967//3893 2011//3893 2013//3893
f 1967//3894 2013//3894 1965//3894
f 1969//3895 2009//3895 2011//3895
f 1969//3896 2011//3896 1967//3896
f 1971//3897 2009//3897 1969//3897
f 1973//3898 2007//3898 2009//3898
f 1973//3899 2009//3899 1971//3899
f 1975//3900 2005//3900 2007//3900
f 1975//3901 2007//3901 1973//3901
f 1977//3902 2003//3902 2005//3902
f 1977//3903 2005//3903 1975//3903
f 1979//3904 2001//3904 2003//3904
f 1979//3905 2003//3905 1977//3905
f 1981//3906 1999//3906 2001//3906
f 1981//3907 2001//3907 1979//3907
f 1983//3908 1999//3908 1981//3908
f 1985//3909 1997//3909 1999//3909
f 1985//3910 1999//3910 1983//3910
f 1987//3911 1995//3911 1997//3911
f 1987//3912 1997//3912 1985//3912
f 2428//3913 564//3913 566//3913
f 2428//3914 562//3914 564//3914
f 2428//3915 559//3915 562//3915
f 2428//3916 556//3916 559//3916
f 2428//3917 553//3917 556//3917
f 2428//3918 550//3918 553//3918
f 2428//3919 547//3919 550//3919
f 2428//3920 544//3920 547//3920
f 2428//3921 541//3921 544//3921
f 2428//3922 538//3922 541//3922
f 2428//3923 535//3923 538//3923
f 2428//3924 532//3924 535//3924
f 2428//3925 529//3925 532//3925
f 2428//3926 526//3926 529//3926
f 2428//3927 523//3927 526//3927
f 2428//3928 520//3928 523//3928
f 2428//3929 517//3929 520//3929
f 2428//3930 514//3930 517//3930
f 2428//3931 511//3931 514//3931
f 2428//3932 508//3932 511//3932
f 2428//3933 566//3933 2425//3933
f 2428//3934 2426//3934 2316//3934
f 2316//3935 2426//3935 2420//3935
f 2420//3936 2426//3936 2419//3936
f 2419//3937 2426//3937 2417//3937
f 2428//3938 2316//3938 2317//3938
f 2428//3939 2317//3939 2319//3939
f 2428//3940 2319//3940 2311//3940
f 2428//3941 2311//3941 2312//3941
f 2428//3942 2312//3942 2208//3942
f 2428//3943 2208//3943 2209//3943
f 2428//3944 2209//3944 2211//3944
f 2428//3945 2211//3945 2203//3945
f 2428//3946 2203//3946 2204//3946
f 2428//3947 2204//3947 2100//3947
f 2428//3948 2100//3948 2101//3948
f 2428//3949 2101//3949 2103//3949
f 2428//3950 2103//3950 2095//3950
f 2428//3951 2095//3951 2096//3951
f 2428//3952 2096//3952 1992//3952
f 2428//3953 1992//3953 1993//3953
f 2428//3954 1993//3954 1995//3954
f 2428//3955 1995//3955 1987//3955
f 2428//3956 1987//3956 1988//3956
f 2428//3957 1988//3957 500//3957
f 2428//3958 500//3958 502//3958
f 2428//3959 502//3959 505//3959
f 2428//3960 505//3960 508//3960
f 1034//3961 1035//3961 2429//3961
f 2429//3962 1035//3962 2430//3962
f 2431//3963 1035//3963 1031//3963
f 2431//3964 2430//3964 1035//3964
f 1031//3965 1033//3965 2432//3965
f 1031//3966 2432//3966 2431//3966
f 1034//3967 2432//3967 1033//3967
f 2429//3968 2432//3968 1034//3968
f 1525//3969 1516//3969 1069//3969
f 1525//3970 1069//3970 1077//3970
f 1614//3971 1612//3971 1166//3971
f 1166//3972 1612//3972 1164//3972
f 1164//3973 1610//3973 1162//3973
f 1612//3974 1610//3974 1164//3974
f 1162//3975 1608//3975 1161//3975
f 1610//3976 1608//3976 1162//3976
f 1161//3977 1607//3977 1159//3977
f 1608//3978 1607//3978 1161//3978
f 1159//3979 1605//3979 1157//3979
f 1607//3980 1605//3980 1159//3980
f 1157//3981 1602//3981 1155//3981
f 1605//3982 1602//3982 1157//3982
f 1602//3983 1601//3983 1155//3983
f 1155//3984 1601//3984 1153//3984
f 1601//3985 1600//3985 1153//3985
f 1153//3986 1600//3986 1152//3986
f 1600//3987 1597//3987 1152//3987
f 1152//3988 1597//3988 1150//3988
f 1597//3989 1595//3989 1150//3989
f 1150//3990 1595//3990 1148//3990
f 1595//3991 1593//3991 1148//3991
f 1148//3992 1593//3992 1146//3992
f 1593//3993 1592//3993 1146//3993
f 1146//3994 1592//3994 1144//3994
f 1592//3995 1590//3995 1144//3995
f 1144//3996 1590//3996 1143//3996
f 1590//3997 1586//3997 1143//3997
f 1143//3998 1586//3998 1139//3998
f 1586//3999 1582//3999 1139//3999
f 1139//4000 1582//4000 1135//4000
f 1582//4001 1576//4001 1135//4001
f 1135//4002 1576//4002 1129//4002
f 1576//4003 1571//4003 1129//4003
f 1129//4004 1571//4004 1123//4004
f 1571//4005 1569//4005 1123//4005
f 1123//4006 1569//4006 1122//4006
f 1569//4007 1565//4007 1122//4007
f 1122//4008 1565//4008 1118//4008
f 1565//4009 1560//4009 1118//4009
f 1118//4010 1560//4010 1112//4010
f 1560//4011 1558//4011 1112//4011
f 1112//4012 1558//4012 1111//4012
f 1101//4013 2433//4013 1100//4013
f 1105//4014 2433//4014 1101//4014
f 1111//4015 1552//4015 1105//4015
f 1558//4016 1552//4016 1111//4016
f 2433//4017 2434//4017 1100//4017
f 2434//4018 1096//4018 1100//4018
f 1105//4019 2435//4019 2433//4019
f 1552//4020 2435//4020 1105//4020
f 2434//4021 2436//4021 1096//4021
f 1552//4022 1549//4022 2435//4022
f 1096//4023 2437//4023 1092//4023
f 2436//4024 2437//4024 1096//4024
f 2435//4025 1547//4025 2438//4025
f 1549//4026 1547//4026 2435//4026
f 1092//4027 2439//4027 1091//4027
f 2437//4028 2439//4028 1092//4028
f 2438//4029 1543//4029 2440//4029
f 1547//4030 1543//4030 2438//4030
f 1543//4031 2441//4031 2440//4031
f 1091//4032 2442//4032 1087//4032
f 2439//4033 2442//4033 1091//4033
f 1543//4034 1540//4034 2441//4034
f 1540//4035 2443//4035 2441//4035
f 2442//4036 2444//4036 1087//4036
f 1087//4037 2444//4037 1082//4037
f 1540//4038 1538//4038 2443//4038
f 1538//4039 2445//4039 2443//4039
f 2444//4040 2446//4040 1082//4040
f 1082//4041 2446//4041 1079//4041
f 1538//4042 1534//4042 2445//4042
f 1534//4043 2447//4043 2445//4043
f 2446//4044 2448//4044 1079//4044
f 1079//4045 2448//4045 1080//4045
f 1534//4046 1530//4046 2447//4046
f 1530//4047 2449//4047 2447//4047
f 2448//4048 2450//4048 1080//4048
f 1080//4049 2450//4049 1084//4049
f 1530//4050 1526//4050 2449//4050
f 1526//4051 2451//4051 2449//4051
f 2450//4052 2452//4052 1084//4052
f 1084//4053 2452//4053 1085//4053
f 1526//4054 1528//4054 2451//4054
f 2451//4055 1528//4055 2453//4055
f 2452//4056 2454//4056 1085//4056
f 1085//4057 2454//4057 1089//4057
f 1528//4058 1532//4058 2453//4058
f 2453//4059 1532//4059 2455//4059
f 2454//4060 2456//4060 1089//4060
f 1089//4061 2456//4061 1094//4061
f 1532//4062 1533//4062 2455//4062
f 2455//4063 1533//4063 2457//4063
f 2456//4064 2458//4064 1094//4064
f 1094//4065 2458//4065 1098//4065
f 2457//4066 1537//4066 2459//4066
f 1533//4067 1537//4067 2457//4067
f 2458//4068 2460//4068 1098//4068
f 1098//4069 2460//4069 1103//4069
f 2459//4070 1542//4070 2461//4070
f 1537//4071 1542//4071 2459//4071
f 1103//4072 2462//4072 1107//4072
f 2460//4073 2462//4073 1103//4073
f 2461//4074 1546//4074 2463//4074
f 1542//4075 1546//4075 2461//4075
f 2462//4076 2464//4076 1107//4076
f 2464//4077 1109//4077 1107//4077
f 2463//4078 1551//4078 2465//4078
f 1546//4079 1551//4079 2463//4079
f 2464//4080 2466//4080 1109//4080
f 2466//4081 1114//4081 1109//4081
f 2466//4082 2467//4082 1114//4082
f 2465//4083 1555//4083 2468//4083
f 1551//4084 1555//4084 2465//4084
f 2467//4085 1116//4085 1114//4085
f 2467//4086 2469//4086 1116//4086
f 1555//4087 1557//4087 2468//4087
f 2468//4088 1557//4088 2470//4088
f 2469//4089 1120//4089 1116//4089
f 2469//4090 2471//4090 1120//4090
f 1557//4091 1562//4091 2470//4091
f 2470//4092 1562//4092 2472//4092
f 2471//4093 1125//4093 1120//4093
f 2471//4094 2473//4094 1125//4094
f 1562//4095 1564//4095 2472//4095
f 2472//4096 1564//4096 2474//4096
f 2473//4097 1127//4097 1125//4097
f 2473//4098 2475//4098 1127//4098
f 1564//4099 1568//4099 2474//4099
f 2474//4100 1568//4100 2476//4100
f 2475//4101 1131//4101 1127//4101
f 2475//4102 2477//4102 1131//4102
f 1568//4103 1573//4103 2476//4103
f 2476//4104 1573//4104 2478//4104
f 1131//4105 2479//4105 1133//4105
f 2477//4106 2479//4106 1131//4106
f 1573//4107 1575//4107 2478//4107
f 2478//4108 1575//4108 2480//4108
f 1133//4109 2481//4109 1137//4109
f 2479//4110 2481//4110 1133//4110
f 2480//4111 1579//4111 2482//4111
f 1575//4112 1579//4112 2480//4112
f 1579//4113 2483//4113 2482//4113
f 1137//4114 2484//4114 1065//4114
f 2481//4115 2484//4115 1137//4115
f 1579//4116 1581//4116 2483//4116
f 1581//4117 2485//4117 2483//4117
f 1065//4118 2486//4118 1064//4118
f 2484//4119 2486//4119 1065//4119
f 1581//4120 1585//4120 2485//4120
f 1585//4121 2487//4121 2485//4121
f 1064//4122 2488//4122 1062//4122
f 2486//4123 2488//4123 1064//4123
f 1585//4124 1513//4124 2487//4124
f 1513//4125 2489//4125 2487//4125
f 1062//4126 2490//4126 1060//4126
f 2488//4127 2490//4127 1062//4127
f 1513//4128 1512//4128 2489//4128
f 1512//4129 2491//4129 2489//4129
f 1060//4130 2492//4130 1059//4130
f 2490//4131 2492//4131 1060//4131
f 1512//4132 1510//4132 2491//4132
f 1510//4133 2493//4133 2491//4133
f 1059//4134 2494//4134 1057//4134
f 2492//4135 2494//4135 1059//4135
f 2493//4136 1508//4136 2495//4136
f 1510//4137 1508//4137 2493//4137
f 2494//4138 2496//4138 1057//4138
f 1057//4139 2496//4139 1056//4139
f 2495//4140 1507//4140 2497//4140
f 1508//4141 1507//4141 2495//4141
f 2496//4142 2498//4142 1056//4142
f 1056//4143 2498//4143 1054//4143
f 1507//4144 1505//4144 2497//4144
f 2497//4145 1505//4145 2499//4145
f 2498//4146 2500//4146 1054//4146
f 1054//4147 2500//4147 1052//4147
f 1505//4148 1504//4148 2499//4148
f 2499//4149 1504//4149 2501//4149
f 2500//4150 2502//4150 1052//4150
f 1052//4151 2502//4151 1051//4151
f 1504//4152 1502//4152 2501//4152
f 2501//4153 1502//4153 2503//4153
f 1051//4154 2504//4154 1049//4154
f 2502//4155 2504//4155 1051//4155
f 2503//4156 1500//4156 2505//4156
f 1502//4157 1500//4157 2503//4157
f 2504//4158 2506//4158 1049//4158
f 2506//4159 1048//4159 1049//4159
f 1500//4160 1499//4160 2505//4160
f 2505//4161 1499//4161 2507//4161
f 1048//4162 2508//4162 1046//4162
f 2506//4163 2508//4163 1048//4163
f 2507//4164 1497//4164 2509//4164
f 1499//4165 1497//4165 2507//4165
f 1046//4166 2510//4166 1044//4166
f 2508//4167 2510//4167 1046//4167
f 2509//4168 1496//4168 2511//4168
f 1497//4169 1496//4169 2509//4169
f 1044//4170 2512//4170 1042//4170
f 2510//4171 2512//4171 1044//4171
f 2511//4172 1494//4172 2513//4172
f 1496//4173 1494//4173 2511//4173
f 1042//4174 2514//4174 1040//4174
f 2512//4175 2514//4175 1042//4175
f 2513//4176 1492//4176 2515//4176
f 1494//4177 1492//4177 2513//4177
f 2514//4178 2516//4178 1040//4178
f 2516//4179 1038//4179 1040//4179
f 2515//4180 1490//4180 2517//4180
f 1492//4181 1490//4181 2515//4181
f 2516//4182 2518//4182 1038//4182
f 2518//4183 1037//4183 1038//4183
f 2517//4184 1488//4184 2519//4184
f 1490//4185 1488//4185 2517//4185
f 2518//4186 2520//4186 1037//4186
f 2520//4187 1036//4187 1037//4187
f 1488//4188 1486//4188 2519//4188
f 2519//4189 1486//4189 2521//4189
f 2520//4190 2522//4190 1036//4190
f 2522//4191 1039//4191 1036//4191
f 1486//4192 1485//4192 2521//4192
f 2521//4193 1485//4193 2523//4193
f 2522//4194 2524//4194 1039//4194
f 2524//4195 1041//4195 1039//4195
f 1485//4196 1484//4196 2523//4196
f 2523//4197 1484//4197 2525//4197
f 2524//4198 2526//4198 1041//4198
f 2526//4199 1043//4199 1041//4199
f 1484//4200 1487//4200 2525//4200
f 2525//4201 1487//4201 2527//4201
f 2526//4202 2528//4202 1043//4202
f 2527//4203 1489//4203 2529//4203
f 1487//4204 1489//4204 2527//4204
f 2528//4205 1045//4205 1043//4205
f 1489//4206 1491//4206 2529//4206
f 1491//4207 2530//4207 2529//4207
f 2528//4208 2531//4208 1045//4208
f 2531//4209 1047//4209 1045//4209
f 2530//4210 1493//4210 2532//4210
f 1491//4211 1493//4211 2530//4211
f 1047//4212 1495//4212 1050//4212
f 2531//4213 1495//4213 1047//4213
f 1493//4214 1495//4214 2532//4214
f 2532//4215 1495//4215 2531//4215
f 1050//4216 1498//4216 1053//4216
f 1495//4217 1498//4217 1050//4217
f 1053//4218 1501//4218 1055//4218
f 1498//4219 1501//4219 1053//4219
f 1055//4220 1503//4220 1058//4220
f 1501//4221 1503//4221 1055//4221
f 1058//4222 1506//4222 1061//4222
f 1503//4223 1506//4223 1058//4223
f 1061//4224 1509//4224 1063//4224
f 1506//4225 1509//4225 1061//4225
f 1063//4226 1511//4226 1066//4226
f 1509//4227 1511//4227 1063//4227
f 1066//4228 1514//4228 1067//4228
f 1511//4229 1514//4229 1066//4229
f 1067//4230 1515//4230 1068//4230
f 1514//4231 1515//4231 1067//4231
f 1068//4232 1517//4232 1070//4232
f 1515//4233 1517//4233 1068//4233
f 1070//4234 1518//4234 1071//4234
f 1517//4235 1518//4235 1070//4235
f 1071//4236 1519//4236 1072//4236
f 1518//4237 1519//4237 1071//4237
f 1519//4238 1520//4238 1072//4238
f 1072//4239 1520//4239 1073//4239
f 1073//4240 1521//4240 1074//4240
f 1520//4241 1521//4241 1073//4241
f 1074//4242 1522//4242 1075//4242
f 1521//4243 1522//4243 1074//4243
f 1075//4244 1523//4244 1076//4244
f 1522//4245 1523//4245 1075//4245
f 1523//4246 1524//4246 1076//4246
f 1076//4247 1525//4247 1077//4247
f 1524//4248 1525//4248 1076//4248
f 1614//4249 1166//4249 1165//4249
f 1613//4250 1614//4250 1165//4250
f 1703//4251 1701//4251 1255//4251
f 1255//4252 1701//4252 1253//4252
f 1253//4253 1699//4253 1251//4253
f 1701//4254 1699//4254 1253//4254
f 1251//4255 1698//4255 1250//4255
f 1699//4256 1698//4256 1251//4256
f 1250//4257 1696//4257 1248//4257
f 1698//4258 1696//4258 1250//4258
f 1248//4259 1693//4259 1246//4259
f 1696//4260 1693//4260 1248//4260
f 1246//4261 1692//4261 1244//4261
f 1693//4262 1692//4262 1246//4262
f 1692//4263 1690//4263 1244//4263
f 1244//4264 1690//4264 1242//4264
f 1690//4265 1688//4265 1242//4265
f 1242//4266 1688//4266 1241//4266
f 1688//4267 1686//4267 1241//4267
f 1241//4268 1686//4268 1239//4268
f 1686//4269 1684//4269 1239//4269
f 1239//4270 1684//4270 1237//4270
f 1684//4271 1682//4271 1237//4271
f 1237//4272 1682//4272 1235//4272
f 1682//4273 1681//4273 1235//4273
f 1235//4274 1681//4274 1233//4274
f 1681//4275 1679//4275 1233//4275
f 1233//4276 1679//4276 1232//4276
f 1679//4277 1675//4277 1232//4277
f 1232//4278 1675//4278 1228//4278
f 1675//4279 1671//4279 1228//4279
f 1228//4280 1671//4280 1224//4280
f 1671//4281 1666//4281 1224//4281
f 1224//4282 1666//4282 1218//4282
f 1666//4283 1660//4283 1218//4283
f 1218//4284 1660//4284 1212//4284
f 1660//4285 1659//4285 1212//4285
f 1212//4286 1659//4286 1211//4286
f 1659//4287 1655//4287 1211//4287
f 1211//4288 1655//4288 1207//4288
f 1655//4289 1649//4289 1207//4289
f 1207//4290 1649//4290 1201//4290
f 1649//4291 1648//4291 1201//4291
f 1200//4292 1648//4292 1194//4292
f 1201//4293 1648//4293 1200//4293
f 1190//4294 2533//4294 1189//4294
f 1194//4295 2533//4295 1190//4295
f 1648//4296 1642//4296 1194//4296
f 2533//4297 2534//4297 1189//4297
f 2534//4298 1185//4298 1189//4298
f 1194//4299 2535//4299 2533//4299
f 1642//4300 2535//4300 1194//4300
f 2534//4301 2536//4301 1185//4301
f 1642//4302 1638//4302 2535//4302
f 1185//4303 2537//4303 1181//4303
f 2536//4304 2537//4304 1185//4304
f 2535//4305 1637//4305 2538//4305
f 1638//4306 1637//4306 2535//4306
f 1181//4307 2539//4307 1180//4307
f 2537//4308 2539//4308 1181//4308
f 2538//4309 1632//4309 2540//4309
f 1637//4310 1632//4310 2538//4310
f 1632//4311 2541//4311 2540//4311
f 1180//4312 2542//4312 1176//4312
f 2539//4313 2542//4313 1180//4313
f 1632//4314 1629//4314 2541//4314
f 1629//4315 2543//4315 2541//4315
f 2542//4316 2544//4316 1176//4316
f 1176//4317 2544//4317 1171//4317
f 1629//4318 1628//4318 2543//4318
f 1628//4319 2545//4319 2543//4319
f 2544//4320 2546//4320 1171//4320
f 1171//4321 2546//4321 1168//4321
f 1628//4322 1624//4322 2545//4322
f 1624//4323 2547//4323 2545//4323
f 2546//4324 2548//4324 1168//4324
f 1168//4325 2548//4325 1169//4325
f 1624//4326 1618//4326 2547//4326
f 1618//4327 2549//4327 2547//4327
f 2548//4328 2550//4328 1169//4328
f 1169//4329 2550//4329 1173//4329
f 1618//4330 1615//4330 2549//4330
f 1615//4331 2551//4331 2549//4331
f 2550//4332 2552//4332 1173//4332
f 1173//4333 2552//4333 1174//4333
f 2551//4334 1617//4334 2553//4334
f 1615//4335 1617//4335 2551//4335
f 2552//4336 2554//4336 1174//4336
f 1174//4337 2554//4337 1178//4337
f 2553//4338 1620//4338 2555//4338
f 1617//4339 1620//4339 2553//4339
f 1178//4340 2556//4340 1183//4340
f 2554//4341 2556//4341 1178//4341
f 2555//4342 1622//4342 2557//4342
f 1620//4343 1622//4343 2555//4343
f 1183//4344 2558//4344 1187//4344
f 2556//4345 2558//4345 1183//4345
f 2557//4346 1626//4346 2559//4346
f 1622//4347 1626//4347 2557//4347
f 1187//4348 2560//4348 1192//4348
f 2558//4349 2560//4349 1187//4349
f 2559//4350 1631//4350 2561//4350
f 1626//4351 1631//4351 2559//4351
f 1192//4352 2562//4352 1196//4352
f 2560//4353 2562//4353 1192//4353
f 2561//4354 1635//4354 2563//4354
f 1631//4355 1635//4355 2561//4355
f 2562//4356 2564//4356 1196//4356
f 2564//4357 1198//4357 1196//4357
f 2563//4358 1640//4358 2565//4358
f 1635//4359 1640//4359 2563//4359
f 2564//4360 2566//4360 1198//4360
f 2566//4361 1203//4361 1198//4361
f 2566//4362 2567//4362 1203//4362
f 2565//4363 1644//4363 2568//4363
f 1640//4364 1644//4364 2565//4364
f 2567//4365 1205//4365 1203//4365
f 2567//4366 2569//4366 1205//4366
f 2568//4367 1646//4367 2570//4367
f 1644//4368 1646//4368 2568//4368
f 2569//4369 1209//4369 1205//4369
f 2569//4370 2571//4370 1209//4370
f 2570//4371 1651//4371 2572//4371
f 1646//4372 1651//4372 2570//4372
f 2571//4373 1214//4373 1209//4373
f 2571//4374 2573//4374 1214//4374
f 2572//4375 1653//4375 2574//4375
f 1651//4376 1653//4376 2572//4376
f 2573//4377 1216//4377 1214//4377
f 2573//4378 2575//4378 1216//4378
f 2574//4379 1657//4379 2576//4379
f 1653//4380 1657//4380 2574//4380
f 2575//4381 1220//4381 1216//4381
f 2575//4382 2577//4382 1220//4382
f 2576//4383 1662//4383 2578//4383
f 1657//4384 1662//4384 2576//4384
f 2577//4385 2579//4385 1220//4385
f 1220//4386 2579//4386 1222//4386
f 2578//4387 1664//4387 2580//4387
f 1662//4388 1664//4388 2578//4388
f 1222//4389 2581//4389 1226//4389
f 2579//4390 2581//4390 1222//4390
f 2580//4391 1668//4391 2582//4391
f 1664//4392 1668//4392 2580//4392
f 1668//4393 2583//4393 2582//4393
f 1226//4394 2584//4394 1141//4394
f 2581//4395 2584//4395 1226//4395
f 1668//4396 1670//4396 2583//4396
f 1670//4397 2585//4397 2583//4397
f 1141//4398 2586//4398 1140//4398
f 2584//4399 2586//4399 1141//4399
f 1670//4400 1674//4400 2585//4400
f 1674//4401 2587//4401 2585//4401
f 1140//4402 2588//4402 1136//4402
f 2586//4403 2588//4403 1140//4403
f 1674//4404 1589//4404 2587//4404
f 1589//4405 2589//4405 2587//4405
f 1136//4406 2590//4406 1132//4406
f 2588//4407 2590//4407 1136//4407
f 1589//4408 1588//4408 2589//4408
f 1588//4409 2591//4409 2589//4409
f 1132//4410 2592//4410 1130//4410
f 2590//4411 2592//4411 1132//4411
f 1588//4412 1584//4412 2591//4412
f 1584//4413 2593//4413 2591//4413
f 2592//4414 2594//4414 1130//4414
f 1130//4415 2594//4415 1126//4415
f 1584//4416 1580//4416 2593//4416
f 2593//4417 1580//4417 2595//4417
f 2594//4418 2596//4418 1126//4418
f 1126//4419 2596//4419 1124//4419
f 1580//4420 1578//4420 2595//4420
f 2595//4421 1578//4421 2597//4421
f 2596//4422 2598//4422 1124//4422
f 1124//4423 2598//4423 1119//4423
f 1578//4424 1574//4424 2597//4424
f 2597//4425 1574//4425 2599//4425
f 2598//4426 2600//4426 1119//4426
f 1119//4427 2600//4427 1115//4427
f 1574//4428 1572//4428 2599//4428
f 2599//4429 1572//4429 2601//4429
f 1115//4430 2602//4430 1113//4430
f 2600//4431 2602//4431 1115//4431
f 1572//4432 1567//4432 2601//4432
f 2601//4433 1567//4433 2603//4433
f 1113//4434 2604//4434 1108//4434
f 2602//4435 2604//4435 1113//4435
f 1567//4436 1563//4436 2603//4436
f 2603//4437 1563//4437 2605//4437
f 2604//4438 2606//4438 1108//4438
f 2606//4439 1106//4439 1108//4439
f 1563//4440 1561//4440 2605//4440
f 2605//4441 1561//4441 2607//4441
f 1106//4442 2608//4442 1102//4442
f 2606//4443 2608//4443 1106//4443
f 1561//4444 1556//4444 2607//4444
f 2607//4445 1556//4445 2609//4445
f 1102//4446 2610//4446 1097//4446
f 2608//4447 2610//4447 1102//4447
f 1556//4448 1554//4448 2609//4448
f 2609//4449 1554//4449 2611//4449
f 1097//4450 2612//4450 1093//4450
f 2610//4451 2612//4451 1097//4451
f 1554//4452 1550//4452 2611//4452
f 2611//4453 1550//4453 2613//4453
f 1093//4454 2614//4454 1088//4454
f 2612//4455 2614//4455 1093//4455
f 1550//4456 1545//4456 2613//4456
f 2613//4457 1545//4457 2615//4457
f 2614//4458 2616//4458 1088//4458
f 2616//4459 1083//4459 1088//4459
f 2615//4460 1541//4460 2617//4460
f 1545//4461 1541//4461 2615//4461
f 2616//4462 2618//4462 1083//4462
f 2618//4463 1078//4463 1083//4463
f 2617//4464 1536//4464 2619//4464
f 1541//4465 1536//4465 2617//4465
f 2618//4466 2620//4466 1078//4466
f 2620//4467 1081//4467 1078//4467
f 1536//4468 1531//4468 2619//4468
f 2619//4469 1531//4469 2621//4469
f 2620//4470 2622//4470 1081//4470
f 2622//4471 1086//4471 1081//4471
f 1531//4472 1527//4472 2621//4472
f 2621//4473 1527//4473 2623//4473
f 2622//4474 2624//4474 1086//4474
f 2624//4475 1090//4475 1086//4475
f 1527//4476 1529//4476 2623//4476
f 2623//4477 1529//4477 2625//4477
f 2624//4478 2626//4478 1090//4478
f 2626//4479 1095//4479 1090//4479
f 1529//4480 1535//4480 2625//4480
f 2625//4481 1535//4481 2627//4481
f 2626//4482 2628//4482 1095//4482
f 1535//4483 1539//4483 2627//4483
f 2627//4484 1539//4484 2629//4484
f 2628//4485 1099//4485 1095//4485
f 1539//4486 1544//4486 2629//4486
f 1544//4487 2630//4487 2629//4487
f 2628//4488 2631//4488 1099//4488
f 2631//4489 1104//4489 1099//4489
f 1544//4490 1548//4490 2630//4490
f 2630//4491 1548//4491 2632//4491
f 1104//4492 1553//4492 1110//4492
f 2632//4493 1553//4493 2631//4493
f 2631//4494 1553//4494 1104//4494
f 1548//4495 1553//4495 2632//4495
f 1110//4496 1559//4496 1117//4496
f 1553//4497 1559//4497 1110//4497
f 1117//4498 1566//4498 1121//4498
f 1559//4499 1566//4499 1117//4499
f 1566//4500 1570//4500 1121//4500
f 1121//4501 1577//4501 1128//4501
f 1570//4502 1577//4502 1121//4502
f 1134//4503 1583//4503 1138//4503
f 1128//4504 1583//4504 1134//4504
f 1577//4505 1583//4505 1128//4505
f 1583//4506 1587//4506 1138//4506
f 1138//4507 1591//4507 1142//4507
f 1587//4508 1591//4508 1138//4508
f 1142//4509 1594//4509 1145//4509
f 1591//4510 1594//4510 1142//4510
f 1145//4511 1596//4511 1147//4511
f 1594//4512 1596//4512 1145//4512
f 1147//4513 1598//4513 1149//4513
f 1596//4514 1598//4514 1147//4514
f 1598//4515 1599//4515 1149//4515
f 1149//4516 1599//4516 1151//4516
f 1151//4517 1603//4517 1154//4517
f 1599//4518 1603//4518 1151//4518
f 1154//4519 1604//4519 1156//4519
f 1603//4520 1604//4520 1154//4520
f 1156//4521 1606//4521 1158//4521
f 1604//4522 1606//4522 1156//4522
f 1158//4523 1609//4523 1160//4523
f 1606//4524 1609//4524 1158//4524
f 1160//4525 1611//4525 1163//4525
f 1609//4526 1611//4526 1160//4526
f 1163//4527 1613//4527 1165//4527
f 1611//4528 1613//4528 1163//4528
f 1702//4529 1703//4529 1255//4529
f 1702//4530 1255//4530 1254//4530
f 1343//4531 1790//4531 1341//4531
f 1790//4532 1789//4532 1341//4532
f 1341//4533 1789//4533 1339//4533
f 1339//4534 1787//4534 1338//4534
f 1789//4535 1787//4535 1339//4535
f 1338//4536 1786//4536 1336//4536
f 1787//4537 1786//4537 1338//4537
f 1336//4538 1783//4538 1334//4538
f 1786//4539 1783//4539 1336//4539
f 1783//4540 1781//4540 1334//4540
f 1334//4541 1781//4541 1332//4541
f 1781//4542 1779//4542 1332//4542
f 1332//4543 1779//4543 1330//4543
f 1779//4544 1778//4544 1330//4544
f 1330//4545 1778//4545 1329//4545
f 1778//4546 1777//4546 1329//4546
f 1329//4547 1777//4547 1327//4547
f 1777//4548 1774//4548 1327//4548
f 1327//4549 1774//4549 1325//4549
f 1774//4550 1773//4550 1325//4550
f 1325//4551 1773//4551 1323//4551
f 1773//4552 1771//4552 1323//4552
f 1771//4553 1769//4553 1323//4553
f 1323//4554 1769//4554 1321//4554
f 1769//4555 1768//4555 1321//4555
f 1321//4556 1768//4556 1320//4556
f 1768//4557 1764//4557 1320//4557
f 1320//4558 1764//4558 1317//4558
f 1764//4559 1761//4559 1317//4559
f 1317//4560 1761//4560 1313//4560
f 1761//4561 1754//4561 1313//4561
f 1313//4562 1754//4562 1307//4562
f 1754//4563 1749//4563 1307//4563
f 1307//4564 1749//4564 1301//4564
f 1749//4565 1747//4565 1301//4565
f 1301//4566 1747//4566 1300//4566
f 1747//4567 1744//4567 1300//4567
f 1300//4568 1744//4568 1296//4568
f 1744//4569 1738//4569 1296//4569
f 1296//4570 1738//4570 1290//4570
f 1738//4571 1737//4571 1290//4571
f 1290//4572 1737//4572 1289//4572
f 1279//4573 2633//4573 1278//4573
f 1283//4574 2633//4574 1279//4574
f 1289//4575 1730//4575 1283//4575
f 1737//4576 1730//4576 1289//4576
f 2633//4577 2634//4577 1278//4577
f 2634//4578 1274//4578 1278//4578
f 1283//4579 2635//4579 2633//4579
f 1730//4580 2635//4580 1283//4580
f 2634//4581 2636//4581 1274//4581
f 1730//4582 1727//4582 2635//4582
f 1274//4583 2637//4583 1270//4583
f 2636//4584 2637//4584 1274//4584
f 2635//4585 1725//4585 2638//4585
f 1727//4586 1725//4586 2635//4586
f 1270//4587 2639//4587 1269//4587
f 2637//4588 2639//4588 1270//4588
f 2638//4589 1721//4589 2640//4589
f 1725//4590 1721//4590 2638//4590
f 1721//4591 2641//4591 2640//4591
f 1269//4592 2642//4592 1265//4592
f 2639//4593 2642//4593 1269//4593
f 1721//4594 1718//4594 2641//4594
f 1718//4595 2643//4595 2641//4595
f 2642//4596 2644//4596 1265//4596
f 1265//4597 2644//4597 1260//4597
f 1718//4598 1716//4598 2643//4598
f 1716//4599 2645//4599 2643//4599
f 2644//4600 2646//4600 1260//4600
f 1260//4601 2646//4601 1257//4601
f 1716//4602 1712//4602 2645//4602
f 1712//4603 2647//4603 2645//4603
f 2646//4604 2648//4604 1257//4604
f 1257//4605 2648//4605 1258//4605
f 1712//4606 1707//4606 2647//4606
f 1707//4607 2649//4607 2647//4607
f 2648//4608 2650//4608 1258//4608
f 1258//4609 2650//4609 1262//4609
f 1707//4610 1704//4610 2649//4610
f 1704//4611 2651//4611 2649//4611
f 2650//4612 2652//4612 1262//4612
f 1262//4613 2652//4613 1263//4613
f 2651//4614 1706//4614 2653//4614
f 1704//4615 1706//4615 2651//4615
f 2652//4616 2654//4616 1263//4616
f 1263//4617 2654//4617 1267//4617
f 2653//4618 1709//4618 2655//4618
f 1706//4619 1709//4619 2653//4619
f 1267//4620 2656//4620 1272//4620
f 2654//4621 2656//4621 1267//4621
f 2655//4622 1711//4622 2657//4622
f 1709//4623 1711//4623 2655//4623
f 1272//4624 2658//4624 1276//4624
f 2656//4625 2658//4625 1272//4625
f 2657//4626 1715//4626 2659//4626
f 1711//4627 1715//4627 2657//4627
f 1276//4628 2660//4628 1281//4628
f 2658//4629 2660//4629 1276//4629
f 2659//4630 1720//4630 2661//4630
f 1715//4631 1720//4631 2659//4631
f 1281//4632 2662//4632 1285//4632
f 2660//4633 2662//4633 1281//4633
f 2661//4634 1724//4634 2663//4634
f 1720//4635 1724//4635 2661//4635
f 2662//4636 2664//4636 1285//4636
f 2664//4637 1287//4637 1285//4637
f 2663//4638 1729//4638 2665//4638
f 1724//4639 1729//4639 2663//4639
f 2664//4640 2666//4640 1287//4640
f 2666//4641 1292//4641 1287//4641
f 2666//4642 2667//4642 1292//4642
f 2665//4643 1733//4643 2668//4643
f 1729//4644 1733//4644 2665//4644
f 2667//4645 1294//4645 1292//4645
f 2667//4646 2669//4646 1294//4646
f 2668//4647 1735//4647 2670//4647
f 1733//4648 1735//4648 2668//4648
f 2669//4649 1298//4649 1294//4649
f 2669//4650 2671//4650 1298//4650
f 2670//4651 1740//4651 2672//4651
f 1735//4652 1740//4652 2670//4652
f 2671//4653 1303//4653 1298//4653
f 2671//4654 2673//4654 1303//4654
f 2672//4655 1742//4655 2674//4655
f 1740//4656 1742//4656 2672//4656
f 2673//4657 1305//4657 1303//4657
f 2673//4658 2675//4658 1305//4658
f 2674//4659 1746//4659 2676//4659
f 1742//4660 1746//4660 2674//4660
f 2675//4661 1309//4661 1305//4661
f 2675//4662 2677//4662 1309//4662
f 2676//4663 1751//4663 2678//4663
f 1746//4664 1751//4664 2676//4664
f 2677//4665 2679//4665 1309//4665
f 1309//4666 2679//4666 1311//4666
f 2678//4667 1753//4667 2680//4667
f 1751//4668 1753//4668 2678//4668
f 1311//4669 2681//4669 1315//4669
f 2679//4670 2681//4670 1311//4670
f 2680//4671 1757//4671 2682//4671
f 1753//4672 1757//4672 2680//4672
f 1757//4673 2683//4673 2682//4673
f 1315//4674 2684//4674 1230//4674
f 2681//4675 2684//4675 1315//4675
f 1757//4676 1759//4676 2683//4676
f 1759//4677 2685//4677 2683//4677
f 1230//4678 2686//4678 1229//4678
f 2684//4679 2686//4679 1230//4679
f 1759//4680 1763//4680 2685//4680
f 1763//4681 2687//4681 2685//4681
f 1229//4682 2688//4682 1225//4682
f 2686//4683 2688//4683 1229//4683
f 1763//4684 1678//4684 2687//4684
f 1678//4685 2689//4685 2687//4685
f 1225//4686 2690//4686 1221//4686
f 2688//4687 2690//4687 1225//4687
f 1678//4688 1677//4688 2689//4688
f 1677//4689 2691//4689 2689//4689
f 1221//4690 2692//4690 1219//4690
f 2690//4691 2692//4691 1221//4691
f 1677//4692 1673//4692 2691//4692
f 1673//4693 2693//4693 2691//4693
f 2692//4694 2694//4694 1219//4694
f 1219//4695 2694//4695 1215//4695
f 1673//4696 1669//4696 2693//4696
f 2693//4697 1669//4697 2695//4697
f 2694//4698 2696//4698 1215//4698
f 1215//4699 2696//4699 1213//4699
f 1669//4700 1667//4700 2695//4700
f 2695//4701 1667//4701 2697//4701
f 2696//4702 2698//4702 1213//4702
f 1213//4703 2698//4703 1208//4703
f 1667//4704 1663//4704 2697//4704
f 2697//4705 1663//4705 2699//4705
f 2698//4706 2700//4706 1208//4706
f 1208//4707 2700//4707 1204//4707
f 1663//4708 1661//4708 2699//4708
f 2699//4709 1661//4709 2701//4709
f 1204//4710 2702//4710 1202//4710
f 2700//4711 2702//4711 1204//4711
f 1661//4712 1656//4712 2701//4712
f 2701//4713 1656//4713 2703//4713
f 1202//4714 2704//4714 1197//4714
f 2702//4715 2704//4715 1202//4715
f 1656//4716 1652//4716 2703//4716
f 2703//4717 1652//4717 2705//4717
f 2704//4718 2706//4718 1197//4718
f 2706//4719 1195//4719 1197//4719
f 1652//4720 1650//4720 2705//4720
f 2705//4721 1650//4721 2707//4721
f 1195//4722 2708//4722 1191//4722
f 2706//4723 2708//4723 1195//4723
f 1650//4724 1645//4724 2707//4724
f 2707//4725 1645//4725 2709//4725
f 1191//4726 2710//4726 1186//4726
f 2708//4727 2710//4727 1191//4727
f 1645//4728 1643//4728 2709//4728
f 2709//4729 1643//4729 2711//4729
f 1186//4730 2712//4730 1182//4730
f 2710//4731 2712//4731 1186//4731
f 1643//4732 1639//4732 2711//4732
f 2711//4733 1639//4733 2713//4733
f 1182//4734 2714//4734 1177//4734
f 2712//4735 2714//4735 1182//4735
f 1639//4736 1634//4736 2713//4736
f 2713//4737 1634//4737 2715//4737
f 2714//4738 2716//4738 1177//4738
f 2716//4739 1172//4739 1177//4739
f 2715//4740 1630//4740 2717//4740
f 1634//4741 1630//4741 2715//4741
f 2716//4742 2718//4742 1172//4742
f 2718//4743 1167//4743 1172//4743
f 2717//4744 1625//4744 2719//4744
f 1630//4745 1625//4745 2717//4745
f 2718//4746 2720//4746 1167//4746
f 2720//4747 1170//4747 1167//4747
f 1625//4748 1621//4748 2719//4748
f 2719//4749 1621//4749 2721//4749
f 2720//4750 2722//4750 1170//4750
f 2722//4751 1175//4751 1170//4751
f 1621//4752 1616//4752 2721//4752
f 2721//4753 1616//4753 2723//4753
f 2722//4754 2724//4754 1175//4754
f 2724//4755 1179//4755 1175//4755
f 1616//4756 1619//4756 2723//4756
f 2723//4757 1619//4757 2725//4757
f 2724//4758 2726//4758 1179//4758
f 2726//4759 1184//4759 1179//4759
f 1619//4760 1623//4760 2725//4760
f 2725//4761 1623//4761 2727//4761
f 2726//4762 2728//4762 1184//4762
f 1623//4763 1627//4763 2727//4763
f 2727//4764 1627//4764 2729//4764
f 2728//4765 1188//4765 1184//4765
f 1627//4766 1633//4766 2729//4766
f 1633//4767 2730//4767 2729//4767
f 2728//4768 2731//4768 1188//4768
f 2731//4769 1193//4769 1188//4769
f 1633//4770 1636//4770 2730//4770
f 2730//4771 1636//4771 2732//4771
f 1193//4772 1641//4772 1199//4772
f 2732//4773 1641//4773 2731//4773
f 2731//4774 1641//4774 1193//4774
f 1636//4775 1641//4775 2732//4775
f 1199//4776 1647//4776 1206//4776
f 1641//4777 1647//4777 1199//4777
f 1206//4778 1654//4778 1210//4778
f 1647//4779 1654//4779 1206//4779
f 1210//4780 1658//4780 1217//4780
f 1654//4781 1658//4781 1210//4781
f 1217//4782 1665//4782 1223//4782
f 1658//4783 1665//4783 1217//4783
f 1665//4784 1672//4784 1223//4784
f 1223//4785 1676//4785 1227//4785
f 1672//4786 1676//4786 1223//4786
f 1227//4787 1680//4787 1231//4787
f 1676//4788 1680//4788 1227//4788
f 1231//4789 1683//4789 1234//4789
f 1680//4790 1683//4790 1231//4790
f 1234//4791 1685//4791 1236//4791
f 1683//4792 1685//4792 1234//4792
f 1236//4793 1687//4793 1238//4793
f 1685//4794 1687//4794 1236//4794
f 1687//4795 1689//4795 1238//4795
f 1238//4796 1689//4796 1240//4796
f 1240//4797 1691//4797 1243//4797
f 1689//4798 1691//4798 1240//4798
f 1243//4799 1694//4799 1245//4799
f 1691//4800 1694//4800 1243//4800
f 1245//4801 1695//4801 1247//4801
f 1694//4802 1695//4802 1245//4802
f 1247//4803 1697//4803 1249//4803
f 1695//4804 1697//4804 1247//4804
f 1249//4805 1700//4805 1252//4805
f 1697//4806 1700//4806 1249//4806
f 1252//4807 1702//4807 1254//4807
f 1700//4808 1702//4808 1252//4808
f 1791//4809 1790//4809 1343//4809
f 1791//4810 1343//4810 1342//4810
f 1432//4811 1880//4811 1430//4811
f 1880//4812 1878//4812 1430//4812
f 1430//4813 1878//4813 1428//4813
f 1428//4814 1876//4814 1427//4814
f 1878//4815 1876//4815 1428//4815
f 1427//4816 1874//4816 1425//4816
f 1876//4817 1874//4817 1427//4817
f 1425//4818 1873//4818 1423//4818
f 1874//4819 1873//4819 1425//4819
f 1873//4820 1871//4820 1423//4820
f 1423//4821 1871//4821 1421//4821
f 1871//4822 1869//4822 1421//4822
f 1421//4823 1869//4823 1419//4823
f 1869//4824 1867//4824 1419//4824
f 1419//4825 1867//4825 1418//4825
f 1867//4826 1865//4826 1418//4826
f 1418//4827 1865//4827 1416//4827
f 1865//4828 1864//4828 1416//4828
f 1416//4829 1864//4829 1414//4829
f 1864//4830 1862//4830 1414//4830
f 1862//4831 1860//4831 1414//4831
f 1414//4832 1860//4832 1412//4832
f 1860//4833 1858//4833 1412//4833
f 1412//4834 1858//4834 1410//4834
f 1858//4835 1857//4835 1410//4835
f 1410//4836 1857//4836 1409//4836
f 1857//4837 1852//4837 1409//4837
f 1409//4838 1852//4838 1405//4838
f 1852//4839 1849//4839 1405//4839
f 1405//4840 1849//4840 1401//4840
f 1849//4841 1842//4841 1401//4841
f 1401//4842 1842//4842 1395//4842
f 1842//4843 1837//4843 1395//4843
f 1395//4844 1837//4844 1389//4844
f 1837//4845 1835//4845 1389//4845
f 1389//4846 1835//4846 1388//4846
f 1835//4847 1831//4847 1388//4847
f 1388//4848 1831//4848 1384//4848
f 1831//4849 1826//4849 1384//4849
f 1384//4850 1826//4850 1378//4850
f 1826//4851 1824//4851 1378//4851
f 1378//4852 1824//4852 1377//4852
f 1367//4853 2733//4853 1366//4853
f 1371//4854 2733//4854 1367//4854
f 1377//4855 1819//4855 1371//4855
f 1824//4856 1819//4856 1377//4856
f 2733//4857 2734//4857 1366//4857
f 2734//4858 1362//4858 1366//4858
f 1371//4859 2735//4859 2733//4859
f 1819//4860 2735//4860 1371//4860
f 2734//4861 2736//4861 1362//4861
f 1819//4862 1815//4862 2735//4862
f 1362//4863 2737//4863 1358//4863
f 2736//4864 2737//4864 1362//4864
f 2735//4865 1813//4865 2738//4865
f 1815//4866 1813//4866 2735//4866
f 1358//4867 2739//4867 1357//4867
f 2737//4868 2739//4868 1358//4868
f 2738//4869 1810//4869 2740//4869
f 1813//4870 1810//4870 2738//4870
f 1810//4871 2741//4871 2740//4871
f 1357//4872 2742//4872 1353//4872
f 2739//4873 2742//4873 1357//4873
f 1810//4874 1806//4874 2741//4874
f 1806//4875 2743//4875 2741//4875
f 2742//4876 2744//4876 1353//4876
f 1353//4877 2744//4877 1348//4877
f 1806//4878 1804//4878 2743//4878
f 1804//4879 2745//4879 2743//4879
f 2744//4880 2746//4880 1348//4880
f 1348//4881 2746//4881 1345//4881
f 1804//4882 1800//4882 2745//4882
f 1800//4883 2747//4883 2745//4883
f 2746//4884 2748//4884 1345//4884
f 1345//4885 2748//4885 1346//4885
f 1800//4886 1795//4886 2747//4886
f 1795//4887 2749//4887 2747//4887
f 2748//4888 2750//4888 1346//4888
f 1346//4889 2750//4889 1350//4889
f 1795//4890 1792//4890 2749//4890
f 1792//4891 2751//4891 2749//4891
f 2750//4892 2752//4892 1350//4892
f 1350//4893 2752//4893 1351//4893
f 2751//4894 1794//4894 2753//4894
f 1792//4895 1794//4895 2751//4895
f 2752//4896 2754//4896 1351//4896
f 1351//4897 2754//4897 1355//4897
f 2753//4898 1798//4898 2755//4898
f 1794//4899 1798//4899 2753//4899
f 1355//4900 2756//4900 1360//4900
f 2754//4901 2756//4901 1355//4901
f 2755//4902 1799//4902 2757//4902
f 1798//4903 1799//4903 2755//4903
f 1360//4904 2758//4904 1364//4904
f 2756//4905 2758//4905 1360//4905
f 2757//4906 1803//4906 2759//4906
f 1799//4907 1803//4907 2757//4907
f 1364//4908 2760//4908 1369//4908
f 2758//4909 2760//4909 1364//4909
f 2759//4910 1808//4910 2761//4910
f 1803//4911 1808//4911 2759//4911
f 1369//4912 2762//4912 1373//4912
f 2760//4913 2762//4913 1369//4913
f 2761//4914 1812//4914 2763//4914
f 1808//4915 1812//4915 2761//4915
f 2762//4916 2764//4916 1373//4916
f 2764//4917 1375//4917 1373//4917
f 2763//4918 1817//4918 2765//4918
f 1812//4919 1817//4919 2763//4919
f 2764//4920 2766//4920 1375//4920
f 2766//4921 1380//4921 1375//4921
f 2766//4922 2767//4922 1380//4922
f 2765//4923 1821//4923 2768//4923
f 1817//4924 1821//4924 2765//4924
f 2767//4925 1382//4925 1380//4925
f 2767//4926 2769//4926 1382//4926
f 2768//4927 1823//4927 2770//4927
f 1821//4928 1823//4928 2768//4928
f 2769//4929 1386//4929 1382//4929
f 2769//4930 2771//4930 1386//4930
f 2770//4931 1828//4931 2772//4931
f 1823//4932 1828//4932 2770//4932
f 2771//4933 1391//4933 1386//4933
f 2771//4934 2773//4934 1391//4934
f 2772//4935 1830//4935 2774//4935
f 1828//4936 1830//4936 2772//4936
f 2773//4937 1393//4937 1391//4937
f 2773//4938 2775//4938 1393//4938
f 2774//4939 1834//4939 2776//4939
f 1830//4940 1834//4940 2774//4940
f 2775//4941 1397//4941 1393//4941
f 2775//4942 2777//4942 1397//4942
f 2776//4943 1839//4943 2778//4943
f 1834//4944 1839//4944 2776//4944
f 2777//4945 2779//4945 1397//4945
f 1397//4946 2779//4946 1399//4946
f 2778//4947 1841//4947 2780//4947
f 1839//4948 1841//4948 2778//4948
f 1399//4949 2781//4949 1403//4949
f 2779//4950 2781//4950 1399//4950
f 2780//4951 1845//4951 2782//4951
f 1841//4952 1845//4952 2780//4952
f 1845//4953 2783//4953 2782//4953
f 1403//4954 2784//4954 1407//4954
f 2781//4955 2784//4955 1403//4955
f 1845//4956 1847//4956 2783//4956
f 1847//4957 2785//4957 2783//4957
f 1407//4958 2786//4958 1318//4958
f 2784//4959 2786//4959 1407//4959
f 1847//4960 1851//4960 2785//4960
f 1851//4961 2787//4961 2785//4961
f 1318//4962 2788//4962 1314//4962
f 2786//4963 2788//4963 1318//4963
f 1851//4964 1855//4964 2787//4964
f 1855//4965 2789//4965 2787//4965
f 1314//4966 2790//4966 1310//4966
f 2788//4967 2790//4967 1314//4967
f 1855//4968 1766//4968 2789//4968
f 1766//4969 2791//4969 2789//4969
f 1310//4970 2792//4970 1308//4970
f 2790//4971 2792//4971 1310//4971
f 1766//4972 1762//4972 2791//4972
f 1762//4973 2793//4973 2791//4973
f 2792//4974 2794//4974 1308//4974
f 1308//4975 2794//4975 1304//4975
f 1762//4976 1758//4976 2793//4976
f 2793//4977 1758//4977 2795//4977
f 2794//4978 2796//4978 1304//4978
f 1304//4979 2796//4979 1302//4979
f 1758//4980 1756//4980 2795//4980
f 2795//4981 1756//4981 2797//4981
f 2796//4982 2798//4982 1302//4982
f 1302//4983 2798//4983 1297//4983
f 1756//4984 1752//4984 2797//4984
f 2797//4985 1752//4985 2799//4985
f 2798//4986 2800//4986 1297//4986
f 1297//4987 2800//4987 1293//4987
f 1752//4988 1750//4988 2799//4988
f 2799//4989 1750//4989 2801//4989
f 1293//4990 2802//4990 1291//4990
f 2800//4991 2802//4991 1293//4991
f 1750//4992 1745//4992 2801//4992
f 2801//4993 1745//4993 2803//4993
f 1291//4994 2804//4994 1286//4994
f 2802//4995 2804//4995 1291//4995
f 1745//4996 1741//4996 2803//4996
f 2803//4997 1741//4997 2805//4997
f 2804//4998 2806//4998 1286//4998
f 2806//4999 1284//4999 1286//4999
f 1741//5000 1739//5000 2805//5000
f 2805//5001 1739//5001 2807//5001
f 1284//5002 2808//5002 1280//5002
f 2806//5003 2808//5003 1284//5003
f 1739//5004 1734//5004 2807//5004
f 2807//5005 1734//5005 2809//5005
f 1280//5006 2810//5006 1275//5006
f 2808//5007 2810//5007 1280//5007
f 1734//5008 1732//5008 2809//5008
f 2809//5009 1732//5009 2811//5009
f 1275//5010 2812//5010 1271//5010
f 2810//5011 2812//5011 1275//5011
f 1732//5012 1728//5012 2811//5012
f 2811//5013 1728//5013 2813//5013
f 1271//5014 2814//5014 1266//5014
f 2812//5015 2814//5015 1271//5015
f 1728//5016 1723//5016 2813//5016
f 2813//5017 1723//5017 2815//5017
f 2814//5018 2816//5018 1266//5018
f 2816//5019 1261//5019 1266//5019
f 2815//5020 1719//5020 2817//5020
f 1723//5021 1719//5021 2815//5021
f 2816//5022 2818//5022 1261//5022
f 2818//5023 1256//5023 1261//5023
f 2817//5024 1714//5024 2819//5024
f 1719//5025 1714//5025 2817//5025
f 2818//5026 2820//5026 1256//5026
f 2820//5027 1259//5027 1256//5027
f 1714//5028 1710//5028 2819//5028
f 2819//5029 1710//5029 2821//5029
f 2820//5030 2822//5030 1259//5030
f 2822//5031 1264//5031 1259//5031
f 1710//5032 1705//5032 2821//5032
f 2821//5033 1705//5033 2823//5033
f 2822//5034 2824//5034 1264//5034
f 2824//5035 1268//5035 1264//5035
f 1705//5036 1708//5036 2823//5036
f 2823//5037 1708//5037 2825//5037
f 2824//5038 2826//5038 1268//5038
f 2826//5039 1273//5039 1268//5039
f 1708//5040 1713//5040 2825//5040
f 2825//5041 1713//5041 2827//5041
f 2826//5042 2828//5042 1273//5042
f 1713//5043 1717//5043 2827//5043
f 2827//5044 1717//5044 2829//5044
f 2828//5045 1277//5045 1273//5045
f 1717//5046 1722//5046 2829//5046
f 1722//5047 2830//5047 2829//5047
f 2828//5048 2831//5048 1277//5048
f 2831//5049 1282//5049 1277//5049
f 1722//5050 1726//5050 2830//5050
f 2830//5051 1726//5051 2832//5051
f 2832//5052 1731//5052 2831//5052
f 2831//5053 1731//5053 1282//5053
f 1726//5054 1731//5054 2832//5054
f 1288//5055 1736//5055 1295//5055
f 1282//5056 1736//5056 1288//5056
f 1731//5057 1736//5057 1282//5057
f 1295//5058 1743//5058 1299//5058
f 1736//5059 1743//5059 1295//5059
f 1299//5060 1748//5060 1306//5060
f 1743//5061 1748//5061 1299//5061
f 1306//5062 1755//5062 1312//5062
f 1748//5063 1755//5063 1306//5063
f 1755//5064 1760//5064 1312//5064
f 1312//5065 1765//5065 1316//5065
f 1760//5066 1765//5066 1312//5066
f 1316//5067 1767//5067 1319//5067
f 1765//5068 1767//5068 1316//5068
f 1319//5069 1770//5069 1322//5069
f 1767//5070 1770//5070 1319//5070
f 1322//5071 1772//5071 1324//5071
f 1770//5072 1772//5072 1322//5072
f 1324//5073 1775//5073 1326//5073
f 1772//5074 1775//5074 1324//5074
f 1775//5075 1776//5075 1326//5075
f 1326//5076 1776//5076 1328//5076
f 1328//5077 1780//5077 1331//5077
f 1776//5078 1780//5078 1328//5078
f 1331//5079 1782//5079 1333//5079
f 1780//5080 1782//5080 1331//5080
f 1333//5081 1784//5081 1335//5081
f 1782//5082 1784//5082 1333//5082
f 1335//5083 1785//5083 1337//5083
f 1784//5084 1785//5084 1335//5084
f 1337//5085 1788//5085 1340//5085
f 1785//5086 1788//5086 1337//5086
f 1340//5087 1791//5087 1342//5087
f 1788//5088 1791//5088 1340//5088
f 1880//5089 1432//5089 1431//5089
f 1879//5090 1880//5090 1431//5090
f 1482//5091 1928//5091 1481//5091
f 1481//5092 1928//5092 1480//5092
f 1480//5093 1927//5093 1479//5093
f 1928//5094 1927//5094 1480//5094
f 1479//5095 1926//5095 1478//5095
f 1927//5096 1926//5096 1479//5096
f 1477//5097 1925//5097 1476//5097
f 1478//5098 1925//5098 1477//5098
f 1926//5099 1925//5099 1478//5099
f 1476//5100 1924//5100 1475//5100
f 1925//5101 1924//5101 1476//5101
f 1924//5102 1923//5102 1475//5102
f 1475//5103 1923//5103 1474//5103
f 1923//5104 1922//5104 1474//5104
f 1474//5105 1922//5105 1473//5105
f 1922//5106 1921//5106 1473//5106
f 1921//5107 1920//5107 1473//5107
f 1473//5108 1920//5108 1472//5108
f 1920//5109 1919//5109 1472//5109
f 1472//5110 1919//5110 1471//5110
f 1919//5111 1918//5111 1471//5111
f 1471//5112 1918//5112 1470//5112
f 1918//5113 1917//5113 1470//5113
f 1470//5114 1917//5114 1469//5114
f 1917//5115 1916//5115 1469//5115
f 1469//5116 1916//5116 1468//5116
f 1916//5117 1915//5117 1468//5117
f 1468//5118 1915//5118 1467//5118
f 1915//5119 1914//5119 1467//5119
f 1467//5120 1914//5120 1466//5120
f 1914//5121 1913//5121 1466//5121
f 1466//5122 1913//5122 1465//5122
f 1913//5123 1912//5123 1465//5123
f 1465//5124 1912//5124 1464//5124
f 1912//5125 1911//5125 1464//5125
f 1464//5126 1911//5126 1463//5126
f 1911//5127 1910//5127 1463//5127
f 1463//5128 1910//5128 1462//5128
f 1910//5129 1909//5129 1462//5129
f 1462//5130 1909//5130 1461//5130
f 1909//5131 1908//5131 1461//5131
f 1461//5132 1908//5132 1460//5132
f 1458//5133 2833//5133 1457//5133
f 1459//5134 2833//5134 1458//5134
f 1460//5135 1907//5135 1459//5135
f 1908//5136 1907//5136 1460//5136
f 2833//5137 2834//5137 1457//5137
f 2834//5138 1456//5138 1457//5138
f 1459//5139 2835//5139 2833//5139
f 1907//5140 2835//5140 1459//5140
f 2834//5141 2836//5141 1456//5141
f 1907//5142 1906//5142 2835//5142
f 1456//5143 2837//5143 1455//5143
f 2836//5144 2837//5144 1456//5144
f 2835//5145 1905//5145 2838//5145
f 1906//5146 1905//5146 2835//5146
f 1455//5147 2839//5147 1454//5147
f 2837//5148 2839//5148 1455//5148
f 2838//5149 1904//5149 2840//5149
f 1905//5150 1904//5150 2838//5150
f 1904//5151 2841//5151 2840//5151
f 1454//5152 2842//5152 1453//5152
f 2839//5153 2842//5153 1454//5153
f 1904//5154 1903//5154 2841//5154
f 1903//5155 2843//5155 2841//5155
f 2842//5156 2844//5156 1453//5156
f 1453//5157 2844//5157 1452//5157
f 1903//5158 1902//5158 2843//5158
f 1902//5159 2845//5159 2843//5159
f 2844//5160 2846//5160 1452//5160
f 1452//5161 2846//5161 1451//5161
f 1902//5162 1901//5162 2845//5162
f 1901//5163 2847//5163 2845//5163
f 2846//5164 2848//5164 1451//5164
f 1451//5165 2848//5165 1450//5165
f 1901//5166 1900//5166 2847//5166
f 1900//5167 2849//5167 2847//5167
f 2848//5168 2850//5168 1450//5168
f 1450//5169 2850//5169 1449//5169
f 1900//5170 1899//5170 2849//5170
f 1899//5171 2851//5171 2849//5171
f 2850//5172 2852//5172 1449//5172
f 1449//5173 2852//5173 1448//5173
f 2851//5174 1898//5174 2853//5174
f 1899//5175 1898//5175 2851//5175
f 2852//5176 2854//5176 1448//5176
f 1448//5177 2854//5177 1447//5177
f 2853//5178 1897//5178 2855//5178
f 1898//5179 1897//5179 2853//5179
f 1447//5180 2856//5180 1446//5180
f 2854//5181 2856//5181 1447//5181
f 2855//5182 1896//5182 2857//5182
f 1897//5183 1896//5183 2855//5183
f 1446//5184 2858//5184 1445//5184
f 2856//5185 2858//5185 1446//5185
f 2857//5186 1895//5186 2859//5186
f 1896//5187 1895//5187 2857//5187
f 1445//5188 2860//5188 1444//5188
f 2858//5189 2860//5189 1445//5189
f 2859//5190 1894//5190 2861//5190
f 1895//5191 1894//5191 2859//5191
f 1444//5192 2862//5192 1443//5192
f 2860//5193 2862//5193 1444//5193
f 2861//5194 1893//5194 2863//5194
f 1894//5195 1893//5195 2861//5195
f 2862//5196 2864//5196 1443//5196
f 2864//5197 1442//5197 1443//5197
f 2863//5198 1892//5198 2865//5198
f 1893//5199 1892//5199 2863//5199
f 2864//5200 2866//5200 1442//5200
f 2866//5201 1441//5201 1442//5201
f 2866//5202 2867//5202 1441//5202
f 2865//5203 1891//5203 2868//5203
f 1892//5204 1891//5204 2865//5204
f 2867//5205 1440//5205 1441//5205
f 2867//5206 2869//5206 1440//5206
f 2868//5207 1890//5207 2870//5207
f 1891//5208 1890//5208 2868//5208
f 2869//5209 1439//5209 1440//5209
f 2869//5210 2871//5210 1439//5210
f 2870//5211 1889//5211 2872//5211
f 1890//5212 1889//5212 2870//5212
f 2871//5213 1438//5213 1439//5213
f 2871//5214 2873//5214 1438//5214
f 2872//5215 1888//5215 2874//5215
f 1889//5216 1888//5216 2872//5216
f 2873//5217 1437//5217 1438//5217
f 2873//5218 2875//5218 1437//5218
f 2874//5219 1887//5219 2876//5219
f 1888//5220 1887//5220 2874//5220
f 2875//5221 1436//5221 1437//5221
f 2875//5222 2877//5222 1436//5222
f 2876//5223 1886//5223 2878//5223
f 1887//5224 1886//5224 2876//5224
f 2877//5225 2879//5225 1436//5225
f 1436//5226 2879//5226 1435//5226
f 2878//5227 1885//5227 2880//5227
f 1886//5228 1885//5228 2878//5228
f 1435//5229 2881//5229 1434//5229
f 2879//5230 2881//5230 1435//5230
f 2880//5231 1884//5231 2882//5231
f 1885//5232 1884//5232 2880//5232
f 1884//5233 2883//5233 2882//5233
f 1434//5234 2884//5234 1433//5234
f 2881//5235 2884//5235 1434//5235
f 1884//5236 1883//5236 2883//5236
f 1883//5237 2885//5237 2883//5237
f 1433//5238 2886//5238 1406//5238
f 2884//5239 2886//5239 1433//5239
f 1883//5240 1882//5240 2885//5240
f 1882//5241 2887//5241 2885//5241
f 1406//5242 2888//5242 1402//5242
f 2886//5243 2888//5243 1406//5243
f 1882//5244 1881//5244 2887//5244
f 1881//5245 2889//5245 2887//5245
f 1402//5246 2890//5246 1398//5246
f 2888//5247 2890//5247 1402//5247
f 1881//5248 1854//5248 2889//5248
f 1854//5249 2891//5249 2889//5249
f 1398//5250 2892//5250 1396//5250
f 2890//5251 2892//5251 1398//5251
f 1854//5252 1850//5252 2891//5252
f 1850//5253 2893//5253 2891//5253
f 2892//5254 2894//5254 1396//5254
f 1396//5255 2894//5255 1392//5255
f 1850//5256 1846//5256 2893//5256
f 2893//5257 1846//5257 2895//5257
f 2894//5258 2896//5258 1392//5258
f 1392//5259 2896//5259 1390//5259
f 1846//5260 1844//5260 2895//5260
f 2895//5261 1844//5261 2897//5261
f 2896//5262 2898//5262 1390//5262
f 1390//5263 2898//5263 1385//5263
f 1844//5264 1840//5264 2897//5264
f 2897//5265 1840//5265 2899//5265
f 2898//5266 2900//5266 1385//5266
f 1385//5267 2900//5267 1381//5267
f 1840//5268 1838//5268 2899//5268
f 2899//5269 1838//5269 2901//5269
f 1381//5270 2902//5270 1379//5270
f 2900//5271 2902//5271 1381//5271
f 1838//5272 1833//5272 2901//5272
f 2901//5273 1833//5273 2903//5273
f 1379//5274 2904//5274 1374//5274
f 2902//5275 2904//5275 1379//5275
f 1833//5276 1829//5276 2903//5276
f 2903//5277 1829//5277 2905//5277
f 2904//5278 2906//5278 1374//5278
f 2906//5279 1372//5279 1374//5279
f 1829//5280 1827//5280 2905//5280
f 2905//5281 1827//5281 2907//5281
f 1372//5282 2908//5282 1368//5282
f 2906//5283 2908//5283 1372//5283
f 1827//5284 1822//5284 2907//5284
f 2907//5285 1822//5285 2909//5285
f 1368//5286 2910//5286 1363//5286
f 2908//5287 2910//5287 1368//5287
f 1822//5288 1820//5288 2909//5288
f 2909//5289 1820//5289 2911//5289
f 1363//5290 2912//5290 1359//5290
f 2910//5291 2912//5291 1363//5291
f 1820//5292 1816//5292 2911//5292
f 2911//5293 1816//5293 2913//5293
f 1359//5294 2914//5294 1354//5294
f 2912//5295 2914//5295 1359//5295
f 1816//5296 1811//5296 2913//5296
f 2913//5297 1811//5297 2915//5297
f 2914//5298 2916//5298 1354//5298
f 2916//5299 1349//5299 1354//5299
f 2915//5300 1807//5300 2917//5300
f 1811//5301 1807//5301 2915//5301
f 2916//5302 2918//5302 1349//5302
f 2918//5303 1344//5303 1349//5303
f 2917//5304 1802//5304 2919//5304
f 1807//5305 1802//5305 2917//5305
f 2918//5306 2920//5306 1344//5306
f 2920//5307 1347//5307 1344//5307
f 1802//5308 1797//5308 2919//5308
f 2919//5309 1797//5309 2921//5309
f 2920//5310 2922//5310 1347//5310
f 2922//5311 1352//5311 1347//5311
f 1797//5312 1793//5312 2921//5312
f 2921//5313 1793//5313 2923//5313
f 2922//5314 2924//5314 1352//5314
f 2924//5315 1356//5315 1352//5315
f 1793//5316 1796//5316 2923//5316
f 2923//5317 1796//5317 2925//5317
f 2924//5318 2926//5318 1356//5318
f 2926//5319 1361//5319 1356//5319
f 1796//5320 1801//5320 2925//5320
f 2925//5321 1801//5321 2927//5321
f 2926//5322 2928//5322 1361//5322
f 1801//5323 1805//5323 2927//5323
f 2927//5324 1805//5324 2929//5324
f 2928//5325 1365//5325 1361//5325
f 1805//5326 1809//5326 2929//5326
f 1809//5327 2930//5327 2929//5327
f 2928//5328 2931//5328 1365//5328
f 2931//5329 1370//5329 1365//5329
f 1809//5330 1814//5330 2930//5330
f 2930//5331 1814//5331 2932//5331
f 1370//5332 1818//5332 1376//5332
f 2932//5333 1818//5333 2931//5333
f 2931//5334 1818//5334 1370//5334
f 1814//5335 1818//5335 2932//5335
f 1376//5336 1825//5336 1383//5336
f 1818//5337 1825//5337 1376//5337
f 1383//5338 1832//5338 1387//5338
f 1825//5339 1832//5339 1383//5339
f 1387//5340 1836//5340 1394//5340
f 1832//5341 1836//5341 1387//5341
f 1394//5342 1843//5342 1400//5342
f 1836//5343 1843//5343 1394//5343
f 1400//5344 1848//5344 1404//5344
f 1843//5345 1848//5345 1400//5345
f 1404//5346 1853//5346 1408//5346
f 1848//5347 1853//5347 1404//5347
f 1408//5348 1856//5348 1411//5348
f 1853//5349 1856//5349 1408//5349
f 1411//5350 1859//5350 1413//5350
f 1856//5351 1859//5351 1411//5351
f 1413//5352 1861//5352 1415//5352
f 1859//5353 1861//5353 1413//5353
f 1415//5354 1863//5354 1417//5354
f 1861//5355 1863//5355 1415//5355
f 1417//5356 1866//5356 1420//5356
f 1863//5357 1866//5357 1417//5357
f 1866//5358 1868//5358 1420//5358
f 1420//5359 1868//5359 1422//5359
f 1422//5360 1870//5360 1424//5360
f 1868//5361 1870//5361 1422//5361
f 1424//5362 1872//5362 1426//5362
f 1870//5363 1872//5363 1424//5363
f 1426//5364 1875//5364 1429//5364
f 1872//5365 1875//5365 1426//5365
f 1875//5366 1877//5366 1429//5366
f 1429//5367 1879//5367 1431//5367
f 1877//5368 1879//5368 1429//5368
f 1932//5369 2036//5369 2035//5369
f 1932//5370 2035//5370 1929//5370
f 2040//5371 2144//5371 2143//5371
f 2040//5372 2143//5372 2037//5372
f 2148//5373 2252//5373 2251//5373
f 2148//5374 2251//5374 2145//5374
f 2360//5375 2359//5375 2253//5375
f 2256//5376 2360//5376 2253//5376
f 2364//5377 2427//5377 2422//5377
f 2364//5378 2422//5378 2361//5378
f 2933//5379 2431//5379 2421//5379
f 2421//5380 2431//5380 2432//5380
f 2430//5381 2934//5381 2429//5381
f 2429//5382 2934//5382 2423//5382
f 2423//5383 2421//5383 2429//5383
f 2429//5384 2421//5384 2432//5384
f 2933//5385 2934//5385 2431//5385
f 2431//5386 2934//5386 2430//5386
f 2425//5387 2424//5387 2428//5387
f 2424//5388 2423//5388 2428//5388
f 2935//5389 2936//5389 2937//5389
f 2428//5390 2934//5390 2935//5390
f 2423//5391 2934//5391 2428//5391
f 2935//5392 2934//5392 2936//5392
f 2422//5393 2427//5393 2426//5393
f 2421//5394 2422//5394 2426//5394
f 2938//5395 2939//5395 2940//5395
f 2933//5396 2426//5396 2939//5396
f 2933//5397 2421//5397 2426//5397
f 2933//5398 2939//5398 2938//5398
f 2428//5399 2939//5399 2426//5399
f 2935//5400 2939//5400 2428//5400
f 2940//5401 2532//5401 2938//5401
f 2938//5402 2532//5402 2531//5402
f 2525//5403 2939//5403 2523//5403
f 2521//5404 2523//5404 2939//5404
f 2527//5405 2939//5405 2525//5405
f 2519//5406 2521//5406 2939//5406
f 2517//5407 2519//5407 2939//5407
f 2529//5408 2939//5408 2527//5408
f 2515//5409 2517//5409 2939//5409
f 2530//5410 2939//5410 2529//5410
f 2513//5411 2515//5411 2939//5411
f 2532//5412 2940//5412 2939//5412
f 2532//5413 2939//5413 2530//5413
f 2511//5414 2513//5414 2939//5414
f 2509//5415 2511//5415 2939//5415
f 2507//5416 2509//5416 2939//5416
f 2505//5417 2507//5417 2939//5417
f 2503//5418 2505//5418 2939//5418
f 2501//5419 2503//5419 2939//5419
f 2499//5420 2501//5420 2939//5420
f 2497//5421 2499//5421 2939//5421
f 2495//5422 2497//5422 2939//5422
f 2493//5423 2495//5423 2939//5423
f 2491//5424 2493//5424 2939//5424
f 2489//5425 2491//5425 2939//5425
f 2487//5426 2489//5426 2939//5426
f 2623//5427 2449//5427 2451//5427
f 2625//5428 2449//5428 2623//5428
f 2625//5429 2447//5429 2449//5429
f 2621//5430 2623//5430 2451//5430
f 2621//5431 2453//5431 2455//5431
f 2621//5432 2451//5432 2453//5432
f 2627//5433 2447//5433 2625//5433
f 2627//5434 2445//5434 2447//5434
f 2627//5435 2443//5435 2445//5435
f 2619//5436 2621//5436 2455//5436
f 2619//5437 2455//5437 2457//5437
f 2617//5438 2619//5438 2457//5438
f 2617//5439 2457//5439 2459//5439
f 2629//5440 2441//5440 2443//5440
f 2629//5441 2443//5441 2627//5441
f 2615//5442 2459//5442 2461//5442
f 2615//5443 2617//5443 2459//5443
f 2630//5444 2441//5444 2629//5444
f 2630//5445 2440//5445 2441//5445
f 2630//5446 2438//5446 2440//5446
f 2613//5447 2461//5447 2463//5447
f 2613//5448 2615//5448 2461//5448
f 2632//5449 2438//5449 2630//5449
f 2632//5450 2435//5450 2438//5450
f 2611//5451 2465//5451 2468//5451
f 2611//5452 2463//5452 2465//5452
f 2611//5453 2613//5453 2463//5453
f 2609//5454 2468//5454 2470//5454
f 2609//5455 2611//5455 2468//5455
f 2607//5456 2470//5456 2472//5456
f 2607//5457 2609//5457 2470//5457
f 2605//5458 2472//5458 2474//5458
f 2605//5459 2607//5459 2472//5459
f 2603//5460 2474//5460 2476//5460
f 2603//5461 2605//5461 2474//5461
f 2601//5462 2476//5462 2478//5462
f 2601//5463 2603//5463 2476//5463
f 2599//5464 2478//5464 2480//5464
f 2599//5465 2601//5465 2478//5465
f 2597//5466 2480//5466 2482//5466
f 2597//5467 2599//5467 2480//5467
f 2595//5468 2597//5468 2482//5468
f 2595//5469 2482//5469 2483//5469
f 2593//5470 2595//5470 2483//5470
f 2593//5471 2483//5471 2485//5471
f 2591//5472 2485//5472 2487//5472
f 2591//5473 2593//5473 2485//5473
f 2589//5474 2487//5474 2939//5474
f 2589//5475 2591//5475 2487//5475
f 2587//5476 2589//5476 2939//5476
f 2723//5477 2549//5477 2551//5477
f 2725//5478 2549//5478 2723//5478
f 2725//5479 2547//5479 2549//5479
f 2721//5480 2553//5480 2555//5480
f 2721//5481 2551//5481 2553//5481
f 2721//5482 2723//5482 2551//5482
f 2727//5483 2547//5483 2725//5483
f 2727//5484 2545//5484 2547//5484
f 2727//5485 2543//5485 2545//5485
f 2719//5486 2721//5486 2555//5486
f 2719//5487 2555//5487 2557//5487
f 2717//5488 2719//5488 2557//5488
f 2717//5489 2557//5489 2559//5489
f 2729//5490 2543//5490 2727//5490
f 2729//5491 2541//5491 2543//5491
f 2715//5492 2717//5492 2559//5492
f 2715//5493 2559//5493 2561//5493
f 2730//5494 2540//5494 2541//5494
f 2730//5495 2538//5495 2540//5495
f 2730//5496 2541//5496 2729//5496
f 2713//5497 2715//5497 2561//5497
f 2713//5498 2561//5498 2563//5498
f 2732//5499 2535//5499 2538//5499
f 2732//5500 2538//5500 2730//5500
f 2711//5501 2713//5501 2563//5501
f 2711//5502 2565//5502 2568//5502
f 2711//5503 2563//5503 2565//5503
f 2709//5504 2711//5504 2568//5504
f 2709//5505 2568//5505 2570//5505
f 2707//5506 2709//5506 2570//5506
f 2707//5507 2570//5507 2572//5507
f 2705//5508 2572//5508 2574//5508
f 2705//5509 2707//5509 2572//5509
f 2703//5510 2574//5510 2576//5510
f 2703//5511 2705//5511 2574//5511
f 2701//5512 2576//5512 2578//5512
f 2701//5513 2703//5513 2576//5513
f 2699//5514 2578//5514 2580//5514
f 2699//5515 2701//5515 2578//5515
f 2697//5516 2580//5516 2582//5516
f 2697//5517 2699//5517 2580//5517
f 2695//5518 2582//5518 2583//5518
f 2695//5519 2697//5519 2582//5519
f 2693//5520 2583//5520 2585//5520
f 2693//5521 2695//5521 2583//5521
f 2691//5522 2693//5522 2585//5522
f 2691//5523 2585//5523 2587//5523
f 2689//5524 2691//5524 2587//5524
f 2689//5525 2587//5525 2939//5525
f 2823//5526 2649//5526 2651//5526
f 2825//5527 2649//5527 2823//5527
f 2825//5528 2647//5528 2649//5528
f 2821//5529 2823//5529 2651//5529
f 2821//5530 2653//5530 2655//5530
f 2821//5531 2651//5531 2653//5531
f 2827//5532 2647//5532 2825//5532
f 2827//5533 2645//5533 2647//5533
f 2827//5534 2643//5534 2645//5534
f 2819//5535 2821//5535 2655//5535
f 2819//5536 2655//5536 2657//5536
f 2817//5537 2819//5537 2657//5537
f 2817//5538 2657//5538 2659//5538
f 2829//5539 2641//5539 2643//5539
f 2829//5540 2643//5540 2827//5540
f 2815//5541 2659//5541 2661//5541
f 2815//5542 2817//5542 2659//5542
f 2830//5543 2641//5543 2829//5543
f 2830//5544 2640//5544 2641//5544
f 2830//5545 2638//5545 2640//5545
f 2813//5546 2661//5546 2663//5546
f 2813//5547 2815//5547 2661//5547
f 2832//5548 2638//5548 2830//5548
f 2832//5549 2635//5549 2638//5549
f 2811//5550 2813//5550 2663//5550
f 2811//5551 2665//5551 2668//5551
f 2811//5552 2663//5552 2665//5552
f 2809//5553 2668//5553 2670//5553
f 2809//5554 2811//5554 2668//5554
f 2807//5555 2670//5555 2672//5555
f 2807//5556 2809//5556 2670//5556
f 2805//5557 2672//5557 2674//5557
f 2805//5558 2807//5558 2672//5558
f 2803//5559 2674//5559 2676//5559
f 2803//5560 2805//5560 2674//5560
f 2801//5561 2803//5561 2676//5561
f 2801//5562 2676//5562 2678//5562
f 2799//5563 2678//5563 2680//5563
f 2799//5564 2801//5564 2678//5564
f 2797//5565 2680//5565 2682//5565
f 2797//5566 2799//5566 2680//5566
f 2795//5567 2682//5567 2683//5567
f 2795//5568 2797//5568 2682//5568
f 2793//5569 2683//5569 2685//5569
f 2793//5570 2795//5570 2683//5570
f 2791//5571 2685//5571 2687//5571
f 2791//5572 2793//5572 2685//5572
f 2789//5573 2791//5573 2687//5573
f 2923//5574 2749//5574 2751//5574
f 2925//5575 2749//5575 2923//5575
f 2925//5576 2747//5576 2749//5576
f 2921//5577 2923//5577 2751//5577
f 2921//5578 2753//5578 2755//5578
f 2921//5579 2751//5579 2753//5579
f 2927//5580 2747//5580 2925//5580
f 2927//5581 2745//5581 2747//5581
f 2927//5582 2743//5582 2745//5582
f 2919//5583 2921//5583 2755//5583
f 2919//5584 2755//5584 2757//5584
f 2917//5585 2919//5585 2757//5585
f 2917//5586 2757//5586 2759//5586
f 2929//5587 2741//5587 2743//5587
f 2929//5588 2743//5588 2927//5588
f 2915//5589 2917//5589 2759//5589
f 2915//5590 2759//5590 2761//5590
f 2930//5591 2740//5591 2741//5591
f 2930//5592 2738//5592 2740//5592
f 2930//5593 2741//5593 2929//5593
f 2913//5594 2915//5594 2761//5594
f 2913//5595 2761//5595 2763//5595
f 2932//5596 2735//5596 2738//5596
f 2932//5597 2738//5597 2930//5597
f 2911//5598 2913//5598 2763//5598
f 2911//5599 2765//5599 2768//5599
f 2911//5600 2763//5600 2765//5600
f 2909//5601 2911//5601 2768//5601
f 2909//5602 2768//5602 2770//5602
f 2907//5603 2909//5603 2770//5603
f 2907//5604 2770//5604 2772//5604
f 2905//5605 2907//5605 2772//5605
f 2905//5606 2772//5606 2774//5606
f 2903//5607 2774//5607 2776//5607
f 2903//5608 2905//5608 2774//5608
f 2901//5609 2776//5609 2778//5609
f 2901//5610 2903//5610 2776//5610
f 2899//5611 2778//5611 2780//5611
f 2899//5612 2901//5612 2778//5612
f 2897//5613 2780//5613 2782//5613
f 2897//5614 2899//5614 2780//5614
f 2895//5615 2782//5615 2783//5615
f 2895//5616 2897//5616 2782//5616
f 2893//5617 2783//5617 2785//5617
f 2893//5618 2895//5618 2783//5618
f 2891//5619 2785//5619 2787//5619
f 2891//5620 2893//5620 2785//5620
f 2889//5621 2891//5621 2787//5621
f 2935//5622 2689//5622 2939//5622
f 2935//5623 2687//5623 2689//5623
f 2935//5624 2887//5624 2889//5624
f 2935//5625 2885//5625 2887//5625
f 2935//5626 2883//5626 2885//5626
f 2935//5627 2882//5627 2883//5627
f 2935//5628 2880//5628 2882//5628
f 2935//5629 2878//5629 2880//5629
f 2935//5630 2876//5630 2878//5630
f 2935//5631 2874//5631 2876//5631
f 2935//5632 2872//5632 2874//5632
f 2935//5633 2870//5633 2872//5633
f 2935//5634 2868//5634 2870//5634
f 2935//5635 2865//5635 2868//5635
f 2935//5636 2863//5636 2865//5636
f 2935//5637 2861//5637 2863//5637
f 2935//5638 2859//5638 2861//5638
f 2935//5639 2857//5639 2859//5639
f 2935//5640 2855//5640 2857//5640
f 2935//5641 2853//5641 2855//5641
f 2935//5642 2851//5642 2853//5642
f 2935//5643 2849//5643 2851//5643
f 2935//5644 2789//5644 2687//5644
f 2935//5645 2847//5645 2849//5645
f 2935//5646 2845//5646 2847//5646
f 2935//5647 2843//5647 2845//5647
f 2935//5648 2841//5648 2843//5648
f 2935//5649 2840//5649 2841//5649
f 2935//5650 2838//5650 2840//5650
f 2935//5651 2835//5651 2838//5651
f 2935//5652 2787//5652 2789//5652
f 2935//5653 2889//5653 2787//5653
f 2937//5654 2835//5654 2935//5654
f 2433//5655 2435//5655 2631//5655
f 2435//5656 2632//5656 2631//5656
f 2933//5657 2522//5657 2520//5657
f 2520//5658 2518//5658 2933//5658
f 2933//5659 2524//5659 2522//5659
f 2518//5660 2516//5660 2933//5660
f 2516//5661 2514//5661 2933//5661
f 2933//5662 2526//5662 2524//5662
f 2514//5663 2512//5663 2933//5663
f 2933//5664 2528//5664 2526//5664
f 2512//5665 2510//5665 2933//5665
f 2938//5666 2531//5666 2933//5666
f 2933//5667 2531//5667 2528//5667
f 2510//5668 2508//5668 2933//5668
f 2508//5669 2506//5669 2933//5669
f 2506//5670 2504//5670 2933//5670
f 2504//5671 2502//5671 2933//5671
f 2502//5672 2500//5672 2933//5672
f 2500//5673 2498//5673 2933//5673
f 2498//5674 2496//5674 2933//5674
f 2496//5675 2494//5675 2933//5675
f 2494//5676 2492//5676 2933//5676
f 2492//5677 2490//5677 2933//5677
f 2490//5678 2488//5678 2933//5678
f 2488//5679 2486//5679 2933//5679
f 2486//5680 2484//5680 2933//5680
f 2446//5681 2620//5681 2448//5681
f 2446//5682 2622//5682 2620//5682
f 2444//5683 2622//5683 2446//5683
f 2620//5684 2618//5684 2448//5684
f 2450//5685 2618//5685 2452//5685
f 2448//5686 2618//5686 2450//5686
f 2444//5687 2624//5687 2622//5687
f 2442//5688 2624//5688 2444//5688
f 2439//5689 2624//5689 2442//5689
f 2618//5690 2616//5690 2452//5690
f 2452//5691 2616//5691 2454//5691
f 2616//5692 2614//5692 2454//5692
f 2454//5693 2614//5693 2456//5693
f 2437//5694 2626//5694 2439//5694
f 2439//5695 2626//5695 2624//5695
f 2456//5696 2612//5696 2458//5696
f 2614//5697 2612//5697 2456//5697
f 2437//5698 2628//5698 2626//5698
f 2436//5699 2628//5699 2437//5699
f 2434//5700 2628//5700 2436//5700
f 2458//5701 2610//5701 2460//5701
f 2612//5702 2610//5702 2458//5702
f 2434//5703 2631//5703 2628//5703
f 2433//5704 2631//5704 2434//5704
f 2462//5705 2608//5705 2464//5705
f 2460//5706 2608//5706 2462//5706
f 2610//5707 2608//5707 2460//5707
f 2464//5708 2606//5708 2466//5708
f 2608//5709 2606//5709 2464//5709
f 2466//5710 2604//5710 2467//5710
f 2606//5711 2604//5711 2466//5711
f 2467//5712 2602//5712 2469//5712
f 2604//5713 2602//5713 2467//5713
f 2469//5714 2600//5714 2471//5714
f 2602//5715 2600//5715 2469//5715
f 2471//5716 2598//5716 2473//5716
f 2600//5717 2598//5717 2471//5717
f 2473//5718 2596//5718 2475//5718
f 2598//5719 2596//5719 2473//5719
f 2475//5720 2594//5720 2477//5720
f 2596//5721 2594//5721 2475//5721
f 2594//5722 2592//5722 2477//5722
f 2477//5723 2592//5723 2479//5723
f 2592//5724 2590//5724 2479//5724
f 2479//5725 2590//5725 2481//5725
f 2481//5726 2588//5726 2484//5726
f 2590//5727 2588//5727 2481//5727
f 2484//5728 2586//5728 2933//5728
f 2588//5729 2586//5729 2484//5729
f 2586//5730 2584//5730 2933//5730
f 2546//5731 2720//5731 2548//5731
f 2546//5732 2722//5732 2720//5732
f 2544//5733 2722//5733 2546//5733
f 2550//5734 2718//5734 2552//5734
f 2548//5735 2718//5735 2550//5735
f 2720//5736 2718//5736 2548//5736
f 2544//5737 2724//5737 2722//5737
f 2542//5738 2724//5738 2544//5738
f 2539//5739 2724//5739 2542//5739
f 2718//5740 2716//5740 2552//5740
f 2552//5741 2716//5741 2554//5741
f 2716//5742 2714//5742 2554//5742
f 2554//5743 2714//5743 2556//5743
f 2539//5744 2726//5744 2724//5744
f 2537//5745 2726//5745 2539//5745
f 2714//5746 2712//5746 2556//5746
f 2556//5747 2712//5747 2558//5747
f 2536//5748 2728//5748 2537//5748
f 2534//5749 2728//5749 2536//5749
f 2537//5750 2728//5750 2726//5750
f 2712//5751 2710//5751 2558//5751
f 2558//5752 2710//5752 2560//5752
f 2533//5753 2731//5753 2534//5753
f 2534//5754 2731//5754 2728//5754
f 2710//5755 2708//5755 2560//5755
f 2562//5756 2708//5756 2564//5756
f 2560//5757 2708//5757 2562//5757
f 2708//5758 2706//5758 2564//5758
f 2564//5759 2706//5759 2566//5759
f 2706//5760 2704//5760 2566//5760
f 2566//5761 2704//5761 2567//5761
f 2567//5762 2702//5762 2569//5762
f 2704//5763 2702//5763 2567//5763
f 2569//5764 2700//5764 2571//5764
f 2702//5765 2700//5765 2569//5765
f 2571//5766 2698//5766 2573//5766
f 2700//5767 2698//5767 2571//5767
f 2573//5768 2696//5768 2575//5768
f 2698//5769 2696//5769 2573//5769
f 2575//5770 2694//5770 2577//5770
f 2696//5771 2694//5771 2575//5771
f 2577//5772 2692//5772 2579//5772
f 2694//5773 2692//5773 2577//5773
f 2579//5774 2690//5774 2581//5774
f 2692//5775 2690//5775 2579//5775
f 2690//5776 2688//5776 2581//5776
f 2581//5777 2688//5777 2584//5777
f 2688//5778 2686//5778 2584//5778
f 2584//5779 2686//5779 2933//5779
f 2646//5780 2820//5780 2648//5780
f 2646//5781 2822//5781 2820//5781
f 2644//5782 2822//5782 2646//5782
f 2820//5783 2818//5783 2648//5783
f 2650//5784 2818//5784 2652//5784
f 2648//5785 2818//5785 2650//5785
f 2644//5786 2824//5786 2822//5786
f 2642//5787 2824//5787 2644//5787
f 2639//5788 2824//5788 2642//5788
f 2818//5789 2816//5789 2652//5789
f 2652//5790 2816//5790 2654//5790
f 2816//5791 2814//5791 2654//5791
f 2654//5792 2814//5792 2656//5792
f 2637//5793 2826//5793 2639//5793
f 2639//5794 2826//5794 2824//5794
f 2656//5795 2812//5795 2658//5795
f 2814//5796 2812//5796 2656//5796
f 2637//5797 2828//5797 2826//5797
f 2636//5798 2828//5798 2637//5798
f 2634//5799 2828//5799 2636//5799
f 2658//5800 2810//5800 2660//5800
f 2812//5801 2810//5801 2658//5801
f 2634//5802 2831//5802 2828//5802
f 2633//5803 2831//5803 2634//5803
f 2810//5804 2808//5804 2660//5804
f 2662//5805 2808//5805 2664//5805
f 2660//5806 2808//5806 2662//5806
f 2664//5807 2806//5807 2666//5807
f 2808//5808 2806//5808 2664//5808
f 2666//5809 2804//5809 2667//5809
f 2806//5810 2804//5810 2666//5810
f 2667//5811 2802//5811 2669//5811
f 2804//5812 2802//5812 2667//5812
f 2669//5813 2800//5813 2671//5813
f 2802//5814 2800//5814 2669//5814
f 2800//5815 2798//5815 2671//5815
f 2671//5816 2798//5816 2673//5816
f 2673//5817 2796//5817 2675//5817
f 2798//5818 2796//5818 2673//5818
f 2675//5819 2794//5819 2677//5819
f 2796//5820 2794//5820 2675//5820
f 2677//5821 2792//5821 2679//5821
f 2794//5822 2792//5822 2677//5822
f 2679//5823 2790//5823 2681//5823
f 2792//5824 2790//5824 2679//5824
f 2681//5825 2788//5825 2684//5825
f 2790//5826 2788//5826 2681//5826
f 2788//5827 2786//5827 2684//5827
f 2746//5828 2920//5828 2748//5828
f 2746//5829 2922//5829 2920//5829
f 2744//5830 2922//5830 2746//5830
f 2920//5831 2918//5831 2748//5831
f 2750//5832 2918//5832 2752//5832
f 2748//5833 2918//5833 2750//5833
f 2744//5834 2924//5834 2922//5834
f 2742//5835 2924//5835 2744//5835
f 2739//5836 2924//5836 2742//5836
f 2918//5837 2916//5837 2752//5837
f 2752//5838 2916//5838 2754//5838
f 2916//5839 2914//5839 2754//5839
f 2754//5840 2914//5840 2756//5840
f 2737//5841 2926//5841 2739//5841
f 2739//5842 2926//5842 2924//5842
f 2914//5843 2912//5843 2756//5843
f 2756//5844 2912//5844 2758//5844
f 2736//5845 2928//5845 2737//5845
f 2734//5846 2928//5846 2736//5846
f 2737//5847 2928//5847 2926//5847
f 2912//5848 2910//5848 2758//5848
f 2758//5849 2910//5849 2760//5849
f 2733//5850 2931//5850 2734//5850
f 2734//5851 2931//5851 2928//5851
f 2910//5852 2908//5852 2760//5852
f 2762//5853 2908//5853 2764//5853
f 2760//5854 2908//5854 2762//5854
f 2908//5855 2906//5855 2764//5855
f 2764//5856 2906//5856 2766//5856
f 2906//5857 2904//5857 2766//5857
f 2766//5858 2904//5858 2767//5858
f 2904//5859 2902//5859 2767//5859
f 2767//5860 2902//5860 2769//5860
f 2769//5861 2900//5861 2771//5861
f 2902//5862 2900//5862 2769//5862
f 2771//5863 2898//5863 2773//5863
f 2900//5864 2898//5864 2771//5864
f 2773//5865 2896//5865 2775//5865
f 2898//5866 2896//5866 2773//5866
f 2775//5867 2894//5867 2777//5867
f 2896//5868 2894//5868 2775//5868
f 2777//5869 2892//5869 2779//5869
f 2894//5870 2892//5870 2777//5870
f 2779//5871 2890//5871 2781//5871
f 2892//5872 2890//5872 2779//5872
f 2781//5873 2888//5873 2784//5873
f 2890//5874 2888//5874 2781//5874
f 2888//5875 2886//5875 2784//5875
f 2686//5876 2934//5876 2933//5876
f 2684//5877 2934//5877 2686//5877
f 2884//5878 2934//5878 2886//5878
f 2881//5879 2934//5879 2884//5879
f 2879//5880 2934//5880 2881//5880
f 2877//5881 2934//5881 2879//5881
f 2875//5882 2934//5882 2877//5882
f 2873//5883 2934//5883 2875//5883
f 2871//5884 2934//5884 2873//5884
f 2869//5885 2934//5885 2871//5885
f 2867//5886 2934//5886 2869//5886
f 2866//5887 2934//5887 2867//5887
f 2864//5888 2934//5888 2866//5888
f 2862//5889 2934//5889 2864//5889
f 2860//5890 2934//5890 2862//5890
f 2858//5891 2934//5891 2860//5891
f 2856//5892 2934//5892 2858//5892
f 2854//5893 2934//5893 2856//5893
f 2852//5894 2934//5894 2854//5894
f 2850//5895 2934//5895 2852//5895
f 2848//5896 2934//5896 2850//5896
f 2846//5897 2934//5897 2848//5897
f 2786//5898 2934//5898 2684//5898
f 2844//5899 2934//5899 2846//5899
f 2842//5900 2934//5900 2844//5900
f 2839//5901 2934//5901 2842//5901
f 2837//5902 2934//5902 2839//5902
f 2836//5903 2934//5903 2837//5903
f 2834//5904 2934//5904 2836//5904
f 2833//5905 2934//5905 2834//5905
f 2784//5906 2934//5906 2786//5906
f 2886//5907 2934//5907 2784//5907
f 2833//5908 2936//5908 2934//5908
f 2535//5909 2732//5909 2533//5909
f 2533//5910 2732//5910 2731//5910
f 2635//5911 2832//5911 2633//5911
f 2633//5912 2832//5912 2831//5912
f 2735//5913 2932//5913 2733//5913
f 2733//5914 2932//5914 2931//5914
f 2835//5915 2937//5915 2833//5915
f 2833//5916 2937//5916 2936//5916
f 2941//5917 2942//5917 2943//5917
f 2941//5918 2943//5918 2944//5918
f 2945//5919 2944//5919 2946//5919
f 2945//5920 2941//5920 2944//5920
f 2947//5921 2946//5921 2948//5921
f 2947//5922 2945//5922 2946//5922
f 2949//5923 2948//5923 2950//5923
f 2949//5924 2947//5924 2948//5924
f 2951//5925 2950//5925 2952//5925
f 2951//5926 2949//5926 2950//5926
f 2953//5927 2952//5927 2954//5927
f 2953//5928 2954//5928 2955//5928
f 2953//5929 2951//5929 2952//5929
f 2956//5930 2953//5930 2955//5930
f 2957//5931 2955//5931 2958//5931
f 2957//5932 2956//5932 2955//5932
f 2959//5933 2958//5933 2960//5933
f 2959//5934 2957//5934 2958//5934
f 2961//5935 2960//5935 2962//5935
f 2961//5936 2959//5936 2960//5936
f 2963//5937 2961//5937 2962//5937
f 2963//5938 2962//5938 2964//5938
f 2965//5939 2963//5939 2964//5939
f 2965//5940 2964//5940 2966//5940
f 2967//5941 2965//5941 2966//5941
f 2967//5942 2966//5942 2968//5942
f 2969//5943 2967//5943 2968//5943
f 2969//5944 2968//5944 2970//5944
f 2971//5945 2969//5945 2970//5945
f 2971//5946 2970//5946 2972//5946
f 2973//5947 2971//5947 2972//5947
f 2973//5948 2972//5948 2974//5948
f 2975//5949 2973//5949 2974//5949
f 2975//5950 2974//5950 2976//5950
f 2977//5951 2975//5951 2976//5951
f 2977//5952 2976//5952 2978//5952
f 2979//5953 2977//5953 2978//5953
f 2979//5954 2978//5954 2980//5954
f 2979//5955 2980//5955 2981//5955
f 2982//5956 2979//5956 2981//5956
f 2982//5957 2981//5957 2983//5957
f 2984//5958 2982//5958 2983//5958
f 2985//5959 2984//5959 2983//5959
f 2985//5960 2983//5960 2986//5960
f 2987//5961 2986//5961 2988//5961
f 2987//5962 2985//5962 2986//5962
f 2989//5963 2988//5963 2990//5963
f 2989//5964 2987//5964 2988//5964
f 2991//5965 2990//5965 2992//5965
f 2991//5966 2989//5966 2990//5966
f 2993//5967 2992//5967 2994//5967
f 2993//5968 2991//5968 2992//5968
f 2995//5969 2994//5969 2996//5969
f 2995//5970 2993//5970 2994//5970
f 2997//5971 2996//5971 2998//5971
f 2997//5972 2995//5972 2996//5972
f 2999//5973 2998//5973 3000//5973
f 2999//5974 2997//5974 2998//5974
f 3001//5975 3000//5975 3002//5975
f 3001//5976 2999//5976 3000//5976
f 3003//5977 3002//5977 3004//5977
f 3003//5978 3001//5978 3002//5978
f 3005//5979 3004//5979 3006//5979
f 3005//5980 3006//5980 3007//5980
f 3005//5981 3003//5981 3004//5981
f 3008//5982 3005//5982 3007//5982
f 3009//5983 3007//5983 3010//5983
f 3009//5984 3008//5984 3007//5984
f 3011//5985 3010//5985 3012//5985
f 3011//5986 3009//5986 3010//5986
f 3013//5987 3012//5987 3014//5987
f 3013//5988 3011//5988 3012//5988
f 3015//5989 3013//5989 3014//5989
f 3015//5990 3014//5990 3016//5990
f 3017//5991 3015//5991 3016//5991
f 3017//5992 3016//5992 3018//5992
f 3019//5993 3017//5993 3018//5993
f 3019//5994 3018//5994 3020//5994
f 3021//5995 3019//5995 3020//5995
f 3021//5996 3020//5996 3022//5996
f 3023//5997 3021//5997 3022//5997
f 3023//5998 3022//5998 3024//5998
f 3023//5999 3024//5999 3025//5999
f 3026//6000 3023//6000 3025//6000
f 3027//6001 3026//6001 3025//6001
f 3027//6002 3025//6002 3028//6002
f 3029//6003 3027//6003 3028//6003
f 3029//6004 3028//6004 3030//6004
f 3031//6005 3029//6005 3030//6005
f 3031//6006 3030//6006 3032//6006
f 3033//6007 3031//6007 3032//6007
f 3033//6008 3032//6008 3034//6008
f 3035//6009 3033//6009 3034//6009
f 3035//6010 3034//6010 3036//6010
f 3037//6011 3035//6011 3036//6011
f 3037//6012 3036//6012 3038//6012
f 3039//6013 3037//6013 3038//6013
f 3039//6014 3038//6014 3040//6014
f 3041//6015 3039//6015 3040//6015
f 3041//6016 3040//6016 3042//6016
f 3043//6017 3041//6017 3042//6017
f 3043//6018 3042//6018 3044//6018
f 3045//6019 3043//6019 3044//6019
f 3045//6020 3044//6020 3046//6020
f 3047//6021 3045//6021 3046//6021
f 3047//6022 3046//6022 3048//6022
f 3049//6023 3047//6023 3048//6023
f 3049//6024 3048//6024 3050//6024
f 3051//6025 3049//6025 3050//6025
f 3051//6026 3050//6026 3052//6026
f 3053//6027 3051//6027 3052//6027
f 3053//6028 3052//6028 3054//6028
f 3055//6029 3053//6029 3054//6029
f 3055//6030 3054//6030 3056//6030
f 3057//6031 3056//6031 3058//6031
f 3057//6032 3055//6032 3056//6032
f 3059//6033 3058//6033 3060//6033
f 3059//6034 3057//6034 3058//6034
f 3061//6035 3060//6035 3062//6035
f 3061//6036 3059//6036 3060//6036
f 3063//6037 3062//6037 3064//6037
f 3063//6038 3061//6038 3062//6038
f 3065//6039 3063//6039 3064//6039
f 3065//6040 3064//6040 3066//6040
f 3067//6041 3065//6041 3066//6041
f 3067//6042 3066//6042 3068//6042
f 3069//6043 3067//6043 3068//6043
f 3069//6044 3068//6044 3070//6044
f 3071//6045 3069//6045 3070//6045
f 3071//6046 3070//6046 3072//6046
f 3073//6047 3071//6047 3072//6047
f 3073//6048 3072//6048 3074//6048
f 3075//6049 3073//6049 3074//6049
f 3075//6050 3074//6050 3076//6050
f 3077//6051 3075//6051 3076//6051
f 3077//6052 3076//6052 3078//6052
f 3079//6053 3077//6053 3078//6053
f 3079//6054 3078//6054 3080//6054
f 3081//6055 3079//6055 3080//6055
f 3081//6056 3080//6056 3082//6056
f 3083//6057 3081//6057 3082//6057
f 3083//6058 3082//6058 3084//6058
f 3085//6059 3083//6059 3084//6059
f 3085//6060 3084//6060 3086//6060
f 3087//6061 3085//6061 3086//6061
f 3087//6062 3086//6062 3088//6062
f 3087//6063 3088//6063 3089//6063
f 3090//6064 3087//6064 3089//6064
f 3091//6065 3089//6065 3092//6065
f 3091//6066 3090//6066 3089//6066
f 3093//6067 3092//6067 3094//6067
f 3093//6068 3091//6068 3092//6068
f 3095//6069 3094//6069 3096//6069
f 3095//6070 3093//6070 3094//6070
f 3097//6071 3096//6071 3098//6071
f 3097//6072 3095//6072 3096//6072
f 3099//6073 3098//6073 3100//6073
f 3099//6074 3097//6074 3098//6074
f 3101//6075 3100//6075 3102//6075
f 3101//6076 3099//6076 3100//6076
f 3103//6077 3102//6077 3104//6077
f 3103//6078 3101//6078 3102//6078
f 3105//6079 3104//6079 3106//6079
f 3105//6080 3103//6080 3104//6080
f 3107//6081 3106//6081 3108//6081
f 3107//6082 3105//6082 3106//6082
f 3109//6083 3108//6083 3110//6083
f 3109//6084 3107//6084 3108//6084
f 3111//6085 3110//6085 3112//6085
f 3111//6086 3109//6086 3110//6086
f 3113//6087 3112//6087 3114//6087
f 3113//6088 3111//6088 3112//6088
f 3115//6089 3114//6089 3116//6089
f 3115//6090 3113//6090 3114//6090
f 3117//6091 3115//6091 3116//6091
f 3117//6092 3116//6092 3118//6092
f 3119//6093 3117//6093 3118//6093
f 3119//6094 3118//6094 3120//6094
f 3121//6095 3119//6095 3120//6095
f 3121//6096 3120//6096 3122//6096
f 3123//6097 3121//6097 3122//6097
f 3123//6098 3122//6098 3124//6098
f 3125//6099 3124//6099 3126//6099
f 3125//6100 3123//6100 3124//6100
f 3127//6101 3126//6101 3128//6101
f 3127//6102 3125//6102 3126//6102
f 3129//6103 3128//6103 3130//6103
f 3129//6104 3127//6104 3128//6104
f 3131//6105 3130//6105 3132//6105
f 3131//6106 3129//6106 3130//6106
f 3133//6107 3132//6107 3134//6107
f 3133//6108 3131//6108 3132//6108
f 3135//6109 3134//6109 3136//6109
f 3135//6110 3133//6110 3134//6110
f 3137//6111 3136//6111 3138//6111
f 3137//6112 3135//6112 3136//6112
f 3139//6113 3138//6113 3140//6113
f 3139//6114 3137//6114 3138//6114
f 3141//6115 3140//6115 3142//6115
f 3141//6116 3139//6116 3140//6116
f 3143//6117 3142//6117 3144//6117
f 3143//6118 3141//6118 3142//6118
f 3145//6119 3144//6119 3146//6119
f 3145//6120 3143//6120 3144//6120
f 3147//6121 3146//6121 3148//6121
f 3147//6122 3145//6122 3146//6122
f 3149//6123 3148//6123 3150//6123
f 3149//6124 3147//6124 3148//6124
f 3151//6125 3150//6125 3152//6125
f 3151//6126 3149//6126 3150//6126
f 3153//6127 3152//6127 3154//6127
f 3153//6128 3151//6128 3152//6128
f 3155//6129 3154//6129 3156//6129
f 3155//6130 3153//6130 3154//6130
f 3157//6131 3156//6131 3158//6131
f 3157//6132 3155//6132 3156//6132
f 3159//6133 3158//6133 3160//6133
f 3159//6134 3157//6134 3158//6134
f 3161//6135 3160//6135 3162//6135
f 3161//6136 3159//6136 3160//6136
f 3163//6137 3162//6137 3164//6137
f 3163//6138 3161//6138 3162//6138
f 3165//6139 3163//6139 3164//6139
f 3165//6140 3164//6140 3166//6140
f 3167//6141 3165//6141 3166//6141
f 3167//6142 3166//6142 3168//6142
f 3169//6143 3167//6143 3168//6143
f 3169//6144 3168//6144 3170//6144
f 3171//6145 3169//6145 3170//6145
f 3171//6146 3170//6146 3172//6146
f 3173//6147 3171//6147 3172//6147
f 3173//6148 3172//6148 3174//6148
f 3175//6149 3173//6149 3174//6149
f 3175//6150 3174//6150 3176//6150
f 3177//6151 3175//6151 3176//6151
f 3177//6152 3176//6152 3178//6152
f 3179//6153 3177//6153 3178//6153
f 3179//6154 3178//6154 3180//6154
f 3181//6155 3179//6155 3180//6155
f 3181//6156 3180//6156 3182//6156
f 3183//6157 3181//6157 3182//6157
f 3183//6158 3182//6158 3184//6158
f 3185//6159 3183//6159 3184//6159
f 3185//6160 3184//6160 3186//6160
f 3187//6161 3185//6161 3186//6161
f 3187//6162 3186//6162 3188//6162
f 3189//6163 3187//6163 3188//6163
f 3189//6164 3188//6164 3190//6164
f 3191//6165 3190//6165 3192//6165
f 3191//6166 3189//6166 3190//6166
f 2942//6167 3192//6167 2943//6167
f 2942//6168 3191//6168 3192//6168
f 3105//6169 3099//6169 3101//6169
f 3105//6170 3101//6170 3103//6170
f 3091//6171 3099//6171 3105//6171
f 3091//6172 3093//6172 3095//6172
f 3091//6173 3095//6173 3097//6173
f 3091//6174 3097//6174 3099//6174
f 3109//6175 3105//6175 3107//6175
f 3087//6176 3090//6176 3091//6176
f 3083//6177 3091//6177 3105//6177
f 3083//6178 3087//6178 3091//6178
f 3083//6179 3105//6179 3109//6179
f 3083//6180 3085//6180 3087//6180
f 3117//6181 3109//6181 3111//6181
f 3117//6182 3111//6182 3113//6182
f 3117//6183 3113//6183 3115//6183
f 3071//6184 3073//6184 3075//6184
f 3071//6185 3075//6185 3077//6185
f 3071//6186 3077//6186 3079//6186
f 3067//6187 3069//6187 3071//6187
f 3131//6188 3127//6188 3129//6188
f 3063//6189 3083//6189 3109//6189
f 3063//6190 3109//6190 3117//6190
f 3063//6191 3065//6191 3067//6191
f 3063//6192 3079//6192 3081//6192
f 3063//6193 3081//6193 3083//6193
f 3063//6194 3071//6194 3079//6194
f 3063//6195 3117//6195 3119//6195
f 3063//6196 3119//6196 3121//6196
f 3063//6197 3067//6197 3071//6197
f 3135//6198 3123//6198 3125//6198
f 3135//6199 3125//6199 3127//6199
f 3135//6200 3127//6200 3131//6200
f 3135//6201 3131//6201 3133//6201
f 3061//6202 3063//6202 3121//6202
f 3061//6203 3121//6203 3123//6203
f 3137//6204 3123//6204 3135//6204
f 3057//6205 3059//6205 3061//6205
f 3141//6206 3137//6206 3139//6206
f 3055//6207 3057//6207 3061//6207
f 3143//6208 3137//6208 3141//6208
f 3051//6209 3055//6209 3061//6209
f 3051//6210 3053//6210 3055//6210
f 3149//6211 3145//6211 3147//6211
f 3151//6212 3145//6212 3149//6212
f 3153//6213 3143//6213 3145//6213
f 3153//6214 3145//6214 3151//6214
f 3041//6215 3043//6215 3045//6215
f 3041//6216 3045//6216 3047//6216
f 3159//6217 3155//6217 3157//6217
f 3037//6218 3041//6218 3047//6218
f 3037//6219 3039//6219 3041//6219
f 3035//6220 3037//6220 3047//6220
f 3035//6221 3047//6221 3049//6221
f 3163//6222 3159//6222 3161//6222
f 3163//6223 3155//6223 3159//6223
f 3033//6224 3049//6224 3051//6224
f 3033//6225 3035//6225 3049//6225
f 3029//6226 3051//6226 3061//6226
f 3029//6227 3031//6227 3033//6227
f 3029//6228 3033//6228 3051//6228
f 3169//6229 3163//6229 3165//6229
f 3169//6230 3165//6230 3167//6230
f 3171//6231 3155//6231 3163//6231
f 3171//6232 3163//6232 3169//6232
f 3026//6233 3027//6233 3029//6233
f 3023//6234 3026//6234 3029//6234
f 3017//6235 3019//6235 3021//6235
f 3181//6236 3173//6236 3175//6236
f 3181//6237 3175//6237 3177//6237
f 3181//6238 3177//6238 3179//6238
f 3015//6239 3021//6239 3023//6239
f 3015//6240 3017//6240 3021//6240
f 3013//6241 3023//6241 3029//6241
f 3013//6242 3015//6242 3023//6242
f 3185//6243 3171//6243 3173//6243
f 3185//6244 3181//6244 3183//6244
f 3185//6245 3155//6245 3171//6245
f 3185//6246 3173//6246 3181//6246
f 3011//6247 3061//6247 3123//6247
f 3011//6248 3123//6248 3137//6248
f 3011//6249 3029//6249 3061//6249
f 3011//6250 3013//6250 3029//6250
f 3187//6251 3153//6251 3155//6251
f 3187//6252 3155//6252 3185//6252
f 3191//6253 3187//6253 3189//6253
f 3005//6254 3008//6254 3009//6254
f 3005//6255 3009//6255 3011//6255
f 2941//6256 3191//6256 2942//6256
f 2945//6257 3191//6257 2941//6257
f 2999//6258 3001//6258 3003//6258
f 2999//6259 3003//6259 3005//6259
f 2995//6260 2999//6260 3005//6260
f 2995//6261 2997//6261 2999//6261
f 2993//6262 2995//6262 3005//6262
f 2993//6263 3005//6263 3011//6263
f 2953//6264 2945//6264 2947//6264
f 2953//6265 2947//6265 2949//6265
f 2953//6266 2949//6266 2951//6266
f 2953//6267 3191//6267 2945//6267
f 2953//6268 3187//6268 3191//6268
f 2991//6269 3137//6269 3143//6269
f 2991//6270 2993//6270 3011//6270
f 2991//6271 3011//6271 3137//6271
f 2957//6272 2953//6272 2956//6272
f 2957//6273 3187//6273 2953//6273
f 2985//6274 2987//6274 2989//6274
f 2985//6275 2989//6275 2991//6275
f 2961//6276 3153//6276 3187//6276
f 2961//6277 2957//6277 2959//6277
f 2961//6278 3187//6278 2957//6278
f 2984//6279 2985//6279 2991//6279
f 2979//6280 2982//6280 2984//6280
f 2979//6281 2984//6281 2991//6281
f 2971//6282 2963//6282 2965//6282
f 2971//6283 2965//6283 2967//6283
f 2971//6284 2967//6284 2969//6284
f 2973//6285 2961//6285 2963//6285
f 2973//6286 2975//6286 2977//6286
f 2973//6287 2977//6287 2979//6287
f 2973//6288 3143//6288 3153//6288
f 2973//6289 2991//6289 3143//6289
f 2973//6290 3153//6290 2961//6290
f 2973//6291 2963//6291 2971//6291
f 2973//6292 2979//6292 2991//6292
f 3100//6293 3106//6293 3102//6293
f 3102//6294 3106//6294 3104//6294
f 3100//6295 3092//6295 3106//6295
f 3094//6296 3092//6296 3096//6296
f 3096//6297 3092//6297 3098//6297
f 3098//6298 3092//6298 3100//6298
f 3106//6299 3110//6299 3108//6299
f 3089//6300 3088//6300 3092//6300
f 3092//6301 3084//6301 3106//6301
f 3088//6302 3084//6302 3092//6302
f 3106//6303 3084//6303 3110//6303
f 3086//6304 3084//6304 3088//6304
f 3110//6305 3118//6305 3112//6305
f 3112//6306 3118//6306 3114//6306
f 3114//6307 3118//6307 3116//6307
f 3074//6308 3072//6308 3076//6308
f 3076//6309 3072//6309 3078//6309
f 3078//6310 3072//6310 3080//6310
f 3070//6311 3068//6311 3072//6311
f 3128//6312 3132//6312 3130//6312
f 3084//6313 3064//6313 3110//6313
f 3110//6314 3064//6314 3118//6314
f 3066//6315 3064//6315 3068//6315
f 3080//6316 3064//6316 3082//6316
f 3082//6317 3064//6317 3084//6317
f 3072//6318 3064//6318 3080//6318
f 3118//6319 3064//6319 3120//6319
f 3120//6320 3064//6320 3122//6320
f 3068//6321 3064//6321 3072//6321
f 3124//6322 3136//6322 3126//6322
f 3126//6323 3136//6323 3128//6323
f 3128//6324 3136//6324 3132//6324
f 3132//6325 3136//6325 3134//6325
f 3064//6326 3062//6326 3122//6326
f 3122//6327 3062//6327 3124//6327
f 3124//6328 3138//6328 3136//6328
f 3060//6329 3058//6329 3062//6329
f 3138//6330 3142//6330 3140//6330
f 3058//6331 3056//6331 3062//6331
f 3138//6332 3144//6332 3142//6332
f 3056//6333 3052//6333 3062//6333
f 3054//6334 3052//6334 3056//6334
f 3146//6335 3150//6335 3148//6335
f 3146//6336 3152//6336 3150//6336
f 3144//6337 3154//6337 3146//6337
f 3146//6338 3154//6338 3152//6338
f 3044//6339 3042//6339 3046//6339
f 3046//6340 3042//6340 3048//6340
f 3156//6341 3160//6341 3158//6341
f 3042//6342 3038//6342 3048//6342
f 3040//6343 3038//6343 3042//6343
f 3038//6344 3036//6344 3048//6344
f 3048//6345 3036//6345 3050//6345
f 3160//6346 3164//6346 3162//6346
f 3156//6347 3164//6347 3160//6347
f 3050//6348 3034//6348 3052//6348
f 3036//6349 3034//6349 3050//6349
f 3052//6350 3030//6350 3062//6350
f 3032//6351 3030//6351 3034//6351
f 3034//6352 3030//6352 3052//6352
f 3164//6353 3170//6353 3166//6353
f 3166//6354 3170//6354 3168//6354
f 3156//6355 3172//6355 3164//6355
f 3164//6356 3172//6356 3170//6356
f 3028//6357 3025//6357 3030//6357
f 3025//6358 3024//6358 3030//6358
f 3020//6359 3018//6359 3022//6359
f 3174//6360 3182//6360 3176//6360
f 3176//6361 3182//6361 3178//6361
f 3178//6362 3182//6362 3180//6362
f 3022//6363 3016//6363 3024//6363
f 3018//6364 3016//6364 3022//6364
f 3024//6365 3014//6365 3030//6365
f 3016//6366 3014//6366 3024//6366
f 3172//6367 3186//6367 3174//6367
f 3182//6368 3186//6368 3184//6368
f 3156//6369 3186//6369 3172//6369
f 3174//6370 3186//6370 3182//6370
f 3062//6371 3012//6371 3124//6371
f 3124//6372 3012//6372 3138//6372
f 3030//6373 3012//6373 3062//6373
f 3014//6374 3012//6374 3030//6374
f 3154//6375 3188//6375 3156//6375
f 3156//6376 3188//6376 3186//6376
f 3188//6377 3192//6377 3190//6377
f 3007//6378 3006//6378 3010//6378
f 3010//6379 3006//6379 3012//6379
f 3192//6380 2944//6380 2943//6380
f 3192//6381 2946//6381 2944//6381
f 3002//6382 3000//6382 3004//6382
f 3004//6383 3000//6383 3006//6383
f 3000//6384 2996//6384 3006//6384
f 2998//6385 2996//6385 3000//6385
f 2996//6386 2994//6386 3006//6386
f 3006//6387 2994//6387 3012//6387
f 2946//6388 2954//6388 2948//6388
f 2948//6389 2954//6389 2950//6389
f 2950//6390 2954//6390 2952//6390
f 3192//6391 2954//6391 2946//6391
f 3188//6392 2954//6392 3192//6392
f 3138//6393 2992//6393 3144//6393
f 2994//6394 2992//6394 3012//6394
f 3012//6395 2992//6395 3138//6395
f 2954//6396 2958//6396 2955//6396
f 3188//6397 2958//6397 2954//6397
f 2988//6398 2986//6398 2990//6398
f 2990//6399 2986//6399 2992//6399
f 3154//6400 2962//6400 3188//6400
f 2958//6401 2962//6401 2960//6401
f 3188//6402 2962//6402 2958//6402
f 2986//6403 2983//6403 2992//6403
f 2981//6404 2980//6404 2983//6404
f 2983//6405 2980//6405 2992//6405
f 2964//6406 2972//6406 2966//6406
f 2966//6407 2972//6407 2968//6407
f 2968//6408 2972//6408 2970//6408
f 2962//6409 2974//6409 2964//6409
f 2976//6410 2974//6410 2978//6410
f 2978//6411 2974//6411 2980//6411
f 3144//6412 2974//6412 3154//6412
f 2992//6413 2974//6413 3144//6413
f 3154//6414 2974//6414 2962//6414
f 2964//6415 2974//6415 2972//6415
f 2980//6416 2974//6416 2992//6416
f 3193//6417 3194//6417 3195//6417
f 3193//6418 3195//6418 3196//6418
f 3197//6419 3196//6419 3198//6419
f 3197//6420 3193//6420 3196//6420
f 3199//6421 3198//6421 3200//6421
f 3199//6422 3197//6422 3198//6422
f 3201//6423 3200//6423 3202//6423
f 3201//6424 3199//6424 3200//6424
f 3203//6425 3202//6425 3204//6425
f 3203//6426 3201//6426 3202//6426
f 3205//6427 3204//6427 3206//6427
f 3205//6428 3203//6428 3204//6428
f 3207//6429 3206//6429 3208//6429
f 3207//6430 3208//6430 3209//6430
f 3207//6431 3205//6431 3206//6431
f 3210//6432 3207//6432 3209//6432
f 3211//6433 3209//6433 3212//6433
f 3211//6434 3210//6434 3209//6434
f 3213//6435 3212//6435 3214//6435
f 3213//6436 3211//6436 3212//6436
f 3215//6437 3213//6437 3214//6437
f 3215//6438 3214//6438 3216//6438
f 3215//6439 3216//6439 3217//6439
f 3218//6440 3215//6440 3217//6440
f 3219//6441 3218//6441 3217//6441
f 3219//6442 3217//6442 3220//6442
f 3221//6443 3219//6443 3220//6443
f 3221//6444 3220//6444 3222//6444
f 3223//6445 3221//6445 3222//6445
f 3223//6446 3222//6446 3224//6446
f 3223//6447 3224//6447 3225//6447
f 3226//6448 3223//6448 3225//6448
f 3227//6449 3226//6449 3225//6449
f 3227//6450 3225//6450 3228//6450
f 3229//6451 3227//6451 3228//6451
f 3229//6452 3228//6452 3230//6452
f 3229//6453 3230//6453 3231//6453
f 3232//6454 3229//6454 3231//6454
f 3233//6455 3232//6455 3231//6455
f 3233//6456 3231//6456 3234//6456
f 3235//6457 3233//6457 3234//6457
f 3235//6458 3234//6458 3236//6458
f 3237//6459 3235//6459 3236//6459
f 3237//6460 3236//6460 3238//6460
f 3239//6461 3238//6461 3240//6461
f 3239//6462 3237//6462 3238//6462
f 3241//6463 3240//6463 3242//6463
f 3241//6464 3239//6464 3240//6464
f 3243//6465 3242//6465 3244//6465
f 3243//6466 3241//6466 3242//6466
f 3245//6467 3244//6467 3246//6467
f 3245//6468 3243//6468 3244//6468
f 3247//6469 3246//6469 3248//6469
f 3247//6470 3245//6470 3246//6470
f 3249//6471 3248//6471 3250//6471
f 3249//6472 3250//6472 3251//6472
f 3249//6473 3247//6473 3248//6473
f 3252//6474 3249//6474 3251//6474
f 3253//6475 3251//6475 3254//6475
f 3253//6476 3252//6476 3251//6476
f 3255//6477 3254//6477 3256//6477
f 3255//6478 3253//6478 3254//6478
f 3257//6479 3256//6479 3258//6479
f 3257//6480 3255//6480 3256//6480
f 3259//6481 3258//6481 3260//6481
f 3259//6482 3257//6482 3258//6482
f 3261//6483 3260//6483 3262//6483
f 3261//6484 3259//6484 3260//6484
f 3263//6485 3262//6485 3264//6485
f 3263//6486 3261//6486 3262//6486
f 3265//6487 3264//6487 3266//6487
f 3265//6488 3263//6488 3264//6488
f 3267//6489 3265//6489 3266//6489
f 3267//6490 3266//6490 3268//6490
f 3267//6491 3268//6491 3269//6491
f 3270//6492 3267//6492 3269//6492
f 3270//6493 3269//6493 3271//6493
f 3272//6494 3270//6494 3271//6494
f 3273//6495 3272//6495 3271//6495
f 3273//6496 3271//6496 3274//6496
f 3275//6497 3273//6497 3274//6497
f 3275//6498 3274//6498 3276//6498
f 3277//6499 3275//6499 3276//6499
f 3277//6500 3276//6500 3278//6500
f 3279//6501 3277//6501 3278//6501
f 3279//6502 3278//6502 3280//6502
f 3281//6503 3279//6503 3280//6503
f 3281//6504 3280//6504 3282//6504
f 3283//6505 3281//6505 3282//6505
f 3283//6506 3282//6506 3284//6506
f 3285//6507 3283//6507 3284//6507
f 3285//6508 3284//6508 3286//6508
f 3285//6509 3286//6509 3287//6509
f 3288//6510 3285//6510 3287//6510
f 3289//6511 3288//6511 3287//6511
f 3289//6512 3287//6512 3290//6512
f 3291//6513 3289//6513 3290//6513
f 3291//6514 3290//6514 3292//6514
f 3293//6515 3291//6515 3292//6515
f 3293//6516 3292//6516 3294//6516
f 3293//6517 3294//6517 3295//6517
f 3296//6518 3293//6518 3295//6518
f 3297//6519 3296//6519 3295//6519
f 3297//6520 3295//6520 3298//6520
f 3297//6521 3298//6521 3299//6521
f 3300//6522 3297//6522 3299//6522
f 3301//6523 3300//6523 3299//6523
f 3301//6524 3299//6524 3302//6524
f 3301//6525 3302//6525 3303//6525
f 3304//6526 3301//6526 3303//6526
f 3305//6527 3304//6527 3303//6527
f 3305//6528 3303//6528 3306//6528
f 3307//6529 3305//6529 3306//6529
f 3307//6530 3306//6530 3308//6530
f 3307//6531 3308//6531 3309//6531
f 3310//6532 3307//6532 3309//6532
f 3311//6533 3309//6533 3312//6533
f 3311//6534 3310//6534 3309//6534
f 3313//6535 3312//6535 3314//6535
f 3313//6536 3311//6536 3312//6536
f 3315//6537 3314//6537 3316//6537
f 3315//6538 3313//6538 3314//6538
f 3317//6539 3315//6539 3316//6539
f 3317//6540 3316//6540 3318//6540
f 3317//6541 3318//6541 3319//6541
f 3320//6542 3317//6542 3319//6542
f 3320//6543 3319//6543 3321//6543
f 3322//6544 3320//6544 3321//6544
f 3323//6545 3322//6545 3321//6545
f 3323//6546 3321//6546 3324//6546
f 3323//6547 3324//6547 3325//6547
f 3326//6548 3323//6548 3325//6548
f 3326//6549 3325//6549 3327//6549
f 3328//6550 3326//6550 3327//6550
f 3328//6551 3327//6551 3329//6551
f 3330//6552 3328//6552 3329//6552
f 3331//6553 3330//6553 3329//6553
f 3331//6554 3329//6554 3332//6554
f 3331//6555 3332//6555 3333//6555
f 3334//6556 3331//6556 3333//6556
f 3335//6557 3334//6557 3333//6557
f 3335//6558 3333//6558 3336//6558
f 3337//6559 3335//6559 3336//6559
f 3337//6560 3336//6560 3338//6560
f 3337//6561 3338//6561 3339//6561
f 3340//6562 3337//6562 3339//6562
f 3341//6563 3340//6563 3339//6563
f 3341//6564 3339//6564 3342//6564
f 3343//6565 3342//6565 3344//6565
f 3343//6566 3341//6566 3342//6566
f 3345//6567 3344//6567 3346//6567
f 3345//6568 3346//6568 3347//6568
f 3345//6569 3343//6569 3344//6569
f 3348//6570 3345//6570 3347//6570
f 3349//6571 3347//6571 3350//6571
f 3349//6572 3348//6572 3347//6572
f 3351//6573 3350//6573 3352//6573
f 3351//6574 3352//6574 3353//6574
f 3351//6575 3349//6575 3350//6575
f 3354//6576 3351//6576 3353//6576
f 3355//6577 3353//6577 3356//6577
f 3355//6578 3354//6578 3353//6578
f 3357//6579 3356//6579 3358//6579
f 3357//6580 3355//6580 3356//6580
f 3359//6581 3358//6581 3360//6581
f 3359//6582 3360//6582 3361//6582
f 3359//6583 3357//6583 3358//6583
f 3362//6584 3359//6584 3361//6584
f 3363//6585 3361//6585 3364//6585
f 3363//6586 3362//6586 3361//6586
f 3365//6587 3364//6587 3366//6587
f 3365//6588 3363//6588 3364//6588
f 3367//6589 3366//6589 3368//6589
f 3367//6590 3365//6590 3366//6590
f 3369//6591 3367//6591 3368//6591
f 3369//6592 3368//6592 3370//6592
f 3371//6593 3369//6593 3370//6593
f 3371//6594 3370//6594 3372//6594
f 3373//6595 3371//6595 3372//6595
f 3373//6596 3372//6596 3374//6596
f 3375//6597 3373//6597 3374//6597
f 3375//6598 3374//6598 3376//6598
f 3375//6599 3376//6599 3377//6599
f 3378//6600 3375//6600 3377//6600
f 3379//6601 3377//6601 3380//6601
f 3379//6602 3378//6602 3377//6602
f 3381//6603 3380//6603 3382//6603
f 3381//6604 3379//6604 3380//6604
f 3383//6605 3382//6605 3384//6605
f 3383//6606 3381//6606 3382//6606
f 3385//6607 3384//6607 3386//6607
f 3385//6608 3383//6608 3384//6608
f 3387//6609 3386//6609 3388//6609
f 3387//6610 3385//6610 3386//6610
f 3389//6611 3388//6611 3390//6611
f 3389//6612 3387//6612 3388//6612
f 3391//6613 3390//6613 3392//6613
f 3391//6614 3389//6614 3390//6614
f 3393//6615 3392//6615 3394//6615
f 3393//6616 3391//6616 3392//6616
f 3395//6617 3394//6617 3396//6617
f 3395//6618 3393//6618 3394//6618
f 3397//6619 3396//6619 3398//6619
f 3397//6620 3395//6620 3396//6620
f 3399//6621 3398//6621 3400//6621
f 3399//6622 3397//6622 3398//6622
f 3401//6623 3400//6623 3402//6623
f 3401//6624 3402//6624 3403//6624
f 3401//6625 3399//6625 3400//6625
f 3404//6626 3401//6626 3403//6626
f 3405//6627 3403//6627 3406//6627
f 3405//6628 3404//6628 3403//6628
f 3407//6629 3406//6629 3408//6629
f 3407//6630 3405//6630 3406//6630
f 3409//6631 3408//6631 3410//6631
f 3409//6632 3407//6632 3408//6632
f 3411//6633 3410//6633 3412//6633
f 3411//6634 3409//6634 3410//6634
f 3413//6635 3412//6635 3414//6635
f 3413//6636 3411//6636 3412//6636
f 3415//6637 3414//6637 3416//6637
f 3415//6638 3413//6638 3414//6638
f 3417//6639 3415//6639 3416//6639
f 3417//6640 3416//6640 3418//6640
f 3419//6641 3417//6641 3418//6641
f 3419//6642 3418//6642 3420//6642
f 3421//6643 3419//6643 3420//6643
f 3421//6644 3420//6644 3422//6644
f 3423//6645 3421//6645 3422//6645
f 3423//6646 3422//6646 3424//6646
f 3425//6647 3423//6647 3424//6647
f 3425//6648 3424//6648 3426//6648
f 3427//6649 3425//6649 3426//6649
f 3427//6650 3426//6650 3428//6650
f 3429//6651 3427//6651 3428//6651
f 3429//6652 3428//6652 3430//6652
f 3431//6653 3429//6653 3430//6653
f 3431//6654 3430//6654 3432//6654
f 3431//6655 3432//6655 3433//6655
f 3434//6656 3431//6656 3433//6656
f 3435//6657 3434//6657 3433//6657
f 3435//6658 3433//6658 3436//6658
f 3437//6659 3435//6659 3436//6659
f 3437//6660 3436//6660 3438//6660
f 3439//6661 3437//6661 3438//6661
f 3439//6662 3438//6662 3440//6662
f 3441//6663 3439//6663 3440//6663
f 3441//6664 3440//6664 3442//6664
f 3443//6665 3442//6665 3444//6665
f 3443//6666 3441//6666 3442//6666
f 3443//6667 3444//6667 3195//6667
f 3194//6668 3443//6668 3195//6668
f 3355//6669 3351//6669 3354//6669
f 3345//6670 3348//6670 3349//6670
f 3345//6671 3349//6671 3351//6671
f 3359//6672 3355//6672 3357//6672
f 3337//6673 3340//6673 3341//6673
f 3335//6674 3345//6674 3351//6674
f 3335//6675 3337//6675 3341//6675
f 3335//6676 3341//6676 3343//6676
f 3335//6677 3343//6677 3345//6677
f 3369//6678 3362//6678 3363//6678
f 3369//6679 3363//6679 3365//6679
f 3369//6680 3365//6680 3367//6680
f 3371//6681 3362//6681 3369//6681
f 3330//6682 3335//6682 3351//6682
f 3330//6683 3331//6683 3334//6683
f 3330//6684 3334//6684 3335//6684
f 3373//6685 3362//6685 3371//6685
f 3375//6686 3362//6686 3373//6686
f 3375//6687 3359//6687 3362//6687
f 3326//6688 3351//6688 3355//6688
f 3326//6689 3330//6689 3351//6689
f 3326//6690 3328//6690 3330//6690
f 3379//6691 3375//6691 3378//6691
f 3322//6692 3323//6692 3326//6692
f 3381//6693 3359//6693 3375//6693
f 3381//6694 3375//6694 3379//6694
f 3317//6695 3320//6695 3322//6695
f 3389//6696 3381//6696 3383//6696
f 3389//6697 3383//6697 3385//6697
f 3389//6698 3385//6698 3387//6698
f 3391//6699 3381//6699 3389//6699
f 3310//6700 3355//6700 3359//6700
f 3310//6701 3311//6701 3313//6701
f 3310//6702 3313//6702 3315//6702
f 3310//6703 3315//6703 3317//6703
f 3310//6704 3326//6704 3355//6704
f 3310//6705 3322//6705 3326//6705
f 3310//6706 3317//6706 3322//6706
f 3397//6707 3393//6707 3395//6707
f 3397//6708 3391//6708 3393//6708
f 3404//6709 3397//6709 3399//6709
f 3404//6710 3399//6710 3401//6710
f 3404//6711 3391//6711 3397//6711
f 3297//6712 3300//6712 3301//6712
f 3297//6713 3301//6713 3304//6713
f 3297//6714 3304//6714 3305//6714
f 3296//6715 3297//6715 3305//6715
f 3296//6716 3305//6716 3307//6716
f 3407//6717 3404//6717 3405//6717
f 3409//6718 3404//6718 3407//6718
f 3291//6719 3293//6719 3296//6719
f 3411//6720 3404//6720 3409//6720
f 3288//6721 3296//6721 3307//6721
f 3288//6722 3291//6722 3296//6722
f 3288//6723 3289//6723 3291//6723
f 3415//6724 3411//6724 3413//6724
f 3415//6725 3391//6725 3404//6725
f 3415//6726 3404//6726 3411//6726
f 3281//6727 3310//6727 3359//6727
f 3281//6728 3381//6728 3391//6728
f 3281//6729 3283//6729 3285//6729
f 3281//6730 3285//6730 3288//6730
f 3281//6731 3288//6731 3307//6731
f 3281//6732 3307//6732 3310//6732
f 3281//6733 3359//6733 3381//6733
f 3421//6734 3417//6734 3419//6734
f 3423//6735 3417//6735 3421//6735
f 3277//6736 3279//6736 3281//6736
f 3425//6737 3415//6737 3417//6737
f 3425//6738 3417//6738 3423//6738
f 3427//6739 3415//6739 3425//6739
f 3272//6740 3273//6740 3275//6740
f 3267//6741 3270//6741 3272//6741
f 3267//6742 3272//6742 3275//6742
f 3435//6743 3431//6743 3434//6743
f 3265//6744 3275//6744 3277//6744
f 3265//6745 3277//6745 3281//6745
f 3265//6746 3267//6746 3275//6746
f 3437//6747 3427//6747 3429//6747
f 3437//6748 3429//6748 3431//6748
f 3437//6749 3391//6749 3415//6749
f 3437//6750 3415//6750 3427//6750
f 3437//6751 3431//6751 3435//6751
f 3441//6752 3437//6752 3439//6752
f 3259//6753 3261//6753 3263//6753
f 3257//6754 3259//6754 3263//6754
f 3255//6755 3257//6755 3263//6755
f 3193//6756 3437//6756 3441//6756
f 3193//6757 3441//6757 3443//6757
f 3193//6758 3443//6758 3194//6758
f 3199//6759 3193//6759 3197//6759
f 3249//6760 3255//6760 3263//6760
f 3249//6761 3252//6761 3253//6761
f 3249//6762 3253//6762 3255//6762
f 3247//6763 3249//6763 3263//6763
f 3247//6764 3263//6764 3265//6764
f 3243//6765 3245//6765 3247//6765
f 3243//6766 3247//6766 3265//6766
f 3243//6767 3281//6767 3391//6767
f 3243//6768 3265//6768 3281//6768
f 3207//6769 3199//6769 3201//6769
f 3207//6770 3201//6770 3203//6770
f 3207//6771 3203//6771 3205//6771
f 3207//6772 3193//6772 3199//6772
f 3210//6773 3193//6773 3207//6773
f 3239//6774 3241//6774 3243//6774
f 3213//6775 3210//6775 3211//6775
f 3215//6776 3210//6776 3213//6776
f 3233//6777 3235//6777 3237//6777
f 3233//6778 3237//6778 3239//6778
f 3233//6779 3239//6779 3243//6779
f 3218//6780 3437//6780 3193//6780
f 3218//6781 3193//6781 3210//6781
f 3218//6782 3210//6782 3215//6782
f 3229//6783 3232//6783 3233//6783
f 3229//6784 3233//6784 3243//6784
f 3223//6785 3218//6785 3219//6785
f 3223//6786 3219//6786 3221//6786
f 3226//6787 3227//6787 3229//6787
f 3226//6788 3243//6788 3391//6788
f 3226//6789 3437//6789 3218//6789
f 3226//6790 3229//6790 3243//6790
f 3226//6791 3218//6791 3223//6791
f 3226//6792 3391//6792 3437//6792
f 3352//6793 3356//6793 3353//6793
f 3347//6794 3346//6794 3350//6794
f 3350//6795 3346//6795 3352//6795
f 3356//6796 3360//6796 3358//6796
f 3339//6797 3338//6797 3342//6797
f 3346//6798 3336//6798 3352//6798
f 3338//6799 3336//6799 3342//6799
f 3342//6800 3336//6800 3344//6800
f 3344//6801 3336//6801 3346//6801
f 3361//6802 3370//6802 3364//6802
f 3364//6803 3370//6803 3366//6803
f 3366//6804 3370//6804 3368//6804
f 3361//6805 3372//6805 3370//6805
f 3336//6806 3329//6806 3352//6806
f 3332//6807 3329//6807 3333//6807
f 3333//6808 3329//6808 3336//6808
f 3361//6809 3374//6809 3372//6809
f 3361//6810 3376//6810 3374//6810
f 3360//6811 3376//6811 3361//6811
f 3352//6812 3325//6812 3356//6812
f 3329//6813 3325//6813 3352//6813
f 3327//6814 3325//6814 3329//6814
f 3376//6815 3380//6815 3377//6815
f 3324//6816 3321//6816 3325//6816
f 3360//6817 3382//6817 3376//6817
f 3376//6818 3382//6818 3380//6818
f 3319//6819 3318//6819 3321//6819
f 3382//6820 3390//6820 3384//6820
f 3384//6821 3390//6821 3386//6821
f 3386//6822 3390//6822 3388//6822
f 3382//6823 3392//6823 3390//6823
f 3356//6824 3309//6824 3360//6824
f 3312//6825 3309//6825 3314//6825
f 3314//6826 3309//6826 3316//6826
f 3316//6827 3309//6827 3318//6827
f 3325//6828 3309//6828 3356//6828
f 3321//6829 3309//6829 3325//6829
f 3318//6830 3309//6830 3321//6830
f 3394//6831 3398//6831 3396//6831
f 3392//6832 3398//6832 3394//6832
f 3398//6833 3403//6833 3400//6833
f 3400//6834 3403//6834 3402//6834
f 3392//6835 3403//6835 3398//6835
f 3299//6836 3298//6836 3302//6836
f 3302//6837 3298//6837 3303//6837
f 3303//6838 3298//6838 3306//6838
f 3298//6839 3295//6839 3306//6839
f 3306//6840 3295//6840 3308//6840
f 3403//6841 3408//6841 3406//6841
f 3403//6842 3410//6842 3408//6842
f 3294//6843 3292//6843 3295//6843
f 3403//6844 3412//6844 3410//6844
f 3295//6845 3287//6845 3308//6845
f 3292//6846 3287//6846 3295//6846
f 3290//6847 3287//6847 3292//6847
f 3412//6848 3416//6848 3414//6848
f 3392//6849 3416//6849 3403//6849
f 3403//6850 3416//6850 3412//6850
f 3309//6851 3282//6851 3360//6851
f 3382//6852 3282//6852 3392//6852
f 3284//6853 3282//6853 3286//6853
f 3286//6854 3282//6854 3287//6854
f 3287//6855 3282//6855 3308//6855
f 3308//6856 3282//6856 3309//6856
f 3360//6857 3282//6857 3382//6857
f 3418//6858 3422//6858 3420//6858
f 3418//6859 3424//6859 3422//6859
f 3280//6860 3278//6860 3282//6860
f 3416//6861 3426//6861 3418//6861
f 3418//6862 3426//6862 3424//6862
f 3416//6863 3428//6863 3426//6863
f 3274//6864 3271//6864 3276//6864
f 3269//6865 3268//6865 3271//6865
f 3271//6866 3268//6866 3276//6866
f 3432//6867 3436//6867 3433//6867
f 3276//6868 3266//6868 3278//6868
f 3278//6869 3266//6869 3282//6869
f 3268//6870 3266//6870 3276//6870
f 3428//6871 3438//6871 3430//6871
f 3430//6872 3438//6872 3432//6872
f 3392//6873 3438//6873 3416//6873
f 3416//6874 3438//6874 3428//6874
f 3432//6875 3438//6875 3436//6875
f 3438//6876 3442//6876 3440//6876
f 3262//6877 3260//6877 3264//6877
f 3260//6878 3258//6878 3264//6878
f 3258//6879 3256//6879 3264//6879
f 3438//6880 3196//6880 3442//6880
f 3442//6881 3196//6881 3444//6881
f 3444//6882 3196//6882 3195//6882
f 3196//6883 3200//6883 3198//6883
f 3256//6884 3250//6884 3264//6884
f 3251//6885 3250//6885 3254//6885
f 3254//6886 3250//6886 3256//6886
f 3250//6887 3248//6887 3264//6887
f 3264//6888 3248//6888 3266//6888
f 3246//6889 3244//6889 3248//6889
f 3248//6890 3244//6890 3266//6890
f 3282//6891 3244//6891 3392//6891
f 3266//6892 3244//6892 3282//6892
f 3200//6893 3208//6893 3202//6893
f 3202//6894 3208//6894 3204//6894
f 3204//6895 3208//6895 3206//6895
f 3196//6896 3208//6896 3200//6896
f 3196//6897 3209//6897 3208//6897
f 3242//6898 3240//6898 3244//6898
f 3209//6899 3214//6899 3212//6899
f 3209//6900 3216//6900 3214//6900
f 3236//6901 3234//6901 3238//6901
f 3238//6902 3234//6902 3240//6902
f 3240//6903 3234//6903 3244//6903
f 3438//6904 3217//6904 3196//6904
f 3196//6905 3217//6905 3209//6905
f 3209//6906 3217//6906 3216//6906
f 3231//6907 3230//6907 3234//6907
f 3234//6908 3230//6908 3244//6908
f 3217//6909 3224//6909 3220//6909
f 3220//6910 3224//6910 3222//6910
f 3228//6911 3225//6911 3230//6911
f 3244//6912 3225//6912 3392//6912
f 3438//6913 3225//6913 3217//6913
f 3230//6914 3225//6914 3244//6914
f 3217//6915 3225//6915 3224//6915
f 3392//6916 3225//6916 3438//6916
f 3445//6917 3446//6917 3447//6917
f 3445//6918 3447//6918 3448//6918
f 3449//6919 3448//6919 3450//6919
f 3449//6920 3445//6920 3448//6920
f 3451//6921 3450//6921 3452//6921
f 3451//6922 3452//6922 3453//6922
f 3451//6923 3449//6923 3450//6923
f 3454//6924 3451//6924 3453//6924
f 3455//6925 3453//6925 3456//6925
f 3455//6926 3454//6926 3453//6926
f 3457//6927 3456//6927 3458//6927
f 3457//6928 3458//6928 3459//6928
f 3457//6929 3455//6929 3456//6929
f 3460//6930 3459//6930 3461//6930
f 3460//6931 3457//6931 3459//6931
f 3462//6932 3460//6932 3461//6932
f 3463//6933 3461//6933 3464//6933
f 3463//6934 3462//6934 3461//6934
f 3465//6935 3464//6935 3466//6935
f 3465//6936 3463//6936 3464//6936
f 3467//6937 3465//6937 3466//6937
f 3467//6938 3466//6938 3468//6938
f 3469//6939 3467//6939 3468//6939
f 3469//6940 3468//6940 3470//6940
f 3471//6941 3469//6941 3470//6941
f 3471//6942 3470//6942 3472//6942
f 3473//6943 3471//6943 3472//6943
f 3473//6944 3472//6944 3474//6944
f 3475//6945 3473//6945 3474//6945
f 3475//6946 3474//6946 3476//6946
f 3477//6947 3475//6947 3476//6947
f 3477//6948 3476//6948 3478//6948
f 3479//6949 3477//6949 3478//6949
f 3479//6950 3478//6950 3480//6950
f 3481//6951 3479//6951 3480//6951
f 3481//6952 3480//6952 3482//6952
f 3481//6953 3482//6953 3483//6953
f 3484//6954 3481//6954 3483//6954
f 3484//6955 3483//6955 3485//6955
f 3486//6956 3484//6956 3485//6956
f 3487//6957 3486//6957 3485//6957
f 3487//6958 3485//6958 3488//6958
f 3487//6959 3488//6959 3489//6959
f 3490//6960 3487//6960 3489//6960
f 3491//6961 3489//6961 3492//6961
f 3491//6962 3490//6962 3489//6962
f 3493//6963 3492//6963 3494//6963
f 3493//6964 3491//6964 3492//6964
f 3495//6965 3494//6965 3496//6965
f 3495//6966 3493//6966 3494//6966
f 3497//6967 3496//6967 3498//6967
f 3497//6968 3498//6968 3499//6968
f 3497//6969 3495//6969 3496//6969
f 3500//6970 3499//6970 3501//6970
f 3500//6971 3497//6971 3499//6971
f 3502//6972 3500//6972 3501//6972
f 3503//6973 3501//6973 3504//6973
f 3503//6974 3502//6974 3501//6974
f 3505//6975 3504//6975 3506//6975
f 3505//6976 3503//6976 3504//6976
f 3507//6977 3506//6977 3508//6977
f 3507//6978 3505//6978 3506//6978
f 3509//6979 3508//6979 3510//6979
f 3509//6980 3507//6980 3508//6980
f 3511//6981 3510//6981 3512//6981
f 3511//6982 3509//6982 3510//6982
f 3513//6983 3512//6983 3514//6983
f 3513//6984 3514//6984 3515//6984
f 3513//6985 3511//6985 3512//6985
f 3516//6986 3513//6986 3515//6986
f 3517//6987 3516//6987 3515//6987
f 3517//6988 3515//6988 3518//6988
f 3517//6989 3518//6989 3519//6989
f 3520//6990 3517//6990 3519//6990
f 3520//6991 3519//6991 3521//6991
f 3522//6992 3520//6992 3521//6992
f 3523//6993 3522//6993 3521//6993
f 3523//6994 3521//6994 3524//6994
f 3525//6995 3523//6995 3524//6995
f 3525//6996 3524//6996 3526//6996
f 3527//6997 3525//6997 3526//6997
f 3527//6998 3526//6998 3528//6998
f 3529//6999 3527//6999 3528//6999
f 3529//7000 3528//7000 3530//7000
f 3531//7001 3529//7001 3530//7001
f 3531//7002 3530//7002 3532//7002
f 3533//7003 3531//7003 3532//7003
f 3533//7004 3532//7004 3534//7004
f 3535//7005 3533//7005 3534//7005
f 3535//7006 3534//7006 3536//7006
f 3537//7007 3535//7007 3536//7007
f 3537//7008 3536//7008 3538//7008
f 3539//7009 3537//7009 3538//7009
f 3539//7010 3538//7010 3540//7010
f 3539//7011 3540//7011 3541//7011
f 3542//7012 3539//7012 3541//7012
f 3543//7013 3542//7013 3541//7013
f 3543//7014 3541//7014 3544//7014
f 3543//7015 3544//7015 3545//7015
f 3546//7016 3543//7016 3545//7016
f 3547//7017 3546//7017 3545//7017
f 3547//7018 3545//7018 3548//7018
f 3549//7019 3547//7019 3548//7019
f 3549//7020 3548//7020 3550//7020
f 3551//7021 3549//7021 3550//7021
f 3551//7022 3550//7022 3552//7022
f 3553//7023 3551//7023 3552//7023
f 3553//7024 3552//7024 3554//7024
f 3553//7025 3554//7025 3555//7025
f 3556//7026 3553//7026 3555//7026
f 3557//7027 3556//7027 3555//7027
f 3557//7028 3555//7028 3558//7028
f 3559//7029 3557//7029 3558//7029
f 3559//7030 3558//7030 3560//7030
f 3561//7031 3560//7031 3562//7031
f 3561//7032 3559//7032 3560//7032
f 3563//7033 3562//7033 3564//7033
f 3563//7034 3561//7034 3562//7034
f 3565//7035 3564//7035 3566//7035
f 3565//7036 3563//7036 3564//7036
f 3567//7037 3566//7037 3568//7037
f 3567//7038 3565//7038 3566//7038
f 3569//7039 3567//7039 3568//7039
f 3569//7040 3568//7040 3570//7040
f 3571//7041 3569//7041 3570//7041
f 3571//7042 3570//7042 3572//7042
f 3573//7043 3571//7043 3572//7043
f 3573//7044 3572//7044 3574//7044
f 3575//7045 3573//7045 3574//7045
f 3575//7046 3574//7046 3576//7046
f 3577//7047 3575//7047 3576//7047
f 3577//7048 3576//7048 3578//7048
f 3579//7049 3577//7049 3578//7049
f 3579//7050 3578//7050 3580//7050
f 3581//7051 3579//7051 3580//7051
f 3581//7052 3580//7052 3582//7052
f 3583//7053 3581//7053 3582//7053
f 3583//7054 3582//7054 3584//7054
f 3585//7055 3583//7055 3584//7055
f 3585//7056 3584//7056 3586//7056
f 3587//7057 3585//7057 3586//7057
f 3587//7058 3586//7058 3588//7058
f 3589//7059 3587//7059 3588//7059
f 3589//7060 3588//7060 3590//7060
f 3591//7061 3589//7061 3590//7061
f 3591//7062 3590//7062 3592//7062
f 3593//7063 3594//7063 3595//7063
f 3593//7064 3591//7064 3592//7064
f 3593//7065 3592//7065 3594//7065
f 3596//7066 3593//7066 3595//7066
f 3597//7067 3595//7067 3598//7067
f 3597//7068 3596//7068 3595//7068
f 3599//7069 3598//7069 3600//7069
f 3599//7070 3597//7070 3598//7070
f 3601//7071 3600//7071 3602//7071
f 3601//7072 3599//7072 3600//7072
f 3603//7073 3602//7073 3604//7073
f 3603//7074 3601//7074 3602//7074
f 3605//7075 3604//7075 3606//7075
f 3605//7076 3603//7076 3604//7076
f 3607//7077 3606//7077 3608//7077
f 3607//7078 3605//7078 3606//7078
f 3609//7079 3608//7079 3610//7079
f 3609//7080 3610//7080 3611//7080
f 3609//7081 3607//7081 3608//7081
f 3612//7082 3609//7082 3611//7082
f 3613//7083 3611//7083 3614//7083
f 3613//7084 3612//7084 3611//7084
f 3615//7085 3614//7085 3616//7085
f 3615//7086 3613//7086 3614//7086
f 3617//7087 3616//7087 3618//7087
f 3617//7088 3618//7088 3619//7088
f 3617//7089 3615//7089 3616//7089
f 3620//7090 3617//7090 3619//7090
f 3621//7091 3620//7091 3619//7091
f 3621//7092 3619//7092 3622//7092
f 3623//7093 3621//7093 3622//7093
f 3623//7094 3622//7094 3624//7094
f 3625//7095 3623//7095 3624//7095
f 3625//7096 3624//7096 3626//7096
f 3627//7097 3625//7097 3626//7097
f 3627//7098 3626//7098 3628//7098
f 3629//7099 3628//7099 3630//7099
f 3629//7100 3627//7100 3628//7100
f 3631//7101 3630//7101 3632//7101
f 3631//7102 3632//7102 3633//7102
f 3631//7103 3629//7103 3630//7103
f 3634//7104 3631//7104 3633//7104
f 3635//7105 3633//7105 3636//7105
f 3635//7106 3634//7106 3633//7106
f 3637//7107 3636//7107 3638//7107
f 3637//7108 3635//7108 3636//7108
f 3639//7109 3638//7109 3640//7109
f 3639//7110 3637//7110 3638//7110
f 3641//7111 3640//7111 3642//7111
f 3641//7112 3639//7112 3640//7112
f 3643//7113 3642//7113 3644//7113
f 3643//7114 3641//7114 3642//7114
f 3645//7115 3644//7115 3646//7115
f 3645//7116 3643//7116 3644//7116
f 3647//7117 3646//7117 3648//7117
f 3647//7118 3645//7118 3646//7118
f 3649//7119 3648//7119 3650//7119
f 3649//7120 3647//7120 3648//7120
f 3651//7121 3650//7121 3652//7121
f 3651//7122 3649//7122 3650//7122
f 3653//7123 3652//7123 3654//7123
f 3653//7124 3651//7124 3652//7124
f 3655//7125 3654//7125 3656//7125
f 3655//7126 3653//7126 3654//7126
f 3657//7127 3656//7127 3658//7127
f 3657//7128 3655//7128 3656//7128
f 3659//7129 3658//7129 3660//7129
f 3659//7130 3657//7130 3658//7130
f 3661//7131 3660//7131 3662//7131
f 3661//7132 3662//7132 3663//7132
f 3661//7133 3659//7133 3660//7133
f 3664//7134 3661//7134 3663//7134
f 3665//7135 3663//7135 3666//7135
f 3665//7136 3666//7136 3667//7136
f 3665//7137 3664//7137 3663//7137
f 3668//7138 3665//7138 3667//7138
f 3669//7139 3668//7139 3667//7139
f 3669//7140 3667//7140 3670//7140
f 3669//7141 3670//7141 3671//7141
f 3672//7142 3669//7142 3671//7142
f 3673//7143 3672//7143 3671//7143
f 3673//7144 3671//7144 3674//7144
f 3675//7145 3673//7145 3674//7145
f 3675//7146 3674//7146 3676//7146
f 3677//7147 3675//7147 3676//7147
f 3677//7148 3676//7148 3678//7148
f 3679//7149 3677//7149 3678//7149
f 3679//7150 3678//7150 3680//7150
f 3681//7151 3679//7151 3680//7151
f 3681//7152 3680//7152 3682//7152
f 3681//7153 3682//7153 3683//7153
f 3684//7154 3681//7154 3683//7154
f 3685//7155 3684//7155 3683//7155
f 3685//7156 3683//7156 3686//7156
f 3685//7157 3686//7157 3687//7157
f 3688//7158 3685//7158 3687//7158
f 3689//7159 3688//7159 3687//7159
f 3689//7160 3687//7160 3690//7160
f 3689//7161 3690//7161 3691//7161
f 3692//7162 3689//7162 3691//7162
f 3693//7163 3691//7163 3694//7163
f 3693//7164 3692//7164 3691//7164
f 3695//7165 3694//7165 3696//7165
f 3695//7166 3693//7166 3694//7166
f 3446//7167 3696//7167 3447//7167
f 3446//7168 3695//7168 3696//7168
f 3612//7169 3603//7169 3605//7169
f 3612//7170 3605//7170 3607//7170
f 3612//7171 3607//7171 3609//7171
f 3593//7172 3596//7172 3597//7172
f 3593//7173 3597//7173 3599//7173
f 3593//7174 3599//7174 3601//7174
f 3593//7175 3601//7175 3603//7175
f 3615//7176 3612//7176 3613//7176
f 3589//7177 3591//7177 3593//7177
f 3621//7178 3615//7178 3617//7178
f 3621//7179 3617//7179 3620//7179
f 3581//7180 3583//7180 3585//7180
f 3581//7181 3585//7181 3587//7181
f 3577//7182 3579//7182 3581//7182
f 3629//7183 3621//7183 3623//7183
f 3629//7184 3623//7184 3625//7184
f 3629//7185 3625//7185 3627//7185
f 3573//7186 3575//7186 3577//7186
f 3634//7187 3612//7187 3615//7187
f 3634//7188 3615//7188 3621//7188
f 3634//7189 3621//7189 3629//7189
f 3634//7190 3629//7190 3631//7190
f 3565//7191 3567//7191 3569//7191
f 3565//7192 3569//7192 3571//7192
f 3565//7193 3571//7193 3573//7193
f 3641//7194 3637//7194 3639//7194
f 3643//7195 3637//7195 3641//7195
f 3645//7196 3637//7196 3643//7196
f 3556//7197 3557//7197 3559//7197
f 3651//7198 3645//7198 3647//7198
f 3651//7199 3647//7199 3649//7199
f 3651//7200 3637//7200 3645//7200
f 3651//7201 3634//7201 3635//7201
f 3651//7202 3635//7202 3637//7202
f 3553//7203 3556//7203 3559//7203
f 3551//7204 3553//7204 3559//7204
f 3551//7205 3559//7205 3561//7205
f 3551//7206 3561//7206 3563//7206
f 3551//7207 3563//7207 3565//7207
f 3655//7208 3651//7208 3653//7208
f 3657//7209 3651//7209 3655//7209
f 3547//7210 3549//7210 3551//7210
f 3542//7211 3547//7211 3551//7211
f 3542//7212 3543//7212 3546//7212
f 3542//7213 3546//7213 3547//7213
f 3539//7214 3657//7214 3659//7214
f 3539//7215 3551//7215 3565//7215
f 3539//7216 3634//7216 3651//7216
f 3539//7217 3651//7217 3657//7217
f 3539//7218 3593//7218 3603//7218
f 3539//7219 3603//7219 3612//7219
f 3539//7220 3542//7220 3551//7220
f 3539//7221 3589//7221 3593//7221
f 3539//7222 3573//7222 3577//7222
f 3539//7223 3587//7223 3589//7223
f 3539//7224 3581//7224 3587//7224
f 3539//7225 3577//7225 3581//7225
f 3539//7226 3612//7226 3634//7226
f 3539//7227 3565//7227 3573//7227
f 3668//7228 3659//7228 3661//7228
f 3668//7229 3661//7229 3664//7229
f 3668//7230 3664//7230 3665//7230
f 3533//7231 3535//7231 3537//7231
f 3673//7232 3668//7232 3669//7232
f 3673//7233 3669//7233 3672//7233
f 3675//7234 3659//7234 3668//7234
f 3675//7235 3668//7235 3673//7235
f 3527//7236 3529//7236 3531//7236
f 3527//7237 3531//7237 3533//7237
f 3679//7238 3675//7238 3677//7238
f 3681//7239 3659//7239 3675//7239
f 3681//7240 3675//7240 3679//7240
f 3523//7241 3525//7241 3527//7241
f 3522//7242 3537//7242 3539//7242
f 3522//7243 3533//7243 3537//7243
f 3522//7244 3527//7244 3533//7244
f 3522//7245 3523//7245 3527//7245
f 3520//7246 3522//7246 3539//7246
f 3688//7247 3684//7247 3685//7247
f 3689//7248 3681//7248 3684//7248
f 3689//7249 3684//7249 3688//7249
f 3695//7250 3692//7250 3693//7250
f 3509//7251 3511//7251 3513//7251
f 3509//7252 3513//7252 3516//7252
f 3509//7253 3516//7253 3517//7253
f 3446//7254 3692//7254 3695//7254
f 3445//7255 3692//7255 3446//7255
f 3451//7256 3445//7256 3449//7256
f 3451//7257 3692//7257 3445//7257
f 3502//7258 3509//7258 3517//7258
f 3502//7259 3503//7259 3505//7259
f 3502//7260 3505//7260 3507//7260
f 3502//7261 3507//7261 3509//7261
f 3454//7262 3692//7262 3451//7262
f 3454//7263 3689//7263 3692//7263
f 3497//7264 3500//7264 3502//7264
f 3495//7265 3502//7265 3517//7265
f 3495//7266 3497//7266 3502//7266
f 3495//7267 3517//7267 3520//7267
f 3495//7268 3520//7268 3539//7268
f 3460//7269 3454//7269 3455//7269
f 3460//7270 3455//7270 3457//7270
f 3460//7271 3689//7271 3454//7271
f 3491//7272 3493//7272 3495//7272
f 3490//7273 3491//7273 3495//7273
f 3465//7274 3462//7274 3463//7274
f 3487//7275 3490//7275 3495//7275
f 3467//7276 3460//7276 3462//7276
f 3467//7277 3462//7277 3465//7277
f 3471//7278 3467//7278 3469//7278
f 3481//7279 3484//7279 3486//7279
f 3481//7280 3486//7280 3487//7280
f 3481//7281 3487//7281 3495//7281
f 3475//7282 3471//7282 3473//7282
f 3477//7283 3479//7283 3481//7283
f 3477//7284 3689//7284 3460//7284
f 3477//7285 3495//7285 3539//7285
f 3477//7286 3460//7286 3467//7286
f 3477//7287 3539//7287 3659//7287
f 3477//7288 3467//7288 3471//7288
f 3477//7289 3481//7289 3495//7289
f 3477//7290 3471//7290 3475//7290
f 3477//7291 3659//7291 3681//7291
f 3477//7292 3681//7292 3689//7292
f 3604//7293 3611//7293 3606//7293
f 3606//7294 3611//7294 3608//7294
f 3608//7295 3611//7295 3610//7295
f 3595//7296 3594//7296 3598//7296
f 3598//7297 3594//7297 3600//7297
f 3600//7298 3594//7298 3602//7298
f 3602//7299 3594//7299 3604//7299
f 3611//7300 3616//7300 3614//7300
f 3592//7301 3590//7301 3594//7301
f 3616//7302 3622//7302 3618//7302
f 3618//7303 3622//7303 3619//7303
f 3584//7304 3582//7304 3586//7304
f 3586//7305 3582//7305 3588//7305
f 3580//7306 3578//7306 3582//7306
f 3622//7307 3630//7307 3624//7307
f 3624//7308 3630//7308 3626//7308
f 3626//7309 3630//7309 3628//7309
f 3576//7310 3574//7310 3578//7310
f 3611//7311 3633//7311 3616//7311
f 3616//7312 3633//7312 3622//7312
f 3622//7313 3633//7313 3630//7313
f 3630//7314 3633//7314 3632//7314
f 3568//7315 3566//7315 3570//7315
f 3570//7316 3566//7316 3572//7316
f 3572//7317 3566//7317 3574//7317
f 3638//7318 3642//7318 3640//7318
f 3638//7319 3644//7319 3642//7319
f 3638//7320 3646//7320 3644//7320
f 3558//7321 3555//7321 3560//7321
f 3646//7322 3652//7322 3648//7322
f 3648//7323 3652//7323 3650//7323
f 3638//7324 3652//7324 3646//7324
f 3633//7325 3652//7325 3636//7325
f 3636//7326 3652//7326 3638//7326
f 3555//7327 3554//7327 3560//7327
f 3554//7328 3552//7328 3560//7328
f 3560//7329 3552//7329 3562//7329
f 3562//7330 3552//7330 3564//7330
f 3564//7331 3552//7331 3566//7331
f 3652//7332 3656//7332 3654//7332
f 3652//7333 3658//7333 3656//7333
f 3550//7334 3548//7334 3552//7334
f 3548//7335 3541//7335 3552//7335
f 3544//7336 3541//7336 3545//7336
f 3545//7337 3541//7337 3548//7337
f 3658//7338 3540//7338 3660//7338
f 3552//7339 3540//7339 3566//7339
f 3633//7340 3540//7340 3652//7340
f 3652//7341 3540//7341 3658//7341
f 3594//7342 3540//7342 3604//7342
f 3604//7343 3540//7343 3611//7343
f 3541//7344 3540//7344 3552//7344
f 3590//7345 3540//7345 3594//7345
f 3574//7346 3540//7346 3578//7346
f 3588//7347 3540//7347 3590//7347
f 3582//7348 3540//7348 3588//7348
f 3578//7349 3540//7349 3582//7349
f 3611//7350 3540//7350 3633//7350
f 3566//7351 3540//7351 3574//7351
f 3660//7352 3667//7352 3662//7352
f 3662//7353 3667//7353 3663//7353
f 3663//7354 3667//7354 3666//7354
f 3536//7355 3534//7355 3538//7355
f 3667//7356 3674//7356 3670//7356
f 3670//7357 3674//7357 3671//7357
f 3660//7358 3676//7358 3667//7358
f 3667//7359 3676//7359 3674//7359
f 3530//7360 3528//7360 3532//7360
f 3532//7361 3528//7361 3534//7361
f 3676//7362 3680//7362 3678//7362
f 3660//7363 3682//7363 3676//7363
f 3676//7364 3682//7364 3680//7364
f 3526//7365 3524//7365 3528//7365
f 3538//7366 3521//7366 3540//7366
f 3534//7367 3521//7367 3538//7367
f 3528//7368 3521//7368 3534//7368
f 3524//7369 3521//7369 3528//7369
f 3521//7370 3519//7370 3540//7370
f 3683//7371 3687//7371 3686//7371
f 3682//7372 3690//7372 3683//7372
f 3683//7373 3690//7373 3687//7373
f 3691//7374 3696//7374 3694//7374
f 3512//7375 3510//7375 3514//7375
f 3514//7376 3510//7376 3515//7376
f 3515//7377 3510//7377 3518//7377
f 3691//7378 3447//7378 3696//7378
f 3691//7379 3448//7379 3447//7379
f 3448//7380 3452//7380 3450//7380
f 3691//7381 3452//7381 3448//7381
f 3510//7382 3501//7382 3518//7382
f 3504//7383 3501//7383 3506//7383
f 3506//7384 3501//7384 3508//7384
f 3508//7385 3501//7385 3510//7385
f 3691//7386 3453//7386 3452//7386
f 3690//7387 3453//7387 3691//7387
f 3499//7388 3498//7388 3501//7388
f 3501//7389 3496//7389 3518//7389
f 3498//7390 3496//7390 3501//7390
f 3518//7391 3496//7391 3519//7391
f 3519//7392 3496//7392 3540//7392
f 3453//7393 3459//7393 3456//7393
f 3456//7394 3459//7394 3458//7394
f 3690//7395 3459//7395 3453//7395
f 3494//7396 3492//7396 3496//7396
f 3492//7397 3489//7397 3496//7397
f 3461//7398 3466//7398 3464//7398
f 3489//7399 3488//7399 3496//7399
f 3459//7400 3468//7400 3461//7400
f 3461//7401 3468//7401 3466//7401
f 3468//7402 3472//7402 3470//7402
f 3483//7403 3482//7403 3485//7403
f 3485//7404 3482//7404 3488//7404
f 3488//7405 3482//7405 3496//7405
f 3472//7406 3476//7406 3474//7406
f 3480//7407 3478//7407 3482//7407
f 3690//7408 3478//7408 3459//7408
f 3496//7409 3478//7409 3540//7409
f 3459//7410 3478//7410 3468//7410
f 3540//7411 3478//7411 3660//7411
f 3468//7412 3478//7412 3472//7412
f 3482//7413 3478//7413 3496//7413
f 3472//7414 3478//7414 3476//7414
f 3660//7415 3478//7415 3682//7415
f 3682//7416 3478//7416 3690//7416
f 3697//7417 3698//7417 3699//7417
f 3700//7418 3701//7418 3702//7418
f 3697//7419 3703//7419 3698//7419
f 3701//7420 3704//7420 3702//7420
f 3705//7421 3699//7421 3706//7421
f 3705//7422 3706//7422 3707//7422
f 3705//7423 3697//7423 3699//7423
f 3708//7424 3705//7424 3707//7424
f 3708//7425 3707//7425 3709//7425
f 3708//7426 3709//7426 3710//7426
f 3711//7427 3708//7427 3710//7427
f 3711//7428 3710//7428 3712//7428
f 3711//7429 3712//7429 3713//7429
f 3714//7430 3713//7430 3715//7430
f 3714//7431 3711//7431 3713//7431
f 3714//7432 3715//7432 3716//7432
f 3717//7433 3714//7433 3716//7433
f 3717//7434 3716//7434 3718//7434
f 3717//7435 3718//7435 3719//7435
f 3720//7436 3721//7436 3697//7436
f 3720//7437 3697//7437 3705//7437
f 3722//7438 3719//7438 3723//7438
f 3722//7439 3723//7439 3724//7439
f 3722//7440 3717//7440 3719//7440
f 3725//7441 3720//7441 3705//7441
f 3725//7442 3705//7442 3708//7442
f 3726//7443 3724//7443 3727//7443
f 3726//7444 3727//7444 3728//7444
f 3726//7445 3722//7445 3724//7445
f 3729//7446 3708//7446 3711//7446
f 3729//7447 3725//7447 3708//7447
f 3730//7448 3728//7448 3731//7448
f 3730//7449 3731//7449 3732//7449
f 3730//7450 3726//7450 3728//7450
f 3733//7451 3711//7451 3714//7451
f 3733//7452 3729//7452 3711//7452
f 3734//7453 3732//7453 3735//7453
f 3734//7454 3735//7454 3736//7454
f 3734//7455 3730//7455 3732//7455
f 3737//7456 3733//7456 3714//7456
f 3737//7457 3714//7457 3717//7457
f 3738//7458 3736//7458 3739//7458
f 3738//7459 3739//7459 3740//7459
f 3738//7460 3734//7460 3736//7460
f 3741//7461 3721//7461 3720//7461
f 3741//7462 3742//7462 3721//7462
f 3743//7463 3717//7463 3722//7463
f 3743//7464 3737//7464 3717//7464
f 3744//7465 3738//7465 3740//7465
f 3744//7466 3740//7466 3745//7466
f 3744//7467 3745//7467 3746//7467
f 3747//7468 3720//7468 3725//7468
f 3747//7469 3741//7469 3720//7469
f 3748//7470 3743//7470 3722//7470
f 3748//7471 3722//7471 3726//7471
f 3749//7472 3744//7472 3746//7472
f 3749//7473 3746//7473 3750//7473
f 3749//7474 3750//7474 3751//7474
f 3752//7475 3747//7475 3725//7475
f 3752//7476 3725//7476 3729//7476
f 3753//7477 3726//7477 3730//7477
f 3753//7478 3748//7478 3726//7478
f 3753//7479 3730//7479 3734//7479
f 3754//7480 3749//7480 3751//7480
f 3754//7481 3751//7481 3755//7481
f 3754//7482 3755//7482 3756//7482
f 3757//7483 3752//7483 3729//7483
f 3757//7484 3729//7484 3733//7484
f 3758//7485 3753//7485 3734//7485
f 3759//7486 3756//7486 3760//7486
f 3759//7487 3760//7487 3761//7487
f 3759//7488 3754//7488 3756//7488
f 3762//7489 3757//7489 3733//7489
f 3762//7490 3733//7490 3737//7490
f 3763//7491 3734//7491 3738//7491
f 3763//7492 3758//7492 3734//7492
f 3764//7493 3759//7493 3761//7493
f 3764//7494 3761//7494 3765//7494
f 3764//7495 3765//7495 3766//7495
f 3767//7496 3768//7496 3742//7496
f 3767//7497 3742//7497 3741//7497
f 3769//7498 3737//7498 3743//7498
f 3769//7499 3762//7499 3737//7499
f 3770//7500 3763//7500 3738//7500
f 3770//7501 3738//7501 3744//7501
f 3771//7502 3764//7502 3766//7502
f 3771//7503 3766//7503 3772//7503
f 3771//7504 3772//7504 3773//7504
f 3774//7505 3767//7505 3741//7505
f 3774//7506 3741//7506 3747//7506
f 3775//7507 3769//7507 3743//7507
f 3775//7508 3743//7508 3748//7508
f 3776//7509 3770//7509 3744//7509
f 3776//7510 3744//7510 3749//7510
f 3777//7511 3771//7511 3773//7511
f 3777//7512 3773//7512 3778//7512
f 3777//7513 3778//7513 3779//7513
f 3780//7514 3747//7514 3752//7514
f 3780//7515 3774//7515 3747//7515
f 3781//7516 3748//7516 3753//7516
f 3781//7517 3775//7517 3748//7517
f 3782//7518 3749//7518 3754//7518
f 3782//7519 3776//7519 3749//7519
f 3783//7520 3779//7520 3784//7520
f 3783//7521 3784//7521 3785//7521
f 3783//7522 3777//7522 3779//7522
f 3786//7523 3780//7523 3752//7523
f 3786//7524 3752//7524 3757//7524
f 3787//7525 3781//7525 3753//7525
f 3787//7526 3758//7526 3763//7526
f 3787//7527 3753//7527 3758//7527
f 3788//7528 3754//7528 3759//7528
f 3788//7529 3782//7529 3754//7529
f 3789//7530 3785//7530 3790//7530
f 3789//7531 3790//7531 3791//7531
f 3789//7532 3783//7532 3785//7532
f 3792//7533 3757//7533 3762//7533
f 3792//7534 3786//7534 3757//7534
f 3793//7535 3787//7535 3763//7535
f 3794//7536 3788//7536 3759//7536
f 3794//7537 3759//7537 3764//7537
f 3795//7538 3789//7538 3791//7538
f 3795//7539 3791//7539 3796//7539
f 3795//7540 3796//7540 3797//7540
f 3798//7541 3768//7541 3767//7541
f 3798//7542 3799//7542 3768//7542
f 3800//7543 3762//7543 3769//7543
f 3800//7544 3769//7544 3775//7544
f 3800//7545 3792//7545 3762//7545
f 3801//7546 3793//7546 3763//7546
f 3801//7547 3763//7547 3770//7547
f 3802//7548 3764//7548 3771//7548
f 3802//7549 3794//7549 3764//7549
f 3803//7550 3795//7550 3797//7550
f 3803//7551 3797//7551 3804//7551
f 3803//7552 3804//7552 3805//7552
f 3806//7553 3767//7553 3774//7553
f 3806//7554 3798//7554 3767//7554
f 3807//7555 3800//7555 3775//7555
f 3808//7556 3801//7556 3770//7556
f 3808//7557 3770//7557 3776//7557
f 3808//7558 3776//7558 3782//7558
f 3809//7559 3771//7559 3777//7559
f 3809//7560 3802//7560 3771//7560
f 3810//7561 3805//7561 3811//7561
f 3810//7562 3811//7562 3812//7562
f 3810//7563 3803//7563 3805//7563
f 3813//7564 3774//7564 3780//7564
f 3813//7565 3806//7565 3774//7565
f 3814//7566 3775//7566 3781//7566
f 3814//7567 3807//7567 3775//7567
f 3814//7568 3781//7568 3787//7568
f 3815//7569 3782//7569 3788//7569
f 3815//7570 3808//7570 3782//7570
f 3816//7571 3809//7571 3777//7571
f 3816//7572 3777//7572 3783//7572
f 3817//7573 3812//7573 3818//7573
f 3817//7574 3818//7574 3819//7574
f 3817//7575 3810//7575 3812//7575
f 3820//7576 3780//7576 3786//7576
f 3820//7577 3813//7577 3780//7577
f 3821//7578 3814//7578 3787//7578
f 3822//7579 3815//7579 3788//7579
f 3823//7580 3783//7580 3789//7580
f 3823//7581 3816//7581 3783//7581
f 3824//7582 3819//7582 3825//7582
f 3824//7583 3817//7583 3819//7583
f 3824//7584 3825//7584 3826//7584
f 3827//7585 3820//7585 3786//7585
f 3827//7586 3786//7586 3792//7586
f 3827//7587 3792//7587 3800//7587
f 3828//7588 3787//7588 3793//7588
f 3828//7589 3821//7589 3787//7589
f 3829//7590 3788//7590 3794//7590
f 3829//7591 3822//7591 3788//7591
f 3830//7592 3789//7592 3795//7592
f 3830//7593 3823//7593 3789//7593
f 3831//7594 3832//7594 3799//7594
f 3831//7595 3799//7595 3798//7595
f 3833//7596 3824//7596 3826//7596
f 3833//7597 3826//7597 3834//7597
f 3833//7598 3834//7598 3835//7598
f 3836//7599 3827//7599 3800//7599
f 3837//7600 3828//7600 3793//7600
f 3837//7601 3793//7601 3801//7601
f 3838//7602 3794//7602 3802//7602
f 3838//7603 3829//7603 3794//7603
f 3839//7604 3803//7604 3810//7604
f 3839//7605 3830//7605 3795//7605
f 3839//7606 3795//7606 3803//7606
f 3840//7607 3798//7607 3806//7607
f 3840//7608 3831//7608 3798//7608
f 3841//7609 3833//7609 3835//7609
f 3841//7610 3835//7610 3842//7610
f 3841//7611 3842//7611 3843//7611
f 3844//7612 3800//7612 3807//7612
f 3844//7613 3836//7613 3800//7613
f 3845//7614 3801//7614 3808//7614
f 3845//7615 3837//7615 3801//7615
f 3846//7616 3802//7616 3809//7616
f 3846//7617 3838//7617 3802//7617
f 3847//7618 3839//7618 3810//7618
f 3848//7619 3806//7619 3813//7619
f 3848//7620 3840//7620 3806//7620
f 3849//7621 3841//7621 3843//7621
f 3849//7622 3843//7622 3850//7622
f 3849//7623 3850//7623 3851//7623
f 3852//7624 3844//7624 3807//7624
f 3852//7625 3807//7625 3814//7625
f 3853//7626 3845//7626 3808//7626
f 3853//7627 3808//7627 3815//7627
f 3853//7628 3815//7628 3822//7628
f 3854//7629 3809//7629 3816//7629
f 3854//7630 3846//7630 3809//7630
f 3855//7631 3810//7631 3817//7631
f 3855//7632 3847//7632 3810//7632
f 3856//7633 3813//7633 3820//7633
f 3856//7634 3848//7634 3813//7634
f 3857//7635 3849//7635 3851//7635
f 3857//7636 3851//7636 3858//7636
f 3857//7637 3858//7637 3859//7637
f 3860//7638 3852//7638 3814//7638
f 3860//7639 3814//7639 3821//7639
f 3861//7640 3853//7640 3822//7640
f 3862//7641 3816//7641 3823//7641
f 3862//7642 3854//7642 3816//7642
f 3863//7643 3824//7643 3833//7643
f 3863//7644 3817//7644 3824//7644
f 3863//7645 3855//7645 3817//7645
f 3864//7646 3856//7646 3820//7646
f 3864//7647 3820//7647 3827//7647
f 3865//7648 3857//7648 3859//7648
f 3865//7649 3859//7649 3866//7649
f 3865//7650 3866//7650 3867//7650
f 3868//7651 3860//7651 3821//7651
f 3868//7652 3821//7652 3828//7652
f 3869//7653 3822//7653 3829//7653
f 3869//7654 3861//7654 3822//7654
f 3870//7655 3830//7655 3839//7655
f 3870//7656 3862//7656 3823//7656
f 3870//7657 3823//7657 3830//7657
f 3871//7658 3872//7658 3832//7658
f 3871//7659 3832//7659 3831//7659
f 3873//7660 3863//7660 3833//7660
f 3874//7661 3827//7661 3836//7661
f 3874//7662 3864//7662 3827//7662
f 3874//7663 3836//7663 3844//7663
f 3875//7664 3867//7664 3876//7664
f 3875//7665 3876//7665 3877//7665
f 3875//7666 3865//7666 3867//7666
f 3878//7667 3868//7667 3828//7667
f 3878//7668 3828//7668 3837//7668
f 3879//7669 3838//7669 3846//7669
f 3879//7670 3829//7670 3838//7670
f 3879//7671 3869//7671 3829//7671
f 3880//7672 3870//7672 3839//7672
f 3881//7673 3840//7673 3848//7673
f 3881//7674 3871//7674 3831//7674
f 3881//7675 3831//7675 3840//7675
f 3882//7676 3873//7676 3833//7676
f 3882//7677 3841//7677 3849//7677
f 3882//7678 3833//7678 3841//7678
f 3883//7679 3874//7679 3844//7679
f 3884//7680 3875//7680 3877//7680
f 3884//7681 3877//7681 3885//7681
f 3884//7682 3885//7682 3886//7682
f 3887//7683 3878//7683 3837//7683
f 3887//7684 3837//7684 3845//7684
f 3888//7685 3879//7685 3846//7685
f 3889//7686 3839//7686 3847//7686
f 3889//7687 3880//7687 3839//7687
f 3890//7688 3881//7688 3848//7688
f 3891//7689 3882//7689 3849//7689
f 3892//7690 3844//7690 3852//7690
f 3892//7691 3883//7691 3844//7691
f 3893//7692 3886//7692 3894//7692
f 3893//7693 3894//7693 3895//7693
f 3893//7694 3884//7694 3886//7694
f 3896//7695 3887//7695 3845//7695
f 3896//7696 3845//7696 3853//7696
f 3897//7697 3846//7697 3854//7697
f 3897//7698 3888//7698 3846//7698
f 3898//7699 3847//7699 3855//7699
f 3898//7700 3889//7700 3847//7700
f 3899//7701 3848//7701 3856//7701
f 3899//7702 3890//7702 3848//7702
f 3900//7703 3849//7703 3857//7703
f 3900//7704 3891//7704 3849//7704
f 3901//7705 3852//7705 3860//7705
f 3901//7706 3892//7706 3852//7706
f 3902//7707 3895//7707 3903//7707
f 3902//7708 3903//7708 3904//7708
f 3902//7709 3893//7709 3895//7709
f 3905//7710 3896//7710 3853//7710
f 3905//7711 3861//7711 3869//7711
f 3905//7712 3853//7712 3861//7712
f 3906//7713 3897//7713 3854//7713
f 3906//7714 3854//7714 3862//7714
f 3906//7715 3862//7715 3870//7715
f 3907//7716 3855//7716 3863//7716
f 3907//7717 3863//7717 3873//7717
f 3907//7718 3898//7718 3855//7718
f 3908//7719 3856//7719 3864//7719
f 3908//7720 3899//7720 3856//7720
f 3909//7721 3857//7721 3865//7721
f 3909//7722 3865//7722 3875//7722
f 3909//7723 3900//7723 3857//7723
f 3910//7724 3860//7724 3868//7724
f 3910//7725 3901//7725 3860//7725
f 3910//7726 3868//7726 3878//7726
f 3911//7727 3904//7727 3912//7727
f 3911//7728 3912//7728 3913//7728
f 3911//7729 3902//7729 3904//7729
f 3914//7730 3905//7730 3869//7730
f 3915//7731 3906//7731 3870//7731
f 3916//7732 3917//7732 3872//7732
f 3916//7733 3918//7733 3917//7733
f 3916//7734 3872//7734 3871//7734
f 3919//7735 3907//7735 3873//7735
f 3920//7736 3864//7736 3874//7736
f 3920//7737 3908//7737 3864//7737
f 3921//7738 3909//7738 3875//7738
f 3922//7739 3910//7739 3878//7739
f 3923//7740 3913//7740 3924//7740
f 3923//7741 3924//7741 3925//7741
f 3923//7742 3911//7742 3913//7742
f 3926//7743 3869//7743 3879//7743
f 3926//7744 3914//7744 3869//7744
f 3927//7745 3870//7745 3880//7745
f 3927//7746 3880//7746 3889//7746
f 3927//7747 3915//7747 3870//7747
f 3928//7748 3916//7748 3871//7748
f 3928//7749 3871//7749 3881//7749
f 3929//7750 3873//7750 3882//7750
f 3929//7751 3919//7751 3873//7751
f 3930//7752 3920//7752 3874//7752
f 3930//7753 3874//7753 3883//7753
f 3930//7754 3883//7754 3892//7754
f 3931//7755 3884//7755 3893//7755
f 3931//7756 3921//7756 3875//7756
f 3931//7757 3875//7757 3884//7757
f 3932//7758 3922//7758 3878//7758
f 3932//7759 3878//7759 3887//7759
f 3932//7760 3887//7760 3896//7760
f 3933//7761 3925//7761 3934//7761
f 3933//7762 3934//7762 3935//7762
f 3933//7763 3923//7763 3925//7763
f 3936//7764 3926//7764 3879//7764
f 3936//7765 3879//7765 3888//7765
f 3937//7766 3927//7766 3889//7766
f 3938//7767 3928//7767 3881//7767
f 3938//7768 3881//7768 3890//7768
f 3939//7769 3929//7769 3882//7769
f 3939//7770 3882//7770 3891//7770
f 3940//7771 3930//7771 3892//7771
f 3941//7772 3931//7772 3893//7772
f 3942//7773 3932//7773 3896//7773
f 3942//7774 3896//7774 3905//7774
f 3943//7775 3935//7775 3944//7775
f 3943//7776 3944//7776 3945//7776
f 3943//7777 3933//7777 3935//7777
f 3946//7778 3897//7778 3906//7778
f 3946//7779 3888//7779 3897//7779
f 3946//7780 3936//7780 3888//7780
f 3947//7781 3889//7781 3898//7781
f 3947//7782 3937//7782 3889//7782
f 3948//7783 3890//7783 3899//7783
f 3948//7784 3938//7784 3890//7784
f 3949//7785 3939//7785 3891//7785
f 3949//7786 3891//7786 3900//7786
f 3950//7787 3940//7787 3892//7787
f 3950//7788 3892//7788 3901//7788
f 3951//7789 3893//7789 3902//7789
f 3951//7790 3941//7790 3893//7790
f 3951//7791 3902//7791 3911//7791
f 3952//7792 3942//7792 3905//7792
f 3953//7793 3945//7793 3954//7793
f 3953//7794 3954//7794 3955//7794
f 3953//7795 3943//7795 3945//7795
f 3956//7796 3946//7796 3906//7796
f 3957//7797 3907//7797 3919//7797
f 3957//7798 3898//7798 3907//7798
f 3957//7799 3947//7799 3898//7799
f 3958//7800 3948//7800 3899//7800
f 3958//7801 3899//7801 3908//7801
f 3959//7802 3900//7802 3909//7802
f 3959//7803 3909//7803 3921//7803
f 3959//7804 3949//7804 3900//7804
f 3960//7805 3950//7805 3901//7805
f 3960//7806 3901//7806 3910//7806
f 3961//7807 3951//7807 3911//7807
f 3962//7808 3905//7808 3914//7808
f 3962//7809 3952//7809 3905//7809
f 3963//7810 3955//7810 3964//7810
f 3963//7811 3953//7811 3955//7811
f 3963//7812 3964//7812 3965//7812
f 3966//7813 3956//7813 3906//7813
f 3966//7814 3906//7814 3915//7814
f 3967//7815 3918//7815 3916//7815
f 3968//7816 3957//7816 3919//7816
f 3969//7817 3958//7817 3908//7817
f 3969//7818 3908//7818 3920//7818
f 3970//7819 3959//7819 3921//7819
f 3971//7820 3910//7820 3922//7820
f 3971//7821 3922//7821 3932//7821
f 3971//7822 3960//7822 3910//7822
f 3972//7823 3961//7823 3911//7823
f 3972//7824 3911//7824 3923//7824
f 3972//7825 3923//7825 3933//7825
f 3973//7826 3962//7826 3914//7826
f 3973//7827 3914//7827 3926//7827
f 3974//7828 3963//7828 3965//7828
f 3974//7829 3965//7829 3975//7829
f 3974//7830 3975//7830 3976//7830
f 3977//7831 3966//7831 3915//7831
f 3977//7832 3915//7832 3927//7832
f 3977//7833 3927//7833 3937//7833
f 3978//7834 3916//7834 3928//7834
f 3978//7835 3967//7835 3916//7835
f 3979//7836 3968//7836 3919//7836
f 3979//7837 3919//7837 3929//7837
f 3979//7838 3929//7838 3939//7838
f 3980//7839 3920//7839 3930//7839
f 3980//7840 3969//7840 3920//7840
f 3981//7841 3970//7841 3921//7841
f 3981//7842 3921//7842 3931//7842
f 3981//7843 3931//7843 3941//7843
f 3982//7844 3971//7844 3932//7844
f 3983//7845 3972//7845 3933//7845
f 3984//7846 3936//7846 3946//7846
f 3984//7847 3926//7847 3936//7847
f 3984//7848 3973//7848 3926//7848
f 3985//7849 3976//7849 3986//7849
f 3985//7850 3986//7850 3987//7850
f 3985//7851 3974//7851 3976//7851
f 3988//7852 3977//7852 3937//7852
f 3989//7853 3928//7853 3938//7853
f 3989//7854 3978//7854 3928//7854
f 3990//7855 3979//7855 3939//7855
f 3991//7856 3930//7856 3940//7856
f 3991//7857 3980//7857 3930//7857
f 3992//7858 3981//7858 3941//7858
f 3993//7859 3932//7859 3942//7859
f 3993//7860 3982//7860 3932//7860
f 3994//7861 3933//7861 3943//7861
f 3994//7862 3983//7862 3933//7862
f 3995//7863 3984//7863 3946//7863
f 3996//7864 3985//7864 3987//7864
f 3996//7865 3987//7865 3997//7865
f 3996//7866 3997//7866 3998//7866
f 3999//7867 3947//7867 3957//7867
f 3999//7868 3988//7868 3937//7868
f 3999//7869 3937//7869 3947//7869
f 4000//7870 3989//7870 3938//7870
f 4000//7871 3938//7871 3948//7871
f 4001//7872 3939//7872 3949//7872
f 4001//7873 3990//7873 3939//7873
f 4002//7874 3950//7874 3960//7874
f 4002//7875 3991//7875 3940//7875
f 4002//7876 3940//7876 3950//7876
f 4003//7877 3992//7877 3941//7877
f 4003//7878 3941//7878 3951//7878
f 4004//7879 3993//7879 3942//7879
f 4004//7880 3942//7880 3952//7880
f 4005//7881 3953//7881 3963//7881
f 4005//7882 3943//7882 3953//7882
f 4005//7883 3994//7883 3943//7883
f 4006//7884 3995//7884 3946//7884
f 4006//7885 3946//7885 3956//7885
f 4007//7886 3996//7886 3998//7886
f 4007//7887 3998//7887 4008//7887
f 4007//7888 4008//7888 4009//7888
f 4010//7889 3999//7889 3957//7889
f 4010//7890 3957//7890 3968//7890
f 4011//7891 3948//7891 3958//7891
f 4011//7892 4000//7892 3948//7892
f 4012//7893 3949//7893 3959//7893
f 4012//7894 4001//7894 3949//7894
f 4012//7895 3959//7895 3970//7895
f 4013//7896 4002//7896 3960//7896
f 4014//7897 4003//7897 3951//7897
f 4014//7898 3961//7898 3972//7898
f 4014//7899 3951//7899 3961//7899
f 4015//7900 4004//7900 3952//7900
f 4015//7901 3952//7901 3962//7901
f 4016//7902 4005//7902 3963//7902
f 4017//7903 4006//7903 3956//7903
f 4017//7904 3956//7904 3966//7904
f 4017//7905 3966//7905 3977//7905
f 4018//7906 4009//7906 4019//7906
f 4018//7907 4019//7907 4020//7907
f 4018//7908 4007//7908 4009//7908
f 4021//7909 3918//7909 3967//7909
f 4021//7910 4022//7910 3918//7910
f 4021//7911 3702//7911 4022//7911
f 4023//7912 4010//7912 3968//7912
f 4024//7913 4011//7913 3958//7913
f 4024//7914 3958//7914 3969//7914
f 4025//7915 4012//7915 3970//7915
f 4026//7916 3960//7916 3971//7916
f 4026//7917 4013//7917 3960//7917
f 4027//7918 4014//7918 3972//7918
f 4028//7919 3962//7919 3973//7919
f 4028//7920 4015//7920 3962//7920
f 4029//7921 3963//7921 3974//7921
f 4029//7922 4016//7922 3963//7922
f 4030//7923 4017//7923 3977//7923
f 4031//7924 4018//7924 4020//7924
f 4031//7925 4020//7925 4032//7925
f 4031//7926 4032//7926 4033//7926
f 4034//7927 3967//7927 3978//7927
f 4034//7928 4021//7928 3967//7928
f 4035//7929 4023//7929 3968//7929
f 4035//7930 3979//7930 3990//7930
f 4035//7931 3968//7931 3979//7931
f 4036//7932 3969//7932 3980//7932
f 4036//7933 4024//7933 3969//7933
f 4037//7934 3970//7934 3981//7934
f 4037//7935 4025//7935 3970//7935
f 4037//7936 3981//7936 3992//7936
f 4038//7937 4026//7937 3971//7937
f 4038//7938 3971//7938 3982//7938
f 4039//7939 3972//7939 3983//7939
f 4039//7940 4027//7940 3972//7940
f 4039//7941 3983//7941 3994//7941
f 4040//7942 3973//7942 3984//7942
f 4040//7943 3984//7943 3995//7943
f 4040//7944 4028//7944 3973//7944
f 4041//7945 4029//7945 3974//7945
f 4041//7946 3974//7946 3985//7946
f 4042//7947 4030//7947 3977//7947
f 4042//7948 3988//7948 3999//7948
f 4042//7949 3977//7949 3988//7949
f 4043//7950 4031//7950 4033//7950
f 4043//7951 4033//7951 4044//7951
f 4043//7952 4044//7952 4045//7952
f 4046//7953 3978//7953 3989//7953
f 4046//7954 4034//7954 3978//7954
f 4047//7955 4035//7955 3990//7955
f 4048//7956 3991//7956 4002//7956
f 4048//7957 4036//7957 3980//7957
f 4048//7958 3980//7958 3991//7958
f 4049//7959 4037//7959 3992//7959
f 4050//7960 3982//7960 3993//7960
f 4050//7961 4038//7961 3982//7961
f 4051//7962 4039//7962 3994//7962
f 4052//7963 4040//7963 3995//7963
f 4053//7964 3985//7964 3996//7964
f 4053//7965 4041//7965 3985//7965
f 4054//7966 4042//7966 3999//7966
f 4055//7967 4043//7967 4045//7967
f 4055//7968 4045//7968 4056//7968
f 4055//7969 4056//7969 4057//7969
f 4058//7970 3989//7970 4000//7970
f 4058//7971 4046//7971 3989//7971
f 4059//7972 3990//7972 4001//7972
f 4059//7973 4047//7973 3990//7973
f 4060//7974 4048//7974 4002//7974
f 4061//7975 4049//7975 3992//7975
f 4061//7976 4003//7976 4014//7976
f 4061//7977 3992//7977 4003//7977
f 4062//7978 4004//7978 4015//7978
f 4062//7979 4050//7979 3993//7979
f 4062//7980 3993//7980 4004//7980
f 4063//7981 3994//7981 4005//7981
f 4063//7982 4051//7982 3994//7982
f 4064//7983 4052//7983 3995//7983
f 4064//7984 3995//7984 4006//7984
f 4065//7985 3996//7985 4007//7985
f 4065//7986 4053//7986 3996//7986
f 4066//7987 4054//7987 3999//7987
f 4066//7988 3999//7988 4010//7988
f 4067//7989 4057//7989 4068//7989
f 4067//7990 4068//7990 4069//7990
f 4067//7991 4055//7991 4057//7991
f 4070//7992 4058//7992 4000//7992
f 4070//7993 4000//7993 4011//7993
f 4071//7994 4012//7994 4025//7994
f 4071//7995 4001//7995 4012//7995
f 4071//7996 4059//7996 4001//7996
f 4072//7997 4002//7997 4013//7997
f 4072//7998 4013//7998 4026//7998
f 4072//7999 4060//7999 4002//7999
f 4073//8000 4061//8000 4014//8000
f 4074//8001 4062//8001 4015//8001
f 4075//8002 4063//8002 4005//8002
f 4075//8003 4005//8003 4016//8003
f 4075//8004 4016//8004 4029//8004
f 4076//8005 4064//8005 4006//8005
f 4076//8006 4006//8006 4017//8006
f 4077//8007 4007//8007 4018//8007
f 4077//8008 4065//8008 4007//8008
f 4078//8009 3702//8009 4021//8009
f 4078//8010 4079//8010 3700//8010
f 4078//8011 4080//8011 4079//8011
f 4078//8012 3700//8012 3702//8012
f 4081//8013 4066//8013 4010//8013
f 4081//8014 4010//8014 4023//8014
f 4082//8015 4067//8015 4069//8015
f 4082//8016 4069//8016 4083//8016
f 4082//8017 4083//8017 4084//8017
f 4085//8018 4070//8018 4011//8018
f 4085//8019 4011//8019 4024//8019
f 4086//8020 4071//8020 4025//8020
f 4087//8021 4072//8021 4026//8021
f 4087//8022 4026//8022 4038//8022
f 4088//8023 4014//8023 4027//8023
f 4088//8024 4073//8024 4014//8024
f 4089//8025 4015//8025 4028//8025
f 4089//8026 4074//8026 4015//8026
f 4090//8027 4075//8027 4029//8027
f 4090//8028 4029//8028 4041//8028
f 4091//8029 4076//8029 4017//8029
f 4091//8030 4017//8030 4030//8030
f 4092//8031 4077//8031 4018//8031
f 4092//8032 4018//8032 4031//8032
f 4093//8033 4094//8033 4080//8033
f 4093//8034 4095//8034 4094//8034
f 4093//8035 4080//8035 4078//8035
f 4093//8036 4021//8036 4034//8036
f 4093//8037 4078//8037 4021//8037
f 4096//8038 4081//8038 4023//8038
f 4096//8039 4035//8039 4047//8039
f 4096//8040 4023//8040 4035//8040
f 4097//8041 4084//8041 4098//8041
f 4097//8042 4098//8042 4099//8042
f 4097//8043 4082//8043 4084//8043
f 4100//8044 4024//8044 4036//8044
f 4100//8045 4085//8045 4024//8045
f 4101//8046 4025//8046 4037//8046
f 4101//8047 4086//8047 4025//8047
f 4102//8048 4087//8048 4038//8048
f 4102//8049 4038//8049 4050//8049
f 4103//8050 4088//8050 4027//8050
f 4103//8051 4027//8051 4039//8051
f 4104//8052 4089//8052 4028//8052
f 4104//8053 4028//8053 4040//8053
f 4105//8054 4090//8054 4041//8054
f 4106//8055 4030//8055 4042//8055
f 4106//8056 4091//8056 4030//8056
f 4107//8057 4092//8057 4031//8057
f 4107//8058 4031//8058 4043//8058
f 4108//8059 4095//8059 4093//8059
f 4108//8060 4109//8060 4095//8060
f 4108//8061 4110//8061 4109//8061
f 4108//8062 4034//8062 4046//8062
f 4108//8063 4093//8063 4034//8063
f 4111//8064 4096//8064 4047//8064
f 4112//8065 4099//8065 4113//8065
f 4112//8066 4113//8066 4114//8066
f 4112//8067 4097//8067 4099//8067
f 4115//8068 4100//8068 4036//8068
f 4115//8069 4036//8069 4048//8069
f 4116//8070 4037//8070 4049//8070
f 4116//8071 4101//8071 4037//8071
f 4117//8072 4102//8072 4050//8072
f 4118//8073 4051//8073 4063//8073
f 4118//8074 4103//8074 4039//8074
f 4118//8075 4039//8075 4051//8075
f 4119//8076 4040//8076 4052//8076
f 4119//8077 4104//8077 4040//8077
f 4119//8078 4052//8078 4064//8078
f 4120//8079 4041//8079 4053//8079
f 4120//8080 4105//8080 4041//8080
f 4121//8081 4106//8081 4042//8081
f 4121//8082 4042//8082 4054//8082
f 4122//8083 4107//8083 4043//8083
f 4122//8084 4043//8084 4055//8084
f 4123//8085 4108//8085 4046//8085
f 4123//8086 4124//8086 4110//8086
f 4123//8087 4125//8087 4124//8087
f 4123//8088 4046//8088 4058//8088
f 4123//8089 4110//8089 4108//8089
f 4126//8090 4047//8090 4059//8090
f 4126//8091 4111//8091 4047//8091
f 4127//8092 4114//8092 4128//8092
f 4127//8093 4128//8093 4129//8093
f 4127//8094 4112//8094 4114//8094
f 4130//8095 4115//8095 4048//8095
f 4130//8096 4048//8096 4060//8096
f 4131//8097 4116//8097 4049//8097
f 4131//8098 4049//8098 4061//8098
f 4131//8099 4061//8099 4073//8099
f 4132//8100 4117//8100 4050//8100
f 4132//8101 4062//8101 4074//8101
f 4132//8102 4050//8102 4062//8102
f 4133//8103 4118//8103 4063//8103
f 4134//8104 4119//8104 4064//8104
f 4135//8105 4065//8105 4077//8105
f 4135//8106 4120//8106 4053//8106
f 4135//8107 4053//8107 4065//8107
f 4136//8108 4066//8108 4081//8108
f 4136//8109 4054//8109 4066//8109
f 4136//8110 4121//8110 4054//8110
f 4137//8111 4122//8111 4055//8111
f 4137//8112 4055//8112 4067//8112
f 4138//8113 4058//8113 4070//8113
f 4138//8114 4139//8114 4125//8114
f 4138//8115 4140//8115 4139//8115
f 4138//8116 4125//8116 4123//8116
f 4138//8117 4123//8117 4058//8117
f 4141//8118 4126//8118 4059//8118
f 4141//8119 4059//8119 4071//8119
f 4141//8120 4071//8120 4086//8120
f 4142//8121 4129//8121 4143//8121
f 4142//8122 4143//8122 4144//8122
f 4142//8123 4127//8123 4129//8123
f 4145//8124 4060//8124 4072//8124
f 4145//8125 4130//8125 4060//8125
f 4146//8126 4131//8126 4073//8126
f 4147//8127 4132//8127 4074//8127
f 4148//8128 4063//8128 4075//8128
f 4148//8129 4133//8129 4063//8129
f 4148//8130 4075//8130 4090//8130
f 4149//8131 4064//8131 4076//8131
f 4149//8132 4134//8132 4064//8132
f 4150//8133 4135//8133 4077//8133
f 4151//8134 4136//8134 4081//8134
f 4152//8135 4137//8135 4067//8135
f 4152//8136 4067//8136 4082//8136
f 4153//8137 4154//8137 4140//8137
f 4153//8138 4155//8138 4154//8138
f 4153//8139 4138//8139 4070//8139
f 4153//8140 4070//8140 4085//8140
f 4153//8141 4140//8141 4138//8141
f 4153//8142 4085//8142 4100//8142
f 4156//8143 4141//8143 4086//8143
f 4157//8144 4144//8144 4158//8144
f 4157//8145 4158//8145 4159//8145
f 4157//8146 4142//8146 4144//8146
f 4160//8147 4145//8147 4072//8147
f 4160//8148 4072//8148 4087//8148
f 4161//8149 4073//8149 4088//8149
f 4161//8150 4146//8150 4073//8150
f 4162//8151 4074//8151 4089//8151
f 4162//8152 4147//8152 4074//8152
f 4163//8153 4148//8153 4090//8153
f 4164//8154 4076//8154 4091//8154
f 4164//8155 4149//8155 4076//8155
f 4164//8156 4091//8156 4106//8156
f 4165//8157 4077//8157 4092//8157
f 4165//8158 4150//8158 4077//8158
f 4165//8159 4092//8159 4107//8159
f 4166//8160 4096//8160 4111//8160
f 4166//8161 4081//8161 4096//8161
f 4166//8162 4151//8162 4081//8162
f 4167//8163 4152//8163 4082//8163
f 4167//8164 4082//8164 4097//8164
f 4168//8165 4153//8165 4100//8165
f 4168//8166 4169//8166 4155//8166
f 4168//8167 4170//8167 4169//8167
f 4168//8168 4155//8168 4153//8168
f 4171//8169 4086//8169 4101//8169
f 4171//8170 4156//8170 4086//8170
f 4172//8171 4159//8171 4173//8171
f 4172//8172 4173//8172 4174//8172
f 4172//8173 4157//8173 4159//8173
f 4175//8174 4087//8174 4102//8174
f 4175//8175 4160//8175 4087//8175
f 4176//8176 4161//8176 4088//8176
f 4176//8177 4088//8177 4103//8177
f 4177//8178 4104//8178 4119//8178
f 4177//8179 4089//8179 4104//8179
f 4177//8180 4162//8180 4089//8180
f 4178//8181 4163//8181 4090//8181
f 4178//8182 4090//8182 4105//8182
f 4179//8183 4164//8183 4106//8183
f 4180//8184 4165//8184 4107//8184
f 4181//8185 4166//8185 4111//8185
f 4182//8186 4167//8186 4097//8186
f 4182//8187 4097//8187 4112//8187
f 4183//8188 4184//8188 4170//8188
f 4183//8189 4185//8189 4184//8189
f 4183//8190 4170//8190 4168//8190
f 4183//8191 4168//8191 4100//8191
f 4183//8192 4100//8192 4115//8192
f 4186//8193 4116//8193 4131//8193
f 4186//8194 4101//8194 4116//8194
f 4186//8195 4171//8195 4101//8195
f 4187//8196 4172//8196 4174//8196
f 4187//8197 4174//8197 4188//8197
f 4187//8198 4188//8198 4189//8198
f 4190//8199 4102//8199 4117//8199
f 4190//8200 4175//8200 4102//8200
f 4190//8201 4117//8201 4132//8201
f 4191//8202 4176//8202 4103//8202
f 4191//8203 4103//8203 4118//8203
f 4191//8204 4118//8204 4133//8204
f 4192//8205 4177//8205 4119//8205
f 4193//8206 4178//8206 4105//8206
f 4193//8207 4120//8207 4135//8207
f 4193//8208 4105//8208 4120//8208
f 4194//8209 4106//8209 4121//8209
f 4194//8210 4179//8210 4106//8210
f 4195//8211 4107//8211 4122//8211
f 4195//8212 4122//8212 4137//8212
f 4195//8213 4180//8213 4107//8213
f 4196//8214 4111//8214 4126//8214
f 4196//8215 4181//8215 4111//8215
f 4197//8216 4182//8216 4112//8216
f 4197//8217 4112//8217 4127//8217
f 4198//8218 4115//8218 4130//8218
f 4198//8219 4199//8219 4185//8219
f 4198//8220 4200//8220 4199//8220
f 4198//8221 4185//8221 4183//8221
f 4198//8222 4183//8222 4115//8222
f 4201//8223 4186//8223 4131//8223
f 4202//8224 4189//8224 4203//8224
f 4202//8225 4203//8225 4204//8225
f 4202//8226 4187//8226 4189//8226
f 4205//8227 4190//8227 4132//8227
f 4206//8228 4191//8228 4133//8228
f 4207//8229 4119//8229 4134//8229
f 4207//8230 4192//8230 4119//8230
f 4208//8231 4193//8231 4135//8231
f 4208//8232 4135//8232 4150//8232
f 4209//8233 4194//8233 4121//8233
f 4209//8234 4136//8234 4151//8234
f 4209//8235 4121//8235 4136//8235
f 4210//8236 4195//8236 4137//8236
f 4211//8237 4126//8237 4141//8237
f 4211//8238 4196//8238 4126//8238
f 4211//8239 4141//8239 4156//8239
f 4212//8240 4127//8240 4142//8240
f 4212//8241 4197//8241 4127//8241
f 4213//8242 4145//8242 4160//8242
f 4213//8243 4130//8243 4145//8243
f 4213//8244 4214//8244 4200//8244
f 4213//8245 4215//8245 4214//8245
f 4213//8246 4198//8246 4130//8246
f 4213//8247 4200//8247 4198//8247
f 4216//8248 4131//8248 4146//8248
f 4216//8249 4201//8249 4131//8249
f 4217//8250 4204//8250 4218//8250
f 4217//8251 4218//8251 4219//8251
f 4217//8252 4202//8252 4204//8252
f 4220//8253 4205//8253 4132//8253
f 4220//8254 4132//8254 4147//8254
f 4221//8255 4206//8255 4133//8255
f 4221//8256 4148//8256 4163//8256
f 4221//8257 4133//8257 4148//8257
f 4222//8258 4207//8258 4134//8258
f 4222//8259 4134//8259 4149//8259
f 4223//8260 4208//8260 4150//8260
f 4224//8261 4209//8261 4151//8261
f 4225//8262 4210//8262 4137//8262
f 4225//8263 4137//8263 4152//8263
f 4225//8264 4152//8264 4167//8264
f 4226//8265 4211//8265 4156//8265
f 4227//8266 4212//8266 4142//8266
f 4227//8267 4142//8267 4157//8267
f 4228//8268 4229//8268 4215//8268
f 4228//8269 4230//8269 4229//8269
f 4228//8270 4160//8270 4175//8270
f 4228//8271 4213//8271 4160//8271
f 4228//8272 4215//8272 4213//8272
f 4231//8273 4161//8273 4176//8273
f 4231//8274 4216//8274 4146//8274
f 4231//8275 4146//8275 4161//8275
f 4232//8276 4219//8276 4233//8276
f 4232//8277 4233//8277 4234//8277
f 4232//8278 4217//8278 4219//8278
f 4235//8279 4220//8279 4147//8279
f 4235//8280 4147//8280 4162//8280
f 4236//8281 4221//8281 4163//8281
f 4237//8282 4149//8282 4164//8282
f 4237//8283 4164//8283 4179//8283
f 4237//8284 4222//8284 4149//8284
f 4238//8285 4223//8285 4150//8285
f 4238//8286 4150//8286 4165//8286
f 4239//8287 4166//8287 4181//8287
f 4239//8288 4224//8288 4151//8288
f 4239//8289 4151//8289 4166//8289
f 4240//8290 4225//8290 4167//8290
f 4241//8291 4156//8291 4171//8291
f 4241//8292 4226//8292 4156//8292
f 4241//8293 4171//8293 4186//8293
f 4242//8294 4172//8294 4187//8294
f 4242//8295 4157//8295 4172//8295
f 4242//8296 4227//8296 4157//8296
f 4243//8297 4244//8297 4230//8297
f 4243//8298 4245//8298 4244//8298
f 4243//8299 4230//8299 4228//8299
f 4243//8300 4228//8300 4175//8300
f 4246//8301 4231//8301 4176//8301
f 4247//8302 4232//8302 4234//8302
f 4247//8303 4234//8303 4248//8303
f 4247//8304 4248//8304 4249//8304
f 4250//8305 4235//8305 4162//8305
f 4250//8306 4162//8306 4177//8306
f 4251//8307 4163//8307 4178//8307
f 4251//8308 4236//8308 4163//8308
f 4252//8309 4237//8309 4179//8309
f 4253//8310 4238//8310 4165//8310
f 4253//8311 4165//8311 4180//8311
f 4254//8312 4239//8312 4181//8312
f 4255//8313 4167//8313 4182//8313
f 4255//8314 4240//8314 4167//8314
f 4256//8315 4241//8315 4186//8315
f 4257//8316 4242//8316 4187//8316
f 4258//8317 4243//8317 4175//8317
f 4258//8318 4259//8318 4245//8318
f 4258//8319 4260//8319 4259//8319
f 4258//8320 4190//8320 4205//8320
f 4258//8321 4245//8321 4243//8321
f 4258//8322 4175//8322 4190//8322
f 4261//8323 4246//8323 4176//8323
f 4261//8324 4176//8324 4191//8324
f 4262//8325 4247//8325 4249//8325
f 4262//8326 4249//8326 4263//8326
f 4262//8327 4263//8327 4264//8327
f 4265//8328 4250//8328 4177//8328
f 4265//8329 4177//8329 4192//8329
f 4265//8330 4192//8330 4207//8330
f 4266//8331 4251//8331 4178//8331
f 4266//8332 4178//8332 4193//8332
f 4267//8333 4252//8333 4179//8333
f 4267//8334 4179//8334 4194//8334
f 4268//8335 4253//8335 4180//8335
f 4268//8336 4180//8336 4195//8336
f 4268//8337 4195//8337 4210//8337
f 4269//8338 4254//8338 4181//8338
f 4269//8339 4181//8339 4196//8339
f 4270//8340 4182//8340 4197//8340
f 4270//8341 4197//8341 4212//8341
f 4270//8342 4255//8342 4182//8342
f 4271//8343 4201//8343 4216//8343
f 4271//8344 4256//8344 4186//8344
f 4271//8345 4186//8345 4201//8345
f 4272//8346 4202//8346 4217//8346
f 4272//8347 4187//8347 4202//8347
f 4272//8348 4257//8348 4187//8348
f 4273//8349 4260//8349 4258//8349
f 4273//8350 4274//8350 4260//8350
f 4273//8351 4275//8351 4274//8351
f 4273//8352 4258//8352 4205//8352
f 4276//8353 4206//8353 4221//8353
f 4276//8354 4261//8354 4191//8354
f 4276//8355 4191//8355 4206//8355
f 4277//8356 4262//8356 4264//8356
f 4277//8357 4264//8357 4278//8357
f 4277//8358 4278//8358 3703//8358
f 4277//8359 3703//8359 3697//8359
f 4279//8360 4265//8360 4207//8360
f 4280//8361 4266//8361 4193//8361
f 4280//8362 4193//8362 4208//8362
f 4281//8363 4209//8363 4224//8363
f 4281//8364 4194//8364 4209//8364
f 4281//8365 4267//8365 4194//8365
f 4282//8366 4268//8366 4210//8366
f 4283//8367 4211//8367 4226//8367
f 4283//8368 4269//8368 4196//8368
f 4283//8369 4196//8369 4211//8369
f 4284//8370 4270//8370 4212//8370
f 4285//8371 4271//8371 4216//8371
f 4286//8372 4217//8372 4232//8372
f 4286//8373 4272//8373 4217//8373
f 4287//8374 4275//8374 4273//8374
f 4287//8375 4205//8375 4220//8375
f 4287//8376 4288//8376 4275//8376
f 4287//8377 4289//8377 4288//8377
f 4287//8378 4273//8378 4205//8378
f 4290//8379 4276//8379 4221//8379
f 4291//8380 4279//8380 4207//8380
f 4291//8381 4207//8381 4222//8381
f 4292//8382 4280//8382 4208//8382
f 4292//8383 4208//8383 4223//8383
f 4293//8384 4281//8384 4224//8384
f 4294//8385 4210//8385 4225//8385
f 4294//8386 4225//8386 4240//8386
f 4294//8387 4282//8387 4210//8387
f 4295//8388 4283//8388 4226//8388
f 4296//8389 4212//8389 4227//8389
f 4296//8390 4284//8390 4212//8390
f 4296//8391 4227//8391 4242//8391
f 4297//8392 4216//8392 4231//8392
f 4297//8393 4285//8393 4216//8393
f 4297//8394 4231//8394 4246//8394
f 4298//8395 4286//8395 4232//8395
f 4299//8396 4289//8396 4287//8396
f 4299//8397 4300//8397 4289//8397
f 4299//8398 4301//8398 4300//8398
f 4299//8399 4220//8399 4235//8399
f 4299//8400 4287//8400 4220//8400
f 4302//8401 4290//8401 4221//8401
f 4302//8402 4221//8402 4236//8402
f 4303//8403 4222//8403 4237//8403
f 4303//8404 4291//8404 4222//8404
f 4304//8405 4223//8405 4238//8405
f 4304//8406 4292//8406 4223//8406
f 4305//8407 4224//8407 4239//8407
f 4305//8408 4239//8408 4254//8408
f 4305//8409 4293//8409 4224//8409
f 4306//8410 4294//8410 4240//8410
f 4307//8411 4226//8411 4241//8411
f 4307//8412 4295//8412 4226//8412
f 4307//8413 4241//8413 4256//8413
f 4308//8414 4296//8414 4242//8414
f 4309//8415 4297//8415 4246//8415
f 4310//8416 4247//8416 4262//8416
f 4310//8417 4298//8417 4232//8417
f 4310//8418 4232//8418 4247//8418
f 4311//8419 4299//8419 4235//8419
f 4311//8420 4301//8420 4299//8420
f 4311//8421 4312//8421 4301//8421
f 4311//8422 4313//8422 4312//8422
f 4311//8423 4250//8423 4265//8423
f 4311//8424 4235//8424 4250//8424
f 4314//8425 4236//8425 4251//8425
f 4314//8426 4302//8426 4236//8426
f 4315//8427 4237//8427 4252//8427
f 4315//8428 4303//8428 4237//8428
f 4316//8429 4304//8429 4238//8429
f 4316//8430 4238//8430 4253//8430
f 4317//8431 4305//8431 4254//8431
f 4318//8432 4240//8432 4255//8432
f 4318//8433 4255//8433 4270//8433
f 4318//8434 4306//8434 4240//8434
f 4319//8435 4307//8435 4256//8435
f 4320//8436 4242//8436 4257//8436
f 4320//8437 4308//8437 4242//8437
f 4321//8438 4261//8438 4276//8438
f 4321//8439 4309//8439 4246//8439
f 4321//8440 4246//8440 4261//8440
f 4322//8441 4310//8441 4262//8441
f 4323//8442 4311//8442 4265//8442
f 4323//8443 4324//8443 4313//8443
f 4323//8444 4325//8444 4324//8444
f 4323//8445 4313//8445 4311//8445
f 4326//8446 4251//8446 4266//8446
f 4326//8447 4314//8447 4251//8447
f 4326//8448 4266//8448 4280//8448
f 4327//8449 4315//8449 4252//8449
f 4327//8450 4252//8450 4267//8450
f 4328//8451 4316//8451 4253//8451
f 4328//8452 4253//8452 4268//8452
f 4329//8453 4317//8453 4254//8453
f 4329//8454 4254//8454 4269//8454
f 4330//8455 4318//8455 4270//8455
f 4330//8456 4270//8456 4284//8456
f 4331//8457 4256//8457 4271//8457
f 4331//8458 4319//8458 4256//8458
f 4331//8459 4271//8459 4285//8459
f 4332//8460 4320//8460 4257//8460
f 4332//8461 4257//8461 4272//8461
f 4333//8462 4321//8462 4276//8462
f 4334//8463 4322//8463 4262//8463
f 4334//8464 3697//8464 3721//8464
f 4334//8465 4262//8465 4277//8465
f 4334//8466 4277//8466 3697//8466
f 4335//8467 4325//8467 4323//8467
f 4335//8468 4265//8468 4279//8468
f 4335//8469 4336//8469 4325//8469
f 4335//8470 4337//8470 4336//8470
f 4335//8471 4279//8471 4291//8471
f 4335//8472 4323//8472 4265//8472
f 4338//8473 4280//8473 4292//8473
f 4338//8474 4326//8474 4280//8474
f 4339//8475 4281//8475 4293//8475
f 4339//8476 4267//8476 4281//8476
f 4339//8477 4327//8477 4267//8477
f 4340//8478 4328//8478 4268//8478
f 4340//8479 4268//8479 4282//8479
f 4341//8480 4269//8480 4283//8480
f 4341//8481 4283//8481 4295//8481
f 4341//8482 4329//8482 4269//8482
f 4342//8483 4330//8483 4284//8483
f 4343//8484 4331//8484 4285//8484
f 4344//8485 4332//8485 4272//8485
f 4344//8486 4272//8486 4286//8486
f 4345//8487 4333//8487 4276//8487
f 4345//8488 4276//8488 4290//8488
f 4345//8489 4290//8489 4302//8489
f 4346//8490 4347//8490 4337//8490
f 4346//8491 4348//8491 4347//8491
f 4346//8492 4337//8492 4335//8492
f 4346//8493 4335//8493 4291//8493
f 4349//8494 4338//8494 4292//8494
f 4350//8495 4339//8495 4293//8495
f 4351//8496 4340//8496 4282//8496
f 4351//8497 4282//8497 4294//8497
f 4352//8498 4341//8498 4295//8498
f 4353//8499 4342//8499 4284//8499
f 4353//8500 4284//8500 4296//8500
f 4354//8501 4343//8501 4285//8501
f 4354//8502 4285//8502 4297//8502
f 4354//8503 4297//8503 4309//8503
f 4355//8504 4286//8504 4298//8504
f 4355//8505 4344//8505 4286//8505
f 4356//8506 4345//8506 4302//8506
f 4357//8507 4291//8507 4303//8507
f 4357//8508 4348//8508 4346//8508
f 4357//8509 4346//8509 4291//8509
f 4357//8510 4358//8510 4348//8510
f 4357//8511 4359//8511 4358//8511
f 4357//8512 4303//8512 4315//8512
f 4360//8513 4292//8513 4304//8513
f 4360//8514 4349//8514 4292//8514
f 4361//8515 4350//8515 4293//8515
f 4361//8516 4293//8516 4305//8516
f 4361//8517 4305//8517 4317//8517
f 4362//8518 4351//8518 4294//8518
f 4362//8519 4294//8519 4306//8519
f 4363//8520 4295//8520 4307//8520
f 4363//8521 4352//8521 4295//8521
f 4364//8522 4296//8522 4308//8522
f 4364//8523 4353//8523 4296//8523
f 4365//8524 4354//8524 4309//8524
f 4366//8525 4355//8525 4298//8525
f 4366//8526 4298//8526 4310//8526
f 4367//8527 4356//8527 4302//8527
f 4367//8528 4302//8528 4314//8528
f 4368//8529 4369//8529 4359//8529
f 4368//8530 4370//8530 4369//8530
f 4368//8531 4359//8531 4357//8531
f 4368//8532 4357//8532 4315//8532
f 4371//8533 4360//8533 4304//8533
f 4371//8534 4304//8534 4316//8534
f 4371//8535 4316//8535 4328//8535
f 4372//8536 4361//8536 4317//8536
f 4373//8537 4306//8537 4318//8537
f 4373//8538 4362//8538 4306//8538
f 4373//8539 4318//8539 4330//8539
f 4374//8540 4307//8540 4319//8540
f 4374//8541 4363//8541 4307//8541
f 4375//8542 4364//8542 4308//8542
f 4375//8543 4308//8543 4320//8543
f 4376//8544 4365//8544 4309//8544
f 4376//8545 4309//8545 4321//8545
f 4376//8546 4321//8546 4333//8546
f 4377//8547 4310//8547 4322//8547
f 4377//8548 4366//8548 4310//8548
f 4378//8549 4314//8549 4326//8549
f 4378//8550 4326//8550 4338//8550
f 4378//8551 4367//8551 4314//8551
f 4379//8552 4370//8552 4368//8552
f 4379//8553 4380//8553 4370//8553
f 4379//8554 4381//8554 4380//8554
f 4379//8555 4315//8555 4327//8555
f 4379//8556 4368//8556 4315//8556
f 4382//8557 4328//8557 4340//8557
f 4382//8558 4371//8558 4328//8558
f 4383//8559 4317//8559 4329//8559
f 4383//8560 4372//8560 4317//8560
f 4384//8561 4373//8561 4330//8561
f 4385//8562 4331//8562 4343//8562
f 4385//8563 4319//8563 4331//8563
f 4385//8564 4374//8564 4319//8564
f 4386//8565 4332//8565 4344//8565
f 4386//8566 4375//8566 4320//8566
f 4386//8567 4320//8567 4332//8567
f 4387//8568 4376//8568 4333//8568
f 4388//8569 4377//8569 4322//8569
f 4388//8570 4334//8570 3721//8570
f 4388//8571 3721//8571 3742//8571
f 4388//8572 4322//8572 4334//8572
f 4389//8573 4378//8573 4338//8573
f 4390//8574 4379//8574 4327//8574
f 4390//8575 4339//8575 4350//8575
f 4390//8576 4381//8576 4379//8576
f 4390//8577 4391//8577 4381//8577
f 4390//8578 4392//8578 4391//8578
f 4390//8579 4327//8579 4339//8579
f 4393//8580 4382//8580 4340//8580
f 4394//8581 4383//8581 4329//8581
f 4394//8582 4341//8582 4352//8582
f 4394//8583 4329//8583 4341//8583
f 4395//8584 4384//8584 4330//8584
f 4395//8585 4330//8585 4342//8585
f 4396//8586 4385//8586 4343//8586
f 4397//8587 4386//8587 4344//8587
f 4397//8588 4344//8588 4355//8588
f 4398//8589 4387//8589 4333//8589
f 4398//8590 4333//8590 4345//8590
f 4398//8591 4345//8591 4356//8591
f 4399//8592 4389//8592 4338//8592
f 4399//8593 4338//8593 4349//8593
f 4400//8594 4390//8594 4350//8594
f 4400//8595 4401//8595 4392//8595
f 4400//8596 4402//8596 4401//8596
f 4400//8597 4392//8597 4390//8597
f 4403//8598 4340//8598 4351//8598
f 4403//8599 4393//8599 4340//8599
f 4403//8600 4351//8600 4362//8600
f 4404//8601 4394//8601 4352//8601
f 4405//8602 4342//8602 4353//8602
f 4405//8603 4395//8603 4342//8603
f 4405//8604 4353//8604 4364//8604
f 4406//8605 4343//8605 4354//8605
f 4406//8606 4354//8606 4365//8606
f 4406//8607 4396//8607 4343//8607
f 4407//8608 4397//8608 4355//8608
f 4408//8609 4398//8609 4356//8609
f 4409//8610 4399//8610 4349//8610
f 4409//8611 4349//8611 4360//8611
f 4410//8612 4350//8612 4361//8612
f 4410//8613 4402//8613 4400//8613
f 4410//8614 4361//8614 4372//8614
f 4410//8615 4411//8615 4402//8615
f 4410//8616 4412//8616 4411//8616
f 4410//8617 4400//8617 4350//8617
f 4413//8618 4403//8618 4362//8618
f 4414//8619 4404//8619 4352//8619
f 4414//8620 4352//8620 4363//8620
f 4415//8621 4405//8621 4364//8621
f 4416//8622 4406//8622 4365//8622
f 4417//8623 4366//8623 4377//8623
f 4417//8624 4355//8624 4366//8624
f 4417//8625 4407//8625 4355//8625
f 4418//8626 4356//8626 4367//8626
f 4418//8627 4408//8627 4356//8627
f 4419//8628 4360//8628 4371//8628
f 4419//8629 4409//8629 4360//8629
f 4420//8630 4421//8630 4412//8630
f 4420//8631 4422//8631 4421//8631
f 4420//8632 4412//8632 4410//8632
f 4420//8633 4410//8633 4372//8633
f 4423//8634 4413//8634 4362//8634
f 4423//8635 4362//8635 4373//8635
f 4424//8636 4363//8636 4374//8636
f 4424//8637 4414//8637 4363//8637
f 4425//8638 4415//8638 4364//8638
f 4425//8639 4364//8639 4375//8639
f 4426//8640 4376//8640 4387//8640
f 4426//8641 4416//8641 4365//8641
f 4426//8642 4365//8642 4376//8642
f 4427//8643 4417//8643 4377//8643
f 4428//8644 4367//8644 4378//8644
f 4428//8645 4418//8645 4367//8645
f 4429//8646 4371//8646 4382//8646
f 4429//8647 4382//8647 4393//8647
f 4429//8648 4419//8648 4371//8648
f 4430//8649 4372//8649 4383//8649
f 4430//8650 4431//8650 4422//8650
f 4430//8651 4432//8651 4431//8651
f 4430//8652 4422//8652 4420//8652
f 4430//8653 4420//8653 4372//8653
f 4433//8654 4423//8654 4373//8654
f 4433//8655 4384//8655 4395//8655
f 4433//8656 4373//8656 4384//8656
f 4434//8657 4424//8657 4374//8657
f 4434//8658 4374//8658 4385//8658
f 4435//8659 4425//8659 4375//8659
f 4435//8660 4375//8660 4386//8660
f 4436//8661 4426//8661 4387//8661
f 4437//8662 4377//8662 4388//8662
f 4437//8663 4427//8663 4377//8663
f 4437//8664 4388//8664 3742//8664
f 4437//8665 3742//8665 3768//8665
f 4438//8666 4389//8666 4399//8666
f 4438//8667 4378//8667 4389//8667
f 4438//8668 4428//8668 4378//8668
f 4439//8669 4429//8669 4393//8669
f 4440//8670 4430//8670 4383//8670
f 4440//8671 4432//8671 4430//8671
f 4440//8672 4394//8672 4404//8672
f 4440//8673 4383//8673 4394//8673
f 4440//8674 4441//8674 4432//8674
f 4440//8675 4442//8675 4441//8675
f 4443//8676 4433//8676 4395//8676
f 4444//8677 4385//8677 4396//8677
f 4444//8678 4434//8678 4385//8678
f 4445//8679 4386//8679 4397//8679
f 4445//8680 4435//8680 4386//8680
f 4445//8681 4397//8681 4407//8681
f 4446//8682 4436//8682 4387//8682
f 4446//8683 4387//8683 4398//8683
f 4446//8684 4398//8684 4408//8684
f 4447//8685 4438//8685 4399//8685
f 4448//8686 4439//8686 4393//8686
f 4448//8687 4393//8687 4403//8687
f 4448//8688 4403//8688 4413//8688
f 4449//8689 4450//8689 4442//8689
f 4449//8690 4451//8690 4450//8690
f 4449//8691 4440//8691 4404//8691
f 4449//8692 4442//8692 4440//8692
f 4452//8693 4395//8693 4405//8693
f 4452//8694 4443//8694 4395//8694
f 4453//8695 4396//8695 4406//8695
f 4453//8696 4444//8696 4396//8696
f 4454//8697 4445//8697 4407//8697
f 4455//8698 4446//8698 4408//8698
f 4456//8699 4409//8699 4419//8699
f 4456//8700 4447//8700 4399//8700
f 4456//8701 4399//8701 4409//8701
f 4457//8702 4448//8702 4413//8702
f 4458//8703 4449//8703 4404//8703
f 4458//8704 4404//8704 4414//8704
f 4458//8705 4459//8705 4451//8705
f 4458//8706 4460//8706 4459//8706
f 4458//8707 4451//8707 4449//8707
f 4458//8708 4414//8708 4424//8708
f 4461//8709 4452//8709 4405//8709
f 4461//8710 4405//8710 4415//8710
f 4461//8711 4415//8711 4425//8711
f 4462//8712 4453//8712 4406//8712
f 4462//8713 4406//8713 4416//8713
f 4463//8714 4407//8714 4417//8714
f 4463//8715 4454//8715 4407//8715
f 4464//8716 4455//8716 4408//8716
f 4464//8717 4408//8717 4418//8717
f 4465//8718 4419//8718 4429//8718
f 4465//8719 4456//8719 4419//8719
f 4466//8720 4457//8720 4413//8720
f 4466//8721 4413//8721 4423//8721
f 4467//8722 4458//8722 4424//8722
f 4467//8723 4460//8723 4458//8723
f 4467//8724 4468//8724 4460//8724
f 4467//8725 4469//8725 4468//8725
f 4470//8726 4461//8726 4425//8726
f 4471//8727 4416//8727 4426//8727
f 4471//8728 4462//8728 4416//8728
f 4472//8729 4417//8729 4427//8729
f 4472//8730 4463//8730 4417//8730
f 4473//8731 4464//8731 4418//8731
f 4473//8732 4428//8732 4438//8732
f 4473//8733 4418//8733 4428//8733
f 4474//8734 4465//8734 4429//8734
f 4475//8735 4433//8735 4443//8735
f 4475//8736 4423//8736 4433//8736
f 4475//8737 4466//8737 4423//8737
f 4476//8738 4469//8738 4467//8738
f 4476//8739 4467//8739 4424//8739
f 4476//8740 4424//8740 4434//8740
f 4476//8741 4477//8741 4469//8741
f 4476//8742 4478//8742 4477//8742
f 4476//8743 4434//8743 4444//8743
f 4479//8744 4470//8744 4425//8744
f 4479//8745 4425//8745 4435//8745
f 4480//8746 4426//8746 4436//8746
f 4480//8747 4471//8747 4426//8747
f 4481//8748 4472//8748 4427//8748
f 4481//8749 4427//8749 4437//8749
f 4481//8750 4437//8750 3768//8750
f 4481//8751 3768//8751 3799//8751
f 4482//8752 4473//8752 4438//8752
f 4483//8753 4439//8753 4448//8753
f 4483//8754 4429//8754 4439//8754
f 4483//8755 4474//8755 4429//8755
f 4484//8756 4475//8756 4443//8756
f 4485//8757 4478//8757 4476//8757
f 4485//8758 4476//8758 4444//8758
f 4485//8759 4486//8759 4478//8759
f 4485//8760 4487//8760 4486//8760
f 4488//8761 4479//8761 4435//8761
f 4488//8762 4435//8762 4445//8762
f 4488//8763 4445//8763 4454//8763
f 4489//8764 4436//8764 4446//8764
f 4489//8765 4480//8765 4436//8765
f 4490//8766 4482//8766 4438//8766
f 4490//8767 4438//8767 4447//8767
f 4490//8768 4447//8768 4456//8768
f 4491//8769 4483//8769 4448//8769
f 4492//8770 4443//8770 4452//8770
f 4492//8771 4484//8771 4443//8771
f 4493//8772 4485//8772 4444//8772
f 4493//8773 4487//8773 4485//8773
f 4493//8774 4453//8774 4462//8774
f 4493//8775 4494//8775 4487//8775
f 4493//8776 4495//8776 4494//8776
f 4493//8777 4444//8777 4453//8777
f 4496//8778 4488//8778 4454//8778
f 4497//8779 4489//8779 4446//8779
f 4497//8780 4446//8780 4455//8780
f 4498//8781 4490//8781 4456//8781
f 4499//8782 4448//8782 4457//8782
f 4499//8783 4491//8783 4448//8783
f 4500//8784 4452//8784 4461//8784
f 4500//8785 4461//8785 4470//8785
f 4500//8786 4492//8786 4452//8786
f 4501//8787 4493//8787 4462//8787
f 4501//8788 4495//8788 4493//8788
f 4501//8789 4502//8789 4495//8789
f 4501//8790 4503//8790 4502//8790
f 4504//8791 4454//8791 4463//8791
f 4504//8792 4496//8792 4454//8792
f 4505//8793 4455//8793 4464//8793
f 4505//8794 4497//8794 4455//8794
f 4506//8795 4456//8795 4465//8795
f 4506//8796 4498//8796 4456//8796
f 4507//8797 4457//8797 4466//8797
f 4507//8798 4466//8798 4475//8798
f 4507//8799 4499//8799 4457//8799
f 4508//8800 4500//8800 4470//8800
f 4509//8801 4501//8801 4462//8801
f 4509//8802 4503//8802 4501//8802
f 4509//8803 4462//8803 4471//8803
f 4509//8804 4510//8804 4503//8804
f 4509//8805 4511//8805 4510//8805
f 4512//8806 4463//8806 4472//8806
f 4512//8807 4504//8807 4463//8807
f 4512//8808 4472//8808 4481//8808
f 4513//8809 4464//8809 4473//8809
f 4513//8810 4473//8810 4482//8810
f 4513//8811 4505//8811 4464//8811
f 4514//8812 4465//8812 4474//8812
f 4514//8813 4506//8813 4465//8813
f 4514//8814 4474//8814 4483//8814
f 4515//8815 4507//8815 4475//8815
f 4516//8816 4508//8816 4470//8816
f 4516//8817 4479//8817 4488//8817
f 4516//8818 4470//8818 4479//8818
f 4517//8819 4471//8819 4480//8819
f 4517//8820 4509//8820 4471//8820
f 4517//8821 4518//8821 4511//8821
f 4517//8822 4519//8822 4518//8822
f 4517//8823 4511//8823 4509//8823
f 4520//8824 4512//8824 4481//8824
f 4520//8825 4481//8825 3799//8825
f 4520//8826 3799//8826 3832//8826
f 4521//8827 4513//8827 4482//8827
f 4522//8828 4514//8828 4483//8828
f 4523//8829 4515//8829 4475//8829
f 4523//8830 4475//8830 4484//8830
f 4524//8831 4516//8831 4488//8831
f 4525//8832 4480//8832 4489//8832
f 4525//8833 4517//8833 4480//8833
f 4525//8834 4519//8834 4517//8834
f 4525//8835 4526//8835 4519//8835
f 4525//8836 4527//8836 4526//8836
f 4528//8837 4521//8837 4482//8837
f 4528//8838 4482//8838 4490//8838
f 4529//8839 4491//8839 4499//8839
f 4529//8840 4483//8840 4491//8840
f 4529//8841 4522//8841 4483//8841
f 4530//8842 4523//8842 4484//8842
f 4530//8843 4484//8843 4492//8843
f 4531//8844 4524//8844 4488//8844
f 4531//8845 4488//8845 4496//8845
f 4532//8846 4527//8846 4525//8846
f 4532//8847 4525//8847 4489//8847
f 4532//8848 4533//8848 4527//8848
f 4532//8849 4534//8849 4533//8849
f 4532//8850 4489//8850 4497//8850
f 4535//8851 4528//8851 4490//8851
f 4535//8852 4490//8852 4498//8852
f 4536//8853 4529//8853 4499//8853
f 4537//8854 4500//8854 4508//8854
f 4537//8855 4530//8855 4492//8855
f 4537//8856 4492//8856 4500//8856
f 4538//8857 4504//8857 4512//8857
f 4538//8858 4531//8858 4496//8858
f 4538//8859 4496//8859 4504//8859
f 4539//8860 4534//8860 4532//8860
f 4539//8861 4532//8861 4497//8861
f 4539//8862 4540//8862 4534//8862
f 4539//8863 4541//8863 4540//8863
f 4539//8864 4497//8864 4505//8864
f 4542//8865 4498//8865 4506//8865
f 4542//8866 4506//8866 4514//8866
f 4542//8867 4535//8867 4498//8867
f 4543//8868 4499//8868 4507//8868
f 4543//8869 4536//8869 4499//8869
f 4544//8870 4537//8870 4508//8870
f 4544//8871 4508//8871 4516//8871
f 4545//8872 4538//8872 4512//8872
f 4546//8873 4505//8873 4513//8873
f 4546//8874 4541//8874 4539//8874
f 4546//8875 4539//8875 4505//8875
f 4546//8876 4547//8876 4541//8876
f 4546//8877 4548//8877 4547//8877
f 4549//8878 4542//8878 4514//8878
f 4550//8879 4515//8879 4523//8879
f 4550//8880 4543//8880 4507//8880
f 4550//8881 4507//8881 4515//8881
f 4551//8882 4544//8882 4516//8882
f 4552//8883 4512//8883 4520//8883
f 4552//8884 4520//8884 3832//8884
f 4552//8885 4545//8885 4512//8885
f 4552//8886 3832//8886 3872//8886
f 4553//8887 4513//8887 4521//8887
f 4553//8888 4546//8888 4513//8888
f 4553//8889 4521//8889 4528//8889
f 4553//8890 4548//8890 4546//8890
f 4553//8891 4554//8891 4548//8891
f 4553//8892 4555//8892 4554//8892
f 4556//8893 4514//8893 4522//8893
f 4556//8894 4549//8894 4514//8894
f 4556//8895 4522//8895 4529//8895
f 4557//8896 4550//8896 4523//8896
f 4558//8897 4551//8897 4516//8897
f 4558//8898 4524//8898 4531//8898
f 4558//8899 4516//8899 4524//8899
f 4559//8900 4553//8900 4528//8900
f 4559//8901 4555//8901 4553//8901
f 4559//8902 4560//8902 4555//8902
f 4559//8903 4561//8903 4560//8903
f 4562//8904 4556//8904 4529//8904
f 4563//8905 4523//8905 4530//8905
f 4563//8906 4557//8906 4523//8906
f 4564//8907 4558//8907 4531//8907
f 4565//8908 4559//8908 4528//8908
f 4565//8909 4561//8909 4559//8909
f 4565//8910 4528//8910 4535//8910
f 4565//8911 4566//8911 4561//8911
f 4565//8912 4567//8912 4566//8912
f 4568//8913 4529//8913 4536//8913
f 4568//8914 4562//8914 4529//8914
f 4569//8915 4563//8915 4530//8915
f 4569//8916 4530//8916 4537//8916
f 4570//8917 4564//8917 4531//8917
f 4570//8918 4531//8918 4538//8918
f 4571//8919 4567//8919 4565//8919
f 4571//8920 4565//8920 4535//8920
f 4571//8921 4535//8921 4542//8921
f 4571//8922 4572//8922 4567//8922
f 4571//8923 4573//8923 4572//8923
f 4574//8924 4536//8924 4543//8924
f 4574//8925 4568//8925 4536//8925
f 4575//8926 4569//8926 4537//8926
f 4575//8927 4537//8927 4544//8927
f 4576//8928 4538//8928 4545//8928
f 4576//8929 4545//8929 4552//8929
f 4576//8930 4570//8930 4538//8930
f 4577//8931 4571//8931 4542//8931
f 4577//8932 4549//8932 4556//8932
f 4577//8933 4573//8933 4571//8933
f 4577//8934 4542//8934 4549//8934
f 4577//8935 4578//8935 4573//8935
f 4577//8936 4579//8936 4578//8936
f 4580//8937 4574//8937 4543//8937
f 4580//8938 4543//8938 4550//8938
f 4580//8939 4550//8939 4557//8939
f 4581//8940 4544//8940 4551//8940
f 4581//8941 4575//8941 4544//8941
f 4582//8942 4552//8942 3872//8942
f 4582//8943 4576//8943 4552//8943
f 4582//8944 3872//8944 3917//8944
f 4583//8945 4577//8945 4556//8945
f 4583//8946 4579//8946 4577//8946
f 4583//8947 4556//8947 4562//8947
f 4583//8948 4584//8948 4579//8948
f 4583//8949 4585//8949 4584//8949
f 4586//8950 4580//8950 4557//8950
f 4587//8951 4551//8951 4558//8951
f 4587//8952 4581//8952 4551//8952
f 4588//8953 4583//8953 4562//8953
f 4588//8954 4585//8954 4583//8954
f 4588//8955 4589//8955 4585//8955
f 4588//8956 4590//8956 4589//8956
f 4591//8957 4557//8957 4563//8957
f 4591//8958 4586//8958 4557//8958
f 4592//8959 4558//8959 4564//8959
f 4592//8960 4587//8960 4558//8960
f 4593//8961 4594//8961 4595//8961
f 4593//8962 4562//8962 4568//8962
f 4593//8963 4588//8963 4562//8963
f 4593//8964 4590//8964 4588//8964
f 4593//8965 4595//8965 4590//8965
f 4596//8966 4563//8966 4569//8966
f 4596//8967 4591//8967 4563//8967
f 4596//8968 4569//8968 4575//8968
f 4597//8969 4564//8969 4570//8969
f 4597//8970 4592//8970 4564//8970
f 4597//8971 4570//8971 4576//8971
f 4598//8972 4599//8972 4594//8972
f 4598//8973 4600//8973 4599//8973
f 4598//8974 4594//8974 4593//8974
f 4598//8975 4593//8975 4568//8975
f 4598//8976 4574//8976 4580//8976
f 4598//8977 4568//8977 4574//8977
f 4601//8978 4596//8978 4575//8978
f 4602//8979 4597//8979 4576//8979
f 4603//8980 4604//8980 4600//8980
f 4603//8981 4605//8981 4604//8981
f 4603//8982 4600//8982 4598//8982
f 4603//8983 4598//8983 4580//8983
f 4606//8984 4601//8984 4575//8984
f 4606//8985 4575//8985 4581//8985
f 4607//8986 4602//8986 4576//8986
f 4607//8987 3917//8987 3918//8987
f 4607//8988 4576//8988 4582//8988
f 4607//8989 4582//8989 3917//8989
f 4608//8990 4580//8990 4586//8990
f 4608//8991 4609//8991 4605//8991
f 4608//8992 4610//8992 4609//8992
f 4608//8993 4605//8993 4603//8993
f 4608//8994 4603//8994 4580//8994
f 4611//8995 4581//8995 4587//8995
f 4611//8996 4606//8996 4581//8996
f 4611//8997 4587//8997 4592//8997
f 4612//8998 4608//8998 4586//8998
f 4612//8999 4613//8999 4610//8999
f 4612//9000 4614//9000 4613//9000
f 4612//9001 4610//9001 4608//9001
f 4612//9002 4586//9002 4591//9002
f 4615//9003 4611//9003 4592//9003
f 4616//9004 4617//9004 4614//9004
f 4616//9005 4618//9005 4617//9005
f 4616//9006 4614//9006 4612//9006
f 4616//9007 4612//9007 4591//9007
f 4616//9008 4591//9008 4596//9008
f 4616//9009 4596//9009 4601//9009
f 4619//9010 4615//9010 4592//9010
f 4619//9011 4592//9011 4597//9011
f 4620//9012 4621//9012 4618//9012
f 4620//9013 4622//9013 4621//9013
f 4620//9014 4616//9014 4601//9014
f 4620//9015 4618//9015 4616//9015
f 4623//9016 4597//9016 4602//9016
f 4623//9017 4619//9017 4597//9017
f 4624//9018 4625//9018 4622//9018
f 4624//9019 4601//9019 4606//9019
f 4624//9020 4626//9020 4625//9020
f 4624//9021 4622//9021 4620//9021
f 4624//9022 4620//9022 4601//9022
f 4627//9023 4623//9023 4602//9023
f 4627//9024 4602//9024 4607//9024
f 4627//9025 4607//9025 3918//9025
f 4627//9026 3918//9026 4022//9026
f 4628//9027 4624//9027 4606//9027
f 4628//9028 4629//9028 4626//9028
f 4628//9029 4630//9029 4629//9029
f 4628//9030 4606//9030 4611//9030
f 4628//9031 4611//9031 4615//9031
f 4628//9032 4626//9032 4624//9032
f 4631//9033 4632//9033 4630//9033
f 4631//9034 4633//9034 4632//9034
f 4631//9035 4628//9035 4615//9035
f 4631//9036 4630//9036 4628//9036
f 4634//9037 4635//9037 4633//9037
f 4634//9038 4636//9038 4635//9038
f 4634//9039 4633//9039 4631//9039
f 4634//9040 4615//9040 4619//9040
f 4634//9041 4631//9041 4615//9041
f 4637//9042 4638//9042 4636//9042
f 4637//9043 4639//9043 4638//9043
f 4637//9044 4619//9044 4623//9044
f 4637//9045 4636//9045 4634//9045
f 4637//9046 4623//9046 4627//9046
f 4637//9047 4634//9047 4619//9047
f 4640//9048 3702//9048 3704//9048
f 4640//9049 4641//9049 4639//9049
f 4640//9050 3704//9050 4641//9050
f 4640//9051 4627//9051 4022//9051
f 4640//9052 4637//9052 4627//9052
f 4640//9053 4022//9053 3702//9053
f 4640//9054 4639//9054 4637//9054
f 4199//9055 4200//9055 4214//9055
f 4169//9056 4140//9056 4154//9056
f 4169//9057 4154//9057 4155//9057
f 4169//9058 4125//9058 4140//9058
f 4185//9059 4199//9059 4214//9059
f 4184//9060 4595//9060 4594//9060
f 4184//9061 4275//9061 4289//9061
f 4184//9062 4614//9062 4622//9062
f 4184//9063 4169//9063 4170//9063
f 4184//9064 4215//9064 4230//9064
f 4184//9065 4214//9065 4215//9065
f 4184//9066 4421//9066 4431//9066
f 4184//9067 4230//9067 4260//9067
f 4184//9068 4336//9068 4358//9068
f 4184//9069 4260//9069 4274//9069
f 4184//9070 4274//9070 4275//9070
f 4184//9071 4289//9071 4300//9071
f 4184//9072 4300//9072 4301//9072
f 4184//9073 4630//9073 4641//9073
f 4184//9074 4301//9074 4312//9074
f 4184//9075 4312//9075 4313//9075
f 4184//9076 4313//9076 4324//9076
f 4184//9077 4185//9077 4214//9077
f 4184//9078 4324//9078 4325//9078
f 4184//9079 4325//9079 4336//9079
f 4184//9080 4358//9080 4359//9080
f 4184//9081 4359//9081 4369//9081
f 4184//9082 4609//9082 4614//9082
f 4184//9083 4411//9083 4421//9083
f 4184//9084 4402//9084 4411//9084
f 4184//9085 4369//9085 4391//9085
f 4184//9086 4431//9086 4432//9086
f 4184//9087 4432//9087 4441//9087
f 4184//9088 4641//9088 4079//9088
f 4184//9089 4441//9089 4442//9089
f 4184//9090 4442//9090 4450//9090
f 4184//9091 4450//9091 4451//9091
f 4184//9092 4451//9092 4459//9092
f 4184//9093 4459//9093 4460//9093
f 4184//9094 4460//9094 4468//9094
f 4184//9095 4468//9095 4469//9095
f 4184//9096 4094//9096 4125//9096
f 4184//9097 4469//9097 4477//9097
f 4184//9098 4079//9098 4094//9098
f 4184//9099 4477//9099 4478//9099
f 4184//9100 4125//9100 4169//9100
f 4184//9101 4478//9101 4486//9101
f 4184//9102 4486//9102 4487//9102
f 4184//9103 4487//9103 4494//9103
f 4184//9104 4494//9104 4495//9104
f 4184//9105 4495//9105 4502//9105
f 4184//9106 4502//9106 4503//9106
f 4184//9107 4503//9107 4510//9107
f 4184//9108 4510//9108 4511//9108
f 4184//9109 4511//9109 4518//9109
f 4184//9110 4518//9110 4519//9110
f 4184//9111 4622//9111 4630//9111
f 4184//9112 4519//9112 4526//9112
f 4184//9113 4526//9113 4527//9113
f 4184//9114 4527//9114 4533//9114
f 4184//9115 4533//9115 4534//9115
f 4184//9116 4534//9116 4540//9116
f 4184//9117 4391//9117 4402//9117
f 4184//9118 4540//9118 4541//9118
f 4184//9119 4594//9119 4609//9119
f 4184//9120 4541//9120 4547//9120
f 4184//9121 4547//9121 4548//9121
f 4184//9122 4548//9122 4554//9122
f 4184//9123 4554//9123 4555//9123
f 4184//9124 4555//9124 4560//9124
f 4184//9125 4560//9125 4561//9125
f 4184//9126 4561//9126 4566//9126
f 4184//9127 4566//9127 4567//9127
f 4184//9128 4567//9128 4572//9128
f 4184//9129 4572//9129 4573//9129
f 4184//9130 4573//9130 4578//9130
f 4184//9131 4578//9131 4579//9131
f 4184//9132 4579//9132 4584//9132
f 4184//9133 4584//9133 4585//9133
f 4184//9134 4585//9134 4589//9134
f 4184//9135 4589//9135 4590//9135
f 4184//9136 4590//9136 4595//9136
f 4421//9137 4422//9137 4431//9137
f 4604//9138 4599//9138 4600//9138
f 4411//9139 4412//9139 4421//9139
f 4609//9140 4594//9140 4599//9140
f 4609//9141 4604//9141 4605//9141
f 4609//9142 4599//9142 4604//9142
f 4392//9143 4401//9143 4402//9143
f 4614//9144 4609//9144 4610//9144
f 4614//9145 4610//9145 4613//9145
f 4391//9146 4392//9146 4402//9146
f 4618//9147 4614//9147 4617//9147
f 4621//9148 4614//9148 4618//9148
f 4370//9149 4380//9149 4381//9149
f 4622//9150 4614//9150 4621//9150
f 4369//9151 4381//9151 4391//9151
f 4369//9152 4370//9152 4381//9152
f 4630//9153 4622//9153 4625//9153
f 4630//9154 4625//9154 4626//9154
f 4630//9155 4626//9155 4629//9155
f 4337//9156 4347//9156 4348//9156
f 4337//9157 4348//9157 4358//9157
f 4633//9158 4630//9158 4632//9158
f 4336//9159 4337//9159 4358//9159
f 4635//9160 4630//9160 4633//9160
f 4638//9161 4635//9161 4636//9161
f 4641//9162 4630//9162 4635//9162
f 4641//9163 4638//9163 4639//9163
f 4641//9164 4635//9164 4638//9164
f 3700//9165 4641//9165 3704//9165
f 3700//9166 3704//9166 3701//9166
f 4079//9167 4641//9167 3700//9167
f 4275//9168 4288//9168 4289//9168
f 4094//9169 4079//9169 4080//9169
f 4109//9170 4094//9170 4095//9170
f 4124//9171 4109//9171 4110//9171
f 4124//9172 4094//9172 4109//9172
f 4230//9173 4244//9173 4245//9173
f 4230//9174 4245//9174 4259//9174
f 4230//9175 4259//9175 4260//9175
f 4125//9176 4094//9176 4124//9176
f 4215//9177 4229//9177 4230//9177
f 4140//9178 4125//9178 4139//9178
f 3965//9179 3987//9179 3975//9179
f 3975//9180 3987//9180 3976//9180
f 3976//9181 3987//9181 3986//9181
f 3945//9182 3944//9182 3954//9182
f 3954//9183 3944//9183 3955//9183
f 3955//9184 3944//9184 3964//9184
f 3964//9185 3944//9185 3965//9185
f 3987//9186 3998//9186 3997//9186
f 3935//9187 3934//9187 3944//9187
f 3998//9188 4019//9188 4008//9188
f 4008//9189 4019//9189 4009//9189
f 3913//9190 3912//9190 3924//9190
f 3924//9191 3912//9191 3925//9191
f 3904//9192 3903//9192 3912//9192
f 4019//9193 4044//9193 4020//9193
f 4020//9194 4044//9194 4032//9194
f 4032//9195 4044//9195 4033//9195
f 3895//9196 3894//9196 3903//9196
f 3987//9197 4056//9197 3998//9197
f 3998//9198 4056//9198 4019//9198
f 4019//9199 4056//9199 4044//9199
f 4044//9200 4056//9200 4045//9200
f 3877//9201 3876//9201 3885//9201
f 3885//9202 3876//9202 3886//9202
f 3886//9203 3876//9203 3894//9203
f 4068//9204 4083//9204 4069//9204
f 4068//9205 4084//9205 4083//9205
f 4068//9206 4098//9206 4084//9206
f 3858//9207 3851//9207 3859//9207
f 4098//9208 4114//9208 4099//9208
f 4099//9209 4114//9209 4113//9209
f 4068//9210 4114//9210 4098//9210
f 4056//9211 4114//9211 4057//9211
f 4057//9212 4114//9212 4068//9212
f 3851//9213 3850//9213 3859//9213
f 3850//9214 3843//9214 3859//9214
f 3859//9215 3843//9215 3866//9215
f 3866//9216 3843//9216 3867//9216
f 3867//9217 3843//9217 3876//9217
f 4114//9218 4129//9218 4128//9218
f 4114//9219 4143//9219 4129//9219
f 3842//9220 3835//9220 3843//9220
f 3835//9221 3825//9221 3843//9221
f 3826//9222 3825//9222 3834//9222
f 3834//9223 3825//9223 3835//9223
f 4143//9224 3819//9224 4144//9224
f 3843//9225 3819//9225 3876//9225
f 4056//9226 3819//9226 4114//9226
f 4114//9227 3819//9227 4143//9227
f 3944//9228 3819//9228 3965//9228
f 3965//9229 3819//9229 3987//9229
f 3825//9230 3819//9230 3843//9230
f 3934//9231 3819//9231 3944//9231
f 3894//9232 3819//9232 3903//9232
f 3925//9233 3819//9233 3934//9233
f 3912//9234 3819//9234 3925//9234
f 3903//9235 3819//9235 3912//9235
f 3987//9236 3819//9236 4056//9236
f 3876//9237 3819//9237 3894//9237
f 4144//9238 4174//9238 4158//9238
f 4158//9239 4174//9239 4159//9239
f 4159//9240 4174//9240 4173//9240
f 3812//9241 3811//9241 3818//9241
f 4174//9242 4203//9242 4188//9242
f 4188//9243 4203//9243 4189//9243
f 4144//9244 4204//9244 4174//9244
f 4174//9245 4204//9245 4203//9245
f 3804//9246 3797//9246 3805//9246
f 3805//9247 3797//9247 3811//9247
f 4204//9248 4219//9248 4218//9248
f 4144//9249 4233//9249 4204//9249
f 4204//9250 4233//9250 4219//9250
f 3796//9251 3791//9251 3797//9251
f 3818//9252 3790//9252 3819//9252
f 3811//9253 3790//9253 3818//9253
f 3797//9254 3790//9254 3811//9254
f 3791//9255 3790//9255 3797//9255
f 3790//9256 3785//9256 3819//9256
f 4234//9257 4249//9257 4248//9257
f 4233//9258 4263//9258 4234//9258
f 4234//9259 4263//9259 4249//9259
f 4264//9260 3703//9260 4278//9260
f 3773//9261 3772//9261 3778//9261
f 3778//9262 3772//9262 3779//9262
f 3779//9263 3772//9263 3784//9263
f 4264//9264 3698//9264 3703//9264
f 4264//9265 3699//9265 3698//9265
f 3699//9266 3707//9266 3706//9266
f 4264//9267 3707//9267 3699//9267
f 3772//9268 3760//9268 3784//9268
f 3761//9269 3760//9269 3765//9269
f 3765//9270 3760//9270 3766//9270
f 3766//9271 3760//9271 3772//9271
f 4264//9272 3709//9272 3707//9272
f 4263//9273 3709//9273 4264//9273
f 3756//9274 3755//9274 3760//9274
f 3760//9275 3751//9275 3784//9275
f 3755//9276 3751//9276 3760//9276
f 3784//9277 3751//9277 3785//9277
f 3785//9278 3751//9278 3819//9278
f 3709//9279 3713//9279 3710//9279
f 3710//9280 3713//9280 3712//9280
f 4263//9281 3713//9281 3709//9281
f 3750//9282 3746//9282 3751//9282
f 3746//9283 3745//9283 3751//9283
f 3715//9284 3718//9284 3716//9284
f 3745//9285 3740//9285 3751//9285
f 3713//9286 3719//9286 3715//9286
f 3715//9287 3719//9287 3718//9287
f 3719//9288 3724//9288 3723//9288
f 3736//9289 3735//9289 3739//9289
f 3739//9290 3735//9290 3740//9290
f 3740//9291 3735//9291 3751//9291
f 3724//9292 3728//9292 3727//9292
f 3732//9293 3731//9293 3735//9293
f 4263//9294 3731//9294 3713//9294
f 3751//9295 3731//9295 3819//9295
f 3713//9296 3731//9296 3719//9296
f 3819//9297 3731//9297 4144//9297
f 3719//9298 3731//9298 3724//9298
f 3735//9299 3731//9299 3751//9299
f 3724//9300 3731//9300 3728//9300
f 4144//9301 3731//9301 4233//9301
f 4233//9302 3731//9302 4263//9302
f 4642//9303 4643//9303 4644//9303
f 4642//9304 4644//9304 4645//9304
f 4646//9305 4645//9305 4647//9305
f 4646//9306 4642//9306 4645//9306
f 4648//9307 4647//9307 4649//9307
f 4648//9308 4649//9308 4650//9308
f 4648//9309 4646//9309 4647//9309
f 4651//9310 4648//9310 4650//9310
f 4652//9311 4650//9311 4653//9311
f 4652//9312 4651//9312 4650//9312
f 4654//9313 4653//9313 4655//9313
f 4654//9314 4655//9314 4656//9314
f 4654//9315 4652//9315 4653//9315
f 4657//9316 4656//9316 4658//9316
f 4657//9317 4654//9317 4656//9317
f 4659//9318 4657//9318 4658//9318
f 4660//9319 4658//9319 4661//9319
f 4660//9320 4659//9320 4658//9320
f 4662//9321 4661//9321 4663//9321
f 4662//9322 4660//9322 4661//9322
f 4664//9323 4662//9323 4663//9323
f 4664//9324 4663//9324 4665//9324
f 4666//9325 4664//9325 4665//9325
f 4666//9326 4665//9326 4667//9326
f 4668//9327 4666//9327 4667//9327
f 4668//9328 4667//9328 4669//9328
f 4670//9329 4668//9329 4669//9329
f 4670//9330 4669//9330 4671//9330
f 4672//9331 4670//9331 4671//9331
f 4672//9332 4671//9332 4673//9332
f 4674//9333 4672//9333 4673//9333
f 4674//9334 4673//9334 4675//9334
f 4676//9335 4674//9335 4675//9335
f 4676//9336 4675//9336 4677//9336
f 4678//9337 4676//9337 4677//9337
f 4678//9338 4677//9338 4679//9338
f 4678//9339 4679//9339 4680//9339
f 4681//9340 4678//9340 4680//9340
f 4681//9341 4680//9341 4682//9341
f 4683//9342 4681//9342 4682//9342
f 4684//9343 4683//9343 4682//9343
f 4684//9344 4682//9344 4685//9344
f 4684//9345 4685//9345 4686//9345
f 4687//9346 4684//9346 4686//9346
f 4688//9347 4686//9347 4689//9347
f 4688//9348 4687//9348 4686//9348
f 4690//9349 4689//9349 4691//9349
f 4690//9350 4688//9350 4689//9350
f 4692//9351 4691//9351 4693//9351
f 4692//9352 4690//9352 4691//9352
f 4694//9353 4693//9353 4695//9353
f 4694//9354 4695//9354 4696//9354
f 4694//9355 4692//9355 4693//9355
f 4697//9356 4696//9356 4698//9356
f 4697//9357 4694//9357 4696//9357
f 4699//9358 4697//9358 4698//9358
f 4700//9359 4698//9359 4701//9359
f 4700//9360 4699//9360 4698//9360
f 4702//9361 4701//9361 4703//9361
f 4702//9362 4700//9362 4701//9362
f 4704//9363 4703//9363 4705//9363
f 4704//9364 4702//9364 4703//9364
f 4706//9365 4705//9365 4707//9365
f 4706//9366 4704//9366 4705//9366
f 4708//9367 4707//9367 4709//9367
f 4708//9368 4706//9368 4707//9368
f 4710//9369 4709//9369 4711//9369
f 4710//9370 4711//9370 4712//9370
f 4710//9371 4708//9371 4709//9371
f 4713//9372 4710//9372 4712//9372
f 4714//9373 4713//9373 4712//9373
f 4714//9374 4712//9374 4715//9374
f 4714//9375 4715//9375 4716//9375
f 4717//9376 4714//9376 4716//9376
f 4717//9377 4716//9377 4718//9377
f 4719//9378 4717//9378 4718//9378
f 4720//9379 4719//9379 4718//9379
f 4720//9380 4718//9380 4721//9380
f 4722//9381 4720//9381 4721//9381
f 4722//9382 4721//9382 4723//9382
f 4724//9383 4722//9383 4723//9383
f 4724//9384 4723//9384 4725//9384
f 4726//9385 4724//9385 4725//9385
f 4726//9386 4725//9386 4727//9386
f 4728//9387 4726//9387 4727//9387
f 4728//9388 4727//9388 4729//9388
f 4730//9389 4728//9389 4729//9389
f 4730//9390 4729//9390 4731//9390
f 4732//9391 4730//9391 4731//9391
f 4732//9392 4731//9392 4733//9392
f 4734//9393 4732//9393 4733//9393
f 4734//9394 4733//9394 4735//9394
f 4736//9395 4734//9395 4735//9395
f 4736//9396 4735//9396 4737//9396
f 4736//9397 4737//9397 4738//9397
f 4739//9398 4736//9398 4738//9398
f 4740//9399 4739//9399 4738//9399
f 4740//9400 4738//9400 4741//9400
f 4740//9401 4741//9401 4742//9401
f 4743//9402 4740//9402 4742//9402
f 4744//9403 4743//9403 4742//9403
f 4744//9404 4742//9404 4745//9404
f 4746//9405 4744//9405 4745//9405
f 4746//9406 4745//9406 4747//9406
f 4748//9407 4746//9407 4747//9407
f 4748//9408 4747//9408 4749//9408
f 4750//9409 4748//9409 4749//9409
f 4750//9410 4749//9410 4751//9410
f 4750//9411 4751//9411 4752//9411
f 4753//9412 4750//9412 4752//9412
f 4754//9413 4753//9413 4752//9413
f 4754//9414 4752//9414 4755//9414
f 4756//9415 4754//9415 4755//9415
f 4756//9416 4755//9416 4757//9416
f 4758//9417 4757//9417 4759//9417
f 4758//9418 4756//9418 4757//9418
f 4760//9419 4759//9419 4761//9419
f 4760//9420 4758//9420 4759//9420
f 4762//9421 4761//9421 4763//9421
f 4762//9422 4760//9422 4761//9422
f 4764//9423 4763//9423 4765//9423
f 4764//9424 4762//9424 4763//9424
f 4766//9425 4764//9425 4765//9425
f 4766//9426 4765//9426 4767//9426
f 4768//9427 4766//9427 4767//9427
f 4768//9428 4767//9428 4769//9428
f 4770//9429 4768//9429 4769//9429
f 4770//9430 4769//9430 4771//9430
f 4772//9431 4770//9431 4771//9431
f 4772//9432 4771//9432 4773//9432
f 4774//9433 4772//9433 4773//9433
f 4774//9434 4773//9434 4775//9434
f 4776//9435 4774//9435 4775//9435
f 4776//9436 4775//9436 4777//9436
f 4778//9437 4776//9437 4777//9437
f 4778//9438 4777//9438 4779//9438
f 4780//9439 4778//9439 4779//9439
f 4780//9440 4779//9440 4781//9440
f 4782//9441 4780//9441 4781//9441
f 4782//9442 4781//9442 4783//9442
f 4784//9443 4782//9443 4783//9443
f 4784//9444 4783//9444 4785//9444
f 4786//9445 4784//9445 4785//9445
f 4786//9446 4785//9446 4787//9446
f 4788//9447 4786//9447 4787//9447
f 4788//9448 4787//9448 4789//9448
f 4790//9449 4791//9449 4792//9449
f 4790//9450 4788//9450 4789//9450
f 4790//9451 4789//9451 4791//9451
f 4793//9452 4790//9452 4792//9452
f 4794//9453 4792//9453 4795//9453
f 4794//9454 4793//9454 4792//9454
f 4796//9455 4795//9455 4797//9455
f 4796//9456 4794//9456 4795//9456
f 4798//9457 4797//9457 4799//9457
f 4798//9458 4796//9458 4797//9458
f 4800//9459 4799//9459 4801//9459
f 4800//9460 4798//9460 4799//9460
f 4802//9461 4801//9461 4803//9461
f 4802//9462 4800//9462 4801//9462
f 4804//9463 4803//9463 4805//9463
f 4804//9464 4802//9464 4803//9464
f 4806//9465 4805//9465 4807//9465
f 4806//9466 4807//9466 4808//9466
f 4806//9467 4804//9467 4805//9467
f 4809//9468 4806//9468 4808//9468
f 4810//9469 4808//9469 4811//9469
f 4810//9470 4809//9470 4808//9470
f 4812//9471 4811//9471 4813//9471
f 4812//9472 4810//9472 4811//9472
f 4814//9473 4813//9473 4815//9473
f 4814//9474 4815//9474 4816//9474
f 4814//9475 4812//9475 4813//9475
f 4817//9476 4814//9476 4816//9476
f 4818//9477 4817//9477 4816//9477
f 4818//9478 4816//9478 4819//9478
f 4820//9479 4818//9479 4819//9479
f 4820//9480 4819//9480 4821//9480
f 4822//9481 4820//9481 4821//9481
f 4822//9482 4821//9482 4823//9482
f 4824//9483 4822//9483 4823//9483
f 4824//9484 4823//9484 4825//9484
f 4826//9485 4825//9485 4827//9485
f 4826//9486 4824//9486 4825//9486
f 4828//9487 4827//9487 4829//9487
f 4828//9488 4829//9488 4830//9488
f 4828//9489 4826//9489 4827//9489
f 4831//9490 4828//9490 4830//9490
f 4832//9491 4830//9491 4833//9491
f 4832//9492 4831//9492 4830//9492
f 4834//9493 4833//9493 4835//9493
f 4834//9494 4832//9494 4833//9494
f 4836//9495 4835//9495 4837//9495
f 4836//9496 4834//9496 4835//9496
f 4838//9497 4837//9497 4839//9497
f 4838//9498 4836//9498 4837//9498
f 4840//9499 4839//9499 4841//9499
f 4840//9500 4838//9500 4839//9500
f 4842//9501 4841//9501 4843//9501
f 4842//9502 4840//9502 4841//9502
f 4844//9503 4843//9503 4845//9503
f 4844//9504 4842//9504 4843//9504
f 4846//9505 4845//9505 4847//9505
f 4846//9506 4844//9506 4845//9506
f 4848//9507 4847//9507 4849//9507
f 4848//9508 4846//9508 4847//9508
f 4850//9509 4849//9509 4851//9509
f 4850//9510 4848//9510 4849//9510
f 4852//9511 4851//9511 4853//9511
f 4852//9512 4850//9512 4851//9512
f 4854//9513 4853//9513 4855//9513
f 4854//9514 4852//9514 4853//9514
f 4856//9515 4855//9515 4857//9515
f 4856//9516 4854//9516 4855//9516
f 4858//9517 4857//9517 4859//9517
f 4858//9518 4859//9518 4860//9518
f 4858//9519 4856//9519 4857//9519
f 4861//9520 4858//9520 4860//9520
f 4862//9521 4860//9521 4863//9521
f 4862//9522 4863//9522 4864//9522
f 4862//9523 4861//9523 4860//9523
f 4865//9524 4862//9524 4864//9524
f 4866//9525 4865//9525 4864//9525
f 4866//9526 4864//9526 4867//9526
f 4866//9527 4867//9527 4868//9527
f 4869//9528 4866//9528 4868//9528
f 4870//9529 4869//9529 4868//9529
f 4870//9530 4868//9530 4871//9530
f 4872//9531 4870//9531 4871//9531
f 4872//9532 4871//9532 4873//9532
f 4874//9533 4872//9533 4873//9533
f 4874//9534 4873//9534 4875//9534
f 4876//9535 4874//9535 4875//9535
f 4876//9536 4875//9536 4877//9536
f 4878//9537 4876//9537 4877//9537
f 4878//9538 4877//9538 4879//9538
f 4878//9539 4879//9539 4880//9539
f 4881//9540 4878//9540 4880//9540
f 4882//9541 4881//9541 4880//9541
f 4882//9542 4880//9542 4883//9542
f 4882//9543 4883//9543 4884//9543
f 4885//9544 4882//9544 4884//9544
f 4886//9545 4885//9545 4884//9545
f 4886//9546 4884//9546 4887//9546
f 4886//9547 4887//9547 4888//9547
f 4889//9548 4886//9548 4888//9548
f 4890//9549 4888//9549 4891//9549
f 4890//9550 4889//9550 4888//9550
f 4892//9551 4891//9551 4893//9551
f 4892//9552 4890//9552 4891//9552
f 4643//9553 4893//9553 4644//9553
f 4643//9554 4892//9554 4893//9554
f 4809//9555 4800//9555 4802//9555
f 4809//9556 4802//9556 4804//9556
f 4809//9557 4804//9557 4806//9557
f 4790//9558 4793//9558 4794//9558
f 4790//9559 4794//9559 4796//9559
f 4790//9560 4796//9560 4798//9560
f 4790//9561 4798//9561 4800//9561
f 4812//9562 4809//9562 4810//9562
f 4786//9563 4788//9563 4790//9563
f 4818//9564 4812//9564 4814//9564
f 4818//9565 4814//9565 4817//9565
f 4778//9566 4780//9566 4782//9566
f 4778//9567 4782//9567 4784//9567
f 4774//9568 4776//9568 4778//9568
f 4826//9569 4818//9569 4820//9569
f 4826//9570 4820//9570 4822//9570
f 4826//9571 4822//9571 4824//9571
f 4770//9572 4772//9572 4774//9572
f 4831//9573 4809//9573 4812//9573
f 4831//9574 4812//9574 4818//9574
f 4831//9575 4818//9575 4826//9575
f 4831//9576 4826//9576 4828//9576
f 4762//9577 4764//9577 4766//9577
f 4762//9578 4766//9578 4768//9578
f 4762//9579 4768//9579 4770//9579
f 4838//9580 4834//9580 4836//9580
f 4840//9581 4834//9581 4838//9581
f 4842//9582 4834//9582 4840//9582
f 4753//9583 4754//9583 4756//9583
f 4848//9584 4842//9584 4844//9584
f 4848//9585 4844//9585 4846//9585
f 4848//9586 4834//9586 4842//9586
f 4848//9587 4831//9587 4832//9587
f 4848//9588 4832//9588 4834//9588
f 4750//9589 4753//9589 4756//9589
f 4748//9590 4750//9590 4756//9590
f 4748//9591 4756//9591 4758//9591
f 4748//9592 4758//9592 4760//9592
f 4748//9593 4760//9593 4762//9593
f 4852//9594 4848//9594 4850//9594
f 4854//9595 4848//9595 4852//9595
f 4744//9596 4746//9596 4748//9596
f 4739//9597 4744//9597 4748//9597
f 4739//9598 4740//9598 4743//9598
f 4739//9599 4743//9599 4744//9599
f 4736//9600 4854//9600 4856//9600
f 4736//9601 4748//9601 4762//9601
f 4736//9602 4831//9602 4848//9602
f 4736//9603 4848//9603 4854//9603
f 4736//9604 4790//9604 4800//9604
f 4736//9605 4800//9605 4809//9605
f 4736//9606 4739//9606 4748//9606
f 4736//9607 4786//9607 4790//9607
f 4736//9608 4770//9608 4774//9608
f 4736//9609 4784//9609 4786//9609
f 4736//9610 4778//9610 4784//9610
f 4736//9611 4774//9611 4778//9611
f 4736//9612 4809//9612 4831//9612
f 4736//9613 4762//9613 4770//9613
f 4865//9614 4856//9614 4858//9614
f 4865//9615 4858//9615 4861//9615
f 4865//9616 4861//9616 4862//9616
f 4730//9617 4732//9617 4734//9617
f 4870//9618 4865//9618 4866//9618
f 4870//9619 4866//9619 4869//9619
f 4872//9620 4856//9620 4865//9620
f 4872//9621 4865//9621 4870//9621
f 4724//9622 4726//9622 4728//9622
f 4724//9623 4728//9623 4730//9623
f 4876//9624 4872//9624 4874//9624
f 4878//9625 4856//9625 4872//9625
f 4878//9626 4872//9626 4876//9626
f 4720//9627 4722//9627 4724//9627
f 4719//9628 4734//9628 4736//9628
f 4719//9629 4730//9629 4734//9629
f 4719//9630 4724//9630 4730//9630
f 4719//9631 4720//9631 4724//9631
f 4717//9632 4719//9632 4736//9632
f 4885//9633 4881//9633 4882//9633
f 4886//9634 4878//9634 4881//9634
f 4886//9635 4881//9635 4885//9635
f 4892//9636 4889//9636 4890//9636
f 4706//9637 4708//9637 4710//9637
f 4706//9638 4710//9638 4713//9638
f 4706//9639 4713//9639 4714//9639
f 4643//9640 4889//9640 4892//9640
f 4642//9641 4889//9641 4643//9641
f 4648//9642 4642//9642 4646//9642
f 4648//9643 4889//9643 4642//9643
f 4699//9644 4706//9644 4714//9644
f 4699//9645 4700//9645 4702//9645
f 4699//9646 4702//9646 4704//9646
f 4699//9647 4704//9647 4706//9647
f 4651//9648 4889//9648 4648//9648
f 4651//9649 4886//9649 4889//9649
f 4694//9650 4697//9650 4699//9650
f 4692//9651 4699//9651 4714//9651
f 4692//9652 4694//9652 4699//9652
f 4692//9653 4714//9653 4717//9653
f 4692//9654 4717//9654 4736//9654
f 4657//9655 4651//9655 4652//9655
f 4657//9656 4652//9656 4654//9656
f 4657//9657 4886//9657 4651//9657
f 4688//9658 4690//9658 4692//9658
f 4687//9659 4688//9659 4692//9659
f 4662//9660 4659//9660 4660//9660
f 4684//9661 4687//9661 4692//9661
f 4664//9662 4657//9662 4659//9662
f 4664//9663 4659//9663 4662//9663
f 4668//9664 4664//9664 4666//9664
f 4678//9665 4681//9665 4683//9665
f 4678//9666 4683//9666 4684//9666
f 4678//9667 4684//9667 4692//9667
f 4672//9668 4668//9668 4670//9668
f 4674//9669 4676//9669 4678//9669
f 4674//9670 4886//9670 4657//9670
f 4674//9671 4692//9671 4736//9671
f 4674//9672 4657//9672 4664//9672
f 4674//9673 4736//9673 4856//9673
f 4674//9674 4664//9674 4668//9674
f 4674//9675 4678//9675 4692//9675
f 4674//9676 4668//9676 4672//9676
f 4674//9677 4856//9677 4878//9677
f 4674//9678 4878//9678 4886//9678
f 4801//9679 4808//9679 4803//9679
f 4803//9680 4808//9680 4805//9680
f 4805//9681 4808//9681 4807//9681
f 4792//9682 4791//9682 4795//9682
f 4795//9683 4791//9683 4797//9683
f 4797//9684 4791//9684 4799//9684
f 4799//9685 4791//9685 4801//9685
f 4808//9686 4813//9686 4811//9686
f 4789//9687 4787//9687 4791//9687
f 4813//9688 4819//9688 4815//9688
f 4815//9689 4819//9689 4816//9689
f 4781//9690 4779//9690 4783//9690
f 4783//9691 4779//9691 4785//9691
f 4777//9692 4775//9692 4779//9692
f 4819//9693 4827//9693 4821//9693
f 4821//9694 4827//9694 4823//9694
f 4823//9695 4827//9695 4825//9695
f 4773//9696 4771//9696 4775//9696
f 4808//9697 4830//9697 4813//9697
f 4813//9698 4830//9698 4819//9698
f 4819//9699 4830//9699 4827//9699
f 4827//9700 4830//9700 4829//9700
f 4765//9701 4763//9701 4767//9701
f 4767//9702 4763//9702 4769//9702
f 4769//9703 4763//9703 4771//9703
f 4835//9704 4839//9704 4837//9704
f 4835//9705 4841//9705 4839//9705
f 4835//9706 4843//9706 4841//9706
f 4755//9707 4752//9707 4757//9707
f 4843//9708 4849//9708 4845//9708
f 4845//9709 4849//9709 4847//9709
f 4835//9710 4849//9710 4843//9710
f 4830//9711 4849//9711 4833//9711
f 4833//9712 4849//9712 4835//9712
f 4752//9713 4751//9713 4757//9713
f 4751//9714 4749//9714 4757//9714
f 4757//9715 4749//9715 4759//9715
f 4759//9716 4749//9716 4761//9716
f 4761//9717 4749//9717 4763//9717
f 4849//9718 4853//9718 4851//9718
f 4849//9719 4855//9719 4853//9719
f 4747//9720 4745//9720 4749//9720
f 4745//9721 4738//9721 4749//9721
f 4741//9722 4738//9722 4742//9722
f 4742//9723 4738//9723 4745//9723
f 4855//9724 4737//9724 4857//9724
f 4749//9725 4737//9725 4763//9725
f 4830//9726 4737//9726 4849//9726
f 4849//9727 4737//9727 4855//9727
f 4791//9728 4737//9728 4801//9728
f 4801//9729 4737//9729 4808//9729
f 4738//9730 4737//9730 4749//9730
f 4787//9731 4737//9731 4791//9731
f 4771//9732 4737//9732 4775//9732
f 4785//9733 4737//9733 4787//9733
f 4779//9734 4737//9734 4785//9734
f 4775//9735 4737//9735 4779//9735
f 4808//9736 4737//9736 4830//9736
f 4763//9737 4737//9737 4771//9737
f 4857//9738 4864//9738 4859//9738
f 4859//9739 4864//9739 4860//9739
f 4860//9740 4864//9740 4863//9740
f 4733//9741 4731//9741 4735//9741
f 4864//9742 4871//9742 4867//9742
f 4867//9743 4871//9743 4868//9743
f 4857//9744 4873//9744 4864//9744
f 4864//9745 4873//9745 4871//9745
f 4727//9746 4725//9746 4729//9746
f 4729//9747 4725//9747 4731//9747
f 4873//9748 4877//9748 4875//9748
f 4857//9749 4879//9749 4873//9749
f 4873//9750 4879//9750 4877//9750
f 4723//9751 4721//9751 4725//9751
f 4735//9752 4718//9752 4737//9752
f 4731//9753 4718//9753 4735//9753
f 4725//9754 4718//9754 4731//9754
f 4721//9755 4718//9755 4725//9755
f 4718//9756 4716//9756 4737//9756
f 4880//9757 4884//9757 4883//9757
f 4879//9758 4887//9758 4880//9758
f 4880//9759 4887//9759 4884//9759
f 4888//9760 4893//9760 4891//9760
f 4709//9761 4707//9761 4711//9761
f 4711//9762 4707//9762 4712//9762
f 4712//9763 4707//9763 4715//9763
f 4888//9764 4644//9764 4893//9764
f 4888//9765 4645//9765 4644//9765
f 4645//9766 4649//9766 4647//9766
f 4888//9767 4649//9767 4645//9767
f 4707//9768 4698//9768 4715//9768
f 4701//9769 4698//9769 4703//9769
f 4703//9770 4698//9770 4705//9770
f 4705//9771 4698//9771 4707//9771
f 4888//9772 4650//9772 4649//9772
f 4887//9773 4650//9773 4888//9773
f 4696//9774 4695//9774 4698//9774
f 4698//9775 4693//9775 4715//9775
f 4695//9776 4693//9776 4698//9776
f 4715//9777 4693//9777 4716//9777
f 4716//9778 4693//9778 4737//9778
f 4650//9779 4656//9779 4653//9779
f 4653//9780 4656//9780 4655//9780
f 4887//9781 4656//9781 4650//9781
f 4691//9782 4689//9782 4693//9782
f 4689//9783 4686//9783 4693//9783
f 4658//9784 4663//9784 4661//9784
f 4686//9785 4685//9785 4693//9785
f 4656//9786 4665//9786 4658//9786
f 4658//9787 4665//9787 4663//9787
f 4665//9788 4669//9788 4667//9788
f 4680//9789 4679//9789 4682//9789
f 4682//9790 4679//9790 4685//9790
f 4685//9791 4679//9791 4693//9791
f 4669//9792 4673//9792 4671//9792
f 4677//9793 4675//9793 4679//9793
f 4887//9794 4675//9794 4656//9794
f 4693//9795 4675//9795 4737//9795
f 4656//9796 4675//9796 4665//9796
f 4737//9797 4675//9797 4857//9797
f 4665//9798 4675//9798 4669//9798
f 4679//9799 4675//9799 4693//9799
f 4669//9800 4675//9800 4673//9800
f 4857//9801 4675//9801 4879//9801
f 4879//9802 4675//9802 4887//9802
f 4894//9803 4895//9803 4896//9803
f 4897//9804 4898//9804 4899//9804
f 4894//9805 4900//9805 4895//9805
f 4898//9806 4901//9806 4899//9806
f 4902//9807 4896//9807 4903//9807
f 4902//9808 4903//9808 4904//9808
f 4902//9809 4894//9809 4896//9809
f 4905//9810 4902//9810 4904//9810
f 4905//9811 4904//9811 4906//9811
f 4905//9812 4906//9812 4907//9812
f 4908//9813 4905//9813 4907//9813
f 4908//9814 4907//9814 4909//9814
f 4908//9815 4909//9815 4910//9815
f 4911//9816 4910//9816 4912//9816
f 4911//9817 4908//9817 4910//9817
f 4911//9818 4912//9818 4913//9818
f 4914//9819 4911//9819 4913//9819
f 4914//9820 4913//9820 4915//9820
f 4914//9821 4915//9821 4916//9821
f 4917//9822 4918//9822 4894//9822
f 4917//9823 4894//9823 4902//9823
f 4919//9824 4916//9824 4920//9824
f 4919//9825 4920//9825 4921//9825
f 4919//9826 4914//9826 4916//9826
f 4922//9827 4917//9827 4902//9827
f 4922//9828 4902//9828 4905//9828
f 4923//9829 4921//9829 4924//9829
f 4923//9830 4924//9830 4925//9830
f 4923//9831 4919//9831 4921//9831
f 4926//9832 4905//9832 4908//9832
f 4926//9833 4922//9833 4905//9833
f 4927//9834 4925//9834 4928//9834
f 4927//9835 4928//9835 4929//9835
f 4927//9836 4923//9836 4925//9836
f 4930//9837 4908//9837 4911//9837
f 4930//9838 4926//9838 4908//9838
f 4931//9839 4929//9839 4932//9839
f 4931//9840 4932//9840 4933//9840
f 4931//9841 4927//9841 4929//9841
f 4934//9842 4930//9842 4911//9842
f 4934//9843 4911//9843 4914//9843
f 4935//9844 4933//9844 4936//9844
f 4935//9845 4936//9845 4937//9845
f 4935//9846 4931//9846 4933//9846
f 4938//9847 4918//9847 4917//9847
f 4938//9848 4939//9848 4918//9848
f 4940//9849 4914//9849 4919//9849
f 4940//9850 4934//9850 4914//9850
f 4941//9851 4935//9851 4937//9851
f 4941//9852 4937//9852 4942//9852
f 4941//9853 4942//9853 4943//9853
f 4944//9854 4917//9854 4922//9854
f 4944//9855 4938//9855 4917//9855
f 4945//9856 4940//9856 4919//9856
f 4945//9857 4919//9857 4923//9857
f 4946//9858 4941//9858 4943//9858
f 4946//9859 4943//9859 4947//9859
f 4946//9860 4947//9860 4948//9860
f 4949//9861 4944//9861 4922//9861
f 4949//9862 4922//9862 4926//9862
f 4950//9863 4923//9863 4927//9863
f 4950//9864 4945//9864 4923//9864
f 4950//9865 4927//9865 4931//9865
f 4951//9866 4946//9866 4948//9866
f 4951//9867 4948//9867 4952//9867
f 4951//9868 4952//9868 4953//9868
f 4954//9869 4949//9869 4926//9869
f 4954//9870 4926//9870 4930//9870
f 4955//9871 4950//9871 4931//9871
f 4956//9872 4953//9872 4957//9872
f 4956//9873 4957//9873 4958//9873
f 4956//9874 4951//9874 4953//9874
f 4959//9875 4954//9875 4930//9875
f 4959//9876 4930//9876 4934//9876
f 4960//9877 4931//9877 4935//9877
f 4960//9878 4955//9878 4931//9878
f 4961//9879 4956//9879 4958//9879
f 4961//9880 4958//9880 4962//9880
f 4961//9881 4962//9881 4963//9881
f 4964//9882 4965//9882 4939//9882
f 4964//9883 4939//9883 4938//9883
f 4966//9884 4934//9884 4940//9884
f 4966//9885 4959//9885 4934//9885
f 4967//9886 4960//9886 4935//9886
f 4967//9887 4935//9887 4941//9887
f 4968//9888 4961//9888 4963//9888
f 4968//9889 4963//9889 4969//9889
f 4968//9890 4969//9890 4970//9890
f 4971//9891 4964//9891 4938//9891
f 4971//9892 4938//9892 4944//9892
f 4972//9893 4966//9893 4940//9893
f 4972//9894 4940//9894 4945//9894
f 4973//9895 4967//9895 4941//9895
f 4973//9896 4941//9896 4946//9896
f 4974//9897 4968//9897 4970//9897
f 4974//9898 4970//9898 4975//9898
f 4974//9899 4975//9899 4976//9899
f 4977//9900 4944//9900 4949//9900
f 4977//9901 4971//9901 4944//9901
f 4978//9902 4945//9902 4950//9902
f 4978//9903 4972//9903 4945//9903
f 4979//9904 4946//9904 4951//9904
f 4979//9905 4973//9905 4946//9905
f 4980//9906 4976//9906 4981//9906
f 4980//9907 4981//9907 4982//9907
f 4980//9908 4974//9908 4976//9908
f 4983//9909 4977//9909 4949//9909
f 4983//9910 4949//9910 4954//9910
f 4984//9911 4978//9911 4950//9911
f 4984//9912 4955//9912 4960//9912
f 4984//9913 4950//9913 4955//9913
f 4985//9914 4951//9914 4956//9914
f 4985//9915 4979//9915 4951//9915
f 4986//9916 4982//9916 4987//9916
f 4986//9917 4987//9917 4988//9917
f 4986//9918 4980//9918 4982//9918
f 4989//9919 4954//9919 4959//9919
f 4989//9920 4983//9920 4954//9920
f 4990//9921 4984//9921 4960//9921
f 4991//9922 4985//9922 4956//9922
f 4991//9923 4956//9923 4961//9923
f 4992//9924 4986//9924 4988//9924
f 4992//9925 4988//9925 4993//9925
f 4992//9926 4993//9926 4994//9926
f 4995//9927 4965//9927 4964//9927
f 4995//9928 4996//9928 4965//9928
f 4997//9929 4959//9929 4966//9929
f 4997//9930 4966//9930 4972//9930
f 4997//9931 4989//9931 4959//9931
f 4998//9932 4990//9932 4960//9932
f 4998//9933 4960//9933 4967//9933
f 4999//9934 4961//9934 4968//9934
f 4999//9935 4991//9935 4961//9935
f 5000//9936 4992//9936 4994//9936
f 5000//9937 4994//9937 5001//9937
f 5000//9938 5001//9938 5002//9938
f 5003//9939 4964//9939 4971//9939
f 5003//9940 4995//9940 4964//9940
f 5004//9941 4997//9941 4972//9941
f 5005//9942 4998//9942 4967//9942
f 5005//9943 4967//9943 4973//9943
f 5005//9944 4973//9944 4979//9944
f 5006//9945 4968//9945 4974//9945
f 5006//9946 4999//9946 4968//9946
f 5007//9947 5002//9947 5008//9947
f 5007//9948 5008//9948 5009//9948
f 5007//9949 5000//9949 5002//9949
f 5010//9950 4971//9950 4977//9950
f 5010//9951 5003//9951 4971//9951
f 5011//9952 4972//9952 4978//9952
f 5011//9953 5004//9953 4972//9953
f 5011//9954 4978//9954 4984//9954
f 5012//9955 4979//9955 4985//9955
f 5012//9956 5005//9956 4979//9956
f 5013//9957 5006//9957 4974//9957
f 5013//9958 4974//9958 4980//9958
f 5014//9959 5009//9959 5015//9959
f 5014//9960 5015//9960 5016//9960
f 5014//9961 5007//9961 5009//9961
f 5017//9962 4977//9962 4983//9962
f 5017//9963 5010//9963 4977//9963
f 5018//9964 5011//9964 4984//9964
f 5019//9965 5012//9965 4985//9965
f 5020//9966 4980//9966 4986//9966
f 5020//9967 5013//9967 4980//9967
f 5021//9968 5016//9968 5022//9968
f 5021//9969 5014//9969 5016//9969
f 5021//9970 5022//9970 5023//9970
f 5024//9971 5017//9971 4983//9971
f 5024//9972 4983//9972 4989//9972
f 5024//9973 4989//9973 4997//9973
f 5025//9974 4984//9974 4990//9974
f 5025//9975 5018//9975 4984//9975
f 5026//9976 4985//9976 4991//9976
f 5026//9977 5019//9977 4985//9977
f 5027//9978 4986//9978 4992//9978
f 5027//9979 5020//9979 4986//9979
f 5028//9980 5029//9980 4996//9980
f 5028//9981 4996//9981 4995//9981
f 5030//9982 5021//9982 5023//9982
f 5030//9983 5023//9983 5031//9983
f 5030//9984 5031//9984 5032//9984
f 5033//9985 5024//9985 4997//9985
f 5034//9986 5025//9986 4990//9986
f 5034//9987 4990//9987 4998//9987
f 5035//9988 4991//9988 4999//9988
f 5035//9989 5026//9989 4991//9989
f 5036//9990 5000//9990 5007//9990
f 5036//9991 5027//9991 4992//9991
f 5036//9992 4992//9992 5000//9992
f 5037//9993 4995//9993 5003//9993
f 5037//9994 5028//9994 4995//9994
f 5038//9995 5030//9995 5032//9995
f 5038//9996 5032//9996 5039//9996
f 5038//9997 5039//9997 5040//9997
f 5041//9998 4997//9998 5004//9998
f 5041//9999 5033//9999 4997//9999
f 5042//10000 4998//10000 5005//10000
f 5042//10001 5034//10001 4998//10001
f 5043//10002 4999//10002 5006//10002
f 5043//10003 5035//10003 4999//10003
f 5044//10004 5036//10004 5007//10004
f 5045//10005 5003//10005 5010//10005
f 5045//10006 5037//10006 5003//10006
f 5046//10007 5038//10007 5040//10007
f 5046//10008 5040//10008 5047//10008
f 5046//10009 5047//10009 5048//10009
f 5049//10010 5041//10010 5004//10010
f 5049//10011 5004//10011 5011//10011
f 5050//10012 5042//10012 5005//10012
f 5050//10013 5005//10013 5012//10013
f 5050//10014 5012//10014 5019//10014
f 5051//10015 5006//10015 5013//10015
f 5051//10016 5043//10016 5006//10016
f 5052//10017 5007//10017 5014//10017
f 5052//10018 5044//10018 5007//10018
f 5053//10019 5010//10019 5017//10019
f 5053//10020 5045//10020 5010//10020
f 5054//10021 5046//10021 5048//10021
f 5054//10022 5048//10022 5055//10022
f 5054//10023 5055//10023 5056//10023
f 5057//10024 5049//10024 5011//10024
f 5057//10025 5011//10025 5018//10025
f 5058//10026 5050//10026 5019//10026
f 5059//10027 5013//10027 5020//10027
f 5059//10028 5051//10028 5013//10028
f 5060//10029 5021//10029 5030//10029
f 5060//10030 5014//10030 5021//10030
f 5060//10031 5052//10031 5014//10031
f 5061//10032 5053//10032 5017//10032
f 5061//10033 5017//10033 5024//10033
f 5062//10034 5054//10034 5056//10034
f 5062//10035 5056//10035 5063//10035
f 5062//10036 5063//10036 5064//10036
f 5065//10037 5057//10037 5018//10037
f 5065//10038 5018//10038 5025//10038
f 5066//10039 5019//10039 5026//10039
f 5066//10040 5058//10040 5019//10040
f 5067//10041 5027//10041 5036//10041
f 5067//10042 5059//10042 5020//10042
f 5067//10043 5020//10043 5027//10043
f 5068//10044 5069//10044 5029//10044
f 5068//10045 5029//10045 5028//10045
f 5070//10046 5060//10046 5030//10046
f 5071//10047 5024//10047 5033//10047
f 5071//10048 5061//10048 5024//10048
f 5071//10049 5033//10049 5041//10049
f 5072//10050 5064//10050 5073//10050
f 5072//10051 5073//10051 5074//10051
f 5072//10052 5062//10052 5064//10052
f 5075//10053 5065//10053 5025//10053
f 5075//10054 5025//10054 5034//10054
f 5076//10055 5035//10055 5043//10055
f 5076//10056 5026//10056 5035//10056
f 5076//10057 5066//10057 5026//10057
f 5077//10058 5067//10058 5036//10058
f 5078//10059 5037//10059 5045//10059
f 5078//10060 5068//10060 5028//10060
f 5078//10061 5028//10061 5037//10061
f 5079//10062 5070//10062 5030//10062
f 5079//10063 5038//10063 5046//10063
f 5079//10064 5030//10064 5038//10064
f 5080//10065 5071//10065 5041//10065
f 5081//10066 5072//10066 5074//10066
f 5081//10067 5074//10067 5082//10067
f 5081//10068 5082//10068 5083//10068
f 5084//10069 5075//10069 5034//10069
f 5084//10070 5034//10070 5042//10070
f 5085//10071 5076//10071 5043//10071
f 5086//10072 5036//10072 5044//10072
f 5086//10073 5077//10073 5036//10073
f 5087//10074 5078//10074 5045//10074
f 5088//10075 5079//10075 5046//10075
f 5089//10076 5041//10076 5049//10076
f 5089//10077 5080//10077 5041//10077
f 5090//10078 5083//10078 5091//10078
f 5090//10079 5091//10079 5092//10079
f 5090//10080 5081//10080 5083//10080
f 5093//10081 5084//10081 5042//10081
f 5093//10082 5042//10082 5050//10082
f 5094//10083 5043//10083 5051//10083
f 5094//10084 5085//10084 5043//10084
f 5095//10085 5044//10085 5052//10085
f 5095//10086 5086//10086 5044//10086
f 5096//10087 5045//10087 5053//10087
f 5096//10088 5087//10088 5045//10088
f 5097//10089 5046//10089 5054//10089
f 5097//10090 5088//10090 5046//10090
f 5098//10091 5049//10091 5057//10091
f 5098//10092 5089//10092 5049//10092
f 5099//10093 5092//10093 5100//10093
f 5099//10094 5100//10094 5101//10094
f 5099//10095 5090//10095 5092//10095
f 5102//10096 5093//10096 5050//10096
f 5102//10097 5058//10097 5066//10097
f 5102//10098 5050//10098 5058//10098
f 5103//10099 5094//10099 5051//10099
f 5103//10100 5051//10100 5059//10100
f 5103//10101 5059//10101 5067//10101
f 5104//10102 5052//10102 5060//10102
f 5104//10103 5060//10103 5070//10103
f 5104//10104 5095//10104 5052//10104
f 5105//10105 5053//10105 5061//10105
f 5105//10106 5096//10106 5053//10106
f 5106//10107 5054//10107 5062//10107
f 5106//10108 5062//10108 5072//10108
f 5106//10109 5097//10109 5054//10109
f 5107//10110 5057//10110 5065//10110
f 5107//10111 5098//10111 5057//10111
f 5107//10112 5065//10112 5075//10112
f 5108//10113 5101//10113 5109//10113
f 5108//10114 5109//10114 5110//10114
f 5108//10115 5099//10115 5101//10115
f 5111//10116 5102//10116 5066//10116
f 5112//10117 5103//10117 5067//10117
f 5113//10118 5114//10118 5069//10118
f 5113//10119 5115//10119 5114//10119
f 5113//10120 5069//10120 5068//10120
f 5116//10121 5104//10121 5070//10121
f 5117//10122 5061//10122 5071//10122
f 5117//10123 5105//10123 5061//10123
f 5118//10124 5106//10124 5072//10124
f 5119//10125 5107//10125 5075//10125
f 5120//10126 5110//10126 5121//10126
f 5120//10127 5121//10127 5122//10127
f 5120//10128 5108//10128 5110//10128
f 5123//10129 5066//10129 5076//10129
f 5123//10130 5111//10130 5066//10130
f 5124//10131 5067//10131 5077//10131
f 5124//10132 5077//10132 5086//10132
f 5124//10133 5112//10133 5067//10133
f 5125//10134 5113//10134 5068//10134
f 5125//10135 5068//10135 5078//10135
f 5126//10136 5070//10136 5079//10136
f 5126//10137 5116//10137 5070//10137
f 5127//10138 5117//10138 5071//10138
f 5127//10139 5071//10139 5080//10139
f 5127//10140 5080//10140 5089//10140
f 5128//10141 5081//10141 5090//10141
f 5128//10142 5118//10142 5072//10142
f 5128//10143 5072//10143 5081//10143
f 5129//10144 5119//10144 5075//10144
f 5129//10145 5075//10145 5084//10145
f 5129//10146 5084//10146 5093//10146
f 5130//10147 5122//10147 5131//10147
f 5130//10148 5131//10148 5132//10148
f 5130//10149 5120//10149 5122//10149
f 5133//10150 5123//10150 5076//10150
f 5133//10151 5076//10151 5085//10151
f 5134//10152 5124//10152 5086//10152
f 5135//10153 5125//10153 5078//10153
f 5135//10154 5078//10154 5087//10154
f 5136//10155 5126//10155 5079//10155
f 5136//10156 5079//10156 5088//10156
f 5137//10157 5127//10157 5089//10157
f 5138//10158 5128//10158 5090//10158
f 5139//10159 5129//10159 5093//10159
f 5139//10160 5093//10160 5102//10160
f 5140//10161 5132//10161 5141//10161
f 5140//10162 5141//10162 5142//10162
f 5140//10163 5130//10163 5132//10163
f 5143//10164 5094//10164 5103//10164
f 5143//10165 5085//10165 5094//10165
f 5143//10166 5133//10166 5085//10166
f 5144//10167 5086//10167 5095//10167
f 5144//10168 5134//10168 5086//10168
f 5145//10169 5087//10169 5096//10169
f 5145//10170 5135//10170 5087//10170
f 5146//10171 5136//10171 5088//10171
f 5146//10172 5088//10172 5097//10172
f 5147//10173 5137//10173 5089//10173
f 5147//10174 5089//10174 5098//10174
f 5148//10175 5090//10175 5099//10175
f 5148//10176 5138//10176 5090//10176
f 5148//10177 5099//10177 5108//10177
f 5149//10178 5139//10178 5102//10178
f 5150//10179 5142//10179 5151//10179
f 5150//10180 5151//10180 5152//10180
f 5150//10181 5140//10181 5142//10181
f 5153//10182 5143//10182 5103//10182
f 5154//10183 5104//10183 5116//10183
f 5154//10184 5095//10184 5104//10184
f 5154//10185 5144//10185 5095//10185
f 5155//10186 5145//10186 5096//10186
f 5155//10187 5096//10187 5105//10187
f 5156//10188 5097//10188 5106//10188
f 5156//10189 5106//10189 5118//10189
f 5156//10190 5146//10190 5097//10190
f 5157//10191 5147//10191 5098//10191
f 5157//10192 5098//10192 5107//10192
f 5158//10193 5148//10193 5108//10193
f 5159//10194 5102//10194 5111//10194
f 5159//10195 5149//10195 5102//10195
f 5160//10196 5152//10196 5161//10196
f 5160//10197 5150//10197 5152//10197
f 5160//10198 5161//10198 5162//10198
f 5163//10199 5153//10199 5103//10199
f 5163//10200 5103//10200 5112//10200
f 5164//10201 5115//10201 5113//10201
f 5165//10202 5154//10202 5116//10202
f 5166//10203 5155//10203 5105//10203
f 5166//10204 5105//10204 5117//10204
f 5167//10205 5156//10205 5118//10205
f 5168//10206 5107//10206 5119//10206
f 5168//10207 5119//10207 5129//10207
f 5168//10208 5157//10208 5107//10208
f 5169//10209 5158//10209 5108//10209
f 5169//10210 5108//10210 5120//10210
f 5169//10211 5120//10211 5130//10211
f 5170//10212 5159//10212 5111//10212
f 5170//10213 5111//10213 5123//10213
f 5171//10214 5160//10214 5162//10214
f 5171//10215 5162//10215 5172//10215
f 5171//10216 5172//10216 5173//10216
f 5174//10217 5163//10217 5112//10217
f 5174//10218 5112//10218 5124//10218
f 5174//10219 5124//10219 5134//10219
f 5175//10220 5113//10220 5125//10220
f 5175//10221 5164//10221 5113//10221
f 5176//10222 5165//10222 5116//10222
f 5176//10223 5116//10223 5126//10223
f 5176//10224 5126//10224 5136//10224
f 5177//10225 5117//10225 5127//10225
f 5177//10226 5166//10226 5117//10226
f 5178//10227 5167//10227 5118//10227
f 5178//10228 5118//10228 5128//10228
f 5178//10229 5128//10229 5138//10229
f 5179//10230 5168//10230 5129//10230
f 5180//10231 5169//10231 5130//10231
f 5181//10232 5133//10232 5143//10232
f 5181//10233 5123//10233 5133//10233
f 5181//10234 5170//10234 5123//10234
f 5182//10235 5173//10235 5183//10235
f 5182//10236 5183//10236 5184//10236
f 5182//10237 5171//10237 5173//10237
f 5185//10238 5174//10238 5134//10238
f 5186//10239 5125//10239 5135//10239
f 5186//10240 5175//10240 5125//10240
f 5187//10241 5176//10241 5136//10241
f 5188//10242 5127//10242 5137//10242
f 5188//10243 5177//10243 5127//10243
f 5189//10244 5178//10244 5138//10244
f 5190//10245 5129//10245 5139//10245
f 5190//10246 5179//10246 5129//10246
f 5191//10247 5130//10247 5140//10247
f 5191//10248 5180//10248 5130//10248
f 5192//10249 5181//10249 5143//10249
f 5193//10250 5182//10250 5184//10250
f 5193//10251 5184//10251 5194//10251
f 5193//10252 5194//10252 5195//10252
f 5196//10253 5144//10253 5154//10253
f 5196//10254 5185//10254 5134//10254
f 5196//10255 5134//10255 5144//10255
f 5197//10256 5186//10256 5135//10256
f 5197//10257 5135//10257 5145//10257
f 5198//10258 5136//10258 5146//10258
f 5198//10259 5187//10259 5136//10259
f 5199//10260 5147//10260 5157//10260
f 5199//10261 5188//10261 5137//10261
f 5199//10262 5137//10262 5147//10262
f 5200//10263 5189//10263 5138//10263
f 5200//10264 5138//10264 5148//10264
f 5201//10265 5190//10265 5139//10265
f 5201//10266 5139//10266 5149//10266
f 5202//10267 5150//10267 5160//10267
f 5202//10268 5140//10268 5150//10268
f 5202//10269 5191//10269 5140//10269
f 5203//10270 5192//10270 5143//10270
f 5203//10271 5143//10271 5153//10271
f 5204//10272 5193//10272 5195//10272
f 5204//10273 5195//10273 5205//10273
f 5204//10274 5205//10274 5206//10274
f 5207//10275 5196//10275 5154//10275
f 5207//10276 5154//10276 5165//10276
f 5208//10277 5145//10277 5155//10277
f 5208//10278 5197//10278 5145//10278
f 5209//10279 5146//10279 5156//10279
f 5209//10280 5198//10280 5146//10280
f 5209//10281 5156//10281 5167//10281
f 5210//10282 5199//10282 5157//10282
f 5211//10283 5200//10283 5148//10283
f 5211//10284 5158//10284 5169//10284
f 5211//10285 5148//10285 5158//10285
f 5212//10286 5201//10286 5149//10286
f 5212//10287 5149//10287 5159//10287
f 5213//10288 5202//10288 5160//10288
f 5214//10289 5203//10289 5153//10289
f 5214//10290 5153//10290 5163//10290
f 5214//10291 5163//10291 5174//10291
f 5215//10292 5206//10292 5216//10292
f 5215//10293 5216//10293 5217//10293
f 5215//10294 5204//10294 5206//10294
f 5218//10295 5115//10295 5164//10295
f 5218//10296 5219//10296 5115//10296
f 5218//10297 4899//10297 5219//10297
f 5220//10298 5207//10298 5165//10298
f 5221//10299 5208//10299 5155//10299
f 5221//10300 5155//10300 5166//10300
f 5222//10301 5209//10301 5167//10301
f 5223//10302 5157//10302 5168//10302
f 5223//10303 5210//10303 5157//10303
f 5224//10304 5211//10304 5169//10304
f 5225//10305 5159//10305 5170//10305
f 5225//10306 5212//10306 5159//10306
f 5226//10307 5160//10307 5171//10307
f 5226//10308 5213//10308 5160//10308
f 5227//10309 5214//10309 5174//10309
f 5228//10310 5215//10310 5217//10310
f 5228//10311 5217//10311 5229//10311
f 5228//10312 5229//10312 5230//10312
f 5231//10313 5164//10313 5175//10313
f 5231//10314 5218//10314 5164//10314
f 5232//10315 5220//10315 5165//10315
f 5232//10316 5176//10316 5187//10316
f 5232//10317 5165//10317 5176//10317
f 5233//10318 5166//10318 5177//10318
f 5233//10319 5221//10319 5166//10319
f 5234//10320 5167//10320 5178//10320
f 5234//10321 5222//10321 5167//10321
f 5234//10322 5178//10322 5189//10322
f 5235//10323 5223//10323 5168//10323
f 5235//10324 5168//10324 5179//10324
f 5236//10325 5169//10325 5180//10325
f 5236//10326 5224//10326 5169//10326
f 5236//10327 5180//10327 5191//10327
f 5237//10328 5170//10328 5181//10328
f 5237//10329 5181//10329 5192//10329
f 5237//10330 5225//10330 5170//10330
f 5238//10331 5226//10331 5171//10331
f 5238//10332 5171//10332 5182//10332
f 5239//10333 5227//10333 5174//10333
f 5239//10334 5185//10334 5196//10334
f 5239//10335 5174//10335 5185//10335
f 5240//10336 5228//10336 5230//10336
f 5240//10337 5230//10337 5241//10337
f 5240//10338 5241//10338 5242//10338
f 5243//10339 5175//10339 5186//10339
f 5243//10340 5231//10340 5175//10340
f 5244//10341 5232//10341 5187//10341
f 5245//10342 5188//10342 5199//10342
f 5245//10343 5233//10343 5177//10343
f 5245//10344 5177//10344 5188//10344
f 5246//10345 5234//10345 5189//10345
f 5247//10346 5179//10346 5190//10346
f 5247//10347 5235//10347 5179//10347
f 5248//10348 5236//10348 5191//10348
f 5249//10349 5237//10349 5192//10349
f 5250//10350 5182//10350 5193//10350
f 5250//10351 5238//10351 5182//10351
f 5251//10352 5239//10352 5196//10352
f 5252//10353 5240//10353 5242//10353
f 5252//10354 5242//10354 5253//10354
f 5252//10355 5253//10355 5254//10355
f 5255//10356 5186//10356 5197//10356
f 5255//10357 5243//10357 5186//10357
f 5256//10358 5187//10358 5198//10358
f 5256//10359 5244//10359 5187//10359
f 5257//10360 5245//10360 5199//10360
f 5258//10361 5246//10361 5189//10361
f 5258//10362 5200//10362 5211//10362
f 5258//10363 5189//10363 5200//10363
f 5259//10364 5201//10364 5212//10364
f 5259//10365 5247//10365 5190//10365
f 5259//10366 5190//10366 5201//10366
f 5260//10367 5191//10367 5202//10367
f 5260//10368 5248//10368 5191//10368
f 5261//10369 5249//10369 5192//10369
f 5261//10370 5192//10370 5203//10370
f 5262//10371 5193//10371 5204//10371
f 5262//10372 5250//10372 5193//10372
f 5263//10373 5251//10373 5196//10373
f 5263//10374 5196//10374 5207//10374
f 5264//10375 5254//10375 5265//10375
f 5264//10376 5265//10376 5266//10376
f 5264//10377 5252//10377 5254//10377
f 5267//10378 5255//10378 5197//10378
f 5267//10379 5197//10379 5208//10379
f 5268//10380 5209//10380 5222//10380
f 5268//10381 5198//10381 5209//10381
f 5268//10382 5256//10382 5198//10382
f 5269//10383 5199//10383 5210//10383
f 5269//10384 5210//10384 5223//10384
f 5269//10385 5257//10385 5199//10385
f 5270//10386 5258//10386 5211//10386
f 5271//10387 5259//10387 5212//10387
f 5272//10388 5260//10388 5202//10388
f 5272//10389 5202//10389 5213//10389
f 5272//10390 5213//10390 5226//10390
f 5273//10391 5261//10391 5203//10391
f 5273//10392 5203//10392 5214//10392
f 5274//10393 5204//10393 5215//10393
f 5274//10394 5262//10394 5204//10394
f 5275//10395 4899//10395 5218//10395
f 5275//10396 5276//10396 4897//10396
f 5275//10397 5277//10397 5276//10397
f 5275//10398 4897//10398 4899//10398
f 5278//10399 5263//10399 5207//10399
f 5278//10400 5207//10400 5220//10400
f 5279//10401 5264//10401 5266//10401
f 5279//10402 5266//10402 5280//10402
f 5279//10403 5280//10403 5281//10403
f 5282//10404 5267//10404 5208//10404
f 5282//10405 5208//10405 5221//10405
f 5283//10406 5268//10406 5222//10406
f 5284//10407 5269//10407 5223//10407
f 5284//10408 5223//10408 5235//10408
f 5285//10409 5211//10409 5224//10409
f 5285//10410 5270//10410 5211//10410
f 5286//10411 5212//10411 5225//10411
f 5286//10412 5271//10412 5212//10412
f 5287//10413 5272//10413 5226//10413
f 5287//10414 5226//10414 5238//10414
f 5288//10415 5273//10415 5214//10415
f 5288//10416 5214//10416 5227//10416
f 5289//10417 5274//10417 5215//10417
f 5289//10418 5215//10418 5228//10418
f 5290//10419 5291//10419 5277//10419
f 5290//10420 5292//10420 5291//10420
f 5290//10421 5277//10421 5275//10421
f 5290//10422 5218//10422 5231//10422
f 5290//10423 5275//10423 5218//10423
f 5293//10424 5278//10424 5220//10424
f 5293//10425 5232//10425 5244//10425
f 5293//10426 5220//10426 5232//10426
f 5294//10427 5281//10427 5295//10427
f 5294//10428 5295//10428 5296//10428
f 5294//10429 5279//10429 5281//10429
f 5297//10430 5221//10430 5233//10430
f 5297//10431 5282//10431 5221//10431
f 5298//10432 5222//10432 5234//10432
f 5298//10433 5283//10433 5222//10433
f 5299//10434 5284//10434 5235//10434
f 5299//10435 5235//10435 5247//10435
f 5300//10436 5285//10436 5224//10436
f 5300//10437 5224//10437 5236//10437
f 5301//10438 5286//10438 5225//10438
f 5301//10439 5225//10439 5237//10439
f 5302//10440 5287//10440 5238//10440
f 5303//10441 5227//10441 5239//10441
f 5303//10442 5288//10442 5227//10442
f 5304//10443 5289//10443 5228//10443
f 5304//10444 5228//10444 5240//10444
f 5305//10445 5292//10445 5290//10445
f 5305//10446 5306//10446 5292//10446
f 5305//10447 5307//10447 5306//10447
f 5305//10448 5231//10448 5243//10448
f 5305//10449 5290//10449 5231//10449
f 5308//10450 5293//10450 5244//10450
f 5309//10451 5296//10451 5310//10451
f 5309//10452 5310//10452 5311//10452
f 5309//10453 5294//10453 5296//10453
f 5312//10454 5297//10454 5233//10454
f 5312//10455 5233//10455 5245//10455
f 5313//10456 5234//10456 5246//10456
f 5313//10457 5298//10457 5234//10457
f 5314//10458 5299//10458 5247//10458
f 5315//10459 5248//10459 5260//10459
f 5315//10460 5300//10460 5236//10460
f 5315//10461 5236//10461 5248//10461
f 5316//10462 5237//10462 5249//10462
f 5316//10463 5301//10463 5237//10463
f 5316//10464 5249//10464 5261//10464
f 5317//10465 5238//10465 5250//10465
f 5317//10466 5302//10466 5238//10466
f 5318//10467 5303//10467 5239//10467
f 5318//10468 5239//10468 5251//10468
f 5319//10469 5304//10469 5240//10469
f 5319//10470 5240//10470 5252//10470
f 5320//10471 5305//10471 5243//10471
f 5320//10472 5321//10472 5307//10472
f 5320//10473 5322//10473 5321//10473
f 5320//10474 5243//10474 5255//10474
f 5320//10475 5307//10475 5305//10475
f 5323//10476 5244//10476 5256//10476
f 5323//10477 5308//10477 5244//10477
f 5324//10478 5311//10478 5325//10478
f 5324//10479 5325//10479 5326//10479
f 5324//10480 5309//10480 5311//10480
f 5327//10481 5312//10481 5245//10481
f 5327//10482 5245//10482 5257//10482
f 5328//10483 5313//10483 5246//10483
f 5328//10484 5246//10484 5258//10484
f 5328//10485 5258//10485 5270//10485
f 5329//10486 5314//10486 5247//10486
f 5329//10487 5259//10487 5271//10487
f 5329//10488 5247//10488 5259//10488
f 5330//10489 5315//10489 5260//10489
f 5331//10490 5316//10490 5261//10490
f 5332//10491 5262//10491 5274//10491
f 5332//10492 5317//10492 5250//10492
f 5332//10493 5250//10493 5262//10493
f 5333//10494 5263//10494 5278//10494
f 5333//10495 5251//10495 5263//10495
f 5333//10496 5318//10496 5251//10496
f 5334//10497 5319//10497 5252//10497
f 5334//10498 5252//10498 5264//10498
f 5335//10499 5255//10499 5267//10499
f 5335//10500 5336//10500 5322//10500
f 5335//10501 5337//10501 5336//10501
f 5335//10502 5322//10502 5320//10502
f 5335//10503 5320//10503 5255//10503
f 5338//10504 5323//10504 5256//10504
f 5338//10505 5256//10505 5268//10505
f 5338//10506 5268//10506 5283//10506
f 5339//10507 5326//10507 5340//10507
f 5339//10508 5340//10508 5341//10508
f 5339//10509 5324//10509 5326//10509
f 5342//10510 5257//10510 5269//10510
f 5342//10511 5327//10511 5257//10511
f 5343//10512 5328//10512 5270//10512
f 5344//10513 5329//10513 5271//10513
f 5345//10514 5260//10514 5272//10514
f 5345//10515 5330//10515 5260//10515
f 5345//10516 5272//10516 5287//10516
f 5346//10517 5261//10517 5273//10517
f 5346//10518 5331//10518 5261//10518
f 5347//10519 5332//10519 5274//10519
f 5348//10520 5333//10520 5278//10520
f 5349//10521 5334//10521 5264//10521
f 5349//10522 5264//10522 5279//10522
f 5350//10523 5351//10523 5337//10523
f 5350//10524 5352//10524 5351//10524
f 5350//10525 5335//10525 5267//10525
f 5350//10526 5267//10526 5282//10526
f 5350//10527 5337//10527 5335//10527
f 5350//10528 5282//10528 5297//10528
f 5353//10529 5338//10529 5283//10529
f 5354//10530 5341//10530 5355//10530
f 5354//10531 5355//10531 5356//10531
f 5354//10532 5339//10532 5341//10532
f 5357//10533 5342//10533 5269//10533
f 5357//10534 5269//10534 5284//10534
f 5358//10535 5270//10535 5285//10535
f 5358//10536 5343//10536 5270//10536
f 5359//10537 5271//10537 5286//10537
f 5359//10538 5344//10538 5271//10538
f 5360//10539 5345//10539 5287//10539
f 5361//10540 5273//10540 5288//10540
f 5361//10541 5346//10541 5273//10541
f 5361//10542 5288//10542 5303//10542
f 5362//10543 5274//10543 5289//10543
f 5362//10544 5347//10544 5274//10544
f 5362//10545 5289//10545 5304//10545
f 5363//10546 5293//10546 5308//10546
f 5363//10547 5278//10547 5293//10547
f 5363//10548 5348//10548 5278//10548
f 5364//10549 5349//10549 5279//10549
f 5364//10550 5279//10550 5294//10550
f 5365//10551 5350//10551 5297//10551
f 5365//10552 5366//10552 5352//10552
f 5365//10553 5367//10553 5366//10553
f 5365//10554 5352//10554 5350//10554
f 5368//10555 5283//10555 5298//10555
f 5368//10556 5353//10556 5283//10556
f 5369//10557 5356//10557 5370//10557
f 5369//10558 5370//10558 5371//10558
f 5369//10559 5354//10559 5356//10559
f 5372//10560 5284//10560 5299//10560
f 5372//10561 5357//10561 5284//10561
f 5373//10562 5358//10562 5285//10562
f 5373//10563 5285//10563 5300//10563
f 5374//10564 5301//10564 5316//10564
f 5374//10565 5286//10565 5301//10565
f 5374//10566 5359//10566 5286//10566
f 5375//10567 5360//10567 5287//10567
f 5375//10568 5287//10568 5302//10568
f 5376//10569 5361//10569 5303//10569
f 5377//10570 5362//10570 5304//10570
f 5378//10571 5363//10571 5308//10571
f 5379//10572 5364//10572 5294//10572
f 5379//10573 5294//10573 5309//10573
f 5380//10574 5381//10574 5367//10574
f 5380//10575 5382//10575 5381//10575
f 5380//10576 5367//10576 5365//10576
f 5380//10577 5365//10577 5297//10577
f 5380//10578 5297//10578 5312//10578
f 5383//10579 5313//10579 5328//10579
f 5383//10580 5298//10580 5313//10580
f 5383//10581 5368//10581 5298//10581
f 5384//10582 5369//10582 5371//10582
f 5384//10583 5371//10583 5385//10583
f 5384//10584 5385//10584 5386//10584
f 5387//10585 5299//10585 5314//10585
f 5387//10586 5372//10586 5299//10586
f 5387//10587 5314//10587 5329//10587
f 5388//10588 5373//10588 5300//10588
f 5388//10589 5300//10589 5315//10589
f 5388//10590 5315//10590 5330//10590
f 5389//10591 5374//10591 5316//10591
f 5390//10592 5375//10592 5302//10592
f 5390//10593 5317//10593 5332//10593
f 5390//10594 5302//10594 5317//10594
f 5391//10595 5303//10595 5318//10595
f 5391//10596 5376//10596 5303//10596
f 5392//10597 5304//10597 5319//10597
f 5392//10598 5319//10598 5334//10598
f 5392//10599 5377//10599 5304//10599
f 5393//10600 5308//10600 5323//10600
f 5393//10601 5378//10601 5308//10601
f 5394//10602 5379//10602 5309//10602
f 5394//10603 5309//10603 5324//10603
f 5395//10604 5312//10604 5327//10604
f 5395//10605 5396//10605 5382//10605
f 5395//10606 5397//10606 5396//10606
f 5395//10607 5382//10607 5380//10607
f 5395//10608 5380//10608 5312//10608
f 5398//10609 5383//10609 5328//10609
f 5399//10610 5386//10610 5400//10610
f 5399//10611 5400//10611 5401//10611
f 5399//10612 5384//10612 5386//10612
f 5402//10613 5387//10613 5329//10613
f 5403//10614 5388//10614 5330//10614
f 5404//10615 5316//10615 5331//10615
f 5404//10616 5389//10616 5316//10616
f 5405//10617 5390//10617 5332//10617
f 5405//10618 5332//10618 5347//10618
f 5406//10619 5391//10619 5318//10619
f 5406//10620 5333//10620 5348//10620
f 5406//10621 5318//10621 5333//10621
f 5407//10622 5392//10622 5334//10622
f 5408//10623 5323//10623 5338//10623
f 5408//10624 5393//10624 5323//10624
f 5408//10625 5338//10625 5353//10625
f 5409//10626 5324//10626 5339//10626
f 5409//10627 5394//10627 5324//10627
f 5410//10628 5342//10628 5357//10628
f 5410//10629 5327//10629 5342//10629
f 5410//10630 5411//10630 5397//10630
f 5410//10631 5412//10631 5411//10631
f 5410//10632 5395//10632 5327//10632
f 5410//10633 5397//10633 5395//10633
f 5413//10634 5328//10634 5343//10634
f 5413//10635 5398//10635 5328//10635
f 5414//10636 5401//10636 5415//10636
f 5414//10637 5415//10637 5416//10637
f 5414//10638 5399//10638 5401//10638
f 5417//10639 5402//10639 5329//10639
f 5417//10640 5329//10640 5344//10640
f 5418//10641 5403//10641 5330//10641
f 5418//10642 5345//10642 5360//10642
f 5418//10643 5330//10643 5345//10643
f 5419//10644 5404//10644 5331//10644
f 5419//10645 5331//10645 5346//10645
f 5420//10646 5405//10646 5347//10646
f 5421//10647 5406//10647 5348//10647
f 5422//10648 5407//10648 5334//10648
f 5422//10649 5334//10649 5349//10649
f 5422//10650 5349//10650 5364//10650
f 5423//10651 5408//10651 5353//10651
f 5424//10652 5409//10652 5339//10652
f 5424//10653 5339//10653 5354//10653
f 5425//10654 5426//10654 5412//10654
f 5425//10655 5427//10655 5426//10655
f 5425//10656 5357//10656 5372//10656
f 5425//10657 5410//10657 5357//10657
f 5425//10658 5412//10658 5410//10658
f 5428//10659 5358//10659 5373//10659
f 5428//10660 5413//10660 5343//10660
f 5428//10661 5343//10661 5358//10661
f 5429//10662 5416//10662 5430//10662
f 5429//10663 5430//10663 5431//10663
f 5429//10664 5414//10664 5416//10664
f 5432//10665 5417//10665 5344//10665
f 5432//10666 5344//10666 5359//10666
f 5433//10667 5418//10667 5360//10667
f 5434//10668 5346//10668 5361//10668
f 5434//10669 5361//10669 5376//10669
f 5434//10670 5419//10670 5346//10670
f 5435//10671 5420//10671 5347//10671
f 5435//10672 5347//10672 5362//10672
f 5436//10673 5363//10673 5378//10673
f 5436//10674 5421//10674 5348//10674
f 5436//10675 5348//10675 5363//10675
f 5437//10676 5422//10676 5364//10676
f 5438//10677 5353//10677 5368//10677
f 5438//10678 5423//10678 5353//10678
f 5438//10679 5368//10679 5383//10679
f 5439//10680 5369//10680 5384//10680
f 5439//10681 5354//10681 5369//10681
f 5439//10682 5424//10682 5354//10682
f 5440//10683 5441//10683 5427//10683
f 5440//10684 5442//10684 5441//10684
f 5440//10685 5427//10685 5425//10685
f 5440//10686 5425//10686 5372//10686
f 5443//10687 5428//10687 5373//10687
f 5444//10688 5429//10688 5431//10688
f 5444//10689 5431//10689 5445//10689
f 5444//10690 5445//10690 5446//10690
f 5447//10691 5432//10691 5359//10691
f 5447//10692 5359//10692 5374//10692
f 5448//10693 5360//10693 5375//10693
f 5448//10694 5433//10694 5360//10694
f 5449//10695 5434//10695 5376//10695
f 5450//10696 5435//10696 5362//10696
f 5450//10697 5362//10697 5377//10697
f 5451//10698 5436//10698 5378//10698
f 5452//10699 5364//10699 5379//10699
f 5452//10700 5437//10700 5364//10700
f 5453//10701 5438//10701 5383//10701
f 5454//10702 5439//10702 5384//10702
f 5455//10703 5440//10703 5372//10703
f 5455//10704 5456//10704 5442//10704
f 5455//10705 5457//10705 5456//10705
f 5455//10706 5387//10706 5402//10706
f 5455//10707 5442//10707 5440//10707
f 5455//10708 5372//10708 5387//10708
f 5458//10709 5443//10709 5373//10709
f 5458//10710 5373//10710 5388//10710
f 5459//10711 5444//10711 5446//10711
f 5459//10712 5446//10712 5460//10712
f 5459//10713 5460//10713 5461//10713
f 5462//10714 5447//10714 5374//10714
f 5462//10715 5374//10715 5389//10715
f 5462//10716 5389//10716 5404//10716
f 5463//10717 5448//10717 5375//10717
f 5463//10718 5375//10718 5390//10718
f 5464//10719 5449//10719 5376//10719
f 5464//10720 5376//10720 5391//10720
f 5465//10721 5450//10721 5377//10721
f 5465//10722 5377//10722 5392//10722
f 5465//10723 5392//10723 5407//10723
f 5466//10724 5451//10724 5378//10724
f 5466//10725 5378//10725 5393//10725
f 5467//10726 5379//10726 5394//10726
f 5467//10727 5394//10727 5409//10727
f 5467//10728 5452//10728 5379//10728
f 5468//10729 5398//10729 5413//10729
f 5468//10730 5453//10730 5383//10730
f 5468//10731 5383//10731 5398//10731
f 5469//10732 5399//10732 5414//10732
f 5469//10733 5384//10733 5399//10733
f 5469//10734 5454//10734 5384//10734
f 5470//10735 5457//10735 5455//10735
f 5470//10736 5471//10736 5457//10736
f 5470//10737 5472//10737 5471//10737
f 5470//10738 5455//10738 5402//10738
f 5473//10739 5403//10739 5418//10739
f 5473//10740 5458//10740 5388//10740
f 5473//10741 5388//10741 5403//10741
f 5474//10742 5459//10742 5461//10742
f 5474//10743 5461//10743 5475//10743
f 5474//10744 5475//10744 4900//10744
f 5474//10745 4900//10745 4894//10745
f 5476//10746 5462//10746 5404//10746
f 5477//10747 5463//10747 5390//10747
f 5477//10748 5390//10748 5405//10748
f 5478//10749 5406//10749 5421//10749
f 5478//10750 5391//10750 5406//10750
f 5478//10751 5464//10751 5391//10751
f 5479//10752 5465//10752 5407//10752
f 5480//10753 5408//10753 5423//10753
f 5480//10754 5466//10754 5393//10754
f 5480//10755 5393//10755 5408//10755
f 5481//10756 5467//10756 5409//10756
f 5482//10757 5468//10757 5413//10757
f 5483//10758 5414//10758 5429//10758
f 5483//10759 5469//10759 5414//10759
f 5484//10760 5472//10760 5470//10760
f 5484//10761 5402//10761 5417//10761
f 5484//10762 5485//10762 5472//10762
f 5484//10763 5486//10763 5485//10763
f 5484//10764 5470//10764 5402//10764
f 5487//10765 5473//10765 5418//10765
f 5488//10766 5476//10766 5404//10766
f 5488//10767 5404//10767 5419//10767
f 5489//10768 5477//10768 5405//10768
f 5489//10769 5405//10769 5420//10769
f 5490//10770 5478//10770 5421//10770
f 5491//10771 5407//10771 5422//10771
f 5491//10772 5422//10772 5437//10772
f 5491//10773 5479//10773 5407//10773
f 5492//10774 5480//10774 5423//10774
f 5493//10775 5409//10775 5424//10775
f 5493//10776 5481//10776 5409//10776
f 5493//10777 5424//10777 5439//10777
f 5494//10778 5413//10778 5428//10778
f 5494//10779 5482//10779 5413//10779
f 5494//10780 5428//10780 5443//10780
f 5495//10781 5483//10781 5429//10781
f 5496//10782 5486//10782 5484//10782
f 5496//10783 5497//10783 5486//10783
f 5496//10784 5498//10784 5497//10784
f 5496//10785 5417//10785 5432//10785
f 5496//10786 5484//10786 5417//10786
f 5499//10787 5487//10787 5418//10787
f 5499//10788 5418//10788 5433//10788
f 5500//10789 5419//10789 5434//10789
f 5500//10790 5488//10790 5419//10790
f 5501//10791 5420//10791 5435//10791
f 5501//10792 5489//10792 5420//10792
f 5502//10793 5421//10793 5436//10793
f 5502//10794 5436//10794 5451//10794
f 5502//10795 5490//10795 5421//10795
f 5503//10796 5491//10796 5437//10796
f 5504//10797 5423//10797 5438//10797
f 5504//10798 5492//10798 5423//10798
f 5504//10799 5438//10799 5453//10799
f 5505//10800 5493//10800 5439//10800
f 5506//10801 5494//10801 5443//10801
f 5507//10802 5444//10802 5459//10802
f 5507//10803 5495//10803 5429//10803
f 5507//10804 5429//10804 5444//10804
f 5508//10805 5496//10805 5432//10805
f 5508//10806 5498//10806 5496//10806
f 5508//10807 5509//10807 5498//10807
f 5508//10808 5510//10808 5509//10808
f 5508//10809 5447//10809 5462//10809
f 5508//10810 5432//10810 5447//10810
f 5511//10811 5433//10811 5448//10811
f 5511//10812 5499//10812 5433//10812
f 5512//10813 5434//10813 5449//10813
f 5512//10814 5500//10814 5434//10814
f 5513//10815 5501//10815 5435//10815
f 5513//10816 5435//10816 5450//10816
f 5514//10817 5502//10817 5451//10817
f 5515//10818 5437//10818 5452//10818
f 5515//10819 5452//10819 5467//10819
f 5515//10820 5503//10820 5437//10820
f 5516//10821 5504//10821 5453//10821
f 5517//10822 5439//10822 5454//10822
f 5517//10823 5505//10823 5439//10823
f 5518//10824 5458//10824 5473//10824
f 5518//10825 5506//10825 5443//10825
f 5518//10826 5443//10826 5458//10826
f 5519//10827 5507//10827 5459//10827
f 5520//10828 5508//10828 5462//10828
f 5520//10829 5521//10829 5510//10829
f 5520//10830 5522//10830 5521//10830
f 5520//10831 5510//10831 5508//10831
f 5523//10832 5448//10832 5463//10832
f 5523//10833 5511//10833 5448//10833
f 5523//10834 5463//10834 5477//10834
f 5524//10835 5512//10835 5449//10835
f 5524//10836 5449//10836 5464//10836
f 5525//10837 5513//10837 5450//10837
f 5525//10838 5450//10838 5465//10838
f 5526//10839 5514//10839 5451//10839
f 5526//10840 5451//10840 5466//10840
f 5527//10841 5515//10841 5467//10841
f 5527//10842 5467//10842 5481//10842
f 5528//10843 5453//10843 5468//10843
f 5528//10844 5516//10844 5453//10844
f 5528//10845 5468//10845 5482//10845
f 5529//10846 5517//10846 5454//10846
f 5529//10847 5454//10847 5469//10847
f 5530//10848 5518//10848 5473//10848
f 5531//10849 5519//10849 5459//10849
f 5531//10850 4894//10850 4918//10850
f 5531//10851 5459//10851 5474//10851
f 5531//10852 5474//10852 4894//10852
f 5532//10853 5522//10853 5520//10853
f 5532//10854 5462//10854 5476//10854
f 5532//10855 5533//10855 5522//10855
f 5532//10856 5534//10856 5533//10856
f 5532//10857 5476//10857 5488//10857
f 5532//10858 5520//10858 5462//10858
f 5535//10859 5477//10859 5489//10859
f 5535//10860 5523//10860 5477//10860
f 5536//10861 5478//10861 5490//10861
f 5536//10862 5464//10862 5478//10862
f 5536//10863 5524//10863 5464//10863
f 5537//10864 5525//10864 5465//10864
f 5537//10865 5465//10865 5479//10865
f 5538//10866 5466//10866 5480//10866
f 5538//10867 5480//10867 5492//10867
f 5538//10868 5526//10868 5466//10868
f 5539//10869 5527//10869 5481//10869
f 5540//10870 5528//10870 5482//10870
f 5541//10871 5529//10871 5469//10871
f 5541//10872 5469//10872 5483//10872
f 5542//10873 5530//10873 5473//10873
f 5542//10874 5473//10874 5487//10874
f 5542//10875 5487//10875 5499//10875
f 5543//10876 5544//10876 5534//10876
f 5543//10877 5545//10877 5544//10877
f 5543//10878 5534//10878 5532//10878
f 5543//10879 5532//10879 5488//10879
f 5546//10880 5535//10880 5489//10880
f 5547//10881 5536//10881 5490//10881
f 5548//10882 5537//10882 5479//10882
f 5548//10883 5479//10883 5491//10883
f 5549//10884 5538//10884 5492//10884
f 5550//10885 5539//10885 5481//10885
f 5550//10886 5481//10886 5493//10886
f 5551//10887 5540//10887 5482//10887
f 5551//10888 5482//10888 5494//10888
f 5551//10889 5494//10889 5506//10889
f 5552//10890 5483//10890 5495//10890
f 5552//10891 5541//10891 5483//10891
f 5553//10892 5542//10892 5499//10892
f 5554//10893 5488//10893 5500//10893
f 5554//10894 5545//10894 5543//10894
f 5554//10895 5543//10895 5488//10895
f 5554//10896 5555//10896 5545//10896
f 5554//10897 5556//10897 5555//10897
f 5554//10898 5500//10898 5512//10898
f 5557//10899 5489//10899 5501//10899
f 5557//10900 5546//10900 5489//10900
f 5558//10901 5547//10901 5490//10901
f 5558//10902 5490//10902 5502//10902
f 5558//10903 5502//10903 5514//10903
f 5559//10904 5548//10904 5491//10904
f 5559//10905 5491//10905 5503//10905
f 5560//10906 5492//10906 5504//10906
f 5560//10907 5549//10907 5492//10907
f 5561//10908 5493//10908 5505//10908
f 5561//10909 5550//10909 5493//10909
f 5562//10910 5551//10910 5506//10910
f 5563//10911 5552//10911 5495//10911
f 5563//10912 5495//10912 5507//10912
f 5564//10913 5553//10913 5499//10913
f 5564//10914 5499//10914 5511//10914
f 5565//10915 5566//10915 5556//10915
f 5565//10916 5567//10916 5566//10916
f 5565//10917 5556//10917 5554//10917
f 5565//10918 5554//10918 5512//10918
f 5568//10919 5557//10919 5501//10919
f 5568//10920 5501//10920 5513//10920
f 5568//10921 5513//10921 5525//10921
f 5569//10922 5558//10922 5514//10922
f 5570//10923 5503//10923 5515//10923
f 5570//10924 5559//10924 5503//10924
f 5570//10925 5515//10925 5527//10925
f 5571//10926 5504//10926 5516//10926
f 5571//10927 5560//10927 5504//10927
f 5572//10928 5561//10928 5505//10928
f 5572//10929 5505//10929 5517//10929
f 5573//10930 5562//10930 5506//10930
f 5573//10931 5506//10931 5518//10931
f 5573//10932 5518//10932 5530//10932
f 5574//10933 5507//10933 5519//10933
f 5574//10934 5563//10934 5507//10934
f 5575//10935 5511//10935 5523//10935
f 5575//10936 5523//10936 5535//10936
f 5575//10937 5564//10937 5511//10937
f 5576//10938 5567//10938 5565//10938
f 5576//10939 5577//10939 5567//10939
f 5576//10940 5578//10940 5577//10940
f 5576//10941 5512//10941 5524//10941
f 5576//10942 5565//10942 5512//10942
f 5579//10943 5525//10943 5537//10943
f 5579//10944 5568//10944 5525//10944
f 5580//10945 5514//10945 5526//10945
f 5580//10946 5569//10946 5514//10946
f 5581//10947 5570//10947 5527//10947
f 5582//10948 5528//10948 5540//10948
f 5582//10949 5516//10949 5528//10949
f 5582//10950 5571//10950 5516//10950
f 5583//10951 5529//10951 5541//10951
f 5583//10952 5572//10952 5517//10952
f 5583//10953 5517//10953 5529//10953
f 5584//10954 5573//10954 5530//10954
f 5585//10955 5574//10955 5519//10955
f 5585//10956 5531//10956 4918//10956
f 5585//10957 4918//10957 4939//10957
f 5585//10958 5519//10958 5531//10958
f 5586//10959 5575//10959 5535//10959
f 5587//10960 5576//10960 5524//10960
f 5587//10961 5536//10961 5547//10961
f 5587//10962 5578//10962 5576//10962
f 5587//10963 5588//10963 5578//10963
f 5587//10964 5589//10964 5588//10964
f 5587//10965 5524//10965 5536//10965
f 5590//10966 5579//10966 5537//10966
f 5591//10967 5580//10967 5526//10967
f 5591//10968 5538//10968 5549//10968
f 5591//10969 5526//10969 5538//10969
f 5592//10970 5581//10970 5527//10970
f 5592//10971 5527//10971 5539//10971
f 5593//10972 5582//10972 5540//10972
f 5594//10973 5583//10973 5541//10973
f 5594//10974 5541//10974 5552//10974
f 5595//10975 5584//10975 5530//10975
f 5595//10976 5530//10976 5542//10976
f 5595//10977 5542//10977 5553//10977
f 5596//10978 5586//10978 5535//10978
f 5596//10979 5535//10979 5546//10979
f 5597//10980 5587//10980 5547//10980
f 5597//10981 5598//10981 5589//10981
f 5597//10982 5599//10982 5598//10982
f 5597//10983 5589//10983 5587//10983
f 5600//10984 5537//10984 5548//10984
f 5600//10985 5590//10985 5537//10985
f 5600//10986 5548//10986 5559//10986
f 5601//10987 5591//10987 5549//10987
f 5602//10988 5539//10988 5550//10988
f 5602//10989 5592//10989 5539//10989
f 5602//10990 5550//10990 5561//10990
f 5603//10991 5540//10991 5551//10991
f 5603//10992 5551//10992 5562//10992
f 5603//10993 5593//10993 5540//10993
f 5604//10994 5594//10994 5552//10994
f 5605//10995 5595//10995 5553//10995
f 5606//10996 5596//10996 5546//10996
f 5606//10997 5546//10997 5557//10997
f 5607//10998 5547//10998 5558//10998
f 5607//10999 5599//10999 5597//10999
f 5607//11000 5558//11000 5569//11000
f 5607//11001 5608//11001 5599//11001
f 5607//11002 5609//11002 5608//11002
f 5607//11003 5597//11003 5547//11003
f 5610//11004 5600//11004 5559//11004
f 5611//11005 5601//11005 5549//11005
f 5611//11006 5549//11006 5560//11006
f 5612//11007 5602//11007 5561//11007
f 5613//11008 5603//11008 5562//11008
f 5614//11009 5563//11009 5574//11009
f 5614//11010 5552//11010 5563//11010
f 5614//11011 5604//11011 5552//11011
f 5615//11012 5553//11012 5564//11012
f 5615//11013 5605//11013 5553//11013
f 5616//11014 5557//11014 5568//11014
f 5616//11015 5606//11015 5557//11015
f 5617//11016 5618//11016 5609//11016
f 5617//11017 5619//11017 5618//11017
f 5617//11018 5609//11018 5607//11018
f 5617//11019 5607//11019 5569//11019
f 5620//11020 5610//11020 5559//11020
f 5620//11021 5559//11021 5570//11021
f 5621//11022 5560//11022 5571//11022
f 5621//11023 5611//11023 5560//11023
f 5622//11024 5612//11024 5561//11024
f 5622//11025 5561//11025 5572//11025
f 5623//11026 5573//11026 5584//11026
f 5623//11027 5613//11027 5562//11027
f 5623//11028 5562//11028 5573//11028
f 5624//11029 5614//11029 5574//11029
f 5625//11030 5564//11030 5575//11030
f 5625//11031 5615//11031 5564//11031
f 5626//11032 5568//11032 5579//11032
f 5626//11033 5579//11033 5590//11033
f 5626//11034 5616//11034 5568//11034
f 5627//11035 5569//11035 5580//11035
f 5627//11036 5628//11036 5619//11036
f 5627//11037 5629//11037 5628//11037
f 5627//11038 5619//11038 5617//11038
f 5627//11039 5617//11039 5569//11039
f 5630//11040 5620//11040 5570//11040
f 5630//11041 5581//11041 5592//11041
f 5630//11042 5570//11042 5581//11042
f 5631//11043 5621//11043 5571//11043
f 5631//11044 5571//11044 5582//11044
f 5632//11045 5622//11045 5572//11045
f 5632//11046 5572//11046 5583//11046
f 5633//11047 5623//11047 5584//11047
f 5634//11048 5574//11048 5585//11048
f 5634//11049 5624//11049 5574//11049
f 5634//11050 5585//11050 4939//11050
f 5634//11051 4939//11051 4965//11051
f 5635//11052 5586//11052 5596//11052
f 5635//11053 5575//11053 5586//11053
f 5635//11054 5625//11054 5575//11054
f 5636//11055 5626//11055 5590//11055
f 5637//11056 5627//11056 5580//11056
f 5637//11057 5629//11057 5627//11057
f 5637//11058 5591//11058 5601//11058
f 5637//11059 5580//11059 5591//11059
f 5637//11060 5638//11060 5629//11060
f 5637//11061 5639//11061 5638//11061
f 5640//11062 5630//11062 5592//11062
f 5641//11063 5582//11063 5593//11063
f 5641//11064 5631//11064 5582//11064
f 5642//11065 5583//11065 5594//11065
f 5642//11066 5632//11066 5583//11066
f 5642//11067 5594//11067 5604//11067
f 5643//11068 5633//11068 5584//11068
f 5643//11069 5584//11069 5595//11069
f 5643//11070 5595//11070 5605//11070
f 5644//11071 5635//11071 5596//11071
f 5645//11072 5636//11072 5590//11072
f 5645//11073 5590//11073 5600//11073
f 5645//11074 5600//11074 5610//11074
f 5646//11075 5647//11075 5639//11075
f 5646//11076 5648//11076 5647//11076
f 5646//11077 5637//11077 5601//11077
f 5646//11078 5639//11078 5637//11078
f 5649//11079 5592//11079 5602//11079
f 5649//11080 5640//11080 5592//11080
f 5650//11081 5593//11081 5603//11081
f 5650//11082 5641//11082 5593//11082
f 5651//11083 5642//11083 5604//11083
f 5652//11084 5643//11084 5605//11084
f 5653//11085 5606//11085 5616//11085
f 5653//11086 5644//11086 5596//11086
f 5653//11087 5596//11087 5606//11087
f 5654//11088 5645//11088 5610//11088
f 5655//11089 5646//11089 5601//11089
f 5655//11090 5601//11090 5611//11090
f 5655//11091 5656//11091 5648//11091
f 5655//11092 5657//11092 5656//11092
f 5655//11093 5648//11093 5646//11093
f 5655//11094 5611//11094 5621//11094
f 5658//11095 5649//11095 5602//11095
f 5658//11096 5602//11096 5612//11096
f 5658//11097 5612//11097 5622//11097
f 5659//11098 5650//11098 5603//11098
f 5659//11099 5603//11099 5613//11099
f 5660//11100 5604//11100 5614//11100
f 5660//11101 5651//11101 5604//11101
f 5661//11102 5652//11102 5605//11102
f 5661//11103 5605//11103 5615//11103
f 5662//11104 5616//11104 5626//11104
f 5662//11105 5653//11105 5616//11105
f 5663//11106 5654//11106 5610//11106
f 5663//11107 5610//11107 5620//11107
f 5664//11108 5655//11108 5621//11108
f 5664//11109 5657//11109 5655//11109
f 5664//11110 5665//11110 5657//11110
f 5664//11111 5666//11111 5665//11111
f 5667//11112 5658//11112 5622//11112
f 5668//11113 5613//11113 5623//11113
f 5668//11114 5659//11114 5613//11114
f 5669//11115 5614//11115 5624//11115
f 5669//11116 5660//11116 5614//11116
f 5670//11117 5661//11117 5615//11117
f 5670//11118 5625//11118 5635//11118
f 5670//11119 5615//11119 5625//11119
f 5671//11120 5662//11120 5626//11120
f 5672//11121 5630//11121 5640//11121
f 5672//11122 5620//11122 5630//11122
f 5672//11123 5663//11123 5620//11123
f 5673//11124 5666//11124 5664//11124
f 5673//11125 5664//11125 5621//11125
f 5673//11126 5621//11126 5631//11126
f 5673//11127 5674//11127 5666//11127
f 5673//11128 5675//11128 5674//11128
f 5673//11129 5631//11129 5641//11129
f 5676//11130 5667//11130 5622//11130
f 5676//11131 5622//11131 5632//11131
f 5677//11132 5623//11132 5633//11132
f 5677//11133 5668//11133 5623//11133
f 5678//11134 5669//11134 5624//11134
f 5678//11135 5624//11135 5634//11135
f 5678//11136 5634//11136 4965//11136
f 5678//11137 4965//11137 4996//11137
f 5679//11138 5670//11138 5635//11138
f 5680//11139 5636//11139 5645//11139
f 5680//11140 5626//11140 5636//11140
f 5680//11141 5671//11141 5626//11141
f 5681//11142 5672//11142 5640//11142
f 5682//11143 5675//11143 5673//11143
f 5682//11144 5673//11144 5641//11144
f 5682//11145 5683//11145 5675//11145
f 5682//11146 5684//11146 5683//11146
f 5685//11147 5676//11147 5632//11147
f 5685//11148 5632//11148 5642//11148
f 5685//11149 5642//11149 5651//11149
f 5686//11150 5633//11150 5643//11150
f 5686//11151 5677//11151 5633//11151
f 5687//11152 5679//11152 5635//11152
f 5687//11153 5635//11153 5644//11153
f 5687//11154 5644//11154 5653//11154
f 5688//11155 5680//11155 5645//11155
f 5689//11156 5640//11156 5649//11156
f 5689//11157 5681//11157 5640//11157
f 5690//11158 5682//11158 5641//11158
f 5690//11159 5684//11159 5682//11159
f 5690//11160 5650//11160 5659//11160
f 5690//11161 5691//11161 5684//11161
f 5690//11162 5692//11162 5691//11162
f 5690//11163 5641//11163 5650//11163
f 5693//11164 5685//11164 5651//11164
f 5694//11165 5686//11165 5643//11165
f 5694//11166 5643//11166 5652//11166
f 5695//11167 5687//11167 5653//11167
f 5696//11168 5645//11168 5654//11168
f 5696//11169 5688//11169 5645//11169
f 5697//11170 5649//11170 5658//11170
f 5697//11171 5658//11171 5667//11171
f 5697//11172 5689//11172 5649//11172
f 5698//11173 5690//11173 5659//11173
f 5698//11174 5692//11174 5690//11174
f 5698//11175 5699//11175 5692//11175
f 5698//11176 5700//11176 5699//11176
f 5701//11177 5651//11177 5660//11177
f 5701//11178 5693//11178 5651//11178
f 5702//11179 5652//11179 5661//11179
f 5702//11180 5694//11180 5652//11180
f 5703//11181 5653//11181 5662//11181
f 5703//11182 5695//11182 5653//11182
f 5704//11183 5654//11183 5663//11183
f 5704//11184 5663//11184 5672//11184
f 5704//11185 5696//11185 5654//11185
f 5705//11186 5697//11186 5667//11186
f 5706//11187 5698//11187 5659//11187
f 5706//11188 5700//11188 5698//11188
f 5706//11189 5659//11189 5668//11189
f 5706//11190 5707//11190 5700//11190
f 5706//11191 5708//11191 5707//11191
f 5709//11192 5660//11192 5669//11192
f 5709//11193 5701//11193 5660//11193
f 5709//11194 5669//11194 5678//11194
f 5710//11195 5661//11195 5670//11195
f 5710//11196 5670//11196 5679//11196
f 5710//11197 5702//11197 5661//11197
f 5711//11198 5662//11198 5671//11198
f 5711//11199 5703//11199 5662//11199
f 5711//11200 5671//11200 5680//11200
f 5712//11201 5704//11201 5672//11201
f 5713//11202 5705//11202 5667//11202
f 5713//11203 5676//11203 5685//11203
f 5713//11204 5667//11204 5676//11204
f 5714//11205 5668//11205 5677//11205
f 5714//11206 5706//11206 5668//11206
f 5714//11207 5715//11207 5708//11207
f 5714//11208 5716//11208 5715//11208
f 5714//11209 5708//11209 5706//11209
f 5717//11210 5709//11210 5678//11210
f 5717//11211 5678//11211 4996//11211
f 5717//11212 4996//11212 5029//11212
f 5718//11213 5710//11213 5679//11213
f 5719//11214 5711//11214 5680//11214
f 5720//11215 5712//11215 5672//11215
f 5720//11216 5672//11216 5681//11216
f 5721//11217 5713//11217 5685//11217
f 5722//11218 5677//11218 5686//11218
f 5722//11219 5714//11219 5677//11219
f 5722//11220 5716//11220 5714//11220
f 5722//11221 5723//11221 5716//11221
f 5722//11222 5724//11222 5723//11222
f 5725//11223 5718//11223 5679//11223
f 5725//11224 5679//11224 5687//11224
f 5726//11225 5688//11225 5696//11225
f 5726//11226 5680//11226 5688//11226
f 5726//11227 5719//11227 5680//11227
f 5727//11228 5720//11228 5681//11228
f 5727//11229 5681//11229 5689//11229
f 5728//11230 5721//11230 5685//11230
f 5728//11231 5685//11231 5693//11231
f 5729//11232 5724//11232 5722//11232
f 5729//11233 5722//11233 5686//11233
f 5729//11234 5730//11234 5724//11234
f 5729//11235 5731//11235 5730//11235
f 5729//11236 5686//11236 5694//11236
f 5732//11237 5725//11237 5687//11237
f 5732//11238 5687//11238 5695//11238
f 5733//11239 5726//11239 5696//11239
f 5734//11240 5697//11240 5705//11240
f 5734//11241 5727//11241 5689//11241
f 5734//11242 5689//11242 5697//11242
f 5735//11243 5701//11243 5709//11243
f 5735//11244 5728//11244 5693//11244
f 5735//11245 5693//11245 5701//11245
f 5736//11246 5731//11246 5729//11246
f 5736//11247 5729//11247 5694//11247
f 5736//11248 5737//11248 5731//11248
f 5736//11249 5738//11249 5737//11249
f 5736//11250 5694//11250 5702//11250
f 5739//11251 5695//11251 5703//11251
f 5739//11252 5703//11252 5711//11252
f 5739//11253 5732//11253 5695//11253
f 5740//11254 5696//11254 5704//11254
f 5740//11255 5733//11255 5696//11255
f 5741//11256 5734//11256 5705//11256
f 5741//11257 5705//11257 5713//11257
f 5742//11258 5735//11258 5709//11258
f 5743//11259 5702//11259 5710//11259
f 5743//11260 5738//11260 5736//11260
f 5743//11261 5736//11261 5702//11261
f 5743//11262 5744//11262 5738//11262
f 5743//11263 5745//11263 5744//11263
f 5746//11264 5739//11264 5711//11264
f 5747//11265 5712//11265 5720//11265
f 5747//11266 5740//11266 5704//11266
f 5747//11267 5704//11267 5712//11267
f 5748//11268 5741//11268 5713//11268
f 5749//11269 5709//11269 5717//11269
f 5749//11270 5717//11270 5029//11270
f 5749//11271 5742//11271 5709//11271
f 5749//11272 5029//11272 5069//11272
f 5750//11273 5710//11273 5718//11273
f 5750//11274 5743//11274 5710//11274
f 5750//11275 5718//11275 5725//11275
f 5750//11276 5745//11276 5743//11276
f 5750//11277 5751//11277 5745//11277
f 5750//11278 5752//11278 5751//11278
f 5753//11279 5711//11279 5719//11279
f 5753//11280 5746//11280 5711//11280
f 5753//11281 5719//11281 5726//11281
f 5754//11282 5747//11282 5720//11282
f 5755//11283 5748//11283 5713//11283
f 5755//11284 5721//11284 5728//11284
f 5755//11285 5713//11285 5721//11285
f 5756//11286 5750//11286 5725//11286
f 5756//11287 5752//11287 5750//11287
f 5756//11288 5757//11288 5752//11288
f 5756//11289 5758//11289 5757//11289
f 5759//11290 5753//11290 5726//11290
f 5760//11291 5720//11291 5727//11291
f 5760//11292 5754//11292 5720//11292
f 5761//11293 5755//11293 5728//11293
f 5762//11294 5756//11294 5725//11294
f 5762//11295 5758//11295 5756//11295
f 5762//11296 5725//11296 5732//11296
f 5762//11297 5763//11297 5758//11297
f 5762//11298 5764//11298 5763//11298
f 5765//11299 5726//11299 5733//11299
f 5765//11300 5759//11300 5726//11300
f 5766//11301 5760//11301 5727//11301
f 5766//11302 5727//11302 5734//11302
f 5767//11303 5761//11303 5728//11303
f 5767//11304 5728//11304 5735//11304
f 5768//11305 5764//11305 5762//11305
f 5768//11306 5762//11306 5732//11306
f 5768//11307 5732//11307 5739//11307
f 5768//11308 5769//11308 5764//11308
f 5768//11309 5770//11309 5769//11309
f 5771//11310 5733//11310 5740//11310
f 5771//11311 5765//11311 5733//11311
f 5772//11312 5766//11312 5734//11312
f 5772//11313 5734//11313 5741//11313
f 5773//11314 5735//11314 5742//11314
f 5773//11315 5742//11315 5749//11315
f 5773//11316 5767//11316 5735//11316
f 5774//11317 5768//11317 5739//11317
f 5774//11318 5746//11318 5753//11318
f 5774//11319 5770//11319 5768//11319
f 5774//11320 5739//11320 5746//11320
f 5774//11321 5775//11321 5770//11321
f 5774//11322 5776//11322 5775//11322
f 5777//11323 5771//11323 5740//11323
f 5777//11324 5740//11324 5747//11324
f 5777//11325 5747//11325 5754//11325
f 5778//11326 5741//11326 5748//11326
f 5778//11327 5772//11327 5741//11327
f 5779//11328 5749//11328 5069//11328
f 5779//11329 5773//11329 5749//11329
f 5779//11330 5069//11330 5114//11330
f 5780//11331 5774//11331 5753//11331
f 5780//11332 5776//11332 5774//11332
f 5780//11333 5753//11333 5759//11333
f 5780//11334 5781//11334 5776//11334
f 5780//11335 5782//11335 5781//11335
f 5783//11336 5777//11336 5754//11336
f 5784//11337 5748//11337 5755//11337
f 5784//11338 5778//11338 5748//11338
f 5785//11339 5780//11339 5759//11339
f 5785//11340 5782//11340 5780//11340
f 5785//11341 5786//11341 5782//11341
f 5785//11342 5787//11342 5786//11342
f 5788//11343 5754//11343 5760//11343
f 5788//11344 5783//11344 5754//11344
f 5789//11345 5755//11345 5761//11345
f 5789//11346 5784//11346 5755//11346
f 5790//11347 5791//11347 5792//11347
f 5790//11348 5759//11348 5765//11348
f 5790//11349 5785//11349 5759//11349
f 5790//11350 5787//11350 5785//11350
f 5790//11351 5792//11351 5787//11351
f 5793//11352 5760//11352 5766//11352
f 5793//11353 5788//11353 5760//11353
f 5793//11354 5766//11354 5772//11354
f 5794//11355 5761//11355 5767//11355
f 5794//11356 5789//11356 5761//11356
f 5794//11357 5767//11357 5773//11357
f 5795//11358 5796//11358 5791//11358
f 5795//11359 5797//11359 5796//11359
f 5795//11360 5791//11360 5790//11360
f 5795//11361 5790//11361 5765//11361
f 5795//11362 5771//11362 5777//11362
f 5795//11363 5765//11363 5771//11363
f 5798//11364 5793//11364 5772//11364
f 5799//11365 5794//11365 5773//11365
f 5800//11366 5801//11366 5797//11366
f 5800//11367 5802//11367 5801//11367
f 5800//11368 5797//11368 5795//11368
f 5800//11369 5795//11369 5777//11369
f 5803//11370 5798//11370 5772//11370
f 5803//11371 5772//11371 5778//11371
f 5804//11372 5799//11372 5773//11372
f 5804//11373 5114//11373 5115//11373
f 5804//11374 5773//11374 5779//11374
f 5804//11375 5779//11375 5114//11375
f 5805//11376 5777//11376 5783//11376
f 5805//11377 5806//11377 5802//11377
f 5805//11378 5807//11378 5806//11378
f 5805//11379 5802//11379 5800//11379
f 5805//11380 5800//11380 5777//11380
f 5808//11381 5778//11381 5784//11381
f 5808//11382 5803//11382 5778//11382
f 5808//11383 5784//11383 5789//11383
f 5809//11384 5805//11384 5783//11384
f 5809//11385 5810//11385 5807//11385
f 5809//11386 5811//11386 5810//11386
f 5809//11387 5807//11387 5805//11387
f 5809//11388 5783//11388 5788//11388
f 5812//11389 5808//11389 5789//11389
f 5813//11390 5814//11390 5811//11390
f 5813//11391 5815//11391 5814//11391
f 5813//11392 5811//11392 5809//11392
f 5813//11393 5809//11393 5788//11393
f 5813//11394 5788//11394 5793//11394
f 5813//11395 5793//11395 5798//11395
f 5816//11396 5812//11396 5789//11396
f 5816//11397 5789//11397 5794//11397
f 5817//11398 5818//11398 5815//11398
f 5817//11399 5819//11399 5818//11399
f 5817//11400 5813//11400 5798//11400
f 5817//11401 5815//11401 5813//11401
f 5820//11402 5794//11402 5799//11402
f 5820//11403 5816//11403 5794//11403
f 5821//11404 5822//11404 5819//11404
f 5821//11405 5798//11405 5803//11405
f 5821//11406 5823//11406 5822//11406
f 5821//11407 5819//11407 5817//11407
f 5821//11408 5817//11408 5798//11408
f 5824//11409 5820//11409 5799//11409
f 5824//11410 5799//11410 5804//11410
f 5824//11411 5804//11411 5115//11411
f 5824//11412 5115//11412 5219//11412
f 5825//11413 5821//11413 5803//11413
f 5825//11414 5826//11414 5823//11414
f 5825//11415 5827//11415 5826//11415
f 5825//11416 5803//11416 5808//11416
f 5825//11417 5808//11417 5812//11417
f 5825//11418 5823//11418 5821//11418
f 5828//11419 5829//11419 5827//11419
f 5828//11420 5830//11420 5829//11420
f 5828//11421 5825//11421 5812//11421
f 5828//11422 5827//11422 5825//11422
f 5831//11423 5832//11423 5830//11423
f 5831//11424 5833//11424 5832//11424
f 5831//11425 5830//11425 5828//11425
f 5831//11426 5812//11426 5816//11426
f 5831//11427 5828//11427 5812//11427
f 5834//11428 5835//11428 5833//11428
f 5834//11429 5836//11429 5835//11429
f 5834//11430 5816//11430 5820//11430
f 5834//11431 5833//11431 5831//11431
f 5834//11432 5820//11432 5824//11432
f 5834//11433 5831//11433 5816//11433
f 5837//11434 4899//11434 4901//11434
f 5837//11435 5838//11435 5836//11435
f 5837//11436 4901//11436 5838//11436
f 5837//11437 5824//11437 5219//11437
f 5837//11438 5834//11438 5824//11438
f 5837//11439 5219//11439 4899//11439
f 5837//11440 5836//11440 5834//11440
f 5396//11441 5397//11441 5411//11441
f 5366//11442 5337//11442 5351//11442
f 5366//11443 5351//11443 5352//11443
f 5366//11444 5322//11444 5337//11444
f 5382//11445 5396//11445 5411//11445
f 5381//11446 5792//11446 5791//11446
f 5381//11447 5472//11447 5486//11447
f 5381//11448 5811//11448 5819//11448
f 5381//11449 5366//11449 5367//11449
f 5381//11450 5412//11450 5427//11450
f 5381//11451 5411//11451 5412//11451
f 5381//11452 5618//11452 5628//11452
f 5381//11453 5427//11453 5457//11453
f 5381//11454 5533//11454 5555//11454
f 5381//11455 5457//11455 5471//11455
f 5381//11456 5471//11456 5472//11456
f 5381//11457 5486//11457 5497//11457
f 5381//11458 5497//11458 5498//11458
f 5381//11459 5827//11459 5838//11459
f 5381//11460 5498//11460 5509//11460
f 5381//11461 5509//11461 5510//11461
f 5381//11462 5510//11462 5521//11462
f 5381//11463 5382//11463 5411//11463
f 5381//11464 5521//11464 5522//11464
f 5381//11465 5522//11465 5533//11465
f 5381//11466 5555//11466 5556//11466
f 5381//11467 5556//11467 5566//11467
f 5381//11468 5806//11468 5811//11468
f 5381//11469 5608//11469 5618//11469
f 5381//11470 5599//11470 5608//11470
f 5381//11471 5566//11471 5588//11471
f 5381//11472 5628//11472 5629//11472
f 5381//11473 5629//11473 5638//11473
f 5381//11474 5838//11474 5276//11474
f 5381//11475 5638//11475 5639//11475
f 5381//11476 5639//11476 5647//11476
f 5381//11477 5647//11477 5648//11477
f 5381//11478 5648//11478 5656//11478
f 5381//11479 5656//11479 5657//11479
f 5381//11480 5657//11480 5665//11480
f 5381//11481 5665//11481 5666//11481
f 5381//11482 5291//11482 5322//11482
f 5381//11483 5666//11483 5674//11483
f 5381//11484 5276//11484 5291//11484
f 5381//11485 5674//11485 5675//11485
f 5381//11486 5322//11486 5366//11486
f 5381//11487 5675//11487 5683//11487
f 5381//11488 5683//11488 5684//11488
f 5381//11489 5684//11489 5691//11489
f 5381//11490 5691//11490 5692//11490
f 5381//11491 5692//11491 5699//11491
f 5381//11492 5699//11492 5700//11492
f 5381//11493 5700//11493 5707//11493
f 5381//11494 5707//11494 5708//11494
f 5381//11495 5708//11495 5715//11495
f 5381//11496 5715//11496 5716//11496
f 5381//11497 5819//11497 5827//11497
f 5381//11498 5716//11498 5723//11498
f 5381//11499 5723//11499 5724//11499
f 5381//11500 5724//11500 5730//11500
f 5381//11501 5730//11501 5731//11501
f 5381//11502 5731//11502 5737//11502
f 5381//11503 5588//11503 5599//11503
f 5381//11504 5737//11504 5738//11504
f 5381//11505 5791//11505 5806//11505
f 5381//11506 5738//11506 5744//11506
f 5381//11507 5744//11507 5745//11507
f 5381//11508 5745//11508 5751//11508
f 5381//11509 5751//11509 5752//11509
f 5381//11510 5752//11510 5757//11510
f 5381//11511 5757//11511 5758//11511
f 5381//11512 5758//11512 5763//11512
f 5381//11513 5763//11513 5764//11513
f 5381//11514 5764//11514 5769//11514
f 5381//11515 5769//11515 5770//11515
f 5381//11516 5770//11516 5775//11516
f 5381//11517 5775//11517 5776//11517
f 5381//11518 5776//11518 5781//11518
f 5381//11519 5781//11519 5782//11519
f 5381//11520 5782//11520 5786//11520
f 5381//11521 5786//11521 5787//11521
f 5381//11522 5787//11522 5792//11522
f 5618//11523 5619//11523 5628//11523
f 5801//11524 5796//11524 5797//11524
f 5608//11525 5609//11525 5618//11525
f 5806//11526 5791//11526 5796//11526
f 5806//11527 5801//11527 5802//11527
f 5806//11528 5796//11528 5801//11528
f 5589//11529 5598//11529 5599//11529
f 5811//11530 5806//11530 5807//11530
f 5811//11531 5807//11531 5810//11531
f 5588//11532 5589//11532 5599//11532
f 5815//11533 5811//11533 5814//11533
f 5818//11534 5811//11534 5815//11534
f 5567//11535 5577//11535 5578//11535
f 5819//11536 5811//11536 5818//11536
f 5566//11537 5578//11537 5588//11537
f 5566//11538 5567//11538 5578//11538
f 5827//11539 5819//11539 5822//11539
f 5827//11540 5822//11540 5823//11540
f 5827//11541 5823//11541 5826//11541
f 5534//11542 5544//11542 5545//11542
f 5534//11543 5545//11543 5555//11543
f 5830//11544 5827//11544 5829//11544
f 5533//11545 5534//11545 5555//11545
f 5832//11546 5827//11546 5830//11546
f 5835//11547 5832//11547 5833//11547
f 5838//11548 5827//11548 5832//11548
f 5838//11549 5835//11549 5836//11549
f 5838//11550 5832//11550 5835//11550
f 4897//11551 5838//11551 4901//11551
f 4897//11552 4901//11552 4898//11552
f 5276//11553 5838//11553 4897//11553
f 5472//11554 5485//11554 5486//11554
f 5291//11555 5276//11555 5277//11555
f 5306//11556 5291//11556 5292//11556
f 5321//11557 5306//11557 5307//11557
f 5321//11558 5291//11558 5306//11558
f 5427//11559 5441//11559 5442//11559
f 5427//11560 5442//11560 5456//11560
f 5427//11561 5456//11561 5457//11561
f 5322//11562 5291//11562 5321//11562
f 5412//11563 5426//11563 5427//11563
f 5337//11564 5322//11564 5336//11564
f 5162//11565 5184//11565 5172//11565
f 5172//11566 5184//11566 5173//11566
f 5173//11567 5184//11567 5183//11567
f 5142//11568 5141//11568 5151//11568
f 5151//11569 5141//11569 5152//11569
f 5152//11570 5141//11570 5161//11570
f 5161//11571 5141//11571 5162//11571
f 5184//11572 5195//11572 5194//11572
f 5132//11573 5131//11573 5141//11573
f 5195//11574 5216//11574 5205//11574
f 5205//11575 5216//11575 5206//11575
f 5110//11576 5109//11576 5121//11576
f 5121//11577 5109//11577 5122//11577
f 5101//11578 5100//11578 5109//11578
f 5216//11579 5241//11579 5217//11579
f 5217//11580 5241//11580 5229//11580
f 5229//11581 5241//11581 5230//11581
f 5092//11582 5091//11582 5100//11582
f 5184//11583 5253//11583 5195//11583
f 5195//11584 5253//11584 5216//11584
f 5216//11585 5253//11585 5241//11585
f 5241//11586 5253//11586 5242//11586
f 5074//11587 5073//11587 5082//11587
f 5082//11588 5073//11588 5083//11588
f 5083//11589 5073//11589 5091//11589
f 5265//11590 5280//11590 5266//11590
f 5265//11591 5281//11591 5280//11591
f 5265//11592 5295//11592 5281//11592
f 5055//11593 5048//11593 5056//11593
f 5295//11594 5311//11594 5296//11594
f 5296//11595 5311//11595 5310//11595
f 5265//11596 5311//11596 5295//11596
f 5253//11597 5311//11597 5254//11597
f 5254//11598 5311//11598 5265//11598
f 5048//11599 5047//11599 5056//11599
f 5047//11600 5040//11600 5056//11600
f 5056//11601 5040//11601 5063//11601
f 5063//11602 5040//11602 5064//11602
f 5064//11603 5040//11603 5073//11603
f 5311//11604 5326//11604 5325//11604
f 5311//11605 5340//11605 5326//11605
f 5039//11606 5032//11606 5040//11606
f 5032//11607 5022//11607 5040//11607
f 5023//11608 5022//11608 5031//11608
f 5031//11609 5022//11609 5032//11609
f 5340//11610 5016//11610 5341//11610
f 5040//11611 5016//11611 5073//11611
f 5253//11612 5016//11612 5311//11612
f 5311//11613 5016//11613 5340//11613
f 5141//11614 5016//11614 5162//11614
f 5162//11615 5016//11615 5184//11615
f 5022//11616 5016//11616 5040//11616
f 5131//11617 5016//11617 5141//11617
f 5091//11618 5016//11618 5100//11618
f 5122//11619 5016//11619 5131//11619
f 5109//11620 5016//11620 5122//11620
f 5100//11621 5016//11621 5109//11621
f 5184//11622 5016//11622 5253//11622
f 5073//11623 5016//11623 5091//11623
f 5341//11624 5371//11624 5355//11624
f 5355//11625 5371//11625 5356//11625
f 5356//11626 5371//11626 5370//11626
f 5009//11627 5008//11627 5015//11627
f 5371//11628 5400//11628 5385//11628
f 5385//11629 5400//11629 5386//11629
f 5341//11630 5401//11630 5371//11630
f 5371//11631 5401//11631 5400//11631
f 5001//11632 4994//11632 5002//11632
f 5002//11633 4994//11633 5008//11633
f 5401//11634 5416//11634 5415//11634
f 5341//11635 5430//11635 5401//11635
f 5401//11636 5430//11636 5416//11636
f 4993//11637 4988//11637 4994//11637
f 5015//11638 4987//11638 5016//11638
f 5008//11639 4987//11639 5015//11639
f 4994//11640 4987//11640 5008//11640
f 4988//11641 4987//11641 4994//11641
f 4987//11642 4982//11642 5016//11642
f 5431//11643 5446//11643 5445//11643
f 5430//11644 5460//11644 5431//11644
f 5431//11645 5460//11645 5446//11645
f 5461//11646 4900//11646 5475//11646
f 4970//11647 4969//11647 4975//11647
f 4975//11648 4969//11648 4976//11648
f 4976//11649 4969//11649 4981//11649
f 5461//11650 4895//11650 4900//11650
f 5461//11651 4896//11651 4895//11651
f 4896//11652 4904//11652 4903//11652
f 5461//11653 4904//11653 4896//11653
f 4969//11654 4957//11654 4981//11654
f 4958//11655 4957//11655 4962//11655
f 4962//11656 4957//11656 4963//11656
f 4963//11657 4957//11657 4969//11657
f 5461//11658 4906//11658 4904//11658
f 5460//11659 4906//11659 5461//11659
f 4953//11660 4952//11660 4957//11660
f 4957//11661 4948//11661 4981//11661
f 4952//11662 4948//11662 4957//11662
f 4981//11663 4948//11663 4982//11663
f 4982//11664 4948//11664 5016//11664
f 4906//11665 4910//11665 4907//11665
f 4907//11666 4910//11666 4909//11666
f 5460//11667 4910//11667 4906//11667
f 4947//11668 4943//11668 4948//11668
f 4943//11669 4942//11669 4948//11669
f 4912//11670 4915//11670 4913//11670
f 4942//11671 4937//11671 4948//11671
f 4910//11672 4916//11672 4912//11672
f 4912//11673 4916//11673 4915//11673
f 4916//11674 4921//11674 4920//11674
f 4933//11675 4932//11675 4936//11675
f 4936//11676 4932//11676 4937//11676
f 4937//11677 4932//11677 4948//11677
f 4921//11678 4925//11678 4924//11678
f 4929//11679 4928//11679 4932//11679
f 5460//11680 4928//11680 4910//11680
f 4948//11681 4928//11681 5016//11681
f 4910//11682 4928//11682 4916//11682
f 5016//11683 4928//11683 5341//11683
f 4916//11684 4928//11684 4921//11684
f 4932//11685 4928//11685 4948//11685
f 4921//11686 4928//11686 4925//11686
f 5341//11687 4928//11687 5430//11687
f 5430//11688 4928//11688 5460//11688
f 5839//11689 5840//11689 5841//11689
f 5841//11690 5840//11690 5842//11690
f 5843//11691 5844//11691 5845//11691
f 5843//11692 5845//11692 5846//11692
f 5844//11693 5843//11693 5839//11693
f 5839//11694 5843//11694 5840//11694
f 5846//11695 5845//11695 5841//11695
f 5846//11696 5841//11696 5842//11696
f 5841//11697 5845//11697 5839//11697
f 5839//11698 5845//11698 5844//11698
f 5846//11699 5842//11699 5840//11699
f 5846//11700 5840//11700 5843//11700
f 5847//11701 5848//11701 5849//11701
f 5849//11702 5848//11702 5850//11702
f 5851//11703 5852//11703 5853//11703
f 5851//11704 5853//11704 5854//11704
f 5852//11705 5851//11705 5847//11705
f 5847//11706 5851//11706 5848//11706
f 5854//11707 5853//11707 5849//11707
f 5854//11708 5849//11708 5850//11708
f 5849//11709 5852//11709 5847//11709
f 5849//11710 5853//11710 5852//11710
f 5851//11711 5850//11711 5848//11711
f 5854//11712 5850//11712 5851//11712
