ISO-10303-21;
HEADER;
FILE_DESCRIPTION(('FreeCAD Model'),'2;1');
FILE_NAME('Open CASCADE Shape Model','2026-07-16T22:22:43',('FreeCAD'),(
    'FreeCAD'),'Open CASCADE STEP processor 7.8','FreeCAD','Unknown');
FILE_SCHEMA(('AUTOMOTIVE_DESIGN { 1 0 10303 214 1 1 1 1 }'));
ENDSEC;
DATA;
#1 = APPLICATION_PROTOCOL_DEFINITION('international standard',
  'automotive_design',2000,#2);
#2 = APPLICATION_CONTEXT(
  'core data for automotive mechanical design processes');
#3 = SHAPE_DEFINITION_REPRESENTATION(#4,#10);
#4 = PRODUCT_DEFINITION_SHAPE('','',#5);
#5 = PRODUCT_DEFINITION('design','',#6,#9);
#6 = PRODUCT_DEFINITION_FORMATION('','',#7);
#7 = PRODUCT('Open CASCADE STEP translator 7.8 1',
  'Open CASCADE STEP translator 7.8 1','',(#8));
#8 = PRODUCT_CONTEXT('',#2,'mechanical');
#9 = PRODUCT_DEFINITION_CONTEXT('part definition',#2,'design');
#10 = SHAPE_REPRESENTATION('',(#11,#15,#2313,#2366,#2419,#2472,#2525,
    #2578,#2631,#2781),#2931);
#11 = AXIS2_PLACEMENT_3D('',#12,#13,#14);
#12 = CARTESIAN_POINT('',(0.,0.,0.));
#13 = DIRECTION('',(0.,0.,1.));
#14 = DIRECTION('',(1.,0.,-0.));
#15 = MANIFOLD_SOLID_BREP('',#16);
#16 = CLOSED_SHELL('',(#17,#57,#120,#274,#333,#479,#537,#646,#670,#779,
    #796,#838,#855,#906,#948,#965,#1016,#1058,#1075,#1126,#1168,#1185,
    #1236,#1278,#1295,#1316,#1396,#1420,#1493,#1524,#1548,#1572,#1589,
    #1606,#1659,#1676,#1729,#1746,#1799,#1816,#1869,#1886,#1934,#1946,
    #1958,#1970,#1982,#1999,#2036,#2078,#2120,#2137,#2159,#2206,#2223,
    #2265,#2277,#2289,#2301));
#17 = ADVANCED_FACE('',(#18),#52,.F.);
#18 = FACE_BOUND('',#19,.F.);
#19 = EDGE_LOOP('',(#20,#30,#38,#46));
#20 = ORIENTED_EDGE('',*,*,#21,.F.);
#21 = EDGE_CURVE('',#22,#24,#26,.T.);
#22 = VERTEX_POINT('',#23);
#23 = CARTESIAN_POINT('',(-36.,-9.014718625761,87.5));
#24 = VERTEX_POINT('',#25);
#25 = CARTESIAN_POINT('',(-36.,9.014718625761,87.5));
#26 = LINE('',#27,#28);
#27 = CARTESIAN_POINT('',(-36.,-17.5,87.5));
#28 = VECTOR('',#29,1.);
#29 = DIRECTION('',(-0.,1.,0.));
#30 = ORIENTED_EDGE('',*,*,#31,.F.);
#31 = EDGE_CURVE('',#32,#22,#34,.T.);
#32 = VERTEX_POINT('',#33);
#33 = CARTESIAN_POINT('',(-36.,-9.014718625761,32.828427124746));
#34 = LINE('',#35,#36);
#35 = CARTESIAN_POINT('',(-36.,-9.014718625761,-92.5));
#36 = VECTOR('',#37,1.);
#37 = DIRECTION('',(0.,0.,1.));
#38 = ORIENTED_EDGE('',*,*,#39,.F.);
#39 = EDGE_CURVE('',#40,#32,#42,.T.);
#40 = VERTEX_POINT('',#41);
#41 = CARTESIAN_POINT('',(-36.,9.014718625761,32.828427124746));
#42 = LINE('',#43,#44);
#43 = CARTESIAN_POINT('',(-36.,18.5,32.828427124746));
#44 = VECTOR('',#45,1.);
#45 = DIRECTION('',(0.,-1.,1.110223024625E-16));
#46 = ORIENTED_EDGE('',*,*,#47,.T.);
#47 = EDGE_CURVE('',#40,#24,#48,.T.);
#48 = LINE('',#49,#50);
#49 = CARTESIAN_POINT('',(-36.,9.014718625761,-92.5));
#50 = VECTOR('',#51,1.);
#51 = DIRECTION('',(0.,0.,1.));
#52 = PLANE('',#53);
#53 = AXIS2_PLACEMENT_3D('',#54,#55,#56);
#54 = CARTESIAN_POINT('',(-36.,-17.5,-87.5));
#55 = DIRECTION('',(1.,0.,-0.));
#56 = DIRECTION('',(0.,0.,1.));
#57 = ADVANCED_FACE('',(#58),#115,.T.);
#58 = FACE_BOUND('',#59,.T.);
#59 = EDGE_LOOP('',(#60,#61,#69,#77,#85,#93,#101,#109));
#60 = ORIENTED_EDGE('',*,*,#21,.F.);
#61 = ORIENTED_EDGE('',*,*,#62,.F.);
#62 = EDGE_CURVE('',#63,#22,#65,.T.);
#63 = VERTEX_POINT('',#64);
#64 = CARTESIAN_POINT('',(-27.51471862576,-17.5,87.5));
#65 = LINE('',#66,#67);
#66 = CARTESIAN_POINT('',(-29.63603896932,-15.37867965644,87.5));
#67 = VECTOR('',#68,1.);
#68 = DIRECTION('',(-0.707106781187,0.707106781187,0.));
#69 = ORIENTED_EDGE('',*,*,#70,.T.);
#70 = EDGE_CURVE('',#63,#71,#73,.T.);
#71 = VERTEX_POINT('',#72);
#72 = CARTESIAN_POINT('',(27.514718625761,-17.5,87.5));
#73 = LINE('',#74,#75);
#74 = CARTESIAN_POINT('',(-36.,-17.5,87.5));
#75 = VECTOR('',#76,1.);
#76 = DIRECTION('',(1.,0.,-0.));
#77 = ORIENTED_EDGE('',*,*,#78,.F.);
#78 = EDGE_CURVE('',#79,#71,#81,.T.);
#79 = VERTEX_POINT('',#80);
#80 = CARTESIAN_POINT('',(36.,-9.014718625761,87.5));
#81 = LINE('',#82,#83);
#82 = CARTESIAN_POINT('',(11.636038969321,-33.37867965644,87.5));
#83 = VECTOR('',#84,1.);
#84 = DIRECTION('',(-0.707106781187,-0.707106781187,0.));
#85 = ORIENTED_EDGE('',*,*,#86,.T.);
#86 = EDGE_CURVE('',#79,#87,#89,.T.);
#87 = VERTEX_POINT('',#88);
#88 = CARTESIAN_POINT('',(36.,9.014718625761,87.5));
#89 = LINE('',#90,#91);
#90 = CARTESIAN_POINT('',(36.,-17.5,87.5));
#91 = VECTOR('',#92,1.);
#92 = DIRECTION('',(-0.,1.,0.));
#93 = ORIENTED_EDGE('',*,*,#94,.T.);
#94 = EDGE_CURVE('',#87,#95,#97,.T.);
#95 = VERTEX_POINT('',#96);
#96 = CARTESIAN_POINT('',(27.514718625761,17.5,87.5));
#97 = LINE('',#98,#99);
#98 = CARTESIAN_POINT('',(24.62867965644,20.386038969321,87.5));
#99 = VECTOR('',#100,1.);
#100 = DIRECTION('',(-0.707106781187,0.707106781187,0.));
#101 = ORIENTED_EDGE('',*,*,#102,.F.);
#102 = EDGE_CURVE('',#103,#95,#105,.T.);
#103 = VERTEX_POINT('',#104);
#104 = CARTESIAN_POINT('',(-27.51471862576,17.5,87.5));
#105 = LINE('',#106,#107);
#106 = CARTESIAN_POINT('',(-36.,17.5,87.5));
#107 = VECTOR('',#108,1.);
#108 = DIRECTION('',(1.,0.,-0.));
#109 = ORIENTED_EDGE('',*,*,#110,.T.);
#110 = EDGE_CURVE('',#103,#24,#111,.T.);
#111 = LINE('',#112,#113);
#112 = CARTESIAN_POINT('',(-42.62867965644,2.386038969321,87.5));
#113 = VECTOR('',#114,1.);
#114 = DIRECTION('',(-0.707106781187,-0.707106781187,0.));
#115 = PLANE('',#116);
#116 = AXIS2_PLACEMENT_3D('',#117,#118,#119);
#117 = CARTESIAN_POINT('',(-36.,-17.5,87.5));
#118 = DIRECTION('',(0.,0.,1.));
#119 = DIRECTION('',(1.,0.,-0.));
#120 = ADVANCED_FACE('',(#121),#269,.T.);
#121 = FACE_BOUND('',#122,.T.);
#122 = EDGE_LOOP('',(#123,#131,#139,#147,#156,#165,#173,#182,#191,#199,
    #208,#217,#225,#234,#243,#251,#260,#267,#268));
#123 = ORIENTED_EDGE('',*,*,#124,.F.);
#124 = EDGE_CURVE('',#125,#103,#127,.T.);
#125 = VERTEX_POINT('',#126);
#126 = CARTESIAN_POINT('',(-27.51471862576,17.5,-87.5));
#127 = LINE('',#128,#129);
#128 = CARTESIAN_POINT('',(-27.51471862576,17.5,-92.5));
#129 = VECTOR('',#130,1.);
#130 = DIRECTION('',(0.,0.,1.));
#131 = ORIENTED_EDGE('',*,*,#132,.T.);
#132 = EDGE_CURVE('',#125,#133,#135,.T.);
#133 = VERTEX_POINT('',#134);
#134 = CARTESIAN_POINT('',(-36.,9.014718625761,-87.5));
#135 = LINE('',#136,#137);
#136 = CARTESIAN_POINT('',(-42.62867965644,2.386038969321,-87.5));
#137 = VECTOR('',#138,1.);
#138 = DIRECTION('',(-0.707106781187,-0.707106781187,0.));
#139 = ORIENTED_EDGE('',*,*,#140,.T.);
#140 = EDGE_CURVE('',#133,#141,#143,.T.);
#141 = VERTEX_POINT('',#142);
#142 = CARTESIAN_POINT('',(-36.,9.014718625761,-32.82842712474));
#143 = LINE('',#144,#145);
#144 = CARTESIAN_POINT('',(-36.,9.014718625761,-92.5));
#145 = VECTOR('',#146,1.);
#146 = DIRECTION('',(0.,0.,1.));
#147 = ORIENTED_EDGE('',*,*,#148,.F.);
#148 = EDGE_CURVE('',#149,#141,#151,.T.);
#149 = VERTEX_POINT('',#150);
#150 = CARTESIAN_POINT('',(-32.,13.014718625761,-30.));
#151 = ELLIPSE('',#152,4.242640687119,3.);
#152 = AXIS2_PLACEMENT_3D('',#153,#154,#155);
#153 = CARTESIAN_POINT('',(-35.,10.014718625761,-30.));
#154 = DIRECTION('',(-0.707106781187,0.707106781187,0.));
#155 = DIRECTION('',(-0.707106781187,-0.707106781187,1.570092458684E-16)
  );
#156 = ORIENTED_EDGE('',*,*,#157,.F.);
#157 = EDGE_CURVE('',#158,#149,#160,.T.);
#158 = VERTEX_POINT('',#159);
#159 = CARTESIAN_POINT('',(-36.,9.014718625761,-27.17157287525));
#160 = ELLIPSE('',#161,4.242640687119,3.);
#161 = AXIS2_PLACEMENT_3D('',#162,#163,#164);
#162 = CARTESIAN_POINT('',(-35.,10.014718625761,-30.));
#163 = DIRECTION('',(-0.707106781187,0.707106781187,0.));
#164 = DIRECTION('',(-0.707106781187,-0.707106781187,1.570092458684E-16)
  );
#165 = ORIENTED_EDGE('',*,*,#166,.T.);
#166 = EDGE_CURVE('',#158,#167,#169,.T.);
#167 = VERTEX_POINT('',#168);
#168 = CARTESIAN_POINT('',(-36.,9.014718625761,-17.82842712474));
#169 = LINE('',#170,#171);
#170 = CARTESIAN_POINT('',(-36.,9.014718625761,-92.5));
#171 = VECTOR('',#172,1.);
#172 = DIRECTION('',(0.,0.,1.));
#173 = ORIENTED_EDGE('',*,*,#174,.F.);
#174 = EDGE_CURVE('',#175,#167,#177,.T.);
#175 = VERTEX_POINT('',#176);
#176 = CARTESIAN_POINT('',(-32.,13.014718625761,-15.));
#177 = ELLIPSE('',#178,4.242640687119,3.);
#178 = AXIS2_PLACEMENT_3D('',#179,#180,#181);
#179 = CARTESIAN_POINT('',(-35.,10.014718625761,-15.));
#180 = DIRECTION('',(-0.707106781187,0.707106781187,0.));
#181 = DIRECTION('',(-0.707106781187,-0.707106781187,1.570092458684E-16)
  );
#182 = ORIENTED_EDGE('',*,*,#183,.F.);
#183 = EDGE_CURVE('',#184,#175,#186,.T.);
#184 = VERTEX_POINT('',#185);
#185 = CARTESIAN_POINT('',(-36.,9.014718625761,-12.17157287525));
#186 = ELLIPSE('',#187,4.242640687119,3.);
#187 = AXIS2_PLACEMENT_3D('',#188,#189,#190);
#188 = CARTESIAN_POINT('',(-35.,10.014718625761,-15.));
#189 = DIRECTION('',(-0.707106781187,0.707106781187,0.));
#190 = DIRECTION('',(-0.707106781187,-0.707106781187,1.570092458684E-16)
  );
#191 = ORIENTED_EDGE('',*,*,#192,.T.);
#192 = EDGE_CURVE('',#184,#193,#195,.T.);
#193 = VERTEX_POINT('',#194);
#194 = CARTESIAN_POINT('',(-36.,9.014718625761,-2.828427124746));
#195 = LINE('',#196,#197);
#196 = CARTESIAN_POINT('',(-36.,9.014718625761,-92.5));
#197 = VECTOR('',#198,1.);
#198 = DIRECTION('',(0.,0.,1.));
#199 = ORIENTED_EDGE('',*,*,#200,.F.);
#200 = EDGE_CURVE('',#201,#193,#203,.T.);
#201 = VERTEX_POINT('',#202);
#202 = CARTESIAN_POINT('',(-32.,13.014718625761,-1.257995116657E-16));
#203 = ELLIPSE('',#204,4.242640687119,3.);
#204 = AXIS2_PLACEMENT_3D('',#205,#206,#207);
#205 = CARTESIAN_POINT('',(-35.,10.014718625761,9.420554752103E-16));
#206 = DIRECTION('',(-0.707106781187,0.707106781187,0.));
#207 = DIRECTION('',(-0.707106781187,-0.707106781187,1.570092458684E-16)
  );
#208 = ORIENTED_EDGE('',*,*,#209,.F.);
#209 = EDGE_CURVE('',#210,#201,#212,.T.);
#210 = VERTEX_POINT('',#211);
#211 = CARTESIAN_POINT('',(-36.,9.014718625761,2.828427124746));
#212 = ELLIPSE('',#213,4.242640687119,3.);
#213 = AXIS2_PLACEMENT_3D('',#214,#215,#216);
#214 = CARTESIAN_POINT('',(-35.,10.014718625761,9.420554752103E-16));
#215 = DIRECTION('',(-0.707106781187,0.707106781187,0.));
#216 = DIRECTION('',(-0.707106781187,-0.707106781187,1.570092458684E-16)
  );
#217 = ORIENTED_EDGE('',*,*,#218,.T.);
#218 = EDGE_CURVE('',#210,#219,#221,.T.);
#219 = VERTEX_POINT('',#220);
#220 = CARTESIAN_POINT('',(-36.,9.014718625761,12.171572875254));
#221 = LINE('',#222,#223);
#222 = CARTESIAN_POINT('',(-36.,9.014718625761,-92.5));
#223 = VECTOR('',#224,1.);
#224 = DIRECTION('',(0.,0.,1.));
#225 = ORIENTED_EDGE('',*,*,#226,.F.);
#226 = EDGE_CURVE('',#227,#219,#229,.T.);
#227 = VERTEX_POINT('',#228);
#228 = CARTESIAN_POINT('',(-32.,13.014718625761,15.));
#229 = ELLIPSE('',#230,4.242640687119,3.);
#230 = AXIS2_PLACEMENT_3D('',#231,#232,#233);
#231 = CARTESIAN_POINT('',(-35.,10.014718625761,15.));
#232 = DIRECTION('',(-0.707106781187,0.707106781187,0.));
#233 = DIRECTION('',(-0.707106781187,-0.707106781187,1.570092458684E-16)
  );
#234 = ORIENTED_EDGE('',*,*,#235,.F.);
#235 = EDGE_CURVE('',#236,#227,#238,.T.);
#236 = VERTEX_POINT('',#237);
#237 = CARTESIAN_POINT('',(-36.,9.014718625761,17.828427124746));
#238 = ELLIPSE('',#239,4.242640687119,3.);
#239 = AXIS2_PLACEMENT_3D('',#240,#241,#242);
#240 = CARTESIAN_POINT('',(-35.,10.014718625761,15.));
#241 = DIRECTION('',(-0.707106781187,0.707106781187,0.));
#242 = DIRECTION('',(-0.707106781187,-0.707106781187,1.570092458684E-16)
  );
#243 = ORIENTED_EDGE('',*,*,#244,.T.);
#244 = EDGE_CURVE('',#236,#245,#247,.T.);
#245 = VERTEX_POINT('',#246);
#246 = CARTESIAN_POINT('',(-36.,9.014718625761,27.171572875254));
#247 = LINE('',#248,#249);
#248 = CARTESIAN_POINT('',(-36.,9.014718625761,-92.5));
#249 = VECTOR('',#250,1.);
#250 = DIRECTION('',(0.,0.,1.));
#251 = ORIENTED_EDGE('',*,*,#252,.F.);
#252 = EDGE_CURVE('',#253,#245,#255,.T.);
#253 = VERTEX_POINT('',#254);
#254 = CARTESIAN_POINT('',(-32.,13.014718625761,30.));
#255 = ELLIPSE('',#256,4.242640687119,3.);
#256 = AXIS2_PLACEMENT_3D('',#257,#258,#259);
#257 = CARTESIAN_POINT('',(-35.,10.014718625761,30.));
#258 = DIRECTION('',(-0.707106781187,0.707106781187,0.));
#259 = DIRECTION('',(-0.707106781187,-0.707106781187,1.570092458684E-16)
  );
#260 = ORIENTED_EDGE('',*,*,#261,.F.);
#261 = EDGE_CURVE('',#40,#253,#262,.T.);
#262 = ELLIPSE('',#263,4.242640687119,3.);
#263 = AXIS2_PLACEMENT_3D('',#264,#265,#266);
#264 = CARTESIAN_POINT('',(-35.,10.014718625761,30.));
#265 = DIRECTION('',(-0.707106781187,0.707106781187,0.));
#266 = DIRECTION('',(-0.707106781187,-0.707106781187,1.570092458684E-16)
  );
#267 = ORIENTED_EDGE('',*,*,#47,.T.);
#268 = ORIENTED_EDGE('',*,*,#110,.F.);
#269 = PLANE('',#270);
#270 = AXIS2_PLACEMENT_3D('',#271,#272,#273);
#271 = CARTESIAN_POINT('',(-36.,9.014718625761,-92.5));
#272 = DIRECTION('',(-0.707106781187,0.707106781187,0.));
#273 = DIRECTION('',(0.,0.,1.));
#274 = ADVANCED_FACE('',(#275),#328,.F.);
#275 = FACE_BOUND('',#276,.F.);
#276 = EDGE_LOOP('',(#277,#286,#294,#303,#311,#320,#326,#327));
#277 = ORIENTED_EDGE('',*,*,#278,.T.);
#278 = EDGE_CURVE('',#32,#279,#281,.T.);
#279 = VERTEX_POINT('',#280);
#280 = CARTESIAN_POINT('',(-32.,-13.01471862576,30.));
#281 = ELLIPSE('',#282,4.242640687119,3.);
#282 = AXIS2_PLACEMENT_3D('',#283,#284,#285);
#283 = CARTESIAN_POINT('',(-35.,-10.01471862576,30.));
#284 = DIRECTION('',(0.707106781187,0.707106781187,0.));
#285 = DIRECTION('',(0.707106781187,-0.707106781187,1.570092458684E-16)
  );
#286 = ORIENTED_EDGE('',*,*,#287,.F.);
#287 = EDGE_CURVE('',#288,#279,#290,.T.);
#288 = VERTEX_POINT('',#289);
#289 = CARTESIAN_POINT('',(-32.,-7.014718625761,30.));
#290 = LINE('',#291,#292);
#291 = CARTESIAN_POINT('',(-32.,18.5,30.));
#292 = VECTOR('',#293,1.);
#293 = DIRECTION('',(0.,-1.,1.110223024625E-16));
#294 = ORIENTED_EDGE('',*,*,#295,.F.);
#295 = EDGE_CURVE('',#296,#288,#298,.T.);
#296 = VERTEX_POINT('',#297);
#297 = CARTESIAN_POINT('',(-33.,-6.014718625761,32.2360679775));
#298 = ELLIPSE('',#299,4.242640687119,3.);
#299 = AXIS2_PLACEMENT_3D('',#300,#301,#302);
#300 = CARTESIAN_POINT('',(-35.,-4.014718625761,30.));
#301 = DIRECTION('',(0.707106781187,0.707106781187,0.));
#302 = DIRECTION('',(0.707106781187,-0.707106781187,1.570092458684E-16)
  );
#303 = ORIENTED_EDGE('',*,*,#304,.F.);
#304 = EDGE_CURVE('',#305,#296,#307,.T.);
#305 = VERTEX_POINT('',#306);
#306 = CARTESIAN_POINT('',(-33.,6.014718625761,32.2360679775));
#307 = LINE('',#308,#309);
#308 = CARTESIAN_POINT('',(-33.,18.5,32.2360679775));
#309 = VECTOR('',#310,1.);
#310 = DIRECTION('',(0.,-1.,1.110223024625E-16));
#311 = ORIENTED_EDGE('',*,*,#312,.T.);
#312 = EDGE_CURVE('',#305,#313,#315,.T.);
#313 = VERTEX_POINT('',#314);
#314 = CARTESIAN_POINT('',(-32.,7.014718625761,30.));
#315 = ELLIPSE('',#316,4.242640687119,3.);
#316 = AXIS2_PLACEMENT_3D('',#317,#318,#319);
#317 = CARTESIAN_POINT('',(-35.,4.014718625761,30.));
#318 = DIRECTION('',(-0.707106781187,0.707106781187,0.));
#319 = DIRECTION('',(-0.707106781187,-0.707106781187,1.570092458684E-16)
  );
#320 = ORIENTED_EDGE('',*,*,#321,.F.);
#321 = EDGE_CURVE('',#253,#313,#322,.T.);
#322 = LINE('',#323,#324);
#323 = CARTESIAN_POINT('',(-32.,18.5,30.));
#324 = VECTOR('',#325,1.);
#325 = DIRECTION('',(0.,-1.,1.110223024625E-16));
#326 = ORIENTED_EDGE('',*,*,#261,.F.);
#327 = ORIENTED_EDGE('',*,*,#39,.T.);
#328 = CYLINDRICAL_SURFACE('',#329,3.);
#329 = AXIS2_PLACEMENT_3D('',#330,#331,#332);
#330 = CARTESIAN_POINT('',(-35.,18.5,30.));
#331 = DIRECTION('',(0.,-1.,1.110223024625E-16));
#332 = DIRECTION('',(1.,0.,0.));
#333 = ADVANCED_FACE('',(#334),#474,.F.);
#334 = FACE_BOUND('',#335,.F.);
#335 = EDGE_LOOP('',(#336,#344,#352,#360,#369,#378,#386,#395,#404,#412,
    #421,#430,#438,#447,#456,#464,#471,#472,#473));
#336 = ORIENTED_EDGE('',*,*,#337,.F.);
#337 = EDGE_CURVE('',#338,#63,#340,.T.);
#338 = VERTEX_POINT('',#339);
#339 = CARTESIAN_POINT('',(-27.51471862576,-17.5,-87.5));
#340 = LINE('',#341,#342);
#341 = CARTESIAN_POINT('',(-27.51471862576,-17.5,-92.5));
#342 = VECTOR('',#343,1.);
#343 = DIRECTION('',(0.,0.,1.));
#344 = ORIENTED_EDGE('',*,*,#345,.T.);
#345 = EDGE_CURVE('',#338,#346,#348,.T.);
#346 = VERTEX_POINT('',#347);
#347 = CARTESIAN_POINT('',(-36.,-9.014718625761,-87.5));
#348 = LINE('',#349,#350);
#349 = CARTESIAN_POINT('',(-29.63603896932,-15.37867965644,-87.5));
#350 = VECTOR('',#351,1.);
#351 = DIRECTION('',(-0.707106781187,0.707106781187,0.));
#352 = ORIENTED_EDGE('',*,*,#353,.T.);
#353 = EDGE_CURVE('',#346,#354,#356,.T.);
#354 = VERTEX_POINT('',#355);
#355 = CARTESIAN_POINT('',(-36.,-9.014718625761,-32.82842712474));
#356 = LINE('',#357,#358);
#357 = CARTESIAN_POINT('',(-36.,-9.014718625761,-92.5));
#358 = VECTOR('',#359,1.);
#359 = DIRECTION('',(0.,0.,1.));
#360 = ORIENTED_EDGE('',*,*,#361,.F.);
#361 = EDGE_CURVE('',#362,#354,#364,.T.);
#362 = VERTEX_POINT('',#363);
#363 = CARTESIAN_POINT('',(-32.,-13.01471862576,-30.));
#364 = ELLIPSE('',#365,4.242640687119,3.);
#365 = AXIS2_PLACEMENT_3D('',#366,#367,#368);
#366 = CARTESIAN_POINT('',(-35.,-10.01471862576,-30.));
#367 = DIRECTION('',(0.707106781187,0.707106781187,0.));
#368 = DIRECTION('',(0.707106781187,-0.707106781187,1.570092458684E-16)
  );
#369 = ORIENTED_EDGE('',*,*,#370,.F.);
#370 = EDGE_CURVE('',#371,#362,#373,.T.);
#371 = VERTEX_POINT('',#372);
#372 = CARTESIAN_POINT('',(-36.,-9.014718625761,-27.17157287525));
#373 = ELLIPSE('',#374,4.242640687119,3.);
#374 = AXIS2_PLACEMENT_3D('',#375,#376,#377);
#375 = CARTESIAN_POINT('',(-35.,-10.01471862576,-30.));
#376 = DIRECTION('',(0.707106781187,0.707106781187,0.));
#377 = DIRECTION('',(0.707106781187,-0.707106781187,1.570092458684E-16)
  );
#378 = ORIENTED_EDGE('',*,*,#379,.T.);
#379 = EDGE_CURVE('',#371,#380,#382,.T.);
#380 = VERTEX_POINT('',#381);
#381 = CARTESIAN_POINT('',(-36.,-9.014718625761,-17.82842712474));
#382 = LINE('',#383,#384);
#383 = CARTESIAN_POINT('',(-36.,-9.014718625761,-92.5));
#384 = VECTOR('',#385,1.);
#385 = DIRECTION('',(0.,0.,1.));
#386 = ORIENTED_EDGE('',*,*,#387,.F.);
#387 = EDGE_CURVE('',#388,#380,#390,.T.);
#388 = VERTEX_POINT('',#389);
#389 = CARTESIAN_POINT('',(-32.,-13.01471862576,-15.));
#390 = ELLIPSE('',#391,4.242640687119,3.);
#391 = AXIS2_PLACEMENT_3D('',#392,#393,#394);
#392 = CARTESIAN_POINT('',(-35.,-10.01471862576,-15.));
#393 = DIRECTION('',(0.707106781187,0.707106781187,0.));
#394 = DIRECTION('',(0.707106781187,-0.707106781187,1.570092458684E-16)
  );
#395 = ORIENTED_EDGE('',*,*,#396,.F.);
#396 = EDGE_CURVE('',#397,#388,#399,.T.);
#397 = VERTEX_POINT('',#398);
#398 = CARTESIAN_POINT('',(-36.,-9.014718625761,-12.17157287525));
#399 = ELLIPSE('',#400,4.242640687119,3.);
#400 = AXIS2_PLACEMENT_3D('',#401,#402,#403);
#401 = CARTESIAN_POINT('',(-35.,-10.01471862576,-15.));
#402 = DIRECTION('',(0.707106781187,0.707106781187,0.));
#403 = DIRECTION('',(0.707106781187,-0.707106781187,1.570092458684E-16)
  );
#404 = ORIENTED_EDGE('',*,*,#405,.T.);
#405 = EDGE_CURVE('',#397,#406,#408,.T.);
#406 = VERTEX_POINT('',#407);
#407 = CARTESIAN_POINT('',(-36.,-9.014718625761,-2.828427124746));
#408 = LINE('',#409,#410);
#409 = CARTESIAN_POINT('',(-36.,-9.014718625761,-92.5));
#410 = VECTOR('',#411,1.);
#411 = DIRECTION('',(0.,0.,1.));
#412 = ORIENTED_EDGE('',*,*,#413,.F.);
#413 = EDGE_CURVE('',#414,#406,#416,.T.);
#414 = VERTEX_POINT('',#415);
#415 = CARTESIAN_POINT('',(-32.,-13.01471862576,2.764048543802E-15));
#416 = ELLIPSE('',#417,4.242640687119,3.);
#417 = AXIS2_PLACEMENT_3D('',#418,#419,#420);
#418 = CARTESIAN_POINT('',(-35.,-10.01471862576,3.165769715903E-15));
#419 = DIRECTION('',(0.707106781187,0.707106781187,0.));
#420 = DIRECTION('',(0.707106781187,-0.707106781187,1.570092458684E-16)
  );
#421 = ORIENTED_EDGE('',*,*,#422,.F.);
#422 = EDGE_CURVE('',#423,#414,#425,.T.);
#423 = VERTEX_POINT('',#424);
#424 = CARTESIAN_POINT('',(-36.,-9.014718625761,2.828427124746));
#425 = ELLIPSE('',#426,4.242640687119,3.);
#426 = AXIS2_PLACEMENT_3D('',#427,#428,#429);
#427 = CARTESIAN_POINT('',(-35.,-10.01471862576,3.165769715903E-15));
#428 = DIRECTION('',(0.707106781187,0.707106781187,0.));
#429 = DIRECTION('',(0.707106781187,-0.707106781187,1.570092458684E-16)
  );
#430 = ORIENTED_EDGE('',*,*,#431,.T.);
#431 = EDGE_CURVE('',#423,#432,#434,.T.);
#432 = VERTEX_POINT('',#433);
#433 = CARTESIAN_POINT('',(-36.,-9.014718625761,12.171572875254));
#434 = LINE('',#435,#436);
#435 = CARTESIAN_POINT('',(-36.,-9.014718625761,-92.5));
#436 = VECTOR('',#437,1.);
#437 = DIRECTION('',(0.,0.,1.));
#438 = ORIENTED_EDGE('',*,*,#439,.F.);
#439 = EDGE_CURVE('',#440,#432,#442,.T.);
#440 = VERTEX_POINT('',#441);
#441 = CARTESIAN_POINT('',(-32.,-13.01471862576,15.));
#442 = ELLIPSE('',#443,4.242640687119,3.);
#443 = AXIS2_PLACEMENT_3D('',#444,#445,#446);
#444 = CARTESIAN_POINT('',(-35.,-10.01471862576,15.));
#445 = DIRECTION('',(0.707106781187,0.707106781187,0.));
#446 = DIRECTION('',(0.707106781187,-0.707106781187,1.570092458684E-16)
  );
#447 = ORIENTED_EDGE('',*,*,#448,.F.);
#448 = EDGE_CURVE('',#449,#440,#451,.T.);
#449 = VERTEX_POINT('',#450);
#450 = CARTESIAN_POINT('',(-36.,-9.014718625761,17.828427124746));
#451 = ELLIPSE('',#452,4.242640687119,3.);
#452 = AXIS2_PLACEMENT_3D('',#453,#454,#455);
#453 = CARTESIAN_POINT('',(-35.,-10.01471862576,15.));
#454 = DIRECTION('',(0.707106781187,0.707106781187,0.));
#455 = DIRECTION('',(0.707106781187,-0.707106781187,1.570092458684E-16)
  );
#456 = ORIENTED_EDGE('',*,*,#457,.T.);
#457 = EDGE_CURVE('',#449,#458,#460,.T.);
#458 = VERTEX_POINT('',#459);
#459 = CARTESIAN_POINT('',(-36.,-9.014718625761,27.171572875254));
#460 = LINE('',#461,#462);
#461 = CARTESIAN_POINT('',(-36.,-9.014718625761,-92.5));
#462 = VECTOR('',#463,1.);
#463 = DIRECTION('',(0.,0.,1.));
#464 = ORIENTED_EDGE('',*,*,#465,.F.);
#465 = EDGE_CURVE('',#279,#458,#466,.T.);
#466 = ELLIPSE('',#467,4.242640687119,3.);
#467 = AXIS2_PLACEMENT_3D('',#468,#469,#470);
#468 = CARTESIAN_POINT('',(-35.,-10.01471862576,30.));
#469 = DIRECTION('',(0.707106781187,0.707106781187,0.));
#470 = DIRECTION('',(0.707106781187,-0.707106781187,1.570092458684E-16)
  );
#471 = ORIENTED_EDGE('',*,*,#278,.F.);
#472 = ORIENTED_EDGE('',*,*,#31,.T.);
#473 = ORIENTED_EDGE('',*,*,#62,.F.);
#474 = PLANE('',#475);
#475 = AXIS2_PLACEMENT_3D('',#476,#477,#478);
#476 = CARTESIAN_POINT('',(-27.51471862576,-17.5,-92.5));
#477 = DIRECTION('',(0.707106781187,0.707106781187,0.));
#478 = DIRECTION('',(0.,0.,1.));
#479 = ADVANCED_FACE('',(#480,#498),#532,.T.);
#480 = FACE_BOUND('',#481,.T.);
#481 = EDGE_LOOP('',(#482,#490,#491,#492));
#482 = ORIENTED_EDGE('',*,*,#483,.F.);
#483 = EDGE_CURVE('',#125,#484,#486,.T.);
#484 = VERTEX_POINT('',#485);
#485 = CARTESIAN_POINT('',(27.514718625761,17.5,-87.5));
#486 = LINE('',#487,#488);
#487 = CARTESIAN_POINT('',(-36.,17.5,-87.5));
#488 = VECTOR('',#489,1.);
#489 = DIRECTION('',(1.,0.,-0.));
#490 = ORIENTED_EDGE('',*,*,#124,.T.);
#491 = ORIENTED_EDGE('',*,*,#102,.T.);
#492 = ORIENTED_EDGE('',*,*,#493,.F.);
#493 = EDGE_CURVE('',#484,#95,#494,.T.);
#494 = LINE('',#495,#496);
#495 = CARTESIAN_POINT('',(27.514718625761,17.5,-92.5));
#496 = VECTOR('',#497,1.);
#497 = DIRECTION('',(0.,0.,1.));
#498 = FACE_BOUND('',#499,.T.);
#499 = EDGE_LOOP('',(#500,#510,#518,#526));
#500 = ORIENTED_EDGE('',*,*,#501,.F.);
#501 = EDGE_CURVE('',#502,#504,#506,.T.);
#502 = VERTEX_POINT('',#503);
#503 = CARTESIAN_POINT('',(-24.,17.5,51.));
#504 = VERTEX_POINT('',#505);
#505 = CARTESIAN_POINT('',(24.,17.5,51.));
#506 = LINE('',#507,#508);
#507 = CARTESIAN_POINT('',(-30.,17.5,51.));
#508 = VECTOR('',#509,1.);
#509 = DIRECTION('',(1.,0.,-0.));
#510 = ORIENTED_EDGE('',*,*,#511,.T.);
#511 = EDGE_CURVE('',#502,#512,#514,.T.);
#512 = VERTEX_POINT('',#513);
#513 = CARTESIAN_POINT('',(-24.,17.5,15.));
#514 = LINE('',#515,#516);
#515 = CARTESIAN_POINT('',(-24.,17.5,-36.25));
#516 = VECTOR('',#517,1.);
#517 = DIRECTION('',(-0.,0.,-1.));
#518 = ORIENTED_EDGE('',*,*,#519,.T.);
#519 = EDGE_CURVE('',#512,#520,#522,.T.);
#520 = VERTEX_POINT('',#521);
#521 = CARTESIAN_POINT('',(24.,17.5,15.));
#522 = LINE('',#523,#524);
#523 = CARTESIAN_POINT('',(-30.,17.5,15.));
#524 = VECTOR('',#525,1.);
#525 = DIRECTION('',(1.,0.,-0.));
#526 = ORIENTED_EDGE('',*,*,#527,.F.);
#527 = EDGE_CURVE('',#504,#520,#528,.T.);
#528 = LINE('',#529,#530);
#529 = CARTESIAN_POINT('',(24.,17.5,-36.25));
#530 = VECTOR('',#531,1.);
#531 = DIRECTION('',(-0.,0.,-1.));
#532 = PLANE('',#533);
#533 = AXIS2_PLACEMENT_3D('',#534,#535,#536);
#534 = CARTESIAN_POINT('',(-36.,17.5,-87.5));
#535 = DIRECTION('',(-0.,1.,0.));
#536 = DIRECTION('',(0.,0.,1.));
#537 = ADVANCED_FACE('',(#538),#641,.T.);
#538 = FACE_BOUND('',#539,.T.);
#539 = EDGE_LOOP('',(#540,#550,#556,#557,#558,#566,#575,#583,#592,#600,
    #609,#617,#626,#634));
#540 = ORIENTED_EDGE('',*,*,#541,.F.);
#541 = EDGE_CURVE('',#542,#544,#546,.T.);
#542 = VERTEX_POINT('',#543);
#543 = CARTESIAN_POINT('',(36.,9.014718625761,-87.5));
#544 = VERTEX_POINT('',#545);
#545 = CARTESIAN_POINT('',(36.,9.014718625761,-32.82842712474));
#546 = LINE('',#547,#548);
#547 = CARTESIAN_POINT('',(36.,9.014718625761,-92.5));
#548 = VECTOR('',#549,1.);
#549 = DIRECTION('',(0.,0.,1.));
#550 = ORIENTED_EDGE('',*,*,#551,.T.);
#551 = EDGE_CURVE('',#542,#484,#552,.T.);
#552 = LINE('',#553,#554);
#553 = CARTESIAN_POINT('',(24.62867965644,20.386038969321,-87.5));
#554 = VECTOR('',#555,1.);
#555 = DIRECTION('',(-0.707106781187,0.707106781187,0.));
#556 = ORIENTED_EDGE('',*,*,#493,.T.);
#557 = ORIENTED_EDGE('',*,*,#94,.F.);
#558 = ORIENTED_EDGE('',*,*,#559,.F.);
#559 = EDGE_CURVE('',#560,#87,#562,.T.);
#560 = VERTEX_POINT('',#561);
#561 = CARTESIAN_POINT('',(36.,9.014718625761,32.828427124746));
#562 = LINE('',#563,#564);
#563 = CARTESIAN_POINT('',(36.,9.014718625761,-92.5));
#564 = VECTOR('',#565,1.);
#565 = DIRECTION('',(0.,0.,1.));
#566 = ORIENTED_EDGE('',*,*,#567,.F.);
#567 = EDGE_CURVE('',#568,#560,#570,.T.);
#568 = VERTEX_POINT('',#569);
#569 = CARTESIAN_POINT('',(36.,9.014718625761,27.171572875254));
#570 = ELLIPSE('',#571,4.242640687119,3.);
#571 = AXIS2_PLACEMENT_3D('',#572,#573,#574);
#572 = CARTESIAN_POINT('',(35.,10.014718625761,30.));
#573 = DIRECTION('',(0.707106781187,0.707106781187,0.));
#574 = DIRECTION('',(0.707106781187,-0.707106781187,1.570092458684E-16)
  );
#575 = ORIENTED_EDGE('',*,*,#576,.F.);
#576 = EDGE_CURVE('',#577,#568,#579,.T.);
#577 = VERTEX_POINT('',#578);
#578 = CARTESIAN_POINT('',(36.,9.014718625761,17.828427124746));
#579 = LINE('',#580,#581);
#580 = CARTESIAN_POINT('',(36.,9.014718625761,-92.5));
#581 = VECTOR('',#582,1.);
#582 = DIRECTION('',(0.,0.,1.));
#583 = ORIENTED_EDGE('',*,*,#584,.F.);
#584 = EDGE_CURVE('',#585,#577,#587,.T.);
#585 = VERTEX_POINT('',#586);
#586 = CARTESIAN_POINT('',(36.,9.014718625761,12.171572875254));
#587 = ELLIPSE('',#588,4.242640687119,3.);
#588 = AXIS2_PLACEMENT_3D('',#589,#590,#591);
#589 = CARTESIAN_POINT('',(35.,10.014718625761,15.));
#590 = DIRECTION('',(0.707106781187,0.707106781187,0.));
#591 = DIRECTION('',(0.707106781187,-0.707106781187,1.570092458684E-16)
  );
#592 = ORIENTED_EDGE('',*,*,#593,.F.);
#593 = EDGE_CURVE('',#594,#585,#596,.T.);
#594 = VERTEX_POINT('',#595);
#595 = CARTESIAN_POINT('',(36.,9.014718625761,2.828427124746));
#596 = LINE('',#597,#598);
#597 = CARTESIAN_POINT('',(36.,9.014718625761,-92.5));
#598 = VECTOR('',#599,1.);
#599 = DIRECTION('',(0.,0.,1.));
#600 = ORIENTED_EDGE('',*,*,#601,.F.);
#601 = EDGE_CURVE('',#602,#594,#604,.T.);
#602 = VERTEX_POINT('',#603);
#603 = CARTESIAN_POINT('',(36.,9.014718625761,-2.828427124746));
#604 = ELLIPSE('',#605,4.242640687119,3.);
#605 = AXIS2_PLACEMENT_3D('',#606,#607,#608);
#606 = CARTESIAN_POINT('',(35.,10.014718625761,9.420554752103E-16));
#607 = DIRECTION('',(0.707106781187,0.707106781187,0.));
#608 = DIRECTION('',(0.707106781187,-0.707106781187,1.570092458684E-16)
  );
#609 = ORIENTED_EDGE('',*,*,#610,.F.);
#610 = EDGE_CURVE('',#611,#602,#613,.T.);
#611 = VERTEX_POINT('',#612);
#612 = CARTESIAN_POINT('',(36.,9.014718625761,-12.17157287525));
#613 = LINE('',#614,#615);
#614 = CARTESIAN_POINT('',(36.,9.014718625761,-92.5));
#615 = VECTOR('',#616,1.);
#616 = DIRECTION('',(0.,0.,1.));
#617 = ORIENTED_EDGE('',*,*,#618,.F.);
#618 = EDGE_CURVE('',#619,#611,#621,.T.);
#619 = VERTEX_POINT('',#620);
#620 = CARTESIAN_POINT('',(36.,9.014718625761,-17.82842712474));
#621 = ELLIPSE('',#622,4.242640687119,3.);
#622 = AXIS2_PLACEMENT_3D('',#623,#624,#625);
#623 = CARTESIAN_POINT('',(35.,10.014718625761,-15.));
#624 = DIRECTION('',(0.707106781187,0.707106781187,0.));
#625 = DIRECTION('',(0.707106781187,-0.707106781187,1.570092458684E-16)
  );
#626 = ORIENTED_EDGE('',*,*,#627,.F.);
#627 = EDGE_CURVE('',#628,#619,#630,.T.);
#628 = VERTEX_POINT('',#629);
#629 = CARTESIAN_POINT('',(36.,9.014718625761,-27.17157287525));
#630 = LINE('',#631,#632);
#631 = CARTESIAN_POINT('',(36.,9.014718625761,-92.5));
#632 = VECTOR('',#633,1.);
#633 = DIRECTION('',(0.,0.,1.));
#634 = ORIENTED_EDGE('',*,*,#635,.F.);
#635 = EDGE_CURVE('',#544,#628,#636,.T.);
#636 = ELLIPSE('',#637,4.242640687119,3.);
#637 = AXIS2_PLACEMENT_3D('',#638,#639,#640);
#638 = CARTESIAN_POINT('',(35.,10.014718625761,-30.));
#639 = DIRECTION('',(0.707106781187,0.707106781187,0.));
#640 = DIRECTION('',(0.707106781187,-0.707106781187,1.570092458684E-16)
  );
#641 = PLANE('',#642);
#642 = AXIS2_PLACEMENT_3D('',#643,#644,#645);
#643 = CARTESIAN_POINT('',(36.,9.014718625761,-92.5));
#644 = DIRECTION('',(0.707106781187,0.707106781187,0.));
#645 = DIRECTION('',(0.,0.,1.));
#646 = ADVANCED_FACE('',(#647),#665,.T.);
#647 = FACE_BOUND('',#648,.T.);
#648 = EDGE_LOOP('',(#649,#650,#658,#664));
#649 = ORIENTED_EDGE('',*,*,#86,.F.);
#650 = ORIENTED_EDGE('',*,*,#651,.F.);
#651 = EDGE_CURVE('',#652,#79,#654,.T.);
#652 = VERTEX_POINT('',#653);
#653 = CARTESIAN_POINT('',(36.,-9.014718625761,32.828427124746));
#654 = LINE('',#655,#656);
#655 = CARTESIAN_POINT('',(36.,-9.014718625761,-92.5));
#656 = VECTOR('',#657,1.);
#657 = DIRECTION('',(0.,0.,1.));
#658 = ORIENTED_EDGE('',*,*,#659,.F.);
#659 = EDGE_CURVE('',#560,#652,#660,.T.);
#660 = LINE('',#661,#662);
#661 = CARTESIAN_POINT('',(36.,18.5,32.828427124746));
#662 = VECTOR('',#663,1.);
#663 = DIRECTION('',(0.,-1.,1.110223024625E-16));
#664 = ORIENTED_EDGE('',*,*,#559,.T.);
#665 = PLANE('',#666);
#666 = AXIS2_PLACEMENT_3D('',#667,#668,#669);
#667 = CARTESIAN_POINT('',(36.,-17.5,-87.5));
#668 = DIRECTION('',(1.,0.,-0.));
#669 = DIRECTION('',(0.,0.,1.));
#670 = ADVANCED_FACE('',(#671),#774,.F.);
#671 = FACE_BOUND('',#672,.F.);
#672 = EDGE_LOOP('',(#673,#683,#691,#697,#698,#699,#708,#716,#725,#733,
    #742,#750,#759,#767));
#673 = ORIENTED_EDGE('',*,*,#674,.F.);
#674 = EDGE_CURVE('',#675,#677,#679,.T.);
#675 = VERTEX_POINT('',#676);
#676 = CARTESIAN_POINT('',(36.,-9.014718625761,-87.5));
#677 = VERTEX_POINT('',#678);
#678 = CARTESIAN_POINT('',(36.,-9.014718625761,-32.82842712474));
#679 = LINE('',#680,#681);
#680 = CARTESIAN_POINT('',(36.,-9.014718625761,-92.5));
#681 = VECTOR('',#682,1.);
#682 = DIRECTION('',(0.,0.,1.));
#683 = ORIENTED_EDGE('',*,*,#684,.T.);
#684 = EDGE_CURVE('',#675,#685,#687,.T.);
#685 = VERTEX_POINT('',#686);
#686 = CARTESIAN_POINT('',(27.514718625761,-17.5,-87.5));
#687 = LINE('',#688,#689);
#688 = CARTESIAN_POINT('',(11.636038969321,-33.37867965644,-87.5));
#689 = VECTOR('',#690,1.);
#690 = DIRECTION('',(-0.707106781187,-0.707106781187,0.));
#691 = ORIENTED_EDGE('',*,*,#692,.T.);
#692 = EDGE_CURVE('',#685,#71,#693,.T.);
#693 = LINE('',#694,#695);
#694 = CARTESIAN_POINT('',(27.514718625761,-17.5,-92.5));
#695 = VECTOR('',#696,1.);
#696 = DIRECTION('',(0.,0.,1.));
#697 = ORIENTED_EDGE('',*,*,#78,.F.);
#698 = ORIENTED_EDGE('',*,*,#651,.F.);
#699 = ORIENTED_EDGE('',*,*,#700,.F.);
#700 = EDGE_CURVE('',#701,#652,#703,.T.);
#701 = VERTEX_POINT('',#702);
#702 = CARTESIAN_POINT('',(36.,-9.014718625761,27.171572875254));
#703 = ELLIPSE('',#704,4.242640687119,3.);
#704 = AXIS2_PLACEMENT_3D('',#705,#706,#707);
#705 = CARTESIAN_POINT('',(35.,-10.01471862576,30.));
#706 = DIRECTION('',(-0.707106781187,0.707106781187,0.));
#707 = DIRECTION('',(-0.707106781187,-0.707106781187,1.570092458684E-16)
  );
#708 = ORIENTED_EDGE('',*,*,#709,.F.);
#709 = EDGE_CURVE('',#710,#701,#712,.T.);
#710 = VERTEX_POINT('',#711);
#711 = CARTESIAN_POINT('',(36.,-9.014718625761,17.828427124746));
#712 = LINE('',#713,#714);
#713 = CARTESIAN_POINT('',(36.,-9.014718625761,-92.5));
#714 = VECTOR('',#715,1.);
#715 = DIRECTION('',(0.,0.,1.));
#716 = ORIENTED_EDGE('',*,*,#717,.F.);
#717 = EDGE_CURVE('',#718,#710,#720,.T.);
#718 = VERTEX_POINT('',#719);
#719 = CARTESIAN_POINT('',(36.,-9.014718625761,12.171572875254));
#720 = ELLIPSE('',#721,4.242640687119,3.);
#721 = AXIS2_PLACEMENT_3D('',#722,#723,#724);
#722 = CARTESIAN_POINT('',(35.,-10.01471862576,15.));
#723 = DIRECTION('',(-0.707106781187,0.707106781187,0.));
#724 = DIRECTION('',(-0.707106781187,-0.707106781187,1.570092458684E-16)
  );
#725 = ORIENTED_EDGE('',*,*,#726,.F.);
#726 = EDGE_CURVE('',#727,#718,#729,.T.);
#727 = VERTEX_POINT('',#728);
#728 = CARTESIAN_POINT('',(36.,-9.014718625761,2.828427124746));
#729 = LINE('',#730,#731);
#730 = CARTESIAN_POINT('',(36.,-9.014718625761,-92.5));
#731 = VECTOR('',#732,1.);
#732 = DIRECTION('',(0.,0.,1.));
#733 = ORIENTED_EDGE('',*,*,#734,.F.);
#734 = EDGE_CURVE('',#735,#727,#737,.T.);
#735 = VERTEX_POINT('',#736);
#736 = CARTESIAN_POINT('',(36.,-9.014718625761,-2.828427124746));
#737 = ELLIPSE('',#738,4.242640687119,3.);
#738 = AXIS2_PLACEMENT_3D('',#739,#740,#741);
#739 = CARTESIAN_POINT('',(35.,-10.01471862576,3.165769715903E-15));
#740 = DIRECTION('',(-0.707106781187,0.707106781187,0.));
#741 = DIRECTION('',(-0.707106781187,-0.707106781187,1.570092458684E-16)
  );
#742 = ORIENTED_EDGE('',*,*,#743,.F.);
#743 = EDGE_CURVE('',#744,#735,#746,.T.);
#744 = VERTEX_POINT('',#745);
#745 = CARTESIAN_POINT('',(36.,-9.014718625761,-12.17157287525));
#746 = LINE('',#747,#748);
#747 = CARTESIAN_POINT('',(36.,-9.014718625761,-92.5));
#748 = VECTOR('',#749,1.);
#749 = DIRECTION('',(0.,0.,1.));
#750 = ORIENTED_EDGE('',*,*,#751,.F.);
#751 = EDGE_CURVE('',#752,#744,#754,.T.);
#752 = VERTEX_POINT('',#753);
#753 = CARTESIAN_POINT('',(36.,-9.014718625761,-17.82842712474));
#754 = ELLIPSE('',#755,4.242640687119,3.);
#755 = AXIS2_PLACEMENT_3D('',#756,#757,#758);
#756 = CARTESIAN_POINT('',(35.,-10.01471862576,-15.));
#757 = DIRECTION('',(-0.707106781187,0.707106781187,0.));
#758 = DIRECTION('',(-0.707106781187,-0.707106781187,1.570092458684E-16)
  );
#759 = ORIENTED_EDGE('',*,*,#760,.F.);
#760 = EDGE_CURVE('',#761,#752,#763,.T.);
#761 = VERTEX_POINT('',#762);
#762 = CARTESIAN_POINT('',(36.,-9.014718625761,-27.17157287525));
#763 = LINE('',#764,#765);
#764 = CARTESIAN_POINT('',(36.,-9.014718625761,-92.5));
#765 = VECTOR('',#766,1.);
#766 = DIRECTION('',(0.,0.,1.));
#767 = ORIENTED_EDGE('',*,*,#768,.F.);
#768 = EDGE_CURVE('',#677,#761,#769,.T.);
#769 = ELLIPSE('',#770,4.242640687119,3.);
#770 = AXIS2_PLACEMENT_3D('',#771,#772,#773);
#771 = CARTESIAN_POINT('',(35.,-10.01471862576,-30.));
#772 = DIRECTION('',(-0.707106781187,0.707106781187,0.));
#773 = DIRECTION('',(-0.707106781187,-0.707106781187,1.570092458684E-16)
  );
#774 = PLANE('',#775);
#775 = AXIS2_PLACEMENT_3D('',#776,#777,#778);
#776 = CARTESIAN_POINT('',(27.514718625761,-17.5,-92.5));
#777 = DIRECTION('',(-0.707106781187,0.707106781187,0.));
#778 = DIRECTION('',(0.,0.,1.));
#779 = ADVANCED_FACE('',(#780),#791,.F.);
#780 = FACE_BOUND('',#781,.F.);
#781 = EDGE_LOOP('',(#782,#788,#789,#790));
#782 = ORIENTED_EDGE('',*,*,#783,.F.);
#783 = EDGE_CURVE('',#338,#685,#784,.T.);
#784 = LINE('',#785,#786);
#785 = CARTESIAN_POINT('',(-36.,-17.5,-87.5));
#786 = VECTOR('',#787,1.);
#787 = DIRECTION('',(1.,0.,-0.));
#788 = ORIENTED_EDGE('',*,*,#337,.T.);
#789 = ORIENTED_EDGE('',*,*,#70,.T.);
#790 = ORIENTED_EDGE('',*,*,#692,.F.);
#791 = PLANE('',#792);
#792 = AXIS2_PLACEMENT_3D('',#793,#794,#795);
#793 = CARTESIAN_POINT('',(-36.,-17.5,-87.5));
#794 = DIRECTION('',(-0.,1.,0.));
#795 = DIRECTION('',(0.,0.,1.));
#796 = ADVANCED_FACE('',(#797),#833,.F.);
#797 = FACE_BOUND('',#798,.F.);
#798 = EDGE_LOOP('',(#799,#800,#801,#807,#808,#809,#818,#826));
#799 = ORIENTED_EDGE('',*,*,#287,.T.);
#800 = ORIENTED_EDGE('',*,*,#465,.T.);
#801 = ORIENTED_EDGE('',*,*,#802,.F.);
#802 = EDGE_CURVE('',#245,#458,#803,.T.);
#803 = LINE('',#804,#805);
#804 = CARTESIAN_POINT('',(-36.,18.5,27.171572875254));
#805 = VECTOR('',#806,1.);
#806 = DIRECTION('',(0.,-1.,1.110223024625E-16));
#807 = ORIENTED_EDGE('',*,*,#252,.F.);
#808 = ORIENTED_EDGE('',*,*,#321,.T.);
#809 = ORIENTED_EDGE('',*,*,#810,.T.);
#810 = EDGE_CURVE('',#313,#811,#813,.T.);
#811 = VERTEX_POINT('',#812);
#812 = CARTESIAN_POINT('',(-33.,6.014718625761,27.7639320225));
#813 = ELLIPSE('',#814,4.242640687119,3.);
#814 = AXIS2_PLACEMENT_3D('',#815,#816,#817);
#815 = CARTESIAN_POINT('',(-35.,4.014718625761,30.));
#816 = DIRECTION('',(-0.707106781187,0.707106781187,0.));
#817 = DIRECTION('',(-0.707106781187,-0.707106781187,1.570092458684E-16)
  );
#818 = ORIENTED_EDGE('',*,*,#819,.T.);
#819 = EDGE_CURVE('',#811,#820,#822,.T.);
#820 = VERTEX_POINT('',#821);
#821 = CARTESIAN_POINT('',(-33.,-6.014718625761,27.7639320225));
#822 = LINE('',#823,#824);
#823 = CARTESIAN_POINT('',(-33.,18.5,27.7639320225));
#824 = VECTOR('',#825,1.);
#825 = DIRECTION('',(0.,-1.,1.110223024625E-16));
#826 = ORIENTED_EDGE('',*,*,#827,.F.);
#827 = EDGE_CURVE('',#288,#820,#828,.T.);
#828 = ELLIPSE('',#829,4.242640687119,3.);
#829 = AXIS2_PLACEMENT_3D('',#830,#831,#832);
#830 = CARTESIAN_POINT('',(-35.,-4.014718625761,30.));
#831 = DIRECTION('',(0.707106781187,0.707106781187,0.));
#832 = DIRECTION('',(0.707106781187,-0.707106781187,1.570092458684E-16)
  );
#833 = CYLINDRICAL_SURFACE('',#834,3.);
#834 = AXIS2_PLACEMENT_3D('',#835,#836,#837);
#835 = CARTESIAN_POINT('',(-35.,18.5,30.));
#836 = DIRECTION('',(0.,-1.,1.110223024625E-16));
#837 = DIRECTION('',(1.,0.,0.));
#838 = ADVANCED_FACE('',(#839),#850,.F.);
#839 = FACE_BOUND('',#840,.F.);
#840 = EDGE_LOOP('',(#841,#842,#843,#849));
#841 = ORIENTED_EDGE('',*,*,#802,.T.);
#842 = ORIENTED_EDGE('',*,*,#457,.F.);
#843 = ORIENTED_EDGE('',*,*,#844,.F.);
#844 = EDGE_CURVE('',#236,#449,#845,.T.);
#845 = LINE('',#846,#847);
#846 = CARTESIAN_POINT('',(-36.,18.5,17.828427124746));
#847 = VECTOR('',#848,1.);
#848 = DIRECTION('',(0.,-1.,1.110223024625E-16));
#849 = ORIENTED_EDGE('',*,*,#244,.T.);
#850 = PLANE('',#851);
#851 = AXIS2_PLACEMENT_3D('',#852,#853,#854);
#852 = CARTESIAN_POINT('',(-36.,-17.5,-87.5));
#853 = DIRECTION('',(1.,0.,-0.));
#854 = DIRECTION('',(0.,0.,1.));
#855 = ADVANCED_FACE('',(#856),#901,.F.);
#856 = FACE_BOUND('',#857,.F.);
#857 = EDGE_LOOP('',(#858,#859,#867,#876,#884,#893,#899,#900));
#858 = ORIENTED_EDGE('',*,*,#448,.T.);
#859 = ORIENTED_EDGE('',*,*,#860,.F.);
#860 = EDGE_CURVE('',#861,#440,#863,.T.);
#861 = VERTEX_POINT('',#862);
#862 = CARTESIAN_POINT('',(-32.,-7.014718625761,15.));
#863 = LINE('',#864,#865);
#864 = CARTESIAN_POINT('',(-32.,18.5,15.));
#865 = VECTOR('',#866,1.);
#866 = DIRECTION('',(0.,-1.,1.110223024625E-16));
#867 = ORIENTED_EDGE('',*,*,#868,.F.);
#868 = EDGE_CURVE('',#869,#861,#871,.T.);
#869 = VERTEX_POINT('',#870);
#870 = CARTESIAN_POINT('',(-33.,-6.014718625761,17.2360679775));
#871 = ELLIPSE('',#872,4.242640687119,3.);
#872 = AXIS2_PLACEMENT_3D('',#873,#874,#875);
#873 = CARTESIAN_POINT('',(-35.,-4.014718625761,15.));
#874 = DIRECTION('',(0.707106781187,0.707106781187,0.));
#875 = DIRECTION('',(0.707106781187,-0.707106781187,1.570092458684E-16)
  );
#876 = ORIENTED_EDGE('',*,*,#877,.F.);
#877 = EDGE_CURVE('',#878,#869,#880,.T.);
#878 = VERTEX_POINT('',#879);
#879 = CARTESIAN_POINT('',(-33.,6.014718625761,17.2360679775));
#880 = LINE('',#881,#882);
#881 = CARTESIAN_POINT('',(-33.,18.5,17.2360679775));
#882 = VECTOR('',#883,1.);
#883 = DIRECTION('',(0.,-1.,1.110223024625E-16));
#884 = ORIENTED_EDGE('',*,*,#885,.T.);
#885 = EDGE_CURVE('',#878,#886,#888,.T.);
#886 = VERTEX_POINT('',#887);
#887 = CARTESIAN_POINT('',(-32.,7.014718625761,15.));
#888 = ELLIPSE('',#889,4.242640687119,3.);
#889 = AXIS2_PLACEMENT_3D('',#890,#891,#892);
#890 = CARTESIAN_POINT('',(-35.,4.014718625761,15.));
#891 = DIRECTION('',(-0.707106781187,0.707106781187,0.));
#892 = DIRECTION('',(-0.707106781187,-0.707106781187,1.570092458684E-16)
  );
#893 = ORIENTED_EDGE('',*,*,#894,.F.);
#894 = EDGE_CURVE('',#227,#886,#895,.T.);
#895 = LINE('',#896,#897);
#896 = CARTESIAN_POINT('',(-32.,18.5,15.));
#897 = VECTOR('',#898,1.);
#898 = DIRECTION('',(0.,-1.,1.110223024625E-16));
#899 = ORIENTED_EDGE('',*,*,#235,.F.);
#900 = ORIENTED_EDGE('',*,*,#844,.T.);
#901 = CYLINDRICAL_SURFACE('',#902,3.);
#902 = AXIS2_PLACEMENT_3D('',#903,#904,#905);
#903 = CARTESIAN_POINT('',(-35.,18.5,15.));
#904 = DIRECTION('',(0.,-1.,1.110223024625E-16));
#905 = DIRECTION('',(1.,0.,0.));
#906 = ADVANCED_FACE('',(#907),#943,.F.);
#907 = FACE_BOUND('',#908,.F.);
#908 = EDGE_LOOP('',(#909,#910,#911,#917,#918,#919,#928,#936));
#909 = ORIENTED_EDGE('',*,*,#860,.T.);
#910 = ORIENTED_EDGE('',*,*,#439,.T.);
#911 = ORIENTED_EDGE('',*,*,#912,.F.);
#912 = EDGE_CURVE('',#219,#432,#913,.T.);
#913 = LINE('',#914,#915);
#914 = CARTESIAN_POINT('',(-36.,18.5,12.171572875254));
#915 = VECTOR('',#916,1.);
#916 = DIRECTION('',(0.,-1.,1.110223024625E-16));
#917 = ORIENTED_EDGE('',*,*,#226,.F.);
#918 = ORIENTED_EDGE('',*,*,#894,.T.);
#919 = ORIENTED_EDGE('',*,*,#920,.T.);
#920 = EDGE_CURVE('',#886,#921,#923,.T.);
#921 = VERTEX_POINT('',#922);
#922 = CARTESIAN_POINT('',(-33.,6.014718625761,12.7639320225));
#923 = ELLIPSE('',#924,4.242640687119,3.);
#924 = AXIS2_PLACEMENT_3D('',#925,#926,#927);
#925 = CARTESIAN_POINT('',(-35.,4.014718625761,15.));
#926 = DIRECTION('',(-0.707106781187,0.707106781187,0.));
#927 = DIRECTION('',(-0.707106781187,-0.707106781187,1.570092458684E-16)
  );
#928 = ORIENTED_EDGE('',*,*,#929,.T.);
#929 = EDGE_CURVE('',#921,#930,#932,.T.);
#930 = VERTEX_POINT('',#931);
#931 = CARTESIAN_POINT('',(-33.,-6.014718625761,12.7639320225));
#932 = LINE('',#933,#934);
#933 = CARTESIAN_POINT('',(-33.,18.5,12.7639320225));
#934 = VECTOR('',#935,1.);
#935 = DIRECTION('',(0.,-1.,1.110223024625E-16));
#936 = ORIENTED_EDGE('',*,*,#937,.F.);
#937 = EDGE_CURVE('',#861,#930,#938,.T.);
#938 = ELLIPSE('',#939,4.242640687119,3.);
#939 = AXIS2_PLACEMENT_3D('',#940,#941,#942);
#940 = CARTESIAN_POINT('',(-35.,-4.014718625761,15.));
#941 = DIRECTION('',(0.707106781187,0.707106781187,0.));
#942 = DIRECTION('',(0.707106781187,-0.707106781187,1.570092458684E-16)
  );
#943 = CYLINDRICAL_SURFACE('',#944,3.);
#944 = AXIS2_PLACEMENT_3D('',#945,#946,#947);
#945 = CARTESIAN_POINT('',(-35.,18.5,15.));
#946 = DIRECTION('',(0.,-1.,1.110223024625E-16));
#947 = DIRECTION('',(1.,0.,0.));
#948 = ADVANCED_FACE('',(#949),#960,.F.);
#949 = FACE_BOUND('',#950,.F.);
#950 = EDGE_LOOP('',(#951,#952,#953,#959));
#951 = ORIENTED_EDGE('',*,*,#912,.T.);
#952 = ORIENTED_EDGE('',*,*,#431,.F.);
#953 = ORIENTED_EDGE('',*,*,#954,.F.);
#954 = EDGE_CURVE('',#210,#423,#955,.T.);
#955 = LINE('',#956,#957);
#956 = CARTESIAN_POINT('',(-36.,18.5,2.828427124746));
#957 = VECTOR('',#958,1.);
#958 = DIRECTION('',(0.,-1.,1.110223024625E-16));
#959 = ORIENTED_EDGE('',*,*,#218,.T.);
#960 = PLANE('',#961);
#961 = AXIS2_PLACEMENT_3D('',#962,#963,#964);
#962 = CARTESIAN_POINT('',(-36.,-17.5,-87.5));
#963 = DIRECTION('',(1.,0.,-0.));
#964 = DIRECTION('',(0.,0.,1.));
#965 = ADVANCED_FACE('',(#966),#1011,.F.);
#966 = FACE_BOUND('',#967,.F.);
#967 = EDGE_LOOP('',(#968,#969,#977,#986,#994,#1003,#1009,#1010));
#968 = ORIENTED_EDGE('',*,*,#422,.T.);
#969 = ORIENTED_EDGE('',*,*,#970,.F.);
#970 = EDGE_CURVE('',#971,#414,#973,.T.);
#971 = VERTEX_POINT('',#972);
#972 = CARTESIAN_POINT('',(-32.,-7.014718625761,2.097914729027E-15));
#973 = LINE('',#974,#975);
#974 = CARTESIAN_POINT('',(-32.,18.5,-7.347880794884E-16));
#975 = VECTOR('',#976,1.);
#976 = DIRECTION('',(0.,-1.,1.110223024625E-16));
#977 = ORIENTED_EDGE('',*,*,#978,.F.);
#978 = EDGE_CURVE('',#979,#971,#981,.T.);
#979 = VERTEX_POINT('',#980);
#980 = CARTESIAN_POINT('',(-33.,-6.014718625761,2.2360679775));
#981 = ELLIPSE('',#982,4.242640687119,3.);
#982 = AXIS2_PLACEMENT_3D('',#983,#984,#985);
#983 = CARTESIAN_POINT('',(-35.,-4.014718625761,2.499635901128E-15));
#984 = DIRECTION('',(0.707106781187,0.707106781187,0.));
#985 = DIRECTION('',(0.707106781187,-0.707106781187,1.570092458684E-16)
  );
#986 = ORIENTED_EDGE('',*,*,#987,.F.);
#987 = EDGE_CURVE('',#988,#979,#990,.T.);
#988 = VERTEX_POINT('',#989);
#989 = CARTESIAN_POINT('',(-33.,6.014718625761,2.2360679775));
#990 = LINE('',#991,#992);
#991 = CARTESIAN_POINT('',(-33.,18.5,2.2360679775));
#992 = VECTOR('',#993,1.);
#993 = DIRECTION('',(0.,-1.,1.110223024625E-16));
#994 = ORIENTED_EDGE('',*,*,#995,.T.);
#995 = EDGE_CURVE('',#988,#996,#998,.T.);
#996 = VERTEX_POINT('',#997);
#997 = CARTESIAN_POINT('',(-32.,7.014718625761,5.403343031094E-16));
#998 = ELLIPSE('',#999,4.242640687119,3.);
#999 = AXIS2_PLACEMENT_3D('',#1000,#1001,#1002);
#1000 = CARTESIAN_POINT('',(-35.,4.014718625761,1.608189289985E-15));
#1001 = DIRECTION('',(-0.707106781187,0.707106781187,0.));
#1002 = DIRECTION('',(-0.707106781187,-0.707106781187,1.570092458684E-16
    ));
#1003 = ORIENTED_EDGE('',*,*,#1004,.F.);
#1004 = EDGE_CURVE('',#201,#996,#1005,.T.);
#1005 = LINE('',#1006,#1007);
#1006 = CARTESIAN_POINT('',(-32.,18.5,-7.347880794884E-16));
#1007 = VECTOR('',#1008,1.);
#1008 = DIRECTION('',(0.,-1.,1.110223024625E-16));
#1009 = ORIENTED_EDGE('',*,*,#209,.F.);
#1010 = ORIENTED_EDGE('',*,*,#954,.T.);
#1011 = CYLINDRICAL_SURFACE('',#1012,3.);
#1012 = AXIS2_PLACEMENT_3D('',#1013,#1014,#1015);
#1013 = CARTESIAN_POINT('',(-35.,18.5,0.));
#1014 = DIRECTION('',(0.,-1.,1.110223024625E-16));
#1015 = DIRECTION('',(1.,0.,0.));
#1016 = ADVANCED_FACE('',(#1017),#1053,.F.);
#1017 = FACE_BOUND('',#1018,.F.);
#1018 = EDGE_LOOP('',(#1019,#1020,#1021,#1027,#1028,#1029,#1038,#1046));
#1019 = ORIENTED_EDGE('',*,*,#970,.T.);
#1020 = ORIENTED_EDGE('',*,*,#413,.T.);
#1021 = ORIENTED_EDGE('',*,*,#1022,.F.);
#1022 = EDGE_CURVE('',#193,#406,#1023,.T.);
#1023 = LINE('',#1024,#1025);
#1024 = CARTESIAN_POINT('',(-36.,18.5,-2.828427124746));
#1025 = VECTOR('',#1026,1.);
#1026 = DIRECTION('',(0.,-1.,1.110223024625E-16));
#1027 = ORIENTED_EDGE('',*,*,#200,.F.);
#1028 = ORIENTED_EDGE('',*,*,#1004,.T.);
#1029 = ORIENTED_EDGE('',*,*,#1030,.T.);
#1030 = EDGE_CURVE('',#996,#1031,#1033,.T.);
#1031 = VERTEX_POINT('',#1032);
#1032 = CARTESIAN_POINT('',(-33.,6.014718625761,-2.2360679775));
#1033 = ELLIPSE('',#1034,4.242640687119,3.);
#1034 = AXIS2_PLACEMENT_3D('',#1035,#1036,#1037);
#1035 = CARTESIAN_POINT('',(-35.,4.014718625761,1.608189289985E-15));
#1036 = DIRECTION('',(-0.707106781187,0.707106781187,0.));
#1037 = DIRECTION('',(-0.707106781187,-0.707106781187,1.570092458684E-16
    ));
#1038 = ORIENTED_EDGE('',*,*,#1039,.T.);
#1039 = EDGE_CURVE('',#1031,#1040,#1042,.T.);
#1040 = VERTEX_POINT('',#1041);
#1041 = CARTESIAN_POINT('',(-33.,-6.014718625761,-2.2360679775));
#1042 = LINE('',#1043,#1044);
#1043 = CARTESIAN_POINT('',(-33.,18.5,-2.2360679775));
#1044 = VECTOR('',#1045,1.);
#1045 = DIRECTION('',(0.,-1.,1.110223024625E-16));
#1046 = ORIENTED_EDGE('',*,*,#1047,.F.);
#1047 = EDGE_CURVE('',#971,#1040,#1048,.T.);
#1048 = ELLIPSE('',#1049,4.242640687119,3.);
#1049 = AXIS2_PLACEMENT_3D('',#1050,#1051,#1052);
#1050 = CARTESIAN_POINT('',(-35.,-4.014718625761,2.499635901128E-15));
#1051 = DIRECTION('',(0.707106781187,0.707106781187,0.));
#1052 = DIRECTION('',(0.707106781187,-0.707106781187,1.570092458684E-16)
  );
#1053 = CYLINDRICAL_SURFACE('',#1054,3.);
#1054 = AXIS2_PLACEMENT_3D('',#1055,#1056,#1057);
#1055 = CARTESIAN_POINT('',(-35.,18.5,0.));
#1056 = DIRECTION('',(0.,-1.,1.110223024625E-16));
#1057 = DIRECTION('',(1.,0.,0.));
#1058 = ADVANCED_FACE('',(#1059),#1070,.F.);
#1059 = FACE_BOUND('',#1060,.F.);
#1060 = EDGE_LOOP('',(#1061,#1062,#1063,#1069));
#1061 = ORIENTED_EDGE('',*,*,#1022,.T.);
#1062 = ORIENTED_EDGE('',*,*,#405,.F.);
#1063 = ORIENTED_EDGE('',*,*,#1064,.F.);
#1064 = EDGE_CURVE('',#184,#397,#1065,.T.);
#1065 = LINE('',#1066,#1067);
#1066 = CARTESIAN_POINT('',(-36.,18.5,-12.17157287525));
#1067 = VECTOR('',#1068,1.);
#1068 = DIRECTION('',(0.,-1.,1.110223024625E-16));
#1069 = ORIENTED_EDGE('',*,*,#192,.T.);
#1070 = PLANE('',#1071);
#1071 = AXIS2_PLACEMENT_3D('',#1072,#1073,#1074);
#1072 = CARTESIAN_POINT('',(-36.,-17.5,-87.5));
#1073 = DIRECTION('',(1.,0.,-0.));
#1074 = DIRECTION('',(0.,0.,1.));
#1075 = ADVANCED_FACE('',(#1076),#1121,.F.);
#1076 = FACE_BOUND('',#1077,.F.);
#1077 = EDGE_LOOP('',(#1078,#1079,#1087,#1096,#1104,#1113,#1119,#1120));
#1078 = ORIENTED_EDGE('',*,*,#396,.T.);
#1079 = ORIENTED_EDGE('',*,*,#1080,.F.);
#1080 = EDGE_CURVE('',#1081,#388,#1083,.T.);
#1081 = VERTEX_POINT('',#1082);
#1082 = CARTESIAN_POINT('',(-32.,-7.014718625761,-15.));
#1083 = LINE('',#1084,#1085);
#1084 = CARTESIAN_POINT('',(-32.,18.5,-15.));
#1085 = VECTOR('',#1086,1.);
#1086 = DIRECTION('',(0.,-1.,1.110223024625E-16));
#1087 = ORIENTED_EDGE('',*,*,#1088,.F.);
#1088 = EDGE_CURVE('',#1089,#1081,#1091,.T.);
#1089 = VERTEX_POINT('',#1090);
#1090 = CARTESIAN_POINT('',(-33.,-6.014718625761,-12.7639320225));
#1091 = ELLIPSE('',#1092,4.242640687119,3.);
#1092 = AXIS2_PLACEMENT_3D('',#1093,#1094,#1095);
#1093 = CARTESIAN_POINT('',(-35.,-4.014718625761,-15.));
#1094 = DIRECTION('',(0.707106781187,0.707106781187,0.));
#1095 = DIRECTION('',(0.707106781187,-0.707106781187,1.570092458684E-16)
  );
#1096 = ORIENTED_EDGE('',*,*,#1097,.F.);
#1097 = EDGE_CURVE('',#1098,#1089,#1100,.T.);
#1098 = VERTEX_POINT('',#1099);
#1099 = CARTESIAN_POINT('',(-33.,6.014718625761,-12.7639320225));
#1100 = LINE('',#1101,#1102);
#1101 = CARTESIAN_POINT('',(-33.,18.5,-12.7639320225));
#1102 = VECTOR('',#1103,1.);
#1103 = DIRECTION('',(0.,-1.,1.110223024625E-16));
#1104 = ORIENTED_EDGE('',*,*,#1105,.T.);
#1105 = EDGE_CURVE('',#1098,#1106,#1108,.T.);
#1106 = VERTEX_POINT('',#1107);
#1107 = CARTESIAN_POINT('',(-32.,7.014718625761,-15.));
#1108 = ELLIPSE('',#1109,4.242640687119,3.);
#1109 = AXIS2_PLACEMENT_3D('',#1110,#1111,#1112);
#1110 = CARTESIAN_POINT('',(-35.,4.014718625761,-15.));
#1111 = DIRECTION('',(-0.707106781187,0.707106781187,0.));
#1112 = DIRECTION('',(-0.707106781187,-0.707106781187,1.570092458684E-16
    ));
#1113 = ORIENTED_EDGE('',*,*,#1114,.F.);
#1114 = EDGE_CURVE('',#175,#1106,#1115,.T.);
#1115 = LINE('',#1116,#1117);
#1116 = CARTESIAN_POINT('',(-32.,18.5,-15.));
#1117 = VECTOR('',#1118,1.);
#1118 = DIRECTION('',(0.,-1.,1.110223024625E-16));
#1119 = ORIENTED_EDGE('',*,*,#183,.F.);
#1120 = ORIENTED_EDGE('',*,*,#1064,.T.);
#1121 = CYLINDRICAL_SURFACE('',#1122,3.);
#1122 = AXIS2_PLACEMENT_3D('',#1123,#1124,#1125);
#1123 = CARTESIAN_POINT('',(-35.,18.5,-15.));
#1124 = DIRECTION('',(0.,-1.,1.110223024625E-16));
#1125 = DIRECTION('',(1.,0.,0.));
#1126 = ADVANCED_FACE('',(#1127),#1163,.F.);
#1127 = FACE_BOUND('',#1128,.F.);
#1128 = EDGE_LOOP('',(#1129,#1130,#1131,#1137,#1138,#1139,#1148,#1156));
#1129 = ORIENTED_EDGE('',*,*,#1080,.T.);
#1130 = ORIENTED_EDGE('',*,*,#387,.T.);
#1131 = ORIENTED_EDGE('',*,*,#1132,.F.);
#1132 = EDGE_CURVE('',#167,#380,#1133,.T.);
#1133 = LINE('',#1134,#1135);
#1134 = CARTESIAN_POINT('',(-36.,18.5,-17.82842712474));
#1135 = VECTOR('',#1136,1.);
#1136 = DIRECTION('',(0.,-1.,1.110223024625E-16));
#1137 = ORIENTED_EDGE('',*,*,#174,.F.);
#1138 = ORIENTED_EDGE('',*,*,#1114,.T.);
#1139 = ORIENTED_EDGE('',*,*,#1140,.T.);
#1140 = EDGE_CURVE('',#1106,#1141,#1143,.T.);
#1141 = VERTEX_POINT('',#1142);
#1142 = CARTESIAN_POINT('',(-33.,6.014718625761,-17.2360679775));
#1143 = ELLIPSE('',#1144,4.242640687119,3.);
#1144 = AXIS2_PLACEMENT_3D('',#1145,#1146,#1147);
#1145 = CARTESIAN_POINT('',(-35.,4.014718625761,-15.));
#1146 = DIRECTION('',(-0.707106781187,0.707106781187,0.));
#1147 = DIRECTION('',(-0.707106781187,-0.707106781187,1.570092458684E-16
    ));
#1148 = ORIENTED_EDGE('',*,*,#1149,.T.);
#1149 = EDGE_CURVE('',#1141,#1150,#1152,.T.);
#1150 = VERTEX_POINT('',#1151);
#1151 = CARTESIAN_POINT('',(-33.,-6.014718625761,-17.2360679775));
#1152 = LINE('',#1153,#1154);
#1153 = CARTESIAN_POINT('',(-33.,18.5,-17.2360679775));
#1154 = VECTOR('',#1155,1.);
#1155 = DIRECTION('',(0.,-1.,1.110223024625E-16));
#1156 = ORIENTED_EDGE('',*,*,#1157,.F.);
#1157 = EDGE_CURVE('',#1081,#1150,#1158,.T.);
#1158 = ELLIPSE('',#1159,4.242640687119,3.);
#1159 = AXIS2_PLACEMENT_3D('',#1160,#1161,#1162);
#1160 = CARTESIAN_POINT('',(-35.,-4.014718625761,-15.));
#1161 = DIRECTION('',(0.707106781187,0.707106781187,0.));
#1162 = DIRECTION('',(0.707106781187,-0.707106781187,1.570092458684E-16)
  );
#1163 = CYLINDRICAL_SURFACE('',#1164,3.);
#1164 = AXIS2_PLACEMENT_3D('',#1165,#1166,#1167);
#1165 = CARTESIAN_POINT('',(-35.,18.5,-15.));
#1166 = DIRECTION('',(0.,-1.,1.110223024625E-16));
#1167 = DIRECTION('',(1.,0.,0.));
#1168 = ADVANCED_FACE('',(#1169),#1180,.F.);
#1169 = FACE_BOUND('',#1170,.F.);
#1170 = EDGE_LOOP('',(#1171,#1172,#1173,#1179));
#1171 = ORIENTED_EDGE('',*,*,#1132,.T.);
#1172 = ORIENTED_EDGE('',*,*,#379,.F.);
#1173 = ORIENTED_EDGE('',*,*,#1174,.F.);
#1174 = EDGE_CURVE('',#158,#371,#1175,.T.);
#1175 = LINE('',#1176,#1177);
#1176 = CARTESIAN_POINT('',(-36.,18.5,-27.17157287525));
#1177 = VECTOR('',#1178,1.);
#1178 = DIRECTION('',(0.,-1.,1.110223024625E-16));
#1179 = ORIENTED_EDGE('',*,*,#166,.T.);
#1180 = PLANE('',#1181);
#1181 = AXIS2_PLACEMENT_3D('',#1182,#1183,#1184);
#1182 = CARTESIAN_POINT('',(-36.,-17.5,-87.5));
#1183 = DIRECTION('',(1.,0.,-0.));
#1184 = DIRECTION('',(0.,0.,1.));
#1185 = ADVANCED_FACE('',(#1186),#1231,.F.);
#1186 = FACE_BOUND('',#1187,.F.);
#1187 = EDGE_LOOP('',(#1188,#1189,#1197,#1206,#1214,#1223,#1229,#1230));
#1188 = ORIENTED_EDGE('',*,*,#370,.T.);
#1189 = ORIENTED_EDGE('',*,*,#1190,.F.);
#1190 = EDGE_CURVE('',#1191,#362,#1193,.T.);
#1191 = VERTEX_POINT('',#1192);
#1192 = CARTESIAN_POINT('',(-32.,-7.014718625761,-30.));
#1193 = LINE('',#1194,#1195);
#1194 = CARTESIAN_POINT('',(-32.,18.5,-30.));
#1195 = VECTOR('',#1196,1.);
#1196 = DIRECTION('',(0.,-1.,1.110223024625E-16));
#1197 = ORIENTED_EDGE('',*,*,#1198,.F.);
#1198 = EDGE_CURVE('',#1199,#1191,#1201,.T.);
#1199 = VERTEX_POINT('',#1200);
#1200 = CARTESIAN_POINT('',(-33.,-6.014718625761,-27.7639320225));
#1201 = ELLIPSE('',#1202,4.242640687119,3.);
#1202 = AXIS2_PLACEMENT_3D('',#1203,#1204,#1205);
#1203 = CARTESIAN_POINT('',(-35.,-4.014718625761,-30.));
#1204 = DIRECTION('',(0.707106781187,0.707106781187,0.));
#1205 = DIRECTION('',(0.707106781187,-0.707106781187,1.570092458684E-16)
  );
#1206 = ORIENTED_EDGE('',*,*,#1207,.F.);
#1207 = EDGE_CURVE('',#1208,#1199,#1210,.T.);
#1208 = VERTEX_POINT('',#1209);
#1209 = CARTESIAN_POINT('',(-33.,6.014718625761,-27.7639320225));
#1210 = LINE('',#1211,#1212);
#1211 = CARTESIAN_POINT('',(-33.,18.5,-27.7639320225));
#1212 = VECTOR('',#1213,1.);
#1213 = DIRECTION('',(0.,-1.,1.110223024625E-16));
#1214 = ORIENTED_EDGE('',*,*,#1215,.T.);
#1215 = EDGE_CURVE('',#1208,#1216,#1218,.T.);
#1216 = VERTEX_POINT('',#1217);
#1217 = CARTESIAN_POINT('',(-32.,7.014718625761,-30.));
#1218 = ELLIPSE('',#1219,4.242640687119,3.);
#1219 = AXIS2_PLACEMENT_3D('',#1220,#1221,#1222);
#1220 = CARTESIAN_POINT('',(-35.,4.014718625761,-30.));
#1221 = DIRECTION('',(-0.707106781187,0.707106781187,0.));
#1222 = DIRECTION('',(-0.707106781187,-0.707106781187,1.570092458684E-16
    ));
#1223 = ORIENTED_EDGE('',*,*,#1224,.F.);
#1224 = EDGE_CURVE('',#149,#1216,#1225,.T.);
#1225 = LINE('',#1226,#1227);
#1226 = CARTESIAN_POINT('',(-32.,18.5,-30.));
#1227 = VECTOR('',#1228,1.);
#1228 = DIRECTION('',(0.,-1.,1.110223024625E-16));
#1229 = ORIENTED_EDGE('',*,*,#157,.F.);
#1230 = ORIENTED_EDGE('',*,*,#1174,.T.);
#1231 = CYLINDRICAL_SURFACE('',#1232,3.);
#1232 = AXIS2_PLACEMENT_3D('',#1233,#1234,#1235);
#1233 = CARTESIAN_POINT('',(-35.,18.5,-30.));
#1234 = DIRECTION('',(0.,-1.,1.110223024625E-16));
#1235 = DIRECTION('',(1.,0.,0.));
#1236 = ADVANCED_FACE('',(#1237),#1273,.F.);
#1237 = FACE_BOUND('',#1238,.F.);
#1238 = EDGE_LOOP('',(#1239,#1240,#1241,#1247,#1248,#1249,#1258,#1266));
#1239 = ORIENTED_EDGE('',*,*,#1190,.T.);
#1240 = ORIENTED_EDGE('',*,*,#361,.T.);
#1241 = ORIENTED_EDGE('',*,*,#1242,.F.);
#1242 = EDGE_CURVE('',#141,#354,#1243,.T.);
#1243 = LINE('',#1244,#1245);
#1244 = CARTESIAN_POINT('',(-36.,18.5,-32.82842712474));
#1245 = VECTOR('',#1246,1.);
#1246 = DIRECTION('',(0.,-1.,1.110223024625E-16));
#1247 = ORIENTED_EDGE('',*,*,#148,.F.);
#1248 = ORIENTED_EDGE('',*,*,#1224,.T.);
#1249 = ORIENTED_EDGE('',*,*,#1250,.T.);
#1250 = EDGE_CURVE('',#1216,#1251,#1253,.T.);
#1251 = VERTEX_POINT('',#1252);
#1252 = CARTESIAN_POINT('',(-33.,6.014718625761,-32.2360679775));
#1253 = ELLIPSE('',#1254,4.242640687119,3.);
#1254 = AXIS2_PLACEMENT_3D('',#1255,#1256,#1257);
#1255 = CARTESIAN_POINT('',(-35.,4.014718625761,-30.));
#1256 = DIRECTION('',(-0.707106781187,0.707106781187,0.));
#1257 = DIRECTION('',(-0.707106781187,-0.707106781187,1.570092458684E-16
    ));
#1258 = ORIENTED_EDGE('',*,*,#1259,.T.);
#1259 = EDGE_CURVE('',#1251,#1260,#1262,.T.);
#1260 = VERTEX_POINT('',#1261);
#1261 = CARTESIAN_POINT('',(-33.,-6.014718625761,-32.2360679775));
#1262 = LINE('',#1263,#1264);
#1263 = CARTESIAN_POINT('',(-33.,18.5,-32.2360679775));
#1264 = VECTOR('',#1265,1.);
#1265 = DIRECTION('',(0.,-1.,1.110223024625E-16));
#1266 = ORIENTED_EDGE('',*,*,#1267,.F.);
#1267 = EDGE_CURVE('',#1191,#1260,#1268,.T.);
#1268 = ELLIPSE('',#1269,4.242640687119,3.);
#1269 = AXIS2_PLACEMENT_3D('',#1270,#1271,#1272);
#1270 = CARTESIAN_POINT('',(-35.,-4.014718625761,-30.));
#1271 = DIRECTION('',(0.707106781187,0.707106781187,0.));
#1272 = DIRECTION('',(0.707106781187,-0.707106781187,1.570092458684E-16)
  );
#1273 = CYLINDRICAL_SURFACE('',#1274,3.);
#1274 = AXIS2_PLACEMENT_3D('',#1275,#1276,#1277);
#1275 = CARTESIAN_POINT('',(-35.,18.5,-30.));
#1276 = DIRECTION('',(0.,-1.,1.110223024625E-16));
#1277 = DIRECTION('',(1.,0.,0.));
#1278 = ADVANCED_FACE('',(#1279),#1290,.F.);
#1279 = FACE_BOUND('',#1280,.F.);
#1280 = EDGE_LOOP('',(#1281,#1282,#1283,#1289));
#1281 = ORIENTED_EDGE('',*,*,#1242,.T.);
#1282 = ORIENTED_EDGE('',*,*,#353,.F.);
#1283 = ORIENTED_EDGE('',*,*,#1284,.T.);
#1284 = EDGE_CURVE('',#346,#133,#1285,.T.);
#1285 = LINE('',#1286,#1287);
#1286 = CARTESIAN_POINT('',(-36.,-17.5,-87.5));
#1287 = VECTOR('',#1288,1.);
#1288 = DIRECTION('',(-0.,1.,0.));
#1289 = ORIENTED_EDGE('',*,*,#140,.T.);
#1290 = PLANE('',#1291);
#1291 = AXIS2_PLACEMENT_3D('',#1292,#1293,#1294);
#1292 = CARTESIAN_POINT('',(-36.,-17.5,-87.5));
#1293 = DIRECTION('',(1.,0.,-0.));
#1294 = DIRECTION('',(0.,0.,1.));
#1295 = ADVANCED_FACE('',(#1296),#1311,.F.);
#1296 = FACE_BOUND('',#1297,.F.);
#1297 = EDGE_LOOP('',(#1298,#1299,#1300,#1301,#1302,#1308,#1309,#1310));
#1298 = ORIENTED_EDGE('',*,*,#1284,.F.);
#1299 = ORIENTED_EDGE('',*,*,#345,.F.);
#1300 = ORIENTED_EDGE('',*,*,#783,.T.);
#1301 = ORIENTED_EDGE('',*,*,#684,.F.);
#1302 = ORIENTED_EDGE('',*,*,#1303,.T.);
#1303 = EDGE_CURVE('',#675,#542,#1304,.T.);
#1304 = LINE('',#1305,#1306);
#1305 = CARTESIAN_POINT('',(36.,-17.5,-87.5));
#1306 = VECTOR('',#1307,1.);
#1307 = DIRECTION('',(-0.,1.,0.));
#1308 = ORIENTED_EDGE('',*,*,#551,.T.);
#1309 = ORIENTED_EDGE('',*,*,#483,.F.);
#1310 = ORIENTED_EDGE('',*,*,#132,.T.);
#1311 = PLANE('',#1312);
#1312 = AXIS2_PLACEMENT_3D('',#1313,#1314,#1315);
#1313 = CARTESIAN_POINT('',(-36.,-17.5,-87.5));
#1314 = DIRECTION('',(0.,0.,1.));
#1315 = DIRECTION('',(1.,0.,-0.));
#1316 = ADVANCED_FACE('',(#1317),#1391,.F.);
#1317 = FACE_BOUND('',#1318,.F.);
#1318 = EDGE_LOOP('',(#1319,#1329,#1337,#1343,#1344,#1345,#1351,#1352,
    #1353,#1359,#1360,#1361,#1367,#1368,#1369,#1375,#1376,#1377,#1385));
#1319 = ORIENTED_EDGE('',*,*,#1320,.F.);
#1320 = EDGE_CURVE('',#1321,#1323,#1325,.T.);
#1321 = VERTEX_POINT('',#1322);
#1322 = CARTESIAN_POINT('',(-24.51471862576,14.5,-84.5));
#1323 = VERTEX_POINT('',#1324);
#1324 = CARTESIAN_POINT('',(-24.51471862576,14.5,84.5));
#1325 = LINE('',#1326,#1327);
#1326 = CARTESIAN_POINT('',(-24.51471862576,14.5,-89.5));
#1327 = VECTOR('',#1328,1.);
#1328 = DIRECTION('',(0.,0.,1.));
#1329 = ORIENTED_EDGE('',*,*,#1330,.T.);
#1330 = EDGE_CURVE('',#1321,#1331,#1333,.T.);
#1331 = VERTEX_POINT('',#1332);
#1332 = CARTESIAN_POINT('',(-33.,6.014718625761,-84.5));
#1333 = LINE('',#1334,#1335);
#1334 = CARTESIAN_POINT('',(-38.12867965644,0.886038969321,-84.5));
#1335 = VECTOR('',#1336,1.);
#1336 = DIRECTION('',(-0.707106781187,-0.707106781187,0.));
#1337 = ORIENTED_EDGE('',*,*,#1338,.T.);
#1338 = EDGE_CURVE('',#1331,#1251,#1339,.T.);
#1339 = LINE('',#1340,#1341);
#1340 = CARTESIAN_POINT('',(-33.,6.014718625761,-89.5));
#1341 = VECTOR('',#1342,1.);
#1342 = DIRECTION('',(0.,0.,1.));
#1343 = ORIENTED_EDGE('',*,*,#1250,.F.);
#1344 = ORIENTED_EDGE('',*,*,#1215,.F.);
#1345 = ORIENTED_EDGE('',*,*,#1346,.T.);
#1346 = EDGE_CURVE('',#1208,#1141,#1347,.T.);
#1347 = LINE('',#1348,#1349);
#1348 = CARTESIAN_POINT('',(-33.,6.014718625761,-89.5));
#1349 = VECTOR('',#1350,1.);
#1350 = DIRECTION('',(0.,0.,1.));
#1351 = ORIENTED_EDGE('',*,*,#1140,.F.);
#1352 = ORIENTED_EDGE('',*,*,#1105,.F.);
#1353 = ORIENTED_EDGE('',*,*,#1354,.T.);
#1354 = EDGE_CURVE('',#1098,#1031,#1355,.T.);
#1355 = LINE('',#1356,#1357);
#1356 = CARTESIAN_POINT('',(-33.,6.014718625761,-89.5));
#1357 = VECTOR('',#1358,1.);
#1358 = DIRECTION('',(0.,0.,1.));
#1359 = ORIENTED_EDGE('',*,*,#1030,.F.);
#1360 = ORIENTED_EDGE('',*,*,#995,.F.);
#1361 = ORIENTED_EDGE('',*,*,#1362,.T.);
#1362 = EDGE_CURVE('',#988,#921,#1363,.T.);
#1363 = LINE('',#1364,#1365);
#1364 = CARTESIAN_POINT('',(-33.,6.014718625761,-89.5));
#1365 = VECTOR('',#1366,1.);
#1366 = DIRECTION('',(0.,0.,1.));
#1367 = ORIENTED_EDGE('',*,*,#920,.F.);
#1368 = ORIENTED_EDGE('',*,*,#885,.F.);
#1369 = ORIENTED_EDGE('',*,*,#1370,.T.);
#1370 = EDGE_CURVE('',#878,#811,#1371,.T.);
#1371 = LINE('',#1372,#1373);
#1372 = CARTESIAN_POINT('',(-33.,6.014718625761,-89.5));
#1373 = VECTOR('',#1374,1.);
#1374 = DIRECTION('',(0.,0.,1.));
#1375 = ORIENTED_EDGE('',*,*,#810,.F.);
#1376 = ORIENTED_EDGE('',*,*,#312,.F.);
#1377 = ORIENTED_EDGE('',*,*,#1378,.T.);
#1378 = EDGE_CURVE('',#305,#1379,#1381,.T.);
#1379 = VERTEX_POINT('',#1380);
#1380 = CARTESIAN_POINT('',(-33.,6.014718625761,84.5));
#1381 = LINE('',#1382,#1383);
#1382 = CARTESIAN_POINT('',(-33.,6.014718625761,-89.5));
#1383 = VECTOR('',#1384,1.);
#1384 = DIRECTION('',(0.,0.,1.));
#1385 = ORIENTED_EDGE('',*,*,#1386,.F.);
#1386 = EDGE_CURVE('',#1323,#1379,#1387,.T.);
#1387 = LINE('',#1388,#1389);
#1388 = CARTESIAN_POINT('',(-38.12867965644,0.886038969321,84.5));
#1389 = VECTOR('',#1390,1.);
#1390 = DIRECTION('',(-0.707106781187,-0.707106781187,0.));
#1391 = PLANE('',#1392);
#1392 = AXIS2_PLACEMENT_3D('',#1393,#1394,#1395);
#1393 = CARTESIAN_POINT('',(-33.,6.014718625761,-89.5));
#1394 = DIRECTION('',(-0.707106781187,0.707106781187,0.));
#1395 = DIRECTION('',(0.,0.,1.));
#1396 = ADVANCED_FACE('',(#1397),#1415,.T.);
#1397 = FACE_BOUND('',#1398,.T.);
#1398 = EDGE_LOOP('',(#1399,#1407,#1413,#1414));
#1399 = ORIENTED_EDGE('',*,*,#1400,.F.);
#1400 = EDGE_CURVE('',#1401,#1379,#1403,.T.);
#1401 = VERTEX_POINT('',#1402);
#1402 = CARTESIAN_POINT('',(-33.,-6.014718625761,84.5));
#1403 = LINE('',#1404,#1405);
#1404 = CARTESIAN_POINT('',(-33.,-14.5,84.5));
#1405 = VECTOR('',#1406,1.);
#1406 = DIRECTION('',(-0.,1.,0.));
#1407 = ORIENTED_EDGE('',*,*,#1408,.F.);
#1408 = EDGE_CURVE('',#296,#1401,#1409,.T.);
#1409 = LINE('',#1410,#1411);
#1410 = CARTESIAN_POINT('',(-33.,-6.014718625761,-89.5));
#1411 = VECTOR('',#1412,1.);
#1412 = DIRECTION('',(0.,0.,1.));
#1413 = ORIENTED_EDGE('',*,*,#304,.F.);
#1414 = ORIENTED_EDGE('',*,*,#1378,.T.);
#1415 = PLANE('',#1416);
#1416 = AXIS2_PLACEMENT_3D('',#1417,#1418,#1419);
#1417 = CARTESIAN_POINT('',(-33.,-14.5,-84.5));
#1418 = DIRECTION('',(1.,0.,-0.));
#1419 = DIRECTION('',(0.,0.,1.));
#1420 = ADVANCED_FACE('',(#1421),#1488,.T.);
#1421 = FACE_BOUND('',#1422,.T.);
#1422 = EDGE_LOOP('',(#1423,#1433,#1441,#1447,#1448,#1449,#1455,#1456,
    #1457,#1463,#1464,#1465,#1471,#1472,#1473,#1479,#1480,#1481,#1482));
#1423 = ORIENTED_EDGE('',*,*,#1424,.F.);
#1424 = EDGE_CURVE('',#1425,#1427,#1429,.T.);
#1425 = VERTEX_POINT('',#1426);
#1426 = CARTESIAN_POINT('',(-24.51471862576,-14.5,-84.5));
#1427 = VERTEX_POINT('',#1428);
#1428 = CARTESIAN_POINT('',(-24.51471862576,-14.5,84.5));
#1429 = LINE('',#1430,#1431);
#1430 = CARTESIAN_POINT('',(-24.51471862576,-14.5,-89.5));
#1431 = VECTOR('',#1432,1.);
#1432 = DIRECTION('',(0.,0.,1.));
#1433 = ORIENTED_EDGE('',*,*,#1434,.T.);
#1434 = EDGE_CURVE('',#1425,#1435,#1437,.T.);
#1435 = VERTEX_POINT('',#1436);
#1436 = CARTESIAN_POINT('',(-33.,-6.014718625761,-84.5));
#1437 = LINE('',#1438,#1439);
#1438 = CARTESIAN_POINT('',(-26.63603896932,-12.37867965644,-84.5));
#1439 = VECTOR('',#1440,1.);
#1440 = DIRECTION('',(-0.707106781187,0.707106781187,0.));
#1441 = ORIENTED_EDGE('',*,*,#1442,.T.);
#1442 = EDGE_CURVE('',#1435,#1260,#1443,.T.);
#1443 = LINE('',#1444,#1445);
#1444 = CARTESIAN_POINT('',(-33.,-6.014718625761,-89.5));
#1445 = VECTOR('',#1446,1.);
#1446 = DIRECTION('',(0.,0.,1.));
#1447 = ORIENTED_EDGE('',*,*,#1267,.F.);
#1448 = ORIENTED_EDGE('',*,*,#1198,.F.);
#1449 = ORIENTED_EDGE('',*,*,#1450,.T.);
#1450 = EDGE_CURVE('',#1199,#1150,#1451,.T.);
#1451 = LINE('',#1452,#1453);
#1452 = CARTESIAN_POINT('',(-33.,-6.014718625761,-89.5));
#1453 = VECTOR('',#1454,1.);
#1454 = DIRECTION('',(0.,0.,1.));
#1455 = ORIENTED_EDGE('',*,*,#1157,.F.);
#1456 = ORIENTED_EDGE('',*,*,#1088,.F.);
#1457 = ORIENTED_EDGE('',*,*,#1458,.T.);
#1458 = EDGE_CURVE('',#1089,#1040,#1459,.T.);
#1459 = LINE('',#1460,#1461);
#1460 = CARTESIAN_POINT('',(-33.,-6.014718625761,-89.5));
#1461 = VECTOR('',#1462,1.);
#1462 = DIRECTION('',(0.,0.,1.));
#1463 = ORIENTED_EDGE('',*,*,#1047,.F.);
#1464 = ORIENTED_EDGE('',*,*,#978,.F.);
#1465 = ORIENTED_EDGE('',*,*,#1466,.T.);
#1466 = EDGE_CURVE('',#979,#930,#1467,.T.);
#1467 = LINE('',#1468,#1469);
#1468 = CARTESIAN_POINT('',(-33.,-6.014718625761,-89.5));
#1469 = VECTOR('',#1470,1.);
#1470 = DIRECTION('',(0.,0.,1.));
#1471 = ORIENTED_EDGE('',*,*,#937,.F.);
#1472 = ORIENTED_EDGE('',*,*,#868,.F.);
#1473 = ORIENTED_EDGE('',*,*,#1474,.T.);
#1474 = EDGE_CURVE('',#869,#820,#1475,.T.);
#1475 = LINE('',#1476,#1477);
#1476 = CARTESIAN_POINT('',(-33.,-6.014718625761,-89.5));
#1477 = VECTOR('',#1478,1.);
#1478 = DIRECTION('',(0.,0.,1.));
#1479 = ORIENTED_EDGE('',*,*,#827,.F.);
#1480 = ORIENTED_EDGE('',*,*,#295,.F.);
#1481 = ORIENTED_EDGE('',*,*,#1408,.T.);
#1482 = ORIENTED_EDGE('',*,*,#1483,.F.);
#1483 = EDGE_CURVE('',#1427,#1401,#1484,.T.);
#1484 = LINE('',#1485,#1486);
#1485 = CARTESIAN_POINT('',(-26.63603896932,-12.37867965644,84.5));
#1486 = VECTOR('',#1487,1.);
#1487 = DIRECTION('',(-0.707106781187,0.707106781187,0.));
#1488 = PLANE('',#1489);
#1489 = AXIS2_PLACEMENT_3D('',#1490,#1491,#1492);
#1490 = CARTESIAN_POINT('',(-24.51471862576,-14.5,-89.5));
#1491 = DIRECTION('',(0.707106781187,0.707106781187,0.));
#1492 = DIRECTION('',(0.,0.,1.));
#1493 = ADVANCED_FACE('',(#1494),#1519,.F.);
#1494 = FACE_BOUND('',#1495,.F.);
#1495 = EDGE_LOOP('',(#1496,#1504,#1512,#1518));
#1496 = ORIENTED_EDGE('',*,*,#1497,.F.);
#1497 = EDGE_CURVE('',#1498,#502,#1500,.T.);
#1498 = VERTEX_POINT('',#1499);
#1499 = CARTESIAN_POINT('',(-24.,14.5,51.));
#1500 = LINE('',#1501,#1502);
#1501 = CARTESIAN_POINT('',(-24.,12.5,51.));
#1502 = VECTOR('',#1503,1.);
#1503 = DIRECTION('',(-0.,1.,0.));
#1504 = ORIENTED_EDGE('',*,*,#1505,.T.);
#1505 = EDGE_CURVE('',#1498,#1506,#1508,.T.);
#1506 = VERTEX_POINT('',#1507);
#1507 = CARTESIAN_POINT('',(24.,14.5,51.));
#1508 = LINE('',#1509,#1510);
#1509 = CARTESIAN_POINT('',(-28.5,14.5,51.));
#1510 = VECTOR('',#1511,1.);
#1511 = DIRECTION('',(1.,0.,-0.));
#1512 = ORIENTED_EDGE('',*,*,#1513,.T.);
#1513 = EDGE_CURVE('',#1506,#504,#1514,.T.);
#1514 = LINE('',#1515,#1516);
#1515 = CARTESIAN_POINT('',(24.,12.5,51.));
#1516 = VECTOR('',#1517,1.);
#1517 = DIRECTION('',(-0.,1.,0.));
#1518 = ORIENTED_EDGE('',*,*,#501,.F.);
#1519 = PLANE('',#1520);
#1520 = AXIS2_PLACEMENT_3D('',#1521,#1522,#1523);
#1521 = CARTESIAN_POINT('',(-24.,12.5,51.));
#1522 = DIRECTION('',(0.,0.,1.));
#1523 = DIRECTION('',(1.,0.,-0.));
#1524 = ADVANCED_FACE('',(#1525),#1543,.F.);
#1525 = FACE_BOUND('',#1526,.F.);
#1526 = EDGE_LOOP('',(#1527,#1528,#1536,#1542));
#1527 = ORIENTED_EDGE('',*,*,#1513,.F.);
#1528 = ORIENTED_EDGE('',*,*,#1529,.T.);
#1529 = EDGE_CURVE('',#1506,#1530,#1532,.T.);
#1530 = VERTEX_POINT('',#1531);
#1531 = CARTESIAN_POINT('',(24.,14.5,15.));
#1532 = LINE('',#1533,#1534);
#1533 = CARTESIAN_POINT('',(24.,14.5,-34.75));
#1534 = VECTOR('',#1535,1.);
#1535 = DIRECTION('',(-0.,0.,-1.));
#1536 = ORIENTED_EDGE('',*,*,#1537,.T.);
#1537 = EDGE_CURVE('',#1530,#520,#1538,.T.);
#1538 = LINE('',#1539,#1540);
#1539 = CARTESIAN_POINT('',(24.,12.5,15.));
#1540 = VECTOR('',#1541,1.);
#1541 = DIRECTION('',(-0.,1.,0.));
#1542 = ORIENTED_EDGE('',*,*,#527,.F.);
#1543 = PLANE('',#1544);
#1544 = AXIS2_PLACEMENT_3D('',#1545,#1546,#1547);
#1545 = CARTESIAN_POINT('',(24.,12.5,15.));
#1546 = DIRECTION('',(1.,0.,-0.));
#1547 = DIRECTION('',(0.,0.,1.));
#1548 = ADVANCED_FACE('',(#1549),#1567,.T.);
#1549 = FACE_BOUND('',#1550,.T.);
#1550 = EDGE_LOOP('',(#1551,#1559,#1565,#1566));
#1551 = ORIENTED_EDGE('',*,*,#1552,.F.);
#1552 = EDGE_CURVE('',#1553,#512,#1555,.T.);
#1553 = VERTEX_POINT('',#1554);
#1554 = CARTESIAN_POINT('',(-24.,14.5,15.));
#1555 = LINE('',#1556,#1557);
#1556 = CARTESIAN_POINT('',(-24.,12.5,15.));
#1557 = VECTOR('',#1558,1.);
#1558 = DIRECTION('',(-0.,1.,0.));
#1559 = ORIENTED_EDGE('',*,*,#1560,.T.);
#1560 = EDGE_CURVE('',#1553,#1530,#1561,.T.);
#1561 = LINE('',#1562,#1563);
#1562 = CARTESIAN_POINT('',(-28.5,14.5,15.));
#1563 = VECTOR('',#1564,1.);
#1564 = DIRECTION('',(1.,0.,-0.));
#1565 = ORIENTED_EDGE('',*,*,#1537,.T.);
#1566 = ORIENTED_EDGE('',*,*,#519,.F.);
#1567 = PLANE('',#1568);
#1568 = AXIS2_PLACEMENT_3D('',#1569,#1570,#1571);
#1569 = CARTESIAN_POINT('',(-24.,12.5,15.));
#1570 = DIRECTION('',(0.,0.,1.));
#1571 = DIRECTION('',(1.,0.,-0.));
#1572 = ADVANCED_FACE('',(#1573),#1584,.T.);
#1573 = FACE_BOUND('',#1574,.T.);
#1574 = EDGE_LOOP('',(#1575,#1576,#1582,#1583));
#1575 = ORIENTED_EDGE('',*,*,#1497,.F.);
#1576 = ORIENTED_EDGE('',*,*,#1577,.T.);
#1577 = EDGE_CURVE('',#1498,#1553,#1578,.T.);
#1578 = LINE('',#1579,#1580);
#1579 = CARTESIAN_POINT('',(-24.,14.5,-34.75));
#1580 = VECTOR('',#1581,1.);
#1581 = DIRECTION('',(-0.,0.,-1.));
#1582 = ORIENTED_EDGE('',*,*,#1552,.T.);
#1583 = ORIENTED_EDGE('',*,*,#511,.F.);
#1584 = PLANE('',#1585);
#1585 = AXIS2_PLACEMENT_3D('',#1586,#1587,#1588);
#1586 = CARTESIAN_POINT('',(-24.,12.5,15.));
#1587 = DIRECTION('',(1.,0.,-0.));
#1588 = DIRECTION('',(0.,0.,1.));
#1589 = ADVANCED_FACE('',(#1590),#1601,.T.);
#1590 = FACE_BOUND('',#1591,.T.);
#1591 = EDGE_LOOP('',(#1592,#1598,#1599,#1600));
#1592 = ORIENTED_EDGE('',*,*,#1593,.T.);
#1593 = EDGE_CURVE('',#544,#677,#1594,.T.);
#1594 = LINE('',#1595,#1596);
#1595 = CARTESIAN_POINT('',(36.,18.5,-32.82842712474));
#1596 = VECTOR('',#1597,1.);
#1597 = DIRECTION('',(0.,-1.,1.110223024625E-16));
#1598 = ORIENTED_EDGE('',*,*,#674,.F.);
#1599 = ORIENTED_EDGE('',*,*,#1303,.T.);
#1600 = ORIENTED_EDGE('',*,*,#541,.T.);
#1601 = PLANE('',#1602);
#1602 = AXIS2_PLACEMENT_3D('',#1603,#1604,#1605);
#1603 = CARTESIAN_POINT('',(36.,-17.5,-87.5));
#1604 = DIRECTION('',(1.,0.,-0.));
#1605 = DIRECTION('',(0.,0.,1.));
#1606 = ADVANCED_FACE('',(#1607,#1618),#1654,.F.);
#1607 = FACE_BOUND('',#1608,.F.);
#1608 = EDGE_LOOP('',(#1609,#1610,#1611,#1612));
#1609 = ORIENTED_EDGE('',*,*,#635,.F.);
#1610 = ORIENTED_EDGE('',*,*,#1593,.T.);
#1611 = ORIENTED_EDGE('',*,*,#768,.T.);
#1612 = ORIENTED_EDGE('',*,*,#1613,.F.);
#1613 = EDGE_CURVE('',#628,#761,#1614,.T.);
#1614 = LINE('',#1615,#1616);
#1615 = CARTESIAN_POINT('',(36.,18.5,-27.17157287525));
#1616 = VECTOR('',#1617,1.);
#1617 = DIRECTION('',(0.,-1.,1.110223024625E-16));
#1618 = FACE_BOUND('',#1619,.F.);
#1619 = EDGE_LOOP('',(#1620,#1630,#1639,#1647));
#1620 = ORIENTED_EDGE('',*,*,#1621,.F.);
#1621 = EDGE_CURVE('',#1622,#1624,#1626,.T.);
#1622 = VERTEX_POINT('',#1623);
#1623 = CARTESIAN_POINT('',(33.,6.014718625761,-32.2360679775));
#1624 = VERTEX_POINT('',#1625);
#1625 = CARTESIAN_POINT('',(33.,-6.014718625761,-32.2360679775));
#1626 = LINE('',#1627,#1628);
#1627 = CARTESIAN_POINT('',(33.,18.5,-32.2360679775));
#1628 = VECTOR('',#1629,1.);
#1629 = DIRECTION('',(0.,-1.,1.110223024625E-16));
#1630 = ORIENTED_EDGE('',*,*,#1631,.T.);
#1631 = EDGE_CURVE('',#1622,#1632,#1634,.T.);
#1632 = VERTEX_POINT('',#1633);
#1633 = CARTESIAN_POINT('',(33.,6.014718625761,-27.7639320225));
#1634 = ELLIPSE('',#1635,4.242640687119,3.);
#1635 = AXIS2_PLACEMENT_3D('',#1636,#1637,#1638);
#1636 = CARTESIAN_POINT('',(35.,4.014718625761,-30.));
#1637 = DIRECTION('',(0.707106781187,0.707106781187,0.));
#1638 = DIRECTION('',(0.707106781187,-0.707106781187,1.570092458684E-16)
  );
#1639 = ORIENTED_EDGE('',*,*,#1640,.T.);
#1640 = EDGE_CURVE('',#1632,#1641,#1643,.T.);
#1641 = VERTEX_POINT('',#1642);
#1642 = CARTESIAN_POINT('',(33.,-6.014718625761,-27.7639320225));
#1643 = LINE('',#1644,#1645);
#1644 = CARTESIAN_POINT('',(33.,18.5,-27.7639320225));
#1645 = VECTOR('',#1646,1.);
#1646 = DIRECTION('',(0.,-1.,1.110223024625E-16));
#1647 = ORIENTED_EDGE('',*,*,#1648,.F.);
#1648 = EDGE_CURVE('',#1624,#1641,#1649,.T.);
#1649 = ELLIPSE('',#1650,4.242640687119,3.);
#1650 = AXIS2_PLACEMENT_3D('',#1651,#1652,#1653);
#1651 = CARTESIAN_POINT('',(35.,-4.014718625761,-30.));
#1652 = DIRECTION('',(-0.707106781187,0.707106781187,0.));
#1653 = DIRECTION('',(-0.707106781187,-0.707106781187,1.570092458684E-16
    ));
#1654 = CYLINDRICAL_SURFACE('',#1655,3.);
#1655 = AXIS2_PLACEMENT_3D('',#1656,#1657,#1658);
#1656 = CARTESIAN_POINT('',(35.,18.5,-30.));
#1657 = DIRECTION('',(0.,-1.,1.110223024625E-16));
#1658 = DIRECTION('',(1.,0.,0.));
#1659 = ADVANCED_FACE('',(#1660),#1671,.T.);
#1660 = FACE_BOUND('',#1661,.T.);
#1661 = EDGE_LOOP('',(#1662,#1668,#1669,#1670));
#1662 = ORIENTED_EDGE('',*,*,#1663,.T.);
#1663 = EDGE_CURVE('',#619,#752,#1664,.T.);
#1664 = LINE('',#1665,#1666);
#1665 = CARTESIAN_POINT('',(36.,18.5,-17.82842712474));
#1666 = VECTOR('',#1667,1.);
#1667 = DIRECTION('',(0.,-1.,1.110223024625E-16));
#1668 = ORIENTED_EDGE('',*,*,#760,.F.);
#1669 = ORIENTED_EDGE('',*,*,#1613,.F.);
#1670 = ORIENTED_EDGE('',*,*,#627,.T.);
#1671 = PLANE('',#1672);
#1672 = AXIS2_PLACEMENT_3D('',#1673,#1674,#1675);
#1673 = CARTESIAN_POINT('',(36.,-17.5,-87.5));
#1674 = DIRECTION('',(1.,0.,-0.));
#1675 = DIRECTION('',(0.,0.,1.));
#1676 = ADVANCED_FACE('',(#1677,#1688),#1724,.F.);
#1677 = FACE_BOUND('',#1678,.F.);
#1678 = EDGE_LOOP('',(#1679,#1680,#1681,#1682));
#1679 = ORIENTED_EDGE('',*,*,#618,.F.);
#1680 = ORIENTED_EDGE('',*,*,#1663,.T.);
#1681 = ORIENTED_EDGE('',*,*,#751,.T.);
#1682 = ORIENTED_EDGE('',*,*,#1683,.F.);
#1683 = EDGE_CURVE('',#611,#744,#1684,.T.);
#1684 = LINE('',#1685,#1686);
#1685 = CARTESIAN_POINT('',(36.,18.5,-12.17157287525));
#1686 = VECTOR('',#1687,1.);
#1687 = DIRECTION('',(0.,-1.,1.110223024625E-16));
#1688 = FACE_BOUND('',#1689,.F.);
#1689 = EDGE_LOOP('',(#1690,#1701,#1709,#1718));
#1690 = ORIENTED_EDGE('',*,*,#1691,.F.);
#1691 = EDGE_CURVE('',#1692,#1694,#1696,.T.);
#1692 = VERTEX_POINT('',#1693);
#1693 = CARTESIAN_POINT('',(33.,-6.014718625761,-17.2360679775));
#1694 = VERTEX_POINT('',#1695);
#1695 = CARTESIAN_POINT('',(33.,-6.014718625761,-12.7639320225));
#1696 = ELLIPSE('',#1697,4.242640687119,3.);
#1697 = AXIS2_PLACEMENT_3D('',#1698,#1699,#1700);
#1698 = CARTESIAN_POINT('',(35.,-4.014718625761,-15.));
#1699 = DIRECTION('',(-0.707106781187,0.707106781187,0.));
#1700 = DIRECTION('',(-0.707106781187,-0.707106781187,1.570092458684E-16
    ));
#1701 = ORIENTED_EDGE('',*,*,#1702,.F.);
#1702 = EDGE_CURVE('',#1703,#1692,#1705,.T.);
#1703 = VERTEX_POINT('',#1704);
#1704 = CARTESIAN_POINT('',(33.,6.014718625761,-17.2360679775));
#1705 = LINE('',#1706,#1707);
#1706 = CARTESIAN_POINT('',(33.,18.5,-17.2360679775));
#1707 = VECTOR('',#1708,1.);
#1708 = DIRECTION('',(0.,-1.,1.110223024625E-16));
#1709 = ORIENTED_EDGE('',*,*,#1710,.T.);
#1710 = EDGE_CURVE('',#1703,#1711,#1713,.T.);
#1711 = VERTEX_POINT('',#1712);
#1712 = CARTESIAN_POINT('',(33.,6.014718625761,-12.7639320225));
#1713 = ELLIPSE('',#1714,4.242640687119,3.);
#1714 = AXIS2_PLACEMENT_3D('',#1715,#1716,#1717);
#1715 = CARTESIAN_POINT('',(35.,4.014718625761,-15.));
#1716 = DIRECTION('',(0.707106781187,0.707106781187,0.));
#1717 = DIRECTION('',(0.707106781187,-0.707106781187,1.570092458684E-16)
  );
#1718 = ORIENTED_EDGE('',*,*,#1719,.T.);
#1719 = EDGE_CURVE('',#1711,#1694,#1720,.T.);
#1720 = LINE('',#1721,#1722);
#1721 = CARTESIAN_POINT('',(33.,18.5,-12.7639320225));
#1722 = VECTOR('',#1723,1.);
#1723 = DIRECTION('',(0.,-1.,1.110223024625E-16));
#1724 = CYLINDRICAL_SURFACE('',#1725,3.);
#1725 = AXIS2_PLACEMENT_3D('',#1726,#1727,#1728);
#1726 = CARTESIAN_POINT('',(35.,18.5,-15.));
#1727 = DIRECTION('',(0.,-1.,1.110223024625E-16));
#1728 = DIRECTION('',(1.,0.,0.));
#1729 = ADVANCED_FACE('',(#1730),#1741,.T.);
#1730 = FACE_BOUND('',#1731,.T.);
#1731 = EDGE_LOOP('',(#1732,#1738,#1739,#1740));
#1732 = ORIENTED_EDGE('',*,*,#1733,.T.);
#1733 = EDGE_CURVE('',#602,#735,#1734,.T.);
#1734 = LINE('',#1735,#1736);
#1735 = CARTESIAN_POINT('',(36.,18.5,-2.828427124746));
#1736 = VECTOR('',#1737,1.);
#1737 = DIRECTION('',(0.,-1.,1.110223024625E-16));
#1738 = ORIENTED_EDGE('',*,*,#743,.F.);
#1739 = ORIENTED_EDGE('',*,*,#1683,.F.);
#1740 = ORIENTED_EDGE('',*,*,#610,.T.);
#1741 = PLANE('',#1742);
#1742 = AXIS2_PLACEMENT_3D('',#1743,#1744,#1745);
#1743 = CARTESIAN_POINT('',(36.,-17.5,-87.5));
#1744 = DIRECTION('',(1.,0.,-0.));
#1745 = DIRECTION('',(0.,0.,1.));
#1746 = ADVANCED_FACE('',(#1747,#1758),#1794,.F.);
#1747 = FACE_BOUND('',#1748,.F.);
#1748 = EDGE_LOOP('',(#1749,#1750,#1751,#1752));
#1749 = ORIENTED_EDGE('',*,*,#601,.F.);
#1750 = ORIENTED_EDGE('',*,*,#1733,.T.);
#1751 = ORIENTED_EDGE('',*,*,#734,.T.);
#1752 = ORIENTED_EDGE('',*,*,#1753,.F.);
#1753 = EDGE_CURVE('',#594,#727,#1754,.T.);
#1754 = LINE('',#1755,#1756);
#1755 = CARTESIAN_POINT('',(36.,18.5,2.828427124746));
#1756 = VECTOR('',#1757,1.);
#1757 = DIRECTION('',(0.,-1.,1.110223024625E-16));
#1758 = FACE_BOUND('',#1759,.F.);
#1759 = EDGE_LOOP('',(#1760,#1771,#1779,#1788));
#1760 = ORIENTED_EDGE('',*,*,#1761,.F.);
#1761 = EDGE_CURVE('',#1762,#1764,#1766,.T.);
#1762 = VERTEX_POINT('',#1763);
#1763 = CARTESIAN_POINT('',(33.,-6.014718625761,-2.2360679775));
#1764 = VERTEX_POINT('',#1765);
#1765 = CARTESIAN_POINT('',(33.,-6.014718625761,2.2360679775));
#1766 = ELLIPSE('',#1767,4.242640687119,3.);
#1767 = AXIS2_PLACEMENT_3D('',#1768,#1769,#1770);
#1768 = CARTESIAN_POINT('',(35.,-4.014718625761,2.499635901128E-15));
#1769 = DIRECTION('',(-0.707106781187,0.707106781187,0.));
#1770 = DIRECTION('',(-0.707106781187,-0.707106781187,1.570092458684E-16
    ));
#1771 = ORIENTED_EDGE('',*,*,#1772,.F.);
#1772 = EDGE_CURVE('',#1773,#1762,#1775,.T.);
#1773 = VERTEX_POINT('',#1774);
#1774 = CARTESIAN_POINT('',(33.,6.014718625761,-2.2360679775));
#1775 = LINE('',#1776,#1777);
#1776 = CARTESIAN_POINT('',(33.,18.5,-2.2360679775));
#1777 = VECTOR('',#1778,1.);
#1778 = DIRECTION('',(0.,-1.,1.110223024625E-16));
#1779 = ORIENTED_EDGE('',*,*,#1780,.T.);
#1780 = EDGE_CURVE('',#1773,#1781,#1783,.T.);
#1781 = VERTEX_POINT('',#1782);
#1782 = CARTESIAN_POINT('',(33.,6.014718625761,2.2360679775));
#1783 = ELLIPSE('',#1784,4.242640687119,3.);
#1784 = AXIS2_PLACEMENT_3D('',#1785,#1786,#1787);
#1785 = CARTESIAN_POINT('',(35.,4.014718625761,1.608189289985E-15));
#1786 = DIRECTION('',(0.707106781187,0.707106781187,0.));
#1787 = DIRECTION('',(0.707106781187,-0.707106781187,1.570092458684E-16)
  );
#1788 = ORIENTED_EDGE('',*,*,#1789,.T.);
#1789 = EDGE_CURVE('',#1781,#1764,#1790,.T.);
#1790 = LINE('',#1791,#1792);
#1791 = CARTESIAN_POINT('',(33.,18.5,2.2360679775));
#1792 = VECTOR('',#1793,1.);
#1793 = DIRECTION('',(0.,-1.,1.110223024625E-16));
#1794 = CYLINDRICAL_SURFACE('',#1795,3.);
#1795 = AXIS2_PLACEMENT_3D('',#1796,#1797,#1798);
#1796 = CARTESIAN_POINT('',(35.,18.5,0.));
#1797 = DIRECTION('',(0.,-1.,1.110223024625E-16));
#1798 = DIRECTION('',(1.,0.,0.));
#1799 = ADVANCED_FACE('',(#1800),#1811,.T.);
#1800 = FACE_BOUND('',#1801,.T.);
#1801 = EDGE_LOOP('',(#1802,#1808,#1809,#1810));
#1802 = ORIENTED_EDGE('',*,*,#1803,.T.);
#1803 = EDGE_CURVE('',#585,#718,#1804,.T.);
#1804 = LINE('',#1805,#1806);
#1805 = CARTESIAN_POINT('',(36.,18.5,12.171572875254));
#1806 = VECTOR('',#1807,1.);
#1807 = DIRECTION('',(0.,-1.,1.110223024625E-16));
#1808 = ORIENTED_EDGE('',*,*,#726,.F.);
#1809 = ORIENTED_EDGE('',*,*,#1753,.F.);
#1810 = ORIENTED_EDGE('',*,*,#593,.T.);
#1811 = PLANE('',#1812);
#1812 = AXIS2_PLACEMENT_3D('',#1813,#1814,#1815);
#1813 = CARTESIAN_POINT('',(36.,-17.5,-87.5));
#1814 = DIRECTION('',(1.,0.,-0.));
#1815 = DIRECTION('',(0.,0.,1.));
#1816 = ADVANCED_FACE('',(#1817,#1828),#1864,.F.);
#1817 = FACE_BOUND('',#1818,.F.);
#1818 = EDGE_LOOP('',(#1819,#1820,#1821,#1822));
#1819 = ORIENTED_EDGE('',*,*,#584,.F.);
#1820 = ORIENTED_EDGE('',*,*,#1803,.T.);
#1821 = ORIENTED_EDGE('',*,*,#717,.T.);
#1822 = ORIENTED_EDGE('',*,*,#1823,.F.);
#1823 = EDGE_CURVE('',#577,#710,#1824,.T.);
#1824 = LINE('',#1825,#1826);
#1825 = CARTESIAN_POINT('',(36.,18.5,17.828427124746));
#1826 = VECTOR('',#1827,1.);
#1827 = DIRECTION('',(0.,-1.,1.110223024625E-16));
#1828 = FACE_BOUND('',#1829,.F.);
#1829 = EDGE_LOOP('',(#1830,#1841,#1849,#1858));
#1830 = ORIENTED_EDGE('',*,*,#1831,.F.);
#1831 = EDGE_CURVE('',#1832,#1834,#1836,.T.);
#1832 = VERTEX_POINT('',#1833);
#1833 = CARTESIAN_POINT('',(33.,-6.014718625761,12.7639320225));
#1834 = VERTEX_POINT('',#1835);
#1835 = CARTESIAN_POINT('',(33.,-6.014718625761,17.2360679775));
#1836 = ELLIPSE('',#1837,4.242640687119,3.);
#1837 = AXIS2_PLACEMENT_3D('',#1838,#1839,#1840);
#1838 = CARTESIAN_POINT('',(35.,-4.014718625761,15.));
#1839 = DIRECTION('',(-0.707106781187,0.707106781187,0.));
#1840 = DIRECTION('',(-0.707106781187,-0.707106781187,1.570092458684E-16
    ));
#1841 = ORIENTED_EDGE('',*,*,#1842,.F.);
#1842 = EDGE_CURVE('',#1843,#1832,#1845,.T.);
#1843 = VERTEX_POINT('',#1844);
#1844 = CARTESIAN_POINT('',(33.,6.014718625761,12.7639320225));
#1845 = LINE('',#1846,#1847);
#1846 = CARTESIAN_POINT('',(33.,18.5,12.7639320225));
#1847 = VECTOR('',#1848,1.);
#1848 = DIRECTION('',(0.,-1.,1.110223024625E-16));
#1849 = ORIENTED_EDGE('',*,*,#1850,.T.);
#1850 = EDGE_CURVE('',#1843,#1851,#1853,.T.);
#1851 = VERTEX_POINT('',#1852);
#1852 = CARTESIAN_POINT('',(33.,6.014718625761,17.2360679775));
#1853 = ELLIPSE('',#1854,4.242640687119,3.);
#1854 = AXIS2_PLACEMENT_3D('',#1855,#1856,#1857);
#1855 = CARTESIAN_POINT('',(35.,4.014718625761,15.));
#1856 = DIRECTION('',(0.707106781187,0.707106781187,0.));
#1857 = DIRECTION('',(0.707106781187,-0.707106781187,1.570092458684E-16)
  );
#1858 = ORIENTED_EDGE('',*,*,#1859,.T.);
#1859 = EDGE_CURVE('',#1851,#1834,#1860,.T.);
#1860 = LINE('',#1861,#1862);
#1861 = CARTESIAN_POINT('',(33.,18.5,17.2360679775));
#1862 = VECTOR('',#1863,1.);
#1863 = DIRECTION('',(0.,-1.,1.110223024625E-16));
#1864 = CYLINDRICAL_SURFACE('',#1865,3.);
#1865 = AXIS2_PLACEMENT_3D('',#1866,#1867,#1868);
#1866 = CARTESIAN_POINT('',(35.,18.5,15.));
#1867 = DIRECTION('',(0.,-1.,1.110223024625E-16));
#1868 = DIRECTION('',(1.,0.,0.));
#1869 = ADVANCED_FACE('',(#1870),#1881,.T.);
#1870 = FACE_BOUND('',#1871,.T.);
#1871 = EDGE_LOOP('',(#1872,#1878,#1879,#1880));
#1872 = ORIENTED_EDGE('',*,*,#1873,.T.);
#1873 = EDGE_CURVE('',#568,#701,#1874,.T.);
#1874 = LINE('',#1875,#1876);
#1875 = CARTESIAN_POINT('',(36.,18.5,27.171572875254));
#1876 = VECTOR('',#1877,1.);
#1877 = DIRECTION('',(0.,-1.,1.110223024625E-16));
#1878 = ORIENTED_EDGE('',*,*,#709,.F.);
#1879 = ORIENTED_EDGE('',*,*,#1823,.F.);
#1880 = ORIENTED_EDGE('',*,*,#576,.T.);
#1881 = PLANE('',#1882);
#1882 = AXIS2_PLACEMENT_3D('',#1883,#1884,#1885);
#1883 = CARTESIAN_POINT('',(36.,-17.5,-87.5));
#1884 = DIRECTION('',(1.,0.,-0.));
#1885 = DIRECTION('',(0.,0.,1.));
#1886 = ADVANCED_FACE('',(#1887,#1893),#1929,.F.);
#1887 = FACE_BOUND('',#1888,.F.);
#1888 = EDGE_LOOP('',(#1889,#1890,#1891,#1892));
#1889 = ORIENTED_EDGE('',*,*,#567,.F.);
#1890 = ORIENTED_EDGE('',*,*,#1873,.T.);
#1891 = ORIENTED_EDGE('',*,*,#700,.T.);
#1892 = ORIENTED_EDGE('',*,*,#659,.F.);
#1893 = FACE_BOUND('',#1894,.F.);
#1894 = EDGE_LOOP('',(#1895,#1906,#1914,#1923));
#1895 = ORIENTED_EDGE('',*,*,#1896,.F.);
#1896 = EDGE_CURVE('',#1897,#1899,#1901,.T.);
#1897 = VERTEX_POINT('',#1898);
#1898 = CARTESIAN_POINT('',(33.,-6.014718625761,27.7639320225));
#1899 = VERTEX_POINT('',#1900);
#1900 = CARTESIAN_POINT('',(33.,-6.014718625761,32.2360679775));
#1901 = ELLIPSE('',#1902,4.242640687119,3.);
#1902 = AXIS2_PLACEMENT_3D('',#1903,#1904,#1905);
#1903 = CARTESIAN_POINT('',(35.,-4.014718625761,30.));
#1904 = DIRECTION('',(-0.707106781187,0.707106781187,0.));
#1905 = DIRECTION('',(-0.707106781187,-0.707106781187,1.570092458684E-16
    ));
#1906 = ORIENTED_EDGE('',*,*,#1907,.F.);
#1907 = EDGE_CURVE('',#1908,#1897,#1910,.T.);
#1908 = VERTEX_POINT('',#1909);
#1909 = CARTESIAN_POINT('',(33.,6.014718625761,27.7639320225));
#1910 = LINE('',#1911,#1912);
#1911 = CARTESIAN_POINT('',(33.,18.5,27.7639320225));
#1912 = VECTOR('',#1913,1.);
#1913 = DIRECTION('',(0.,-1.,1.110223024625E-16));
#1914 = ORIENTED_EDGE('',*,*,#1915,.T.);
#1915 = EDGE_CURVE('',#1908,#1916,#1918,.T.);
#1916 = VERTEX_POINT('',#1917);
#1917 = CARTESIAN_POINT('',(33.,6.014718625761,32.2360679775));
#1918 = ELLIPSE('',#1919,4.242640687119,3.);
#1919 = AXIS2_PLACEMENT_3D('',#1920,#1921,#1922);
#1920 = CARTESIAN_POINT('',(35.,4.014718625761,30.));
#1921 = DIRECTION('',(0.707106781187,0.707106781187,0.));
#1922 = DIRECTION('',(0.707106781187,-0.707106781187,1.570092458684E-16)
  );
#1923 = ORIENTED_EDGE('',*,*,#1924,.T.);
#1924 = EDGE_CURVE('',#1916,#1899,#1925,.T.);
#1925 = LINE('',#1926,#1927);
#1926 = CARTESIAN_POINT('',(33.,18.5,32.2360679775));
#1927 = VECTOR('',#1928,1.);
#1928 = DIRECTION('',(0.,-1.,1.110223024625E-16));
#1929 = CYLINDRICAL_SURFACE('',#1930,3.);
#1930 = AXIS2_PLACEMENT_3D('',#1931,#1932,#1933);
#1931 = CARTESIAN_POINT('',(35.,18.5,30.));
#1932 = DIRECTION('',(0.,-1.,1.110223024625E-16));
#1933 = DIRECTION('',(1.,0.,0.));
#1934 = ADVANCED_FACE('',(#1935),#1941,.T.);
#1935 = FACE_BOUND('',#1936,.T.);
#1936 = EDGE_LOOP('',(#1937,#1938,#1939,#1940));
#1937 = ORIENTED_EDGE('',*,*,#819,.T.);
#1938 = ORIENTED_EDGE('',*,*,#1474,.F.);
#1939 = ORIENTED_EDGE('',*,*,#877,.F.);
#1940 = ORIENTED_EDGE('',*,*,#1370,.T.);
#1941 = PLANE('',#1942);
#1942 = AXIS2_PLACEMENT_3D('',#1943,#1944,#1945);
#1943 = CARTESIAN_POINT('',(-33.,-14.5,-84.5));
#1944 = DIRECTION('',(1.,0.,-0.));
#1945 = DIRECTION('',(0.,0.,1.));
#1946 = ADVANCED_FACE('',(#1947),#1953,.T.);
#1947 = FACE_BOUND('',#1948,.T.);
#1948 = EDGE_LOOP('',(#1949,#1950,#1951,#1952));
#1949 = ORIENTED_EDGE('',*,*,#929,.T.);
#1950 = ORIENTED_EDGE('',*,*,#1466,.F.);
#1951 = ORIENTED_EDGE('',*,*,#987,.F.);
#1952 = ORIENTED_EDGE('',*,*,#1362,.T.);
#1953 = PLANE('',#1954);
#1954 = AXIS2_PLACEMENT_3D('',#1955,#1956,#1957);
#1955 = CARTESIAN_POINT('',(-33.,-14.5,-84.5));
#1956 = DIRECTION('',(1.,0.,-0.));
#1957 = DIRECTION('',(0.,0.,1.));
#1958 = ADVANCED_FACE('',(#1959),#1965,.T.);
#1959 = FACE_BOUND('',#1960,.T.);
#1960 = EDGE_LOOP('',(#1961,#1962,#1963,#1964));
#1961 = ORIENTED_EDGE('',*,*,#1039,.T.);
#1962 = ORIENTED_EDGE('',*,*,#1458,.F.);
#1963 = ORIENTED_EDGE('',*,*,#1097,.F.);
#1964 = ORIENTED_EDGE('',*,*,#1354,.T.);
#1965 = PLANE('',#1966);
#1966 = AXIS2_PLACEMENT_3D('',#1967,#1968,#1969);
#1967 = CARTESIAN_POINT('',(-33.,-14.5,-84.5));
#1968 = DIRECTION('',(1.,0.,-0.));
#1969 = DIRECTION('',(0.,0.,1.));
#1970 = ADVANCED_FACE('',(#1971),#1977,.T.);
#1971 = FACE_BOUND('',#1972,.T.);
#1972 = EDGE_LOOP('',(#1973,#1974,#1975,#1976));
#1973 = ORIENTED_EDGE('',*,*,#1149,.T.);
#1974 = ORIENTED_EDGE('',*,*,#1450,.F.);
#1975 = ORIENTED_EDGE('',*,*,#1207,.F.);
#1976 = ORIENTED_EDGE('',*,*,#1346,.T.);
#1977 = PLANE('',#1978);
#1978 = AXIS2_PLACEMENT_3D('',#1979,#1980,#1981);
#1979 = CARTESIAN_POINT('',(-33.,-14.5,-84.5));
#1980 = DIRECTION('',(1.,0.,-0.));
#1981 = DIRECTION('',(0.,0.,1.));
#1982 = ADVANCED_FACE('',(#1983),#1994,.T.);
#1983 = FACE_BOUND('',#1984,.T.);
#1984 = EDGE_LOOP('',(#1985,#1986,#1987,#1993));
#1985 = ORIENTED_EDGE('',*,*,#1259,.T.);
#1986 = ORIENTED_EDGE('',*,*,#1442,.F.);
#1987 = ORIENTED_EDGE('',*,*,#1988,.T.);
#1988 = EDGE_CURVE('',#1435,#1331,#1989,.T.);
#1989 = LINE('',#1990,#1991);
#1990 = CARTESIAN_POINT('',(-33.,-14.5,-84.5));
#1991 = VECTOR('',#1992,1.);
#1992 = DIRECTION('',(-0.,1.,0.));
#1993 = ORIENTED_EDGE('',*,*,#1338,.T.);
#1994 = PLANE('',#1995);
#1995 = AXIS2_PLACEMENT_3D('',#1996,#1997,#1998);
#1996 = CARTESIAN_POINT('',(-33.,-14.5,-84.5));
#1997 = DIRECTION('',(1.,0.,-0.));
#1998 = DIRECTION('',(0.,0.,1.));
#1999 = ADVANCED_FACE('',(#2000,#2025),#2031,.F.);
#2000 = FACE_BOUND('',#2001,.F.);
#2001 = EDGE_LOOP('',(#2002,#2010,#2011,#2019));
#2002 = ORIENTED_EDGE('',*,*,#2003,.F.);
#2003 = EDGE_CURVE('',#1321,#2004,#2006,.T.);
#2004 = VERTEX_POINT('',#2005);
#2005 = CARTESIAN_POINT('',(24.514718625761,14.5,-84.5));
#2006 = LINE('',#2007,#2008);
#2007 = CARTESIAN_POINT('',(-33.,14.5,-84.5));
#2008 = VECTOR('',#2009,1.);
#2009 = DIRECTION('',(1.,0.,-0.));
#2010 = ORIENTED_EDGE('',*,*,#1320,.T.);
#2011 = ORIENTED_EDGE('',*,*,#2012,.T.);
#2012 = EDGE_CURVE('',#1323,#2013,#2015,.T.);
#2013 = VERTEX_POINT('',#2014);
#2014 = CARTESIAN_POINT('',(24.514718625761,14.5,84.5));
#2015 = LINE('',#2016,#2017);
#2016 = CARTESIAN_POINT('',(-33.,14.5,84.5));
#2017 = VECTOR('',#2018,1.);
#2018 = DIRECTION('',(1.,0.,-0.));
#2019 = ORIENTED_EDGE('',*,*,#2020,.F.);
#2020 = EDGE_CURVE('',#2004,#2013,#2021,.T.);
#2021 = LINE('',#2022,#2023);
#2022 = CARTESIAN_POINT('',(24.514718625761,14.5,-89.5));
#2023 = VECTOR('',#2024,1.);
#2024 = DIRECTION('',(0.,0.,1.));
#2025 = FACE_BOUND('',#2026,.F.);
#2026 = EDGE_LOOP('',(#2027,#2028,#2029,#2030));
#2027 = ORIENTED_EDGE('',*,*,#1505,.F.);
#2028 = ORIENTED_EDGE('',*,*,#1577,.T.);
#2029 = ORIENTED_EDGE('',*,*,#1560,.T.);
#2030 = ORIENTED_EDGE('',*,*,#1529,.F.);
#2031 = PLANE('',#2032);
#2032 = AXIS2_PLACEMENT_3D('',#2033,#2034,#2035);
#2033 = CARTESIAN_POINT('',(-33.,14.5,-84.5));
#2034 = DIRECTION('',(-0.,1.,0.));
#2035 = DIRECTION('',(0.,0.,1.));
#2036 = ADVANCED_FACE('',(#2037),#2073,.F.);
#2037 = FACE_BOUND('',#2038,.F.);
#2038 = EDGE_LOOP('',(#2039,#2040,#2041,#2049,#2057,#2065,#2071,#2072));
#2039 = ORIENTED_EDGE('',*,*,#1400,.F.);
#2040 = ORIENTED_EDGE('',*,*,#1483,.F.);
#2041 = ORIENTED_EDGE('',*,*,#2042,.T.);
#2042 = EDGE_CURVE('',#1427,#2043,#2045,.T.);
#2043 = VERTEX_POINT('',#2044);
#2044 = CARTESIAN_POINT('',(24.514718625761,-14.5,84.5));
#2045 = LINE('',#2046,#2047);
#2046 = CARTESIAN_POINT('',(-33.,-14.5,84.5));
#2047 = VECTOR('',#2048,1.);
#2048 = DIRECTION('',(1.,0.,-0.));
#2049 = ORIENTED_EDGE('',*,*,#2050,.F.);
#2050 = EDGE_CURVE('',#2051,#2043,#2053,.T.);
#2051 = VERTEX_POINT('',#2052);
#2052 = CARTESIAN_POINT('',(33.,-6.014718625761,84.5));
#2053 = LINE('',#2054,#2055);
#2054 = CARTESIAN_POINT('',(10.136038969321,-28.87867965644,84.5));
#2055 = VECTOR('',#2056,1.);
#2056 = DIRECTION('',(-0.707106781187,-0.707106781187,0.));
#2057 = ORIENTED_EDGE('',*,*,#2058,.T.);
#2058 = EDGE_CURVE('',#2051,#2059,#2061,.T.);
#2059 = VERTEX_POINT('',#2060);
#2060 = CARTESIAN_POINT('',(33.,6.014718625761,84.5));
#2061 = LINE('',#2062,#2063);
#2062 = CARTESIAN_POINT('',(33.,-14.5,84.5));
#2063 = VECTOR('',#2064,1.);
#2064 = DIRECTION('',(-0.,1.,0.));
#2065 = ORIENTED_EDGE('',*,*,#2066,.T.);
#2066 = EDGE_CURVE('',#2059,#2013,#2067,.T.);
#2067 = LINE('',#2068,#2069);
#2068 = CARTESIAN_POINT('',(21.62867965644,17.386038969321,84.5));
#2069 = VECTOR('',#2070,1.);
#2070 = DIRECTION('',(-0.707106781187,0.707106781187,0.));
#2071 = ORIENTED_EDGE('',*,*,#2012,.F.);
#2072 = ORIENTED_EDGE('',*,*,#1386,.T.);
#2073 = PLANE('',#2074);
#2074 = AXIS2_PLACEMENT_3D('',#2075,#2076,#2077);
#2075 = CARTESIAN_POINT('',(-33.,-14.5,84.5));
#2076 = DIRECTION('',(0.,0.,1.));
#2077 = DIRECTION('',(1.,0.,-0.));
#2078 = ADVANCED_FACE('',(#2079),#2115,.T.);
#2079 = FACE_BOUND('',#2080,.T.);
#2080 = EDGE_LOOP('',(#2081,#2082,#2083,#2091,#2099,#2107,#2113,#2114));
#2081 = ORIENTED_EDGE('',*,*,#1988,.F.);
#2082 = ORIENTED_EDGE('',*,*,#1434,.F.);
#2083 = ORIENTED_EDGE('',*,*,#2084,.T.);
#2084 = EDGE_CURVE('',#1425,#2085,#2087,.T.);
#2085 = VERTEX_POINT('',#2086);
#2086 = CARTESIAN_POINT('',(24.514718625761,-14.5,-84.5));
#2087 = LINE('',#2088,#2089);
#2088 = CARTESIAN_POINT('',(-33.,-14.5,-84.5));
#2089 = VECTOR('',#2090,1.);
#2090 = DIRECTION('',(1.,0.,-0.));
#2091 = ORIENTED_EDGE('',*,*,#2092,.F.);
#2092 = EDGE_CURVE('',#2093,#2085,#2095,.T.);
#2093 = VERTEX_POINT('',#2094);
#2094 = CARTESIAN_POINT('',(33.,-6.014718625761,-84.5));
#2095 = LINE('',#2096,#2097);
#2096 = CARTESIAN_POINT('',(10.136038969321,-28.87867965644,-84.5));
#2097 = VECTOR('',#2098,1.);
#2098 = DIRECTION('',(-0.707106781187,-0.707106781187,0.));
#2099 = ORIENTED_EDGE('',*,*,#2100,.T.);
#2100 = EDGE_CURVE('',#2093,#2101,#2103,.T.);
#2101 = VERTEX_POINT('',#2102);
#2102 = CARTESIAN_POINT('',(33.,6.014718625761,-84.5));
#2103 = LINE('',#2104,#2105);
#2104 = CARTESIAN_POINT('',(33.,-14.5,-84.5));
#2105 = VECTOR('',#2106,1.);
#2106 = DIRECTION('',(-0.,1.,0.));
#2107 = ORIENTED_EDGE('',*,*,#2108,.T.);
#2108 = EDGE_CURVE('',#2101,#2004,#2109,.T.);
#2109 = LINE('',#2110,#2111);
#2110 = CARTESIAN_POINT('',(21.62867965644,17.386038969321,-84.5));
#2111 = VECTOR('',#2112,1.);
#2112 = DIRECTION('',(-0.707106781187,0.707106781187,0.));
#2113 = ORIENTED_EDGE('',*,*,#2003,.F.);
#2114 = ORIENTED_EDGE('',*,*,#1330,.T.);
#2115 = PLANE('',#2116);
#2116 = AXIS2_PLACEMENT_3D('',#2117,#2118,#2119);
#2117 = CARTESIAN_POINT('',(-33.,-14.5,-84.5));
#2118 = DIRECTION('',(0.,0.,1.));
#2119 = DIRECTION('',(1.,0.,-0.));
#2120 = ADVANCED_FACE('',(#2121),#2132,.T.);
#2121 = FACE_BOUND('',#2122,.T.);
#2122 = EDGE_LOOP('',(#2123,#2124,#2125,#2126));
#2123 = ORIENTED_EDGE('',*,*,#2084,.F.);
#2124 = ORIENTED_EDGE('',*,*,#1424,.T.);
#2125 = ORIENTED_EDGE('',*,*,#2042,.T.);
#2126 = ORIENTED_EDGE('',*,*,#2127,.F.);
#2127 = EDGE_CURVE('',#2085,#2043,#2128,.T.);
#2128 = LINE('',#2129,#2130);
#2129 = CARTESIAN_POINT('',(24.514718625761,-14.5,-89.5));
#2130 = VECTOR('',#2131,1.);
#2131 = DIRECTION('',(0.,0.,1.));
#2132 = PLANE('',#2133);
#2133 = AXIS2_PLACEMENT_3D('',#2134,#2135,#2136);
#2134 = CARTESIAN_POINT('',(-33.,-14.5,-84.5));
#2135 = DIRECTION('',(-0.,1.,0.));
#2136 = DIRECTION('',(0.,0.,1.));
#2137 = ADVANCED_FACE('',(#2138),#2154,.F.);
#2138 = FACE_BOUND('',#2139,.F.);
#2139 = EDGE_LOOP('',(#2140,#2141,#2147,#2148));
#2140 = ORIENTED_EDGE('',*,*,#1621,.T.);
#2141 = ORIENTED_EDGE('',*,*,#2142,.F.);
#2142 = EDGE_CURVE('',#2093,#1624,#2143,.T.);
#2143 = LINE('',#2144,#2145);
#2144 = CARTESIAN_POINT('',(33.,-6.014718625761,-89.5));
#2145 = VECTOR('',#2146,1.);
#2146 = DIRECTION('',(0.,0.,1.));
#2147 = ORIENTED_EDGE('',*,*,#2100,.T.);
#2148 = ORIENTED_EDGE('',*,*,#2149,.T.);
#2149 = EDGE_CURVE('',#2101,#1622,#2150,.T.);
#2150 = LINE('',#2151,#2152);
#2151 = CARTESIAN_POINT('',(33.,6.014718625761,-89.5));
#2152 = VECTOR('',#2153,1.);
#2153 = DIRECTION('',(0.,0.,1.));
#2154 = PLANE('',#2155);
#2155 = AXIS2_PLACEMENT_3D('',#2156,#2157,#2158);
#2156 = CARTESIAN_POINT('',(33.,-14.5,-84.5));
#2157 = DIRECTION('',(1.,0.,-0.));
#2158 = DIRECTION('',(0.,0.,1.));
#2159 = ADVANCED_FACE('',(#2160),#2201,.T.);
#2160 = FACE_BOUND('',#2161,.T.);
#2161 = EDGE_LOOP('',(#2162,#2163,#2164,#2165,#2166,#2172,#2173,#2179,
    #2180,#2186,#2187,#2193,#2194,#2200));
#2162 = ORIENTED_EDGE('',*,*,#2142,.F.);
#2163 = ORIENTED_EDGE('',*,*,#2092,.T.);
#2164 = ORIENTED_EDGE('',*,*,#2127,.T.);
#2165 = ORIENTED_EDGE('',*,*,#2050,.F.);
#2166 = ORIENTED_EDGE('',*,*,#2167,.F.);
#2167 = EDGE_CURVE('',#1899,#2051,#2168,.T.);
#2168 = LINE('',#2169,#2170);
#2169 = CARTESIAN_POINT('',(33.,-6.014718625761,-89.5));
#2170 = VECTOR('',#2171,1.);
#2171 = DIRECTION('',(0.,0.,1.));
#2172 = ORIENTED_EDGE('',*,*,#1896,.F.);
#2173 = ORIENTED_EDGE('',*,*,#2174,.F.);
#2174 = EDGE_CURVE('',#1834,#1897,#2175,.T.);
#2175 = LINE('',#2176,#2177);
#2176 = CARTESIAN_POINT('',(33.,-6.014718625761,-89.5));
#2177 = VECTOR('',#2178,1.);
#2178 = DIRECTION('',(0.,0.,1.));
#2179 = ORIENTED_EDGE('',*,*,#1831,.F.);
#2180 = ORIENTED_EDGE('',*,*,#2181,.F.);
#2181 = EDGE_CURVE('',#1764,#1832,#2182,.T.);
#2182 = LINE('',#2183,#2184);
#2183 = CARTESIAN_POINT('',(33.,-6.014718625761,-89.5));
#2184 = VECTOR('',#2185,1.);
#2185 = DIRECTION('',(0.,0.,1.));
#2186 = ORIENTED_EDGE('',*,*,#1761,.F.);
#2187 = ORIENTED_EDGE('',*,*,#2188,.F.);
#2188 = EDGE_CURVE('',#1694,#1762,#2189,.T.);
#2189 = LINE('',#2190,#2191);
#2190 = CARTESIAN_POINT('',(33.,-6.014718625761,-89.5));
#2191 = VECTOR('',#2192,1.);
#2192 = DIRECTION('',(0.,0.,1.));
#2193 = ORIENTED_EDGE('',*,*,#1691,.F.);
#2194 = ORIENTED_EDGE('',*,*,#2195,.F.);
#2195 = EDGE_CURVE('',#1641,#1692,#2196,.T.);
#2196 = LINE('',#2197,#2198);
#2197 = CARTESIAN_POINT('',(33.,-6.014718625761,-89.5));
#2198 = VECTOR('',#2199,1.);
#2199 = DIRECTION('',(0.,0.,1.));
#2200 = ORIENTED_EDGE('',*,*,#1648,.F.);
#2201 = PLANE('',#2202);
#2202 = AXIS2_PLACEMENT_3D('',#2203,#2204,#2205);
#2203 = CARTESIAN_POINT('',(24.514718625761,-14.5,-89.5));
#2204 = DIRECTION('',(-0.707106781187,0.707106781187,0.));
#2205 = DIRECTION('',(0.,0.,1.));
#2206 = ADVANCED_FACE('',(#2207),#2218,.F.);
#2207 = FACE_BOUND('',#2208,.F.);
#2208 = EDGE_LOOP('',(#2209,#2210,#2211,#2212));
#2209 = ORIENTED_EDGE('',*,*,#1702,.T.);
#2210 = ORIENTED_EDGE('',*,*,#2195,.F.);
#2211 = ORIENTED_EDGE('',*,*,#1640,.F.);
#2212 = ORIENTED_EDGE('',*,*,#2213,.T.);
#2213 = EDGE_CURVE('',#1632,#1703,#2214,.T.);
#2214 = LINE('',#2215,#2216);
#2215 = CARTESIAN_POINT('',(33.,6.014718625761,-89.5));
#2216 = VECTOR('',#2217,1.);
#2217 = DIRECTION('',(0.,0.,1.));
#2218 = PLANE('',#2219);
#2219 = AXIS2_PLACEMENT_3D('',#2220,#2221,#2222);
#2220 = CARTESIAN_POINT('',(33.,-14.5,-84.5));
#2221 = DIRECTION('',(1.,0.,-0.));
#2222 = DIRECTION('',(0.,0.,1.));
#2223 = ADVANCED_FACE('',(#2224),#2260,.F.);
#2224 = FACE_BOUND('',#2225,.F.);
#2225 = EDGE_LOOP('',(#2226,#2227,#2228,#2229,#2230,#2236,#2237,#2243,
    #2244,#2250,#2251,#2257,#2258,#2259));
#2226 = ORIENTED_EDGE('',*,*,#2149,.F.);
#2227 = ORIENTED_EDGE('',*,*,#2108,.T.);
#2228 = ORIENTED_EDGE('',*,*,#2020,.T.);
#2229 = ORIENTED_EDGE('',*,*,#2066,.F.);
#2230 = ORIENTED_EDGE('',*,*,#2231,.F.);
#2231 = EDGE_CURVE('',#1916,#2059,#2232,.T.);
#2232 = LINE('',#2233,#2234);
#2233 = CARTESIAN_POINT('',(33.,6.014718625761,-89.5));
#2234 = VECTOR('',#2235,1.);
#2235 = DIRECTION('',(0.,0.,1.));
#2236 = ORIENTED_EDGE('',*,*,#1915,.F.);
#2237 = ORIENTED_EDGE('',*,*,#2238,.F.);
#2238 = EDGE_CURVE('',#1851,#1908,#2239,.T.);
#2239 = LINE('',#2240,#2241);
#2240 = CARTESIAN_POINT('',(33.,6.014718625761,-89.5));
#2241 = VECTOR('',#2242,1.);
#2242 = DIRECTION('',(0.,0.,1.));
#2243 = ORIENTED_EDGE('',*,*,#1850,.F.);
#2244 = ORIENTED_EDGE('',*,*,#2245,.F.);
#2245 = EDGE_CURVE('',#1781,#1843,#2246,.T.);
#2246 = LINE('',#2247,#2248);
#2247 = CARTESIAN_POINT('',(33.,6.014718625761,-89.5));
#2248 = VECTOR('',#2249,1.);
#2249 = DIRECTION('',(0.,0.,1.));
#2250 = ORIENTED_EDGE('',*,*,#1780,.F.);
#2251 = ORIENTED_EDGE('',*,*,#2252,.F.);
#2252 = EDGE_CURVE('',#1711,#1773,#2253,.T.);
#2253 = LINE('',#2254,#2255);
#2254 = CARTESIAN_POINT('',(33.,6.014718625761,-89.5));
#2255 = VECTOR('',#2256,1.);
#2256 = DIRECTION('',(0.,0.,1.));
#2257 = ORIENTED_EDGE('',*,*,#1710,.F.);
#2258 = ORIENTED_EDGE('',*,*,#2213,.F.);
#2259 = ORIENTED_EDGE('',*,*,#1631,.F.);
#2260 = PLANE('',#2261);
#2261 = AXIS2_PLACEMENT_3D('',#2262,#2263,#2264);
#2262 = CARTESIAN_POINT('',(33.,6.014718625761,-89.5));
#2263 = DIRECTION('',(0.707106781187,0.707106781187,0.));
#2264 = DIRECTION('',(0.,0.,1.));
#2265 = ADVANCED_FACE('',(#2266),#2272,.F.);
#2266 = FACE_BOUND('',#2267,.F.);
#2267 = EDGE_LOOP('',(#2268,#2269,#2270,#2271));
#2268 = ORIENTED_EDGE('',*,*,#1772,.T.);
#2269 = ORIENTED_EDGE('',*,*,#2188,.F.);
#2270 = ORIENTED_EDGE('',*,*,#1719,.F.);
#2271 = ORIENTED_EDGE('',*,*,#2252,.T.);
#2272 = PLANE('',#2273);
#2273 = AXIS2_PLACEMENT_3D('',#2274,#2275,#2276);
#2274 = CARTESIAN_POINT('',(33.,-14.5,-84.5));
#2275 = DIRECTION('',(1.,0.,-0.));
#2276 = DIRECTION('',(0.,0.,1.));
#2277 = ADVANCED_FACE('',(#2278),#2284,.F.);
#2278 = FACE_BOUND('',#2279,.F.);
#2279 = EDGE_LOOP('',(#2280,#2281,#2282,#2283));
#2280 = ORIENTED_EDGE('',*,*,#1842,.T.);
#2281 = ORIENTED_EDGE('',*,*,#2181,.F.);
#2282 = ORIENTED_EDGE('',*,*,#1789,.F.);
#2283 = ORIENTED_EDGE('',*,*,#2245,.T.);
#2284 = PLANE('',#2285);
#2285 = AXIS2_PLACEMENT_3D('',#2286,#2287,#2288);
#2286 = CARTESIAN_POINT('',(33.,-14.5,-84.5));
#2287 = DIRECTION('',(1.,0.,-0.));
#2288 = DIRECTION('',(0.,0.,1.));
#2289 = ADVANCED_FACE('',(#2290),#2296,.F.);
#2290 = FACE_BOUND('',#2291,.F.);
#2291 = EDGE_LOOP('',(#2292,#2293,#2294,#2295));
#2292 = ORIENTED_EDGE('',*,*,#1907,.T.);
#2293 = ORIENTED_EDGE('',*,*,#2174,.F.);
#2294 = ORIENTED_EDGE('',*,*,#1859,.F.);
#2295 = ORIENTED_EDGE('',*,*,#2238,.T.);
#2296 = PLANE('',#2297);
#2297 = AXIS2_PLACEMENT_3D('',#2298,#2299,#2300);
#2298 = CARTESIAN_POINT('',(33.,-14.5,-84.5));
#2299 = DIRECTION('',(1.,0.,-0.));
#2300 = DIRECTION('',(0.,0.,1.));
#2301 = ADVANCED_FACE('',(#2302),#2308,.F.);
#2302 = FACE_BOUND('',#2303,.F.);
#2303 = EDGE_LOOP('',(#2304,#2305,#2306,#2307));
#2304 = ORIENTED_EDGE('',*,*,#2058,.F.);
#2305 = ORIENTED_EDGE('',*,*,#2167,.F.);
#2306 = ORIENTED_EDGE('',*,*,#1924,.F.);
#2307 = ORIENTED_EDGE('',*,*,#2231,.T.);
#2308 = PLANE('',#2309);
#2309 = AXIS2_PLACEMENT_3D('',#2310,#2311,#2312);
#2310 = CARTESIAN_POINT('',(33.,-14.5,-84.5));
#2311 = DIRECTION('',(1.,0.,-0.));
#2312 = DIRECTION('',(0.,0.,1.));
#2313 = MANIFOLD_SOLID_BREP('',#2314);
#2314 = CLOSED_SHELL('',(#2315,#2348,#2357));
#2315 = ADVANCED_FACE('',(#2316),#2343,.T.);
#2316 = FACE_BOUND('',#2317,.T.);
#2317 = EDGE_LOOP('',(#2318,#2327,#2335,#2342));
#2318 = ORIENTED_EDGE('',*,*,#2319,.F.);
#2319 = EDGE_CURVE('',#2320,#2320,#2322,.T.);
#2320 = VERTEX_POINT('',#2321);
#2321 = CARTESIAN_POINT('',(14.,15.5,-25.));
#2322 = CIRCLE('',#2323,14.);
#2323 = AXIS2_PLACEMENT_3D('',#2324,#2325,#2326);
#2324 = CARTESIAN_POINT('',(0.,15.5,-25.));
#2325 = DIRECTION('',(0.,-1.,1.110223024625E-16));
#2326 = DIRECTION('',(1.,0.,0.));
#2327 = ORIENTED_EDGE('',*,*,#2328,.F.);
#2328 = EDGE_CURVE('',#2329,#2320,#2331,.T.);
#2329 = VERTEX_POINT('',#2330);
#2330 = CARTESIAN_POINT('',(14.,17.5,-25.));
#2331 = LINE('',#2332,#2333);
#2332 = CARTESIAN_POINT('',(14.,17.5,-25.));
#2333 = VECTOR('',#2334,1.);
#2334 = DIRECTION('',(0.,-1.,1.110223024625E-16));
#2335 = ORIENTED_EDGE('',*,*,#2336,.T.);
#2336 = EDGE_CURVE('',#2329,#2329,#2337,.T.);
#2337 = CIRCLE('',#2338,14.);
#2338 = AXIS2_PLACEMENT_3D('',#2339,#2340,#2341);
#2339 = CARTESIAN_POINT('',(0.,17.5,-25.));
#2340 = DIRECTION('',(0.,-1.,1.110223024625E-16));
#2341 = DIRECTION('',(1.,0.,0.));
#2342 = ORIENTED_EDGE('',*,*,#2328,.T.);
#2343 = CYLINDRICAL_SURFACE('',#2344,14.);
#2344 = AXIS2_PLACEMENT_3D('',#2345,#2346,#2347);
#2345 = CARTESIAN_POINT('',(0.,17.5,-25.));
#2346 = DIRECTION('',(0.,-1.,1.110223024625E-16));
#2347 = DIRECTION('',(1.,0.,0.));
#2348 = ADVANCED_FACE('',(#2349),#2352,.T.);
#2349 = FACE_BOUND('',#2350,.T.);
#2350 = EDGE_LOOP('',(#2351));
#2351 = ORIENTED_EDGE('',*,*,#2319,.T.);
#2352 = PLANE('',#2353);
#2353 = AXIS2_PLACEMENT_3D('',#2354,#2355,#2356);
#2354 = CARTESIAN_POINT('',(0.,15.5,-25.));
#2355 = DIRECTION('',(0.,-1.,1.110223024625E-16));
#2356 = DIRECTION('',(1.,0.,0.));
#2357 = ADVANCED_FACE('',(#2358),#2361,.F.);
#2358 = FACE_BOUND('',#2359,.T.);
#2359 = EDGE_LOOP('',(#2360));
#2360 = ORIENTED_EDGE('',*,*,#2336,.F.);
#2361 = PLANE('',#2362);
#2362 = AXIS2_PLACEMENT_3D('',#2363,#2364,#2365);
#2363 = CARTESIAN_POINT('',(0.,17.5,-25.));
#2364 = DIRECTION('',(0.,-1.,1.110223024625E-16));
#2365 = DIRECTION('',(1.,0.,0.));
#2366 = MANIFOLD_SOLID_BREP('',#2367);
#2367 = CLOSED_SHELL('',(#2368,#2401,#2410));
#2368 = ADVANCED_FACE('',(#2369),#2396,.T.);
#2369 = FACE_BOUND('',#2370,.T.);
#2370 = EDGE_LOOP('',(#2371,#2380,#2388,#2395));
#2371 = ORIENTED_EDGE('',*,*,#2372,.F.);
#2372 = EDGE_CURVE('',#2373,#2373,#2375,.T.);
#2373 = VERTEX_POINT('',#2374);
#2374 = CARTESIAN_POINT('',(5.,15.,-25.));
#2375 = CIRCLE('',#2376,5.);
#2376 = AXIS2_PLACEMENT_3D('',#2377,#2378,#2379);
#2377 = CARTESIAN_POINT('',(0.,15.,-25.));
#2378 = DIRECTION('',(0.,-1.,1.110223024625E-16));
#2379 = DIRECTION('',(1.,0.,0.));
#2380 = ORIENTED_EDGE('',*,*,#2381,.F.);
#2381 = EDGE_CURVE('',#2382,#2373,#2384,.T.);
#2382 = VERTEX_POINT('',#2383);
#2383 = CARTESIAN_POINT('',(5.,17.5,-25.));
#2384 = LINE('',#2385,#2386);
#2385 = CARTESIAN_POINT('',(5.,17.5,-25.));
#2386 = VECTOR('',#2387,1.);
#2387 = DIRECTION('',(0.,-1.,1.110223024625E-16));
#2388 = ORIENTED_EDGE('',*,*,#2389,.T.);
#2389 = EDGE_CURVE('',#2382,#2382,#2390,.T.);
#2390 = CIRCLE('',#2391,5.);
#2391 = AXIS2_PLACEMENT_3D('',#2392,#2393,#2394);
#2392 = CARTESIAN_POINT('',(0.,17.5,-25.));
#2393 = DIRECTION('',(0.,-1.,1.110223024625E-16));
#2394 = DIRECTION('',(1.,0.,0.));
#2395 = ORIENTED_EDGE('',*,*,#2381,.T.);
#2396 = CYLINDRICAL_SURFACE('',#2397,5.);
#2397 = AXIS2_PLACEMENT_3D('',#2398,#2399,#2400);
#2398 = CARTESIAN_POINT('',(0.,17.5,-25.));
#2399 = DIRECTION('',(0.,-1.,1.110223024625E-16));
#2400 = DIRECTION('',(1.,0.,0.));
#2401 = ADVANCED_FACE('',(#2402),#2405,.T.);
#2402 = FACE_BOUND('',#2403,.T.);
#2403 = EDGE_LOOP('',(#2404));
#2404 = ORIENTED_EDGE('',*,*,#2372,.T.);
#2405 = PLANE('',#2406);
#2406 = AXIS2_PLACEMENT_3D('',#2407,#2408,#2409);
#2407 = CARTESIAN_POINT('',(0.,15.,-25.));
#2408 = DIRECTION('',(0.,-1.,1.110223024625E-16));
#2409 = DIRECTION('',(1.,0.,0.));
#2410 = ADVANCED_FACE('',(#2411),#2414,.F.);
#2411 = FACE_BOUND('',#2412,.T.);
#2412 = EDGE_LOOP('',(#2413));
#2413 = ORIENTED_EDGE('',*,*,#2389,.F.);
#2414 = PLANE('',#2415);
#2415 = AXIS2_PLACEMENT_3D('',#2416,#2417,#2418);
#2416 = CARTESIAN_POINT('',(0.,17.5,-25.));
#2417 = DIRECTION('',(0.,-1.,1.110223024625E-16));
#2418 = DIRECTION('',(1.,0.,0.));
#2419 = MANIFOLD_SOLID_BREP('',#2420);
#2420 = CLOSED_SHELL('',(#2421,#2454,#2463));
#2421 = ADVANCED_FACE('',(#2422),#2449,.T.);
#2422 = FACE_BOUND('',#2423,.T.);
#2423 = EDGE_LOOP('',(#2424,#2433,#2441,#2448));
#2424 = ORIENTED_EDGE('',*,*,#2425,.F.);
#2425 = EDGE_CURVE('',#2426,#2426,#2428,.T.);
#2426 = VERTEX_POINT('',#2427);
#2427 = CARTESIAN_POINT('',(-15.5,25.,-87.5));
#2428 = CIRCLE('',#2429,2.5);
#2429 = AXIS2_PLACEMENT_3D('',#2430,#2431,#2432);
#2430 = CARTESIAN_POINT('',(-18.,25.,-87.5));
#2431 = DIRECTION('',(-0.,1.,1.110223024625E-16));
#2432 = DIRECTION('',(1.,0.,0.));
#2433 = ORIENTED_EDGE('',*,*,#2434,.F.);
#2434 = EDGE_CURVE('',#2435,#2426,#2437,.T.);
#2435 = VERTEX_POINT('',#2436);
#2436 = CARTESIAN_POINT('',(-15.5,-6.798155367234E-32,-87.5));
#2437 = LINE('',#2438,#2439);
#2438 = CARTESIAN_POINT('',(-15.5,-6.798155367234E-32,-87.5));
#2439 = VECTOR('',#2440,1.);
#2440 = DIRECTION('',(0.,1.,1.110223024625E-16));
#2441 = ORIENTED_EDGE('',*,*,#2442,.T.);
#2442 = EDGE_CURVE('',#2435,#2435,#2443,.T.);
#2443 = CIRCLE('',#2444,2.5);
#2444 = AXIS2_PLACEMENT_3D('',#2445,#2446,#2447);
#2445 = CARTESIAN_POINT('',(-18.,0.,-87.5));
#2446 = DIRECTION('',(-0.,1.,1.110223024625E-16));
#2447 = DIRECTION('',(1.,0.,0.));
#2448 = ORIENTED_EDGE('',*,*,#2434,.T.);
#2449 = CYLINDRICAL_SURFACE('',#2450,2.5);
#2450 = AXIS2_PLACEMENT_3D('',#2451,#2452,#2453);
#2451 = CARTESIAN_POINT('',(-18.,0.,-87.5));
#2452 = DIRECTION('',(0.,1.,1.110223024625E-16));
#2453 = DIRECTION('',(1.,0.,0.));
#2454 = ADVANCED_FACE('',(#2455),#2458,.T.);
#2455 = FACE_BOUND('',#2456,.T.);
#2456 = EDGE_LOOP('',(#2457));
#2457 = ORIENTED_EDGE('',*,*,#2425,.T.);
#2458 = PLANE('',#2459);
#2459 = AXIS2_PLACEMENT_3D('',#2460,#2461,#2462);
#2460 = CARTESIAN_POINT('',(-18.,25.,-87.5));
#2461 = DIRECTION('',(0.,1.,1.110223024625E-16));
#2462 = DIRECTION('',(1.,0.,0.));
#2463 = ADVANCED_FACE('',(#2464),#2467,.F.);
#2464 = FACE_BOUND('',#2465,.T.);
#2465 = EDGE_LOOP('',(#2466));
#2466 = ORIENTED_EDGE('',*,*,#2442,.F.);
#2467 = PLANE('',#2468);
#2468 = AXIS2_PLACEMENT_3D('',#2469,#2470,#2471);
#2469 = CARTESIAN_POINT('',(-18.,0.,-87.5));
#2470 = DIRECTION('',(0.,1.,1.110223024625E-16));
#2471 = DIRECTION('',(1.,0.,0.));
#2472 = MANIFOLD_SOLID_BREP('',#2473);
#2473 = CLOSED_SHELL('',(#2474,#2507,#2516));
#2474 = ADVANCED_FACE('',(#2475),#2502,.T.);
#2475 = FACE_BOUND('',#2476,.T.);
#2476 = EDGE_LOOP('',(#2477,#2486,#2494,#2501));
#2477 = ORIENTED_EDGE('',*,*,#2478,.F.);
#2478 = EDGE_CURVE('',#2479,#2479,#2481,.T.);
#2479 = VERTEX_POINT('',#2480);
#2480 = CARTESIAN_POINT('',(-17.6,8.,-112.5));
#2481 = CIRCLE('',#2482,0.4);
#2482 = AXIS2_PLACEMENT_3D('',#2483,#2484,#2485);
#2483 = CARTESIAN_POINT('',(-18.,8.,-112.5));
#2484 = DIRECTION('',(-0.,1.,1.110223024625E-16));
#2485 = DIRECTION('',(1.,0.,0.));
#2486 = ORIENTED_EDGE('',*,*,#2487,.F.);
#2487 = EDGE_CURVE('',#2488,#2479,#2490,.T.);
#2488 = VERTEX_POINT('',#2489);
#2489 = CARTESIAN_POINT('',(-15.5,-6.798155367234E-32,-112.5));
#2490 = LINE('',#2491,#2492);
#2491 = CARTESIAN_POINT('',(-15.5,-6.798155367234E-32,-112.5));
#2492 = VECTOR('',#2493,1.);
#2493 = DIRECTION('',(-0.253898128412,0.967230965379,4.519710273559E-17)
  );
#2494 = ORIENTED_EDGE('',*,*,#2495,.T.);
#2495 = EDGE_CURVE('',#2488,#2488,#2496,.T.);
#2496 = CIRCLE('',#2497,2.5);
#2497 = AXIS2_PLACEMENT_3D('',#2498,#2499,#2500);
#2498 = CARTESIAN_POINT('',(-18.,0.,-112.5));
#2499 = DIRECTION('',(-0.,1.,1.110223024625E-16));
#2500 = DIRECTION('',(1.,0.,0.));
#2501 = ORIENTED_EDGE('',*,*,#2487,.T.);
#2502 = CONICAL_SURFACE('',#2503,2.5,0.256708330433);
#2503 = AXIS2_PLACEMENT_3D('',#2504,#2505,#2506);
#2504 = CARTESIAN_POINT('',(-18.,0.,-112.5));
#2505 = DIRECTION('',(-0.,-1.,-1.110223024625E-16));
#2506 = DIRECTION('',(1.,0.,0.));
#2507 = ADVANCED_FACE('',(#2508),#2511,.T.);
#2508 = FACE_BOUND('',#2509,.T.);
#2509 = EDGE_LOOP('',(#2510));
#2510 = ORIENTED_EDGE('',*,*,#2478,.T.);
#2511 = PLANE('',#2512);
#2512 = AXIS2_PLACEMENT_3D('',#2513,#2514,#2515);
#2513 = CARTESIAN_POINT('',(-18.,8.,-112.5));
#2514 = DIRECTION('',(0.,1.,1.110223024625E-16));
#2515 = DIRECTION('',(1.,0.,0.));
#2516 = ADVANCED_FACE('',(#2517),#2520,.F.);
#2517 = FACE_BOUND('',#2518,.T.);
#2518 = EDGE_LOOP('',(#2519));
#2519 = ORIENTED_EDGE('',*,*,#2495,.F.);
#2520 = PLANE('',#2521);
#2521 = AXIS2_PLACEMENT_3D('',#2522,#2523,#2524);
#2522 = CARTESIAN_POINT('',(-18.,0.,-112.5));
#2523 = DIRECTION('',(0.,1.,1.110223024625E-16));
#2524 = DIRECTION('',(1.,0.,0.));
#2525 = MANIFOLD_SOLID_BREP('',#2526);
#2526 = CLOSED_SHELL('',(#2527,#2560,#2569));
#2527 = ADVANCED_FACE('',(#2528),#2555,.T.);
#2528 = FACE_BOUND('',#2529,.T.);
#2529 = EDGE_LOOP('',(#2530,#2539,#2547,#2554));
#2530 = ORIENTED_EDGE('',*,*,#2531,.F.);
#2531 = EDGE_CURVE('',#2532,#2532,#2534,.T.);
#2532 = VERTEX_POINT('',#2533);
#2533 = CARTESIAN_POINT('',(20.5,25.,-87.5));
#2534 = CIRCLE('',#2535,2.5);
#2535 = AXIS2_PLACEMENT_3D('',#2536,#2537,#2538);
#2536 = CARTESIAN_POINT('',(18.,25.,-87.5));
#2537 = DIRECTION('',(-0.,1.,1.110223024625E-16));
#2538 = DIRECTION('',(1.,0.,0.));
#2539 = ORIENTED_EDGE('',*,*,#2540,.F.);
#2540 = EDGE_CURVE('',#2541,#2532,#2543,.T.);
#2541 = VERTEX_POINT('',#2542);
#2542 = CARTESIAN_POINT('',(20.5,-6.798155367234E-32,-87.5));
#2543 = LINE('',#2544,#2545);
#2544 = CARTESIAN_POINT('',(20.5,-6.798155367234E-32,-87.5));
#2545 = VECTOR('',#2546,1.);
#2546 = DIRECTION('',(0.,1.,1.110223024625E-16));
#2547 = ORIENTED_EDGE('',*,*,#2548,.T.);
#2548 = EDGE_CURVE('',#2541,#2541,#2549,.T.);
#2549 = CIRCLE('',#2550,2.5);
#2550 = AXIS2_PLACEMENT_3D('',#2551,#2552,#2553);
#2551 = CARTESIAN_POINT('',(18.,0.,-87.5));
#2552 = DIRECTION('',(-0.,1.,1.110223024625E-16));
#2553 = DIRECTION('',(1.,0.,0.));
#2554 = ORIENTED_EDGE('',*,*,#2540,.T.);
#2555 = CYLINDRICAL_SURFACE('',#2556,2.5);
#2556 = AXIS2_PLACEMENT_3D('',#2557,#2558,#2559);
#2557 = CARTESIAN_POINT('',(18.,0.,-87.5));
#2558 = DIRECTION('',(0.,1.,1.110223024625E-16));
#2559 = DIRECTION('',(1.,0.,0.));
#2560 = ADVANCED_FACE('',(#2561),#2564,.T.);
#2561 = FACE_BOUND('',#2562,.T.);
#2562 = EDGE_LOOP('',(#2563));
#2563 = ORIENTED_EDGE('',*,*,#2531,.T.);
#2564 = PLANE('',#2565);
#2565 = AXIS2_PLACEMENT_3D('',#2566,#2567,#2568);
#2566 = CARTESIAN_POINT('',(18.,25.,-87.5));
#2567 = DIRECTION('',(0.,1.,1.110223024625E-16));
#2568 = DIRECTION('',(1.,0.,0.));
#2569 = ADVANCED_FACE('',(#2570),#2573,.F.);
#2570 = FACE_BOUND('',#2571,.T.);
#2571 = EDGE_LOOP('',(#2572));
#2572 = ORIENTED_EDGE('',*,*,#2548,.F.);
#2573 = PLANE('',#2574);
#2574 = AXIS2_PLACEMENT_3D('',#2575,#2576,#2577);
#2575 = CARTESIAN_POINT('',(18.,0.,-87.5));
#2576 = DIRECTION('',(0.,1.,1.110223024625E-16));
#2577 = DIRECTION('',(1.,0.,0.));
#2578 = MANIFOLD_SOLID_BREP('',#2579);
#2579 = CLOSED_SHELL('',(#2580,#2613,#2622));
#2580 = ADVANCED_FACE('',(#2581),#2608,.T.);
#2581 = FACE_BOUND('',#2582,.T.);
#2582 = EDGE_LOOP('',(#2583,#2592,#2600,#2607));
#2583 = ORIENTED_EDGE('',*,*,#2584,.F.);
#2584 = EDGE_CURVE('',#2585,#2585,#2587,.T.);
#2585 = VERTEX_POINT('',#2586);
#2586 = CARTESIAN_POINT('',(18.4,8.,-112.5));
#2587 = CIRCLE('',#2588,0.4);
#2588 = AXIS2_PLACEMENT_3D('',#2589,#2590,#2591);
#2589 = CARTESIAN_POINT('',(18.,8.,-112.5));
#2590 = DIRECTION('',(-0.,1.,1.110223024625E-16));
#2591 = DIRECTION('',(1.,0.,0.));
#2592 = ORIENTED_EDGE('',*,*,#2593,.F.);
#2593 = EDGE_CURVE('',#2594,#2585,#2596,.T.);
#2594 = VERTEX_POINT('',#2595);
#2595 = CARTESIAN_POINT('',(20.5,-6.798155367234E-32,-112.5));
#2596 = LINE('',#2597,#2598);
#2597 = CARTESIAN_POINT('',(20.5,-6.798155367234E-32,-112.5));
#2598 = VECTOR('',#2599,1.);
#2599 = DIRECTION('',(-0.253898128412,0.967230965379,4.519710273559E-17)
  );
#2600 = ORIENTED_EDGE('',*,*,#2601,.T.);
#2601 = EDGE_CURVE('',#2594,#2594,#2602,.T.);
#2602 = CIRCLE('',#2603,2.5);
#2603 = AXIS2_PLACEMENT_3D('',#2604,#2605,#2606);
#2604 = CARTESIAN_POINT('',(18.,0.,-112.5));
#2605 = DIRECTION('',(-0.,1.,1.110223024625E-16));
#2606 = DIRECTION('',(1.,0.,0.));
#2607 = ORIENTED_EDGE('',*,*,#2593,.T.);
#2608 = CONICAL_SURFACE('',#2609,2.5,0.256708330433);
#2609 = AXIS2_PLACEMENT_3D('',#2610,#2611,#2612);
#2610 = CARTESIAN_POINT('',(18.,0.,-112.5));
#2611 = DIRECTION('',(-0.,-1.,-1.110223024625E-16));
#2612 = DIRECTION('',(1.,0.,0.));
#2613 = ADVANCED_FACE('',(#2614),#2617,.T.);
#2614 = FACE_BOUND('',#2615,.T.);
#2615 = EDGE_LOOP('',(#2616));
#2616 = ORIENTED_EDGE('',*,*,#2584,.T.);
#2617 = PLANE('',#2618);
#2618 = AXIS2_PLACEMENT_3D('',#2619,#2620,#2621);
#2619 = CARTESIAN_POINT('',(18.,8.,-112.5));
#2620 = DIRECTION('',(0.,1.,1.110223024625E-16));
#2621 = DIRECTION('',(1.,0.,0.));
#2622 = ADVANCED_FACE('',(#2623),#2626,.F.);
#2623 = FACE_BOUND('',#2624,.T.);
#2624 = EDGE_LOOP('',(#2625));
#2625 = ORIENTED_EDGE('',*,*,#2601,.F.);
#2626 = PLANE('',#2627);
#2627 = AXIS2_PLACEMENT_3D('',#2628,#2629,#2630);
#2628 = CARTESIAN_POINT('',(18.,0.,-112.5));
#2629 = DIRECTION('',(0.,1.,1.110223024625E-16));
#2630 = DIRECTION('',(1.,0.,0.));
#2631 = MANIFOLD_SOLID_BREP('',#2632);
#2632 = CLOSED_SHELL('',(#2633,#2673,#2713,#2735,#2757,#2769));
#2633 = ADVANCED_FACE('',(#2634),#2668,.F.);
#2634 = FACE_BOUND('',#2635,.F.);
#2635 = EDGE_LOOP('',(#2636,#2646,#2654,#2662));
#2636 = ORIENTED_EDGE('',*,*,#2637,.F.);
#2637 = EDGE_CURVE('',#2638,#2640,#2642,.T.);
#2638 = VERTEX_POINT('',#2639);
#2639 = CARTESIAN_POINT('',(-32.,-5.,-81.5));
#2640 = VERTEX_POINT('',#2641);
#2641 = CARTESIAN_POINT('',(-32.,-5.,81.5));
#2642 = LINE('',#2643,#2644);
#2643 = CARTESIAN_POINT('',(-32.,-5.,-81.5));
#2644 = VECTOR('',#2645,1.);
#2645 = DIRECTION('',(0.,0.,1.));
#2646 = ORIENTED_EDGE('',*,*,#2647,.T.);
#2647 = EDGE_CURVE('',#2638,#2648,#2650,.T.);
#2648 = VERTEX_POINT('',#2649);
#2649 = CARTESIAN_POINT('',(-32.,-3.4,-81.5));
#2650 = LINE('',#2651,#2652);
#2651 = CARTESIAN_POINT('',(-32.,-5.,-81.5));
#2652 = VECTOR('',#2653,1.);
#2653 = DIRECTION('',(-0.,1.,0.));
#2654 = ORIENTED_EDGE('',*,*,#2655,.T.);
#2655 = EDGE_CURVE('',#2648,#2656,#2658,.T.);
#2656 = VERTEX_POINT('',#2657);
#2657 = CARTESIAN_POINT('',(-32.,-3.4,81.5));
#2658 = LINE('',#2659,#2660);
#2659 = CARTESIAN_POINT('',(-32.,-3.4,-81.5));
#2660 = VECTOR('',#2661,1.);
#2661 = DIRECTION('',(0.,0.,1.));
#2662 = ORIENTED_EDGE('',*,*,#2663,.F.);
#2663 = EDGE_CURVE('',#2640,#2656,#2664,.T.);
#2664 = LINE('',#2665,#2666);
#2665 = CARTESIAN_POINT('',(-32.,-5.,81.5));
#2666 = VECTOR('',#2667,1.);
#2667 = DIRECTION('',(-0.,1.,0.));
#2668 = PLANE('',#2669);
#2669 = AXIS2_PLACEMENT_3D('',#2670,#2671,#2672);
#2670 = CARTESIAN_POINT('',(-32.,-5.,-81.5));
#2671 = DIRECTION('',(1.,0.,-0.));
#2672 = DIRECTION('',(0.,0.,1.));
#2673 = ADVANCED_FACE('',(#2674),#2708,.T.);
#2674 = FACE_BOUND('',#2675,.T.);
#2675 = EDGE_LOOP('',(#2676,#2686,#2694,#2702));
#2676 = ORIENTED_EDGE('',*,*,#2677,.F.);
#2677 = EDGE_CURVE('',#2678,#2680,#2682,.T.);
#2678 = VERTEX_POINT('',#2679);
#2679 = CARTESIAN_POINT('',(32.,-5.,-81.5));
#2680 = VERTEX_POINT('',#2681);
#2681 = CARTESIAN_POINT('',(32.,-5.,81.5));
#2682 = LINE('',#2683,#2684);
#2683 = CARTESIAN_POINT('',(32.,-5.,-81.5));
#2684 = VECTOR('',#2685,1.);
#2685 = DIRECTION('',(0.,0.,1.));
#2686 = ORIENTED_EDGE('',*,*,#2687,.T.);
#2687 = EDGE_CURVE('',#2678,#2688,#2690,.T.);
#2688 = VERTEX_POINT('',#2689);
#2689 = CARTESIAN_POINT('',(32.,-3.4,-81.5));
#2690 = LINE('',#2691,#2692);
#2691 = CARTESIAN_POINT('',(32.,-5.,-81.5));
#2692 = VECTOR('',#2693,1.);
#2693 = DIRECTION('',(-0.,1.,0.));
#2694 = ORIENTED_EDGE('',*,*,#2695,.T.);
#2695 = EDGE_CURVE('',#2688,#2696,#2698,.T.);
#2696 = VERTEX_POINT('',#2697);
#2697 = CARTESIAN_POINT('',(32.,-3.4,81.5));
#2698 = LINE('',#2699,#2700);
#2699 = CARTESIAN_POINT('',(32.,-3.4,-81.5));
#2700 = VECTOR('',#2701,1.);
#2701 = DIRECTION('',(0.,0.,1.));
#2702 = ORIENTED_EDGE('',*,*,#2703,.F.);
#2703 = EDGE_CURVE('',#2680,#2696,#2704,.T.);
#2704 = LINE('',#2705,#2706);
#2705 = CARTESIAN_POINT('',(32.,-5.,81.5));
#2706 = VECTOR('',#2707,1.);
#2707 = DIRECTION('',(-0.,1.,0.));
#2708 = PLANE('',#2709);
#2709 = AXIS2_PLACEMENT_3D('',#2710,#2711,#2712);
#2710 = CARTESIAN_POINT('',(32.,-5.,-81.5));
#2711 = DIRECTION('',(1.,0.,-0.));
#2712 = DIRECTION('',(0.,0.,1.));
#2713 = ADVANCED_FACE('',(#2714),#2730,.F.);
#2714 = FACE_BOUND('',#2715,.F.);
#2715 = EDGE_LOOP('',(#2716,#2722,#2723,#2729));
#2716 = ORIENTED_EDGE('',*,*,#2717,.F.);
#2717 = EDGE_CURVE('',#2638,#2678,#2718,.T.);
#2718 = LINE('',#2719,#2720);
#2719 = CARTESIAN_POINT('',(-32.,-5.,-81.5));
#2720 = VECTOR('',#2721,1.);
#2721 = DIRECTION('',(1.,0.,-0.));
#2722 = ORIENTED_EDGE('',*,*,#2637,.T.);
#2723 = ORIENTED_EDGE('',*,*,#2724,.T.);
#2724 = EDGE_CURVE('',#2640,#2680,#2725,.T.);
#2725 = LINE('',#2726,#2727);
#2726 = CARTESIAN_POINT('',(-32.,-5.,81.5));
#2727 = VECTOR('',#2728,1.);
#2728 = DIRECTION('',(1.,0.,-0.));
#2729 = ORIENTED_EDGE('',*,*,#2677,.F.);
#2730 = PLANE('',#2731);
#2731 = AXIS2_PLACEMENT_3D('',#2732,#2733,#2734);
#2732 = CARTESIAN_POINT('',(-32.,-5.,-81.5));
#2733 = DIRECTION('',(-0.,1.,0.));
#2734 = DIRECTION('',(0.,0.,1.));
#2735 = ADVANCED_FACE('',(#2736),#2752,.T.);
#2736 = FACE_BOUND('',#2737,.T.);
#2737 = EDGE_LOOP('',(#2738,#2744,#2745,#2751));
#2738 = ORIENTED_EDGE('',*,*,#2739,.F.);
#2739 = EDGE_CURVE('',#2648,#2688,#2740,.T.);
#2740 = LINE('',#2741,#2742);
#2741 = CARTESIAN_POINT('',(-32.,-3.4,-81.5));
#2742 = VECTOR('',#2743,1.);
#2743 = DIRECTION('',(1.,0.,-0.));
#2744 = ORIENTED_EDGE('',*,*,#2655,.T.);
#2745 = ORIENTED_EDGE('',*,*,#2746,.T.);
#2746 = EDGE_CURVE('',#2656,#2696,#2747,.T.);
#2747 = LINE('',#2748,#2749);
#2748 = CARTESIAN_POINT('',(-32.,-3.4,81.5));
#2749 = VECTOR('',#2750,1.);
#2750 = DIRECTION('',(1.,0.,-0.));
#2751 = ORIENTED_EDGE('',*,*,#2695,.F.);
#2752 = PLANE('',#2753);
#2753 = AXIS2_PLACEMENT_3D('',#2754,#2755,#2756);
#2754 = CARTESIAN_POINT('',(-32.,-3.4,-81.5));
#2755 = DIRECTION('',(-0.,1.,0.));
#2756 = DIRECTION('',(0.,0.,1.));
#2757 = ADVANCED_FACE('',(#2758),#2764,.F.);
#2758 = FACE_BOUND('',#2759,.F.);
#2759 = EDGE_LOOP('',(#2760,#2761,#2762,#2763));
#2760 = ORIENTED_EDGE('',*,*,#2647,.F.);
#2761 = ORIENTED_EDGE('',*,*,#2717,.T.);
#2762 = ORIENTED_EDGE('',*,*,#2687,.T.);
#2763 = ORIENTED_EDGE('',*,*,#2739,.F.);
#2764 = PLANE('',#2765);
#2765 = AXIS2_PLACEMENT_3D('',#2766,#2767,#2768);
#2766 = CARTESIAN_POINT('',(-32.,-5.,-81.5));
#2767 = DIRECTION('',(0.,0.,1.));
#2768 = DIRECTION('',(1.,0.,-0.));
#2769 = ADVANCED_FACE('',(#2770),#2776,.T.);
#2770 = FACE_BOUND('',#2771,.T.);
#2771 = EDGE_LOOP('',(#2772,#2773,#2774,#2775));
#2772 = ORIENTED_EDGE('',*,*,#2663,.F.);
#2773 = ORIENTED_EDGE('',*,*,#2724,.T.);
#2774 = ORIENTED_EDGE('',*,*,#2703,.T.);
#2775 = ORIENTED_EDGE('',*,*,#2746,.F.);
#2776 = PLANE('',#2777);
#2777 = AXIS2_PLACEMENT_3D('',#2778,#2779,#2780);
#2778 = CARTESIAN_POINT('',(-32.,-5.,81.5));
#2779 = DIRECTION('',(0.,0.,1.));
#2780 = DIRECTION('',(1.,0.,-0.));
#2781 = MANIFOLD_SOLID_BREP('',#2782);
#2782 = CLOSED_SHELL('',(#2783,#2823,#2863,#2885,#2907,#2919));
#2783 = ADVANCED_FACE('',(#2784),#2818,.F.);
#2784 = FACE_BOUND('',#2785,.F.);
#2785 = EDGE_LOOP('',(#2786,#2796,#2804,#2812));
#2786 = ORIENTED_EDGE('',*,*,#2787,.F.);
#2787 = EDGE_CURVE('',#2788,#2790,#2792,.T.);
#2788 = VERTEX_POINT('',#2789);
#2789 = CARTESIAN_POINT('',(-26.,-15.,-50.));
#2790 = VERTEX_POINT('',#2791);
#2791 = CARTESIAN_POINT('',(-26.,-15.,10.));
#2792 = LINE('',#2793,#2794);
#2793 = CARTESIAN_POINT('',(-26.,-15.,-50.));
#2794 = VECTOR('',#2795,1.);
#2795 = DIRECTION('',(0.,0.,1.));
#2796 = ORIENTED_EDGE('',*,*,#2797,.T.);
#2797 = EDGE_CURVE('',#2788,#2798,#2800,.T.);
#2798 = VERTEX_POINT('',#2799);
#2799 = CARTESIAN_POINT('',(-26.,-7.,-50.));
#2800 = LINE('',#2801,#2802);
#2801 = CARTESIAN_POINT('',(-26.,-15.,-50.));
#2802 = VECTOR('',#2803,1.);
#2803 = DIRECTION('',(-0.,1.,0.));
#2804 = ORIENTED_EDGE('',*,*,#2805,.T.);
#2805 = EDGE_CURVE('',#2798,#2806,#2808,.T.);
#2806 = VERTEX_POINT('',#2807);
#2807 = CARTESIAN_POINT('',(-26.,-7.,10.));
#2808 = LINE('',#2809,#2810);
#2809 = CARTESIAN_POINT('',(-26.,-7.,-50.));
#2810 = VECTOR('',#2811,1.);
#2811 = DIRECTION('',(0.,0.,1.));
#2812 = ORIENTED_EDGE('',*,*,#2813,.F.);
#2813 = EDGE_CURVE('',#2790,#2806,#2814,.T.);
#2814 = LINE('',#2815,#2816);
#2815 = CARTESIAN_POINT('',(-26.,-15.,10.));
#2816 = VECTOR('',#2817,1.);
#2817 = DIRECTION('',(-0.,1.,0.));
#2818 = PLANE('',#2819);
#2819 = AXIS2_PLACEMENT_3D('',#2820,#2821,#2822);
#2820 = CARTESIAN_POINT('',(-26.,-15.,-50.));
#2821 = DIRECTION('',(1.,0.,-0.));
#2822 = DIRECTION('',(0.,0.,1.));
#2823 = ADVANCED_FACE('',(#2824),#2858,.T.);
#2824 = FACE_BOUND('',#2825,.T.);
#2825 = EDGE_LOOP('',(#2826,#2836,#2844,#2852));
#2826 = ORIENTED_EDGE('',*,*,#2827,.F.);
#2827 = EDGE_CURVE('',#2828,#2830,#2832,.T.);
#2828 = VERTEX_POINT('',#2829);
#2829 = CARTESIAN_POINT('',(26.,-15.,-50.));
#2830 = VERTEX_POINT('',#2831);
#2831 = CARTESIAN_POINT('',(26.,-15.,10.));
#2832 = LINE('',#2833,#2834);
#2833 = CARTESIAN_POINT('',(26.,-15.,-50.));
#2834 = VECTOR('',#2835,1.);
#2835 = DIRECTION('',(0.,0.,1.));
#2836 = ORIENTED_EDGE('',*,*,#2837,.T.);
#2837 = EDGE_CURVE('',#2828,#2838,#2840,.T.);
#2838 = VERTEX_POINT('',#2839);
#2839 = CARTESIAN_POINT('',(26.,-7.,-50.));
#2840 = LINE('',#2841,#2842);
#2841 = CARTESIAN_POINT('',(26.,-15.,-50.));
#2842 = VECTOR('',#2843,1.);
#2843 = DIRECTION('',(-0.,1.,0.));
#2844 = ORIENTED_EDGE('',*,*,#2845,.T.);
#2845 = EDGE_CURVE('',#2838,#2846,#2848,.T.);
#2846 = VERTEX_POINT('',#2847);
#2847 = CARTESIAN_POINT('',(26.,-7.,10.));
#2848 = LINE('',#2849,#2850);
#2849 = CARTESIAN_POINT('',(26.,-7.,-50.));
#2850 = VECTOR('',#2851,1.);
#2851 = DIRECTION('',(0.,0.,1.));
#2852 = ORIENTED_EDGE('',*,*,#2853,.F.);
#2853 = EDGE_CURVE('',#2830,#2846,#2854,.T.);
#2854 = LINE('',#2855,#2856);
#2855 = CARTESIAN_POINT('',(26.,-15.,10.));
#2856 = VECTOR('',#2857,1.);
#2857 = DIRECTION('',(-0.,1.,0.));
#2858 = PLANE('',#2859);
#2859 = AXIS2_PLACEMENT_3D('',#2860,#2861,#2862);
#2860 = CARTESIAN_POINT('',(26.,-15.,-50.));
#2861 = DIRECTION('',(1.,0.,-0.));
#2862 = DIRECTION('',(0.,0.,1.));
#2863 = ADVANCED_FACE('',(#2864),#2880,.F.);
#2864 = FACE_BOUND('',#2865,.F.);
#2865 = EDGE_LOOP('',(#2866,#2872,#2873,#2879));
#2866 = ORIENTED_EDGE('',*,*,#2867,.F.);
#2867 = EDGE_CURVE('',#2788,#2828,#2868,.T.);
#2868 = LINE('',#2869,#2870);
#2869 = CARTESIAN_POINT('',(-26.,-15.,-50.));
#2870 = VECTOR('',#2871,1.);
#2871 = DIRECTION('',(1.,0.,-0.));
#2872 = ORIENTED_EDGE('',*,*,#2787,.T.);
#2873 = ORIENTED_EDGE('',*,*,#2874,.T.);
#2874 = EDGE_CURVE('',#2790,#2830,#2875,.T.);
#2875 = LINE('',#2876,#2877);
#2876 = CARTESIAN_POINT('',(-26.,-15.,10.));
#2877 = VECTOR('',#2878,1.);
#2878 = DIRECTION('',(1.,0.,-0.));
#2879 = ORIENTED_EDGE('',*,*,#2827,.F.);
#2880 = PLANE('',#2881);
#2881 = AXIS2_PLACEMENT_3D('',#2882,#2883,#2884);
#2882 = CARTESIAN_POINT('',(-26.,-15.,-50.));
#2883 = DIRECTION('',(-0.,1.,0.));
#2884 = DIRECTION('',(0.,0.,1.));
#2885 = ADVANCED_FACE('',(#2886),#2902,.T.);
#2886 = FACE_BOUND('',#2887,.T.);
#2887 = EDGE_LOOP('',(#2888,#2894,#2895,#2901));
#2888 = ORIENTED_EDGE('',*,*,#2889,.F.);
#2889 = EDGE_CURVE('',#2798,#2838,#2890,.T.);
#2890 = LINE('',#2891,#2892);
#2891 = CARTESIAN_POINT('',(-26.,-7.,-50.));
#2892 = VECTOR('',#2893,1.);
#2893 = DIRECTION('',(1.,0.,-0.));
#2894 = ORIENTED_EDGE('',*,*,#2805,.T.);
#2895 = ORIENTED_EDGE('',*,*,#2896,.T.);
#2896 = EDGE_CURVE('',#2806,#2846,#2897,.T.);
#2897 = LINE('',#2898,#2899);
#2898 = CARTESIAN_POINT('',(-26.,-7.,10.));
#2899 = VECTOR('',#2900,1.);
#2900 = DIRECTION('',(1.,0.,-0.));
#2901 = ORIENTED_EDGE('',*,*,#2845,.F.);
#2902 = PLANE('',#2903);
#2903 = AXIS2_PLACEMENT_3D('',#2904,#2905,#2906);
#2904 = CARTESIAN_POINT('',(-26.,-7.,-50.));
#2905 = DIRECTION('',(-0.,1.,0.));
#2906 = DIRECTION('',(0.,0.,1.));
#2907 = ADVANCED_FACE('',(#2908),#2914,.F.);
#2908 = FACE_BOUND('',#2909,.F.);
#2909 = EDGE_LOOP('',(#2910,#2911,#2912,#2913));
#2910 = ORIENTED_EDGE('',*,*,#2797,.F.);
#2911 = ORIENTED_EDGE('',*,*,#2867,.T.);
#2912 = ORIENTED_EDGE('',*,*,#2837,.T.);
#2913 = ORIENTED_EDGE('',*,*,#2889,.F.);
#2914 = PLANE('',#2915);
#2915 = AXIS2_PLACEMENT_3D('',#2916,#2917,#2918);
#2916 = CARTESIAN_POINT('',(-26.,-15.,-50.));
#2917 = DIRECTION('',(0.,0.,1.));
#2918 = DIRECTION('',(1.,0.,-0.));
#2919 = ADVANCED_FACE('',(#2920),#2926,.T.);
#2920 = FACE_BOUND('',#2921,.T.);
#2921 = EDGE_LOOP('',(#2922,#2923,#2924,#2925));
#2922 = ORIENTED_EDGE('',*,*,#2813,.F.);
#2923 = ORIENTED_EDGE('',*,*,#2874,.T.);
#2924 = ORIENTED_EDGE('',*,*,#2853,.T.);
#2925 = ORIENTED_EDGE('',*,*,#2896,.F.);
#2926 = PLANE('',#2927);
#2927 = AXIS2_PLACEMENT_3D('',#2928,#2929,#2930);
#2928 = CARTESIAN_POINT('',(-26.,-15.,10.));
#2929 = DIRECTION('',(0.,0.,1.));
#2930 = DIRECTION('',(1.,0.,-0.));
#2931 = ( GEOMETRIC_REPRESENTATION_CONTEXT(3) 
GLOBAL_UNCERTAINTY_ASSIGNED_CONTEXT((#2935)) 
GLOBAL_UNIT_ASSIGNED_CONTEXT((#2932,#2933,#2934)) REPRESENTATION_CONTEXT
('Context #1','3D Context with UNIT and UNCERTAINTY') );
#2932 = ( LENGTH_UNIT() NAMED_UNIT(*) SI_UNIT(.MILLI.,.METRE.) );
#2933 = ( NAMED_UNIT(*) PLANE_ANGLE_UNIT() SI_UNIT($,.RADIAN.) );
#2934 = ( NAMED_UNIT(*) SI_UNIT($,.STERADIAN.) SOLID_ANGLE_UNIT() );
#2935 = UNCERTAINTY_MEASURE_WITH_UNIT(LENGTH_MEASURE(1.E-07),#2932,
  'distance_accuracy_value','confusion accuracy');
#2936 = PRODUCT_RELATED_PRODUCT_CATEGORY('part',$,(#7));
ENDSEC;
END-ISO-10303-21;
