# Created by FreeCAD <https://www.freecad.org>
v -11.000000 2.000000 30.000000
v -11.000000 2.000000 85.000000
v -11.000000 3.600000 30.000000
v -11.000000 3.600000 85.000000
v 11.000000 2.000000 85.000000
v 11.000000 2.000000 30.000000
v 11.000000 3.600000 30.000000
v 11.000000 3.600000 85.000000
v -6.000000 3.600000 45.000000
v -6.000000 3.600000 57.000000
v -6.000000 4.800000 45.000000
v -6.000000 4.800000 57.000000
v 6.000000 3.600000 57.000000
v 6.000000 3.600000 45.000000
v 6.000000 4.800000 45.000000
v 6.000000 4.800000 57.000000
v -12.000000 7.500000 40.000000
v -12.000000 7.500000 76.000000
v -12.000000 9.500000 40.000000
v -12.000000 9.500000 76.000000
v 12.000000 7.500000 76.000000
v 12.000000 7.500000 40.000000
v 12.000000 9.500000 40.000000
v 12.000000 9.500000 76.000000
v -11.000000 -8.000000 8.000000
v -11.000000 -8.000000 43.000000
v -11.000000 -2.000000 8.000000
v -11.000000 -2.000000 43.000000
v 11.000000 -8.000000 43.000000
v 11.000000 -8.000000 8.000000
v 11.000000 -2.000000 8.000000
v 11.000000 -2.000000 43.000000
v -2.000000 0.000000 -68.000000
v -2.000000 0.000000 -66.000000
v -2.000000 2.000000 -68.000000
v -2.000000 2.000000 -66.000000
v 0.000000 0.000000 -66.000000
v 0.000000 0.000000 -68.000000
v 0.000000 2.000000 -68.000000
v 0.000000 2.000000 -66.000000
v 1.000000 0.000000 -68.000000
v 1.000000 0.000000 -66.000000
v 1.000000 2.000000 -68.000000
v 1.000000 2.000000 -66.000000
v 3.000000 0.000000 -66.000000
v 3.000000 0.000000 -68.000000
v 3.000000 2.000000 -68.000000
v 3.000000 2.000000 -66.000000
v 0.069714 -1.997566 -67.997566
v 0.099568 -2.000000 -67.995033
v 0.049846 -2.000000 -67.998756
v 0.069374 -1.992708 -67.997566
v 0.000000 -2.000000 -68.000000
v 0.068697 -1.987887 -67.997566
v 0.067684 -1.983124 -67.997566
v 0.138834 -1.990292 -67.990265
v 0.149042 -2.000000 -67.988831
v 0.198146 -2.000000 -67.980171
v 0.066342 -1.978444 -67.997566
v 0.137819 -1.980631 -67.990265
v 0.064677 -1.973869 -67.997566
v 0.136132 -1.971064 -67.990265
v 0.062697 -1.969421 -67.997566
v 0.207785 -1.992744 -67.978149
v 0.246757 -2.000000 -67.969078
v 0.133782 -1.961639 -67.990265
v 0.060411 -1.965122 -67.997566
v 0.206773 -1.978267 -67.978149
v 0.130780 -1.952400 -67.990265
v 0.057831 -1.960993 -67.997566
v 0.204753 -1.963897 -67.978149
v 0.127141 -1.943393 -67.990265
v 0.054969 -1.957054 -67.997566
v 0.201736 -1.949702 -67.978149
v 0.122883 -1.934662 -67.990265
v 0.274966 -1.980772 -67.961258
v 0.294755 -2.000000 -67.955574
v 0.051839 -1.953324 -67.997566
v 0.197736 -1.935752 -67.978149
v 0.118025 -1.926250 -67.990265
v 0.272955 -1.961639 -67.961258
v 0.048457 -1.949821 -67.997566
v 0.192772 -1.922115 -67.978149
v 0.112593 -1.918196 -67.990265
v 0.269614 -1.942692 -67.961258
v 0.044839 -1.946563 -67.997566
v 0.186870 -1.908857 -67.978149
v 0.341812 -1.988064 -67.939690
v 0.342020 -2.000000 -67.939690
v 0.388435 -2.000000 -67.921478
v 0.106613 -1.910541 -67.990265
v 0.264960 -1.924024 -67.961258
v 0.041002 -1.943566 -67.997566
v 0.180057 -1.896044 -67.978149
v 0.340147 -1.964249 -67.939690
v 0.100113 -1.903322 -67.990265
v 0.259014 -1.905726 -67.961258
v 0.036965 -1.940843 -67.997566
v 0.172367 -1.883737 -67.978149
v 0.336824 -1.940609 -67.939690
v 0.093125 -1.896574 -67.990265
v 0.251807 -1.887888 -67.961258
v 0.032749 -1.938409 -67.997566
v 0.163837 -1.871997 -67.978149
v 0.331861 -1.917258 -67.939690
v 0.085684 -1.890330 -67.990265
v 0.243373 -1.870596 -67.961258
v 0.405746 -1.971627 -67.913544
v 0.433884 -2.000000 -67.900970
v 0.028373 -1.936274 -67.997566
v 0.154509 -1.860880 -67.978149
v 0.325280 -1.894310 -67.939690
v 0.077825 -1.884620 -67.990265
v 0.233754 -1.853934 -67.961258
v 0.402778 -1.943393 -67.913544
v 0.023858 -1.934450 -67.997566
v 0.144428 -1.850441 -67.978149
v 0.317116 -1.871877 -67.939690
v 0.069587 -1.879473 -67.990265
v 0.222995 -1.837984 -67.961258
v 0.397848 -1.915435 -67.913544
v 0.019227 -1.932946 -67.997566
v 0.133643 -1.840730 -67.978149
v 0.307406 -1.850068 -67.939690
v 0.469186 -1.983616 -67.882950
v 0.478254 -2.000000 -67.878220
v 0.061009 -1.874912 -67.990265
v 0.211150 -1.822824 -67.961258
v 0.390980 -1.887888 -67.913544
v 0.014503 -1.931768 -67.997566
v 0.122207 -1.831796 -67.978149
v 0.296198 -1.828990 -67.939690
v 0.466900 -1.950927 -67.882950
v 0.052135 -1.870961 -67.990265
v 0.198277 -1.808526 -67.961258
v 0.382207 -1.860888 -67.913544
v 0.009708 -1.930922 -67.997566
v 0.110176 -1.823681 -67.978149
v 0.283548 -1.808745 -67.939690
v 0.462339 -1.918477 -67.882950
v 0.043007 -1.867638 -67.990265
v 0.184437 -1.795161 -67.961258
v 0.371572 -1.834565 -67.913544
v 0.004866 -1.930413 -67.997566
v 0.097609 -1.816425 -67.978149
v 0.269516 -1.789431 -67.939690
v 0.455526 -1.886425 -67.882950
v 0.033669 -1.864961 -67.990265
v 0.169699 -1.782795 -67.961258
v 0.359127 -1.809049 -67.913544
v 0.528628 -1.963035 -67.848045
v 0.521435 -2.000000 -67.853294
v 0.563320 -2.000000 -67.826241
v -0.000000 -1.930243 -67.997566
v 0.084565 -1.810063 -67.978149
v 0.254171 -1.771144 -67.939690
v 0.446494 -1.854925 -67.882950
v 0.024167 -1.862941 -67.990265
v 0.154134 -1.771486 -67.961258
v 0.344932 -1.784462 -67.913544
v 0.524762 -1.926250 -67.848045
v -0.004866 -1.930413 -67.997566
v 0.071110 -1.804627 -67.978149
v 0.237587 -1.753971 -67.939690
v 0.435286 -1.824133 -67.882950
v 0.014548 -1.861589 -67.990265
v 0.137819 -1.761291 -67.961258
v 0.329057 -1.760926 -67.913544
v 0.518339 -1.889824 -67.848045
v -0.009708 -1.930922 -67.997566
v 0.057308 -1.800142 -67.978149
v 0.219846 -1.737997 -67.939690
v 0.421958 -1.794197 -67.882950
v 0.587427 -1.979487 -67.809013
v 0.603804 -2.000000 -67.797134
v 0.004857 -1.860912 -67.990265
v 0.120831 -1.752259 -67.961258
v 0.311578 -1.738555 -67.913544
v 0.509391 -1.853934 -67.848045
v -0.014503 -1.931768 -67.997566
v 0.043227 -1.796632 -67.978149
v 0.201034 -1.723300 -67.939690
v 0.406574 -1.765264 -67.882950
v 0.584565 -1.938560 -67.809013
v -0.004857 -1.860912 -67.990265
v 0.103256 -1.744434 -67.961258
v 0.292582 -1.717457 -67.913544
v 0.497961 -1.818757 -67.848045
v -0.019227 -1.932946 -67.997566
v 0.028936 -1.794112 -67.978149
v 0.181243 -1.709950 -67.939690
v 0.389210 -1.737475 -67.882950
v 0.578855 -1.897932 -67.809013
v -0.014548 -1.861589 -67.990265
v 0.085177 -1.737853 -67.961258
v 0.272160 -1.697736 -67.913544
v 0.484105 -1.784462 -67.848045
v -0.023858 -1.934450 -67.997566
v 0.014503 -1.792595 -67.978149
v 0.160569 -1.698014 -67.939690
v 0.369949 -1.710964 -67.882950
v 0.570325 -1.857802 -67.809013
v -0.024167 -1.862941 -67.990265
v 0.066683 -1.732550 -67.961258
v 0.250412 -1.679487 -67.913544
v 0.467891 -1.751218 -67.848045
v 0.641222 -1.955161 -67.766045
v 0.642788 -2.000000 -67.766045
v 0.680173 -2.000000 -67.733055
v -0.028373 -1.936274 -67.997566
v -0.000000 -1.792088 -67.978149
v 0.139112 -1.687549 -67.939690
v 0.348885 -1.685862 -67.882950
v 0.559017 -1.818364 -67.809013
v -0.033669 -1.864961 -67.990265
v 0.047864 -1.728550 -67.961258
v 0.227444 -1.662800 -67.913544
v 0.449397 -1.719186 -67.848045
v 0.636532 -1.910541 -67.766045
v -0.032749 -1.938409 -67.997566
v -0.014503 -1.792595 -67.978149
v 0.116978 -1.678606 -67.939690
v 0.326122 -1.662290 -67.882950
v 0.544985 -1.779812 -67.809013
v -0.043007 -1.867638 -67.990265
v 0.028812 -1.725873 -67.961258
v 0.203368 -1.647756 -67.913544
v 0.428714 -1.688521 -67.848045
v 0.628741 -1.866357 -67.766045
v -0.036965 -1.940843 -67.997566
v -0.028936 -1.794112 -67.978149
v 0.094274 -1.671229 -67.939690
v 0.301771 -1.640364 -67.882950
v 0.528298 -1.742332 -67.809013
v 0.694235 -1.975757 -67.719337
v 0.715867 -2.000000 -67.698235
v -0.052135 -1.870961 -67.990265
v 0.009620 -1.724531 -67.961258
v 0.178302 -1.634428 -67.913544
v 0.405942 -1.659374 -67.848045
v 0.617887 -1.822824 -67.766045
v -0.041002 -1.943566 -67.997566
v -0.043227 -1.796632 -67.978149
v 0.071110 -1.665454 -67.939690
v 0.275948 -1.620190 -67.882950
v 0.509037 -1.706107 -67.809013
v 0.690853 -1.927388 -67.719337
v -0.061009 -1.874912 -67.990265
v -0.009620 -1.724531 -67.961258
v 0.152366 -1.622880 -67.913544
v 0.381192 -1.631887 -67.848045
v 0.604023 -1.780154 -67.766045
v -0.044839 -1.946563 -67.997566
v -0.057308 -1.800142 -67.978149
v 0.047600 -1.661308 -67.939690
v 0.248782 -1.601866 -67.882950
v 0.487296 -1.671315 -67.809013
v 0.684105 -1.879374 -67.719337
v -0.069587 -1.879473 -67.990265
v -0.028812 -1.725873 -67.961258
v 0.125689 -1.613171 -67.913544
v 0.354585 -1.606193 -67.848045
v 0.587216 -1.738555 -67.766045
v -0.048457 -1.949821 -67.997566
v -0.071110 -1.804627 -67.978149
v 0.023858 -1.658813 -67.939690
v 0.220404 -1.585481 -67.882950
v 0.463181 -1.638123 -67.809013
v 0.674024 -1.831947 -67.719337
v -0.077825 -1.884620 -67.990265
v -0.047864 -1.728550 -67.961258
v 0.098398 -1.605345 -67.913544
v 0.326251 -1.582418 -67.848045
v 0.567548 -1.698230 -67.766045
v 0.741335 -1.948161 -67.669128
v 0.749781 -2.000000 -67.661682
v 0.781832 -2.000000 -67.623489
v -0.051839 -1.953324 -67.997566
v -0.084565 -1.810063 -67.978149
v -0.000000 -1.657980 -67.939690
v 0.190951 -1.571116 -67.882950
v 0.436810 -1.606695 -67.809013
v 0.660659 -1.785339 -67.719337
v -0.085684 -1.890330 -67.990265
v -0.066683 -1.732550 -67.961258
v 0.070629 -1.599443 -67.913544
v 0.296327 -1.560677 -67.848045
v 0.545115 -1.659374 -67.766045
v 0.735913 -1.896574 -67.669128
v -0.054969 -1.957054 -67.997566
v -0.097609 -1.816425 -67.978149
v -0.023858 -1.658813 -67.939690
v 0.160569 -1.558841 -67.882950
v 0.408310 -1.577183 -67.809013
v 0.644076 -1.739776 -67.719337
v -0.093125 -1.896574 -67.990265
v -0.085177 -1.737853 -67.961258
v 0.042516 -1.595492 -67.913544
v 0.264960 -1.541076 -67.848045
v 0.520026 -1.622179 -67.766045
v 0.726905 -1.845492 -67.669128
v -0.057831 -1.960993 -67.997566
v -0.110176 -1.823681 -67.978149
v -0.047600 -1.661308 -67.939690
v 0.129404 -1.548715 -67.882950
v 0.377821 -1.549730 -67.809013
v 0.624355 -1.695482 -67.719337
v 0.787531 -1.972499 -67.615662
v 0.811938 -2.000000 -67.583740
v -0.100113 -1.903322 -67.990265
v -0.103256 -1.744434 -67.961258
v 0.014195 -1.593511 -67.913544
v 0.232301 -1.523712 -67.848045
v 0.492404 -1.586824 -67.766045
v 0.714357 -1.795161 -67.669128
v -0.060411 -1.965122 -67.997566
v -0.122207 -1.831796 -67.978149
v -0.071110 -1.665454 -67.939690
v 0.097609 -1.540787 -67.882950
v 0.345491 -1.524472 -67.809013
v 0.601592 -1.652671 -67.719337
v 0.783694 -1.917630 -67.615662
v -0.106613 -1.910541 -67.990265
v -0.120831 -1.752259 -67.961258
v -0.014195 -1.593511 -67.913544
v 0.198511 -1.508667 -67.848045
v 0.462383 -1.553482 -67.766045
v 0.698328 -1.745829 -67.669128
v -0.062697 -1.969421 -67.997566
v -0.133643 -1.840730 -67.978149
v -0.094274 -1.671229 -67.939690
v 0.065338 -1.535097 -67.882950
v 0.311479 -1.501530 -67.809013
v 0.575898 -1.611552 -67.719337
v 0.776039 -1.863163 -67.615662
v -0.112593 -1.918196 -67.990265
v -0.137819 -1.761291 -67.961258
v -0.042516 -1.595492 -67.913544
v 0.163754 -1.496017 -67.848045
v 0.430109 -1.522316 -67.766045
v 0.678897 -1.697736 -67.669128
v -0.064677 -1.973869 -67.997566
v -0.144428 -1.850441 -67.978149
v -0.116978 -1.678606 -67.939690
v 0.032749 -1.531672 -67.882950
v 0.275948 -1.481016 -67.809013
v 0.547398 -1.572326 -67.719337
v 0.764603 -1.809363 -67.615662
v -0.118025 -1.926250 -67.990265
v -0.154134 -1.771486 -67.961258
v -0.070629 -1.599443 -67.913544
v 0.128199 -1.485822 -67.848045
v 0.395740 -1.493477 -67.766045
v 0.656158 -1.651115 -67.669128
v 0.827018 -1.942169 -67.559196
v 0.840026 -2.000000 -67.542549
v -0.066342 -1.978444 -67.997566
v -0.154509 -1.860880 -67.978149
v -0.139112 -1.687549 -67.939690
v -0.000000 -1.530528 -67.882950
v 0.239074 -1.463031 -67.809013
v 0.516232 -1.535183 -67.719337
v 0.749443 -1.756491 -67.615662
v -0.122883 -1.934662 -67.990265
v -0.169699 -1.782795 -67.961258
v -0.098398 -1.605345 -67.913544
v 0.092020 -1.478131 -67.848045
v 0.359442 -1.467105 -67.766045
v 0.630223 -1.606193 -67.669128
v 0.820969 -1.884620 -67.559196
v -0.067684 -1.983124 -67.997566
v -0.163837 -1.871997 -67.978149
v -0.160569 -1.698014 -67.939690
v -0.032749 -1.531672 -67.882950
v 0.201034 -1.447663 -67.809013
v 0.482550 -1.500305 -67.719337
v 0.730631 -1.704806 -67.615662
v -0.127141 -1.943393 -67.990265
v -0.184437 -1.795161 -67.961258
v -0.125689 -1.613171 -67.913544
v 0.055392 -1.472984 -67.848045
v 0.321394 -1.443330 -67.766045
v 0.601217 -1.563190 -67.669128
v 0.810921 -1.827633 -67.559196
v -0.068697 -1.987887 -67.997566
v -0.172367 -1.883737 -67.978149
v -0.181243 -1.709950 -67.939690
v -0.065338 -1.535097 -67.882950
v 0.162016 -1.434985 -67.809013
v 0.446518 -1.467861 -67.719337
v 0.708259 -1.654559 -67.615662
v 0.865498 -1.969776 -67.500000
v 0.866025 -2.000000 -67.500000
v 0.889872 -2.000000 -67.456207
v -0.130780 -1.952400 -67.990265
v -0.198277 -1.808526 -67.961258
v -0.152366 -1.622880 -67.913544
v 0.018494 -1.470404 -67.848045
v 0.281780 -1.422266 -67.766045
v 0.569282 -1.522316 -67.669128
v 0.796922 -1.771486 -67.559196
v -0.069374 -1.992708 -67.997566
v -0.180057 -1.896044 -67.978149
v -0.201034 -1.723300 -67.939690
v -0.097609 -1.540787 -67.882950
v 0.122207 -1.425059 -67.809013
v 0.408310 -1.438010 -67.719337
v 0.682437 -1.605995 -67.615662
v 0.861281 -1.909476 -67.500000
v -0.133782 -1.961639 -67.990265
v -0.211150 -1.822824 -67.961258
v -0.178302 -1.634428 -67.913544
v -0.018494 -1.470404 -67.848045
v 0.240792 -1.404018 -67.766045
v 0.534574 -1.483768 -67.669128
v 0.779041 -1.716452 -67.559196
v -0.069714 -1.997566 -67.997566
v -0.186870 -1.908857 -67.978149
v -0.219846 -1.737997 -67.939690
v -0.129404 -1.548715 -67.882950
v 0.081804 -1.417935 -67.809013
v 0.368113 -1.410896 -67.719337
v 0.653291 -1.559350 -67.615662
v 0.852869 -1.849616 -67.500000
v -0.136132 -1.971064 -67.990265
v -0.222995 -1.837984 -67.961258
v -0.203368 -1.647756 -67.913544
v -0.055392 -1.472984 -67.848045
v 0.198632 -1.388673 -67.766045
v 0.497261 -1.447736 -67.669128
v 0.757363 -1.662800 -67.559196
v -0.069714 -2.002434 -67.997566
v -0.192772 -1.922115 -67.978149
v -0.237587 -1.753971 -67.939690
v -0.160569 -1.558841 -67.882950
v 0.041002 -1.413647 -67.809013
v 0.326122 -1.386653 -67.719337
v 0.620961 -1.514852 -67.615662
v 0.840301 -1.790489 -67.500000
v -0.137819 -1.980631 -67.990265
v -0.233754 -1.853934 -67.961258
v -0.227444 -1.662800 -67.913544
v -0.092020 -1.478131 -67.848045
v 0.155504 -1.376306 -67.766045
v 0.457526 -1.414394 -67.669128
v 0.731997 -1.610790 -67.559196
v 0.896605 -1.937303 -67.438370
v 0.911506 -2.000000 -67.411285
v -0.069374 -2.007292 -67.997566
v -0.197736 -1.935752 -67.978149
v -0.254171 -1.771144 -67.939690
v -0.190951 -1.571116 -67.882950
v -0.000000 -1.412215 -67.809013
v 0.282543 -1.365398 -67.719337
v 0.585606 -1.472718 -67.615662
v 0.823639 -1.732383 -67.500000
v -0.138834 -1.990292 -67.990265
v -0.243373 -1.870596 -67.961258
v -0.250412 -1.679487 -67.913544
v -0.128199 -1.485822 -67.848045
v 0.111619 -1.366978 -67.766045
v 0.415561 -1.383905 -67.669128
v 0.703064 -1.560677 -67.559196
v 0.890047 -1.874912 -67.438370
v -0.068697 -2.012113 -67.997566
v -0.201736 -1.949702 -67.978149
v -0.269516 -1.789431 -67.939690
v -0.220404 -1.585481 -67.882950
v -0.041002 -1.413647 -67.809013
v 0.237587 -1.347235 -67.719337
v 0.547398 -1.433153 -67.615662
v 0.802965 -1.675581 -67.500000
v -0.139173 -2.000000 -67.990265
v -0.251807 -1.887888 -67.961258
v -0.272160 -1.697736 -67.913544
v -0.163754 -1.496017 -67.848045
v 0.067190 -1.360734 -67.766045
v 0.371572 -1.356418 -67.669128
v 0.670705 -1.512704 -67.559196
v 0.879153 -1.813130 -67.438370
v -0.067684 -2.016876 -67.997566
v -0.204753 -1.963897 -67.978149
v -0.283548 -1.808745 -67.939690
v -0.248782 -1.601866 -67.882950
v -0.081804 -1.417935 -67.809013
v 0.191474 -1.332252 -67.719337
v 0.506524 -1.396349 -67.615662
v 0.778378 -1.620359 -67.500000
v 0.926619 -1.967642 -67.374603
v 0.930874 -2.000000 -67.365341
v -0.138834 -2.009708 -67.990265
v -0.259014 -1.905726 -67.961258
v -0.292582 -1.717457 -67.913544
v -0.198511 -1.508667 -67.848045
v 0.022433 -1.357604 -67.766045
v 0.325773 -1.332066 -67.669128
v 0.635080 -1.467105 -67.559196
v 0.863976 -1.752259 -67.438370
v -0.066342 -2.021556 -67.997566
v -0.206773 -1.978267 -67.978149
v -0.296198 -1.828990 -67.939690
v -0.275948 -1.620190 -67.882950
v -0.122207 -1.425059 -67.809013
v 0.144428 -1.320522 -67.719337
v 0.463181 -1.362486 -67.615662
v 0.750000 -1.566987 -67.500000
v 0.922105 -1.903083 -67.374603
v -0.137819 -2.019369 -67.990265
v -0.264960 -1.924024 -67.961258
v -0.311578 -1.738555 -67.913544
v -0.232301 -1.523712 -67.848045
v -0.022433 -1.357604 -67.766045
v 0.278387 -1.310968 -67.669128
v 0.596360 -1.424102 -67.559196
v 0.844590 -1.692594 -67.438370
v -0.064677 -2.026131 -67.997566
v -0.207785 -1.992744 -67.978149
v -0.307406 -1.850068 -67.939690
v -0.301771 -1.640364 -67.882950
v -0.162016 -1.434985 -67.809013
v 0.096678 -1.312102 -67.719337
v 0.417582 -1.331729 -67.615662
v 0.717968 -1.515725 -67.500000
v 0.913098 -1.838996 -67.374603
v -0.136132 -2.028936 -67.990265
v -0.269614 -1.942692 -67.961258
v -0.329057 -1.760926 -67.913544
v -0.264960 -1.541076 -67.848045
v -0.067190 -1.360734 -67.766045
v 0.229644 -1.293227 -67.669128
v 0.554734 -1.383905 -67.559196
v 0.821089 -1.634428 -67.438370
v -0.062697 -2.030579 -67.997566
v -0.207785 -2.007256 -67.978149
v -0.317116 -1.871877 -67.939690
v -0.326122 -1.662290 -67.882950
v -0.201034 -1.447663 -67.809013
v 0.048457 -1.307034 -67.719337
v 0.369949 -1.304228 -67.615662
v 0.682437 -1.466822 -67.500000
v 0.899643 -1.775694 -67.374603
v -0.133782 -2.038361 -67.990265
v -0.272955 -1.961639 -67.961258
v -0.344932 -1.784462 -67.913544
v -0.296327 -1.560677 -67.848045
v -0.111619 -1.366978 -67.766045
v 0.179783 -1.278930 -67.669128
v 0.510406 -1.346709 -67.559196
v 0.793588 -1.578042 -67.438370
v 0.948740 -1.933658 -67.309013
v 0.947927 -2.000000 -67.318489
v 0.962624 -2.000000 -67.270844
v -0.060411 -2.034878 -67.997566
v -0.206773 -2.021733 -67.978149
v -0.325280 -1.894310 -67.939690
v -0.348885 -1.685862 -67.882950
v -0.239074 -1.463031 -67.809013
v -0.000000 -1.305342 -67.719337
v 0.320513 -1.280116 -67.615662
v 0.643582 -1.420516 -67.500000
v 0.881804 -1.713484 -67.374603
v -0.130780 -2.047600 -67.990265
v -0.274966 -1.980772 -67.961258
v -0.359127 -1.809049 -67.913544
v -0.326251 -1.582418 -67.848045
v -0.155504 -1.376306 -67.766045
v 0.129046 -1.268145 -67.669128
v 0.463592 -1.312697 -67.559196
v 0.762221 -1.523712 -67.438370
v 0.941801 -1.867638 -67.309013
v -0.057831 -2.039007 -67.997566
v -0.204753 -2.036103 -67.978149
v -0.331861 -1.917258 -67.939690
v -0.369949 -1.710964 -67.882950
v -0.275948 -1.481016 -67.809013
v -0.048457 -1.307034 -67.719337
v 0.269516 -1.259512 -67.615662
v 0.601592 -1.377033 -67.500000
v 0.859670 -1.652671 -67.374603
v -0.127141 -2.056607 -67.990265
v -0.275637 -2.000000 -67.961258
v -0.371572 -1.834565 -67.913544
v -0.354585 -1.606193 -67.848045
v -0.198632 -1.388673 -67.766045
v 0.077680 -1.260926 -67.669128
v 0.414519 -1.282032 -67.559196
v 0.727140 -1.471702 -67.438370
v 0.930274 -1.802264 -67.309013
v -0.054969 -2.042946 -67.997566
v -0.201736 -2.050298 -67.978149
v -0.336824 -1.940609 -67.939690
v -0.389210 -1.737475 -67.882950
v -0.311479 -1.501530 -67.809013
v -0.096678 -1.312102 -67.719337
v 0.217205 -1.242515 -67.615662
v 0.556670 -1.336586 -67.500000
v 0.833347 -1.593549 -67.374603
v 0.969705 -1.966137 -67.241920
v 0.974928 -2.000000 -67.222519
v -0.122883 -2.065338 -67.990265
v -0.274966 -2.019228 -67.961258
v -0.382207 -1.860888 -67.913544
v -0.381192 -1.631887 -67.848045
v -0.240792 -1.404018 -67.766045
v 0.025935 -1.257308 -67.669128
v 0.363426 -1.254866 -67.559196
v 0.688516 -1.422266 -67.438370
v 0.914214 -1.737853 -67.309013
v -0.051839 -2.046676 -67.997566
v -0.197736 -2.064248 -67.978149
v -0.340147 -1.964249 -67.939690
v -0.406574 -1.765264 -67.882950
v -0.345491 -1.524472 -67.809013
v -0.144428 -1.320522 -67.719337
v 0.163837 -1.229209 -67.615662
v 0.509037 -1.299371 -67.500000
v 0.802965 -1.536408 -67.374603
v 0.964980 -1.898576 -67.241920
v -0.118025 -2.073750 -67.990265
v -0.272955 -2.038361 -67.961258
v -0.390980 -1.887888 -67.913544
v -0.405942 -1.659374 -67.848045
v -0.281780 -1.422266 -67.766045
v -0.025935 -1.257308 -67.669128
v 0.310563 -1.231330 -67.559196
v 0.646538 -1.375645 -67.438370
v 0.893701 -1.674720 -67.309013
v -0.048457 -2.050179 -67.997566
v -0.192772 -2.077885 -67.978149
v -0.341812 -1.988064 -67.939690
v -0.421958 -1.794197 -67.882950
v -0.377821 -1.549730 -67.809013
v -0.191474 -1.332252 -67.719337
v 0.109670 -1.219658 -67.615662
v 0.458924 -1.265569 -67.500000
v 0.768670 -1.481525 -67.374603
v 0.955555 -1.831510 -67.241920
v -0.112593 -2.081804 -67.990265
v -0.269614 -2.057308 -67.961258
v -0.397848 -1.915435 -67.913544
v -0.428714 -1.688521 -67.848045
v -0.321394 -1.443330 -67.766045
v -0.077680 -1.260926 -67.669128
v 0.256187 -1.211538 -67.559196
v 0.601411 -1.332066 -67.438370
v 0.868833 -1.613171 -67.309013
v -0.044839 -2.053437 -67.997566
v -0.186870 -2.091142 -67.978149
v -0.341812 -2.011936 -67.939690
v -0.435286 -1.824133 -67.882950
v -0.408310 -1.577183 -67.809013
v -0.237587 -1.347235 -67.719337
v 0.054969 -1.213909 -67.615662
v 0.406574 -1.235345 -67.500000
v 0.730631 -1.429169 -67.374603
v 0.941474 -1.765264 -67.241920
v -0.106613 -2.089459 -67.990265
v -0.264960 -2.075976 -67.961258
v -0.402778 -1.943393 -67.913544
v -0.449397 -1.719186 -67.848045
v -0.359442 -1.467105 -67.766045
v -0.129046 -1.268145 -67.669128
v 0.200562 -1.195588 -67.559196
v 0.553353 -1.291741 -67.438370
v 0.839733 -1.553506 -67.309013
v 0.982409 -1.931303 -67.173645
v 0.984808 -2.000000 -67.173645
v 0.992239 -2.000000 -67.124344
v -0.041002 -2.056434 -67.997566
v -0.180057 -2.103956 -67.978149
v -0.340147 -2.035751 -67.939690
v -0.446494 -1.854925 -67.882950
v -0.436810 -1.606695 -67.809013
v -0.282543 -1.365398 -67.719337
v -0.000000 -1.211989 -67.615662
v 0.352244 -1.208846 -67.500000
v 0.689032 -1.379593 -67.374603
v 0.922806 -1.700162 -67.241920
v -0.100113 -2.096678 -67.990265
v -0.259014 -2.094274 -67.961258
v -0.405746 -1.971627 -67.913544
v -0.467891 -1.751218 -67.848045
v -0.395740 -1.493477 -67.766045
v -0.179783 -1.278930 -67.669128
v 0.143961 -1.183557 -67.559196
v 0.502599 -1.254866 -67.438370
v 0.806542 -1.496017 -67.309013
v 0.975224 -1.862941 -67.173645
v -0.036965 -2.059157 -67.997566
v -0.172367 -2.116263 -67.978149
v -0.336824 -2.059391 -67.939690
v -0.455526 -1.886425 -67.882950
v -0.463181 -1.638123 -67.809013
v -0.326122 -1.386653 -67.719337
v -0.054969 -1.213909 -67.615662
v 0.296198 -1.186202 -67.500000
v 0.644076 -1.333040 -67.374603
v 0.899643 -1.636521 -67.241920
v -0.093125 -2.103426 -67.990265
v -0.251807 -2.112112 -67.961258
v -0.406737 -2.000000 -67.913544
v -0.484105 -1.784462 -67.848045
v -0.430109 -1.522316 -67.766045
v -0.229644 -1.293227 -67.669128
v 0.086658 -1.175504 -67.559196
v 0.449397 -1.221622 -67.438370
v 0.769421 -1.440983 -67.309013
v 0.963287 -1.795247 -67.173645
v -0.032749 -2.061591 -67.997566
v -0.163837 -2.128003 -67.978149
v -0.331861 -2.082742 -67.939690
v -0.462339 -1.918477 -67.882950
v -0.487296 -1.671315 -67.809013
v -0.368113 -1.410896 -67.719337
v -0.109670 -1.219658 -67.615662
v 0.238709 -1.167523 -67.500000
v 0.595982 -1.289736 -67.374603
v 0.872096 -1.574650 -67.241920
v 0.993916 -1.965292 -67.104530
v 0.997204 -2.000000 -67.074730
v -0.085684 -2.109670 -67.990265
v -0.243373 -2.129404 -67.961258
v -0.405746 -2.028373 -67.913544
v -0.497961 -1.818757 -67.848045
v -0.462383 -1.553482 -67.766045
v -0.278387 -1.310968 -67.669128
v 0.028933 -1.171467 -67.559196
v 0.394005 -1.192169 -67.438370
v 0.728552 -1.388673 -67.309013
v 0.946658 -1.728550 -67.173645
v -0.028373 -2.063726 -67.997566
v -0.154509 -2.139120 -67.978149
v -0.325280 -2.105690 -67.939690
v -0.466900 -1.950927 -67.882950
v -0.509037 -1.706107 -67.809013
v -0.408310 -1.438010 -67.719337
v -0.163837 -1.229209 -67.615662
v 0.180057 -1.152899 -67.500000
v 0.544985 -1.249892 -67.374603
v 0.840301 -1.514852 -67.241920
v 0.989074 -1.896044 -67.104530
v -0.077825 -2.115380 -67.990265
v -0.233754 -2.146065 -67.961258
v -0.402778 -2.056607 -67.913544
v -0.509391 -1.853934 -67.848045
v -0.492404 -1.586824 -67.766045
v -0.325773 -1.332066 -67.669128
v -0.028933 -1.171467 -67.559196
v 0.336694 -1.166653 -67.438370
v 0.684133 -1.339341 -67.309013
v 0.925417 -1.663176 -67.173645
v -0.023858 -2.065550 -67.997566
v -0.144428 -2.149559 -67.978149
v -0.317116 -2.128123 -67.939690
v -0.469186 -1.983616 -67.882950
v -0.528298 -1.742332 -67.809013
v -0.446518 -1.467861 -67.719337
v -0.217205 -1.242515 -67.615662
v 0.120527 -1.142403 -67.500000
v 0.491333 -1.213704 -67.374603
v 0.804412 -1.457417 -67.241920
v 0.979413 -1.827303 -67.104530
v -0.069587 -2.120528 -67.990265
v -0.222995 -2.162016 -67.961258
v -0.397848 -2.084565 -67.913544
v -0.518339 -1.889824 -67.848045
v -0.520026 -1.622179 -67.766045
v -0.371572 -1.356418 -67.669128
v -0.086658 -1.175504 -67.559196
v 0.277743 -1.145196 -67.438370
v 0.636381 -1.293227 -67.309013
v 0.899667 -1.599443 -67.173645
v -0.019227 -2.067054 -67.997566
v -0.133643 -2.159270 -67.978149
v -0.307406 -2.149932 -67.939690
v -0.469186 -2.016384 -67.882950
v -0.544985 -1.779812 -67.809013
v -0.482550 -1.500305 -67.719337
v -0.269516 -1.259512 -67.615662
v 0.060411 -1.136084 -67.500000
v 0.435286 -1.181345 -67.374603
v 0.764603 -1.402626 -67.241920
v 0.964980 -1.759403 -67.104530
v -0.061009 -2.125088 -67.990265
v -0.211150 -2.177176 -67.961258
v -0.390980 -2.112112 -67.913544
v -0.524762 -1.926250 -67.848045
v -0.545115 -1.659374 -67.766045
v -0.415561 -1.383905 -67.669128
v -0.143961 -1.183557 -67.559196
v 0.217438 -1.127904 -67.438370
v 0.585529 -1.250557 -67.309013
v 0.869534 -1.537661 -67.173645
v 0.996956 -1.930286 -67.034897
v 0.999689 -2.000000 -67.024933
v 0.999689 -2.000000 -66.975067
v -0.014503 -2.068232 -67.997566
v -0.122207 -2.168204 -67.978149
v -0.296198 -2.171010 -67.939690
v -0.466900 -2.049073 -67.882950
v -0.559017 -1.818364 -67.809013
v -0.516232 -1.535183 -67.719337
v -0.320513 -1.280116 -67.615662
v -0.000000 -1.133975 -67.500000
v 0.377120 -1.152975 -67.374603
v 0.721070 -1.350745 -67.241920
v 0.945847 -1.692676 -67.104530
v -0.052135 -2.129039 -67.990265
v -0.198277 -2.191474 -67.961258
v -0.382207 -2.139112 -67.913544
v -0.528628 -1.963035 -67.848045
v -0.567548 -1.698230 -67.766045
v -0.457526 -1.414394 -67.669128
v -0.200562 -1.195588 -67.559196
v 0.156074 -1.114861 -67.438370
v 0.531824 -1.211538 -67.309013
v 0.835164 -1.478131 -67.173645
v 0.989665 -1.860912 -67.034897
v -0.009708 -2.069077 -67.997566
v -0.110176 -2.176319 -67.978149
v -0.283548 -2.191255 -67.939690
v -0.462339 -2.081523 -67.882950
v -0.570325 -1.857802 -67.809013
v -0.547398 -1.572326 -67.719337
v -0.369949 -1.304228 -67.615662
v -0.060411 -1.136084 -67.500000
v 0.317116 -1.128732 -67.374603
v 0.674024 -1.302028 -67.241920
v 0.922105 -1.627446 -67.104530
v -0.043007 -2.132361 -67.990265
v -0.184437 -2.204839 -67.961258
v -0.371572 -2.165435 -67.913544
v -0.529919 -2.000000 -67.848045
v -0.587216 -1.738555 -67.766045
v -0.497261 -1.447736 -67.669128
v -0.256187 -1.211538 -67.559196
v 0.093950 -1.106130 -67.438370
v 0.475528 -1.176361 -67.309013
v 0.796726 -1.421144 -67.173645
v 0.977552 -1.792215 -67.034897
v -0.004866 -2.069587 -67.997566
v -0.097609 -2.183575 -67.978149
v -0.269516 -2.210569 -67.939690
v -0.455526 -2.113575 -67.882950
v -0.578855 -1.897932 -67.809013
v -0.575898 -1.611552 -67.719337
v -0.417582 -1.331729 -67.615662
v -0.120527 -1.142403 -67.500000
v 0.255567 -1.108734 -67.374603
v 0.623694 -1.256710 -67.241920
v 0.893870 -1.564030 -67.104530
v 0.998782 -1.965122 -66.965103
v 0.997204 -2.000000 -66.925270
v -0.033669 -2.135039 -67.990265
v -0.169699 -2.217205 -67.961258
v -0.359127 -2.190951 -67.913544
v -0.528628 -2.036965 -67.848045
v -0.604023 -1.780154 -67.766045
v -0.534574 -1.483768 -67.669128
v -0.310563 -1.231330 -67.559196
v 0.031367 -1.101753 -67.438370
v 0.416916 -1.145196 -67.309013
v 0.754407 -1.366978 -67.173645
v 0.960676 -1.724531 -67.034897
v 0.000000 -2.069757 -67.997566
v -0.084565 -2.189937 -67.978149
v -0.254171 -2.228856 -67.939690
v -0.446494 -2.145075 -67.882950
v -0.584565 -1.938560 -67.809013
v -0.601592 -1.652671 -67.719337
v -0.463181 -1.362486 -67.615662
v -0.180057 -1.152899 -67.500000
v 0.192772 -1.093077 -67.374603
v 0.570325 -1.215014 -67.241920
v 0.861281 -1.502739 -67.104530
v 0.993916 -1.895535 -66.965103
v -0.024167 -2.137059 -67.990265
v -0.154134 -2.228514 -67.961258
v -0.344932 -2.215538 -67.913544
v -0.524762 -2.073750 -67.848045
v -0.617887 -1.822824 -67.766045
v -0.569282 -1.522316 -67.669128
v -0.363426 -1.254866 -67.559196
v -0.031367 -1.101753 -67.438370
v 0.356272 -1.118196 -67.309013
v 0.708411 -1.315895 -67.173645
v 0.939120 -1.658188 -67.034897
v 0.004866 -2.069587 -67.997566
v -0.071110 -2.195373 -67.978149
v -0.237587 -2.246029 -67.939690
v -0.435286 -2.175867 -67.882950
v -0.587427 -1.979487 -67.809013
v -0.624355 -1.695482 -67.719337
v -0.506524 -1.396349 -67.615662
v -0.238709 -1.167523 -67.500000
v 0.129039 -1.081839 -67.374603
v 0.514178 -1.177143 -67.241920
v 0.824496 -1.443870 -67.104530
v 0.984208 -1.826458 -66.965103
v -0.014548 -2.138411 -67.990265
v -0.137819 -2.238709 -67.961258
v -0.329057 -2.239074 -67.913544
v -0.518339 -2.110176 -67.848045
v -0.628741 -1.866357 -67.766045
v -0.601217 -1.563190 -67.669128
v -0.414519 -1.282032 -67.559196
v -0.093950 -1.106130 -67.438370
v 0.293893 -1.095492 -67.309013
v 0.658965 -1.268145 -67.173645
v 0.912989 -1.593511 -67.034897
v 0.009708 -2.069077 -67.997566
v -0.057308 -2.199857 -67.978149
v -0.219846 -2.262003 -67.939690
v -0.421958 -2.205803 -67.882950
v -0.587427 -2.020513 -67.809013
v -0.644076 -1.739776 -67.719337
v -0.547398 -1.433153 -67.615662
v -0.296198 -1.186202 -67.500000
v 0.064677 -1.075075 -67.374603
v 0.455526 -1.143280 -67.241920
v 0.783694 -1.387711 -67.104530
v 0.969705 -1.758225 -66.965103
v -0.004857 -2.139088 -67.990265
v -0.120831 -2.247741 -67.961258
v -0.311578 -2.261445 -67.913544
v -0.509391 -2.146065 -67.848045
v -0.636532 -1.910541 -67.766045
v -0.630223 -1.606193 -67.669128
v -0.463592 -1.312697 -67.559196
v -0.156074 -1.114861 -67.438370
v 0.230081 -1.077194 -67.309013
v 0.606308 -1.223961 -67.173645
v 0.882410 -1.530814 -67.034897
v 0.992099 -1.930626 -66.895470
v 0.992239 -2.000000 -66.875656
v 0.014503 -2.068232 -67.997566
v -0.043227 -2.203368 -67.978149
v -0.201034 -2.276700 -67.939690
v -0.406574 -2.234736 -67.882950
v -0.584565 -2.061440 -67.809013
v -0.660659 -1.785339 -67.719337
v -0.585606 -1.472718 -67.615662
v -0.352244 -1.208846 -67.500000
v -0.000000 -1.072816 -67.374603
v 0.394655 -1.113591 -67.241920
v 0.739074 -1.334535 -67.104530
v 0.950477 -1.691171 -66.965103
v 0.004857 -2.139088 -67.990265
v -0.103256 -2.255567 -67.961258
v -0.292582 -2.282543 -67.913544
v -0.497961 -2.181243 -67.848045
v -0.641222 -1.955161 -67.766045
v -0.656158 -1.651115 -67.669128
v -0.510406 -1.346709 -67.559196
v -0.217438 -1.127904 -67.438370
v 0.165149 -1.063392 -67.309013
v 0.550698 -1.183557 -67.173645
v 0.847531 -1.470404 -67.034897
v 0.984843 -1.861589 -66.895470
v 0.019227 -2.067054 -67.997566
v -0.028936 -2.205888 -67.978149
v -0.181243 -2.290050 -67.939690
v -0.389210 -2.262525 -67.882950
v -0.578855 -2.102068 -67.809013
v -0.674024 -1.831947 -67.719337
v -0.620961 -1.514852 -67.615662
v -0.406574 -1.235345 -67.500000
v -0.064677 -1.075075 -67.374603
v 0.331861 -1.088220 -67.241920
v 0.690853 -1.284601 -67.104530
v 0.926619 -1.625622 -66.965103
v 0.014548 -2.138411 -67.990265
v -0.085177 -2.262147 -67.961258
v -0.272160 -2.302264 -67.913544
v -0.484105 -2.215538 -67.848045
v -0.642788 -2.000000 -67.766045
v -0.678897 -1.697736 -67.669128
v -0.554734 -1.383905 -67.559196
v -0.277743 -1.145196 -67.438370
v 0.099412 -1.054153 -67.309013
v 0.492404 -1.147131 -67.173645
v 0.808524 -1.412573 -67.034897
v 0.972789 -1.793227 -66.895470
v 0.023858 -2.065550 -67.997566
v -0.014503 -2.207405 -67.978149
v -0.160569 -2.301986 -67.939690
v -0.369949 -2.289036 -67.882950
v -0.570325 -2.142198 -67.809013
v -0.684105 -1.879374 -67.719337
v -0.653291 -1.559350 -67.615662
v -0.458924 -1.265569 -67.500000
v -0.129039 -1.081839 -67.374603
v 0.267450 -1.067292 -67.241920
v 0.639266 -1.238152 -67.104530
v 0.898247 -1.561896 -66.965103
v 0.984208 -1.965631 -66.826355
v 0.984808 -2.000000 -66.826355
v 0.974928 -2.000000 -66.777481
v 0.024167 -2.137059 -67.990265
v -0.066683 -2.267450 -67.961258
v -0.250412 -2.320513 -67.913544
v -0.467891 -2.248782 -67.848045
v -0.641222 -2.044839 -67.766045
v -0.698328 -1.745829 -67.669128
v -0.596360 -1.424102 -67.559196
v -0.336694 -1.166653 -67.438370
v 0.033191 -1.049523 -67.309013
v 0.431711 -1.114861 -67.173645
v 0.765578 -1.357604 -67.034897
v 0.955996 -1.725873 -66.895470
v 0.028373 -2.063726 -67.997566
v 0.000000 -2.207912 -67.978149
v -0.139112 -2.312451 -67.939690
v -0.348885 -2.314138 -67.882950
v -0.559017 -2.181636 -67.809013
v -0.690853 -1.927388 -67.719337
v -0.682437 -1.605995 -67.615662
v -0.509037 -1.299371 -67.500000
v -0.192772 -1.093077 -67.374603
v 0.201736 -1.050908 -67.241920
v 0.584565 -1.195415 -67.104530
v 0.865498 -1.500305 -66.965103
v 0.979413 -1.897060 -66.826355
v 0.033669 -2.135039 -67.990265
v -0.047864 -2.271450 -67.961258
v -0.227444 -2.337200 -67.913544
v -0.449397 -2.280814 -67.848045
v -0.636532 -2.089459 -67.766045
v -0.714357 -1.795161 -67.669128
v -0.635080 -1.467105 -67.559196
v -0.394005 -1.192169 -67.438370
v -0.033191 -1.049523 -67.309013
v 0.368915 -1.086902 -67.173645
v 0.718902 -1.305765 -67.034897
v 0.934545 -1.659853 -66.895470
v 0.032749 -2.061591 -67.997566
v 0.014503 -2.207405 -67.978149
v -0.116978 -2.321394 -67.939690
v -0.326122 -2.337710 -67.882950
v -0.544985 -2.220188 -67.809013
v -0.694235 -1.975757 -67.719337
v -0.708259 -1.654559 -67.615662
v -0.556670 -1.336586 -67.500000
v -0.255567 -1.108734 -67.374603
v 0.135039 -1.039147 -67.241920
v 0.527016 -1.156598 -67.104530
v 0.828533 -1.441148 -66.965103
v 0.969846 -1.828990 -66.826355
v 0.043007 -2.132361 -67.990265
v -0.028812 -2.274127 -67.961258
v -0.203368 -2.352244 -67.913544
v -0.428714 -2.311479 -67.848045
v -0.628741 -2.133643 -67.766045
v -0.726905 -1.845492 -67.669128
v -0.670705 -1.512704 -67.559196
v -0.449397 -1.221622 -67.438370
v -0.099412 -1.054153 -67.309013
v 0.304322 -1.063392 -67.173645
v 0.668723 -1.257308 -67.034897
v 0.908541 -1.595492 -66.895470
v 0.036965 -2.059157 -67.997566
v 0.028936 -2.205888 -67.978149
v -0.094274 -2.328771 -67.939690
v -0.301771 -2.359636 -67.882950
v -0.528298 -2.257668 -67.809013
v -0.694235 -2.024243 -67.719337
v -0.730631 -1.704806 -67.615662
v -0.601592 -1.377033 -67.500000
v -0.317116 -1.128732 -67.374603
v 0.067684 -1.032068 -67.241920
v 0.466900 -1.121889 -67.104530
v 0.787531 -1.384714 -66.965103
v 0.955555 -1.761753 -66.826355
v 0.052135 -2.129039 -67.990265
v -0.009620 -2.275470 -67.961258
v -0.178302 -2.365572 -67.913544
v -0.405942 -2.340626 -67.848045
v -0.617887 -2.177176 -67.766045
v -0.735913 -1.896574 -67.669128
v -0.703064 -1.560677 -67.559196
v -0.502599 -1.254866 -67.438370
v -0.165149 -1.063392 -67.309013
v 0.238247 -1.044445 -67.173645
v 0.615286 -1.212469 -67.034897
v 0.878111 -1.533100 -66.895470
v 0.967932 -1.932316 -66.758080
v 0.962624 -2.000000 -66.729156
v 0.041002 -2.056434 -67.997566
v 0.043227 -2.203368 -67.978149
v -0.071110 -2.334546 -67.939690
v -0.275948 -2.379811 -67.882950
v -0.509037 -2.293893 -67.809013
v -0.690853 -2.072612 -67.719337
v -0.749443 -1.756491 -67.615662
v -0.643582 -1.420516 -67.500000
v -0.377120 -1.152975 -67.374603
v -0.000000 -1.029704 -67.241920
v 0.404509 -1.091459 -67.104530
v 0.742692 -1.331277 -66.965103
v 0.936608 -1.695678 -66.826355
v 0.061009 -2.125088 -67.990265
v 0.009620 -2.275470 -67.961258
v -0.152366 -2.377120 -67.913544
v -0.381192 -2.368113 -67.848045
v -0.604023 -2.219846 -67.766045
v -0.741335 -1.948161 -67.669128
v -0.731997 -1.610790 -67.559196
v -0.553353 -1.291741 -67.438370
v -0.230081 -1.077194 -67.309013
v 0.171010 -1.030154 -67.173645
v 0.558852 -1.171467 -67.034897
v 0.843402 -1.472984 -66.895470
v 0.960853 -1.864961 -66.758080
v 0.044839 -2.053437 -67.997566
v 0.057308 -2.199857 -67.978149
v -0.047600 -2.338692 -67.939690
v -0.248782 -2.398134 -67.882950
v -0.487296 -2.328685 -67.809013
v -0.684105 -2.120626 -67.719337
v -0.764603 -1.809363 -67.615662
v -0.682437 -1.466822 -67.500000
v -0.435286 -1.181345 -67.374603
v -0.067684 -1.032068 -67.241920
v 0.340147 -1.065455 -67.104530
v 0.694235 -1.281098 -66.965103
v 0.913098 -1.631085 -66.826355
v 0.069587 -2.120528 -67.990265
v 0.028812 -2.274127 -67.961258
v -0.125689 -2.386830 -67.913544
v -0.354585 -2.393807 -67.848045
v -0.587216 -2.261445 -67.766045
v -0.743145 -2.000000 -67.669128
v -0.757363 -1.662800 -67.559196
v -0.601411 -1.332066 -67.438370
v -0.293893 -1.095492 -67.309013
v 0.102940 -1.020587 -67.173645
v 0.499695 -1.134502 -67.034897
v 0.804585 -1.415435 -66.895470
v 0.949092 -1.798264 -66.758080
v 0.048457 -2.050179 -67.997566
v 0.071110 -2.195373 -67.978149
v -0.023858 -2.341187 -67.939690
v -0.220404 -2.414519 -67.882950
v -0.463181 -2.361877 -67.809013
v -0.674024 -2.168053 -67.719337
v -0.776039 -1.863163 -67.615662
v -0.717968 -1.515725 -67.500000
v -0.491333 -1.213704 -67.374603
v -0.135039 -1.039147 -67.241920
v 0.274127 -1.044004 -67.104530
v 0.642396 -1.234422 -66.965103
v 0.885139 -1.568289 -66.826355
v 0.950477 -1.966809 -66.690987
v 0.947927 -2.000000 -66.681511
v 0.077825 -2.115380 -67.990265
v 0.047864 -2.271450 -67.961258
v -0.098398 -2.394655 -67.913544
v -0.326251 -2.417582 -67.848045
v -0.567548 -2.301770 -67.766045
v -0.741335 -2.051839 -67.669128
v -0.779041 -1.716452 -67.559196
v -0.646538 -1.375645 -67.438370
v -0.356272 -1.118196 -67.309013
v 0.034369 -1.015792 -67.173645
v 0.438104 -1.101753 -67.034897
v 0.761848 -1.360734 -66.895470
v 0.932708 -1.732550 -66.758080
v 0.051839 -2.046676 -67.997566
v 0.084565 -2.189937 -67.978149
v 0.000000 -2.342020 -67.939690
v -0.190951 -2.428884 -67.882950
v -0.436810 -2.393305 -67.809013
v -0.660659 -2.214661 -67.719337
v -0.783694 -1.917630 -67.615662
v -0.750000 -1.566987 -67.500000
v -0.544985 -1.249892 -67.374603
v -0.201736 -1.050908 -67.241920
v 0.206773 -1.027211 -67.104530
v 0.587427 -1.191476 -66.965103
v 0.852869 -1.507596 -66.826355
v 0.945847 -1.900588 -66.690987
v 0.085684 -2.109670 -67.990265
v 0.066683 -2.267450 -67.961258
v -0.070629 -2.400558 -67.913544
v -0.296327 -2.439323 -67.848045
v -0.545115 -2.340626 -67.766045
v -0.735913 -2.103426 -67.669128
v -0.796922 -1.771486 -67.559196
v -0.688516 -1.422266 -67.438370
v -0.416916 -1.145196 -67.309013
v -0.034369 -1.015792 -67.173645
v 0.374378 -1.073381 -67.034897
v 0.715399 -1.309147 -66.895470
v 0.911780 -1.668139 -66.758080
v 0.054969 -2.042946 -67.997566
v 0.097609 -2.183575 -67.978149
v 0.023858 -2.341187 -67.939690
v -0.160569 -2.441159 -67.882950
v -0.408310 -2.422817 -67.809013
v -0.644076 -2.260224 -67.719337
v -0.787531 -1.972499 -67.615662
v -0.778378 -1.620359 -67.500000
v -0.595982 -1.289736 -67.374603
v -0.267450 -1.067292 -67.241920
v 0.138411 -1.015157 -67.104530
v 0.529596 -1.152469 -66.965103
v 0.816443 -1.449302 -66.826355
v 0.936608 -1.834851 -66.690987
v 0.093125 -2.103426 -67.990265
v 0.085177 -2.262147 -67.961258
v -0.042516 -2.404509 -67.913544
v -0.264960 -2.458924 -67.848045
v -0.520026 -2.377821 -67.766045
v -0.726905 -2.154509 -67.669128
v -0.810921 -1.827633 -67.559196
v -0.727140 -1.471702 -67.438370
v -0.475528 -1.176361 -67.309013
v -0.102940 -1.020587 -67.173645
v 0.308829 -1.049523 -67.034897
v 0.665465 -1.260926 -66.895470
v 0.886409 -1.605345 -66.758080
v 0.057831 -2.039007 -67.997566
v 0.110176 -2.176319 -67.978149
v 0.047600 -2.338692 -67.939690
v -0.129404 -2.451285 -67.882950
v -0.377821 -2.450270 -67.809013
v -0.624355 -2.304518 -67.719337
v -0.787531 -2.027501 -67.615662
v -0.802965 -1.675581 -67.500000
v -0.644076 -1.333040 -67.374603
v -0.331861 -1.088220 -67.241920
v 0.069374 -1.007901 -67.104530
v 0.469186 -1.117590 -66.965103
v 0.776039 -1.393692 -66.826355
v 0.922806 -1.769919 -66.690987
v 0.100113 -2.096678 -67.990265
v 0.103256 -2.255567 -67.961258
v -0.014195 -2.406489 -67.913544
v -0.232301 -2.476288 -67.848045
v -0.492404 -2.413176 -67.766045
v -0.714357 -2.204839 -67.669128
v -0.820969 -1.884620 -67.559196
v -0.762221 -1.523712 -67.438370
v -0.531824 -1.211538 -67.309013
v -0.171010 -1.030154 -67.173645
v 0.241775 -1.030295 -67.034897
v 0.612289 -1.216306 -66.895470
v 0.856720 -1.544474 -66.758080
v 0.924925 -1.935323 -66.625397
v 0.930874 -2.000000 -66.634659
v 0.911506 -2.000000 -66.588715
v 0.060411 -2.034878 -67.997566
v 0.122207 -2.168204 -67.978149
v 0.071110 -2.334546 -67.939690
v -0.097609 -2.459213 -67.882950
v -0.345491 -2.475528 -67.809013
v -0.601592 -2.347329 -67.719337
v -0.783694 -2.082370 -67.615662
v -0.823639 -1.732383 -67.500000
v -0.689032 -1.379593 -67.374603
v -0.394655 -1.113591 -67.241920
v -0.000000 -1.005478 -67.104530
v 0.406489 -1.087011 -66.965103
v 0.731855 -1.341035 -66.826355
v 0.904508 -1.706107 -66.690987
v 0.106613 -2.089459 -67.990265
v 0.120831 -2.247741 -67.961258
v 0.014195 -2.406489 -67.913544
v -0.198511 -2.491333 -67.848045
v -0.462383 -2.446518 -67.766045
v -0.698328 -2.254170 -67.669128
v -0.827018 -1.942169 -67.559196
v -0.793588 -1.578042 -67.438370
v -0.585529 -1.250557 -67.309013
v -0.238247 -1.044445 -67.173645
v 0.173542 -1.015792 -67.034897
v 0.556130 -1.175504 -66.895470
v 0.822857 -1.485822 -66.758080
v 0.918161 -1.870961 -66.625397
v 0.062697 -2.030579 -67.997566
v 0.133643 -2.159270 -67.978149
v 0.094274 -2.328771 -67.939690
v -0.065338 -2.464903 -67.882950
v -0.311479 -2.498470 -67.809013
v -0.575898 -2.388448 -67.719337
v -0.776039 -2.136837 -67.615662
v -0.840301 -1.790489 -67.500000
v -0.730631 -1.429169 -67.374603
v -0.455526 -1.143280 -67.241920
v -0.069374 -1.007901 -67.104530
v 0.341812 -1.060880 -66.965103
v 0.684105 -1.291589 -66.826355
v 0.881804 -1.643728 -66.690987
v 0.112593 -2.081804 -67.990265
v 0.137819 -2.238709 -67.961258
v 0.042516 -2.404509 -67.913544
v -0.163754 -2.503983 -67.848045
v -0.430109 -2.477684 -67.766045
v -0.678897 -2.302264 -67.669128
v -0.829038 -2.000000 -67.559196
v -0.821089 -1.634428 -67.438370
v -0.636381 -1.293227 -67.309013
v -0.304322 -1.063392 -67.173645
v 0.104465 -1.006084 -67.034897
v 0.497261 -1.138719 -66.895470
v 0.784986 -1.429675 -66.758080
v 0.906923 -1.807228 -66.625397
v 0.064677 -2.026131 -67.997566
v 0.144428 -2.149559 -67.978149
v 0.116978 -2.321394 -67.939690
v -0.032749 -2.468328 -67.882950
v -0.275948 -2.518984 -67.809013
v -0.547398 -2.427674 -67.719337
v -0.764603 -2.190637 -67.615662
v -0.852869 -1.849616 -67.500000
v -0.768670 -1.481525 -67.374603
v -0.514178 -1.177143 -67.241920
v -0.138411 -1.015157 -67.104530
v 0.275469 -1.039324 -66.965103
v 0.633022 -1.245594 -66.826355
v 0.854804 -1.583084 -66.690987
v 0.898247 -1.968633 -66.561630
v 0.889872 -2.000000 -66.543793
v 0.118025 -2.073750 -67.990265
v 0.154134 -2.228514 -67.961258
v 0.070629 -2.400558 -67.913544
v -0.128199 -2.514179 -67.848045
v -0.395740 -2.506524 -67.766045
v -0.656158 -2.348885 -67.669128
v -0.827018 -2.057831 -67.559196
v -0.844590 -1.692594 -67.438370
v -0.684133 -1.339341 -67.309013
v -0.368915 -1.086902 -67.173645
v 0.034878 -1.001218 -67.034897
v 0.435970 -1.106130 -66.895470
v 0.743290 -1.376306 -66.758080
v 0.891266 -1.744434 -66.625397
v 0.066342 -2.021556 -67.997566
v 0.154509 -2.139120 -67.978149
v 0.139112 -2.312451 -67.939690
v 0.000000 -2.469471 -67.882950
v -0.239074 -2.536968 -67.809013
v -0.516232 -2.464817 -67.719337
v -0.749443 -2.243509 -67.615662
v -0.861281 -1.909476 -67.500000
v -0.802965 -1.536408 -67.374603
v -0.570325 -1.215014 -67.241920
v -0.206773 -1.027211 -67.104530
v 0.207785 -1.022448 -66.965103
v 0.578855 -1.203274 -66.826355
v 0.823639 -1.524472 -66.690987
v 0.893870 -1.906050 -66.561630
v 0.122883 -2.065338 -67.990265
v 0.169699 -2.217205 -67.961258
v 0.098398 -2.394655 -67.913544
v -0.092020 -2.521869 -67.848045
v -0.359442 -2.532895 -67.766045
v -0.630223 -2.393807 -67.669128
v -0.820969 -2.115380 -67.559196
v -0.863976 -1.752259 -67.438370
v -0.728552 -1.388673 -67.309013
v -0.431711 -1.114861 -67.173645
v -0.034878 -1.001218 -67.034897
v 0.372554 -1.077895 -66.895470
v 0.697972 -1.325976 -66.758080
v 0.871268 -1.682884 -66.625397
v 0.067684 -2.016876 -67.997566
v 0.163837 -2.128003 -67.978149
v 0.160569 -2.301986 -67.939690
v 0.032749 -2.468328 -67.882950
v -0.201034 -2.552337 -67.809013
v -0.482550 -2.499695 -67.719337
v -0.730631 -2.295194 -67.615662
v -0.865498 -1.969776 -67.500000
v -0.833347 -1.593549 -67.374603
v -0.623694 -1.256710 -67.241920
v -0.274127 -1.044004 -67.104530
v 0.139088 -1.010335 -66.965103
v 0.521869 -1.164836 -66.826355
v 0.788462 -1.468176 -66.690987
v 0.885139 -1.843926 -66.561630
v 0.127141 -2.056607 -67.990265
v 0.184437 -2.204839 -67.961258
v 0.125689 -2.386830 -67.913544
v -0.055392 -2.527016 -67.848045
v -0.321394 -2.556670 -67.766045
v -0.601217 -2.436810 -67.669128
v -0.810921 -2.172367 -67.559196
v -0.879153 -1.813130 -67.438370
v -0.769421 -1.440983 -67.309013
v -0.492404 -1.147131 -67.173645
v -0.104465 -1.006084 -67.034897
v 0.307324 -1.054153 -66.895470
v 0.649255 -1.278930 -66.758080
v 0.847025 -1.622880 -66.625397
v 0.068697 -2.012113 -67.997566
v 0.172367 -2.116263 -67.978149
v 0.181243 -2.290050 -67.939690
v 0.065338 -2.464903 -67.882950
v -0.162016 -2.565016 -67.809013
v -0.446518 -2.532139 -67.719337
v -0.708259 -2.345441 -67.615662
v -0.865498 -2.030224 -67.500000
v -0.859670 -1.652671 -67.374603
v -0.674024 -1.302028 -67.241920
v -0.340147 -1.065455 -67.104530
v 0.069714 -1.003044 -66.965103
v 0.462339 -1.130466 -66.826355
v 0.749443 -1.414471 -66.690987
v 0.872096 -1.782562 -66.561630
v 0.130780 -2.047600 -67.990265
v 0.198277 -2.191474 -67.961258
v 0.152366 -2.377120 -67.913544
v -0.018494 -2.529597 -67.848045
v -0.281780 -2.577734 -67.766045
v -0.569282 -2.477684 -67.669128
v -0.796922 -2.228514 -67.559196
v -0.890047 -1.874912 -67.438370
v -0.806542 -1.496017 -67.309013
v -0.550698 -1.183557 -67.173645
v -0.173542 -1.015792 -67.034897
v 0.240597 -1.035020 -66.895470
v 0.597374 -1.235397 -66.758080
v 0.818655 -1.564714 -66.625397
v 0.863916 -1.939589 -66.500000
v 0.866025 -2.000000 -66.500000
v 0.840026 -2.000000 -66.457451
v 0.069374 -2.007292 -67.997566
v 0.180057 -2.103956 -67.978149
v 0.201034 -2.276700 -67.939690
v 0.097609 -2.459213 -67.882950
v -0.122207 -2.574941 -67.809013
v -0.408310 -2.561990 -67.719337
v -0.682437 -2.394005 -67.615662
v -0.861281 -2.090524 -67.500000
v -0.881804 -1.713484 -67.374603
v -0.721070 -1.350745 -67.241920
v -0.404509 -1.091459 -67.104530
v -0.000000 -1.000609 -66.965103
v 0.400557 -1.100333 -66.826355
v 0.706773 -1.363619 -66.690987
v 0.854804 -1.722257 -66.561630
v 0.133782 -2.038361 -67.990265
v 0.211150 -2.177176 -67.961258
v 0.178302 -2.365572 -67.913544
v 0.018494 -2.529597 -67.848045
v -0.240792 -2.595982 -67.766045
v -0.534574 -2.516232 -67.669128
v -0.779041 -2.283548 -67.559196
v -0.896605 -1.937303 -67.438370
v -0.839733 -1.553506 -67.309013
v -0.606308 -1.223961 -67.173645
v -0.241775 -1.030295 -67.034897
v 0.172697 -1.020587 -66.895470
v 0.542583 -1.195588 -66.758080
v 0.786296 -1.508667 -66.625397
v 0.857597 -1.879473 -66.500000
v 0.069714 -2.002434 -67.997566
v 0.186870 -2.091142 -67.978149
v 0.219846 -2.262003 -67.939690
v 0.129404 -2.451285 -67.882950
v -0.081804 -2.582065 -67.809013
v -0.368113 -2.589104 -67.719337
v -0.653291 -2.440650 -67.615662
v -0.852869 -2.150384 -67.500000
v -0.899643 -1.775694 -67.374603
v -0.764603 -1.402626 -67.241920
v -0.466900 -1.121889 -67.104530
v -0.069714 -1.003044 -66.965103
v 0.336824 -1.074583 -66.826355
v 0.660659 -1.315867 -66.690987
v 0.833347 -1.663306 -66.561630
v 0.136132 -2.028936 -67.990265
v 0.222995 -2.162016 -67.961258
v 0.203368 -2.352244 -67.913544
v 0.055392 -2.527016 -67.848045
v -0.198632 -2.611327 -67.766045
v -0.497261 -2.552264 -67.669128
v -0.757363 -2.337200 -67.559196
v -0.898794 -2.000000 -67.438370
v -0.868833 -1.613171 -67.309013
v -0.658965 -1.268145 -67.173645
v -0.308829 -1.049523 -67.034897
v 0.103956 -1.010926 -66.895470
v 0.485148 -1.159699 -66.758080
v 0.750107 -1.455015 -66.625397
v 0.847101 -1.819943 -66.500000
v 0.192772 -2.077885 -67.978149
v 0.237587 -2.246029 -67.939690
v 0.160569 -2.441159 -67.882950
v -0.041002 -2.586354 -67.809013
v -0.326122 -2.613347 -67.719337
v -0.620961 -2.485148 -67.615662
v -0.840301 -2.209511 -67.500000
v -0.913098 -1.838996 -67.374603
v -0.804412 -1.457417 -67.241920
v -0.527016 -1.156598 -67.104530
v -0.139088 -1.010335 -66.965103
v 0.271450 -1.053342 -66.826355
v 0.611327 -1.271448 -66.690987
v 0.807831 -1.605995 -66.561630
v 0.828533 -1.971067 -66.440804
v 0.811938 -2.000000 -66.416260
v 0.137819 -2.019369 -67.990265
v 0.233754 -2.146065 -67.961258
v 0.227444 -2.337200 -67.913544
v 0.092020 -2.521869 -67.848045
v -0.155504 -2.623694 -67.766045
v -0.457526 -2.585606 -67.669128
v -0.731997 -2.389210 -67.559196
v -0.896605 -2.062697 -67.438370
v -0.893701 -1.674720 -67.309013
v -0.708411 -1.315895 -67.173645
v -0.374378 -1.073381 -67.034897
v 0.034708 -1.006084 -66.895470
v 0.425350 -1.127904 -66.758080
v 0.710264 -1.404018 -66.625397
v 0.832477 -1.761291 -66.500000
v 0.197736 -2.064248 -67.978149
v 0.254171 -2.228856 -67.939690
v 0.190951 -2.428884 -67.882950
v 0.000000 -2.587785 -67.809013
v -0.282543 -2.634602 -67.719337
v -0.585606 -2.527282 -67.615662
v -0.823639 -2.267617 -67.500000
v -0.922105 -1.903083 -67.374603
v -0.840301 -1.514852 -67.241920
v -0.584565 -1.195415 -67.104530
v -0.207785 -1.022448 -66.965103
v 0.204753 -1.036713 -66.826355
v 0.559017 -1.230579 -66.690987
v 0.778378 -1.550603 -66.561630
v 0.824496 -1.913342 -66.440804
v 0.138834 -2.009708 -67.990265
v 0.243373 -2.129404 -67.961258
v 0.250412 -2.320513 -67.913544
v 0.128199 -2.514179 -67.848045
v -0.111619 -2.633022 -67.766045
v -0.415561 -2.616095 -67.669128
v -0.703064 -2.439323 -67.559196
v -0.890047 -2.125088 -67.438370
v -0.914214 -1.737853 -67.309013
v -0.754407 -1.366978 -67.173645
v -0.438104 -1.101753 -67.034897
v -0.034708 -1.006084 -66.895470
v 0.363479 -1.100357 -66.758080
v 0.666960 -1.355924 -66.625397
v 0.813798 -1.703802 -66.500000
v 0.201736 -2.050298 -67.978149
v 0.269516 -2.210569 -67.939690
v 0.220404 -2.414519 -67.882950
v 0.041002 -2.586354 -67.809013
v -0.237587 -2.652765 -67.719337
v -0.547398 -2.566848 -67.615662
v -0.802965 -2.324419 -67.500000
v -0.926619 -1.967642 -67.374603
v -0.872096 -1.574650 -67.241920
v -0.639266 -1.238152 -67.104530
v -0.275469 -1.039324 -66.965103
v 0.137059 -1.024776 -66.826355
v 0.503983 -1.193458 -66.690987
v 0.745134 -1.497401 -66.561630
v 0.816443 -1.856039 -66.440804
v 0.251807 -2.112112 -67.961258
v 0.272160 -2.302264 -67.913544
v 0.163754 -2.503983 -67.848045
v -0.067190 -2.639266 -67.766045
v -0.371572 -2.643582 -67.669128
v -0.670705 -2.487296 -67.559196
v -0.879153 -2.186870 -67.438370
v -0.930274 -1.802264 -67.309013
v -0.796726 -1.421144 -67.173645
v -0.499695 -1.134502 -67.034897
v -0.103956 -1.010926 -66.895470
v 0.299838 -1.077194 -66.758080
v 0.620407 -1.310968 -66.625397
v 0.791154 -1.647756 -66.500000
v 0.204753 -2.036103 -67.978149
v 0.283548 -2.191255 -67.939690
v 0.248782 -2.398134 -67.882950
v 0.081804 -2.582065 -67.809013
v -0.191474 -2.667748 -67.719337
v -0.506524 -2.603651 -67.615662
v -0.778378 -2.379641 -67.500000
v -0.926619 -2.032358 -67.374603
v -0.899643 -1.636521 -67.241920
v -0.690853 -1.284601 -67.104530
v -0.341812 -1.060880 -66.965103
v 0.068697 -1.017591 -66.826355
v 0.446494 -1.160267 -66.690987
v 0.708259 -1.446647 -66.561630
v 0.804412 -1.799438 -66.440804
v 0.259014 -2.094274 -67.961258
v 0.292582 -2.282543 -67.913544
v 0.198511 -2.491333 -67.848045
v -0.022433 -2.642396 -67.766045
v -0.325773 -2.667934 -67.669128
v -0.635080 -2.532895 -67.559196
v -0.863976 -2.247741 -67.438370
v -0.941801 -1.867638 -67.309013
v -0.835164 -1.478131 -67.173645
v -0.558852 -1.171467 -67.034897
v -0.172697 -1.020587 -66.895470
v 0.234736 -1.058526 -66.758080
v 0.570831 -1.269369 -66.625397
v 0.764655 -1.593426 -66.500000
v 0.786091 -1.945031 -66.384338
v 0.781832 -2.000000 -66.376511
v 0.749781 -2.000000 -66.338318
v 0.206773 -2.021733 -67.978149
v 0.296198 -2.171010 -67.939690
v 0.275948 -2.379811 -67.882950
v 0.122207 -2.574941 -67.809013
v -0.144428 -2.679478 -67.719337
v -0.463181 -2.637514 -67.615662
v -0.750000 -2.433013 -67.500000
v -0.922105 -2.096917 -67.374603
v -0.922806 -1.700162 -67.241920
v -0.739074 -1.334535 -67.104530
v -0.406489 -1.087011 -66.965103
v -0.000000 -1.015192 -66.826355
v 0.386830 -1.131167 -66.690987
v 0.667934 -1.398589 -66.561630
v 0.788462 -1.743813 -66.440804
v 0.264960 -2.075976 -67.961258
v 0.311578 -2.261445 -67.913544
v 0.232301 -2.476288 -67.848045
v 0.022433 -2.642396 -67.766045
v -0.278387 -2.689032 -67.669128
v -0.596360 -2.575898 -67.559196
v -0.844590 -2.307406 -67.438370
v -0.948740 -1.933658 -67.309013
v -0.869534 -1.537661 -67.173645
v -0.615286 -1.212469 -67.034897
v -0.240597 -1.035020 -66.895470
v 0.168490 -1.044445 -66.758080
v 0.518475 -1.231330 -66.625397
v 0.734431 -1.541076 -66.500000
v 0.780342 -1.890330 -66.384338
v 0.207785 -2.007256 -67.978149
v 0.307406 -2.149932 -67.939690
v 0.301771 -2.359636 -67.882950
v 0.162016 -2.565016 -67.809013
v -0.096678 -2.687898 -67.719337
v -0.417582 -2.668271 -67.615662
v -0.717968 -2.484275 -67.500000
v -0.913098 -2.161004 -67.374603
v -0.941474 -1.765264 -67.241920
v -0.783694 -1.387711 -67.104530
v -0.469186 -1.117590 -66.965103
v -0.068697 -1.017591 -66.826355
v 0.325280 -1.106299 -66.690987
v 0.624355 -1.353462 -66.561630
v 0.768670 -1.689437 -66.440804
v 0.269614 -2.057308 -67.961258
v 0.329057 -2.239074 -67.913544
v 0.264960 -2.458924 -67.848045
v 0.067190 -2.639266 -67.766045
v -0.229644 -2.706773 -67.669128
v -0.554734 -2.616095 -67.559196
v -0.821089 -2.365572 -67.438370
v -0.951057 -2.000000 -67.309013
v -0.899667 -1.599443 -67.173645
v -0.668723 -1.257308 -67.034897
v -0.307324 -1.054153 -66.895470
v 0.101424 -1.035020 -66.758080
v 0.463592 -1.197035 -66.625397
v 0.700629 -1.490963 -66.500000
v 0.770791 -1.836163 -66.384338
v 0.317116 -2.128123 -67.939690
v 0.326122 -2.337710 -67.882950
v 0.201034 -2.552337 -67.809013
v -0.048457 -2.692966 -67.719337
v -0.369949 -2.695772 -67.615662
v -0.682437 -2.533179 -67.500000
v -0.899643 -2.224306 -67.374603
v -0.955555 -1.831510 -67.241920
v -0.824496 -1.443870 -67.104530
v -0.529596 -1.152469 -66.965103
v -0.137059 -1.024776 -66.826355
v 0.262147 -1.085786 -66.690987
v 0.577734 -1.311484 -66.561630
v 0.745134 -1.636574 -66.440804
v 0.742692 -1.974065 -66.330872
v 0.715867 -2.000000 -66.301765
v 0.272955 -2.038361 -67.961258
v 0.344932 -2.215538 -67.913544
v 0.296327 -2.439323 -67.848045
v 0.111619 -2.633022 -67.766045
v -0.179783 -2.721070 -67.669128
v -0.510406 -2.653291 -67.559196
v -0.793588 -2.421958 -67.438370
v -0.948740 -2.066342 -67.309013
v -0.925417 -1.663176 -67.173645
v -0.718902 -1.305765 -67.034897
v -0.372554 -1.077895 -66.895470
v 0.033863 -1.030295 -66.758080
v 0.406451 -1.166653 -66.625397
v 0.663414 -1.443330 -66.500000
v 0.757485 -1.782795 -66.384338
v 0.325280 -2.105690 -67.939690
v 0.348885 -2.314138 -67.882950
v 0.239074 -2.536968 -67.809013
v 0.000000 -2.694658 -67.719337
v -0.320513 -2.719884 -67.615662
v -0.643582 -2.579484 -67.500000
v -0.881804 -2.286515 -67.374603
v -0.964980 -1.898576 -67.241920
v -0.861281 -1.502739 -67.104530
v -0.587427 -1.191476 -66.965103
v -0.204753 -1.036713 -66.826355
v 0.197736 -1.069726 -66.690987
v 0.528298 -1.272860 -66.561630
v 0.717968 -1.585481 -66.440804
v 0.739074 -1.922320 -66.330872
v 0.274966 -2.019228 -67.961258
v 0.359127 -2.190951 -67.913544
v 0.326251 -2.417582 -67.848045
v 0.155504 -2.623694 -67.766045
v -0.129046 -2.731855 -67.669128
v -0.463592 -2.687303 -67.559196
v -0.762221 -2.476288 -67.438370
v -0.941801 -2.132361 -67.309013
v -0.946658 -1.728550 -67.173645
v -0.765578 -1.357604 -67.034897
v -0.435970 -1.106130 -66.895470
v -0.033863 -1.030295 -66.758080
v 0.347329 -1.140330 -66.625397
v 0.622967 -1.398408 -66.500000
v 0.740488 -1.730484 -66.384338
v 0.331861 -2.082742 -67.939690
v 0.369949 -2.289036 -67.882950
v 0.275948 -2.518984 -67.809013
v 0.048457 -2.692966 -67.719337
v -0.269516 -2.740488 -67.615662
v -0.601592 -2.622967 -67.500000
v -0.859670 -2.347329 -67.374603
v -0.969705 -1.966137 -67.241920
v -0.893870 -1.564030 -67.104530
v -0.642396 -1.234422 -66.965103
v -0.271450 -1.053342 -66.826355
v 0.132361 -1.058199 -66.690987
v 0.476288 -1.237779 -66.561630
v 0.687303 -1.536408 -66.440804
v 0.731855 -1.870954 -66.330872
v 0.371572 -2.165435 -67.913544
v 0.354585 -2.393807 -67.848045
v 0.198632 -2.611327 -67.766045
v -0.077680 -2.739074 -67.669128
v -0.414519 -2.717968 -67.559196
v -0.727140 -2.528298 -67.438370
v -0.930274 -2.197736 -67.309013
v -0.963287 -1.795247 -67.173645
v -0.808524 -1.412573 -67.034897
v -0.497261 -1.138719 -66.895470
v -0.101424 -1.035020 -66.758080
v 0.286516 -1.118196 -66.625397
v 0.579484 -1.356418 -66.500000
v 0.719884 -1.679487 -66.384338
v 0.336824 -2.059391 -67.939690
v 0.389210 -2.262525 -67.882950
v 0.311479 -2.498470 -67.809013
v 0.096678 -2.687898 -67.719337
v -0.217205 -2.757484 -67.615662
v -0.556670 -2.663414 -67.500000
v -0.833347 -2.406451 -67.374603
v -0.969705 -2.033863 -67.241920
v -0.922105 -1.627446 -67.104530
v -0.694235 -1.281098 -66.965103
v -0.336824 -1.074583 -66.826355
v 0.066342 -1.051260 -66.690987
v 0.421958 -1.206412 -66.561630
v 0.653291 -1.489594 -66.440804
v 0.721070 -1.820217 -66.330872
v 0.382207 -2.139112 -67.913544
v 0.381192 -2.368113 -67.848045
v 0.240792 -2.595982 -67.766045
v -0.025935 -2.742692 -67.669128
v -0.363426 -2.745134 -67.559196
v -0.688516 -2.577734 -67.438370
v -0.914214 -2.262147 -67.309013
v -0.975224 -1.862941 -67.173645
v -0.847531 -1.470404 -67.034897
v -0.556130 -1.175504 -66.895470
v -0.168490 -1.044445 -66.758080
v 0.224306 -1.100357 -66.625397
v 0.533178 -1.317563 -66.500000
v 0.695772 -1.630051 -66.384338
v 0.692966 -1.951543 -66.280663
v 0.680173 -2.000000 -66.266945
v 0.340147 -2.035751 -67.939690
v 0.406574 -2.234736 -67.882950
v 0.345491 -2.475528 -67.809013
v 0.144428 -2.679478 -67.719337
v -0.163837 -2.770791 -67.615662
v -0.509037 -2.700629 -67.500000
v -0.802965 -2.463592 -67.374603
v -0.964980 -2.101424 -67.241920
v -0.945847 -1.692676 -67.104530
v -0.742692 -1.331277 -66.965103
v -0.400557 -1.100333 -66.826355
v -0.000000 -1.048944 -66.690987
v 0.365572 -1.178911 -66.561630
v 0.616095 -1.445266 -66.440804
v 0.706773 -1.770356 -66.330872
v 0.390980 -2.112112 -67.913544
v 0.405942 -2.340626 -67.848045
v 0.281780 -2.577734 -67.766045
v 0.025935 -2.742692 -67.669128
v -0.310563 -2.768670 -67.559196
v -0.646538 -2.624355 -67.438370
v -0.893701 -2.325280 -67.309013
v -0.982409 -1.931303 -67.173645
v -0.882410 -1.530814 -67.034897
v -0.612289 -1.216306 -66.895470
v -0.234736 -1.058526 -66.758080
v 0.161004 -1.086902 -66.625397
v 0.484275 -1.282032 -66.500000
v 0.668271 -1.582418 -66.384338
v 0.687898 -1.903322 -66.280663
v 0.341812 -2.011936 -67.939690
v 0.421958 -2.205803 -67.882950
v 0.377821 -2.450270 -67.809013
v 0.191474 -2.667748 -67.719337
v -0.109670 -2.780342 -67.615662
v -0.458924 -2.734431 -67.500000
v -0.768670 -2.518475 -67.374603
v -0.955555 -2.168490 -67.241920
v -0.964980 -1.759403 -67.104530
v -0.787531 -1.384714 -66.965103
v -0.462339 -1.130466 -66.826355
v -0.066342 -1.051260 -66.690987
v 0.307406 -1.155410 -66.561630
v 0.575898 -1.403640 -66.440804
v 0.689032 -1.721613 -66.330872
v 0.397848 -2.084565 -67.913544
v 0.428714 -2.311479 -67.848045
v 0.321394 -2.556670 -67.766045
v 0.077680 -2.739074 -67.669128
v -0.256187 -2.788462 -67.559196
v -0.601411 -2.667934 -67.438370
v -0.868833 -2.386830 -67.309013
v -0.984808 -2.000000 -67.173645
v -0.912989 -1.593511 -67.034897
v -0.665465 -1.260926 -66.895470
v -0.299838 -1.077194 -66.758080
v 0.096917 -1.077895 -66.625397
v 0.433013 -1.250000 -66.500000
v 0.637514 -1.536819 -66.384338
v 0.679478 -1.855572 -66.280663
v 0.435286 -2.175867 -67.882950
v 0.408310 -2.422817 -67.809013
v 0.237587 -2.652765 -67.719337
v -0.054969 -2.786091 -67.615662
v -0.406574 -2.764655 -67.500000
v -0.730631 -2.570831 -67.374603
v -0.941474 -2.234736 -67.241920
v -0.979413 -1.827303 -67.104530
v -0.828533 -1.441148 -66.965103
v -0.521869 -1.164836 -66.826355
v -0.132361 -1.058199 -66.690987
v 0.247741 -1.136024 -66.561630
v 0.532895 -1.364920 -66.440804
v 0.667934 -1.674227 -66.330872
v 0.642396 -1.977567 -66.233955
v 0.642788 -2.000000 -66.233955
v 0.603804 -2.000000 -66.202866
v 0.402778 -2.056607 -67.913544
v 0.449397 -2.280814 -67.848045
v 0.359442 -2.532895 -67.766045
v 0.129046 -2.731855 -67.669128
v -0.200562 -2.804412 -67.559196
v -0.553353 -2.708259 -67.438370
v -0.839733 -2.446494 -67.309013
v -0.982409 -2.068697 -67.173645
v -0.939120 -1.658188 -67.034897
v -0.715399 -1.309147 -66.895470
v -0.363479 -1.100357 -66.758080
v 0.032358 -1.073381 -66.625397
v 0.379641 -1.221622 -66.500000
v 0.603651 -1.493477 -66.384338
v 0.667749 -1.808526 -66.280663
v 0.446494 -2.145075 -67.882950
v 0.436810 -2.393305 -67.809013
v 0.282543 -2.634602 -67.719337
v 0.000000 -2.788011 -67.615662
v -0.352244 -2.791154 -67.500000
v -0.689032 -2.620407 -67.374603
v -0.922806 -2.299838 -67.241920
v -0.989074 -1.896044 -67.104530
v -0.865498 -1.500305 -66.965103
v -0.578855 -1.203274 -66.826355
v -0.197736 -1.069726 -66.690987
v 0.186870 -1.120847 -66.561630
v 0.487296 -1.329295 -66.440804
v 0.643582 -1.628428 -66.330872
v 0.639266 -1.932810 -66.233955
v 0.405746 -2.028373 -67.913544
v 0.467891 -2.248782 -67.848045
v 0.395740 -2.506524 -67.766045
v 0.179783 -2.721070 -67.669128
v -0.143961 -2.816443 -67.559196
v -0.502599 -2.745134 -67.438370
v -0.806542 -2.503983 -67.309013
v -0.975224 -2.137059 -67.173645
v -0.960676 -1.724531 -67.034897
v -0.761848 -1.360734 -66.895470
v -0.425350 -1.127904 -66.758080
v -0.032358 -1.073381 -66.625397
v 0.324419 -1.197035 -66.500000
v 0.566848 -1.452602 -66.384338
v 0.652765 -1.762413 -66.280663
v 0.455526 -2.113575 -67.882950
v 0.463181 -2.361877 -67.809013
v 0.326122 -2.613347 -67.719337
v 0.054969 -2.786091 -67.615662
v -0.296198 -2.813798 -67.500000
v -0.644076 -2.666960 -67.374603
v -0.899643 -2.363479 -67.241920
v -0.993916 -1.965292 -67.104530
v -0.898247 -1.561896 -66.965103
v -0.633022 -1.245594 -66.826355
v -0.262147 -1.085786 -66.690987
v 0.125088 -1.109953 -66.561630
v 0.439323 -1.296936 -66.440804
v 0.616095 -1.584439 -66.330872
v 0.633022 -1.888381 -66.233955
v 0.484105 -2.215538 -67.848045
v 0.430109 -2.477684 -67.766045
v 0.229644 -2.706773 -67.669128
v -0.086658 -2.824496 -67.559196
v -0.449397 -2.778378 -67.438370
v -0.769421 -2.559017 -67.309013
v -0.963287 -2.204753 -67.173645
v -0.977552 -1.792215 -67.034897
v -0.804585 -1.415435 -66.895470
v -0.485148 -1.159699 -66.758080
v -0.096917 -1.077895 -66.625397
v 0.267617 -1.176361 -66.500000
v 0.527282 -1.414394 -66.384338
v 0.634602 -1.717457 -66.280663
v 0.462339 -2.081523 -67.882950
v 0.487296 -2.328685 -67.809013
v 0.368113 -2.589104 -67.719337
v 0.109670 -2.780342 -67.615662
v -0.238709 -2.832477 -67.500000
v -0.595982 -2.710264 -67.374603
v -0.872096 -2.425350 -67.241920
v -0.993916 -2.034708 -67.104530
v -0.926619 -1.625622 -66.965103
v -0.684105 -1.291589 -66.826355
v -0.325280 -1.106299 -66.690987
v 0.062697 -1.103395 -66.561630
v 0.389210 -1.268003 -66.440804
v 0.585606 -1.542474 -66.330872
v 0.623694 -1.844496 -66.233955
v 0.497961 -2.181243 -67.848045
v 0.462383 -2.446518 -67.766045
v 0.278387 -2.689032 -67.669128
v -0.028933 -2.828532 -67.559196
v -0.394005 -2.807831 -67.438370
v -0.728552 -2.611327 -67.309013
v -0.946658 -2.271450 -67.173645
v -0.989665 -1.860912 -67.034897
v -0.843402 -1.472984 -66.895470
v -0.542583 -1.195588 -66.758080
v -0.161004 -1.086902 -66.625397
v 0.209511 -1.159699 -66.500000
v 0.485148 -1.379039 -66.384338
v 0.613347 -1.673878 -66.280663
v 0.586353 -1.958998 -66.190987
v 0.563320 -2.000000 -66.173759
v 0.466900 -2.049073 -67.882950
v 0.509037 -2.293893 -67.809013
v 0.408310 -2.561990 -67.719337
v 0.163837 -2.770791 -67.615662
v -0.180057 -2.847101 -67.500000
v -0.544985 -2.750108 -67.374603
v -0.840301 -2.485148 -67.241920
v -0.989074 -2.103956 -67.104530
v -0.950477 -1.691171 -66.965103
v -0.731855 -1.341035 -66.826355
v -0.386830 -1.131167 -66.690987
v -0.000000 -1.101206 -66.561630
v 0.337200 -1.242636 -66.440804
v 0.552264 -1.502739 -66.330872
v 0.611327 -1.801368 -66.233955
v 0.509391 -2.146065 -67.848045
v 0.492404 -2.413176 -67.766045
v 0.325773 -2.667934 -67.669128
v 0.028933 -2.828532 -67.559196
v -0.336694 -2.833347 -67.438370
v -0.684133 -2.660659 -67.309013
v -0.925417 -2.336824 -67.173645
v -0.996956 -1.930286 -67.034897
v -0.878111 -1.533100 -66.895470
v -0.597374 -1.235397 -66.758080
v -0.224306 -1.100357 -66.625397
v 0.150384 -1.147131 -66.500000
v 0.440650 -1.346709 -66.384338
v 0.589104 -1.631887 -66.280663
v 0.582065 -1.918196 -66.190987
v 0.469186 -2.016384 -67.882950
v 0.528298 -2.257668 -67.809013
v 0.446518 -2.532139 -67.719337
v 0.217205 -2.757484 -67.615662
v -0.120527 -2.857597 -67.500000
v -0.491333 -2.786297 -67.374603
v -0.804412 -2.542583 -67.241920
v -0.979413 -2.172697 -67.104530
v -0.969705 -1.758225 -66.965103
v -0.776039 -1.393692 -66.826355
v -0.446494 -1.160267 -66.690987
v -0.062697 -1.103395 -66.561630
v 0.283548 -1.220960 -66.440804
v 0.516232 -1.465426 -66.330872
v 0.595982 -1.759207 -66.233955
v 0.518339 -2.110176 -67.848045
v 0.520026 -2.377821 -67.766045
v 0.371572 -2.643582 -67.669128
v 0.086658 -2.824496 -67.559196
v -0.277743 -2.854804 -67.438370
v -0.636381 -2.706773 -67.309013
v -0.899667 -2.400558 -67.173645
v -0.999391 -2.000000 -67.034897
v -0.908541 -1.595492 -66.895470
v -0.649255 -1.278930 -66.758080
v -0.286516 -1.118196 -66.625397
v 0.090524 -1.138719 -66.500000
v 0.394005 -1.317563 -66.384338
v 0.561990 -1.591690 -66.280663
v 0.574941 -1.877793 -66.190987
v 0.544985 -2.220188 -67.809013
v 0.482550 -2.499695 -67.719337
v 0.269516 -2.740488 -67.615662
v -0.060411 -2.863916 -67.500000
v -0.435286 -2.818655 -67.374603
v -0.764603 -2.597374 -67.241920
v -0.964980 -2.240597 -67.104530
v -0.984208 -1.826458 -66.965103
v -0.816443 -1.449302 -66.826355
v -0.503983 -1.193458 -66.690987
v -0.125088 -1.109953 -66.561630
v 0.228514 -1.203078 -66.440804
v 0.477684 -1.430718 -66.330872
v 0.577734 -1.718220 -66.233955
v 0.529596 -1.981506 -66.151955
v 0.521435 -2.000000 -66.146706
v 0.524762 -2.073750 -67.848045
v 0.545115 -2.340626 -67.766045
v 0.415561 -2.616095 -67.669128
v 0.143961 -2.816443 -67.559196
v -0.217438 -2.872096 -67.438370
v -0.585529 -2.749443 -67.309013
v -0.869534 -2.462339 -67.173645
v -0.996956 -2.069714 -67.034897
v -0.934545 -1.659853 -66.895470
v -0.697972 -1.325976 -66.758080
v -0.347329 -1.140330 -66.625397
v 0.030224 -1.134502 -66.500000
v 0.345441 -1.291741 -66.384338
v 0.532139 -1.553482 -66.280663
v 0.565015 -1.837984 -66.190987
v 0.559017 -2.181636 -67.809013
v 0.516232 -2.464817 -67.719337
v 0.320513 -2.719884 -67.615662
v 0.000000 -2.866025 -67.500000
v -0.377120 -2.847025 -67.374603
v -0.721070 -2.649255 -67.241920
v -0.945847 -2.307324 -67.104530
v -0.993916 -1.895535 -66.965103
v -0.852869 -1.507596 -66.826355
v -0.559017 -1.230579 -66.690987
v -0.186870 -1.120847 -66.561630
v 0.172367 -1.189079 -66.440804
v 0.436810 -1.398783 -66.330872
v 0.556670 -1.678606 -66.233955
v 0.527016 -1.944608 -66.151955
v 0.528628 -2.036965 -67.848045
v 0.567548 -2.301770 -67.766045
v 0.457526 -2.585606 -67.669128
v 0.200562 -2.804412 -67.559196
v -0.156074 -2.885139 -67.438370
v -0.531824 -2.788462 -67.309013
v -0.835164 -2.521869 -67.173645
v -0.989665 -2.139088 -67.034897
v -0.955996 -1.725873 -66.895470
v -0.743290 -1.376306 -66.758080
v -0.406451 -1.166653 -66.625397
v -0.030224 -1.134502 -66.500000
v 0.295194 -1.269369 -66.384338
v 0.499695 -1.517450 -66.280663
v 0.552337 -1.798966 -66.190987
v 0.570325 -2.142198 -67.809013
v 0.547398 -2.427674 -67.719337
v 0.369949 -2.695772 -67.615662
v 0.060411 -2.863916 -67.500000
v -0.317116 -2.871268 -67.374603
v -0.674024 -2.697972 -67.241920
v -0.922105 -2.372555 -67.104530
v -0.998782 -1.965122 -66.965103
v -0.885139 -1.568289 -66.826355
v -0.611327 -1.271448 -66.690987
v -0.247741 -1.136024 -66.561630
v 0.115380 -1.179031 -66.440804
v 0.393807 -1.369777 -66.330872
v 0.532895 -1.640558 -66.233955
v 0.521869 -1.907980 -66.151955
v 0.587216 -2.261445 -67.766045
v 0.497261 -2.552264 -67.669128
v 0.256187 -2.788462 -67.559196
v -0.093950 -2.893870 -67.438370
v -0.475528 -2.823639 -67.309013
v -0.796726 -2.578856 -67.173645
v -0.977552 -2.207785 -67.034897
v -0.972789 -1.793227 -66.895470
v -0.784986 -1.429675 -66.758080
v -0.463592 -1.197035 -66.625397
v -0.090524 -1.138719 -66.500000
v 0.243509 -1.250557 -66.384338
v 0.464817 -1.483768 -66.280663
v 0.536969 -1.760926 -66.190987
v 0.578855 -2.102068 -67.809013
v 0.575898 -2.388448 -67.719337
v 0.417582 -2.668271 -67.615662
v 0.120527 -2.857597 -67.500000
v -0.255567 -2.891266 -67.374603
v -0.623694 -2.743290 -67.241920
v -0.893870 -2.435970 -67.104530
v -0.998782 -2.034878 -66.965103
v -0.913098 -1.631085 -66.826355
v -0.660659 -1.315867 -66.690987
v -0.307406 -1.155410 -66.561630
v 0.057831 -1.172982 -66.440804
v 0.348885 -1.343842 -66.330872
v 0.506524 -1.604260 -66.233955
v 0.514178 -1.871801 -66.151955
v 0.604023 -2.219846 -67.766045
v 0.534574 -2.516232 -67.669128
v 0.310563 -2.768670 -67.559196
v -0.031367 -2.898247 -67.438370
v -0.416916 -2.854804 -67.309013
v -0.754407 -2.633022 -67.173645
v -0.960676 -2.275470 -67.034897
v -0.984843 -1.861589 -66.895470
v -0.822857 -1.485822 -66.758080
v -0.518475 -1.231330 -66.625397
v -0.150384 -1.147131 -66.500000
v 0.190637 -1.235397 -66.384338
v 0.427674 -1.452602 -66.280663
v 0.518984 -1.724052 -66.190987
v 0.468328 -1.967251 -66.117050
v 0.478254 -2.000000 -66.121780
v 0.433884 -2.000000 -66.099030
v 0.584565 -2.061440 -67.809013
v 0.601592 -2.347329 -67.719337
v 0.463181 -2.637514 -67.615662
v 0.180057 -2.847101 -67.500000
v -0.192772 -2.906923 -67.374603
v -0.570325 -2.784986 -67.241920
v -0.861281 -2.497261 -67.104530
v -0.993916 -2.104465 -66.965103
v -0.936608 -1.695678 -66.826355
v -0.706773 -1.363619 -66.690987
v -0.365572 -1.178911 -66.561630
v -0.000000 -1.170962 -66.440804
v 0.302264 -1.321103 -66.330872
v 0.477684 -1.569891 -66.233955
v 0.503983 -1.836246 -66.151955
v 0.617887 -2.177176 -67.766045
v 0.569282 -2.477684 -67.669128
v 0.363426 -2.745134 -67.559196
v 0.031367 -2.898247 -67.438370
v -0.356272 -2.881804 -67.309013
v -0.708411 -2.684105 -67.173645
v -0.939120 -2.341812 -67.034897
v -0.992099 -1.930626 -66.895470
v -0.856720 -1.544474 -66.758080
v -0.570831 -1.269369 -66.625397
v -0.209511 -1.159699 -66.500000
v 0.136837 -1.223961 -66.384338
v 0.388448 -1.424102 -66.280663
v 0.498470 -1.688521 -66.190987
v 0.464903 -1.934662 -66.117050
v 0.587427 -2.020513 -67.809013
v 0.624355 -2.304518 -67.719337
v 0.506524 -2.603651 -67.615662
v 0.238709 -2.832477 -67.500000
v -0.129039 -2.918161 -67.374603
v -0.514178 -2.822857 -67.241920
v -0.824496 -2.556130 -67.104530
v -0.984208 -2.173542 -66.965103
v -0.955555 -1.761753 -66.826355
v -0.749443 -1.414471 -66.690987
v -0.421958 -1.206412 -66.561630
v -0.057831 -1.172982 -66.440804
v 0.254171 -1.301672 -66.330872
v 0.446518 -1.537617 -66.233955
v 0.491333 -1.801489 -66.151955
v 0.628741 -2.133643 -67.766045
v 0.601217 -2.436810 -67.669128
v 0.414519 -2.717968 -67.559196
v 0.093950 -2.893870 -67.438370
v -0.293893 -2.904509 -67.309013
v -0.658965 -2.731855 -67.173645
v -0.912989 -2.406489 -67.034897
v -0.994522 -2.000000 -66.895470
v -0.886409 -1.605345 -66.758080
v -0.620407 -1.310968 -66.625397
v -0.267617 -1.176361 -66.500000
v 0.082370 -1.216306 -66.384338
v 0.347329 -1.398408 -66.280663
v 0.475528 -1.654508 -66.190987
v 0.459212 -1.902391 -66.117050
v 0.644076 -2.260224 -67.719337
v 0.547398 -2.566848 -67.615662
v 0.296198 -2.813798 -67.500000
v -0.064677 -2.924925 -67.374603
v -0.455526 -2.856720 -67.241920
v -0.783694 -2.612289 -67.104530
v -0.969705 -2.241775 -66.965103
v -0.969846 -1.828990 -66.826355
v -0.788462 -1.468176 -66.690987
v -0.476288 -1.237779 -66.561630
v -0.115380 -1.179031 -66.440804
v 0.204838 -1.285643 -66.330872
v 0.413176 -1.507596 -66.233955
v 0.476288 -1.767699 -66.151955
v 0.406489 -1.985805 -66.086456
v 0.388435 -2.000000 -66.078522
v 0.636532 -2.089459 -67.766045
v 0.630223 -2.393807 -67.669128
v 0.463592 -2.687303 -67.559196
v 0.156074 -2.885139 -67.438370
v -0.230081 -2.922806 -67.309013
v -0.606308 -2.776039 -67.173645
v -0.882410 -2.469186 -67.034897
v -0.992099 -2.069374 -66.895470
v -0.911780 -1.668139 -66.758080
v -0.666960 -1.355924 -66.625397
v -0.324419 -1.197035 -66.500000
v 0.027501 -1.212469 -66.384338
v 0.304518 -1.375645 -66.280663
v 0.450270 -1.622179 -66.190987
v 0.451285 -1.870596 -66.117050
v 0.660659 -2.214661 -67.719337
v 0.585606 -2.527282 -67.615662
v 0.352244 -2.791154 -67.500000
v 0.000000 -2.927184 -67.374603
v -0.394655 -2.886409 -67.241920
v -0.739074 -2.665465 -67.104530
v -0.950477 -2.308829 -66.965103
v -0.979413 -1.897060 -66.826355
v -0.823639 -1.524472 -66.690987
v -0.528298 -1.272860 -66.561630
v -0.172367 -1.189079 -66.440804
v 0.154509 -1.273095 -66.330872
v 0.377821 -1.479974 -66.233955
v 0.458924 -1.735040 -66.151955
v 0.404509 -1.957484 -66.086456
v 0.641222 -2.044839 -67.766045
v 0.656158 -2.348885 -67.669128
v 0.510406 -2.653291 -67.559196
v 0.217438 -2.872096 -67.438370
v -0.165149 -2.936608 -67.309013
v -0.550698 -2.816443 -67.173645
v -0.847531 -2.529597 -67.034897
v -0.984843 -2.138411 -66.895470
v -0.932708 -1.732550 -66.758080
v -0.710264 -1.404018 -66.625397
v -0.379641 -1.221622 -66.500000
v -0.027501 -1.212469 -66.384338
v 0.260224 -1.355924 -66.280663
v 0.422817 -1.591690 -66.190987
v 0.441159 -1.839431 -66.117050
v 0.674024 -2.168053 -67.719337
v 0.620961 -2.485148 -67.615662
v 0.406574 -2.764655 -67.500000
v 0.064677 -2.924925 -67.374603
v -0.331861 -2.911780 -67.241920
v -0.690853 -2.715399 -67.104530
v -0.926619 -2.374378 -66.965103
v -0.984208 -1.965631 -66.826355
v -0.854804 -1.583084 -66.690987
v -0.577734 -1.311484 -66.561630
v -0.228514 -1.203078 -66.440804
v 0.103426 -1.264087 -66.330872
v 0.340626 -1.454885 -66.233955
v 0.439323 -1.703673 -66.151955
v 0.400557 -1.929371 -66.086456
v 0.678897 -2.302264 -67.669128
v 0.554734 -2.616095 -67.559196
v 0.277743 -2.854804 -67.438370
v -0.099412 -2.945847 -67.309013
v -0.492404 -2.852869 -67.173645
v -0.808524 -2.587427 -67.034897
v -0.972789 -2.206773 -66.895470
v -0.949092 -1.798264 -66.758080
v -0.750107 -1.455015 -66.625397
v -0.433013 -1.250000 -66.500000
v -0.082370 -1.216306 -66.384338
v 0.214661 -1.339341 -66.280663
v 0.393305 -1.563190 -66.190987
v 0.428884 -1.809049 -66.117050
v 0.684105 -2.120626 -67.719337
v 0.653291 -2.440650 -67.615662
v 0.458924 -2.734431 -67.500000
v 0.129039 -2.918161 -67.374603
v -0.267450 -2.932708 -67.241920
v -0.639266 -2.761848 -67.104530
v -0.898247 -2.438104 -66.965103
v -0.984208 -2.034369 -66.826355
v -0.881804 -1.643728 -66.690987
v -0.624355 -1.353462 -66.561630
v -0.283548 -1.220960 -66.440804
v 0.051839 -1.258665 -66.330872
v 0.301771 -1.432452 -66.233955
v 0.417582 -1.673749 -66.151955
v 0.394655 -1.901602 -66.086456
v 0.698328 -2.254170 -67.669128
v 0.596360 -2.575898 -67.559196
v 0.336694 -2.833347 -67.438370
v -0.033191 -2.950477 -67.309013
v -0.431711 -2.885139 -67.173645
v -0.765578 -2.642396 -67.034897
v -0.955996 -2.274127 -66.895470
v -0.960853 -1.864961 -66.758080
v -0.786296 -1.508667 -66.625397
v -0.484275 -1.282032 -66.500000
v -0.136837 -1.223961 -66.384338
v 0.168053 -1.325976 -66.280663
v 0.361877 -1.536819 -66.190987
v 0.414519 -1.779596 -66.117050
v 0.341187 -1.976142 -66.060310
v 0.342020 -2.000000 -66.060310
v 0.294755 -2.000000 -66.044426
v 0.690853 -2.072612 -67.719337
v 0.682437 -2.394005 -67.615662
v 0.509037 -2.700629 -67.500000
v 0.192772 -2.906923 -67.374603
v -0.201736 -2.949092 -67.241920
v -0.584565 -2.804585 -67.104530
v -0.865498 -2.499695 -66.965103
v -0.979413 -2.102941 -66.826355
v -0.904508 -1.706107 -66.690987
v -0.667934 -1.398589 -66.561630
v -0.337200 -1.242636 -66.440804
v -0.000000 -1.256855 -66.330872
v 0.261445 -1.412784 -66.233955
v 0.393807 -1.645415 -66.151955
v 0.386830 -1.874311 -66.086456
v 0.714357 -2.204839 -67.669128
v 0.635080 -2.532895 -67.559196
v 0.394005 -2.807831 -67.438370
v 0.033191 -2.950477 -67.309013
v -0.368915 -2.913098 -67.173645
v -0.718902 -2.694235 -67.034897
v -0.934545 -2.340147 -66.895470
v -0.967932 -1.932316 -66.758080
v -0.818655 -1.564714 -66.625397
v -0.533178 -1.317563 -66.500000
v -0.190637 -1.235397 -66.384338
v 0.120626 -1.315895 -66.280663
v 0.328685 -1.512704 -66.190987
v 0.398134 -1.751218 -66.117050
v 0.338692 -1.952400 -66.060310
v 0.694235 -2.024243 -67.719337
v 0.708259 -2.345441 -67.615662
v 0.556670 -2.663414 -67.500000
v 0.255567 -2.891266 -67.374603
v -0.135039 -2.960853 -67.241920
v -0.527016 -2.843402 -67.104530
v -0.828533 -2.558852 -66.965103
v -0.969846 -2.171010 -66.826355
v -0.922806 -1.769919 -66.690987
v -0.708259 -1.446647 -66.561630
v -0.389210 -1.268003 -66.440804
v -0.051839 -1.258665 -66.330872
v 0.219846 -1.395977 -66.233955
v 0.368113 -1.618808 -66.151955
v 0.377120 -1.847634 -66.086456
v 0.726905 -2.154509 -67.669128
v 0.670705 -2.487296 -67.559196
v 0.449397 -2.778378 -67.438370
v 0.099412 -2.945847 -67.309013
v -0.304322 -2.936608 -67.173645
v -0.668723 -2.742692 -67.034897
v -0.908541 -2.404509 -66.895470
v -0.970296 -2.000000 -66.758080
v -0.847025 -1.622880 -66.625397
v -0.579484 -1.356418 -66.500000
v -0.243509 -1.250557 -66.384338
v 0.072612 -1.309147 -66.280663
v 0.293893 -1.490963 -66.190987
v 0.379810 -1.724052 -66.117050
v 0.334546 -1.928890 -66.060310
v 0.730631 -2.295194 -67.615662
v 0.601592 -2.622967 -67.500000
v 0.317116 -2.871268 -67.374603
v -0.067684 -2.967932 -67.241920
v -0.466900 -2.878111 -67.104530
v -0.787531 -2.615286 -66.965103
v -0.955555 -2.238246 -66.826355
v -0.936608 -1.834851 -66.690987
v -0.745134 -1.497401 -66.561630
v -0.439323 -1.296936 -66.440804
v -0.103426 -1.264087 -66.330872
v 0.177176 -1.382113 -66.233955
v 0.340626 -1.594058 -66.151955
v 0.365572 -1.821698 -66.086456
v 0.275469 -1.990380 -66.038742
v 0.246757 -2.000000 -66.030922
v 0.735913 -2.103426 -67.669128
v 0.703064 -2.439323 -67.559196
v 0.502599 -2.745134 -67.438370
v 0.165149 -2.936608 -67.309013
v -0.238247 -2.955555 -67.173645
v -0.615286 -2.787531 -67.034897
v -0.878111 -2.466900 -66.895470
v -0.967932 -2.067684 -66.758080
v -0.871268 -1.682884 -66.625397
v -0.622967 -1.398408 -66.500000
v -0.295194 -1.269369 -66.384338
v 0.024243 -1.305765 -66.280663
v 0.257668 -1.471702 -66.190987
v 0.359636 -1.698230 -66.117050
v 0.328771 -1.905726 -66.060310
v 0.749443 -2.243509 -67.615662
v 0.643582 -2.579484 -67.500000
v 0.377120 -2.847025 -67.374603
v 0.000000 -2.970296 -67.241920
v -0.404509 -2.908541 -67.104530
v -0.742692 -2.668723 -66.965103
v -0.936608 -2.304322 -66.826355
v -0.945847 -1.900588 -66.690987
v -0.778378 -1.550603 -66.561630
v -0.487296 -1.329295 -66.440804
v -0.154509 -1.273095 -66.330872
v 0.133643 -1.371259 -66.233955
v 0.311479 -1.571286 -66.151955
v 0.352244 -1.796632 -66.086456
v 0.274127 -1.971188 -66.038742
v 0.741335 -2.051839 -67.669128
v 0.731997 -2.389210 -67.559196
v 0.553353 -2.708259 -67.438370
v 0.230081 -2.922806 -67.309013
v -0.171010 -2.969846 -67.173645
v -0.558852 -2.828532 -67.034897
v -0.843402 -2.527016 -66.895470
v -0.960853 -2.135039 -66.758080
v -0.891266 -1.744434 -66.625397
v -0.663414 -1.443330 -66.500000
v -0.345441 -1.291741 -66.384338
v -0.024243 -1.305765 -66.280663
v 0.220188 -1.455015 -66.190987
v 0.337710 -1.673878 -66.117050
v 0.321394 -1.883022 -66.060310
v 0.764603 -2.190637 -67.615662
v 0.682437 -2.533179 -67.500000
v 0.435286 -2.818655 -67.374603
v 0.067684 -2.967932 -67.241920
v -0.340147 -2.934545 -67.104530
v -0.694235 -2.718902 -66.965103
v -0.913098 -2.368916 -66.826355
v -0.950477 -1.966809 -66.690987
v -0.807831 -1.605995 -66.561630
v -0.532895 -1.364920 -66.440804
v -0.204838 -1.285643 -66.330872
v 0.089459 -1.363468 -66.233955
v 0.280814 -1.550603 -66.151955
v 0.337200 -1.772556 -66.086456
v 0.271450 -1.952136 -66.038742
v 0.757363 -2.337200 -67.559196
v 0.601411 -2.667934 -67.438370
v 0.293893 -2.904509 -67.309013
v -0.102940 -2.979413 -67.173645
v -0.499695 -2.865498 -67.034897
v -0.804585 -2.584565 -66.895470
v -0.949092 -2.201736 -66.758080
v -0.906923 -1.807228 -66.625397
v -0.700629 -1.490963 -66.500000
v -0.394005 -1.317563 -66.384338
v -0.072612 -1.309147 -66.280663
v 0.181636 -1.440983 -66.190987
v 0.314138 -1.651115 -66.117050
v 0.312451 -1.860888 -66.060310
v 0.776039 -2.136837 -67.615662
v 0.717968 -2.484275 -67.500000
v 0.491333 -2.786297 -67.374603
v 0.135039 -2.960853 -67.241920
v -0.274127 -2.955996 -67.104530
v -0.642396 -2.765578 -66.965103
v -0.885139 -2.431711 -66.826355
v -0.950477 -2.033191 -66.690987
v -0.833347 -1.663306 -66.561630
v -0.575898 -1.403640 -66.440804
v -0.254171 -1.301672 -66.330872
v 0.044839 -1.358778 -66.233955
v 0.248782 -1.532109 -66.151955
v 0.320513 -1.749588 -66.086456
v 0.267450 -1.933317 -66.038742
v 0.779041 -2.283548 -67.559196
v 0.646538 -2.624355 -67.438370
v 0.356272 -2.881804 -67.309013
v -0.034369 -2.984208 -67.173645
v -0.438104 -2.898247 -67.034897
v -0.761848 -2.639266 -66.895470
v -0.932708 -2.267450 -66.758080
v -0.918161 -1.870961 -66.625397
v -0.734431 -1.541076 -66.500000
v -0.440650 -1.346709 -66.384338
v -0.120626 -1.315895 -66.280663
v 0.142198 -1.429675 -66.190987
v 0.289036 -1.630051 -66.117050
v 0.301986 -1.839431 -66.060310
v 0.207405 -1.985497 -66.021851
v 0.198146 -2.000000 -66.019829
v 0.149042 -2.000000 -66.011169
v 0.783694 -2.082370 -67.615662
v 0.750000 -2.433013 -67.500000
v 0.544985 -2.750108 -67.374603
v 0.201736 -2.949092 -67.241920
v -0.206773 -2.972789 -67.104530
v -0.587427 -2.808524 -66.965103
v -0.852869 -2.492404 -66.826355
v -0.945847 -2.099412 -66.690987
v -0.854804 -1.722257 -66.561630
v -0.616095 -1.445266 -66.440804
v -0.302264 -1.321103 -66.330872
v -0.000000 -1.357212 -66.233955
v 0.215538 -1.515895 -66.151955
v 0.302264 -1.727840 -66.086456
v 0.262147 -1.914823 -66.038742
v 0.796922 -2.228514 -67.559196
v 0.688516 -2.577734 -67.438370
v 0.416916 -2.854804 -67.309013
v 0.034369 -2.984208 -67.173645
v -0.374378 -2.926619 -67.034897
v -0.715399 -2.690853 -66.895470
v -0.911780 -2.331861 -66.758080
v -0.924925 -1.935323 -66.625397
v -0.764655 -1.593426 -66.500000
v -0.485148 -1.379039 -66.384338
v -0.168053 -1.325976 -66.280663
v 0.102068 -1.421144 -66.190987
v 0.262525 -1.610790 -66.117050
v 0.290050 -1.818757 -66.060310
v 0.205888 -1.971064 -66.021851
v 0.787531 -2.027501 -67.615662
v 0.778378 -2.379641 -67.500000
v 0.595982 -2.710264 -67.374603
v 0.267450 -2.932708 -67.241920
v -0.138411 -2.984843 -67.104530
v -0.529596 -2.847532 -66.965103
v -0.816443 -2.550698 -66.826355
v -0.936608 -2.165149 -66.690987
v -0.872096 -1.782562 -66.561630
v -0.653291 -1.489594 -66.440804
v -0.348885 -1.343842 -66.330872
v -0.044839 -1.358778 -66.233955
v 0.181243 -1.502039 -66.151955
v 0.282543 -1.707418 -66.086456
v 0.255567 -1.896744 -66.038742
v 0.810921 -2.172367 -67.559196
v 0.727140 -2.528298 -67.438370
v 0.475528 -2.823639 -67.309013
v 0.102940 -2.979413 -67.173645
v -0.308829 -2.950477 -67.034897
v -0.665465 -2.739074 -66.895470
v -0.886409 -2.394655 -66.758080
v -0.927184 -2.000000 -66.625397
v -0.791154 -1.647756 -66.500000
v -0.527282 -1.414394 -66.384338
v -0.214661 -1.339341 -66.280663
v 0.061440 -1.415435 -66.190987
v 0.234736 -1.593426 -66.117050
v 0.276700 -1.798966 -66.060310
v 0.203368 -1.956773 -66.021851
v 0.802965 -2.324419 -67.500000
v 0.644076 -2.666960 -67.374603
v 0.331861 -2.911780 -67.241920
v -0.069374 -2.992099 -67.104530
v -0.469186 -2.882410 -66.965103
v -0.776039 -2.606308 -66.826355
v -0.922806 -2.230081 -66.690987
v -0.885139 -1.843926 -66.561630
v -0.687303 -1.536408 -66.440804
v -0.393807 -1.369777 -66.330872
v -0.089459 -1.363468 -66.233955
v 0.146066 -1.490609 -66.151955
v 0.261445 -1.688422 -66.086456
v 0.247741 -1.879169 -66.038742
v 0.139088 -1.995143 -66.009735
v 0.099568 -2.000000 -66.004967
v 0.820969 -2.115380 -67.559196
v 0.762221 -2.476288 -67.438370
v 0.531824 -2.788462 -67.309013
v 0.171010 -2.969846 -67.173645
v -0.241775 -2.969705 -67.034897
v -0.612289 -2.783694 -66.895470
v -0.856720 -2.455526 -66.758080
v -0.924925 -2.064677 -66.625397
v -0.813798 -1.703802 -66.500000
v -0.566848 -1.452602 -66.384338
v -0.260224 -1.355924 -66.280663
v 0.020513 -1.412573 -66.190987
v 0.205803 -1.578042 -66.117050
v 0.262003 -1.780154 -66.060310
v 0.199858 -1.942692 -66.021851
v 0.823639 -2.267617 -67.500000
v 0.689032 -2.620407 -67.374603
v 0.394655 -2.886409 -67.241920
v 0.000000 -2.994522 -67.104530
v -0.406489 -2.912989 -66.965103
v -0.731855 -2.658965 -66.826355
v -0.904508 -2.293893 -66.690987
v -0.893870 -1.906050 -66.561630
v -0.717968 -1.585481 -66.440804
v -0.436810 -1.398783 -66.330872
v -0.133643 -1.371259 -66.233955
v 0.110176 -1.481661 -66.151955
v 0.239074 -1.670943 -66.086456
v 0.238709 -1.862181 -66.038742
v 0.138411 -1.985452 -66.009735
v 0.827018 -2.057831 -67.559196
v 0.793588 -2.421958 -67.438370
v 0.585529 -2.749443 -67.309013
v 0.238247 -2.955555 -67.173645
v -0.173542 -2.984208 -67.034897
v -0.556130 -2.824496 -66.895470
v -0.822857 -2.514179 -66.758080
v -0.918161 -2.129039 -66.625397
v -0.832477 -1.761291 -66.500000
v -0.603651 -1.493477 -66.384338
v -0.304518 -1.375645 -66.280663
v -0.020513 -1.412573 -66.190987
v 0.175867 -1.564714 -66.117050
v 0.246029 -1.762413 -66.060310
v 0.195373 -1.928890 -66.021851
v 0.840301 -2.209511 -67.500000
v 0.730631 -2.570831 -67.374603
v 0.455526 -2.856720 -67.241920
v 0.069374 -2.992099 -67.104530
v -0.341812 -2.939120 -66.965103
v -0.684105 -2.708411 -66.826355
v -0.881804 -2.356272 -66.690987
v -0.898247 -1.968633 -66.561630
v -0.745134 -1.636574 -66.440804
v -0.477684 -1.430718 -66.330872
v -0.177176 -1.382113 -66.233955
v 0.073751 -1.475238 -66.151955
v 0.215538 -1.655068 -66.086456
v 0.228514 -1.845865 -66.038742
v 0.137059 -1.975833 -66.009735
v 0.821089 -2.365572 -67.438370
v 0.636381 -2.706773 -67.309013
v 0.304322 -2.936608 -67.173645
v -0.104465 -2.993916 -67.034897
v -0.497261 -2.861281 -66.895470
v -0.784986 -2.570326 -66.758080
v -0.906923 -2.192772 -66.625397
v -0.847101 -1.819943 -66.500000
v -0.637514 -1.536819 -66.384338
v -0.347329 -1.398408 -66.280663
v -0.061440 -1.415435 -66.190987
v 0.145075 -1.553506 -66.117050
v 0.228856 -1.745829 -66.060310
v 0.189937 -1.915435 -66.021851
v 0.852869 -2.150384 -67.500000
v 0.768670 -2.518475 -67.374603
v 0.514178 -2.822857 -67.241920
v 0.138411 -2.984843 -67.104530
v -0.275469 -2.960676 -66.965103
v -0.633022 -2.754406 -66.826355
v -0.854804 -2.416916 -66.690987
v -0.898247 -2.031368 -66.561630
v -0.768670 -1.689437 -66.440804
v -0.516232 -1.465426 -66.330872
v -0.219846 -1.395977 -66.233955
v 0.036965 -1.471372 -66.151955
v 0.190951 -1.640873 -66.086456
v 0.217205 -1.830301 -66.038742
v 0.135039 -1.966331 -66.009735
v 0.844590 -2.307406 -67.438370
v 0.684133 -2.660659 -67.309013
v 0.368915 -2.913098 -67.173645
v -0.034878 -2.998782 -67.034897
v -0.435970 -2.893870 -66.895470
v -0.743290 -2.623694 -66.758080
v -0.891266 -2.255567 -66.625397
v -0.857597 -1.879473 -66.500000
v -0.668271 -1.582418 -66.384338
v -0.388448 -1.424102 -66.280663
v -0.102068 -1.421144 -66.190987
v 0.113575 -1.544474 -66.117050
v 0.210569 -1.730484 -66.060310
v 0.183575 -1.902391 -66.021851
v 0.069587 -1.995134 -66.002434
v 0.049846 -2.000000 -66.001244
v 0.861281 -2.090524 -67.500000
v 0.802965 -2.463592 -67.374603
v 0.570325 -2.784986 -67.241920
v 0.206773 -2.972789 -67.104530
v -0.207785 -2.977552 -66.965103
v -0.578855 -2.796726 -66.826355
v -0.823639 -2.475528 -66.690987
v -0.893870 -2.093950 -66.561630
v -0.788462 -1.743813 -66.440804
v -0.552264 -1.502739 -66.330872
v -0.261445 -1.412784 -66.233955
v -0.000000 -1.470081 -66.151955
v 0.165435 -1.628428 -66.086456
v 0.204838 -1.815563 -66.038742
v 0.132361 -1.956993 -66.009735
v 0.863976 -2.247741 -67.438370
v 0.728552 -2.611327 -67.309013
v 0.431711 -2.885139 -67.173645
v 0.034878 -2.998782 -67.034897
v -0.372554 -2.922105 -66.895470
v -0.697972 -2.674024 -66.758080
v -0.871268 -2.317116 -66.625397
v -0.863916 -1.939589 -66.500000
v -0.695772 -1.630051 -66.384338
v -0.427674 -1.452602 -66.280663
v -0.142198 -1.429675 -66.190987
v 0.081523 -1.537661 -66.117050
v 0.191255 -1.716452 -66.060310
v 0.176319 -1.889824 -66.021851
v 0.069078 -1.990292 -66.002434
v 0.000000 -2.000000 -66.000000
v 0.865498 -2.030224 -67.500000
v 0.833347 -2.406451 -67.374603
v 0.623694 -2.743290 -67.241920
v 0.274127 -2.955996 -67.104530
v -0.139088 -2.989665 -66.965103
v -0.521869 -2.835164 -66.826355
v -0.788462 -2.531824 -66.690987
v -0.885139 -2.156074 -66.561630
v -0.804412 -1.799438 -66.440804
v -0.585606 -1.542474 -66.330872
v -0.301771 -1.432452 -66.233955
v -0.036965 -1.471372 -66.151955
v 0.139112 -1.617793 -66.086456
v 0.191474 -1.801723 -66.038742
v 0.129039 -1.947865 -66.009735
v 0.879153 -2.186870 -67.438370
v 0.769421 -2.559017 -67.309013
v 0.492404 -2.852869 -67.173645
v 0.104465 -2.993916 -67.034897
v -0.307324 -2.945847 -66.895470
v -0.649255 -2.721070 -66.758080
v -0.847025 -2.377120 -66.625397
v -0.866025 -2.000000 -66.500000
v -0.719884 -1.679487 -66.384338
v -0.464817 -1.483768 -66.280663
v -0.181636 -1.440983 -66.190987
v 0.049073 -1.533100 -66.117050
v 0.171010 -1.703802 -66.060310
v 0.168204 -1.877793 -66.021851
v 0.068232 -1.985497 -66.002434
v 0.859670 -2.347329 -67.374603
v 0.674024 -2.697972 -67.241920
v 0.340147 -2.934545 -67.104530
v -0.069714 -2.996956 -66.965103
v -0.462339 -2.869534 -66.826355
v -0.749443 -2.585529 -66.690987
v -0.872096 -2.217438 -66.561630
v -0.816443 -1.856039 -66.440804
v -0.616095 -1.584439 -66.330872
v -0.340626 -1.454885 -66.233955
v -0.073751 -1.475238 -66.151955
v 0.112112 -1.609020 -66.086456
v 0.177176 -1.788850 -66.038742
v 0.125088 -1.938990 -66.009735
v 0.890047 -2.125088 -67.438370
v 0.806542 -2.503983 -67.309013
v 0.550698 -2.816443 -67.173645
v 0.173542 -2.984208 -67.034897
v -0.240597 -2.964980 -66.895470
v -0.597374 -2.764603 -66.758080
v -0.818655 -2.435287 -66.625397
v -0.863916 -2.060411 -66.500000
v -0.740488 -1.730484 -66.384338
v -0.499695 -1.517450 -66.280663
v -0.220188 -1.455015 -66.190987
v 0.016384 -1.530814 -66.117050
v 0.149932 -1.692594 -66.060310
v 0.159270 -1.866357 -66.021851
v 0.067054 -1.980772 -66.002434
v 0.881804 -2.286515 -67.374603
v 0.721070 -2.649255 -67.241920
v 0.404509 -2.908541 -67.104530
v 0.000000 -2.999391 -66.965103
v -0.400557 -2.899667 -66.826355
v -0.706773 -2.636381 -66.690987
v -0.854804 -2.277743 -66.561630
v -0.824496 -1.913342 -66.440804
v -0.643582 -1.628428 -66.330872
v -0.377821 -1.479974 -66.233955
v -0.110176 -1.481661 -66.151955
v 0.084565 -1.602152 -66.086456
v 0.162016 -1.777005 -66.038742
v 0.120527 -1.930413 -66.009735
v 0.896605 -2.062697 -67.438370
v 0.839733 -2.446494 -67.309013
v 0.606308 -2.776039 -67.173645
v 0.241775 -2.969705 -67.034897
v -0.172697 -2.979413 -66.895470
v -0.542583 -2.804412 -66.758080
v -0.786296 -2.491333 -66.625397
v -0.857597 -2.120528 -66.500000
v -0.757485 -1.782795 -66.384338
v -0.532139 -1.553482 -66.280663
v -0.257668 -1.471702 -66.190987
v -0.016384 -1.530814 -66.117050
v 0.128123 -1.682884 -66.060310
v 0.149559 -1.855572 -66.021851
v 0.065550 -1.976142 -66.002434
v 0.899643 -2.224306 -67.374603
v 0.764603 -2.597374 -67.241920
v 0.466900 -2.878111 -67.104530
v 0.069714 -2.996956 -66.965103
v -0.336824 -2.925416 -66.826355
v -0.660659 -2.684133 -66.690987
v -0.833347 -2.336694 -66.561630
v -0.828533 -1.971067 -66.440804
v -0.667934 -1.674227 -66.330872
v -0.413176 -1.507596 -66.233955
v -0.146066 -1.490609 -66.151955
v 0.056607 -1.597222 -66.086456
v 0.146066 -1.766246 -66.038742
v 0.115380 -1.922175 -66.009735
v 0.868833 -2.386830 -67.309013
v 0.658965 -2.731855 -67.173645
v 0.308829 -2.950477 -67.034897
v -0.103956 -2.989074 -66.895470
v -0.485148 -2.840301 -66.758080
v -0.750107 -2.544985 -66.625397
v -0.847101 -2.180057 -66.500000
v -0.770791 -1.836163 -66.384338
v -0.561990 -1.591690 -66.280663
v -0.293893 -1.490963 -66.190987
v -0.049073 -1.533100 -66.117050
v 0.105690 -1.674720 -66.060310
v 0.139120 -1.845492 -66.021851
v 0.063726 -1.971627 -66.002434
v 0.913098 -2.161004 -67.374603
v 0.804412 -2.542583 -67.241920
v 0.527016 -2.843402 -67.104530
v 0.139088 -2.989665 -66.965103
v -0.271450 -2.946658 -66.826355
v -0.611327 -2.728552 -66.690987
v -0.807831 -2.394005 -66.561630
v -0.828533 -2.028933 -66.440804
v -0.689032 -1.721613 -66.330872
v -0.446518 -1.537617 -66.233955
v -0.181243 -1.502039 -66.151955
v 0.028373 -1.594254 -66.086456
v 0.129404 -1.756627 -66.038742
v 0.109670 -1.914317 -66.009735
v 0.893701 -2.325280 -67.309013
v 0.708411 -2.684105 -67.173645
v 0.374378 -2.926619 -67.034897
v -0.034708 -2.993916 -66.895470
v -0.425350 -2.872096 -66.758080
v -0.710264 -2.595982 -66.625397
v -0.832477 -2.238709 -66.500000
v -0.780342 -1.890330 -66.384338
v -0.589104 -1.631887 -66.280663
v -0.328685 -1.512704 -66.190987
v -0.081523 -1.537661 -66.117050
v 0.082742 -1.668139 -66.060310
v 0.128003 -1.836163 -66.021851
v 0.061591 -1.967251 -66.002434
v 0.922105 -2.096917 -67.374603
v 0.840301 -2.485148 -67.241920
v 0.584565 -2.804585 -67.104530
v 0.207785 -2.977552 -66.965103
v -0.204753 -2.963287 -66.826355
v -0.559017 -2.769421 -66.690987
v -0.778378 -2.449397 -66.561630
v -0.824496 -2.086658 -66.440804
v -0.706773 -1.770356 -66.330872
v -0.477684 -1.569891 -66.233955
v -0.215538 -1.515895 -66.151955
v -0.000000 -1.593263 -66.086456
v 0.112112 -1.748193 -66.038742
v 0.103426 -1.906875 -66.009735
v 0.914214 -2.262147 -67.309013
v 0.754407 -2.633022 -67.173645
v 0.438104 -2.898247 -67.034897
v 0.034708 -2.993916 -66.895470
v -0.363479 -2.899642 -66.758080
v -0.666960 -2.644076 -66.625397
v -0.813798 -2.296198 -66.500000
v -0.786091 -1.945031 -66.384338
v -0.613347 -1.673878 -66.280663
v -0.361877 -1.536819 -66.190987
v -0.113575 -1.544474 -66.117050
v 0.059391 -1.663176 -66.060310
v 0.116263 -1.827633 -66.021851
v 0.059157 -1.963035 -66.002434
v 0.926619 -2.032358 -67.374603
v 0.872096 -2.425350 -67.241920
v 0.639266 -2.761848 -67.104530
v 0.275469 -2.960676 -66.965103
v -0.137059 -2.975224 -66.826355
v -0.503983 -2.806542 -66.690987
v -0.745134 -2.502599 -66.561630
v -0.816443 -2.143961 -66.440804
v -0.721070 -1.820217 -66.330872
v -0.506524 -1.604260 -66.233955
v -0.248782 -1.532109 -66.151955
v -0.028373 -1.594254 -66.086456
v 0.094274 -1.740986 -66.038742
v 0.096678 -1.899887 -66.009735
v 0.930274 -2.197736 -67.309013
v 0.796726 -2.578856 -67.173645
v 0.499695 -2.865498 -67.034897
v 0.103956 -2.989074 -66.895470
v -0.299838 -2.922806 -66.758080
v -0.620407 -2.689032 -66.625397
v -0.791154 -2.352244 -66.500000
v -0.788011 -2.000000 -66.384338
v -0.634602 -1.717457 -66.280663
v -0.393305 -1.563190 -66.190987
v -0.145075 -1.553506 -66.117050
v 0.035751 -1.659853 -66.060310
v 0.103956 -1.819943 -66.021851
v 0.056434 -1.958998 -66.002434
v 0.899643 -2.363479 -67.241920
v 0.690853 -2.715399 -67.104530
v 0.341812 -2.939120 -66.965103
v -0.068697 -2.982409 -66.826355
v -0.446494 -2.839733 -66.690987
v -0.708259 -2.553353 -66.561630
v -0.804412 -2.200562 -66.440804
v -0.731855 -1.870954 -66.330872
v -0.532895 -1.640558 -66.233955
v -0.280814 -1.550603 -66.151955
v -0.056607 -1.597222 -66.086456
v 0.075976 -1.735040 -66.038742
v 0.089459 -1.893387 -66.009735
v 0.941801 -2.132361 -67.309013
v 0.835164 -2.521869 -67.173645
v 0.558852 -2.828532 -67.034897
v 0.172697 -2.979413 -66.895470
v -0.234736 -2.941474 -66.758080
v -0.570831 -2.730631 -66.625397
v -0.764655 -2.406574 -66.500000
v -0.786091 -2.054969 -66.384338
v -0.652765 -1.762413 -66.280663
v -0.422817 -1.591690 -66.190987
v -0.175867 -1.564714 -66.117050
v 0.011936 -1.658188 -66.060310
v 0.091142 -1.813130 -66.021851
v 0.053437 -1.955161 -66.002434
v 0.922806 -2.299838 -67.241920
v 0.739074 -2.665465 -67.104530
v 0.406489 -2.912989 -66.965103
v 0.000000 -2.984808 -66.826355
v -0.386830 -2.868833 -66.690987
v -0.667934 -2.601411 -66.561630
v -0.788462 -2.256187 -66.440804
v -0.739074 -1.922320 -66.330872
v -0.556670 -1.678606 -66.233955
v -0.311479 -1.571286 -66.151955
v -0.084565 -1.602152 -66.086456
v 0.057308 -1.730386 -66.038742
v 0.081804 -1.887407 -66.009735
v 0.948740 -2.066342 -67.309013
v 0.869534 -2.462339 -67.173645
v 0.615286 -2.787531 -67.034897
v 0.240597 -2.964980 -66.895470
v -0.168490 -2.955555 -66.758080
v -0.518475 -2.768670 -66.625397
v -0.734431 -2.458924 -66.500000
v -0.780342 -2.109670 -66.384338
v -0.667749 -1.808526 -66.280663
v -0.450270 -1.622179 -66.190987
v -0.205803 -1.578042 -66.117050
v -0.011936 -1.658188 -66.060310
v 0.077885 -1.807228 -66.021851
v 0.050179 -1.951543 -66.002434
v 0.941474 -2.234736 -67.241920
v 0.783694 -2.612289 -67.104530
v 0.469186 -2.882410 -66.965103
v 0.068697 -2.982409 -66.826355
v -0.325280 -2.893701 -66.690987
v -0.624355 -2.646538 -66.561630
v -0.768670 -2.310563 -66.440804
v -0.742692 -1.974065 -66.330872
v -0.577734 -1.718220 -66.233955
v -0.340626 -1.594058 -66.151955
v -0.112112 -1.609020 -66.086456
v 0.038361 -1.727045 -66.038742
v 0.073751 -1.881974 -66.009735
v 0.899667 -2.400558 -67.173645
v 0.668723 -2.742692 -67.034897
v 0.307324 -2.945847 -66.895470
v -0.101424 -2.964980 -66.758080
v -0.463592 -2.802965 -66.625397
v -0.700629 -2.509037 -66.500000
v -0.770791 -2.163837 -66.384338
v -0.679478 -1.855572 -66.280663
v -0.475528 -1.654508 -66.190987
v -0.234736 -1.593426 -66.117050
v -0.035751 -1.659853 -66.060310
v 0.064248 -1.802264 -66.021851
v 0.046676 -1.948161 -66.002434
v 0.955555 -2.168490 -67.241920
v 0.824496 -2.556130 -67.104530
v 0.529596 -2.847532 -66.965103
v 0.137059 -2.975224 -66.826355
v -0.262147 -2.914214 -66.690987
v -0.577734 -2.688516 -66.561630
v -0.745134 -2.363426 -66.440804
v -0.742692 -2.025935 -66.330872
v -0.595982 -1.759207 -66.233955
v -0.368113 -1.618808 -66.151955
v -0.139112 -1.617793 -66.086456
v 0.019227 -1.725034 -66.038742
v 0.065338 -1.877117 -66.009735
v 0.925417 -2.336824 -67.173645
v 0.718902 -2.694235 -67.034897
v 0.372554 -2.922105 -66.895470
v -0.033863 -2.969705 -66.758080
v -0.406451 -2.833347 -66.625397
v -0.663414 -2.556670 -66.500000
v -0.757485 -2.217205 -66.384338
v -0.687898 -1.903322 -66.280663
v -0.498470 -1.688521 -66.190987
v -0.262525 -1.610790 -66.117050
v -0.059391 -1.663176 -66.060310
v 0.050298 -1.798264 -66.021851
v 0.042946 -1.945031 -66.002434
v 0.964980 -2.101424 -67.241920
v 0.861281 -2.497261 -67.104530
v 0.587427 -2.808524 -66.965103
v 0.204753 -2.963287 -66.826355
v -0.197736 -2.930274 -66.690987
v -0.528298 -2.727140 -66.561630
v -0.717968 -2.414519 -66.440804
v -0.739074 -2.077680 -66.330872
v -0.611327 -1.801368 -66.233955
v -0.393807 -1.645415 -66.151955
v -0.165435 -1.628428 -66.086456
v -0.000000 -1.724363 -66.038742
v 0.056607 -1.872859 -66.009735
v 0.946658 -2.271450 -67.173645
v 0.765578 -2.642396 -67.034897
v 0.435970 -2.893870 -66.895470
v 0.033863 -2.969705 -66.758080
v -0.347329 -2.859670 -66.625397
v -0.622967 -2.601592 -66.500000
v -0.740488 -2.269516 -66.384338
v -0.692966 -1.951543 -66.280663
v -0.518984 -1.724052 -66.190987
v -0.289036 -1.630051 -66.117050
v -0.082742 -1.668139 -66.060310
v 0.036103 -1.795247 -66.021851
v 0.039007 -1.942169 -66.002434
v 0.969705 -2.033863 -67.241920
v 0.893870 -2.435970 -67.104530
v 0.642396 -2.765578 -66.965103
v 0.271450 -2.946658 -66.826355
v -0.132361 -2.941801 -66.690987
v -0.476288 -2.762221 -66.561630
v -0.687303 -2.463592 -66.440804
v -0.731855 -2.129046 -66.330872
v -0.623694 -1.844496 -66.233955
v -0.417582 -1.673749 -66.151955
v -0.190951 -1.640873 -66.086456
v -0.019227 -1.725034 -66.038742
v 0.047600 -1.869220 -66.009735
v 0.963287 -2.204753 -67.173645
v 0.808524 -2.587427 -67.034897
v 0.497261 -2.861281 -66.895470
v 0.101424 -2.964980 -66.758080
v -0.286516 -2.881804 -66.625397
v -0.579484 -2.643582 -66.500000
v -0.719884 -2.320513 -66.384338
v -0.694658 -2.000000 -66.280663
v -0.536969 -1.760926 -66.190987
v -0.314138 -1.651115 -66.117050
v -0.105690 -1.674720 -66.060310
v 0.021733 -1.793227 -66.021851
v 0.034878 -1.939589 -66.002434
v 0.922105 -2.372555 -67.104530
v 0.694235 -2.718902 -66.965103
v 0.336824 -2.925416 -66.826355
v -0.066342 -2.948740 -66.690987
v -0.421958 -2.793588 -66.561630
v -0.653291 -2.510406 -66.440804
v -0.721070 -2.179783 -66.330872
v -0.633022 -1.888381 -66.233955
v -0.439323 -1.703673 -66.151955
v -0.215538 -1.655068 -66.086456
v -0.038361 -1.727045 -66.038742
v 0.038361 -1.866218 -66.009735
v 0.975224 -2.137059 -67.173645
v 0.847531 -2.529597 -67.034897
v 0.556130 -2.824496 -66.895470
v 0.168490 -2.955555 -66.758080
v -0.224306 -2.899642 -66.625397
v -0.533178 -2.682437 -66.500000
v -0.695772 -2.369949 -66.384338
v -0.692966 -2.048457 -66.280663
v -0.552337 -1.798966 -66.190987
v -0.337710 -1.673878 -66.117050
v -0.128123 -1.682884 -66.060310
v 0.007256 -1.792215 -66.021851
v 0.030579 -1.937303 -66.002434
v 0.945847 -2.307324 -67.104530
v 0.742692 -2.668723 -66.965103
v 0.400557 -2.899667 -66.826355
v 0.000000 -2.951056 -66.690987
v -0.365572 -2.821089 -66.561630
v -0.616095 -2.554734 -66.440804
v -0.706773 -2.229644 -66.330872
v -0.639266 -1.932810 -66.233955
v -0.458924 -1.735040 -66.151955
v -0.239074 -1.670943 -66.086456
v -0.057308 -1.730386 -66.038742
v 0.028936 -1.863868 -66.009735
v 0.982409 -2.068697 -67.173645
v 0.882410 -2.469186 -67.034897
v 0.612289 -2.783694 -66.895470
v 0.234736 -2.941474 -66.758080
v -0.161004 -2.913098 -66.625397
v -0.484275 -2.717968 -66.500000
v -0.668271 -2.417582 -66.384338
v -0.687898 -2.096678 -66.280663
v -0.565015 -1.837984 -66.190987
v -0.359636 -1.698230 -66.117050
v -0.149932 -1.692594 -66.060310
v -0.007256 -1.792215 -66.021851
v 0.026131 -1.935323 -66.002434
v 0.964980 -2.240597 -67.104530
v 0.787531 -2.615286 -66.965103
v 0.462339 -2.869534 -66.826355
v 0.066342 -2.948740 -66.690987
v -0.307406 -2.844590 -66.561630
v -0.575898 -2.596360 -66.440804
v -0.689032 -2.278387 -66.330872
v -0.642396 -1.977567 -66.233955
v -0.476288 -1.767699 -66.151955
v -0.261445 -1.688422 -66.086456
v -0.075976 -1.735040 -66.038742
v 0.019369 -1.862181 -66.009735
v 0.912989 -2.406489 -67.034897
v 0.665465 -2.739074 -66.895470
v 0.299838 -2.922806 -66.758080
v -0.096917 -2.922105 -66.625397
v -0.433013 -2.750000 -66.500000
v -0.637514 -2.463181 -66.384338
v -0.679478 -2.144428 -66.280663
v -0.574941 -1.877793 -66.190987
v -0.379810 -1.724052 -66.117050
v -0.171010 -1.703802 -66.060310
v -0.021733 -1.793227 -66.021851
v 0.021556 -1.933658 -66.002434
v 0.979413 -2.172697 -67.104530
v 0.828533 -2.558852 -66.965103
v 0.521869 -2.835164 -66.826355
v 0.132361 -2.941801 -66.690987
v -0.247741 -2.863976 -66.561630
v -0.532895 -2.635080 -66.440804
v -0.667934 -2.325773 -66.330872
v -0.642396 -2.022433 -66.233955
v -0.491333 -1.801489 -66.151955
v -0.282543 -1.707418 -66.086456
v -0.094274 -1.740986 -66.038742
v 0.009708 -1.861166 -66.009735
v 0.939120 -2.341812 -67.034897
v 0.715399 -2.690853 -66.895470
v 0.363479 -2.899642 -66.758080
v -0.032358 -2.926619 -66.625397
v -0.379641 -2.778378 -66.500000
v -0.603651 -2.506524 -66.384338
v -0.667749 -2.191474 -66.280663
v -0.582065 -1.918196 -66.190987
v -0.398134 -1.751218 -66.117050
v -0.191255 -1.716452 -66.060310
v -0.036103 -1.795247 -66.021851
v 0.016876 -1.932316 -66.002434
v 0.989074 -2.103956 -67.104530
v 0.865498 -2.499695 -66.965103
v 0.578855 -2.796726 -66.826355
v 0.197736 -2.930274 -66.690987
v -0.186870 -2.879153 -66.561630
v -0.487296 -2.670706 -66.440804
v -0.643582 -2.371572 -66.330872
v -0.639266 -2.067190 -66.233955
v -0.503983 -1.836246 -66.151955
v -0.302264 -1.727840 -66.086456
v -0.112112 -1.748193 -66.038742
v -0.000000 -1.860827 -66.009735
v 0.960676 -2.275470 -67.034897
v 0.761848 -2.639266 -66.895470
v 0.425350 -2.872096 -66.758080
v 0.032358 -2.926619 -66.625397
v -0.324419 -2.802965 -66.500000
v -0.566848 -2.547398 -66.384338
v -0.652765 -2.237587 -66.280663
v -0.586353 -1.958998 -66.190987
v -0.414519 -1.779596 -66.117050
v -0.210569 -1.730484 -66.060310
v -0.050298 -1.798264 -66.021851
v 0.012113 -1.931303 -66.002434
v 0.993916 -2.034708 -67.104530
v 0.898247 -2.438104 -66.965103
v 0.633022 -2.754406 -66.826355
v 0.262147 -2.914214 -66.690987
v -0.125088 -2.890047 -66.561630
v -0.439323 -2.703064 -66.440804
v -0.616095 -2.415561 -66.330872
v -0.633022 -2.111619 -66.233955
v -0.514178 -1.871801 -66.151955
v -0.320513 -1.749588 -66.086456
v -0.129404 -1.756627 -66.038742
v -0.009708 -1.861166 -66.009735
v 0.977552 -2.207785 -67.034897
v 0.804585 -2.584565 -66.895470
v 0.485148 -2.840301 -66.758080
v 0.096917 -2.922105 -66.625397
v -0.267617 -2.823639 -66.500000
v -0.527282 -2.585606 -66.384338
v -0.634602 -2.282543 -66.280663
v -0.587785 -2.000000 -66.190987
v -0.428884 -1.809049 -66.117050
v -0.228856 -1.745829 -66.060310
v -0.064248 -1.802264 -66.021851
v 0.007292 -1.930626 -66.002434
v 0.926619 -2.374378 -66.965103
v 0.684105 -2.708411 -66.826355
v 0.325280 -2.893701 -66.690987
v -0.062697 -2.896605 -66.561630
v -0.389210 -2.731997 -66.440804
v -0.585606 -2.457526 -66.330872
v -0.623694 -2.155504 -66.233955
v -0.521869 -1.907980 -66.151955
v -0.337200 -1.772556 -66.086456
v -0.146066 -1.766246 -66.038742
v -0.019369 -1.862181 -66.009735
v 0.989665 -2.139088 -67.034897
v 0.843402 -2.527016 -66.895470
v 0.542583 -2.804412 -66.758080
v 0.161004 -2.913098 -66.625397
v -0.209511 -2.840301 -66.500000
v -0.485148 -2.620961 -66.384338
v -0.613347 -2.326122 -66.280663
v -0.586353 -2.041002 -66.190987
v -0.441159 -1.839431 -66.117050
v -0.246029 -1.762413 -66.060310
v -0.077885 -1.807228 -66.021851
v 0.002434 -1.930286 -66.002434
v 0.950477 -2.308829 -66.965103
v 0.731855 -2.658965 -66.826355
v 0.386830 -2.868833 -66.690987
v 0.000000 -2.898794 -66.561630
v -0.337200 -2.757364 -66.440804
v -0.552264 -2.497261 -66.330872
v -0.611327 -2.198632 -66.233955
v -0.527016 -1.944608 -66.151955
v -0.352244 -1.796632 -66.086456
v -0.162016 -1.777005 -66.038742
v -0.028936 -1.863868 -66.009735
v 0.996956 -2.069714 -67.034897
v 0.878111 -2.466900 -66.895470
v 0.597374 -2.764603 -66.758080
v 0.224306 -2.899642 -66.625397
v -0.150384 -2.852869 -66.500000
v -0.440650 -2.653291 -66.384338
v -0.589104 -2.368113 -66.280663
v -0.582065 -2.081804 -66.190987
v -0.451285 -1.870596 -66.117050
v -0.262003 -1.780154 -66.060310
v -0.091142 -1.813130 -66.021851
v -0.002434 -1.930286 -66.002434
v 0.969705 -2.241775 -66.965103
v 0.776039 -2.606308 -66.826355
v 0.446494 -2.839733 -66.690987
v 0.062697 -2.896605 -66.561630
v -0.283548 -2.779041 -66.440804
v -0.516232 -2.534574 -66.330872
v -0.595982 -2.240793 -66.233955
v -0.529596 -1.981506 -66.151955
v -0.365572 -1.821698 -66.086456
v -0.177176 -1.788850 -66.038742
v -0.038361 -1.866218 -66.009735
v 0.908541 -2.404509 -66.895470
v 0.649255 -2.721070 -66.758080
v 0.286516 -2.881804 -66.625397
v -0.090524 -2.861281 -66.500000
v -0.394005 -2.682437 -66.384338
v -0.561990 -2.408310 -66.280663
v -0.574941 -2.122207 -66.190987
v -0.459212 -1.902391 -66.117050
v -0.276700 -1.798966 -66.060310
v -0.103956 -1.819943 -66.021851
v -0.007292 -1.930626 -66.002434
v 0.984208 -2.173542 -66.965103
v 0.816443 -2.550698 -66.826355
v 0.503983 -2.806542 -66.690987
v 0.125088 -2.890047 -66.561630
v -0.228514 -2.796922 -66.440804
v -0.477684 -2.569282 -66.330872
v -0.577734 -2.281780 -66.233955
v -0.529596 -2.018494 -66.151955
v -0.377120 -1.847634 -66.086456
v -0.191474 -1.801723 -66.038742
v -0.047600 -1.869220 -66.009735
v 0.934545 -2.340147 -66.895470
v 0.697972 -2.674024 -66.758080
v 0.347329 -2.859670 -66.625397
v -0.030224 -2.865498 -66.500000
v -0.345441 -2.708259 -66.384338
v -0.532139 -2.446518 -66.280663
v -0.565015 -2.162016 -66.190987
v -0.464903 -1.934662 -66.117050
v -0.290050 -1.818757 -66.060310
v -0.116263 -1.827633 -66.021851
v -0.012113 -1.931303 -66.002434
v 0.993916 -2.104465 -66.965103
v 0.852869 -2.492404 -66.826355
v 0.559017 -2.769421 -66.690987
v 0.186870 -2.879153 -66.561630
v -0.172367 -2.810921 -66.440804
v -0.436810 -2.601217 -66.330872
v -0.556670 -2.321394 -66.233955
v -0.527016 -2.055392 -66.151955
v -0.386830 -1.874311 -66.086456
v -0.204838 -1.815563 -66.038742
v -0.056607 -1.872859 -66.009735
v 0.955996 -2.274127 -66.895470
v 0.743290 -2.623694 -66.758080
v 0.406451 -2.833347 -66.625397
v 0.030224 -2.865498 -66.500000
v -0.295194 -2.730631 -66.384338
v -0.499695 -2.482550 -66.280663
v -0.552337 -2.201034 -66.190987
v -0.468328 -1.967251 -66.117050
v -0.301986 -1.839431 -66.060310
v -0.128003 -1.836163 -66.021851
v -0.016876 -1.932316 -66.002434
v 0.998782 -2.034878 -66.965103
v 0.885139 -2.431711 -66.826355
v 0.611327 -2.728552 -66.690987
v 0.247741 -2.863976 -66.561630
v -0.115380 -2.820969 -66.440804
v -0.393807 -2.630223 -66.330872
v -0.532895 -2.359442 -66.233955
v -0.521869 -2.092020 -66.151955
v -0.394655 -1.901602 -66.086456
v -0.217205 -1.830301 -66.038742
v -0.065338 -1.877117 -66.009735
v 0.972789 -2.206773 -66.895470
v 0.784986 -2.570326 -66.758080
v 0.463592 -2.802965 -66.625397
v 0.090524 -2.861281 -66.500000
v -0.243509 -2.749443 -66.384338
v -0.464817 -2.516232 -66.280663
v -0.536969 -2.239074 -66.190987
v -0.469472 -2.000000 -66.117050
v -0.312451 -1.860888 -66.060310
v -0.139120 -1.845492 -66.021851
v -0.021556 -1.933658 -66.002434
v 0.913098 -2.368916 -66.826355
v 0.660659 -2.684133 -66.690987
v 0.307406 -2.844590 -66.561630
v -0.057831 -2.827018 -66.440804
v -0.348885 -2.656158 -66.330872
v -0.506524 -2.395740 -66.233955
v -0.514178 -2.128199 -66.151955
v -0.400557 -1.929371 -66.086456
v -0.228514 -1.845865 -66.038742
v -0.073751 -1.881974 -66.009735
v 0.984843 -2.138411 -66.895470
v 0.822857 -2.514179 -66.758080
v 0.518475 -2.768670 -66.625397
v 0.150384 -2.852869 -66.500000
v -0.190637 -2.764603 -66.384338
v -0.427674 -2.547398 -66.280663
v -0.518984 -2.275949 -66.190987
v -0.468328 -2.032749 -66.117050
v -0.321394 -1.883022 -66.060310
v -0.149559 -1.855572 -66.021851
v -0.026131 -1.935323 -66.002434
v 0.936608 -2.304322 -66.826355
v 0.706773 -2.636381 -66.690987
v 0.365572 -2.821089 -66.561630
v 0.000000 -2.829038 -66.440804
v -0.302264 -2.678897 -66.330872
v -0.477684 -2.430109 -66.233955
v -0.503983 -2.163754 -66.151955
v -0.404509 -1.957484 -66.086456
v -0.238709 -1.862181 -66.038742
v -0.081804 -1.887407 -66.009735
v 0.992099 -2.069374 -66.895470
v 0.856720 -2.455526 -66.758080
v 0.570831 -2.730631 -66.625397
v 0.209511 -2.840301 -66.500000
v -0.136837 -2.776039 -66.384338
v -0.388448 -2.575898 -66.280663
v -0.498470 -2.311479 -66.190987
v -0.464903 -2.065338 -66.117050
v -0.328771 -1.905726 -66.060310
v -0.159270 -1.866357 -66.021851
v -0.030579 -1.937303 -66.002434
v 0.955555 -2.238246 -66.826355
v 0.749443 -2.585529 -66.690987
v 0.421958 -2.793588 -66.561630
v 0.057831 -2.827018 -66.440804
v -0.254171 -2.698328 -66.330872
v -0.446518 -2.462383 -66.233955
v -0.491333 -2.198511 -66.151955
v -0.406489 -1.985805 -66.086456
v -0.247741 -1.879169 -66.038742
v -0.089459 -1.893387 -66.009735
v 0.886409 -2.394655 -66.758080
v 0.620407 -2.689032 -66.625397
v 0.267617 -2.823639 -66.500000
v -0.082370 -2.783694 -66.384338
v -0.347329 -2.601592 -66.280663
v -0.475528 -2.345491 -66.190987
v -0.459212 -2.097609 -66.117050
v -0.334546 -1.928890 -66.060310
v -0.168204 -1.877793 -66.021851
v -0.034878 -1.939589 -66.002434
v 0.969846 -2.171010 -66.826355
v 0.788462 -2.531824 -66.690987
v 0.476288 -2.762221 -66.561630
v 0.115380 -2.820969 -66.440804
v -0.204838 -2.714357 -66.330872
v -0.413176 -2.492404 -66.233955
v -0.476288 -2.232301 -66.151955
v -0.406489 -2.014195 -66.086456
v -0.255567 -1.896744 -66.038742
v -0.096678 -1.899887 -66.009735
v 0.911780 -2.331861 -66.758080
v 0.666960 -2.644076 -66.625397
v 0.324419 -2.802965 -66.500000
v -0.027501 -2.787531 -66.384338
v -0.304518 -2.624355 -66.280663
v -0.450270 -2.377821 -66.190987
v -0.451285 -2.129404 -66.117050
v -0.338692 -1.952400 -66.060310
v -0.176319 -1.889824 -66.021851
v -0.039007 -1.942169 -66.002434
v 0.979413 -2.102941 -66.826355
v 0.823639 -2.475528 -66.690987
v 0.528298 -2.727140 -66.561630
v 0.172367 -2.810921 -66.440804
v -0.154509 -2.726905 -66.330872
v -0.377821 -2.520026 -66.233955
v -0.458924 -2.264960 -66.151955
v -0.404509 -2.042516 -66.086456
v -0.262147 -1.914823 -66.038742
v -0.103426 -1.906875 -66.009735
v 0.932708 -2.267450 -66.758080
v 0.710264 -2.595982 -66.625397
v 0.379641 -2.778378 -66.500000
v 0.027501 -2.787531 -66.384338
v -0.260224 -2.644076 -66.280663
v -0.422817 -2.408310 -66.190987
v -0.441159 -2.160569 -66.117050
v -0.341187 -1.976142 -66.060310
v -0.183575 -1.902391 -66.021851
v -0.042946 -1.945031 -66.002434
v 0.984208 -2.034369 -66.826355
v 0.854804 -2.416916 -66.690987
v 0.577734 -2.688516 -66.561630
v 0.228514 -2.796922 -66.440804
v -0.103426 -2.735913 -66.330872
v -0.340626 -2.545115 -66.233955
v -0.439323 -2.296327 -66.151955
v -0.400557 -2.070629 -66.086456
v -0.267450 -1.933317 -66.038742
v -0.109670 -1.914317 -66.009735
v 0.949092 -2.201736 -66.758080
v 0.750107 -2.544985 -66.625397
v 0.433013 -2.750000 -66.500000
v 0.082370 -2.783694 -66.384338
v -0.214661 -2.660659 -66.280663
v -0.393305 -2.436810 -66.190987
v -0.428884 -2.190951 -66.117050
v -0.342020 -2.000000 -66.060310
v -0.189937 -1.915435 -66.021851
v -0.046676 -1.948161 -66.002434
v 0.881804 -2.356272 -66.690987
v 0.624355 -2.646538 -66.561630
v 0.283548 -2.779041 -66.440804
v -0.051839 -2.741335 -66.330872
v -0.301771 -2.567548 -66.233955
v -0.417582 -2.326251 -66.151955
v -0.394655 -2.098398 -66.086456
v -0.271450 -1.952136 -66.038742
v -0.115380 -1.922175 -66.009735
v 0.960853 -2.135039 -66.758080
v 0.786296 -2.491333 -66.625397
v 0.484275 -2.717968 -66.500000
v 0.136837 -2.776039 -66.384338
v -0.168053 -2.674024 -66.280663
v -0.361877 -2.463181 -66.190987
v -0.414519 -2.220403 -66.117050
v -0.341187 -2.023858 -66.060310
v -0.195373 -1.928890 -66.021851
v -0.050179 -1.951543 -66.002434
v 0.904508 -2.293893 -66.690987
v 0.667934 -2.601411 -66.561630
v 0.337200 -2.757364 -66.440804
v 0.000000 -2.743145 -66.330872
v -0.261445 -2.587216 -66.233955
v -0.393807 -2.354585 -66.151955
v -0.386830 -2.125689 -66.086456
v -0.274127 -1.971188 -66.038742
v -0.120527 -1.930413 -66.009735
v 0.967932 -2.067684 -66.758080
v 0.818655 -2.435287 -66.625397
v 0.533178 -2.682437 -66.500000
v 0.190637 -2.764603 -66.384338
v -0.120626 -2.684105 -66.280663
v -0.328685 -2.487296 -66.190987
v -0.398134 -2.248782 -66.117050
v -0.338692 -2.047600 -66.060310
v -0.199858 -1.942692 -66.021851
v -0.053437 -1.955161 -66.002434
v 0.922806 -2.230081 -66.690987
v 0.708259 -2.553353 -66.561630
v 0.389210 -2.731997 -66.440804
v 0.051839 -2.741335 -66.330872
v -0.219846 -2.604023 -66.233955
v -0.368113 -2.381192 -66.151955
v -0.377120 -2.152366 -66.086456
v -0.275469 -1.990380 -66.038742
v -0.125088 -1.938990 -66.009735
v 0.847025 -2.377120 -66.625397
v 0.579484 -2.643582 -66.500000
v 0.243509 -2.749443 -66.384338
v -0.072612 -2.690853 -66.280663
v -0.293893 -2.509037 -66.190987
v -0.379810 -2.275949 -66.117050
v -0.334546 -2.071110 -66.060310
v -0.203368 -1.956773 -66.021851
v -0.056434 -1.958998 -66.002434
v 0.936608 -2.165149 -66.690987
v 0.745134 -2.502599 -66.561630
v 0.439323 -2.703064 -66.440804
v 0.103426 -2.735913 -66.330872
v -0.177176 -2.617887 -66.233955
v -0.340626 -2.405942 -66.151955
v -0.365572 -2.178302 -66.086456
v -0.275469 -2.009620 -66.038742
v -0.129039 -1.947865 -66.009735
v 0.871268 -2.317116 -66.625397
v 0.622967 -2.601592 -66.500000
v 0.295194 -2.730631 -66.384338
v -0.024243 -2.694235 -66.280663
v -0.257668 -2.528298 -66.190987
v -0.359636 -2.301770 -66.117050
v -0.328771 -2.094274 -66.060310
v -0.205888 -1.971064 -66.021851
v -0.059157 -1.963035 -66.002434
v 0.945847 -2.099412 -66.690987
v 0.778378 -2.449397 -66.561630
v 0.487296 -2.670706 -66.440804
v 0.154509 -2.726905 -66.330872
v -0.133643 -2.628741 -66.233955
v -0.311479 -2.428714 -66.151955
v -0.352244 -2.203368 -66.086456
v -0.274127 -2.028812 -66.038742
v -0.132361 -1.956993 -66.009735
v 0.891266 -2.255567 -66.625397
v 0.663414 -2.556670 -66.500000
v 0.345441 -2.708259 -66.384338
v 0.024243 -2.694235 -66.280663
v -0.220188 -2.544985 -66.190987
v -0.337710 -2.326122 -66.117050
v -0.321394 -2.116978 -66.060310
v -0.207405 -1.985497 -66.021851
v -0.061591 -1.967251 -66.002434
v 0.950477 -2.033191 -66.690987
v 0.807831 -2.394005 -66.561630
v 0.532895 -2.635080 -66.440804
v 0.204838 -2.714357 -66.330872
v -0.089459 -2.636532 -66.233955
v -0.280814 -2.449397 -66.151955
v -0.337200 -2.227444 -66.086456
v -0.271450 -2.047864 -66.038742
v -0.135039 -1.966331 -66.009735
v 0.906923 -2.192772 -66.625397
v 0.700629 -2.509037 -66.500000
v 0.394005 -2.682437 -66.384338
v 0.072612 -2.690853 -66.280663
v -0.181636 -2.559017 -66.190987
v -0.314138 -2.348885 -66.117050
v -0.312451 -2.139112 -66.060310
v -0.207912 -2.000000 -66.021851
v -0.063726 -1.971627 -66.002434
v 0.833347 -2.336694 -66.561630
v 0.575898 -2.596360 -66.440804
v 0.254171 -2.698328 -66.330872
v -0.044839 -2.641222 -66.233955
v -0.248782 -2.467891 -66.151955
v -0.320513 -2.250412 -66.086456
v -0.267450 -2.066683 -66.038742
v -0.137059 -1.975833 -66.009735
v 0.918161 -2.129039 -66.625397
v 0.734431 -2.458924 -66.500000
v 0.440650 -2.653291 -66.384338
v 0.120626 -2.684105 -66.280663
v -0.142198 -2.570326 -66.190987
v -0.289036 -2.369949 -66.117050
v -0.301986 -2.160569 -66.060310
v -0.207405 -2.014503 -66.021851
v -0.065550 -1.976142 -66.002434
v 0.854804 -2.277743 -66.561630
v 0.616095 -2.554734 -66.440804
v 0.302264 -2.678897 -66.330872
v 0.000000 -2.642788 -66.233955
v -0.215538 -2.484105 -66.151955
v -0.302264 -2.272160 -66.086456
v -0.262147 -2.085177 -66.038742
v -0.138411 -1.985452 -66.009735
v 0.924925 -2.064677 -66.625397
v 0.764655 -2.406574 -66.500000
v 0.485148 -2.620961 -66.384338
v 0.168053 -2.674024 -66.280663
v -0.102068 -2.578856 -66.190987
v -0.262525 -2.389210 -66.117050
v -0.290050 -2.181243 -66.060310
v -0.205888 -2.028936 -66.021851
v -0.067054 -1.980772 -66.002434
v 0.872096 -2.217438 -66.561630
v 0.653291 -2.510406 -66.440804
v 0.348885 -2.656158 -66.330872
v 0.044839 -2.641222 -66.233955
v -0.181243 -2.497961 -66.151955
v -0.282543 -2.292582 -66.086456
v -0.255567 -2.103256 -66.038742
v -0.139088 -1.995143 -66.009735
v 0.791154 -2.352244 -66.500000
v 0.527282 -2.585606 -66.384338
v 0.214661 -2.660659 -66.280663
v -0.061440 -2.584565 -66.190987
v -0.234736 -2.406574 -66.117050
v -0.276700 -2.201034 -66.060310
v -0.203368 -2.043227 -66.021851
v -0.068232 -1.985497 -66.002434
v 0.885139 -2.156074 -66.561630
v 0.687303 -2.463592 -66.440804
v 0.393807 -2.630223 -66.330872
v 0.089459 -2.636532 -66.233955
v -0.146066 -2.509391 -66.151955
v -0.261445 -2.311578 -66.086456
v -0.247741 -2.120831 -66.038742
v -0.139088 -2.004857 -66.009735
v 0.813798 -2.296198 -66.500000
v 0.566848 -2.547398 -66.384338
v 0.260224 -2.644076 -66.280663
v -0.020513 -2.587427 -66.190987
v -0.205803 -2.421958 -66.117050
v -0.262003 -2.219846 -66.060310
v -0.199858 -2.057308 -66.021851
v -0.069078 -1.990292 -66.002434
v 0.893870 -2.093950 -66.561630
v 0.717968 -2.414519 -66.440804
v 0.436810 -2.601217 -66.330872
v 0.133643 -2.628741 -66.233955
v -0.110176 -2.518339 -66.151955
v -0.239074 -2.329057 -66.086456
v -0.238709 -2.137819 -66.038742
v -0.138411 -2.014548 -66.009735
v 0.832477 -2.238709 -66.500000
v 0.603651 -2.506524 -66.384338
v 0.304518 -2.624355 -66.280663
v 0.020513 -2.587427 -66.190987
v -0.175867 -2.435287 -66.117050
v -0.246029 -2.237587 -66.060310
v -0.195373 -2.071110 -66.021851
v -0.069587 -1.995134 -66.002434
v 0.898247 -2.031368 -66.561630
v 0.745134 -2.363426 -66.440804
v 0.477684 -2.569282 -66.330872
v 0.177176 -2.617887 -66.233955
v -0.073751 -2.524762 -66.151955
v -0.215538 -2.344932 -66.086456
v -0.228514 -2.154135 -66.038742
v -0.137059 -2.024167 -66.009735
v 0.847101 -2.180057 -66.500000
v 0.637514 -2.463181 -66.384338
v 0.347329 -2.601592 -66.280663
v 0.061440 -2.584565 -66.190987
v -0.145075 -2.446494 -66.117050
v -0.228856 -2.254170 -66.060310
v -0.189937 -2.084565 -66.021851
v -0.069756 -2.000000 -66.002434
v 0.768670 -2.310563 -66.440804
v 0.516232 -2.534574 -66.330872
v 0.219846 -2.604023 -66.233955
v -0.036965 -2.528628 -66.151955
v -0.190951 -2.359127 -66.086456
v -0.217205 -2.169699 -66.038742
v -0.135039 -2.033669 -66.009735
v 0.857597 -2.120528 -66.500000
v 0.668271 -2.417582 -66.384338
v 0.388448 -2.575898 -66.280663
v 0.102068 -2.578856 -66.190987
v -0.113575 -2.455526 -66.117050
v -0.210569 -2.269516 -66.060310
v -0.183575 -2.097609 -66.021851
v -0.069587 -2.004866 -66.002434
v 0.788462 -2.256187 -66.440804
v 0.552264 -2.497261 -66.330872
v 0.261445 -2.587216 -66.233955
v 0.000000 -2.529919 -66.151955
v -0.165435 -2.371572 -66.086456
v -0.204838 -2.184437 -66.038742
v -0.132361 -2.043007 -66.009735
v 0.863916 -2.060411 -66.500000
v 0.695772 -2.369949 -66.384338
v 0.427674 -2.547398 -66.280663
v 0.142198 -2.570326 -66.190987
v -0.081523 -2.462339 -66.117050
v -0.191255 -2.283548 -66.060310
v -0.176319 -2.110176 -66.021851
v -0.069078 -2.009708 -66.002434
v 0.804412 -2.200562 -66.440804
v 0.585606 -2.457526 -66.330872
v 0.301771 -2.567548 -66.233955
v 0.036965 -2.528628 -66.151955
v -0.139112 -2.382207 -66.086456
v -0.191474 -2.198277 -66.038742
v -0.129039 -2.052135 -66.009735
v 0.719884 -2.320513 -66.384338
v 0.464817 -2.516232 -66.280663
v 0.181636 -2.559017 -66.190987
v -0.049073 -2.466900 -66.117050
v -0.171010 -2.296198 -66.060310
v -0.168204 -2.122207 -66.021851
v -0.068232 -2.014503 -66.002434
v 0.816443 -2.143961 -66.440804
v 0.616095 -2.415561 -66.330872
v 0.340626 -2.545115 -66.233955
v 0.073751 -2.524762 -66.151955
v -0.112112 -2.390980 -66.086456
v -0.177176 -2.211150 -66.038742
v -0.125088 -2.061009 -66.009735
v 0.740488 -2.269516 -66.384338
v 0.499695 -2.482550 -66.280663
v 0.220188 -2.544985 -66.190987
v -0.016384 -2.469186 -66.117050
v -0.149932 -2.307406 -66.060310
v -0.159270 -2.133643 -66.021851
v -0.067054 -2.019228 -66.002434
v 0.824496 -2.086658 -66.440804
v 0.643582 -2.371572 -66.330872
v 0.377821 -2.520026 -66.233955
v 0.110176 -2.518339 -66.151955
v -0.084565 -2.397848 -66.086456
v -0.162016 -2.222995 -66.038742
v -0.120527 -2.069587 -66.009735
v 0.757485 -2.217205 -66.384338
v 0.532139 -2.446518 -66.280663
v 0.257668 -2.528298 -66.190987
v 0.016384 -2.469186 -66.117050
v -0.128123 -2.317116 -66.060310
v -0.149559 -2.144428 -66.021851
v -0.065550 -2.023858 -66.002434
v 0.828533 -2.028933 -66.440804
v 0.667934 -2.325773 -66.330872
v 0.413176 -2.492404 -66.233955
v 0.146066 -2.509391 -66.151955
v -0.056607 -2.402778 -66.086456
v -0.146066 -2.233754 -66.038742
v -0.115380 -2.077825 -66.009735
v 0.770791 -2.163837 -66.384338
v 0.561990 -2.408310 -66.280663
v 0.293893 -2.509037 -66.190987
v 0.049073 -2.466900 -66.117050
v -0.105690 -2.325280 -66.060310
v -0.139120 -2.154509 -66.021851
v -0.063726 -2.028373 -66.002434
v 0.689032 -2.278387 -66.330872
v 0.446518 -2.462383 -66.233955
v 0.181243 -2.497961 -66.151955
v -0.028373 -2.405746 -66.086456
v -0.129404 -2.243373 -66.038742
v -0.109670 -2.085684 -66.009735
v 0.780342 -2.109670 -66.384338
v 0.589104 -2.368113 -66.280663
v 0.328685 -2.487296 -66.190987
v 0.081523 -2.462339 -66.117050
v -0.082742 -2.331861 -66.060310
v -0.128003 -2.163837 -66.021851
v -0.061591 -2.032749 -66.002434
v 0.706773 -2.229644 -66.330872
v 0.477684 -2.430109 -66.233955
v 0.215538 -2.484105 -66.151955
v 0.000000 -2.406737 -66.086456
v -0.112112 -2.251807 -66.038742
v -0.103426 -2.093125 -66.009735
v 0.786091 -2.054969 -66.384338
v 0.613347 -2.326122 -66.280663
v 0.361877 -2.463181 -66.190987
v 0.113575 -2.455526 -66.117050
v -0.059391 -2.336824 -66.060310
v -0.116263 -2.172367 -66.021851
v -0.059157 -2.036965 -66.002434
v 0.721070 -2.179783 -66.330872
v 0.506524 -2.395740 -66.233955
v 0.248782 -2.467891 -66.151955
v 0.028373 -2.405746 -66.086456
v -0.094274 -2.259014 -66.038742
v -0.096678 -2.100113 -66.009735
v 0.634602 -2.282543 -66.280663
v 0.393305 -2.436810 -66.190987
v 0.145075 -2.446494 -66.117050
v -0.035751 -2.340147 -66.060310
v -0.103956 -2.180057 -66.021851
v -0.056434 -2.041002 -66.002434
v 0.731855 -2.129046 -66.330872
v 0.532895 -2.359442 -66.233955
v 0.280814 -2.449397 -66.151955
v 0.056607 -2.402778 -66.086456
v -0.075976 -2.264960 -66.038742
v -0.089459 -2.106613 -66.009735
v 0.652765 -2.237587 -66.280663
v 0.422817 -2.408310 -66.190987
v 0.175867 -2.435287 -66.117050
v -0.011936 -2.341812 -66.060310
v -0.091142 -2.186870 -66.021851
v -0.053437 -2.044839 -66.002434
v 0.739074 -2.077680 -66.330872
v 0.556670 -2.321394 -66.233955
v 0.311479 -2.428714 -66.151955
v 0.084565 -2.397848 -66.086456
v -0.057308 -2.269614 -66.038742
v -0.081804 -2.112593 -66.009735
v 0.667749 -2.191474 -66.280663
v 0.450270 -2.377821 -66.190987
v 0.205803 -2.421958 -66.117050
v 0.011936 -2.341812 -66.060310
v -0.077885 -2.192772 -66.021851
v -0.050179 -2.048457 -66.002434
v 0.742692 -2.025935 -66.330872
v 0.577734 -2.281780 -66.233955
v 0.340626 -2.405942 -66.151955
v 0.112112 -2.390980 -66.086456
v -0.038361 -2.272955 -66.038742
v -0.073751 -2.118026 -66.009735
v 0.679478 -2.144428 -66.280663
v 0.475528 -2.345491 -66.190987
v 0.234736 -2.406574 -66.117050
v 0.035751 -2.340147 -66.060310
v -0.064248 -2.197736 -66.021851
v -0.046676 -2.051839 -66.002434
v 0.595982 -2.240793 -66.233955
v 0.368113 -2.381192 -66.151955
v 0.139112 -2.382207 -66.086456
v -0.019227 -2.274966 -66.038742
v -0.065338 -2.122883 -66.009735
v 0.687898 -2.096678 -66.280663
v 0.498470 -2.311479 -66.190987
v 0.262525 -2.389210 -66.117050
v 0.059391 -2.336824 -66.060310
v -0.050298 -2.201736 -66.021851
v -0.042946 -2.054969 -66.002434
v 0.611327 -2.198632 -66.233955
v 0.393807 -2.354585 -66.151955
v 0.165435 -2.371572 -66.086456
v 0.000000 -2.275637 -66.038742
v -0.056607 -2.127141 -66.009735
v 0.692966 -2.048457 -66.280663
v 0.518984 -2.275949 -66.190987
v 0.289036 -2.369949 -66.117050
v 0.082742 -2.331861 -66.060310
v -0.036103 -2.204753 -66.021851
v -0.039007 -2.057831 -66.002434
v 0.623694 -2.155504 -66.233955
v 0.417582 -2.326251 -66.151955
v 0.190951 -2.359127 -66.086456
v 0.019227 -2.274966 -66.038742
v -0.047600 -2.130780 -66.009735
v 0.536969 -2.239074 -66.190987
v 0.314138 -2.348885 -66.117050
v 0.105690 -2.325280 -66.060310
v -0.021733 -2.206773 -66.021851
v -0.034878 -2.060411 -66.002434
v 0.633022 -2.111619 -66.233955
v 0.439323 -2.296327 -66.151955
v 0.215538 -2.344932 -66.086456
v 0.038361 -2.272955 -66.038742
v -0.038361 -2.133782 -66.009735
v 0.552337 -2.201034 -66.190987
v 0.337710 -2.326122 -66.117050
v 0.128123 -2.317116 -66.060310
v -0.007256 -2.207785 -66.021851
v -0.030579 -2.062697 -66.002434
v 0.639266 -2.067190 -66.233955
v 0.458924 -2.264960 -66.151955
v 0.239074 -2.329057 -66.086456
v 0.057308 -2.269614 -66.038742
v -0.028936 -2.136132 -66.009735
v 0.565015 -2.162016 -66.190987
v 0.359636 -2.301770 -66.117050
v 0.149932 -2.307406 -66.060310
v 0.007256 -2.207785 -66.021851
v -0.026131 -2.064677 -66.002434
v 0.642396 -2.022433 -66.233955
v 0.476288 -2.232301 -66.151955
v 0.261445 -2.311578 -66.086456
v 0.075976 -2.264960 -66.038742
v -0.019369 -2.137819 -66.009735
v 0.574941 -2.122207 -66.190987
v 0.379810 -2.275949 -66.117050
v 0.171010 -2.296198 -66.060310
v 0.021733 -2.206773 -66.021851
v -0.021556 -2.066342 -66.002434
v 0.491333 -2.198511 -66.151955
v 0.282543 -2.292582 -66.086456
v 0.094274 -2.259014 -66.038742
v -0.009708 -2.138834 -66.009735
v 0.582065 -2.081804 -66.190987
v 0.398134 -2.248782 -66.117050
v 0.191255 -2.283548 -66.060310
v 0.036103 -2.204753 -66.021851
v -0.016876 -2.067684 -66.002434
v 0.503983 -2.163754 -66.151955
v 0.302264 -2.272160 -66.086456
v 0.112112 -2.251807 -66.038742
v 0.000000 -2.139173 -66.009735
v 0.586353 -2.041002 -66.190987
v 0.414519 -2.220403 -66.117050
v 0.210569 -2.269516 -66.060310
v 0.050298 -2.201736 -66.021851
v -0.012113 -2.068697 -66.002434
v 0.514178 -2.128199 -66.151955
v 0.320513 -2.250412 -66.086456
v 0.129404 -2.243373 -66.038742
v 0.009708 -2.138834 -66.009735
v 0.428884 -2.190951 -66.117050
v 0.228856 -2.254170 -66.060310
v 0.064248 -2.197736 -66.021851
v -0.007292 -2.069374 -66.002434
v 0.521869 -2.092020 -66.151955
v 0.337200 -2.227444 -66.086456
v 0.146066 -2.233754 -66.038742
v 0.019369 -2.137819 -66.009735
v 0.441159 -2.160569 -66.117050
v 0.246029 -2.237587 -66.060310
v 0.077885 -2.192772 -66.021851
v -0.002434 -2.069714 -66.002434
v 0.527016 -2.055392 -66.151955
v 0.352244 -2.203368 -66.086456
v 0.162016 -2.222995 -66.038742
v 0.028936 -2.136132 -66.009735
v 0.451285 -2.129404 -66.117050
v 0.262003 -2.219846 -66.060310
v 0.091142 -2.186870 -66.021851
v 0.002434 -2.069714 -66.002434
v 0.529596 -2.018494 -66.151955
v 0.365572 -2.178302 -66.086456
v 0.177176 -2.211150 -66.038742
v 0.038361 -2.133782 -66.009735
v 0.459212 -2.097609 -66.117050
v 0.276700 -2.201034 -66.060310
v 0.103956 -2.180057 -66.021851
v 0.007292 -2.069374 -66.002434
v 0.377120 -2.152366 -66.086456
v 0.191474 -2.198277 -66.038742
v 0.047600 -2.130780 -66.009735
v 0.464903 -2.065338 -66.117050
v 0.290050 -2.181243 -66.060310
v 0.116263 -2.172367 -66.021851
v 0.012113 -2.068697 -66.002434
v 0.386830 -2.125689 -66.086456
v 0.204838 -2.184437 -66.038742
v 0.056607 -2.127141 -66.009735
v 0.468328 -2.032749 -66.117050
v 0.301986 -2.160569 -66.060310
v 0.128003 -2.163837 -66.021851
v 0.016876 -2.067684 -66.002434
v 0.394655 -2.098398 -66.086456
v 0.217205 -2.169699 -66.038742
v 0.065338 -2.122883 -66.009735
v 0.312451 -2.139112 -66.060310
v 0.139120 -2.154509 -66.021851
v 0.021556 -2.066342 -66.002434
v 0.400557 -2.070629 -66.086456
v 0.228514 -2.154135 -66.038742
v 0.073751 -2.118026 -66.009735
v 0.321394 -2.116978 -66.060310
v 0.149559 -2.144428 -66.021851
v 0.026131 -2.064677 -66.002434
v 0.404509 -2.042516 -66.086456
v 0.238709 -2.137819 -66.038742
v 0.081804 -2.112593 -66.009735
v 0.328771 -2.094274 -66.060310
v 0.159270 -2.133643 -66.021851
v 0.030579 -2.062697 -66.002434
v 0.406489 -2.014195 -66.086456
v 0.247741 -2.120831 -66.038742
v 0.089459 -2.106613 -66.009735
v 0.334546 -2.071110 -66.060310
v 0.168204 -2.122207 -66.021851
v 0.034878 -2.060411 -66.002434
v 0.255567 -2.103256 -66.038742
v 0.096678 -2.100113 -66.009735
v 0.338692 -2.047600 -66.060310
v 0.176319 -2.110176 -66.021851
v 0.039007 -2.057831 -66.002434
v 0.262147 -2.085177 -66.038742
v 0.103426 -2.093125 -66.009735
v 0.341187 -2.023858 -66.060310
v 0.183575 -2.097609 -66.021851
v 0.042946 -2.054969 -66.002434
v 0.267450 -2.066683 -66.038742
v 0.109670 -2.085684 -66.009735
v 0.189937 -2.084565 -66.021851
v 0.046676 -2.051839 -66.002434
v 0.271450 -2.047864 -66.038742
v 0.115380 -2.077825 -66.009735
v 0.195373 -2.071110 -66.021851
v 0.050179 -2.048457 -66.002434
v 0.274127 -2.028812 -66.038742
v 0.120527 -2.069587 -66.009735
v 0.199858 -2.057308 -66.021851
v 0.053437 -2.044839 -66.002434
v 0.275469 -2.009620 -66.038742
v 0.125088 -2.061009 -66.009735
v 0.203368 -2.043227 -66.021851
v 0.056434 -2.041002 -66.002434
v 0.129039 -2.052135 -66.009735
v 0.205888 -2.028936 -66.021851
v 0.059157 -2.036965 -66.002434
v 0.132361 -2.043007 -66.009735
v 0.207405 -2.014503 -66.021851
v 0.061591 -2.032749 -66.002434
v 0.135039 -2.033669 -66.009735
v 0.063726 -2.028373 -66.002434
v 0.137059 -2.024167 -66.009735
v 0.065550 -2.023858 -66.002434
v 0.138411 -2.014548 -66.009735
v 0.067054 -2.019228 -66.002434
v 0.139088 -2.004857 -66.009735
v 0.068232 -2.014503 -66.002434
v 0.069078 -2.009708 -66.002434
v 0.069587 -2.004866 -66.002434
v 3.995028 0.199384 -64.000000
v 4.000000 -0.000000 -64.000000
v 4.000000 -0.000000 -65.000000
v 3.995028 0.199384 -65.000000
v 3.980123 0.398271 -64.000000
v 3.980123 0.398271 -65.000000
v 3.955323 0.596169 -64.000000
v 3.955323 0.596169 -65.000000
v 3.920690 0.792585 -64.000000
v 3.920690 0.792585 -65.000000
v 3.876309 0.987030 -64.000000
v 3.876309 0.987030 -65.000000
v 3.822291 1.179021 -64.000000
v 3.822291 1.179021 -65.000000
v 3.758770 1.368081 -65.000000
v 3.758770 1.368081 -64.000000
v 3.685905 1.553739 -64.000000
v 3.685905 1.553739 -65.000000
v 3.603875 1.735535 -64.000000
v 3.603875 1.735535 -65.000000
v 3.512886 1.913016 -64.000000
v 3.512886 1.913016 -65.000000
v 3.413163 2.085741 -64.000000
v 3.413163 2.085741 -65.000000
v 3.304955 2.253280 -64.000000
v 3.304955 2.253280 -65.000000
v 3.188530 2.415218 -64.000000
v 3.188530 2.415218 -65.000000
v 3.064178 2.571151 -64.000000
v 3.064178 2.571151 -65.000000
v 2.932208 2.720691 -64.000000
v 2.932208 2.720691 -65.000000
v 2.792947 2.863467 -64.000000
v 2.792947 2.863467 -65.000000
v 2.646743 2.999125 -64.000000
v 2.646743 2.999125 -65.000000
v 2.493959 3.127326 -64.000000
v 2.493959 3.127326 -65.000000
v 2.334975 3.247752 -64.000000
v 2.334975 3.247752 -65.000000
v 2.170185 3.360104 -65.000000
v 2.170185 3.360104 -64.000000
v 2.000000 3.464102 -65.000000
v 2.000000 3.464102 -64.000000
v 1.824843 3.559487 -64.000000
v 1.824843 3.559487 -65.000000
v 1.645148 3.646024 -64.000000
v 1.645148 3.646024 -65.000000
v 1.461364 3.723495 -64.000000
v 1.461364 3.723495 -65.000000
v 1.273947 3.791709 -64.000000
v 1.273947 3.791709 -65.000000
v 1.083362 3.850497 -64.000000
v 1.083362 3.850497 -65.000000
v 0.890084 3.899712 -64.000000
v 0.890084 3.899712 -65.000000
v 0.694593 3.939231 -64.000000
v 0.694593 3.939231 -65.000000
v 0.497375 3.968957 -64.000000
v 0.497375 3.968957 -65.000000
v 0.298920 3.988815 -64.000000
v 0.298920 3.988815 -65.000000
v 0.099723 3.998757 -64.000000
v 0.099723 3.998757 -65.000000
v -0.099723 3.998757 -64.000000
v -0.099723 3.998757 -65.000000
v -0.298920 3.988815 -65.000000
v -0.298920 3.988815 -64.000000
v -0.497375 3.968957 -64.000000
v -0.497375 3.968957 -65.000000
v -0.694593 3.939231 -64.000000
v -0.694593 3.939231 -65.000000
v -0.890084 3.899712 -64.000000
v -0.890084 3.899712 -65.000000
v -1.083362 3.850497 -64.000000
v -1.083362 3.850497 -65.000000
v -1.273947 3.791709 -64.000000
v -1.273947 3.791709 -65.000000
v -1.461364 3.723495 -64.000000
v -1.461364 3.723495 -65.000000
v -1.645148 3.646024 -64.000000
v -1.645148 3.646024 -65.000000
v -1.824843 3.559487 -64.000000
v -1.824843 3.559487 -65.000000
v -2.000000 3.464102 -65.000000
v -2.000000 3.464102 -64.000000
v -2.170185 3.360104 -64.000000
v -2.170185 3.360104 -65.000000
v -2.334975 3.247752 -64.000000
v -2.334975 3.247752 -65.000000
v -2.493959 3.127326 -64.000000
v -2.493959 3.127326 -65.000000
v -2.646743 2.999125 -64.000000
v -2.646743 2.999125 -65.000000
v -2.792947 2.863467 -64.000000
v -2.792947 2.863467 -65.000000
v -2.932208 2.720691 -64.000000
v -2.932208 2.720691 -65.000000
v -3.064178 2.571151 -64.000000
v -3.064178 2.571151 -65.000000
v -3.188530 2.415218 -64.000000
v -3.188530 2.415218 -65.000000
v -3.304955 2.253280 -64.000000
v -3.304955 2.253280 -65.000000
v -3.413163 2.085741 -64.000000
v -3.413163 2.085741 -65.000000
v -3.512886 1.913016 -64.000000
v -3.512886 1.913016 -65.000000
v -3.603875 1.735535 -64.000000
v -3.603875 1.735535 -65.000000
v -3.685905 1.553739 -64.000000
v -3.685905 1.553739 -65.000000
v -3.758770 1.368081 -64.000000
v -3.758770 1.368081 -65.000000
v -3.822291 1.179021 -64.000000
v -3.822291 1.179021 -65.000000
v -3.876309 0.987030 -64.000000
v -3.876309 0.987030 -65.000000
v -3.920690 0.792585 -64.000000
v -3.920690 0.792585 -65.000000
v -3.955323 0.596169 -64.000000
v -3.955323 0.596169 -65.000000
v -3.980123 0.398271 -64.000000
v -3.980123 0.398271 -65.000000
v -3.995028 0.199384 -64.000000
v -3.995028 0.199384 -65.000000
v -4.000000 -0.000000 -64.000000
v -4.000000 -0.000000 -65.000000
v -3.995028 -0.199384 -64.000000
v -3.995028 -0.199384 -65.000000
v -3.980123 -0.398271 -64.000000
v -3.980123 -0.398271 -65.000000
v -3.955323 -0.596169 -64.000000
v -3.955323 -0.596169 -65.000000
v -3.920690 -0.792585 -64.000000
v -3.920690 -0.792585 -65.000000
v -3.876309 -0.987030 -64.000000
v -3.876309 -0.987030 -65.000000
v -3.822291 -1.179021 -64.000000
v -3.822291 -1.179021 -65.000000
v -3.758770 -1.368081 -64.000000
v -3.758770 -1.368081 -65.000000
v -3.685905 -1.553739 -64.000000
v -3.685905 -1.553739 -65.000000
v -3.603875 -1.735535 -64.000000
v -3.603875 -1.735535 -65.000000
v -3.512886 -1.913016 -64.000000
v -3.512886 -1.913016 -65.000000
v -3.413163 -2.085741 -65.000000
v -3.413163 -2.085741 -64.000000
v -3.304955 -2.253280 -64.000000
v -3.304955 -2.253280 -65.000000
v -3.188530 -2.415218 -64.000000
v -3.188530 -2.415218 -65.000000
v -3.064178 -2.571151 -64.000000
v -3.064178 -2.571151 -65.000000
v -2.932208 -2.720691 -64.000000
v -2.932208 -2.720691 -65.000000
v -2.792947 -2.863467 -64.000000
v -2.792947 -2.863467 -65.000000
v -2.646743 -2.999125 -64.000000
v -2.646743 -2.999125 -65.000000
v -2.493959 -3.127326 -64.000000
v -2.493959 -3.127326 -65.000000
v -2.334975 -3.247752 -64.000000
v -2.334975 -3.247752 -65.000000
v -2.170185 -3.360104 -64.000000
v -2.170185 -3.360104 -65.000000
v -2.000000 -3.464102 -64.000000
v -2.000000 -3.464102 -65.000000
v -1.824843 -3.559487 -64.000000
v -1.824843 -3.559487 -65.000000
v -1.645148 -3.646024 -64.000000
v -1.645148 -3.646024 -65.000000
v -1.461364 -3.723495 -64.000000
v -1.461364 -3.723495 -65.000000
v -1.273947 -3.791709 -64.000000
v -1.273947 -3.791709 -65.000000
v -1.083362 -3.850497 -64.000000
v -1.083362 -3.850497 -65.000000
v -0.890084 -3.899712 -64.000000
v -0.890084 -3.899712 -65.000000
v -0.694593 -3.939231 -64.000000
v -0.694593 -3.939231 -65.000000
v -0.497375 -3.968957 -64.000000
v -0.497375 -3.968957 -65.000000
v -0.298920 -3.988815 -64.000000
v -0.298920 -3.988815 -65.000000
v -0.099723 -3.998757 -64.000000
v -0.099723 -3.998757 -65.000000
v 0.099723 -3.998757 -64.000000
v 0.099723 -3.998757 -65.000000
v 0.298920 -3.988815 -64.000000
v 0.298920 -3.988815 -65.000000
v 0.497375 -3.968957 -64.000000
v 0.497375 -3.968957 -65.000000
v 0.694593 -3.939231 -64.000000
v 0.694593 -3.939231 -65.000000
v 0.890084 -3.899712 -64.000000
v 0.890084 -3.899712 -65.000000
v 1.083362 -3.850497 -64.000000
v 1.083362 -3.850497 -65.000000
v 1.273947 -3.791709 -64.000000
v 1.273947 -3.791709 -65.000000
v 1.461364 -3.723495 -64.000000
v 1.461364 -3.723495 -65.000000
v 1.645148 -3.646024 -64.000000
v 1.645148 -3.646024 -65.000000
v 1.824843 -3.559487 -64.000000
v 1.824843 -3.559487 -65.000000
v 2.000000 -3.464102 -64.000000
v 2.000000 -3.464102 -65.000000
v 2.170185 -3.360104 -64.000000
v 2.170185 -3.360104 -65.000000
v 2.334975 -3.247752 -64.000000
v 2.334975 -3.247752 -65.000000
v 2.493959 -3.127326 -64.000000
v 2.493959 -3.127326 -65.000000
v 2.646743 -2.999125 -64.000000
v 2.646743 -2.999125 -65.000000
v 2.792947 -2.863467 -64.000000
v 2.792947 -2.863467 -65.000000
v 2.932208 -2.720691 -64.000000
v 2.932208 -2.720691 -65.000000
v 3.064178 -2.571151 -64.000000
v 3.064178 -2.571151 -65.000000
v 3.188530 -2.415218 -64.000000
v 3.188530 -2.415218 -65.000000
v 3.304955 -2.253280 -64.000000
v 3.304955 -2.253280 -65.000000
v 3.413163 -2.085741 -64.000000
v 3.413163 -2.085741 -65.000000
v 3.512886 -1.913016 -64.000000
v 3.512886 -1.913016 -65.000000
v 3.603875 -1.735535 -64.000000
v 3.603875 -1.735535 -65.000000
v 3.685905 -1.553739 -64.000000
v 3.685905 -1.553739 -65.000000
v 3.758770 -1.368081 -64.000000
v 3.758770 -1.368081 -65.000000
v 3.822291 -1.179021 -64.000000
v 3.822291 -1.179021 -65.000000
v 3.876309 -0.987030 -64.000000
v 3.876309 -0.987030 -65.000000
v 3.920690 -0.792585 -64.000000
v 3.920690 -0.792585 -65.000000
v 3.955323 -0.596169 -64.000000
v 3.955323 -0.596169 -65.000000
v 3.980123 -0.398271 -64.000000
v 3.980123 -0.398271 -65.000000
v 3.995028 -0.199384 -64.000000
v 3.995028 -0.199384 -65.000000
v 8.499378 -1.975077 30.000000
v 8.500000 -2.000000 30.000000
v 8.500000 -2.000000 8.000000
v 8.499378 -1.975077 8.000000
v 8.497516 -1.950216 30.000000
v 8.497516 -1.950216 8.000000
v 8.494415 -1.925479 30.000000
v 8.494415 -1.925479 8.000000
v 8.490087 -1.900927 30.000000
v 8.490087 -1.900927 8.000000
v 8.484539 -1.876621 30.000000
v 8.484539 -1.876621 8.000000
v 8.477786 -1.852622 30.000000
v 8.477786 -1.852622 8.000000
v 8.469847 -1.828990 30.000000
v 8.469847 -1.828990 8.000000
v 8.460738 -1.805783 30.000000
v 8.460738 -1.805783 8.000000
v 8.450484 -1.783058 30.000000
v 8.450484 -1.783058 8.000000
v 8.439111 -1.760873 8.000000
v 8.439111 -1.760873 30.000000
v 8.426645 -1.739282 30.000000
v 8.426645 -1.739282 8.000000
v 8.413119 -1.718340 30.000000
v 8.413119 -1.718340 8.000000
v 8.398566 -1.698098 8.000000
v 8.398566 -1.698098 30.000000
v 8.383022 -1.678606 8.000000
v 8.383022 -1.678606 30.000000
v 8.366526 -1.659914 30.000000
v 8.366526 -1.659914 8.000000
v 8.349118 -1.642067 30.000000
v 8.349118 -1.642067 8.000000
v 8.330843 -1.625109 30.000000
v 8.330843 -1.625109 8.000000
v 8.311745 -1.609084 8.000000
v 8.311745 -1.609084 30.000000
v 8.291872 -1.594031 30.000000
v 8.291872 -1.594031 8.000000
v 8.271273 -1.579987 30.000000
v 8.271273 -1.579987 8.000000
v 8.250000 -1.566987 8.000000
v 8.250000 -1.566987 30.000000
v 8.228106 -1.555064 30.000000
v 8.228106 -1.555064 8.000000
v 8.205644 -1.544247 30.000000
v 8.205644 -1.544247 8.000000
v 8.182671 -1.534563 30.000000
v 8.182671 -1.534563 8.000000
v 8.159244 -1.526036 30.000000
v 8.159244 -1.526036 8.000000
v 8.135420 -1.518688 30.000000
v 8.135420 -1.518688 8.000000
v 8.111260 -1.512536 30.000000
v 8.111260 -1.512536 8.000000
v 8.086824 -1.507596 30.000000
v 8.086824 -1.507596 8.000000
v 8.062172 -1.503880 30.000000
v 8.062172 -1.503880 8.000000
v 8.037365 -1.501398 30.000000
v 8.037365 -1.501398 8.000000
v 8.012465 -1.500155 30.000000
v 8.012465 -1.500155 8.000000
v 7.987535 -1.500155 30.000000
v 7.987535 -1.500155 8.000000
v 7.962635 -1.501398 30.000000
v 7.962635 -1.501398 8.000000
v 7.937828 -1.503880 30.000000
v 7.937828 -1.503880 8.000000
v 7.913176 -1.507596 30.000000
v 7.913176 -1.507596 8.000000
v 7.888740 -1.512536 30.000000
v 7.888740 -1.512536 8.000000
v 7.864580 -1.518688 30.000000
v 7.864580 -1.518688 8.000000
v 7.840757 -1.526036 30.000000
v 7.840757 -1.526036 8.000000
v 7.817329 -1.534563 30.000000
v 7.817329 -1.534563 8.000000
v 7.794356 -1.544247 30.000000
v 7.794356 -1.544247 8.000000
v 7.771894 -1.555064 30.000000
v 7.771894 -1.555064 8.000000
v 7.750000 -1.566987 30.000000
v 7.750000 -1.566987 8.000000
v 7.728727 -1.579987 8.000000
v 7.728727 -1.579987 30.000000
v 7.708128 -1.594031 30.000000
v 7.708128 -1.594031 8.000000
v 7.688255 -1.609084 30.000000
v 7.688255 -1.609084 8.000000
v 7.669157 -1.625109 30.000000
v 7.669157 -1.625109 8.000000
v 7.650882 -1.642067 30.000000
v 7.650882 -1.642067 8.000000
v 7.633474 -1.659914 30.000000
v 7.633474 -1.659914 8.000000
v 7.616978 -1.678606 30.000000
v 7.616978 -1.678606 8.000000
v 7.601434 -1.698098 8.000000
v 7.601434 -1.698098 30.000000
v 7.586881 -1.718340 30.000000
v 7.586881 -1.718340 8.000000
v 7.573355 -1.739282 30.000000
v 7.573355 -1.739282 8.000000
v 7.560889 -1.760873 30.000000
v 7.560889 -1.760873 8.000000
v 7.549516 -1.783058 8.000000
v 7.549516 -1.783058 30.000000
v 7.539262 -1.805783 30.000000
v 7.539262 -1.805783 8.000000
v 7.530154 -1.828990 30.000000
v 7.530154 -1.828990 8.000000
v 7.522213 -1.852622 30.000000
v 7.522213 -1.852622 8.000000
v 7.515461 -1.876621 8.000000
v 7.515461 -1.876621 30.000000
v 7.509914 -1.900927 30.000000
v 7.509914 -1.900927 8.000000
v 7.505585 -1.925479 30.000000
v 7.505585 -1.925479 8.000000
v 7.502485 -1.950216 8.000000
v 7.502485 -1.950216 30.000000
v 7.500621 -1.975077 30.000000
v 7.500621 -1.975077 8.000000
v 7.500000 -2.000000 30.000000
v 7.500000 -2.000000 8.000000
v 7.500621 -2.024923 8.000000
v 7.500621 -2.024923 30.000000
v 7.502485 -2.049784 30.000000
v 7.502485 -2.049784 8.000000
v 7.505585 -2.074521 8.000000
v 7.505585 -2.074521 30.000000
v 7.509914 -2.099073 30.000000
v 7.509914 -2.099073 8.000000
v 7.515461 -2.123379 30.000000
v 7.515461 -2.123379 8.000000
v 7.522213 -2.147377 30.000000
v 7.522213 -2.147377 8.000000
v 7.530154 -2.171010 30.000000
v 7.530154 -2.171010 8.000000
v 7.539262 -2.194217 30.000000
v 7.539262 -2.194217 8.000000
v 7.549516 -2.216942 30.000000
v 7.549516 -2.216942 8.000000
v 7.560889 -2.239127 30.000000
v 7.560889 -2.239127 8.000000
v 7.573355 -2.260718 30.000000
v 7.573355 -2.260718 8.000000
v 7.586881 -2.281660 30.000000
v 7.586881 -2.281660 8.000000
v 7.601434 -2.301902 30.000000
v 7.601434 -2.301902 8.000000
v 7.616978 -2.321394 30.000000
v 7.616978 -2.321394 8.000000
v 7.633474 -2.340086 30.000000
v 7.633474 -2.340086 8.000000
v 7.650882 -2.357934 30.000000
v 7.650882 -2.357934 8.000000
v 7.669157 -2.374891 8.000000
v 7.669157 -2.374891 30.000000
v 7.688255 -2.390916 30.000000
v 7.688255 -2.390916 8.000000
v 7.708128 -2.405969 30.000000
v 7.708128 -2.405969 8.000000
v 7.728727 -2.420013 8.000000
v 7.728727 -2.420013 30.000000
v 7.750000 -2.433013 30.000000
v 7.750000 -2.433013 8.000000
v 7.771894 -2.444936 8.000000
v 7.771894 -2.444936 30.000000
v 7.794356 -2.455753 30.000000
v 7.794356 -2.455753 8.000000
v 7.817329 -2.465437 30.000000
v 7.817329 -2.465437 8.000000
v 7.840757 -2.473964 30.000000
v 7.840757 -2.473964 8.000000
v 7.864580 -2.481312 30.000000
v 7.864580 -2.481312 8.000000
v 7.888740 -2.487464 30.000000
v 7.888740 -2.487464 8.000000
v 7.913176 -2.492404 8.000000
v 7.913176 -2.492404 30.000000
v 7.937828 -2.496119 30.000000
v 7.937828 -2.496119 8.000000
v 7.962635 -2.498602 8.000000
v 7.962635 -2.498602 30.000000
v 7.987535 -2.499845 30.000000
v 7.987535 -2.499845 8.000000
v 8.012465 -2.499845 8.000000
v 8.012465 -2.499845 30.000000
v 8.037365 -2.498602 8.000000
v 8.037365 -2.498602 30.000000
v 8.062172 -2.496119 30.000000
v 8.062172 -2.496119 8.000000
v 8.086824 -2.492404 8.000000
v 8.086824 -2.492404 30.000000
v 8.111260 -2.487464 30.000000
v 8.111260 -2.487464 8.000000
v 8.135420 -2.481312 8.000000
v 8.135420 -2.481312 30.000000
v 8.159244 -2.473964 30.000000
v 8.159244 -2.473964 8.000000
v 8.182671 -2.465437 8.000000
v 8.182671 -2.465437 30.000000
v 8.205644 -2.455753 30.000000
v 8.205644 -2.455753 8.000000
v 8.228106 -2.444936 30.000000
v 8.228106 -2.444936 8.000000
v 8.250000 -2.433013 30.000000
v 8.250000 -2.433013 8.000000
v 8.271273 -2.420013 8.000000
v 8.271273 -2.420013 30.000000
v 8.291872 -2.405969 8.000000
v 8.291872 -2.405969 30.000000
v 8.311745 -2.390916 30.000000
v 8.311745 -2.390916 8.000000
v 8.330843 -2.374891 30.000000
v 8.330843 -2.374891 8.000000
v 8.349118 -2.357934 30.000000
v 8.349118 -2.357934 8.000000
v 8.366526 -2.340086 30.000000
v 8.366526 -2.340086 8.000000
v 8.383022 -2.321394 8.000000
v 8.383022 -2.321394 30.000000
v 8.398566 -2.301902 8.000000
v 8.398566 -2.301902 30.000000
v 8.413119 -2.281660 30.000000
v 8.413119 -2.281660 8.000000
v 8.426645 -2.260718 30.000000
v 8.426645 -2.260718 8.000000
v 8.439111 -2.239127 8.000000
v 8.439111 -2.239127 30.000000
v 8.450484 -2.216942 30.000000
v 8.450484 -2.216942 8.000000
v 8.460738 -2.194217 8.000000
v 8.460738 -2.194217 30.000000
v 8.469847 -2.171010 8.000000
v 8.469847 -2.171010 30.000000
v 8.477786 -2.147377 30.000000
v 8.477786 -2.147377 8.000000
v 8.484539 -2.123379 30.000000
v 8.484539 -2.123379 8.000000
v 8.490087 -2.099073 30.000000
v 8.490087 -2.099073 8.000000
v 8.494415 -2.074521 8.000000
v 8.494415 -2.074521 30.000000
v 8.497516 -2.049784 8.000000
v 8.497516 -2.049784 30.000000
v 8.499378 -2.024923 30.000000
v 8.499378 -2.024923 8.000000
v -7.500621 -1.975077 30.000000
v -7.500000 -2.000000 30.000000
v -7.500000 -2.000000 8.000000
v -7.500621 -1.975077 8.000000
v -7.502485 -1.950216 30.000000
v -7.502485 -1.950216 8.000000
v -7.505585 -1.925479 30.000000
v -7.505585 -1.925479 8.000000
v -7.509914 -1.900927 30.000000
v -7.509914 -1.900927 8.000000
v -7.515461 -1.876621 30.000000
v -7.515461 -1.876621 8.000000
v -7.522213 -1.852622 30.000000
v -7.522213 -1.852622 8.000000
v -7.530154 -1.828990 30.000000
v -7.530154 -1.828990 8.000000
v -7.539262 -1.805783 30.000000
v -7.539262 -1.805783 8.000000
v -7.549516 -1.783058 30.000000
v -7.549516 -1.783058 8.000000
v -7.560889 -1.760873 8.000000
v -7.560889 -1.760873 30.000000
v -7.573355 -1.739282 30.000000
v -7.573355 -1.739282 8.000000
v -7.586881 -1.718340 30.000000
v -7.586881 -1.718340 8.000000
v -7.601434 -1.698098 8.000000
v -7.601434 -1.698098 30.000000
v -7.616978 -1.678606 8.000000
v -7.616978 -1.678606 30.000000
v -7.633474 -1.659914 30.000000
v -7.633474 -1.659914 8.000000
v -7.650882 -1.642067 30.000000
v -7.650882 -1.642067 8.000000
v -7.669157 -1.625109 30.000000
v -7.669157 -1.625109 8.000000
v -7.688255 -1.609084 8.000000
v -7.688255 -1.609084 30.000000
v -7.708128 -1.594031 30.000000
v -7.708128 -1.594031 8.000000
v -7.728727 -1.579987 30.000000
v -7.728727 -1.579987 8.000000
v -7.750000 -1.566987 8.000000
v -7.750000 -1.566987 30.000000
v -7.771894 -1.555064 30.000000
v -7.771894 -1.555064 8.000000
v -7.794356 -1.544247 30.000000
v -7.794356 -1.544247 8.000000
v -7.817329 -1.534563 30.000000
v -7.817329 -1.534563 8.000000
v -7.840757 -1.526036 30.000000
v -7.840757 -1.526036 8.000000
v -7.864580 -1.518688 30.000000
v -7.864580 -1.518688 8.000000
v -7.888740 -1.512536 30.000000
v -7.888740 -1.512536 8.000000
v -7.913176 -1.507596 30.000000
v -7.913176 -1.507596 8.000000
v -7.937828 -1.503880 30.000000
v -7.937828 -1.503880 8.000000
v -7.962635 -1.501398 30.000000
v -7.962635 -1.501398 8.000000
v -7.987535 -1.500155 30.000000
v -7.987535 -1.500155 8.000000
v -8.012465 -1.500155 30.000000
v -8.012465 -1.500155 8.000000
v -8.037365 -1.501398 30.000000
v -8.037365 -1.501398 8.000000
v -8.062172 -1.503880 30.000000
v -8.062172 -1.503880 8.000000
v -8.086824 -1.507596 30.000000
v -8.086824 -1.507596 8.000000
v -8.111260 -1.512536 30.000000
v -8.111260 -1.512536 8.000000
v -8.135420 -1.518688 30.000000
v -8.135420 -1.518688 8.000000
v -8.159244 -1.526036 30.000000
v -8.159244 -1.526036 8.000000
v -8.182671 -1.534563 30.000000
v -8.182671 -1.534563 8.000000
v -8.205644 -1.544247 30.000000
v -8.205644 -1.544247 8.000000
v -8.228106 -1.555064 30.000000
v -8.228106 -1.555064 8.000000
v -8.250000 -1.566987 30.000000
v -8.250000 -1.566987 8.000000
v -8.271273 -1.579987 8.000000
v -8.271273 -1.579987 30.000000
v -8.291872 -1.594031 30.000000
v -8.291872 -1.594031 8.000000
v -8.311745 -1.609084 30.000000
v -8.311745 -1.609084 8.000000
v -8.330843 -1.625109 30.000000
v -8.330843 -1.625109 8.000000
v -8.349118 -1.642067 30.000000
v -8.349118 -1.642067 8.000000
v -8.366526 -1.659914 30.000000
v -8.366526 -1.659914 8.000000
v -8.383022 -1.678606 30.000000
v -8.383022 -1.678606 8.000000
v -8.398566 -1.698098 8.000000
v -8.398566 -1.698098 30.000000
v -8.413119 -1.718340 30.000000
v -8.413119 -1.718340 8.000000
v -8.426645 -1.739282 30.000000
v -8.426645 -1.739282 8.000000
v -8.439111 -1.760873 30.000000
v -8.439111 -1.760873 8.000000
v -8.450484 -1.783058 8.000000
v -8.450484 -1.783058 30.000000
v -8.460738 -1.805783 30.000000
v -8.460738 -1.805783 8.000000
v -8.469847 -1.828990 30.000000
v -8.469847 -1.828990 8.000000
v -8.477786 -1.852622 30.000000
v -8.477786 -1.852622 8.000000
v -8.484539 -1.876621 8.000000
v -8.484539 -1.876621 30.000000
v -8.490087 -1.900927 30.000000
v -8.490087 -1.900927 8.000000
v -8.494415 -1.925479 30.000000
v -8.494415 -1.925479 8.000000
v -8.497516 -1.950216 8.000000
v -8.497516 -1.950216 30.000000
v -8.499378 -1.975077 30.000000
v -8.499378 -1.975077 8.000000
v -8.500000 -2.000000 30.000000
v -8.500000 -2.000000 8.000000
v -8.499378 -2.024923 8.000000
v -8.499378 -2.024923 30.000000
v -8.497516 -2.049784 30.000000
v -8.497516 -2.049784 8.000000
v -8.494415 -2.074521 8.000000
v -8.494415 -2.074521 30.000000
v -8.490087 -2.099073 30.000000
v -8.490087 -2.099073 8.000000
v -8.484539 -2.123379 30.000000
v -8.484539 -2.123379 8.000000
v -8.477786 -2.147377 30.000000
v -8.477786 -2.147377 8.000000
v -8.469847 -2.171010 30.000000
v -8.469847 -2.171010 8.000000
v -8.460738 -2.194217 30.000000
v -8.460738 -2.194217 8.000000
v -8.450484 -2.216942 30.000000
v -8.450484 -2.216942 8.000000
v -8.439111 -2.239127 30.000000
v -8.439111 -2.239127 8.000000
v -8.426645 -2.260718 30.000000
v -8.426645 -2.260718 8.000000
v -8.413119 -2.281660 30.000000
v -8.413119 -2.281660 8.000000
v -8.398566 -2.301902 30.000000
v -8.398566 -2.301902 8.000000
v -8.383022 -2.321394 30.000000
v -8.383022 -2.321394 8.000000
v -8.366526 -2.340086 30.000000
v -8.366526 -2.340086 8.000000
v -8.349118 -2.357934 30.000000
v -8.349118 -2.357934 8.000000
v -8.330843 -2.374891 8.000000
v -8.330843 -2.374891 30.000000
v -8.311745 -2.390916 30.000000
v -8.311745 -2.390916 8.000000
v -8.291872 -2.405969 30.000000
v -8.291872 -2.405969 8.000000
v -8.271273 -2.420013 8.000000
v -8.271273 -2.420013 30.000000
v -8.250000 -2.433013 30.000000
v -8.250000 -2.433013 8.000000
v -8.228106 -2.444936 8.000000
v -8.228106 -2.444936 30.000000
v -8.205644 -2.455753 30.000000
v -8.205644 -2.455753 8.000000
v -8.182671 -2.465437 30.000000
v -8.182671 -2.465437 8.000000
v -8.159244 -2.473964 30.000000
v -8.159244 -2.473964 8.000000
v -8.135420 -2.481312 30.000000
v -8.135420 -2.481312 8.000000
v -8.111260 -2.487464 30.000000
v -8.111260 -2.487464 8.000000
v -8.086824 -2.492404 8.000000
v -8.086824 -2.492404 30.000000
v -8.062172 -2.496119 30.000000
v -8.062172 -2.496119 8.000000
v -8.037365 -2.498602 8.000000
v -8.037365 -2.498602 30.000000
v -8.012465 -2.499845 30.000000
v -8.012465 -2.499845 8.000000
v -7.987535 -2.499845 8.000000
v -7.987535 -2.499845 30.000000
v -7.962635 -2.498602 8.000000
v -7.962635 -2.498602 30.000000
v -7.937828 -2.496119 30.000000
v -7.937828 -2.496119 8.000000
v -7.913176 -2.492404 8.000000
v -7.913176 -2.492404 30.000000
v -7.888740 -2.487464 30.000000
v -7.888740 -2.487464 8.000000
v -7.864580 -2.481312 8.000000
v -7.864580 -2.481312 30.000000
v -7.840757 -2.473964 30.000000
v -7.840757 -2.473964 8.000000
v -7.817329 -2.465437 8.000000
v -7.817329 -2.465437 30.000000
v -7.794356 -2.455753 30.000000
v -7.794356 -2.455753 8.000000
v -7.771894 -2.444936 30.000000
v -7.771894 -2.444936 8.000000
v -7.750000 -2.433013 30.000000
v -7.750000 -2.433013 8.000000
v -7.728727 -2.420013 8.000000
v -7.728727 -2.420013 30.000000
v -7.708128 -2.405969 8.000000
v -7.708128 -2.405969 30.000000
v -7.688255 -2.390916 30.000000
v -7.688255 -2.390916 8.000000
v -7.669157 -2.374891 30.000000
v -7.669157 -2.374891 8.000000
v -7.650882 -2.357934 30.000000
v -7.650882 -2.357934 8.000000
v -7.633474 -2.340086 30.000000
v -7.633474 -2.340086 8.000000
v -7.616978 -2.321394 8.000000
v -7.616978 -2.321394 30.000000
v -7.601434 -2.301902 8.000000
v -7.601434 -2.301902 30.000000
v -7.586881 -2.281660 30.000000
v -7.586881 -2.281660 8.000000
v -7.573355 -2.260718 30.000000
v -7.573355 -2.260718 8.000000
v -7.560889 -2.239127 8.000000
v -7.560889 -2.239127 30.000000
v -7.549516 -2.216942 30.000000
v -7.549516 -2.216942 8.000000
v -7.539262 -2.194217 8.000000
v -7.539262 -2.194217 30.000000
v -7.530154 -2.171010 8.000000
v -7.530154 -2.171010 30.000000
v -7.522213 -2.147377 30.000000
v -7.522213 -2.147377 8.000000
v -7.515461 -2.123379 30.000000
v -7.515461 -2.123379 8.000000
v -7.509914 -2.099073 30.000000
v -7.509914 -2.099073 8.000000
v -7.505585 -2.074521 8.000000
v -7.505585 -2.074521 30.000000
v -7.502485 -2.049784 8.000000
v -7.502485 -2.049784 30.000000
v -7.500621 -2.024923 30.000000
v -7.500621 -2.024923 8.000000
v -2.650435 0.017446 30.000000
v -2.650000 -0.000000 30.000000
v -2.650000 -0.000000 -65.000000
v -2.650435 0.017446 -65.000000
v -2.651739 0.034849 30.000000
v -2.651739 0.034849 -65.000000
v -2.653909 0.052165 30.000000
v -2.653909 0.052165 -65.000000
v -2.656940 0.069351 30.000000
v -2.656940 0.069351 -65.000000
v -2.660823 0.086365 -65.000000
v -2.660823 0.086365 30.000000
v -2.665550 0.103164 30.000000
v -2.665550 0.103164 -65.000000
v -2.671108 0.119707 30.000000
v -2.671108 0.119707 -65.000000
v -2.677483 0.135952 30.000000
v -2.677483 0.135952 -65.000000
v -2.684661 0.151859 -65.000000
v -2.684661 0.151859 30.000000
v -2.692622 0.167389 30.000000
v -2.692622 0.167389 -65.000000
v -2.701348 0.182502 -65.000000
v -2.701348 0.182502 30.000000
v -2.710816 0.197162 30.000000
v -2.710816 0.197162 -65.000000
v -2.721004 0.211332 30.000000
v -2.721004 0.211332 -65.000000
v -2.731884 0.224976 -65.000000
v -2.731884 0.224976 30.000000
v -2.743432 0.238060 30.000000
v -2.743432 0.238060 -65.000000
v -2.755617 0.250553 30.000000
v -2.755617 0.250553 -65.000000
v -2.768410 0.262423 30.000000
v -2.768410 0.262423 -65.000000
v -2.781779 0.273641 -65.000000
v -2.781779 0.273641 30.000000
v -2.795690 0.284178 -65.000000
v -2.795690 0.284178 30.000000
v -2.810109 0.294009 30.000000
v -2.810109 0.294009 -65.000000
v -2.825000 0.303109 30.000000
v -2.825000 0.303109 -65.000000
v -2.840326 0.311455 30.000000
v -2.840326 0.311455 -65.000000
v -2.856050 0.319027 30.000000
v -2.856050 0.319027 -65.000000
v -2.872131 0.325806 30.000000
v -2.872131 0.325806 -65.000000
v -2.888530 0.331775 30.000000
v -2.888530 0.331775 -65.000000
v -2.905206 0.336918 -65.000000
v -2.905206 0.336918 30.000000
v -2.922118 0.341225 30.000000
v -2.922118 0.341225 -65.000000
v -2.939223 0.344683 -65.000000
v -2.939223 0.344683 30.000000
v -2.956480 0.347284 30.000000
v -2.956480 0.347284 -65.000000
v -2.973845 0.349021 30.000000
v -2.973845 0.349021 -65.000000
v -2.991274 0.349891 30.000000
v -2.991274 0.349891 -65.000000
v -3.008726 0.349891 -65.000000
v -3.008726 0.349891 30.000000
v -3.026155 0.349021 -65.000000
v -3.026155 0.349021 30.000000
v -3.043520 0.347284 30.000000
v -3.043520 0.347284 -65.000000
v -3.060777 0.344683 30.000000
v -3.060777 0.344683 -65.000000
v -3.077882 0.341225 -65.000000
v -3.077882 0.341225 30.000000
v -3.094794 0.336918 30.000000
v -3.094794 0.336918 -65.000000
v -3.111470 0.331775 30.000000
v -3.111470 0.331775 -65.000000
v -3.127869 0.325806 30.000000
v -3.127869 0.325806 -65.000000
v -3.143950 0.319027 30.000000
v -3.143950 0.319027 -65.000000
v -3.159674 0.311455 30.000000
v -3.159674 0.311455 -65.000000
v -3.175000 0.303109 30.000000
v -3.175000 0.303109 -65.000000
v -3.189891 0.294009 30.000000
v -3.189891 0.294009 -65.000000
v -3.204310 0.284178 30.000000
v -3.204310 0.284178 -65.000000
v -3.218221 0.273641 30.000000
v -3.218221 0.273641 -65.000000
v -3.231590 0.262423 30.000000
v -3.231590 0.262423 -65.000000
v -3.244383 0.250553 30.000000
v -3.244383 0.250553 -65.000000
v -3.256568 0.238060 30.000000
v -3.256568 0.238060 -65.000000
v -3.268116 0.224976 30.000000
v -3.268116 0.224976 -65.000000
v -3.278996 0.211332 30.000000
v -3.278996 0.211332 -65.000000
v -3.289184 0.197162 30.000000
v -3.289184 0.197162 -65.000000
v -3.298652 0.182502 30.000000
v -3.298652 0.182502 -65.000000
v -3.307378 0.167389 30.000000
v -3.307378 0.167389 -65.000000
v -3.315339 0.151859 30.000000
v -3.315339 0.151859 -65.000000
v -3.322517 0.135952 30.000000
v -3.322517 0.135952 -65.000000
v -3.328892 0.119707 30.000000
v -3.328892 0.119707 -65.000000
v -3.334450 0.103164 30.000000
v -3.334450 0.103164 -65.000000
v -3.339177 0.086365 30.000000
v -3.339177 0.086365 -65.000000
v -3.343060 0.069351 30.000000
v -3.343060 0.069351 -65.000000
v -3.346091 0.052165 30.000000
v -3.346091 0.052165 -65.000000
v -3.348261 0.034849 30.000000
v -3.348261 0.034849 -65.000000
v -3.349565 0.017446 30.000000
v -3.349565 0.017446 -65.000000
v -3.350000 -0.000000 30.000000
v -3.350000 -0.000000 -65.000000
v -3.349565 -0.017446 30.000000
v -3.349565 -0.017446 -65.000000
v -3.348261 -0.034849 30.000000
v -3.348261 -0.034849 -65.000000
v -3.346091 -0.052165 30.000000
v -3.346091 -0.052165 -65.000000
v -3.343060 -0.069351 30.000000
v -3.343060 -0.069351 -65.000000
v -3.339177 -0.086365 30.000000
v -3.339177 -0.086365 -65.000000
v -3.334450 -0.103164 30.000000
v -3.334450 -0.103164 -65.000000
v -3.328892 -0.119707 30.000000
v -3.328892 -0.119707 -65.000000
v -3.322517 -0.135952 30.000000
v -3.322517 -0.135952 -65.000000
v -3.315339 -0.151859 30.000000
v -3.315339 -0.151859 -65.000000
v -3.307378 -0.167389 30.000000
v -3.307378 -0.167389 -65.000000
v -3.298652 -0.182502 30.000000
v -3.298652 -0.182502 -65.000000
v -3.289184 -0.197162 30.000000
v -3.289184 -0.197162 -65.000000
v -3.278996 -0.211332 30.000000
v -3.278996 -0.211332 -65.000000
v -3.268116 -0.224976 30.000000
v -3.268116 -0.224976 -65.000000
v -3.256568 -0.238060 30.000000
v -3.256568 -0.238060 -65.000000
v -3.244383 -0.250553 30.000000
v -3.244383 -0.250553 -65.000000
v -3.231590 -0.262423 30.000000
v -3.231590 -0.262423 -65.000000
v -3.218221 -0.273641 30.000000
v -3.218221 -0.273641 -65.000000
v -3.204310 -0.284178 30.000000
v -3.204310 -0.284178 -65.000000
v -3.189891 -0.294009 30.000000
v -3.189891 -0.294009 -65.000000
v -3.175000 -0.303109 30.000000
v -3.175000 -0.303109 -65.000000
v -3.159674 -0.311455 -65.000000
v -3.159674 -0.311455 30.000000
v -3.143950 -0.319027 30.000000
v -3.143950 -0.319027 -65.000000
v -3.127869 -0.325806 30.000000
v -3.127869 -0.325806 -65.000000
v -3.111470 -0.331775 30.000000
v -3.111470 -0.331775 -65.000000
v -3.094794 -0.336918 30.000000
v -3.094794 -0.336918 -65.000000
v -3.077882 -0.341225 30.000000
v -3.077882 -0.341225 -65.000000
v -3.060777 -0.344683 30.000000
v -3.060777 -0.344683 -65.000000
v -3.043520 -0.347284 30.000000
v -3.043520 -0.347284 -65.000000
v -3.026155 -0.349021 30.000000
v -3.026155 -0.349021 -65.000000
v -3.008726 -0.349891 30.000000
v -3.008726 -0.349891 -65.000000
v -2.991274 -0.349891 30.000000
v -2.991274 -0.349891 -65.000000
v -2.973845 -0.349021 30.000000
v -2.973845 -0.349021 -65.000000
v -2.956480 -0.347284 30.000000
v -2.956480 -0.347284 -65.000000
v -2.939223 -0.344683 30.000000
v -2.939223 -0.344683 -65.000000
v -2.922118 -0.341225 30.000000
v -2.922118 -0.341225 -65.000000
v -2.905206 -0.336918 30.000000
v -2.905206 -0.336918 -65.000000
v -2.888530 -0.331775 30.000000
v -2.888530 -0.331775 -65.000000
v -2.872131 -0.325806 30.000000
v -2.872131 -0.325806 -65.000000
v -2.856050 -0.319027 30.000000
v -2.856050 -0.319027 -65.000000
v -2.840326 -0.311455 -65.000000
v -2.840326 -0.311455 30.000000
v -2.825000 -0.303109 -65.000000
v -2.825000 -0.303109 30.000000
v -2.810109 -0.294009 30.000000
v -2.810109 -0.294009 -65.000000
v -2.795690 -0.284178 -65.000000
v -2.795690 -0.284178 30.000000
v -2.781779 -0.273641 30.000000
v -2.781779 -0.273641 -65.000000
v -2.768410 -0.262423 30.000000
v -2.768410 -0.262423 -65.000000
v -2.755617 -0.250553 30.000000
v -2.755617 -0.250553 -65.000000
v -2.743432 -0.238060 30.000000
v -2.743432 -0.238060 -65.000000
v -2.731884 -0.224976 -65.000000
v -2.731884 -0.224976 30.000000
v -2.721004 -0.211332 -65.000000
v -2.721004 -0.211332 30.000000
v -2.710816 -0.197162 30.000000
v -2.710816 -0.197162 -65.000000
v -2.701348 -0.182502 -65.000000
v -2.701348 -0.182502 30.000000
v -2.692622 -0.167389 30.000000
v -2.692622 -0.167389 -65.000000
v -2.684661 -0.151859 30.000000
v -2.684661 -0.151859 -65.000000
v -2.677483 -0.135952 30.000000
v -2.677483 -0.135952 -65.000000
v -2.671108 -0.119707 30.000000
v -2.671108 -0.119707 -65.000000
v -2.665550 -0.103164 30.000000
v -2.665550 -0.103164 -65.000000
v -2.660823 -0.086365 30.000000
v -2.660823 -0.086365 -65.000000
v -2.656940 -0.069351 30.000000
v -2.656940 -0.069351 -65.000000
v -2.653909 -0.052165 -65.000000
v -2.653909 -0.052165 30.000000
v -2.651739 -0.034849 30.000000
v -2.651739 -0.034849 -65.000000
v -2.650435 -0.017446 -65.000000
v -2.650435 -0.017446 30.000000
v -0.650435 0.017446 30.000000
v -0.650000 -0.000000 30.000000
v -0.650000 -0.000000 -65.000000
v -0.650435 0.017446 -65.000000
v -0.651739 0.034849 30.000000
v -0.651739 0.034849 -65.000000
v -0.653909 0.052165 30.000000
v -0.653909 0.052165 -65.000000
v -0.656940 0.069351 30.000000
v -0.656940 0.069351 -65.000000
v -0.660823 0.086365 -65.000000
v -0.660823 0.086365 30.000000
v -0.665550 0.103164 30.000000
v -0.665550 0.103164 -65.000000
v -0.671108 0.119707 30.000000
v -0.671108 0.119707 -65.000000
v -0.677483 0.135952 30.000000
v -0.677483 0.135952 -65.000000
v -0.684661 0.151859 -65.000000
v -0.684661 0.151859 30.000000
v -0.692622 0.167389 30.000000
v -0.692622 0.167389 -65.000000
v -0.701348 0.182502 -65.000000
v -0.701348 0.182502 30.000000
v -0.710816 0.197162 30.000000
v -0.710816 0.197162 -65.000000
v -0.721004 0.211332 30.000000
v -0.721004 0.211332 -65.000000
v -0.731884 0.224976 -65.000000
v -0.731884 0.224976 30.000000
v -0.743432 0.238060 30.000000
v -0.743432 0.238060 -65.000000
v -0.755617 0.250553 30.000000
v -0.755617 0.250553 -65.000000
v -0.768410 0.262423 30.000000
v -0.768410 0.262423 -65.000000
v -0.781779 0.273641 -65.000000
v -0.781779 0.273641 30.000000
v -0.795690 0.284178 -65.000000
v -0.795690 0.284178 30.000000
v -0.810109 0.294009 30.000000
v -0.810109 0.294009 -65.000000
v -0.825000 0.303109 30.000000
v -0.825000 0.303109 -65.000000
v -0.840326 0.311455 30.000000
v -0.840326 0.311455 -65.000000
v -0.856050 0.319027 30.000000
v -0.856050 0.319027 -65.000000
v -0.872131 0.325806 30.000000
v -0.872131 0.325806 -65.000000
v -0.888530 0.331775 30.000000
v -0.888530 0.331775 -65.000000
v -0.905206 0.336918 -65.000000
v -0.905206 0.336918 30.000000
v -0.922118 0.341225 30.000000
v -0.922118 0.341225 -65.000000
v -0.939223 0.344683 -65.000000
v -0.939223 0.344683 30.000000
v -0.956480 0.347284 30.000000
v -0.956480 0.347284 -65.000000
v -0.973844 0.349021 30.000000
v -0.973844 0.349021 -65.000000
v -0.991274 0.349891 30.000000
v -0.991274 0.349891 -65.000000
v -1.008726 0.349891 -65.000000
v -1.008726 0.349891 30.000000
v -1.026156 0.349021 -65.000000
v -1.026156 0.349021 30.000000
v -1.043520 0.347284 30.000000
v -1.043520 0.347284 -65.000000
v -1.060777 0.344683 30.000000
v -1.060777 0.344683 -65.000000
v -1.077882 0.341225 -65.000000
v -1.077882 0.341225 30.000000
v -1.094794 0.336918 30.000000
v -1.094794 0.336918 -65.000000
v -1.111470 0.331775 30.000000
v -1.111470 0.331775 -65.000000
v -1.127869 0.325806 30.000000
v -1.127869 0.325806 -65.000000
v -1.143950 0.319027 30.000000
v -1.143950 0.319027 -65.000000
v -1.159674 0.311455 30.000000
v -1.159674 0.311455 -65.000000
v -1.175000 0.303109 30.000000
v -1.175000 0.303109 -65.000000
v -1.189891 0.294009 30.000000
v -1.189891 0.294009 -65.000000
v -1.204310 0.284178 30.000000
v -1.204310 0.284178 -65.000000
v -1.218221 0.273641 30.000000
v -1.218221 0.273641 -65.000000
v -1.231590 0.262423 30.000000
v -1.231590 0.262423 -65.000000
v -1.244383 0.250553 30.000000
v -1.244383 0.250553 -65.000000
v -1.256568 0.238060 30.000000
v -1.256568 0.238060 -65.000000
v -1.268116 0.224976 30.000000
v -1.268116 0.224976 -65.000000
v -1.278996 0.211332 30.000000
v -1.278996 0.211332 -65.000000
v -1.289184 0.197162 30.000000
v -1.289184 0.197162 -65.000000
v -1.298652 0.182502 30.000000
v -1.298652 0.182502 -65.000000
v -1.307378 0.167389 30.000000
v -1.307378 0.167389 -65.000000
v -1.315339 0.151859 30.000000
v -1.315339 0.151859 -65.000000
v -1.322517 0.135952 30.000000
v -1.322517 0.135952 -65.000000
v -1.328892 0.119707 30.000000
v -1.328892 0.119707 -65.000000
v -1.334450 0.103164 30.000000
v -1.334450 0.103164 -65.000000
v -1.339177 0.086365 30.000000
v -1.339177 0.086365 -65.000000
v -1.343060 0.069351 30.000000
v -1.343060 0.069351 -65.000000
v -1.346091 0.052165 30.000000
v -1.346091 0.052165 -65.000000
v -1.348261 0.034849 30.000000
v -1.348261 0.034849 -65.000000
v -1.349565 0.017446 30.000000
v -1.349565 0.017446 -65.000000
v -1.350000 -0.000000 30.000000
v -1.350000 -0.000000 -65.000000
v -1.349565 -0.017446 30.000000
v -1.349565 -0.017446 -65.000000
v -1.348261 -0.034849 30.000000
v -1.348261 -0.034849 -65.000000
v -1.346091 -0.052165 30.000000
v -1.346091 -0.052165 -65.000000
v -1.343060 -0.069351 30.000000
v -1.343060 -0.069351 -65.000000
v -1.339177 -0.086365 30.000000
v -1.339177 -0.086365 -65.000000
v -1.334450 -0.103164 30.000000
v -1.334450 -0.103164 -65.000000
v -1.328892 -0.119707 30.000000
v -1.328892 -0.119707 -65.000000
v -1.322517 -0.135952 30.000000
v -1.322517 -0.135952 -65.000000
v -1.315339 -0.151859 30.000000
v -1.315339 -0.151859 -65.000000
v -1.307378 -0.167389 30.000000
v -1.307378 -0.167389 -65.000000
v -1.298652 -0.182502 30.000000
v -1.298652 -0.182502 -65.000000
v -1.289184 -0.197162 30.000000
v -1.289184 -0.197162 -65.000000
v -1.278996 -0.211332 30.000000
v -1.278996 -0.211332 -65.000000
v -1.268116 -0.224976 30.000000
v -1.268116 -0.224976 -65.000000
v -1.256568 -0.238060 30.000000
v -1.256568 -0.238060 -65.000000
v -1.244383 -0.250553 30.000000
v -1.244383 -0.250553 -65.000000
v -1.231590 -0.262423 30.000000
v -1.231590 -0.262423 -65.000000
v -1.218221 -0.273641 30.000000
v -1.218221 -0.273641 -65.000000
v -1.204310 -0.284178 30.000000
v -1.204310 -0.284178 -65.000000
v -1.189891 -0.294009 30.000000
v -1.189891 -0.294009 -65.000000
v -1.175000 -0.303109 30.000000
v -1.175000 -0.303109 -65.000000
v -1.159674 -0.311455 -65.000000
v -1.159674 -0.311455 30.000000
v -1.143950 -0.319027 30.000000
v -1.143950 -0.319027 -65.000000
v -1.127869 -0.325806 30.000000
v -1.127869 -0.325806 -65.000000
v -1.111470 -0.331775 30.000000
v -1.111470 -0.331775 -65.000000
v -1.094794 -0.336918 30.000000
v -1.094794 -0.336918 -65.000000
v -1.077882 -0.341225 30.000000
v -1.077882 -0.341225 -65.000000
v -1.060777 -0.344683 30.000000
v -1.060777 -0.344683 -65.000000
v -1.043520 -0.347284 30.000000
v -1.043520 -0.347284 -65.000000
v -1.026156 -0.349021 30.000000
v -1.026156 -0.349021 -65.000000
v -1.008726 -0.349891 30.000000
v -1.008726 -0.349891 -65.000000
v -0.991274 -0.349891 30.000000
v -0.991274 -0.349891 -65.000000
v -0.973844 -0.349021 30.000000
v -0.973844 -0.349021 -65.000000
v -0.956480 -0.347284 30.000000
v -0.956480 -0.347284 -65.000000
v -0.939223 -0.344683 30.000000
v -0.939223 -0.344683 -65.000000
v -0.922118 -0.341225 30.000000
v -0.922118 -0.341225 -65.000000
v -0.905206 -0.336918 30.000000
v -0.905206 -0.336918 -65.000000
v -0.888530 -0.331775 30.000000
v -0.888530 -0.331775 -65.000000
v -0.872131 -0.325806 30.000000
v -0.872131 -0.325806 -65.000000
v -0.856050 -0.319027 30.000000
v -0.856050 -0.319027 -65.000000
v -0.840326 -0.311455 -65.000000
v -0.840326 -0.311455 30.000000
v -0.825000 -0.303109 -65.000000
v -0.825000 -0.303109 30.000000
v -0.810109 -0.294009 30.000000
v -0.810109 -0.294009 -65.000000
v -0.795690 -0.284178 -65.000000
v -0.795690 -0.284178 30.000000
v -0.781779 -0.273641 30.000000
v -0.781779 -0.273641 -65.000000
v -0.768410 -0.262423 30.000000
v -0.768410 -0.262423 -65.000000
v -0.755617 -0.250553 30.000000
v -0.755617 -0.250553 -65.000000
v -0.743432 -0.238060 30.000000
v -0.743432 -0.238060 -65.000000
v -0.731884 -0.224976 -65.000000
v -0.731884 -0.224976 30.000000
v -0.721004 -0.211332 -65.000000
v -0.721004 -0.211332 30.000000
v -0.710816 -0.197162 30.000000
v -0.710816 -0.197162 -65.000000
v -0.701348 -0.182502 -65.000000
v -0.701348 -0.182502 30.000000
v -0.692622 -0.167389 30.000000
v -0.692622 -0.167389 -65.000000
v -0.684661 -0.151859 30.000000
v -0.684661 -0.151859 -65.000000
v -0.677483 -0.135952 30.000000
v -0.677483 -0.135952 -65.000000
v -0.671108 -0.119707 30.000000
v -0.671108 -0.119707 -65.000000
v -0.665550 -0.103164 30.000000
v -0.665550 -0.103164 -65.000000
v -0.660823 -0.086365 30.000000
v -0.660823 -0.086365 -65.000000
v -0.656940 -0.069351 30.000000
v -0.656940 -0.069351 -65.000000
v -0.653909 -0.052165 -65.000000
v -0.653909 -0.052165 30.000000
v -0.651739 -0.034849 30.000000
v -0.651739 -0.034849 -65.000000
v -0.650435 -0.017446 -65.000000
v -0.650435 -0.017446 30.000000
v 1.349565 0.017446 30.000000
v 1.350000 -0.000000 30.000000
v 1.350000 -0.000000 -65.000000
v 1.349565 0.017446 -65.000000
v 1.348261 0.034849 30.000000
v 1.348261 0.034849 -65.000000
v 1.346091 0.052165 30.000000
v 1.346091 0.052165 -65.000000
v 1.343060 0.069351 30.000000
v 1.343060 0.069351 -65.000000
v 1.339177 0.086365 -65.000000
v 1.339177 0.086365 30.000000
v 1.334450 0.103164 30.000000
v 1.334450 0.103164 -65.000000
v 1.328892 0.119707 30.000000
v 1.328892 0.119707 -65.000000
v 1.322517 0.135952 30.000000
v 1.322517 0.135952 -65.000000
v 1.315339 0.151859 -65.000000
v 1.315339 0.151859 30.000000
v 1.307378 0.167389 30.000000
v 1.307378 0.167389 -65.000000
v 1.298652 0.182502 -65.000000
v 1.298652 0.182502 30.000000
v 1.289184 0.197162 30.000000
v 1.289184 0.197162 -65.000000
v 1.278996 0.211332 30.000000
v 1.278996 0.211332 -65.000000
v 1.268116 0.224976 -65.000000
v 1.268116 0.224976 30.000000
v 1.256568 0.238060 30.000000
v 1.256568 0.238060 -65.000000
v 1.244383 0.250553 30.000000
v 1.244383 0.250553 -65.000000
v 1.231590 0.262423 30.000000
v 1.231590 0.262423 -65.000000
v 1.218221 0.273641 -65.000000
v 1.218221 0.273641 30.000000
v 1.204310 0.284178 -65.000000
v 1.204310 0.284178 30.000000
v 1.189891 0.294009 30.000000
v 1.189891 0.294009 -65.000000
v 1.175000 0.303109 30.000000
v 1.175000 0.303109 -65.000000
v 1.159674 0.311455 30.000000
v 1.159674 0.311455 -65.000000
v 1.143950 0.319027 30.000000
v 1.143950 0.319027 -65.000000
v 1.127869 0.325806 30.000000
v 1.127869 0.325806 -65.000000
v 1.111470 0.331775 30.000000
v 1.111470 0.331775 -65.000000
v 1.094794 0.336918 -65.000000
v 1.094794 0.336918 30.000000
v 1.077882 0.341225 30.000000
v 1.077882 0.341225 -65.000000
v 1.060777 0.344683 -65.000000
v 1.060777 0.344683 30.000000
v 1.043520 0.347284 30.000000
v 1.043520 0.347284 -65.000000
v 1.026156 0.349021 30.000000
v 1.026156 0.349021 -65.000000
v 1.008726 0.349891 30.000000
v 1.008726 0.349891 -65.000000
v 0.991274 0.349891 -65.000000
v 0.991274 0.349891 30.000000
v 0.973844 0.349021 -65.000000
v 0.973844 0.349021 30.000000
v 0.956480 0.347284 30.000000
v 0.956480 0.347284 -65.000000
v 0.939223 0.344683 30.000000
v 0.939223 0.344683 -65.000000
v 0.922118 0.341225 -65.000000
v 0.922118 0.341225 30.000000
v 0.905206 0.336918 30.000000
v 0.905206 0.336918 -65.000000
v 0.888530 0.331775 30.000000
v 0.888530 0.331775 -65.000000
v 0.872131 0.325806 30.000000
v 0.872131 0.325806 -65.000000
v 0.856050 0.319027 30.000000
v 0.856050 0.319027 -65.000000
v 0.840326 0.311455 30.000000
v 0.840326 0.311455 -65.000000
v 0.825000 0.303109 30.000000
v 0.825000 0.303109 -65.000000
v 0.810109 0.294009 30.000000
v 0.810109 0.294009 -65.000000
v 0.795690 0.284178 30.000000
v 0.795690 0.284178 -65.000000
v 0.781779 0.273641 30.000000
v 0.781779 0.273641 -65.000000
v 0.768410 0.262423 30.000000
v 0.768410 0.262423 -65.000000
v 0.755617 0.250553 30.000000
v 0.755617 0.250553 -65.000000
v 0.743432 0.238060 30.000000
v 0.743432 0.238060 -65.000000
v 0.731884 0.224976 30.000000
v 0.731884 0.224976 -65.000000
v 0.721004 0.211332 30.000000
v 0.721004 0.211332 -65.000000
v 0.710816 0.197162 30.000000
v 0.710816 0.197162 -65.000000
v 0.701348 0.182502 30.000000
v 0.701348 0.182502 -65.000000
v 0.692622 0.167389 30.000000
v 0.692622 0.167389 -65.000000
v 0.684661 0.151859 30.000000
v 0.684661 0.151859 -65.000000
v 0.677483 0.135952 30.000000
v 0.677483 0.135952 -65.000000
v 0.671108 0.119707 30.000000
v 0.671108 0.119707 -65.000000
v 0.665550 0.103164 30.000000
v 0.665550 0.103164 -65.000000
v 0.660823 0.086365 30.000000
v 0.660823 0.086365 -65.000000
v 0.656940 0.069351 30.000000
v 0.656940 0.069351 -65.000000
v 0.653909 0.052165 30.000000
v 0.653909 0.052165 -65.000000
v 0.651739 0.034849 30.000000
v 0.651739 0.034849 -65.000000
v 0.650435 0.017446 30.000000
v 0.650435 0.017446 -65.000000
v 0.650000 -0.000000 30.000000
v 0.650000 -0.000000 -65.000000
v 0.650435 -0.017446 30.000000
v 0.650435 -0.017446 -65.000000
v 0.651739 -0.034849 30.000000
v 0.651739 -0.034849 -65.000000
v 0.653909 -0.052165 30.000000
v 0.653909 -0.052165 -65.000000
v 0.656940 -0.069351 30.000000
v 0.656940 -0.069351 -65.000000
v 0.660823 -0.086365 30.000000
v 0.660823 -0.086365 -65.000000
v 0.665550 -0.103164 30.000000
v 0.665550 -0.103164 -65.000000
v 0.671108 -0.119707 30.000000
v 0.671108 -0.119707 -65.000000
v 0.677483 -0.135952 30.000000
v 0.677483 -0.135952 -65.000000
v 0.684661 -0.151859 30.000000
v 0.684661 -0.151859 -65.000000
v 0.692622 -0.167389 30.000000
v 0.692622 -0.167389 -65.000000
v 0.701348 -0.182502 30.000000
v 0.701348 -0.182502 -65.000000
v 0.710816 -0.197162 30.000000
v 0.710816 -0.197162 -65.000000
v 0.721004 -0.211332 30.000000
v 0.721004 -0.211332 -65.000000
v 0.731884 -0.224976 30.000000
v 0.731884 -0.224976 -65.000000
v 0.743432 -0.238060 30.000000
v 0.743432 -0.238060 -65.000000
v 0.755617 -0.250553 30.000000
v 0.755617 -0.250553 -65.000000
v 0.768410 -0.262423 30.000000
v 0.768410 -0.262423 -65.000000
v 0.781779 -0.273641 30.000000
v 0.781779 -0.273641 -65.000000
v 0.795690 -0.284178 30.000000
v 0.795690 -0.284178 -65.000000
v 0.810109 -0.294009 30.000000
v 0.810109 -0.294009 -65.000000
v 0.825000 -0.303109 30.000000
v 0.825000 -0.303109 -65.000000
v 0.840326 -0.311455 -65.000000
v 0.840326 -0.311455 30.000000
v 0.856050 -0.319027 30.000000
v 0.856050 -0.319027 -65.000000
v 0.872131 -0.325806 30.000000
v 0.872131 -0.325806 -65.000000
v 0.888530 -0.331775 30.000000
v 0.888530 -0.331775 -65.000000
v 0.905206 -0.336918 30.000000
v 0.905206 -0.336918 -65.000000
v 0.922118 -0.341225 30.000000
v 0.922118 -0.341225 -65.000000
v 0.939223 -0.344683 30.000000
v 0.939223 -0.344683 -65.000000
v 0.956480 -0.347284 30.000000
v 0.956480 -0.347284 -65.000000
v 0.973844 -0.349021 30.000000
v 0.973844 -0.349021 -65.000000
v 0.991274 -0.349891 30.000000
v 0.991274 -0.349891 -65.000000
v 1.008726 -0.349891 30.000000
v 1.008726 -0.349891 -65.000000
v 1.026156 -0.349021 30.000000
v 1.026156 -0.349021 -65.000000
v 1.043520 -0.347284 30.000000
v 1.043520 -0.347284 -65.000000
v 1.060777 -0.344683 30.000000
v 1.060777 -0.344683 -65.000000
v 1.077882 -0.341225 30.000000
v 1.077882 -0.341225 -65.000000
v 1.094794 -0.336918 30.000000
v 1.094794 -0.336918 -65.000000
v 1.111470 -0.331775 30.000000
v 1.111470 -0.331775 -65.000000
v 1.127869 -0.325806 30.000000
v 1.127869 -0.325806 -65.000000
v 1.143950 -0.319027 30.000000
v 1.143950 -0.319027 -65.000000
v 1.159674 -0.311455 -65.000000
v 1.159674 -0.311455 30.000000
v 1.175000 -0.303109 -65.000000
v 1.175000 -0.303109 30.000000
v 1.189891 -0.294009 30.000000
v 1.189891 -0.294009 -65.000000
v 1.204310 -0.284178 -65.000000
v 1.204310 -0.284178 30.000000
v 1.218221 -0.273641 30.000000
v 1.218221 -0.273641 -65.000000
v 1.231590 -0.262423 30.000000
v 1.231590 -0.262423 -65.000000
v 1.244383 -0.250553 30.000000
v 1.244383 -0.250553 -65.000000
v 1.256568 -0.238060 30.000000
v 1.256568 -0.238060 -65.000000
v 1.268116 -0.224976 -65.000000
v 1.268116 -0.224976 30.000000
v 1.278996 -0.211332 -65.000000
v 1.278996 -0.211332 30.000000
v 1.289184 -0.197162 30.000000
v 1.289184 -0.197162 -65.000000
v 1.298652 -0.182502 -65.000000
v 1.298652 -0.182502 30.000000
v 1.307378 -0.167389 30.000000
v 1.307378 -0.167389 -65.000000
v 1.315339 -0.151859 30.000000
v 1.315339 -0.151859 -65.000000
v 1.322517 -0.135952 30.000000
v 1.322517 -0.135952 -65.000000
v 1.328892 -0.119707 30.000000
v 1.328892 -0.119707 -65.000000
v 1.334450 -0.103164 30.000000
v 1.334450 -0.103164 -65.000000
v 1.339177 -0.086365 30.000000
v 1.339177 -0.086365 -65.000000
v 1.343060 -0.069351 30.000000
v 1.343060 -0.069351 -65.000000
v 1.346091 -0.052165 -65.000000
v 1.346091 -0.052165 30.000000
v 1.348261 -0.034849 30.000000
v 1.348261 -0.034849 -65.000000
v 1.349565 -0.017446 -65.000000
v 1.349565 -0.017446 30.000000
v 3.349565 0.017446 30.000000
v 3.350000 -0.000000 30.000000
v 3.350000 -0.000000 -65.000000
v 3.349565 0.017446 -65.000000
v 3.348261 0.034849 30.000000
v 3.348261 0.034849 -65.000000
v 3.346091 0.052165 30.000000
v 3.346091 0.052165 -65.000000
v 3.343060 0.069351 30.000000
v 3.343060 0.069351 -65.000000
v 3.339177 0.086365 -65.000000
v 3.339177 0.086365 30.000000
v 3.334450 0.103164 30.000000
v 3.334450 0.103164 -65.000000
v 3.328892 0.119707 30.000000
v 3.328892 0.119707 -65.000000
v 3.322517 0.135952 30.000000
v 3.322517 0.135952 -65.000000
v 3.315339 0.151859 -65.000000
v 3.315339 0.151859 30.000000
v 3.307378 0.167389 30.000000
v 3.307378 0.167389 -65.000000
v 3.298652 0.182502 -65.000000
v 3.298652 0.182502 30.000000
v 3.289184 0.197162 30.000000
v 3.289184 0.197162 -65.000000
v 3.278996 0.211332 30.000000
v 3.278996 0.211332 -65.000000
v 3.268116 0.224976 -65.000000
v 3.268116 0.224976 30.000000
v 3.256568 0.238060 30.000000
v 3.256568 0.238060 -65.000000
v 3.244383 0.250553 30.000000
v 3.244383 0.250553 -65.000000
v 3.231590 0.262423 30.000000
v 3.231590 0.262423 -65.000000
v 3.218221 0.273641 -65.000000
v 3.218221 0.273641 30.000000
v 3.204310 0.284178 -65.000000
v 3.204310 0.284178 30.000000
v 3.189891 0.294009 30.000000
v 3.189891 0.294009 -65.000000
v 3.175000 0.303109 30.000000
v 3.175000 0.303109 -65.000000
v 3.159674 0.311455 30.000000
v 3.159674 0.311455 -65.000000
v 3.143950 0.319027 30.000000
v 3.143950 0.319027 -65.000000
v 3.127869 0.325806 30.000000
v 3.127869 0.325806 -65.000000
v 3.111470 0.331775 30.000000
v 3.111470 0.331775 -65.000000
v 3.094794 0.336918 -65.000000
v 3.094794 0.336918 30.000000
v 3.077882 0.341225 30.000000
v 3.077882 0.341225 -65.000000
v 3.060777 0.344683 -65.000000
v 3.060777 0.344683 30.000000
v 3.043520 0.347284 30.000000
v 3.043520 0.347284 -65.000000
v 3.026155 0.349021 30.000000
v 3.026155 0.349021 -65.000000
v 3.008726 0.349891 30.000000
v 3.008726 0.349891 -65.000000
v 2.991274 0.349891 -65.000000
v 2.991274 0.349891 30.000000
v 2.973845 0.349021 -65.000000
v 2.973845 0.349021 30.000000
v 2.956480 0.347284 30.000000
v 2.956480 0.347284 -65.000000
v 2.939223 0.344683 30.000000
v 2.939223 0.344683 -65.000000
v 2.922118 0.341225 -65.000000
v 2.922118 0.341225 30.000000
v 2.905206 0.336918 30.000000
v 2.905206 0.336918 -65.000000
v 2.888530 0.331775 30.000000
v 2.888530 0.331775 -65.000000
v 2.872131 0.325806 30.000000
v 2.872131 0.325806 -65.000000
v 2.856050 0.319027 30.000000
v 2.856050 0.319027 -65.000000
v 2.840326 0.311455 30.000000
v 2.840326 0.311455 -65.000000
v 2.825000 0.303109 30.000000
v 2.825000 0.303109 -65.000000
v 2.810109 0.294009 30.000000
v 2.810109 0.294009 -65.000000
v 2.795690 0.284178 30.000000
v 2.795690 0.284178 -65.000000
v 2.781779 0.273641 30.000000
v 2.781779 0.273641 -65.000000
v 2.768410 0.262423 30.000000
v 2.768410 0.262423 -65.000000
v 2.755617 0.250553 30.000000
v 2.755617 0.250553 -65.000000
v 2.743432 0.238060 30.000000
v 2.743432 0.238060 -65.000000
v 2.731884 0.224976 30.000000
v 2.731884 0.224976 -65.000000
v 2.721004 0.211332 30.000000
v 2.721004 0.211332 -65.000000
v 2.710816 0.197162 30.000000
v 2.710816 0.197162 -65.000000
v 2.701348 0.182502 30.000000
v 2.701348 0.182502 -65.000000
v 2.692622 0.167389 30.000000
v 2.692622 0.167389 -65.000000
v 2.684661 0.151859 30.000000
v 2.684661 0.151859 -65.000000
v 2.677483 0.135952 30.000000
v 2.677483 0.135952 -65.000000
v 2.671108 0.119707 30.000000
v 2.671108 0.119707 -65.000000
v 2.665550 0.103164 30.000000
v 2.665550 0.103164 -65.000000
v 2.660823 0.086365 30.000000
v 2.660823 0.086365 -65.000000
v 2.656940 0.069351 30.000000
v 2.656940 0.069351 -65.000000
v 2.653909 0.052165 30.000000
v 2.653909 0.052165 -65.000000
v 2.651739 0.034849 30.000000
v 2.651739 0.034849 -65.000000
v 2.650435 0.017446 30.000000
v 2.650435 0.017446 -65.000000
v 2.650000 -0.000000 30.000000
v 2.650000 -0.000000 -65.000000
v 2.650435 -0.017446 30.000000
v 2.650435 -0.017446 -65.000000
v 2.651739 -0.034849 30.000000
v 2.651739 -0.034849 -65.000000
v 2.653909 -0.052165 30.000000
v 2.653909 -0.052165 -65.000000
v 2.656940 -0.069351 30.000000
v 2.656940 -0.069351 -65.000000
v 2.660823 -0.086365 30.000000
v 2.660823 -0.086365 -65.000000
v 2.665550 -0.103164 30.000000
v 2.665550 -0.103164 -65.000000
v 2.671108 -0.119707 30.000000
v 2.671108 -0.119707 -65.000000
v 2.677483 -0.135952 30.000000
v 2.677483 -0.135952 -65.000000
v 2.684661 -0.151859 30.000000
v 2.684661 -0.151859 -65.000000
v 2.692622 -0.167389 30.000000
v 2.692622 -0.167389 -65.000000
v 2.701348 -0.182502 30.000000
v 2.701348 -0.182502 -65.000000
v 2.710816 -0.197162 30.000000
v 2.710816 -0.197162 -65.000000
v 2.721004 -0.211332 30.000000
v 2.721004 -0.211332 -65.000000
v 2.731884 -0.224976 30.000000
v 2.731884 -0.224976 -65.000000
v 2.743432 -0.238060 30.000000
v 2.743432 -0.238060 -65.000000
v 2.755617 -0.250553 30.000000
v 2.755617 -0.250553 -65.000000
v 2.768410 -0.262423 30.000000
v 2.768410 -0.262423 -65.000000
v 2.781779 -0.273641 30.000000
v 2.781779 -0.273641 -65.000000
v 2.795690 -0.284178 30.000000
v 2.795690 -0.284178 -65.000000
v 2.810109 -0.294009 30.000000
v 2.810109 -0.294009 -65.000000
v 2.825000 -0.303109 30.000000
v 2.825000 -0.303109 -65.000000
v 2.840326 -0.311455 -65.000000
v 2.840326 -0.311455 30.000000
v 2.856050 -0.319027 30.000000
v 2.856050 -0.319027 -65.000000
v 2.872131 -0.325806 30.000000
v 2.872131 -0.325806 -65.000000
v 2.888530 -0.331775 30.000000
v 2.888530 -0.331775 -65.000000
v 2.905206 -0.336918 30.000000
v 2.905206 -0.336918 -65.000000
v 2.922118 -0.341225 30.000000
v 2.922118 -0.341225 -65.000000
v 2.939223 -0.344683 30.000000
v 2.939223 -0.344683 -65.000000
v 2.956480 -0.347284 30.000000
v 2.956480 -0.347284 -65.000000
v 2.973845 -0.349021 30.000000
v 2.973845 -0.349021 -65.000000
v 2.991274 -0.349891 30.000000
v 2.991274 -0.349891 -65.000000
v 3.008726 -0.349891 30.000000
v 3.008726 -0.349891 -65.000000
v 3.026155 -0.349021 30.000000
v 3.026155 -0.349021 -65.000000
v 3.043520 -0.347284 30.000000
v 3.043520 -0.347284 -65.000000
v 3.060777 -0.344683 30.000000
v 3.060777 -0.344683 -65.000000
v 3.077882 -0.341225 30.000000
v 3.077882 -0.341225 -65.000000
v 3.094794 -0.336918 30.000000
v 3.094794 -0.336918 -65.000000
v 3.111470 -0.331775 30.000000
v 3.111470 -0.331775 -65.000000
v 3.127869 -0.325806 30.000000
v 3.127869 -0.325806 -65.000000
v 3.143950 -0.319027 30.000000
v 3.143950 -0.319027 -65.000000
v 3.159674 -0.311455 -65.000000
v 3.159674 -0.311455 30.000000
v 3.175000 -0.303109 -65.000000
v 3.175000 -0.303109 30.000000
v 3.189891 -0.294009 30.000000
v 3.189891 -0.294009 -65.000000
v 3.204310 -0.284178 -65.000000
v 3.204310 -0.284178 30.000000
v 3.218221 -0.273641 30.000000
v 3.218221 -0.273641 -65.000000
v 3.231590 -0.262423 30.000000
v 3.231590 -0.262423 -65.000000
v 3.244383 -0.250553 30.000000
v 3.244383 -0.250553 -65.000000
v 3.256568 -0.238060 30.000000
v 3.256568 -0.238060 -65.000000
v 3.268116 -0.224976 -65.000000
v 3.268116 -0.224976 30.000000
v 3.278996 -0.211332 -65.000000
v 3.278996 -0.211332 30.000000
v 3.289184 -0.197162 30.000000
v 3.289184 -0.197162 -65.000000
v 3.298652 -0.182502 -65.000000
v 3.298652 -0.182502 30.000000
v 3.307378 -0.167389 30.000000
v 3.307378 -0.167389 -65.000000
v 3.315339 -0.151859 30.000000
v 3.315339 -0.151859 -65.000000
v 3.322517 -0.135952 30.000000
v 3.322517 -0.135952 -65.000000
v 3.328892 -0.119707 30.000000
v 3.328892 -0.119707 -65.000000
v 3.334450 -0.103164 30.000000
v 3.334450 -0.103164 -65.000000
v 3.339177 -0.086365 30.000000
v 3.339177 -0.086365 -65.000000
v 3.343060 -0.069351 30.000000
v 3.343060 -0.069351 -65.000000
v 3.346091 -0.052165 -65.000000
v 3.346091 -0.052165 30.000000
v 3.348261 -0.034849 30.000000
v 3.348261 -0.034849 -65.000000
v 3.349565 -0.017446 -65.000000
v 3.349565 -0.017446 30.000000
vn -1.000000 0.000000 0.000000
vn -1.000000 0.000000 0.000000
vn 1.000000 0.000000 0.000000
vn 1.000000 -0.000000 0.000000
vn 0.000000 -1.000000 0.000000
vn 0.000000 -1.000000 0.000000
vn 0.000000 1.000000 0.000000
vn 0.000000 1.000000 0.000000
vn 0.000000 0.000000 -1.000000
vn 0.000000 0.000000 -1.000000
vn 0.000000 0.000000 1.000000
vn 0.000000 0.000000 1.000000
vn -1.000000 0.000000 0.000000
vn -1.000000 0.000000 0.000000
vn 1.000000 0.000000 0.000000
vn 1.000000 -0.000000 0.000000
vn 0.000000 -1.000000 0.000000
vn 0.000000 -1.000000 0.000000
vn 0.000000 1.000000 0.000000
vn 0.000000 1.000000 0.000000
vn 0.000000 0.000000 -1.000000
vn 0.000000 0.000000 -1.000000
vn 0.000000 0.000000 1.000000
vn 0.000000 0.000000 1.000000
vn -1.000000 0.000000 0.000000
vn -1.000000 0.000000 0.000000
vn 1.000000 0.000000 0.000000
vn 1.000000 -0.000000 0.000000
vn 0.000000 -1.000000 0.000000
vn 0.000000 -1.000000 0.000000
vn 0.000000 1.000000 0.000000
vn 0.000000 1.000000 0.000000
vn 0.000000 0.000000 -1.000000
vn 0.000000 0.000000 -1.000000
vn 0.000000 0.000000 1.000000
vn 0.000000 0.000000 1.000000
vn -1.000000 0.000000 0.000000
vn -1.000000 0.000000 0.000000
vn 1.000000 0.000000 0.000000
vn 1.000000 -0.000000 0.000000
vn 0.000000 -1.000000 0.000000
vn 0.000000 -1.000000 0.000000
vn 0.000000 1.000000 0.000000
vn 0.000000 1.000000 0.000000
vn 0.000000 0.000000 -1.000000
vn 0.000000 0.000000 -1.000000
vn 0.000000 0.000000 1.000000
vn 0.000000 0.000000 1.000000
vn -1.000000 0.000000 0.000000
vn -1.000000 0.000000 0.000000
vn 1.000000 0.000000 0.000000
vn 1.000000 -0.000000 0.000000
vn 0.000000 -1.000000 0.000000
vn 0.000000 -1.000000 0.000000
vn 0.000000 1.000000 0.000000
vn 0.000000 1.000000 0.000000
vn 0.000000 0.000000 -1.000000
vn 0.000000 0.000000 -1.000000
vn 0.000000 0.000000 1.000000
vn 0.000000 0.000000 1.000000
vn -1.000000 0.000000 0.000000
vn -1.000000 0.000000 0.000000
vn 1.000000 0.000000 0.000000
vn 1.000000 -0.000000 0.000000
vn 0.000000 -1.000000 0.000000
vn 0.000000 -1.000000 0.000000
vn 0.000000 1.000000 0.000000
vn 0.000000 1.000000 0.000000
vn 0.000000 0.000000 -1.000000
vn 0.000000 0.000000 -1.000000
vn 0.000000 0.000000 1.000000
vn 0.000000 0.000000 1.000000
vn 0.074122 -0.120975 -0.989884
vn 0.024826 0.095935 -0.995078
vn 0.059290 0.004146 -0.998232
vn 0.085021 0.005945 -0.996361
vn 0.034550 0.004856 -0.999391
vn 0.034127 0.007254 -0.999391
vn 0.124382 -0.015790 -0.992109
vn 0.173549 0.037088 -0.984127
vn 0.033538 0.009617 -0.999391
vn 0.103524 0.014549 -0.994521
vn 0.117532 0.012353 -0.992992
vn 0.096460 0.054180 -0.993861
vn 0.032786 0.011933 -0.999391
vn 0.103140 0.018186 -0.994501
vn 0.102256 0.021735 -0.994521
vn 0.031873 0.014191 -0.999391
vn 0.222418 -0.023885 -0.974659
vn 0.101620 0.025337 -0.994501
vn 0.100491 0.028816 -0.994521
vn 0.030806 0.016380 -0.999391
vn 0.172422 0.018122 -0.984856
vn 0.171468 0.023563 -0.984908
vn 0.229508 0.016049 -0.973175
vn 0.195404 0.013664 -0.980628
vn 0.099605 0.032364 -0.994501
vn 0.098237 0.035755 -0.994521
vn 0.029588 0.018489 -0.999391
vn 0.172197 0.024201 -0.984765
vn 0.170738 0.030106 -0.984856
vn 0.097105 0.039233 -0.994501
vn 0.095503 0.042521 -0.994521
vn 0.028226 0.020508 -0.999391
vn 0.168222 0.041942 -0.984856
vn 0.170090 0.036154 -0.984765
vn 0.094131 0.045911 -0.994501
vn 0.092304 0.049079 -0.994521
vn 0.270828 -0.005820 -0.962610
vn 0.026727 0.022427 -0.999391
vn 0.167153 0.047930 -0.984765
vn 0.164886 0.053575 -0.984856
vn 0.090700 0.052365 -0.994501
vn 0.088656 0.055399 -0.994521
vn 0.250362 0.026314 -0.967795
vn 0.239221 0.033620 -0.970383
vn 0.238975 0.034623 -0.970408
vn 0.025098 0.024236 -0.999391
vn 0.163403 0.059474 -0.984765
vn 0.160747 0.064947 -0.984857
vn 0.084575 0.061448 -0.994521
vn 0.086826 0.058565 -0.994501
vn 0.236293 0.050226 -0.970383
vn 0.238878 0.042121 -0.970136
vn 0.023345 0.025928 -0.999391
vn 0.158856 0.070727 -0.984765
vn 0.155825 0.076001 -0.984857
vn 0.318558 0.005560 -0.947887
vn 0.365246 0.006375 -0.930889
vn 0.082529 0.064479 -0.994501
vn 0.080083 0.067198 -0.994521
vn 0.235358 0.058681 -0.970136
vn 0.232214 0.066586 -0.970383
vn 0.021480 0.027493 -0.999391
vn 0.150144 0.086685 -0.984856
vn 0.153535 0.081636 -0.984765
vn 0.314735 0.022009 -0.948924
vn 0.306207 0.033919 -0.951360
vn 0.306613 0.032226 -0.951289
vn 0.369448 0.025835 -0.928892
vn 0.075201 0.072619 -0.994521
vn 0.077830 0.070078 -0.994501
vn 0.227003 0.082623 -0.970383
vn 0.230691 0.074956 -0.970136
vn 0.019510 0.028925 -0.999391
vn 0.143732 0.096948 -0.984856
vn 0.147467 0.092147 -0.984765
vn 0.303618 0.053536 -0.951289
vn 0.306871 0.043128 -0.950774
vn 0.072752 0.075337 -0.994501
vn 0.069951 0.077690 -0.994521
vn 0.224900 0.090866 -0.970136
vn 0.220687 0.098255 -0.970383
vn 0.017444 0.030216 -0.999391
vn 0.140679 0.102210 -0.984765
vn 0.136618 0.106739 -0.984857
vn 0.303115 0.064429 -0.950774
vn 0.299143 0.074585 -0.951289
vn 0.064362 0.082379 -0.994521
vn 0.067320 0.080228 -0.994501
vn 0.218015 0.106332 -0.970136
vn 0.213295 0.113411 -0.970383
vn 0.411292 0.003962 -0.911495
vn 0.373130 0.031649 -0.927239
vn 0.015295 0.031358 -0.999391
vn 0.133207 0.111774 -0.984765
vn 0.128841 0.116008 -0.984856
vn 0.293212 0.095270 -0.951289
vn 0.297882 0.085417 -0.950774
vn 0.058460 0.086668 -0.994521
vn 0.061559 0.084729 -0.994501
vn 0.204865 0.128013 -0.970383
vn 0.210066 0.121281 -0.970136
vn 0.373769 0.039285 -0.926689
vn 0.369922 0.051989 -0.927607
vn 0.446589 0.046939 -0.893507
vn 0.013070 0.032349 -0.999391
vn 0.120433 0.124713 -0.984856
vn 0.125085 0.120794 -0.984765
vn 0.291198 0.105987 -0.950774
vn 0.285852 0.115492 -0.951289
vn 0.052269 0.090536 -0.994521
vn 0.055499 0.088817 -0.994501
vn 0.195435 0.141993 -0.970383
vn 0.201094 0.135640 -0.970136
vn 0.370118 0.065262 -0.926689
vn 0.365394 0.077667 -0.927607
vn 0.010782 0.033182 -0.999391
vn 0.111442 0.132810 -0.984856
vn 0.116355 0.129225 -0.984765
vn 0.283095 0.126042 -0.950774
vn 0.277100 0.135150 -0.951289
vn 0.456263 -0.004366 -0.889834
vn 0.045828 0.093960 -0.994521
vn 0.049169 0.092471 -0.994501
vn 0.185055 0.155279 -0.970383
vn 0.191142 0.149337 -0.970136
vn 0.364665 0.090921 -0.926689
vn 0.359086 0.102967 -0.927607
vn 0.008441 0.033853 -0.999391
vn 0.107057 0.137027 -0.984765
vn 0.101904 0.140261 -0.984856
vn 0.266997 0.154151 -0.951289
vn 0.273613 0.145484 -0.950774
vn 0.433986 0.038550 -0.900095
vn 0.443000 0.030977 -0.895986
vn 0.512300 0.035823 -0.858059
vn 0.042598 0.095676 -0.994501
vn 0.039161 0.096929 -0.994521
vn 0.173772 0.167810 -0.970383
vn 0.180260 0.162306 -0.970136
vn 0.357434 0.116137 -0.926689
vn 0.351029 0.127764 -0.927607
vn 0.006058 0.034360 -0.999391
vn 0.091873 0.147027 -0.984857
vn 0.097238 0.144161 -0.984765
vn 0.262799 0.164215 -0.950773
vn 0.255593 0.172401 -0.951289
vn 0.430292 0.075872 -0.899495
vn 0.435663 0.061229 -0.898025
vn 0.035820 0.098414 -0.994501
vn 0.032306 0.099424 -0.994521
vn 0.161643 0.179523 -0.970383
vn 0.168498 0.174485 -0.970136
vn 0.348462 0.140788 -0.926689
vn 0.341262 0.151939 -0.927607
vn 0.003647 0.034699 -0.999391
vn 0.081394 0.153077 -0.984856
vn 0.086945 0.150593 -0.984765
vn 0.242945 0.189810 -0.951289
vn 0.250704 0.182146 -0.950774
vn 0.423952 0.105703 -0.899495
vn 0.430331 0.091469 -0.898025
vn 0.025291 0.101436 -0.994521
vn 0.028868 0.100674 -0.994501
vn 0.155916 0.185815 -0.970136
vn 0.148726 0.190361 -0.970383
vn 0.329831 0.175375 -0.927607
vn 0.337792 0.164753 -0.926689
vn 0.499753 0.025692 -0.865787
vn 0.542520 0.013698 -0.839931
vn 0.496614 0.031293 -0.867407
vn 0.001218 0.034868 -0.999391
vn 0.070516 0.158383 -0.984856
vn 0.076228 0.156291 -0.984765
vn 0.237386 0.199192 -0.950774
vn 0.229113 0.206293 -0.951289
vn 0.422902 0.121265 -0.898025
vn 0.415545 0.135019 -0.899495
vn 0.018152 0.102953 -0.994521
vn 0.021774 0.102442 -0.994501
vn 0.142575 0.196238 -0.970136
vn 0.135086 0.200272 -0.970383
vn 0.316795 0.197955 -0.927607
vn 0.325477 0.187914 -0.926689
vn 0.576665 0.060610 -0.814729
vn 0.499313 0.052479 -0.864831
vn 0.493435 0.069348 -0.867014
vn -0.001218 0.034868 -0.999391
vn 0.065140 0.161228 -0.984765
vn 0.059297 0.162916 -0.984856
vn 0.222914 0.215265 -0.950773
vn 0.214164 0.221774 -0.951289
vn 0.413413 0.150470 -0.898025
vn 0.405115 0.163677 -0.899495
vn 0.014576 0.103712 -0.994501
vn 0.010927 0.103968 -0.994521
vn 0.120786 0.209207 -0.970383
vn 0.128539 0.205705 -0.970136
vn 0.302215 0.219571 -0.927607
vn 0.311576 0.210160 -0.926689
vn 0.494435 0.087182 -0.864831
vn 0.487396 0.103599 -0.867014
vn -0.003647 0.034699 -0.999391
vn 0.047787 0.166655 -0.984857
vn 0.053736 0.165379 -0.984765
vn 0.207355 0.230291 -0.950773
vn 0.198172 0.236173 -0.951289
vn 0.401909 0.178942 -0.898025
vn 0.392710 0.191538 -0.899495
vn 0.583737 -0.004141 -0.811932
vn 0.007305 0.104476 -0.994501
vn 0.003650 0.104477 -0.994521
vn 0.105897 0.217124 -0.970383
vn 0.113876 0.214171 -0.970136
vn 0.286161 0.240119 -0.927607
vn 0.296157 0.231383 -0.926689
vn 0.487149 0.121461 -0.864831
vn 0.478982 0.137346 -0.867014
vn -0.006058 0.034360 -0.999391
vn 0.036045 0.169583 -0.984856
vn 0.042067 0.168725 -0.984765
vn 0.181215 0.249421 -0.951289
vn 0.190786 0.244193 -0.950774
vn 0.378393 0.218465 -0.899495
vn 0.388448 0.206542 -0.898025
vn 0.552191 0.042521 -0.832633
vn 0.621700 0.043474 -0.782048
vn 0.558747 0.039072 -0.828417
vn -0.003650 0.104477 -0.994521
vn 0.000000 0.104731 -0.994501
vn 0.090494 0.223981 -0.970383
vn 0.098659 0.221593 -0.970136
vn 0.279295 0.251478 -0.926690
vn 0.268715 0.259494 -0.927607
vn 0.468234 0.170423 -0.867014
vn 0.477490 0.155146 -0.864831
vn -0.008441 0.033853 -0.999391
vn 0.024129 0.171684 -0.984857
vn 0.030195 0.171248 -0.984765
vn 0.173286 0.256908 -0.950774
vn 0.163375 0.261454 -0.951289
vn 0.362231 0.244328 -0.899496
vn 0.373094 0.233134 -0.898025
vn 0.548601 0.096733 -0.830469
vn 0.556123 0.078158 -0.827417
vn -0.010927 0.103968 -0.994521
vn -0.007305 0.104476 -0.994501
vn 0.082962 0.227935 -0.970136
vn 0.074651 0.229748 -0.970383
vn 0.261072 0.270348 -0.926689
vn 0.249959 0.277607 -0.927607
vn 0.465505 0.188076 -0.864831
vn 0.455205 0.202671 -0.867013
vn -0.010782 0.033182 -0.999391
vn 0.018177 0.172937 -0.984765
vn 0.012093 0.172949 -0.984857
vn 0.154943 0.268370 -0.950774
vn 0.144739 0.272214 -0.951289
vn 0.355922 0.258593 -0.898025
vn 0.344306 0.269001 -0.899495
vn 0.549316 0.116761 -0.827417
vn 0.540517 0.134767 -0.830469
vn -0.014576 0.103712 -0.994501
vn -0.018152 0.102953 -0.994521
vn 0.066859 0.233167 -0.970136
vn 0.058441 0.234396 -0.970383
vn 0.229986 0.294367 -0.927607
vn 0.241578 0.287901 -0.926689
vn 0.451251 0.220090 -0.864831
vn 0.439959 0.233931 -0.867014
vn 0.610957 0.038431 -0.790730
vn 0.623363 0.021769 -0.781630
vn 0.661475 0.023099 -0.749611
vn -0.013070 0.032349 -0.999391
vn 0.006069 0.173784 -0.984765
vn 0.000000 0.173371 -0.984857
vn 0.125397 0.281647 -0.951289
vn 0.135846 0.278524 -0.950774
vn 0.324703 0.292363 -0.899495
vn 0.337017 0.282791 -0.898025
vn 0.529799 0.172142 -0.830470
vn 0.539833 0.154794 -0.827417
vn -0.021774 0.102442 -0.994501
vn -0.025291 0.101436 -0.994521
vn 0.041948 0.237902 -0.970383
vn 0.050432 0.237263 -0.970136
vn 0.220906 0.304052 -0.926689
vn 0.208891 0.309693 -0.927607
vn 0.434799 0.251032 -0.864831
vn 0.422570 0.264050 -0.867014
vn 0.614970 0.064636 -0.785897
vn 0.607179 0.085333 -0.789970
vn -0.015295 0.031358 -0.999391
vn -0.006069 0.173784 -0.984765
vn -0.012093 0.172949 -0.984857
vn 0.105446 0.289708 -0.951289
vn 0.116085 0.287322 -0.950774
vn 0.303517 0.314302 -0.899495
vn 0.316469 0.305612 -0.898025
vn 0.516501 0.208680 -0.830470
vn 0.527720 0.192074 -0.827417
vn -0.032306 0.099424 -0.994521
vn -0.028868 0.100674 -0.994501
vn 0.025251 0.240248 -0.970383
vn 0.033758 0.240203 -0.970136
vn 0.186778 0.323510 -0.927607
vn 0.199159 0.318720 -0.926689
vn 0.416229 0.280750 -0.864831
vn 0.403120 0.292885 -0.867013
vn 0.608963 0.107377 -0.785897
vn 0.599747 0.127480 -0.789970
vn -0.017444 0.030216 -0.999391
vn -0.024129 0.171684 -0.984857
vn -0.018177 0.172937 -0.984765
vn 0.095760 0.294720 -0.950774
vn 0.084979 0.296358 -0.951289
vn 0.294381 0.326942 -0.898025
vn 0.280854 0.334708 -0.899495
vn 0.500686 0.244200 -0.830470
vn 0.513036 0.228418 -0.827417
vn 0.698293 -0.000019 -0.715812
vn -0.035820 0.098414 -0.994501
vn -0.039161 0.096929 -0.994521
vn 0.008432 0.241425 -0.970383
vn 0.016920 0.241972 -0.970136
vn 0.176440 0.331837 -0.926689
vn 0.163758 0.335751 -0.927607
vn 0.381708 0.320291 -0.867014
vn 0.395631 0.309101 -0.864831
vn 0.589394 0.169005 -0.789970
vn 0.599990 0.149595 -0.785897
vn -0.019510 0.028925 -0.999391
vn -0.030195 0.171248 -0.984765
vn -0.036045 0.169583 -0.984856
vn 0.074968 0.300681 -0.950774
vn 0.064100 0.301564 -0.951289
vn 0.256820 0.353485 -0.899495
vn 0.270857 0.346681 -0.898025
vn 0.495852 0.263650 -0.827417
vn 0.482431 0.278532 -0.830470
vn 0.662718 0.069654 -0.745623
vn 0.725975 0.050765 -0.685845
vn 0.655904 0.045866 -0.753449
vn 0.672603 0.040658 -0.738886
vn -0.045828 0.093960 -0.994521
vn -0.042598 0.095676 -0.994501
vn -0.008432 0.241425 -0.970383
vn 0.000000 0.242563 -0.970136
vn 0.139937 0.346357 -0.927607
vn 0.152864 0.343336 -0.926689
vn 0.358436 0.346138 -0.867014
vn 0.373106 0.335946 -0.864831
vn 0.576168 0.209708 -0.789970
vn 0.588094 0.191082 -0.785897
vn -0.021480 0.027493 -0.999391
vn -0.047787 0.166655 -0.984857
vn -0.042067 0.168725 -0.984765
vn 0.053810 0.305179 -0.950773
vn 0.042907 0.305301 -0.951289
vn 0.231538 0.370538 -0.899495
vn 0.246014 0.364730 -0.898025
vn 0.461827 0.311506 -0.830469
vn 0.476253 0.297597 -0.827417
vn 0.656244 0.115714 -0.745623
vn 0.665632 0.093549 -0.740394
vn -0.049169 0.092471 -0.994501
vn -0.052269 0.090536 -0.994521
vn -0.025251 0.240248 -0.970383
vn -0.016920 0.241972 -0.970136
vn 0.115435 0.355275 -0.927607
vn 0.128540 0.353163 -0.926689
vn 0.333418 0.370297 -0.867014
vn 0.348763 0.361153 -0.864831
vn 0.573331 0.231641 -0.785897
vn 0.560137 0.249389 -0.789970
vn -0.023345 0.025928 -0.999391
vn -0.059297 0.162916 -0.984856
vn -0.053736 0.165379 -0.984765
vn 0.021506 0.307550 -0.951289
vn 0.032392 0.308189 -0.950774
vn 0.205126 0.385786 -0.899496
vn 0.219973 0.381003 -0.898025
vn 0.454334 0.330092 -0.827417
vn 0.438972 0.342963 -0.830470
vn 0.657485 0.139753 -0.740394
vn 0.646574 0.161209 -0.745623
vn -0.058460 0.086668 -0.994521
vn -0.055499 0.088817 -0.994501
vn -0.033758 0.240203 -0.970136
vn -0.041948 0.237902 -0.970383
vn 0.103593 0.361269 -0.926689
vn 0.090372 0.362461 -0.927607
vn 0.322719 0.384603 -0.864831
vn 0.306775 0.392654 -0.867014
vn 0.541376 0.287855 -0.789970
vn 0.555776 0.271071 -0.785897
vn 0.732892 0.021741 -0.679997
vn 0.765613 0.032461 -0.642482
vn -0.025098 0.024236 -0.999391
vn -0.065140 0.161228 -0.984765
vn -0.070516 0.158383 -0.984856
vn 0.010815 0.309698 -0.950774
vn 0.000000 0.308301 -0.951289
vn 0.192859 0.395419 -0.898025
vn 0.177716 0.399155 -0.899495
vn 0.413979 0.372749 -0.830470
vn 0.430201 0.360982 -0.827417
vn 0.633754 0.205918 -0.745623
vn 0.646134 0.185276 -0.740394
vn -0.064362 0.082379 -0.994521
vn -0.061559 0.084729 -0.994501
vn -0.058441 0.234396 -0.970383
vn -0.050432 0.237263 -0.970136
vn 0.078139 0.367616 -0.926689
vn 0.064867 0.367882 -0.927607
vn 0.278638 0.413097 -0.867013
vn 0.295105 0.406178 -0.864831
vn 0.519977 0.324918 -0.789970
vn 0.535514 0.309179 -0.785897
vn 0.709344 0.099692 -0.697777
vn 0.727286 0.051640 -0.684389
vn 0.683699 0.071860 -0.726218
vn -0.026727 0.022427 -0.999391
vn -0.081394 0.153077 -0.984856
vn -0.076228 0.156291 -0.984765
vn -0.021506 0.307550 -0.951289
vn -0.010815 0.309698 -0.950774
vn 0.164806 0.407909 -0.898025
vn 0.149438 0.410580 -0.899496
vn 0.386970 0.400717 -0.830470
vn 0.403973 0.390111 -0.827417
vn 0.631637 0.229897 -0.740394
vn 0.617845 0.249626 -0.745623
vn -0.069951 0.077690 -0.994521
vn -0.067320 0.080228 -0.994501
vn -0.066859 0.233167 -0.970136
vn -0.074651 0.229748 -0.970383
vn 0.039048 0.371511 -0.927607
vn 0.052305 0.372171 -0.926689
vn 0.266054 0.425773 -0.864831
vn 0.249143 0.431527 -0.867014
vn 0.496046 0.360397 -0.789970
vn 0.512641 0.345781 -0.785897
vn 0.700662 0.148930 -0.697777
vn 0.711609 0.125475 -0.691281
vn -0.028226 0.020508 -0.999391
vn -0.086945 0.150593 -0.984765
vn -0.091873 0.147027 -0.984857
vn -0.042907 0.305301 -0.951289
vn -0.032392 0.308189 -0.950774
vn 0.120435 0.420004 -0.899495
vn 0.135949 0.418412 -0.898025
vn 0.358073 0.426737 -0.830469
vn 0.375775 0.417342 -0.827417
vn 0.614061 0.273398 -0.740394
vn 0.598927 0.292117 -0.745623
vn 0.797137 0.006656 -0.603761
vn -0.072752 0.075337 -0.994501
vn -0.075201 0.072619 -0.994521
vn -0.082962 0.227935 -0.970136
vn -0.090494 0.223981 -0.970383
vn 0.013037 0.373330 -0.927607
vn 0.026217 0.374913 -0.926689
vn 0.235704 0.443295 -0.864831
vn 0.218434 0.447855 -0.867014
vn 0.487273 0.380699 -0.785897
vn 0.469697 0.394123 -0.789970
vn 0.701122 0.174809 -0.691281
vn 0.688566 0.197443 -0.697777
vn -0.029588 0.018489 -0.999391
vn -0.097238 0.144161 -0.984765
vn -0.101904 0.140261 -0.984856
vn -0.064100 0.301564 -0.951289
vn -0.053810 0.305179 -0.950773
vn 0.106433 0.426876 -0.898025
vn 0.090842 0.427382 -0.899495
vn 0.345748 0.442537 -0.827417
vn 0.327434 0.450674 -0.830470
vn 0.577091 0.333184 -0.745623
vn 0.593494 0.315566 -0.740394
vn 0.758662 0.079739 -0.646587
vn 0.816220 0.057075 -0.574914
vn 0.715550 0.050036 -0.696767
vn 0.771016 0.042947 -0.635366
vn -0.080083 0.067198 -0.994521
vn -0.077830 0.070078 -0.994501
vn -0.098659 0.221593 -0.970136
vn -0.105897 0.217124 -0.970383
vn -0.013037 0.373330 -0.927607
vn 0.000000 0.375828 -0.926689
vn 0.204207 0.458658 -0.864831
vn 0.186661 0.462002 -0.867013
vn 0.441060 0.425926 -0.789970
vn 0.459529 0.413762 -0.785897
vn 0.673116 0.244994 -0.697777
vn 0.687220 0.223291 -0.691281
vn -0.030806 0.016380 -0.999391
vn -0.107057 0.137027 -0.984765
vn -0.111442 0.132810 -0.984856
vn -0.084979 0.296358 -0.951289
vn -0.074968 0.300681 -0.950774
vn 0.076394 0.433261 -0.898025
vn 0.060809 0.432678 -0.899495
vn 0.314036 0.465577 -0.827417
vn 0.295200 0.472416 -0.830470
vn 0.552444 0.372628 -0.745623
vn 0.570035 0.356198 -0.740394
vn 0.751251 0.132465 -0.646587
vn 0.761933 0.107083 -0.638742
vn -0.084575 0.061448 -0.994521
vn -0.082529 0.064479 -0.994501
vn -0.120786 0.209207 -0.970383
vn -0.113876 0.214171 -0.970136
vn -0.039048 0.371511 -0.927607
vn -0.026217 0.374913 -0.926689
vn 0.153978 0.473897 -0.867013
vn 0.171716 0.471785 -0.864831
vn 0.429547 0.444810 -0.785897
vn 0.410274 0.455657 -0.789970
vn 0.669971 0.270686 -0.691281
vn 0.654386 0.291352 -0.697777
vn -0.031873 0.014191 -0.999391
vn -0.120433 0.124713 -0.984856
vn -0.116355 0.129225 -0.984765
vn -0.095760 0.294720 -0.950774
vn -0.105446 0.289708 -0.951289
vn 0.030479 0.435866 -0.899495
vn 0.045988 0.437534 -0.898025
vn 0.280794 0.486349 -0.827417
vn 0.261526 0.491858 -0.830470
vn 0.543800 0.395093 -0.740394
vn 0.525105 0.410257 -0.745623
vn 0.752608 0.159972 -0.638742
vn 0.740181 0.184548 -0.646587
vn -0.088656 0.055399 -0.994521
vn -0.086826 0.058565 -0.994501
vn -0.135086 0.200272 -0.970383
vn -0.128539 0.205705 -0.970136
vn -0.064867 0.367882 -0.927607
vn -0.052305 0.372171 -0.926689
vn 0.120547 0.483483 -0.867014
vn 0.138388 0.482614 -0.864831
vn 0.397472 0.473690 -0.785897
vn 0.377491 0.483166 -0.789970
vn 0.632469 0.336289 -0.697777
vn 0.649456 0.316761 -0.691281
vn 0.825967 0.023654 -0.563221
vn -0.032786 0.011933 -0.999391
vn -0.128841 0.116008 -0.984856
vn -0.125085 0.120794 -0.984765
vn -0.116085 0.287322 -0.950774
vn -0.125397 0.281647 -0.951289
vn 0.000000 0.436930 -0.899495
vn 0.015353 0.439676 -0.898025
vn 0.226577 0.508903 -0.830470
vn 0.246184 0.504752 -0.827417
vn 0.495208 0.445887 -0.745623
vn 0.514914 0.432065 -0.740394
vn 0.725505 0.235731 -0.646586
vn 0.739615 0.212082 -0.638741
vn -0.092304 0.049079 -0.994521
vn -0.090700 0.052365 -0.994501
vn -0.148726 0.190361 -0.970383
vn -0.142575 0.196238 -0.970136
vn -0.090372 0.362461 -0.927607
vn -0.078139 0.367616 -0.926689
vn 0.104385 0.491092 -0.864831
vn 0.086524 0.490715 -0.867014
vn 0.342867 0.508321 -0.789970
vn 0.363462 0.500261 -0.785897
vn 0.607469 0.379590 -0.697777
vn 0.625778 0.361293 -0.691281
vn 0.755023 0.079356 -0.650879
vn 0.797889 0.112136 -0.592283
vn 0.817220 0.058006 -0.573399
vn -0.033538 0.009617 -0.999391
vn -0.136618 0.106739 -0.984857
vn -0.133207 0.111774 -0.984765
vn -0.144739 0.272214 -0.951289
vn -0.135846 0.278524 -0.950774
vn -0.015353 0.439676 -0.898025
vn -0.030479 0.435866 -0.899495
vn 0.190527 0.523469 -0.830470
vn 0.210373 0.520695 -0.827417
vn 0.483521 0.466931 -0.740394
vn 0.462898 0.479345 -0.745623
vn 0.707294 0.285765 -0.646586
vn 0.723020 0.263157 -0.638741
vn -0.094131 0.045911 -0.994501
vn -0.095503 0.042521 -0.994521
vn -0.161643 0.179523 -0.970383
vn -0.155916 0.185815 -0.970136
vn -0.103593 0.361269 -0.926689
vn -0.115435 0.355275 -0.927607
vn 0.069873 0.497177 -0.864831
vn 0.052086 0.495555 -0.867014
vn 0.306573 0.531000 -0.789970
vn 0.327680 0.524397 -0.785897
vn 0.579512 0.421039 -0.697777
vn 0.599051 0.404066 -0.691281
vn 0.788123 0.167521 -0.592283
vn 0.800099 0.141079 -0.583043
vn -0.034127 0.007254 -0.999391
vn -0.143732 0.096948 -0.984856
vn -0.140679 0.102210 -0.984765
vn -0.163375 0.261454 -0.951289
vn -0.154943 0.268370 -0.950773
vn -0.045988 0.437534 -0.898025
vn -0.060809 0.432678 -0.899495
vn 0.153548 0.535484 -0.830470
vn 0.173541 0.534101 -0.827417
vn 0.428332 0.510468 -0.745623
vn 0.449771 0.499522 -0.740394
vn 0.685637 0.334408 -0.646586
vn 0.702901 0.312952 -0.638741
vn 0.853212 0.014893 -0.521352
vn 0.878134 0.015328 -0.478170
vn -0.098237 0.035755 -0.994521
vn -0.097105 0.039233 -0.994501
vn -0.168498 0.174485 -0.970136
vn -0.173772 0.167810 -0.970383
vn -0.139937 0.346357 -0.927607
vn -0.128540 0.353163 -0.926689
vn 0.035023 0.500840 -0.864831
vn 0.017389 0.497981 -0.867013
vn 0.290301 0.545978 -0.785897
vn 0.268786 0.551092 -0.789969
vn 0.548729 0.460439 -0.697776
vn 0.569406 0.444869 -0.691280
vn 0.774517 0.222090 -0.592283
vn 0.788309 0.196547 -0.583042
vn -0.034550 0.004856 -0.999391
vn -0.150144 0.086685 -0.984856
vn -0.147467 0.092147 -0.984765
vn -0.181215 0.249421 -0.951289
vn -0.173286 0.256908 -0.950774
vn -0.090842 0.427382 -0.899495
vn -0.076394 0.433261 -0.898025
vn 0.115820 0.544891 -0.830469
vn 0.135860 0.544906 -0.827417
vn 0.391682 0.539102 -0.745623
vn 0.413831 0.529680 -0.740394
vn 0.679359 0.361221 -0.638742
vn 0.660640 0.381420 -0.646587
vn 0.889715 0.062215 -0.452257
vn 0.837647 0.058574 -0.543062
vn 0.854207 0.042978 -0.518154
vn 0.840180 0.088306 -0.535070
vn -0.099605 0.032364 -0.994501
vn -0.100491 0.028816 -0.994521
vn -0.185055 0.155279 -0.970383
vn -0.180260 0.162306 -0.970136
vn -0.152864 0.343336 -0.926689
vn -0.163758 0.335751 -0.927607
vn -0.017389 0.497981 -0.867013
vn 0.000000 0.502063 -0.864831
vn 0.229687 0.568499 -0.789970
vn 0.251510 0.564898 -0.785897
vn 0.536987 0.483504 -0.691281
vn 0.515274 0.497594 -0.697777
vn 0.757139 0.275575 -0.592283
vn 0.772678 0.251058 -0.583043
vn -0.034805 0.002434 -0.999391
vn -0.155825 0.076001 -0.984857
vn -0.153535 0.081636 -0.984765
vn -0.198172 0.236173 -0.951289
vn -0.190786 0.244193 -0.950774
vn -0.106433 0.426876 -0.898025
vn -0.120435 0.420004 -0.899495
vn 0.097520 0.553056 -0.827417
vn 0.077528 0.551642 -0.830470
vn 0.353122 0.565112 -0.745623
vn 0.375875 0.557257 -0.740394
vn 0.652506 0.407732 -0.638741
vn 0.632423 0.426576 -0.646586
vn 0.843169 0.118499 -0.524428
vn 0.831973 0.146699 -0.535070
vn -0.101620 0.025337 -0.994501
vn -0.102256 0.021735 -0.994521
vn -0.191142 0.149337 -0.970136
vn -0.195435 0.141993 -0.970383
vn -0.176440 0.331837 -0.926689
vn -0.186778 0.323510 -0.927607
vn -0.052086 0.495555 -0.867014
vn -0.035023 0.500840 -0.864831
vn 0.211490 0.581066 -0.785897
vn 0.189473 0.583136 -0.789970
vn 0.479308 0.532326 -0.697777
vn 0.501950 0.519785 -0.691280
vn 0.736071 0.327721 -0.592282
vn 0.753283 0.304347 -0.583042
vn -0.034890 0.000000 -0.999391
vn -0.158856 0.070727 -0.984765
vn -0.160747 0.064947 -0.984857
vn -0.214164 0.221774 -0.951289
vn -0.207355 0.230291 -0.950773
vn -0.149438 0.410580 -0.899496
vn -0.135949 0.418412 -0.898025
vn 0.038859 0.555707 -0.830470
vn 0.058701 0.558511 -0.827417
vn 0.336087 0.582119 -0.740394
vn 0.312840 0.588368 -0.745623
vn 0.601126 0.469652 -0.646586
vn 0.622475 0.452254 -0.638741
vn 0.819713 0.204378 -0.535070
vn 0.832849 0.177028 -0.524428
vn -0.103524 0.014549 -0.994521
vn -0.103140 0.018186 -0.994501
vn -0.204865 0.128013 -0.970383
vn -0.201094 0.135640 -0.970136
vn -0.208891 0.309693 -0.927607
vn -0.199159 0.318720 -0.926689
vn -0.069873 0.497177 -0.864831
vn -0.086524 0.490715 -0.867014
vn 0.148333 0.594933 -0.789970
vn 0.170443 0.594404 -0.785897
vn 0.441007 0.564464 -0.697777
vn 0.464470 0.553533 -0.691281
vn 0.711418 0.378267 -0.592282
vn 0.730218 0.356151 -0.583042
vn 0.875076 0.043175 -0.482056
vn 0.900642 0.026685 -0.433742
vn -0.034805 -0.002434 -0.999391
vn -0.164886 0.053575 -0.984856
vn -0.163403 0.059474 -0.984765
vn -0.222914 0.215265 -0.950773
vn -0.229113 0.206293 -0.951289
vn -0.164806 0.407909 -0.898025
vn -0.177716 0.399155 -0.899495
vn 0.019599 0.561246 -0.827417
vn 0.000000 0.557064 -0.830470
vn 0.294661 0.604145 -0.740394
vn 0.271037 0.608757 -0.745623
vn 0.589411 0.494574 -0.638742
vn 0.566902 0.510439 -0.646586
vn 0.803460 0.261060 -0.535070
vn 0.818471 0.234693 -0.524428
vn -0.104157 0.010947 -0.994501
vn -0.104286 0.007293 -0.994521
vn -0.210066 0.121281 -0.970136
vn -0.213295 0.113411 -0.970383
vn -0.229986 0.294367 -0.927607
vn -0.220906 0.304052 -0.926689
vn -0.120547 0.483483 -0.867014
vn -0.104385 0.491092 -0.864831
vn 0.128563 0.604845 -0.785897
vn 0.106473 0.603831 -0.789970
vn 0.424725 0.584585 -0.691281
vn 0.400559 0.593852 -0.697777
vn 0.683298 0.426973 -0.592282
vn 0.703596 0.406221 -0.583042
vn 0.871248 0.122446 -0.475325
vn 0.881339 0.092632 -0.463315
vn 0.951208 0.099976 -0.291903
vn -0.034550 -0.004856 -0.999391
vn -0.168222 0.041942 -0.984856
vn -0.167153 0.047930 -0.984765
vn -0.237386 0.199192 -0.950774
vn -0.242945 0.189810 -0.951289
vn -0.192859 0.395419 -0.898025
vn -0.205126 0.385786 -0.899496
vn -0.038859 0.555707 -0.830470
vn -0.019599 0.561246 -0.827417
vn 0.251802 0.623228 -0.740394
vn 0.227910 0.626181 -0.745624
vn 0.529914 0.548742 -0.646586
vn 0.553475 0.534486 -0.638741
vn 0.800106 0.291215 -0.524427
vn 0.783292 0.316471 -0.535070
vn -0.104667 0.003655 -0.994501
vn -0.104541 0.000000 -0.994521
vn -0.218015 0.106332 -0.970136
vn -0.220687 0.098255 -0.970383
vn -0.249959 0.277607 -0.927607
vn -0.241578 0.287901 -0.926689
vn -0.138388 0.482614 -0.864831
vn -0.153978 0.473897 -0.867013
vn 0.064091 0.609787 -0.789970
vn 0.086059 0.612340 -0.785897
vn 0.358157 0.620347 -0.697777
vn 0.382913 0.612787 -0.691281
vn 0.651849 0.473596 -0.592283
vn 0.673545 0.454311 -0.583043
vn 0.872731 0.153886 -0.463314
vn 0.860585 0.182923 -0.475324
vn -0.034127 -0.007254 -0.999391
vn -0.170738 0.030106 -0.984856
vn -0.170090 0.036154 -0.984765
vn -0.250704 0.182146 -0.950774
vn -0.255593 0.172401 -0.951289
vn -0.231538 0.370538 -0.899495
vn -0.219973 0.381003 -0.898025
vn -0.058701 0.558511 -0.827417
vn -0.077528 0.551642 -0.830470
vn 0.207712 0.639275 -0.740394
vn 0.183676 0.640554 -0.745623
vn 0.490344 0.584370 -0.646587
vn 0.514844 0.571791 -0.638741
vn 0.777843 0.346317 -0.524428
vn 0.759308 0.370339 -0.535071
vn 0.921425 0.009974 -0.388428
vn -0.104667 -0.003655 -0.994501
vn -0.104286 -0.007293 -0.994521
vn -0.227003 0.082623 -0.970383
vn -0.224900 0.090866 -0.970136
vn -0.261072 0.270348 -0.926689
vn -0.268715 0.259494 -0.927607
vn -0.171716 0.471785 -0.864831
vn -0.186661 0.462002 -0.867013
vn 0.043135 0.616851 -0.785897
vn 0.021399 0.612772 -0.789970
vn 0.314011 0.643820 -0.697777
vn 0.339234 0.638006 -0.691281
vn 0.640212 0.500189 -0.583043
vn 0.617225 0.517913 -0.592283
vn 0.859870 0.214390 -0.463314
vn 0.845728 0.242509 -0.475325
vn -0.033538 -0.009617 -0.999391
vn -0.172197 0.024201 -0.984765
vn -0.172422 0.018122 -0.984856
vn -0.262799 0.164215 -0.950773
vn -0.266997 0.154151 -0.951289
vn -0.246014 0.364730 -0.898025
vn -0.256820 0.353485 -0.899495
vn -0.097520 0.553056 -0.827417
vn -0.115820 0.544891 -0.830469
vn 0.138545 0.651806 -0.745623
vn 0.162614 0.652207 -0.740394
vn 0.448386 0.617151 -0.646587
vn 0.473703 0.606312 -0.638742
vn 0.731625 0.422404 -0.535070
vn 0.751790 0.399734 -0.524428
vn 0.902517 0.062570 -0.426084
vn 0.975369 0.068204 -0.209771
vn 0.901937 0.063070 -0.427237
vn -0.103524 -0.014549 -0.994521
vn -0.104157 -0.010947 -0.994501
vn -0.232214 0.066586 -0.970383
vn -0.230691 0.074956 -0.970136
vn -0.286161 0.240119 -0.927607
vn -0.279295 0.251478 -0.926690
vn -0.218434 0.447855 -0.867014
vn -0.204207 0.458658 -0.864831
vn -0.021399 0.612772 -0.789970
vn 0.000000 0.618357 -0.785897
vn 0.293901 0.660116 -0.691281
vn 0.268338 0.664156 -0.697776
vn 0.579593 0.559707 -0.592283
vn 0.603762 0.543629 -0.583043
vn 0.826751 0.300913 -0.475325
vn 0.842820 0.273849 -0.463315
vn -0.032786 -0.011933 -0.999391
vn -0.173466 0.012130 -0.984765
vn -0.173266 0.006051 -0.984857
vn -0.277100 0.135150 -0.951289
vn -0.273613 0.145484 -0.950774
vn -0.270857 0.346681 -0.898025
vn -0.280854 0.334708 -0.899495
vn -0.153548 0.535484 -0.830470
vn -0.135860 0.544906 -0.827417
vn 0.116722 0.661961 -0.740394
vn 0.092741 0.659882 -0.745623
vn 0.404245 0.646925 -0.646587
vn 0.430255 0.637879 -0.638742
vn 0.722074 0.451203 -0.524428
vn 0.700378 0.472410 -0.535069
vn 0.907622 0.127558 -0.399940
vn 0.896787 0.158128 -0.413241
vn -0.103140 -0.018186 -0.994501
vn -0.102256 -0.021736 -0.994521
vn -0.235358 0.058681 -0.970136
vn -0.236293 0.050226 -0.970383
vn -0.302215 0.219571 -0.927607
vn -0.296157 0.231383 -0.926689
vn -0.235704 0.443295 -0.864831
vn -0.249143 0.431527 -0.867014
vn -0.064091 0.609787 -0.789970
vn -0.043135 0.616851 -0.785897
vn 0.247139 0.679010 -0.691280
vn 0.221353 0.681257 -0.697776
vn 0.564368 0.584422 -0.583043
vn 0.539140 0.598774 -0.592282
vn 0.821665 0.331974 -0.463315
vn 0.803747 0.357850 -0.475324
vn -0.031873 -0.014190 -0.999391
vn -0.173266 -0.006051 -0.984857
vn -0.173890 0.000000 -0.984765
vn -0.285852 0.115492 -0.951289
vn -0.283095 0.126042 -0.950774
vn -0.303517 0.314302 -0.899495
vn -0.294381 0.326942 -0.898025
vn -0.173541 0.534101 -0.827417
vn -0.190527 0.523469 -0.830470
vn 0.046484 0.664745 -0.745623
vn 0.070261 0.668491 -0.740394
vn 0.358132 0.673549 -0.646586
vn 0.384710 0.666339 -0.638741
vn 0.665717 0.520116 -0.535070
vn 0.688842 0.500472 -0.524427
vn 0.883572 0.220299 -0.413241
vn 0.896513 0.190560 -0.399940
vn -0.101620 -0.025337 -0.994501
vn -0.100491 -0.028815 -0.994521
vn -0.239221 0.033620 -0.970383
vn -0.238878 0.042121 -0.970136
vn -0.311576 0.210160 -0.926689
vn -0.316795 0.197955 -0.927607
vn -0.266054 0.425773 -0.864831
vn -0.278638 0.413097 -0.867013
vn -0.086059 0.612340 -0.785897
vn -0.106473 0.603831 -0.789970
vn 0.173292 0.695037 -0.697777
vn 0.199173 0.694594 -0.691281
vn 0.522228 0.622366 -0.583042
vn 0.496057 0.634924 -0.592282
vn 0.796506 0.388482 -0.463314
vn 0.776827 0.413046 -0.475324
vn 0.933320 0.050475 -0.355479
vn 0.939033 0.037320 -0.341797
vn 0.955131 0.030385 -0.294622
vn -0.030806 -0.016380 -0.999391
vn -0.172422 -0.018122 -0.984856
vn -0.173466 -0.012130 -0.984765
vn -0.293212 0.095270 -0.951289
vn -0.291198 0.105987 -0.950774
vn -0.316469 0.305612 -0.898025
vn -0.324703 0.292363 -0.899495
vn -0.210373 0.520695 -0.827417
vn -0.226577 0.508903 -0.830470
vn 0.023459 0.671764 -0.740394
vn 0.000000 0.666368 -0.745623
vn 0.310274 0.696890 -0.646587
vn 0.337293 0.691551 -0.638741
vn 0.652252 0.547305 -0.524428
vn 0.627815 0.565287 -0.535070
vn 0.881036 0.252633 -0.399940
vn 0.866053 0.281398 -0.413241
vn -0.099605 -0.032364 -0.994501
vn -0.098236 -0.035755 -0.994521
vn -0.241234 0.025355 -0.970136
vn -0.240983 0.016851 -0.970383
vn -0.325477 0.187914 -0.926689
vn -0.329831 0.175375 -0.927607
vn -0.295105 0.406178 -0.864831
vn -0.306775 0.392654 -0.867014
vn -0.128563 0.604845 -0.785897
vn -0.148333 0.594933 -0.789970
vn 0.150234 0.706796 -0.691281
vn 0.124388 0.705433 -0.697777
vn 0.450559 0.667981 -0.592283
vn 0.477542 0.657279 -0.583042
vn 0.767467 0.443097 -0.463314
vn 0.746121 0.466229 -0.475324
vn 0.978778 0.102873 -0.177233
vn 0.937177 0.098501 -0.334658
vn 0.927953 0.130415 -0.349134
vn -0.029588 -0.018488 -0.999391
vn -0.170738 -0.030106 -0.984856
vn -0.172197 -0.024201 -0.984765
vn -0.299143 0.074585 -0.951289
vn -0.297882 0.085417 -0.950774
vn -0.337017 0.282791 -0.898025
vn -0.344306 0.269001 -0.899495
vn -0.261526 0.491858 -0.830470
vn -0.246184 0.504752 -0.827417
vn -0.046484 0.664745 -0.745623
vn -0.023459 0.671764 -0.740394
vn 0.288230 0.713395 -0.638742
vn 0.260907 0.716835 -0.646587
vn 0.612486 0.591470 -0.524427
vn 0.586852 0.607704 -0.535070
vn 0.844313 0.341125 -0.413242
vn 0.861267 0.313475 -0.399940
vn -0.097105 -0.039233 -0.994501
vn -0.095504 -0.042519 -0.994521
vn -0.241572 0.000000 -0.970383
vn -0.242415 0.008465 -0.970136
vn -0.341262 0.151939 -0.927607
vn -0.337792 0.164753 -0.926689
vn -0.322719 0.384603 -0.864831
vn -0.333418 0.370297 -0.867014
vn -0.189473 0.583136 -0.789970
vn -0.170443 0.594404 -0.785897
vn 0.074875 0.712392 -0.697776
vn 0.100564 0.715555 -0.691280
vn 0.402864 0.697783 -0.592283
vn 0.430529 0.688990 -0.583042
vn 0.734688 0.495553 -0.463315
vn 0.711782 0.517139 -0.475325
vn 0.916595 0.194829 -0.349134
vn 0.928023 0.163635 -0.334658
vn -0.028226 -0.020508 -0.999391
vn -0.168222 -0.041942 -0.984857
vn -0.170090 -0.036153 -0.984765
vn -0.303115 0.064429 -0.950774
vn -0.303618 0.053536 -0.951289
vn -0.362231 0.244328 -0.899496
vn -0.355922 0.258593 -0.898025
vn -0.280794 0.486349 -0.827417
vn -0.295200 0.472416 -0.830470
vn -0.092741 0.659882 -0.745623
vn -0.070261 0.668491 -0.740394
vn 0.237764 0.731763 -0.638742
vn 0.210269 0.733289 -0.646586
vn 0.543032 0.647160 -0.535071
vn 0.569735 0.632754 -0.524428
vn 0.837302 0.372791 -0.399940
vn 0.818461 0.399190 -0.413241
vn 0.969052 0.008114 -0.246725
vn -0.092304 -0.049080 -0.994521
vn -0.094132 -0.045911 -0.994501
vn -0.240983 -0.016851 -0.970383
vn -0.242415 -0.008465 -0.970136
vn -0.348462 0.140788 -0.926689
vn -0.351029 0.127764 -0.927607
vn -0.358436 0.346138 -0.867014
vn -0.348763 0.361153 -0.864831
vn -0.229687 0.568499 -0.789970
vn -0.211490 0.581066 -0.785897
vn 0.050406 0.720827 -0.691280
vn 0.024999 0.715879 -0.697777
vn 0.353210 0.724185 -0.592282
vn 0.381417 0.717344 -0.583043
vn 0.673974 0.565532 -0.475324
vn 0.698330 0.545596 -0.463314
vn 0.914348 0.227973 -0.334658
vn 0.900772 0.258292 -0.349134
vn -0.026727 -0.022427 -0.999391
vn -0.164886 -0.053575 -0.984857
vn -0.167153 -0.047930 -0.984765
vn -0.306871 0.043128 -0.950774
vn -0.306613 0.032226 -0.951289
vn -0.373094 0.233134 -0.898025
vn -0.378393 0.218465 -0.899495
vn -0.327434 0.450674 -0.830470
vn -0.314036 0.465577 -0.827417
vn -0.116722 0.661961 -0.740394
vn -0.138545 0.651806 -0.745623
vn 0.186140 0.746567 -0.638741
vn 0.158603 0.746171 -0.646586
vn 0.496566 0.683464 -0.535070
vn 0.524207 0.670956 -0.524428
vn 0.788622 0.455311 -0.413241
vn 0.809258 0.430290 -0.399940
vn 0.951938 0.063343 -0.299670
vn 0.948474 0.066323 -0.309837
vn 0.986984 0.069016 -0.145257
vn -0.090699 -0.052366 -0.994501
vn -0.088656 -0.055398 -0.994521
vn -0.241234 -0.025355 -0.970136
vn -0.239221 -0.033621 -0.970383
vn -0.359086 0.102967 -0.927607
vn -0.357434 0.116137 -0.926689
vn -0.373106 0.335946 -0.864831
vn -0.381708 0.320291 -0.867014
vn -0.268786 0.551092 -0.789969
vn -0.251510 0.564898 -0.785897
vn -0.024999 0.715879 -0.697777
vn 0.000000 0.722587 -0.691280
vn 0.301832 0.747061 -0.592282
vn 0.330450 0.742203 -0.583042
vn 0.632883 0.611168 -0.475324
vn 0.658571 0.592979 -0.463314
vn 0.896218 0.291199 -0.334658
vn 0.880561 0.320498 -0.349134
vn -0.025097 -0.024237 -0.999391
vn -0.160747 -0.064947 -0.984857
vn -0.163403 -0.059474 -0.984765
vn -0.309132 0.021617 -0.950773
vn -0.308114 0.010760 -0.951289
vn -0.388448 0.206542 -0.898025
vn -0.392710 0.191538 -0.899495
vn -0.345748 0.442537 -0.827417
vn -0.358073 0.426737 -0.830469
vn -0.162614 0.652207 -0.740394
vn -0.183676 0.640554 -0.745623
vn 0.106166 0.755417 -0.646586
vn 0.133609 0.757732 -0.638741
vn 0.476128 0.705888 -0.524427
vn 0.447680 0.716438 -0.535069
vn 0.754940 0.509213 -0.413241
vn 0.777271 0.485693 -0.399940
vn 0.954100 0.134090 -0.267794
vn 0.944465 0.166535 -0.283289
vn -0.086826 -0.058565 -0.994501
vn -0.084575 -0.061449 -0.994521
vn -0.238878 -0.042121 -0.970136
vn -0.236293 -0.050225 -0.970383
vn -0.364665 0.090921 -0.926689
vn -0.365394 0.077667 -0.927607
vn -0.395631 0.309101 -0.864831
vn -0.403120 0.292885 -0.867013
vn -0.290301 0.545978 -0.785897
vn -0.306573 0.531000 -0.789970
vn -0.050406 0.720827 -0.691280
vn -0.074875 0.712392 -0.697776
vn 0.277872 0.763446 -0.583042
vn 0.248984 0.766295 -0.592282
vn 0.588709 0.653826 -0.475324
vn 0.615602 0.637474 -0.463314
vn 0.856058 0.381142 -0.349134
vn 0.873722 0.353006 -0.334658
vn -0.023346 -0.025928 -0.999391
vn -0.155826 -0.076000 -0.984856
vn -0.158856 -0.070728 -0.984765
vn -0.308114 -0.010760 -0.951289
vn -0.309887 0.000000 -0.950774
vn -0.401909 0.178942 -0.898025
vn -0.405115 0.163677 -0.899495
vn -0.375775 0.417342 -0.827417
vn -0.386970 0.400717 -0.830470
vn -0.227910 0.626181 -0.745624
vn -0.207712 0.639275 -0.740394
vn 0.080427 0.765206 -0.638742
vn 0.053214 0.760982 -0.646587
vn 0.425728 0.737382 -0.524427
vn 0.396613 0.745922 -0.535070
vn 0.717579 0.560635 -0.413242
vn 0.741498 0.538729 -0.399940
vn 0.930547 0.232012 -0.283289
vn 0.942422 0.200319 -0.267793
vn -0.080083 -0.067198 -0.994521
vn -0.082529 -0.064478 -0.994501
vn -0.235358 -0.058681 -0.970136
vn -0.232214 -0.066586 -0.970383
vn -0.369922 0.051989 -0.927607
vn -0.370118 0.065262 -0.926689
vn -0.422570 0.264050 -0.867014
vn -0.416229 0.280750 -0.864831
vn -0.342867 0.508321 -0.789970
vn -0.327680 0.524397 -0.785897
vn -0.100564 0.715555 -0.691280
vn -0.124388 0.705433 -0.697777
vn 0.223940 0.780969 -0.583043
vn 0.194924 0.781796 -0.592283
vn 0.541665 0.693301 -0.475324
vn 0.569634 0.678865 -0.463314
vn 0.846969 0.413094 -0.334658
vn 0.827386 0.439929 -0.349135
vn 0.973351 0.052775 -0.223167
vn 0.979600 0.034208 -0.198025
vn 0.988240 0.034510 -0.148963
vn -0.021480 -0.027493 -0.999391
vn -0.153536 -0.081636 -0.984765
vn -0.150144 -0.086687 -0.984856
vn -0.309132 -0.021617 -0.950774
vn -0.306613 -0.032226 -0.951289
vn -0.415545 0.135019 -0.899495
vn -0.413413 0.150470 -0.898025
vn -0.413979 0.372749 -0.830470
vn -0.403973 0.390111 -0.827417
vn -0.251802 0.623228 -0.740394
vn -0.271037 0.608757 -0.745623
vn 0.000000 0.762841 -0.646586
vn 0.026852 0.768953 -0.638741
vn 0.343614 0.771770 -0.535070
vn 0.373253 0.765283 -0.524428
vn 0.702111 0.589142 -0.399940
vn 0.676724 0.609324 -0.413242
vn 0.912096 0.296358 -0.283289
vn 0.926153 0.265570 -0.267793
vn -0.077830 -0.070078 -0.994501
vn -0.075200 -0.072621 -0.994521
vn -0.230692 -0.074956 -0.970136
vn -0.227003 -0.082623 -0.970383
vn -0.372647 0.026058 -0.927607
vn -0.373769 0.039285 -0.926689
vn -0.434799 0.251032 -0.864831
vn -0.439959 0.233931 -0.867014
vn -0.377491 0.483166 -0.789970
vn -0.363462 0.500261 -0.785897
vn -0.150234 0.706796 -0.691281
vn -0.173292 0.695037 -0.697777
vn 0.168915 0.794688 -0.583043
vn 0.139913 0.793489 -0.592283
vn 0.520891 0.716946 -0.463314
vn 0.491984 0.729396 -0.475324
vn 0.816090 0.471170 -0.334658
vn 0.794683 0.496573 -0.349135
vn 0.966894 0.135888 -0.215987
vn 0.974497 0.102424 -0.199661
vn -0.019510 -0.028925 -0.999391
vn -0.147467 -0.092147 -0.984765
vn -0.143731 -0.096949 -0.984856
vn -0.306871 -0.043128 -0.950773
vn -0.303618 -0.053536 -0.951289
vn -0.422902 0.121265 -0.898025
vn -0.423952 0.105703 -0.899495
vn -0.430201 0.360982 -0.827417
vn -0.438972 0.342963 -0.830470
vn -0.312840 0.588368 -0.745623
vn -0.294661 0.604145 -0.740394
vn -0.053214 0.760982 -0.646587
vn -0.026852 0.768953 -0.638741
vn 0.288942 0.793859 -0.535071
vn 0.318961 0.789455 -0.524428
vn 0.659305 0.636683 -0.399940
vn 0.632571 0.655046 -0.413241
vn 0.889201 0.359260 -0.283289
vn 0.905372 0.329528 -0.267794
vn -0.069952 -0.077689 -0.994521
vn -0.072752 -0.075337 -0.994501
vn -0.224901 -0.090866 -0.970136
vn -0.220686 -0.098257 -0.970383
vn -0.373557 0.000000 -0.927607
vn -0.375599 0.013116 -0.926689
vn -0.451251 0.220090 -0.864831
vn -0.455205 0.202671 -0.867013
vn -0.410274 0.455657 -0.789970
vn -0.397472 0.473690 -0.785897
vn -0.221353 0.681257 -0.697776
vn -0.199173 0.694594 -0.691281
vn 0.084222 0.801316 -0.592283
vn 0.113070 0.804535 -0.583043
vn 0.469612 0.751535 -0.463314
vn 0.439905 0.761938 -0.475325
vn 0.758109 0.550797 -0.349134
vn 0.781235 0.526950 -0.334658
vn 0.964979 0.170151 -0.199661
vn 0.955059 0.203005 -0.215987
vn -0.017445 -0.030215 -0.999391
vn -0.140679 -0.102210 -0.984765
vn -0.136619 -0.106738 -0.984856
vn -0.303115 -0.064429 -0.950774
vn -0.299143 -0.074585 -0.951289
vn -0.430331 0.091469 -0.898025
vn -0.430292 0.075872 -0.899495
vn -0.454334 0.330092 -0.827417
vn -0.461827 0.311506 -0.830469
vn -0.336087 0.582119 -0.740394
vn -0.353122 0.565112 -0.745623
vn -0.106166 0.755417 -0.646586
vn -0.080427 0.765206 -0.638742
vn 0.263114 0.809781 -0.524428
vn 0.232861 0.812081 -0.535070
vn 0.613286 0.681123 -0.399940
vn 0.585336 0.697577 -0.413242
vn 0.861975 0.420413 -0.283289
vn 0.880179 0.391881 -0.267793
vn 0.994992 0.008766 -0.099565
vn -0.067320 -0.080228 -0.994501
vn -0.064362 -0.082379 -0.994521
vn -0.218014 -0.106333 -0.970136
vn -0.213295 -0.113411 -0.970383
vn -0.375599 -0.013116 -0.926689
vn -0.372647 -0.026058 -0.927607
vn -0.465505 0.188076 -0.864831
vn -0.468234 0.170423 -0.867014
vn -0.429547 0.444810 -0.785897
vn -0.441060 0.425926 -0.789970
vn -0.268338 0.664156 -0.697776
vn -0.247139 0.679010 -0.691280
vn 0.028119 0.805239 -0.592283
vn 0.056673 0.810462 -0.583043
vn 0.416042 0.782463 -0.463315
vn 0.385684 0.790768 -0.475324
vn 0.742574 0.580162 -0.334657
vn 0.717839 0.602339 -0.349134
vn 0.950759 0.237051 -0.199662
vn 0.938572 0.269131 -0.215987
vn -0.015294 -0.031359 -0.999391
vn -0.128841 -0.116008 -0.984856
vn -0.133208 -0.111773 -0.984765
vn -0.293212 -0.095270 -0.951289
vn -0.297882 -0.085417 -0.950774
vn -0.435663 0.061229 -0.898025
vn -0.434537 0.045672 -0.899495
vn -0.476253 0.297597 -0.827417
vn -0.482431 0.278532 -0.830470
vn -0.391682 0.539102 -0.745623
vn -0.375875 0.557257 -0.740394
vn -0.133609 0.757732 -0.638741
vn -0.158603 0.746171 -0.646586
vn 0.205984 0.826164 -0.524427
vn 0.175645 0.826347 -0.535069
vn 0.535249 0.736708 -0.413242
vn 0.564279 0.722245 -0.399940
vn 0.850699 0.452325 -0.267793
vn 0.830548 0.479517 -0.283289
vn 0.990970 0.053600 -0.122907
vn 0.976929 0.068313 -0.202346
vn 0.997150 0.069727 -0.028802
vn 0.983630 0.103384 -0.147597
vn -0.061560 -0.084729 -0.994501
vn -0.058460 -0.086668 -0.994521
vn -0.204865 -0.128013 -0.970383
vn -0.210066 -0.121281 -0.970136
vn -0.373769 -0.039285 -0.926689
vn -0.369922 -0.051989 -0.927607
vn -0.477490 0.155146 -0.864831
vn -0.478982 0.137346 -0.867014
vn -0.469697 0.394123 -0.789970
vn -0.459529 0.413762 -0.785897
vn -0.293901 0.660116 -0.691281
vn -0.314011 0.643820 -0.697777
vn -0.028119 0.805239 -0.592283
vn 0.000000 0.812441 -0.583043
vn 0.329584 0.815746 -0.475324
vn 0.360448 0.809578 -0.463314
vn 0.674074 0.650946 -0.349134
vn 0.700295 0.630548 -0.334658
vn 0.917512 0.333947 -0.215987
vn 0.931907 0.302795 -0.199662
vn -0.013070 -0.032349 -0.999391
vn -0.120433 -0.124713 -0.984857
vn -0.125086 -0.120793 -0.984765
vn -0.291198 -0.105987 -0.950774
vn -0.285852 -0.115492 -0.951289
vn -0.438873 0.030689 -0.898025
vn -0.436664 0.015248 -0.899495
vn -0.500686 0.244200 -0.830470
vn -0.495852 0.263650 -0.827417
vn -0.413831 0.529680 -0.740394
vn -0.428332 0.510468 -0.745623
vn -0.210269 0.733289 -0.646586
vn -0.186140 0.746567 -0.638741
vn 0.147855 0.838519 -0.524428
vn 0.117575 0.836586 -0.535071
vn 0.482556 0.772250 -0.413242
vn 0.512523 0.759847 -0.399940
vn 0.817075 0.510565 -0.267793
vn 0.795075 0.536286 -0.283289
vn 0.981779 0.137981 -0.130656
vn 0.974022 0.171746 -0.147596
vn -0.052271 -0.090535 -0.994521
vn -0.055499 -0.088817 -0.994501
vn -0.195435 -0.141992 -0.970383
vn -0.201095 -0.135639 -0.970136
vn -0.365394 -0.077667 -0.927607
vn -0.370119 -0.065262 -0.926689
vn -0.487149 0.121461 -0.864831
vn -0.487396 0.103599 -0.867014
vn -0.487273 0.380699 -0.785897
vn -0.496046 0.360397 -0.789970
vn -0.339234 0.638006 -0.691281
vn -0.358157 0.620347 -0.697777
vn -0.056673 0.810462 -0.583043
vn -0.084222 0.801316 -0.592283
vn 0.271877 0.836750 -0.475324
vn 0.303096 0.832750 -0.463314
vn 0.654604 0.677862 -0.334658
vn 0.627025 0.696380 -0.349134
vn 0.908515 0.367064 -0.199662
vn 0.891982 0.397136 -0.215988
vn -0.010782 -0.033182 -0.999391
vn -0.111442 -0.132810 -0.984856
vn -0.116354 -0.129226 -0.984765
vn -0.277099 -0.135151 -0.951289
vn -0.283095 -0.126043 -0.950774
vn -0.439945 0.000000 -0.898025
vn -0.436664 -0.015248 -0.899495
vn -0.516501 0.208680 -0.830470
vn -0.513036 0.228418 -0.827417
vn -0.449771 0.499522 -0.740394
vn -0.462898 0.479345 -0.745623
vn -0.260907 0.716835 -0.646587
vn -0.237764 0.731763 -0.638742
vn 0.089001 0.846791 -0.524428
vn 0.058931 0.842750 -0.535070
vn 0.458271 0.793748 -0.399940
vn 0.427510 0.804031 -0.413242
vn 0.755729 0.590440 -0.283290
vn 0.779469 0.566317 -0.267794
vn 0.959669 0.239273 -0.147597
vn 0.969763 0.206129 -0.130656
vn -0.049168 -0.092472 -0.994501
vn -0.045826 -0.093961 -0.994521
vn -0.185056 -0.155278 -0.970383
vn -0.191142 -0.149338 -0.970136
vn -0.364664 -0.090921 -0.926689
vn -0.359086 -0.102967 -0.927607
vn -0.493435 0.069348 -0.867014
vn -0.494435 0.087182 -0.864831
vn -0.519977 0.324918 -0.789970
vn -0.512641 0.345781 -0.785897
vn -0.382913 0.612787 -0.691281
vn -0.400559 0.593852 -0.697777
vn -0.139913 0.793489 -0.592283
vn -0.113070 0.804535 -0.583043
vn 0.244269 0.851864 -0.463314
vn 0.212844 0.853677 -0.475325
vn 0.605725 0.721874 -0.334658
vn 0.576919 0.738424 -0.349134
vn 0.880697 0.429544 -0.199663
vn 0.862107 0.458390 -0.215988
vn 0.998245 0.032011 -0.049822
vn 0.999233 0.039170 0.000000
vn -0.008440 -0.033853 -0.999391
vn -0.107057 -0.137027 -0.984765
vn -0.101906 -0.140260 -0.984856
vn -0.273614 -0.145483 -0.950774
vn -0.266997 -0.154151 -0.951289
vn -0.438873 -0.030689 -0.898025
vn -0.434537 -0.045672 -0.899495
vn -0.527720 0.192074 -0.827417
vn -0.529799 0.172142 -0.830470
vn -0.495208 0.445887 -0.745623
vn -0.483521 0.466931 -0.740394
vn -0.310274 0.696890 -0.646587
vn -0.288230 0.713395 -0.638742
vn 0.029716 0.850936 -0.524428
vn 0.000000 0.844808 -0.535070
vn 0.401785 0.823782 -0.399940
vn 0.370384 0.831894 -0.413241
vn 0.738065 0.619311 -0.267794
vn 0.712702 0.641719 -0.283289
vn 0.940640 0.305632 -0.147597
vn 0.953022 0.273274 -0.130656
vn -0.039161 -0.096929 -0.994521
vn -0.042598 -0.095676 -0.994501
vn -0.180260 -0.162307 -0.970136
vn -0.173773 -0.167809 -0.970383
vn -0.357434 -0.116137 -0.926689
vn -0.351029 -0.127764 -0.927607
vn -0.497071 0.034758 -0.867014
vn -0.499313 0.052479 -0.864831
vn -0.541376 0.287855 -0.789970
vn -0.535514 0.309179 -0.785897
vn -0.424725 0.584585 -0.691281
vn -0.441007 0.564464 -0.697777
vn -0.194924 0.781796 -0.592283
vn -0.168915 0.794688 -0.583043
vn 0.184249 0.866828 -0.463315
vn 0.152779 0.866444 -0.475324
vn 0.553893 0.762369 -0.334658
vn 0.524004 0.776869 -0.349134
vn 0.848588 0.489933 -0.199662
vn 0.828031 0.517411 -0.215988
vn 0.996946 0.065997 -0.041759
vn 0.979340 0.102932 -0.174063
vn 0.987221 0.138745 -0.078381
vn -0.006058 -0.034360 -0.999391
vn -0.091873 -0.147028 -0.984856
vn -0.097238 -0.144161 -0.984765
vn -0.262799 -0.164214 -0.950774
vn -0.255594 -0.172399 -0.951289
vn -0.430292 -0.075872 -0.899495
vn -0.435663 -0.061229 -0.898025
vn -0.540517 0.134767 -0.830469
vn -0.539833 0.154794 -0.827417
vn -0.525105 0.410257 -0.745623
vn -0.514914 0.432065 -0.740394
vn -0.358132 0.673549 -0.646586
vn -0.337293 0.691551 -0.638741
vn -0.058931 0.842750 -0.535070
vn -0.029716 0.850936 -0.524428
vn 0.311451 0.855704 -0.413241
vn 0.343342 0.849802 -0.399940
vn 0.666201 0.689872 -0.283289
vn 0.693067 0.669287 -0.267794
vn 0.931637 0.339089 -0.130656
vn 0.917029 0.370504 -0.147597
vn -0.032306 -0.099424 -0.994521
vn -0.035819 -0.098415 -0.994501
vn -0.168500 -0.174485 -0.970136
vn -0.161642 -0.179524 -0.970383
vn -0.341262 -0.151940 -0.927607
vn -0.348461 -0.140789 -0.926689
vn -0.501757 0.017522 -0.864831
vn -0.498284 0.000000 -0.867014
vn -0.560137 0.249389 -0.789970
vn -0.555776 0.271071 -0.785897
vn -0.464470 0.553533 -0.691281
vn -0.479308 0.532326 -0.697777
vn -0.248984 0.766295 -0.592282
vn -0.223940 0.780969 -0.583043
vn 0.091964 0.874991 -0.475324
vn 0.123334 0.877570 -0.463314
vn 0.499365 0.799149 -0.334659
vn 0.468537 0.811528 -0.349135
vn 0.789921 0.573911 -0.215987
vn 0.812345 0.547933 -0.199662
vn 0.982970 0.173324 -0.061066
vn 0.975138 0.207272 -0.078381
vn -0.003648 -0.034698 -0.999391
vn -0.086945 -0.150593 -0.984765
vn -0.081392 -0.153078 -0.984856
vn -0.250703 -0.182147 -0.950773
vn -0.242944 -0.189811 -0.951289
vn -0.423952 -0.105703 -0.899495
vn -0.430331 -0.091469 -0.898025
vn -0.548601 0.096733 -0.830469
vn -0.549316 0.116761 -0.827417
vn -0.552444 0.372628 -0.745623
vn -0.543800 0.395093 -0.740394
vn -0.384710 0.666339 -0.638741
vn -0.404245 0.646925 -0.646587
vn -0.089001 0.846791 -0.524428
vn -0.117575 0.836586 -0.535071
vn 0.251002 0.875345 -0.413242
vn 0.283228 0.871682 -0.399940
vn 0.644691 0.716003 -0.267793
vn 0.616456 0.734663 -0.283288
vn 0.888950 0.433570 -0.147596
vn 0.905714 0.403250 -0.130655
vn 0.998688 0.011735 0.049844
vn -0.028869 -0.100673 -0.994501
vn -0.025288 -0.101436 -0.994521
vn -0.148726 -0.190361 -0.970383
vn -0.155917 -0.185814 -0.970136
vn -0.337792 -0.164751 -0.926689
vn -0.329831 -0.175374 -0.927607
vn -0.501757 -0.017522 -0.864831
vn -0.497071 -0.034758 -0.867014
vn -0.576168 0.209708 -0.789970
vn -0.573331 0.231641 -0.785897
vn -0.515274 0.497594 -0.697777
vn -0.501950 0.519785 -0.691280
vn -0.301832 0.747061 -0.592282
vn -0.277872 0.763446 -0.583042
vn 0.061818 0.884035 -0.463314
vn 0.030706 0.879275 -0.475324
vn 0.442401 0.832037 -0.334658
vn 0.410785 0.842236 -0.349134
vn 0.747962 0.627616 -0.215987
vn 0.772144 0.603266 -0.199661
vn 0.958304 0.274789 -0.078380
vn 0.968485 0.241470 -0.061065
vn -0.001218 -0.034868 -0.999391
vn -0.076229 -0.156291 -0.984765
vn -0.070516 -0.158383 -0.984857
vn -0.229112 -0.206294 -0.951289
vn -0.237386 -0.199192 -0.950774
vn -0.415546 -0.135018 -0.899495
vn -0.422902 -0.121266 -0.898025
vn -0.556123 0.078158 -0.827417
vn -0.554012 0.058229 -0.830470
vn -0.577091 0.333184 -0.745623
vn -0.570035 0.356198 -0.740394
vn -0.430255 0.637879 -0.638742
vn -0.448386 0.617151 -0.646587
vn -0.147855 0.838519 -0.524428
vn -0.175645 0.826347 -0.535069
vn 0.189328 0.890722 -0.413242
vn 0.221732 0.889316 -0.399940
vn 0.563706 0.775876 -0.283289
vn 0.593176 0.759229 -0.267793
vn 0.856540 0.494524 -0.147596
vn 0.875379 0.465447 -0.130655
vn 0.986036 0.068951 -0.151589
vn 0.994484 0.104524 -0.008722
vn 0.998422 0.053572 0.016819
vn 0.992554 0.069407 0.100099
vn -0.018152 -0.102953 -0.994521
vn -0.021774 -0.102442 -0.994501
vn -0.142574 -0.196238 -0.970136
vn -0.135086 -0.200272 -0.970383
vn -0.316795 -0.197954 -0.927607
vn -0.325476 -0.187915 -0.926690
vn -0.499313 -0.052480 -0.864831
vn -0.493435 -0.069348 -0.867014
vn -0.588094 0.191082 -0.785897
vn -0.589394 0.169005 -0.789970
vn -0.548729 0.460439 -0.697776
vn -0.536987 0.483504 -0.691281
vn -0.330450 0.742203 -0.583042
vn -0.353210 0.724185 -0.592282
vn -0.030706 0.879275 -0.475324
vn 0.000000 0.886194 -0.463314
vn 0.351034 0.868839 -0.349135
vn 0.383284 0.860870 -0.334658
vn 0.702361 0.678262 -0.215987
vn 0.728181 0.655658 -0.199662
vn 0.949282 0.308441 -0.061065
vn 0.936802 0.340968 -0.078380
vn 0.001218 -0.034868 -0.999391
vn -0.059295 -0.162916 -0.984856
vn -0.065139 -0.161228 -0.984765
vn -0.214165 -0.221773 -0.951289
vn -0.222914 -0.215265 -0.950774
vn -0.413413 -0.150470 -0.898025
vn -0.405114 -0.163678 -0.899495
vn -0.560220 0.039175 -0.827417
vn -0.556724 0.019441 -0.830470
vn -0.593494 0.315566 -0.740394
vn -0.598927 0.292117 -0.745623
vn -0.473703 0.606312 -0.638742
vn -0.490344 0.584370 -0.646587
vn -0.232861 0.812081 -0.535070
vn -0.205984 0.826164 -0.524427
vn 0.126734 0.901760 -0.413241
vn 0.159155 0.902617 -0.399940
vn 0.508212 0.813307 -0.283290
vn 0.538769 0.798758 -0.267794
vn 0.819958 0.553068 -0.147596
vn 0.840779 0.525376 -0.130655
vn 0.984770 0.173642 -0.008722
vn 0.990230 0.139168 0.008723
vn -0.010929 -0.103968 -0.994521
vn -0.014577 -0.103711 -0.994501
vn -0.128539 -0.205705 -0.970136
vn -0.120786 -0.209207 -0.970383
vn -0.302214 -0.219572 -0.927607
vn -0.311576 -0.210161 -0.926689
vn -0.494435 -0.087183 -0.864831
vn -0.487396 -0.103599 -0.867014
vn -0.599747 0.127480 -0.789970
vn -0.599990 0.149595 -0.785897
vn -0.569406 0.444869 -0.691280
vn -0.579512 0.421039 -0.697777
vn -0.381417 0.717344 -0.583043
vn -0.402864 0.697783 -0.592283
vn -0.061818 0.884035 -0.463314
vn -0.091964 0.874991 -0.475324
vn 0.322299 0.885510 -0.334658
vn 0.289572 0.891209 -0.349134
vn 0.653336 0.725604 -0.215988
vn 0.680672 0.704856 -0.199662
vn 0.910735 0.405485 -0.078381
vn 0.925454 0.373907 -0.061065
vn 0.003648 -0.034698 -0.999391
vn -0.053734 -0.165379 -0.984765
vn -0.047789 -0.166655 -0.984856
vn -0.207355 -0.230290 -0.950774
vn -0.198173 -0.236172 -0.951289
vn -0.392711 -0.191537 -0.899495
vn -0.401909 -0.178942 -0.898025
vn -0.561588 0.000000 -0.827417
vn -0.556724 -0.019441 -0.830470
vn -0.614061 0.273398 -0.740394
vn -0.617845 0.249626 -0.745623
vn -0.529914 0.548742 -0.646586
vn -0.514844 0.571791 -0.638741
vn -0.263114 0.809781 -0.524428
vn -0.288942 0.793859 -0.535071
vn 0.063522 0.908403 -0.413242
vn 0.095805 0.911520 -0.399940
vn 0.481738 0.834395 -0.267793
vn 0.450239 0.846778 -0.283290
vn 0.802082 0.582746 -0.130655
vn 0.779380 0.608919 -0.147597
vn 0.978110 0.207904 0.008723
vn 0.970259 0.241913 -0.008722
vn -0.003650 -0.104477 -0.994521
vn -0.007305 -0.104475 -0.994501
vn -0.105899 -0.217123 -0.970383
vn -0.113876 -0.214171 -0.970136
vn -0.286161 -0.240119 -0.927607
vn -0.296157 -0.231383 -0.926689
vn -0.478982 -0.137347 -0.867013
vn -0.487150 -0.121461 -0.864831
vn -0.607179 0.085333 -0.789970
vn -0.608963 0.107377 -0.785897
vn -0.599051 0.404066 -0.691281
vn -0.607469 0.379590 -0.697777
vn -0.450559 0.667981 -0.592283
vn -0.430529 0.688990 -0.583042
vn -0.123334 0.877570 -0.463314
vn -0.152779 0.866444 -0.475324
vn 0.226699 0.909238 -0.349133
vn 0.259744 0.905835 -0.334657
vn 0.629845 0.750620 -0.199663
vn 0.601130 0.769410 -0.215988
vn 0.897117 0.437553 -0.061066
vn 0.880231 0.468027 -0.078381
vn 0.994570 0.030429 0.099522
vn 0.006058 -0.034360 -0.999391
vn -0.036045 -0.169583 -0.984857
vn -0.042070 -0.168724 -0.984765
vn -0.190784 -0.244195 -0.950773
vn -0.181214 -0.249422 -0.951289
vn -0.378392 -0.218466 -0.899495
vn -0.388448 -0.206541 -0.898025
vn -0.554013 -0.058229 -0.830470
vn -0.560220 -0.039175 -0.827417
vn -0.631637 0.229897 -0.740394
vn -0.633754 0.205918 -0.745623
vn -0.566902 0.510439 -0.646586
vn -0.553475 0.534486 -0.638741
vn -0.343614 0.771770 -0.535070
vn -0.318961 0.789455 -0.524428
vn 0.000000 0.910621 -0.413242
vn 0.031986 0.915983 -0.399940
vn 0.422360 0.865967 -0.267794
vn 0.390074 0.876121 -0.283290
vn 0.735005 0.661802 -0.147597
vn 0.759477 0.637278 -0.130656
vn 0.961225 0.275627 0.008723
vn 0.951020 0.309006 -0.008723
vn 0.003650 -0.104477 -0.994521
vn -0.000000 -0.104731 -0.994501
vn -0.098660 -0.221592 -0.970136
vn -0.090493 -0.223982 -0.970383
vn -0.268715 -0.259495 -0.927607
vn -0.279294 -0.251478 -0.926689
vn -0.468234 -0.170423 -0.867014
vn -0.477490 -0.155145 -0.864831
vn -0.614970 0.064636 -0.785897
vn -0.611652 0.042771 -0.789970
vn -0.625778 0.361293 -0.691281
vn -0.632469 0.336289 -0.697777
vn -0.496057 0.634924 -0.592282
vn -0.477542 0.657279 -0.583042
vn -0.212844 0.853677 -0.475325
vn -0.184249 0.866828 -0.463315
vn 0.195924 0.921747 -0.334658
vn 0.162720 0.922837 -0.349134
vn 0.545994 0.809469 -0.215986
vn 0.575950 0.792728 -0.199661
vn 0.845439 0.528289 -0.078381
vn 0.864409 0.499067 -0.061066
vn 0.993034 0.067957 0.096257
vn 0.988420 0.138913 0.061065
vn 0.991884 0.104251 -0.072793
vn 0.008440 -0.033853 -0.999391
vn -0.024131 -0.171684 -0.984856
vn -0.030194 -0.171248 -0.984765
vn -0.173287 -0.256907 -0.950773
vn -0.163375 -0.261454 -0.951289
vn -0.373094 -0.233135 -0.898025
vn -0.362232 -0.244328 -0.899495
vn -0.548601 -0.096733 -0.830470
vn -0.556123 -0.078158 -0.827417
vn -0.646134 0.185276 -0.740394
vn -0.646574 0.161209 -0.745623
vn -0.589411 0.494574 -0.638742
vn -0.601126 0.469652 -0.646586
vn -0.396613 0.745922 -0.535070
vn -0.373253 0.765283 -0.524428
vn -0.063522 0.908403 -0.413242
vn -0.031986 0.915983 -0.399940
vn 0.328009 0.901198 -0.283290
vn 0.360924 0.893320 -0.267794
vn 0.687051 0.711461 -0.147596
vn 0.713173 0.688704 -0.130656
vn 0.927149 0.374592 -0.008723
vn 0.939657 0.342007 0.008722
vn 0.007305 -0.104475 -0.994501
vn 0.010929 -0.103968 -0.994521
vn -0.074649 -0.229748 -0.970383
vn -0.082960 -0.227935 -0.970136
vn -0.261072 -0.270348 -0.926689
vn -0.249960 -0.277606 -0.927607
vn -0.455205 -0.202671 -0.867014
vn -0.465504 -0.188077 -0.864831
vn -0.613146 0.000000 -0.789970
vn -0.617981 0.021581 -0.785897
vn -0.649456 0.316761 -0.691281
vn -0.654386 0.291352 -0.697777
vn -0.522228 0.622366 -0.583042
vn -0.539140 0.598774 -0.592282
vn -0.271877 0.836750 -0.475324
vn -0.244269 0.851864 -0.463314
vn 0.131149 0.933169 -0.334659
vn 0.097952 0.931939 -0.349134
vn 0.519250 0.830972 -0.199661
vn 0.488198 0.845584 -0.215987
vn 0.806528 0.585977 -0.078380
vn 0.827490 0.558149 -0.061065
vn 0.981778 0.173113 0.078380
vn 0.976322 0.207523 0.061065
vn 0.010782 -0.033182 -0.999391
vn -0.012093 -0.172949 -0.984857
vn -0.018178 -0.172937 -0.984765
vn -0.154944 -0.268369 -0.950774
vn -0.144738 -0.272214 -0.951289
vn -0.344306 -0.269001 -0.899495
vn -0.355923 -0.258592 -0.898025
vn -0.540517 -0.134766 -0.830470
vn -0.549316 -0.116761 -0.827417
vn -0.657485 0.139753 -0.740394
vn -0.656244 0.115714 -0.745623
vn -0.632423 0.426576 -0.646586
vn -0.622475 0.452254 -0.638741
vn -0.447680 0.716438 -0.535069
vn -0.425728 0.737382 -0.524427
vn -0.126734 0.901760 -0.413241
vn -0.095805 0.911520 -0.399940
vn 0.297730 0.916320 -0.267794
vn 0.264345 0.921883 -0.283290
vn 0.635748 0.757654 -0.147597
vn 0.663395 0.736774 -0.130656
vn 0.898760 0.438354 -0.008723
vn 0.913511 0.406721 0.008722
vn 0.988682 0.017258 0.149030
vn 0.980030 0.017107 0.198112
vn 0.014577 -0.103711 -0.994501
vn 0.018152 -0.102953 -0.994521
vn -0.058444 -0.234395 -0.970383
vn -0.066861 -0.233166 -0.970136
vn -0.229983 -0.294369 -0.927607
vn -0.241578 -0.287902 -0.926689
vn -0.451251 -0.220090 -0.864831
vn -0.439959 -0.233930 -0.867014
vn -0.617981 -0.021581 -0.785897
vn -0.611652 -0.042771 -0.789970
vn -0.673116 0.244994 -0.697777
vn -0.669971 0.270686 -0.691281
vn -0.579593 0.559707 -0.592283
vn -0.564368 0.584422 -0.583043
vn -0.303096 0.832750 -0.463314
vn -0.329584 0.815746 -0.475324
vn 0.032703 0.936502 -0.349134
vn 0.065733 0.940044 -0.334658
vn 0.460019 0.865170 -0.199661
vn 0.428024 0.877579 -0.215987
vn 0.763687 0.640811 -0.078381
vn 0.786541 0.614512 -0.061065
vn 0.967311 0.241178 0.078381
vn 0.959468 0.275123 0.061065
vn 0.013070 -0.032349 -0.999391
vn 0.000000 -0.173372 -0.984857
vn -0.006068 -0.173784 -0.984765
vn -0.125399 -0.281647 -0.951289
vn -0.135843 -0.278525 -0.950774
vn -0.337017 -0.282792 -0.898025
vn -0.324702 -0.292364 -0.899495
vn -0.529800 -0.172141 -0.830470
vn -0.539833 -0.154794 -0.827417
vn -0.665632 0.093549 -0.740394
vn -0.662718 0.069654 -0.745623
vn -0.652506 0.407732 -0.638741
vn -0.660640 0.381420 -0.646587
vn -0.496566 0.683464 -0.535070
vn -0.476128 0.705888 -0.524427
vn -0.189328 0.890722 -0.413242
vn -0.159155 0.902617 -0.399940
vn 0.233085 0.934857 -0.267794
vn 0.199395 0.938077 -0.283289
vn 0.581347 0.800157 -0.147596
vn 0.610384 0.781256 -0.130655
vn 0.865992 0.499981 -0.008722
vn 0.882914 0.469454 0.008723
vn 0.985997 0.103633 0.130656
vn 0.991158 0.069308 0.113147
vn 0.970355 0.067854 0.231962
vn 0.986290 0.047154 0.158139
vn 0.021774 -0.102442 -0.994501
vn 0.025288 -0.101436 -0.994521
vn -0.050430 -0.237263 -0.970136
vn -0.041946 -0.237902 -0.970383
vn -0.208892 -0.309692 -0.927607
vn -0.220907 -0.304051 -0.926689
vn -0.422569 -0.264051 -0.867014
vn -0.434800 -0.251031 -0.864831
vn -0.614970 -0.064636 -0.785897
vn -0.607179 -0.085333 -0.789970
vn -0.687221 0.223291 -0.691281
vn -0.688566 0.197443 -0.697777
vn -0.617225 0.517913 -0.592283
vn -0.603762 0.543629 -0.583043
vn -0.385684 0.790768 -0.475324
vn -0.360448 0.809578 -0.463314
vn 0.000000 0.942340 -0.334658
vn -0.032703 0.936502 -0.349134
vn 0.365764 0.905299 -0.215987
vn 0.398547 0.895151 -0.199661
vn 0.717127 0.692521 -0.078381
vn 0.741757 0.667882 -0.061066
vn 0.948131 0.308066 0.078381
vn 0.937939 0.341382 0.061066
vn 0.015294 -0.031359 -0.999391
vn 0.006068 -0.173784 -0.984765
vn 0.012093 -0.172949 -0.984857
vn -0.105444 -0.289710 -0.951289
vn -0.116086 -0.287322 -0.950773
vn -0.316471 -0.305610 -0.898025
vn -0.303517 -0.314301 -0.899496
vn -0.516501 -0.208681 -0.830469
vn -0.527720 -0.192075 -0.827417
vn -0.670536 0.046889 -0.740394
vn -0.665962 0.023256 -0.745623
vn -0.685637 0.334408 -0.646586
vn -0.679359 0.361221 -0.638742
vn -0.524207 0.670956 -0.524428
vn -0.543032 0.647160 -0.535071
vn -0.221732 0.889316 -0.399940
vn -0.251002 0.875345 -0.413242
vn 0.167306 0.948839 -0.267793
vn 0.133472 0.949701 -0.283289
vn 0.554399 0.821931 -0.130656
vn 0.524116 0.838760 -0.147596
vn 0.829006 0.559172 -0.008723
vn 0.848016 0.529899 0.008723
vn 0.976366 0.172159 0.130656
vn 0.979422 0.137649 0.147597
vn 0.032306 -0.099424 -0.994521
vn 0.028869 -0.100673 -0.994501
vn -0.033759 -0.240202 -0.970136
vn -0.025253 -0.240248 -0.970383
vn -0.186780 -0.323509 -0.927607
vn -0.199160 -0.318719 -0.926689
vn -0.416229 -0.280751 -0.864831
vn -0.403121 -0.292884 -0.867013
vn -0.608963 -0.107377 -0.785897
vn -0.599747 -0.127481 -0.789970
vn -0.700662 0.148930 -0.697777
vn -0.701122 0.174809 -0.691281
vn -0.640212 0.500189 -0.583043
vn -0.651849 0.473596 -0.592283
vn -0.439905 0.761938 -0.475325
vn -0.416042 0.782463 -0.463315
vn -0.097952 0.931939 -0.349134
vn -0.065733 0.940044 -0.334658
vn 0.301723 0.928608 -0.215987
vn 0.335134 0.920772 -0.199661
vn 0.693362 0.717997 -0.061066
vn 0.667073 0.740858 -0.078381
vn 0.911840 0.405978 0.061066
vn 0.924331 0.373454 0.078381
vn 0.017445 -0.030215 -0.999391
vn 0.018178 -0.172937 -0.984765
vn 0.024131 -0.171684 -0.984856
vn -0.095761 -0.294719 -0.950773
vn -0.084981 -0.296358 -0.951289
vn -0.294379 -0.326943 -0.898025
vn -0.280853 -0.334708 -0.899495
vn -0.513036 -0.228418 -0.827417
vn -0.500685 -0.244201 -0.830470
vn -0.665962 -0.023256 -0.745623
vn -0.672173 0.000000 -0.740394
vn -0.707294 0.285765 -0.646586
vn -0.702901 0.312952 -0.638741
vn -0.586852 0.607704 -0.535070
vn -0.569735 0.632754 -0.524428
vn -0.283228 0.871682 -0.399940
vn -0.311451 0.855704 -0.413241
vn 0.100711 0.958199 -0.267793
vn 0.066898 0.956699 -0.283289
vn 0.495715 0.858601 -0.130656
vn 0.464330 0.873277 -0.147597
vn 0.808986 0.587763 0.008722
vn 0.787981 0.615638 -0.008723
vn 0.961978 0.239848 0.130655
vn 0.967435 0.205634 0.147597
vn 0.035819 -0.098415 -0.994501
vn 0.039161 -0.096929 -0.994521
vn -0.016920 -0.241972 -0.970136
vn -0.008430 -0.241425 -0.970383
vn -0.176439 -0.331838 -0.926689
vn -0.163755 -0.335752 -0.927607
vn -0.381707 -0.320292 -0.867014
vn -0.395632 -0.309100 -0.864831
vn -0.589394 -0.169005 -0.789970
vn -0.599990 -0.149595 -0.785897
vn -0.709344 0.099692 -0.697777
vn -0.711609 0.125475 -0.691281
vn -0.683298 0.426973 -0.592282
vn -0.673545 0.454311 -0.583043
vn -0.469612 0.751535 -0.463314
vn -0.491984 0.729396 -0.475324
vn -0.162720 0.922837 -0.349134
vn -0.131149 0.933169 -0.334659
vn 0.236211 0.947393 -0.215987
vn 0.270087 0.941907 -0.199661
vn 0.613767 0.785587 -0.078380
vn 0.641587 0.764615 -0.061064
vn 0.881299 0.468596 0.061065
vn 0.896029 0.437022 0.078381
vn 0.968664 0.029426 0.246626
vn 0.980796 0.047124 0.189258
vn 0.019510 -0.028925 -0.999391
vn 0.030194 -0.171248 -0.984765
vn 0.036045 -0.169583 -0.984857
vn -0.074967 -0.300683 -0.950773
vn -0.064098 -0.301565 -0.951289
vn -0.270857 -0.346680 -0.898025
vn -0.256821 -0.353483 -0.899496
vn -0.495852 -0.263649 -0.827417
vn -0.482432 -0.278531 -0.830470
vn -0.670536 -0.046889 -0.740394
vn -0.662718 -0.069654 -0.745623
vn -0.723020 0.263157 -0.638741
vn -0.725505 0.235731 -0.646586
vn -0.612486 0.591470 -0.524427
vn -0.627815 0.565287 -0.535070
vn -0.370384 0.831894 -0.413241
vn -0.343342 0.849802 -0.399940
vn 0.000000 0.959035 -0.283289
vn 0.033624 0.962889 -0.267793
vn 0.402282 0.903540 -0.147597
vn 0.434613 0.891090 -0.130656
vn 0.743116 0.669106 -0.008722
vn 0.766015 0.642764 0.008723
vn 0.942904 0.306368 0.130655
vn 0.950734 0.272619 0.147596
vn 0.045826 -0.093961 -0.994521
vn 0.042598 -0.095676 -0.994501
vn -0.000000 -0.242563 -0.970136
vn 0.008430 -0.241425 -0.970383
vn -0.152862 -0.343337 -0.926689
vn -0.139937 -0.346357 -0.927607
vn -0.358437 -0.346136 -0.867014
vn -0.373105 -0.335946 -0.864831
vn -0.576168 -0.209709 -0.789970
vn -0.588093 -0.191082 -0.785897
vn -0.714570 0.049968 -0.697777
vn -0.718628 0.075531 -0.691281
vn -0.711418 0.378267 -0.592282
vn -0.703596 0.406221 -0.583042
vn -0.520891 0.716946 -0.463314
vn -0.541665 0.693301 -0.475324
vn -0.195924 0.921747 -0.334658
vn -0.226699 0.909238 -0.349133
vn 0.169550 0.961562 -0.215988
vn 0.203727 0.958452 -0.199662
vn 0.557472 0.826487 -0.078381
vn 0.586689 0.807507 -0.061065
vn 0.846466 0.528930 0.061066
vn 0.863361 0.498462 0.078381
vn 0.971047 0.102061 0.215987
vn 0.970329 0.136371 0.199662
vn 0.914589 0.096127 0.392794
vn 0.021480 -0.027493 -0.999391
vn 0.047789 -0.166655 -0.984856
vn 0.042070 -0.168724 -0.984765
vn -0.053813 -0.305178 -0.950774
vn -0.042909 -0.305301 -0.951289
vn -0.231539 -0.370537 -0.899495
vn -0.246013 -0.364731 -0.898025
vn -0.476253 -0.297597 -0.827417
vn -0.461826 -0.311507 -0.830470
vn -0.665632 -0.093549 -0.740394
vn -0.656244 -0.115714 -0.745623
vn -0.739615 0.212082 -0.638741
vn -0.740181 0.184548 -0.646587
vn -0.652252 0.547305 -0.524428
vn -0.665717 0.520116 -0.535070
vn -0.427510 0.804031 -0.413242
vn -0.401785 0.823782 -0.399940
vn -0.033624 0.962889 -0.267793
vn -0.066898 0.956699 -0.283289
vn 0.338274 0.929401 -0.147597
vn 0.371396 0.919236 -0.130656
vn 0.694632 0.719312 -0.008723
vn 0.719313 0.694632 0.008722
vn 0.929401 0.338275 0.147596
vn 0.919236 0.371395 0.130656
vn 0.049168 -0.092472 -0.994501
vn 0.052271 -0.090535 -0.994521
vn 0.016920 -0.241972 -0.970136
vn 0.025253 -0.240248 -0.970383
vn -0.128543 -0.353162 -0.926690
vn -0.115437 -0.355273 -0.927607
vn -0.348762 -0.361154 -0.864831
vn -0.333417 -0.370299 -0.867013
vn -0.573331 -0.231641 -0.785897
vn -0.560136 -0.249388 -0.789970
vn -0.716315 0.000000 -0.697777
vn -0.722146 0.025218 -0.691280
vn -0.736071 0.327721 -0.592282
vn -0.730218 0.356151 -0.583042
vn -0.588709 0.653826 -0.475324
vn -0.569634 0.678865 -0.463314
vn -0.289572 0.891209 -0.349134
vn -0.259744 0.905835 -0.334657
vn 0.102061 0.971047 -0.215988
vn 0.136371 0.970329 -0.199662
vn 0.528930 0.846466 -0.061066
vn 0.498463 0.863361 -0.078380
vn 0.807507 0.586688 0.061066
vn 0.826487 0.557472 0.078381
vn 0.961563 0.169549 0.215987
vn 0.958453 0.203725 0.199661
vn 0.023346 -0.025928 -0.999391
vn 0.053734 -0.165379 -0.984765
vn 0.059295 -0.162916 -0.984856
vn -0.032391 -0.308189 -0.950773
vn -0.021506 -0.307551 -0.951289
vn -0.219973 -0.381003 -0.898025
vn -0.205125 -0.385787 -0.899495
vn -0.438973 -0.342962 -0.830470
vn -0.454334 -0.330092 -0.827418
vn -0.646573 -0.161210 -0.745623
vn -0.657485 -0.139752 -0.740394
vn -0.752608 0.159972 -0.638742
vn -0.751251 0.132465 -0.646587
vn -0.700378 0.472410 -0.535069
vn -0.688842 0.500472 -0.524427
vn -0.482556 0.772250 -0.413242
vn -0.458271 0.793748 -0.399940
vn -0.100711 0.958199 -0.267793
vn -0.133472 0.949701 -0.283289
vn 0.272618 0.950734 -0.147597
vn 0.306368 0.942904 -0.130656
vn 0.642763 0.766016 -0.008723
vn 0.669105 0.743117 0.008722
vn 0.891089 0.434613 0.130656
vn 0.903540 0.402282 0.147597
vn 0.955517 0.010740 0.294742
vn 0.058460 -0.086668 -0.994521
vn 0.055499 -0.088817 -0.994501
vn 0.041946 -0.237902 -0.970383
vn 0.033759 -0.240202 -0.970136
vn -0.090370 -0.362462 -0.927607
vn -0.103590 -0.361270 -0.926689
vn -0.322720 -0.384603 -0.864831
vn -0.306776 -0.392653 -0.867013
vn -0.555776 -0.271070 -0.785897
vn -0.541376 -0.287854 -0.789970
vn -0.722146 -0.025218 -0.691280
vn -0.714570 -0.049968 -0.697777
vn -0.757139 0.275575 -0.592283
vn -0.753283 0.304347 -0.583042
vn -0.615602 0.637474 -0.463314
vn -0.632883 0.611168 -0.475324
vn -0.322299 0.885510 -0.334658
vn -0.351034 0.868839 -0.349135
vn 0.068352 0.977478 -0.199663
vn 0.034075 0.975801 -0.215988
vn 0.437022 0.896029 -0.078380
vn 0.468596 0.881300 -0.061064
vn 0.785587 0.613767 0.078381
vn 0.764615 0.641588 0.061065
vn 0.941907 0.270088 0.199662
vn 0.947393 0.236212 0.215987
vn 0.025097 -0.024237 -0.999391
vn 0.065139 -0.161228 -0.984765
vn 0.070516 -0.158383 -0.984857
vn -0.010813 -0.309698 -0.950773
vn 0.000000 -0.308302 -0.951288
vn -0.192858 -0.395420 -0.898025
vn -0.177714 -0.399156 -0.899495
vn -0.413979 -0.372749 -0.830470
vn -0.430201 -0.360982 -0.827417
vn -0.633753 -0.205918 -0.745623
vn -0.646134 -0.185276 -0.740394
vn -0.758662 0.079739 -0.646587
vn -0.761933 0.107083 -0.638742
vn -0.722074 0.451203 -0.524428
vn -0.731625 0.422404 -0.535070
vn -0.535249 0.736708 -0.413242
vn -0.512523 0.759847 -0.399940
vn -0.199395 0.938077 -0.283289
vn -0.167306 0.948839 -0.267793
vn 0.239848 0.961978 -0.130656
vn 0.205636 0.967434 -0.147596
vn 0.615638 0.787981 0.008722
vn 0.587764 0.808985 -0.008723
vn 0.858602 0.495714 0.130655
vn 0.873277 0.464330 0.147596
vn 0.887665 0.062072 0.456287
vn 0.966213 0.067564 0.248733
vn 0.965628 0.066487 0.251282
vn 0.064362 -0.082379 -0.994521
vn 0.061560 -0.084729 -0.994501
vn 0.058444 -0.234395 -0.970383
vn 0.050430 -0.237263 -0.970136
vn -0.078141 -0.367614 -0.926690
vn -0.064870 -0.367881 -0.927607
vn -0.295106 -0.406178 -0.864831
vn -0.278636 -0.413098 -0.867013
vn -0.519977 -0.324918 -0.789970
vn -0.535514 -0.309179 -0.785897
vn -0.718628 -0.075531 -0.691281
vn -0.709344 -0.099692 -0.697777
vn -0.772678 0.251058 -0.583043
vn -0.774517 0.222090 -0.592283
vn -0.658571 0.592979 -0.463314
vn -0.673974 0.565532 -0.475324
vn -0.410785 0.842236 -0.349134
vn -0.383284 0.860870 -0.334658
vn -0.034075 0.975801 -0.215988
vn 0.000000 0.979865 -0.199663
vn 0.373454 0.924331 -0.078381
vn 0.405978 0.911840 -0.061065
vn 0.717998 0.693362 0.061065
vn 0.740859 0.667072 0.078380
vn 0.928608 0.301723 0.215987
vn 0.920772 0.335134 0.199661
vn 0.026727 -0.022427 -0.999391
vn 0.076229 -0.156291 -0.984765
vn 0.081392 -0.153078 -0.984856
vn 0.021506 -0.307551 -0.951289
vn 0.010813 -0.309698 -0.950773
vn -0.164807 -0.407908 -0.898025
vn -0.149441 -0.410579 -0.899496
vn -0.386969 -0.400719 -0.830469
vn -0.403972 -0.390112 -0.827417
vn -0.631636 -0.229897 -0.740394
vn -0.617846 -0.249625 -0.745623
vn -0.762376 0.026623 -0.646586
vn -0.767547 0.053672 -0.638742
vn -0.751790 0.399734 -0.524428
vn -0.759308 0.370339 -0.535071
vn -0.564279 0.722245 -0.399940
vn -0.585336 0.697577 -0.413242
vn -0.233085 0.934857 -0.267794
vn -0.264345 0.921883 -0.283290
vn 0.172160 0.976366 -0.130654
vn 0.137649 0.979423 -0.147596
vn 0.529899 0.848016 -0.008722
vn 0.559171 0.829006 0.008723
vn 0.838760 0.524115 0.147596
vn 0.821931 0.554399 0.130655
vn 0.949701 0.133472 0.283289
vn 0.948839 0.167306 0.267793
vn 0.069952 -0.077689 -0.994521
vn 0.067320 -0.080228 -0.994501
vn 0.066861 -0.233166 -0.970136
vn 0.074649 -0.229748 -0.970383
vn -0.039046 -0.371511 -0.927607
vn -0.052305 -0.372171 -0.926689
vn -0.249143 -0.431527 -0.867014
vn -0.266054 -0.425773 -0.864831
vn -0.496046 -0.360398 -0.789969
vn -0.512641 -0.345782 -0.785897
vn -0.700662 -0.148930 -0.697777
vn -0.711609 -0.125475 -0.691281
vn -0.788123 0.167521 -0.592283
vn -0.788309 0.196547 -0.583042
vn -0.698330 0.545596 -0.463314
vn -0.711782 0.517139 -0.475325
vn -0.442401 0.832037 -0.334658
vn -0.468537 0.811528 -0.349135
vn -0.102061 0.971047 -0.215988
vn -0.068352 0.977478 -0.199663
vn 0.308066 0.948131 -0.078380
vn 0.341381 0.937939 -0.061065
vn 0.667881 0.741758 0.061066
vn 0.692521 0.717127 0.078381
vn 0.895151 0.398547 0.199661
vn 0.905299 0.365764 0.215987
vn 0.028226 -0.020508 -0.999391
vn 0.086945 -0.150593 -0.984765
vn 0.091873 -0.147028 -0.984856
vn 0.032391 -0.308189 -0.950773
vn 0.042909 -0.305301 -0.951289
vn -0.135951 -0.418412 -0.898025
vn -0.120432 -0.420004 -0.899496
vn -0.358073 -0.426735 -0.830470
vn -0.375777 -0.417339 -0.827417
vn -0.598927 -0.292117 -0.745623
vn -0.614061 -0.273398 -0.740394
vn -0.769421 0.000000 -0.638742
vn -0.762376 -0.026623 -0.646586
vn -0.777843 0.346317 -0.524428
vn -0.783292 0.316471 -0.535070
vn -0.632571 0.655046 -0.413241
vn -0.613286 0.681123 -0.399940
vn -0.297730 0.916320 -0.267794
vn -0.328009 0.901198 -0.283290
vn 0.068992 0.986638 -0.147596
vn 0.103633 0.985997 -0.130655
vn 0.469454 0.882914 -0.008722
vn 0.499981 0.865992 0.008723
vn 0.781256 0.610384 0.130655
vn 0.800157 0.581347 0.147596
vn 0.934857 0.233086 0.267793
vn 0.938077 0.199394 0.283289
vn 0.072752 -0.075337 -0.994501
vn 0.075200 -0.072621 -0.994521
vn 0.090493 -0.223982 -0.970383
vn 0.082960 -0.227935 -0.970136
vn -0.026216 -0.374912 -0.926690
vn -0.013035 -0.373329 -0.927607
vn -0.235704 -0.443295 -0.864831
vn -0.218432 -0.447856 -0.867014
vn -0.469697 -0.394123 -0.789969
vn -0.487273 -0.380699 -0.785896
vn -0.688567 -0.197443 -0.697777
vn -0.701122 -0.174810 -0.691281
vn -0.797889 0.112136 -0.592283
vn -0.800099 0.141079 -0.583043
vn -0.746121 0.466229 -0.475324
vn -0.734688 0.495553 -0.463315
vn -0.499365 0.799149 -0.334659
vn -0.524004 0.776869 -0.349134
vn -0.136371 0.970329 -0.199662
vn -0.169550 0.961562 -0.215988
vn 0.241177 0.967311 -0.078381
vn 0.275123 0.959468 -0.061065
vn 0.640810 0.763688 0.078381
vn 0.614512 0.786540 0.061065
vn 0.865169 0.460019 0.199662
vn 0.877579 0.428025 0.215987
vn 0.939029 0.037418 0.341795
vn 0.921080 0.029110 0.388283
vn 0.943333 0.051000 0.327905
vn 0.029588 -0.018488 -0.999391
vn 0.097238 -0.144161 -0.984765
vn 0.101906 -0.140260 -0.984856
vn 0.064098 -0.301565 -0.951289
vn 0.053813 -0.305178 -0.950774
vn -0.090846 -0.427382 -0.899496
vn -0.106432 -0.426876 -0.898025
vn -0.345747 -0.442537 -0.827418
vn -0.327434 -0.450674 -0.830470
vn -0.577091 -0.333184 -0.745623
vn -0.593494 -0.315566 -0.740394
vn -0.758662 -0.079739 -0.646587
vn -0.767547 -0.053672 -0.638742
vn -0.800106 0.291215 -0.524427
vn -0.803460 0.261060 -0.535070
vn -0.659305 0.636683 -0.399940
vn -0.676724 0.609324 -0.413242
vn -0.390074 0.876121 -0.283290
vn -0.360924 0.893320 -0.267794
vn 0.000000 0.989048 -0.147596
vn 0.034600 0.990824 -0.130655
vn 0.406721 0.913511 -0.008722
vn 0.438354 0.898760 0.008723
vn 0.736775 0.663394 0.130656
vn 0.757654 0.635748 0.147597
vn 0.916320 0.297731 0.267794
vn 0.921883 0.264346 0.283290
vn 0.080083 -0.067198 -0.994521
vn 0.077830 -0.070078 -0.994501
vn 0.098660 -0.221592 -0.970136
vn 0.105899 -0.217123 -0.970383
vn 0.013035 -0.373329 -0.927607
vn -0.000000 -0.375827 -0.926690
vn -0.186662 -0.462001 -0.867013
vn -0.204206 -0.458657 -0.864831
vn -0.441060 -0.425927 -0.789970
vn -0.459530 -0.413762 -0.785897
vn -0.673116 -0.244995 -0.697776
vn -0.687221 -0.223292 -0.691280
vn -0.803768 0.056205 -0.592282
vn -0.807991 0.084923 -0.583042
vn -0.767467 0.443097 -0.463314
vn -0.776827 0.413046 -0.475324
vn -0.576919 0.738424 -0.349134
vn -0.553893 0.762369 -0.334658
vn -0.236211 0.947393 -0.215987
vn -0.203727 0.958452 -0.199662
vn 0.173114 0.981778 -0.078382
vn 0.207524 0.976322 -0.061066
vn 0.558149 0.827491 0.061065
vn 0.585977 0.806528 0.078381
vn 0.830973 0.519249 0.199662
vn 0.845584 0.488198 0.215987
vn 0.931939 0.097951 0.349135
vn 0.872105 0.091662 0.480657
vn 0.933169 0.131149 0.334658
vn 0.030806 -0.016380 -0.999391
vn 0.111442 -0.132810 -0.984856
vn 0.107057 -0.137027 -0.984765
vn 0.084981 -0.296358 -0.951289
vn 0.074967 -0.300683 -0.950773
vn -0.060809 -0.432679 -0.899495
vn -0.076394 -0.433262 -0.898025
vn -0.295200 -0.472417 -0.830469
vn -0.314035 -0.465578 -0.827417
vn -0.570035 -0.356198 -0.740394
vn -0.552443 -0.372629 -0.745623
vn -0.761933 -0.107083 -0.638742
vn -0.751252 -0.132465 -0.646586
vn -0.819713 0.204378 -0.535070
vn -0.818471 0.234693 -0.524427
vn -0.717579 0.560635 -0.413242
vn -0.702111 0.589142 -0.399940
vn -0.422360 0.865967 -0.267794
vn -0.450239 0.846778 -0.283290
vn -0.068992 0.986638 -0.147596
vn -0.034600 0.990824 -0.130655
vn 0.342007 0.939657 -0.008723
vn 0.374593 0.927148 0.008723
vn 0.711461 0.687050 0.147597
vn 0.688703 0.713174 0.130656
vn 0.901197 0.328009 0.283290
vn 0.893320 0.360924 0.267794
vn 0.084575 -0.061449 -0.994521
vn 0.082529 -0.064478 -0.994501
vn 0.120786 -0.209207 -0.970383
vn 0.113876 -0.214171 -0.970136
vn 0.039046 -0.371511 -0.927607
vn 0.026216 -0.374912 -0.926690
vn -0.153979 -0.473896 -0.867014
vn -0.171717 -0.471784 -0.864831
vn -0.410276 -0.455655 -0.789970
vn -0.429548 -0.444809 -0.785897
vn -0.654386 -0.291352 -0.697777
vn -0.669971 -0.270685 -0.691280
vn -0.811947 0.028353 -0.583043
vn -0.805730 0.000000 -0.592282
vn -0.796506 0.388482 -0.463314
vn -0.803747 0.357850 -0.475324
vn -0.605725 0.721874 -0.334658
vn -0.627025 0.696380 -0.349134
vn -0.301723 0.928608 -0.215987
vn -0.270087 0.941907 -0.199661
vn 0.104207 0.991462 -0.078381
vn 0.138913 0.988420 -0.061066
vn 0.499067 0.864409 0.061064
vn 0.528289 0.845439 0.078380
vn 0.809469 0.545994 0.215987
vn 0.792727 0.575950 0.199662
vn 0.921747 0.195923 0.334659
vn 0.922836 0.162721 0.349135
vn 0.031873 -0.014190 -0.999391
vn 0.120433 -0.124713 -0.984857
vn 0.116354 -0.129226 -0.984765
vn 0.095761 -0.294719 -0.950773
vn 0.105444 -0.289710 -0.951289
vn -0.045988 -0.437535 -0.898025
vn -0.030478 -0.435866 -0.899495
vn -0.280795 -0.486349 -0.827417
vn -0.261526 -0.491858 -0.830470
vn -0.525105 -0.410257 -0.745623
vn -0.543799 -0.395094 -0.740394
vn -0.740181 -0.184548 -0.646586
vn -0.752608 -0.159971 -0.638741
vn -0.832849 0.177028 -0.524428
vn -0.831973 0.146699 -0.535070
vn -0.754940 0.509213 -0.413241
vn -0.741498 0.538729 -0.399940
vn -0.481738 0.834395 -0.267793
vn -0.508212 0.813307 -0.283290
vn -0.103633 0.985997 -0.130655
vn -0.137649 0.979423 -0.147596
vn 0.309005 0.951021 0.008722
vn 0.275627 0.961225 -0.008722
vn 0.637277 0.759478 0.130656
vn 0.661802 0.735006 0.147596
vn 0.865966 0.422361 0.267794
vn 0.876122 0.390074 0.283290
vn 0.900945 0.006196 0.433889
vn 0.088656 -0.055398 -0.994521
vn 0.086826 -0.058565 -0.994501
vn 0.135086 -0.200272 -0.970383
vn 0.128539 -0.205705 -0.970136
vn 0.052305 -0.372171 -0.926689
vn 0.064870 -0.367881 -0.927607
vn -0.120545 -0.483483 -0.867014
vn -0.138388 -0.482614 -0.864831
vn -0.397473 -0.473689 -0.785897
vn -0.377489 -0.483166 -0.789970
vn -0.649456 -0.316762 -0.691280
vn -0.632469 -0.336290 -0.697776
vn -0.811947 -0.028353 -0.583043
vn -0.803768 -0.056205 -0.592283
vn -0.826751 0.300913 -0.475325
vn -0.821665 0.331974 -0.463315
vn -0.654604 0.677862 -0.334658
vn -0.674074 0.650946 -0.349134
vn -0.365764 0.905299 -0.215987
vn -0.335134 0.920772 -0.199661
vn 0.034792 0.996316 -0.078381
vn 0.069627 0.995702 -0.061065
vn 0.468027 0.880232 0.078380
vn 0.437553 0.897117 0.061065
vn 0.750620 0.629845 0.199662
vn 0.769411 0.601129 0.215988
vn 0.909238 0.226698 0.349135
vn 0.905835 0.259745 0.334658
vn 0.032786 -0.011933 -0.999391
vn 0.128841 -0.116008 -0.984856
vn 0.125086 -0.120793 -0.984765
vn 0.116086 -0.287322 -0.950773
vn 0.125399 -0.281647 -0.951289
vn 0.000000 -0.436931 -0.899495
vn -0.015352 -0.439677 -0.898025
vn -0.246183 -0.504753 -0.827417
vn -0.226577 -0.508904 -0.830469
vn -0.514915 -0.432063 -0.740394
vn -0.495207 -0.445886 -0.745624
vn -0.739615 -0.212082 -0.638742
vn -0.725504 -0.235731 -0.646587
vn -0.840180 0.088306 -0.535070
vn -0.843169 0.118499 -0.524428
vn -0.788622 0.455311 -0.413241
vn -0.777271 0.485693 -0.399940
vn -0.563706 0.775876 -0.283289
vn -0.538769 0.798758 -0.267794
vn -0.172160 0.976366 -0.130654
vn -0.205636 0.967434 -0.147596
vn 0.241913 0.970259 0.008723
vn 0.207905 0.978110 -0.008722
vn 0.608919 0.779380 0.147597
vn 0.582747 0.802082 0.130656
vn 0.834395 0.481738 0.267793
vn 0.846777 0.450240 0.283289
vn 0.920895 0.061914 0.384861
vn 0.858787 0.060052 0.508801
vn 0.923782 0.064597 0.377432
vn 0.092304 -0.049080 -0.994521
vn 0.090699 -0.052366 -0.994501
vn 0.148726 -0.190361 -0.970383
vn 0.142574 -0.196238 -0.970136
vn 0.078141 -0.367614 -0.926690
vn 0.090370 -0.362462 -0.927607
vn -0.104385 -0.491091 -0.864831
vn -0.086524 -0.490714 -0.867014
vn -0.363461 -0.500262 -0.785897
vn -0.342866 -0.508321 -0.789970
vn -0.607470 -0.379590 -0.697777
vn -0.625779 -0.361293 -0.691280
vn -0.807991 -0.084923 -0.583043
vn -0.797889 -0.112136 -0.592283
vn -0.845728 0.242509 -0.475325
vn -0.842820 0.273849 -0.463315
vn -0.717839 0.602339 -0.349134
vn -0.700295 0.630548 -0.334658
vn -0.428024 0.877579 -0.215987
vn -0.398547 0.895151 -0.199661
vn -0.034792 0.996316 -0.078381
vn 0.000000 0.998134 -0.061066
vn 0.405485 0.910735 0.078380
vn 0.373908 0.925453 0.061065
vn 0.704856 0.680671 0.199661
vn 0.725604 0.653336 0.215987
vn 0.885510 0.322299 0.334658
vn 0.891209 0.289571 0.349134
vn 0.033538 -0.009617 -0.999391
vn 0.133208 -0.111773 -0.984765
vn 0.136619 -0.106738 -0.984856
vn 0.135843 -0.278525 -0.950774
vn 0.144738 -0.272214 -0.951289
vn 0.030478 -0.435866 -0.899495
vn 0.015352 -0.439677 -0.898025
vn -0.190529 -0.523468 -0.830469
vn -0.210375 -0.520695 -0.827417
vn -0.462899 -0.479345 -0.745623
vn -0.483519 -0.466932 -0.740394
vn -0.707294 -0.285765 -0.646586
vn -0.723019 -0.263158 -0.638742
vn -0.844293 0.029483 -0.535070
vn -0.849381 0.059394 -0.524428
vn -0.809258 0.430290 -0.399940
vn -0.818461 0.399190 -0.413241
vn -0.616456 0.734663 -0.283288
vn -0.593176 0.759229 -0.267793
vn -0.272618 0.950734 -0.147597
vn -0.239848 0.961978 -0.130656
vn 0.173642 0.984770 0.008724
vn 0.139167 0.990231 -0.008722
vn 0.525377 0.840778 0.130657
vn 0.553068 0.819958 0.147597
vn 0.813308 0.508211 0.283289
vn 0.798758 0.538769 0.267793
vn 0.901759 0.126734 0.413241
vn 0.902617 0.159156 0.399940
vn 0.094132 -0.045911 -0.994501
vn 0.095504 -0.042519 -0.994521
vn 0.155917 -0.185814 -0.970136
vn 0.161642 -0.179524 -0.970383
vn 0.103590 -0.361270 -0.926689
vn 0.115437 -0.355273 -0.927607
vn -0.052086 -0.495554 -0.867014
vn -0.069873 -0.497176 -0.864832
vn -0.327680 -0.524396 -0.785897
vn -0.306574 -0.530999 -0.789970
vn -0.599051 -0.404065 -0.691281
vn -0.579511 -0.421040 -0.697777
vn -0.788123 -0.167520 -0.592283
vn -0.800099 -0.141079 -0.583043
vn -0.860585 0.182923 -0.475324
vn -0.859870 0.214390 -0.463314
vn -0.758109 0.550797 -0.349134
vn -0.742574 0.580162 -0.334657
vn -0.460019 0.865170 -0.199661
vn -0.488198 0.845584 -0.215987
vn -0.104207 0.991462 -0.078381
vn -0.069627 0.995702 -0.061065
vn 0.308440 0.949282 0.061064
vn 0.340969 0.936801 0.078381
vn 0.655657 0.728182 0.199661
vn 0.678262 0.702361 0.215987
vn 0.868839 0.351034 0.349134
vn 0.860870 0.383284 0.334658
vn 0.034127 -0.007254 -0.999391
vn 0.143731 -0.096949 -0.984856
vn 0.140679 -0.102210 -0.984765
vn 0.163375 -0.261454 -0.951289
vn 0.154944 -0.268369 -0.950774
vn 0.045988 -0.437535 -0.898025
vn 0.060809 -0.432679 -0.899495
vn -0.173542 -0.534101 -0.827417
vn -0.153548 -0.535484 -0.830470
vn -0.428333 -0.510466 -0.745624
vn -0.449773 -0.499520 -0.740394
vn -0.685637 -0.334408 -0.646586
vn -0.702902 -0.312953 -0.638741
vn -0.851455 0.000000 -0.524428
vn -0.844293 -0.029483 -0.535070
vn -0.844313 0.341125 -0.413242
vn -0.837302 0.372791 -0.399940
vn -0.666201 0.689872 -0.283289
vn -0.644691 0.716003 -0.267793
vn -0.306368 0.942904 -0.130656
vn -0.338274 0.929401 -0.147597
vn 0.069754 0.997526 -0.008722
vn 0.104525 0.994484 0.008723
vn 0.465447 0.875379 0.130656
vn 0.494524 0.856540 0.147597
vn 0.759230 0.593175 0.267793
vn 0.775875 0.563707 0.283289
vn 0.890722 0.189329 0.413241
vn 0.889316 0.221731 0.399940
vn 0.098236 -0.035755 -0.994521
vn 0.097105 -0.039233 -0.994501
vn 0.173773 -0.167809 -0.970383
vn 0.168500 -0.174485 -0.970136
vn 0.139937 -0.346357 -0.927607
vn 0.128543 -0.353162 -0.926690
vn -0.017388 -0.497980 -0.867014
vn -0.035022 -0.500840 -0.864831
vn -0.268784 -0.551092 -0.789970
vn -0.290302 -0.545977 -0.785897
vn -0.548731 -0.460437 -0.697776
vn -0.569405 -0.444869 -0.691281
vn -0.774518 -0.222090 -0.592283
vn -0.788309 -0.196547 -0.583042
vn -0.871248 0.122446 -0.475325
vn -0.872731 0.153886 -0.463314
vn -0.781235 0.526950 -0.334658
vn -0.794683 0.496573 -0.349135
vn -0.519250 0.830972 -0.199661
vn -0.545994 0.809469 -0.215986
vn -0.173114 0.981778 -0.078382
vn -0.138913 0.988420 -0.061066
vn 0.241470 0.968485 0.061064
vn 0.274789 0.958305 0.078380
vn 0.603266 0.772144 0.199661
vn 0.627616 0.747963 0.215986
vn 0.832036 0.442402 0.334658
vn 0.842235 0.410786 0.349134
vn 0.887514 0.049212 0.458145
vn 0.877824 0.030654 0.478001
vn 0.852928 0.029785 0.521178
vn 0.034550 -0.004856 -0.999391
vn 0.024826 -0.095935 -0.995078
vn 0.147467 -0.092147 -0.984765
vn 0.150144 -0.086687 -0.984856
vn 0.181214 -0.249422 -0.951289
vn 0.173287 -0.256907 -0.950773
vn 0.090846 -0.427382 -0.899496
vn 0.076394 -0.433262 -0.898025
vn -0.135858 -0.544907 -0.827417
vn -0.115820 -0.544892 -0.830469
vn -0.413831 -0.529680 -0.740394
vn -0.391681 -0.539103 -0.745623
vn -0.660640 -0.381420 -0.646587
vn -0.679359 -0.361221 -0.638742
vn -0.849381 -0.059394 -0.524428
vn -0.840180 -0.088306 -0.535070
vn -0.861267 0.313475 -0.399940
vn -0.866053 0.281398 -0.413241
vn -0.712702 0.641719 -0.283289
vn -0.693067 0.669287 -0.267794
vn -0.402282 0.903540 -0.147597
vn -0.371396 0.919236 -0.130656
vn 0.000000 0.999962 -0.008723
vn 0.034899 0.999353 0.008723
vn 0.403249 0.905715 0.130655
vn 0.433570 0.888950 0.147596
vn 0.734663 0.616455 0.283289
vn 0.716003 0.644691 0.267794
vn 0.871683 0.283227 0.399940
vn 0.875345 0.251001 0.413242
vn 0.099605 -0.032364 -0.994501
vn 0.100491 -0.028815 -0.994521
vn 0.180260 -0.162307 -0.970136
vn 0.185056 -0.155278 -0.970383
vn 0.152862 -0.343337 -0.926689
vn 0.163755 -0.335752 -0.927607
vn 0.017388 -0.497980 -0.867014
vn -0.000000 -0.502062 -0.864832
vn -0.251508 -0.564897 -0.785897
vn -0.229689 -0.568498 -0.789970
vn -0.515272 -0.497596 -0.697777
vn -0.536987 -0.483505 -0.691280
vn -0.757138 -0.275577 -0.592283
vn -0.772678 -0.251058 -0.583043
vn -0.877667 0.061372 -0.475325
vn -0.881339 0.092632 -0.463315
vn -0.827386 0.439929 -0.349135
vn -0.816090 0.471170 -0.334658
vn -0.575950 0.792728 -0.199661
vn -0.601130 0.769410 -0.215988
vn -0.207524 0.976322 -0.061066
vn -0.241177 0.967311 -0.078381
vn 0.207272 0.975138 0.078380
vn 0.173324 0.982970 0.061064
vn 0.573911 0.789921 0.215987
vn 0.547933 0.812345 0.199661
vn 0.799149 0.499363 0.334659
vn 0.811528 0.468537 0.349134
vn 0.877570 0.123334 0.463314
vn 0.874991 0.091965 0.475324
vn 0.059290 -0.004146 -0.998232
vn 0.085021 -0.005945 -0.996361
vn 0.074122 0.120975 -0.989884
vn 0.153536 -0.081636 -0.984765
vn 0.155826 -0.076000 -0.984856
vn 0.198173 -0.236172 -0.951289
vn 0.190784 -0.244195 -0.950773
vn 0.106432 -0.426876 -0.898025
vn 0.120432 -0.420004 -0.899496
vn -0.097518 -0.553057 -0.827416
vn -0.077528 -0.551644 -0.830469
vn -0.353122 -0.565112 -0.745623
vn -0.375874 -0.557257 -0.740394
vn -0.632424 -0.426575 -0.646586
vn -0.652506 -0.407731 -0.638741
vn -0.831973 -0.146700 -0.535070
vn -0.843169 -0.118499 -0.524427
vn -0.881036 0.252633 -0.399940
vn -0.883572 0.220299 -0.413241
vn -0.755729 0.590440 -0.283290
vn -0.738065 0.619311 -0.267794
vn -0.464330 0.873277 -0.147597
vn -0.434613 0.891090 -0.130656
vn -0.069754 0.997526 -0.008722
vn -0.034899 0.999353 0.008723
vn 0.370504 0.917029 0.147596
vn 0.339089 0.931637 0.130655
vn 0.689872 0.666201 0.283290
vn 0.669286 0.693067 0.267794
vn 0.849802 0.343342 0.399940
vn 0.855704 0.311451 0.413242
vn 0.102256 -0.021736 -0.994521
vn 0.101620 -0.025337 -0.994501
vn 0.195435 -0.141992 -0.970383
vn 0.191141 -0.149338 -0.970136
vn 0.186780 -0.323509 -0.927607
vn 0.176439 -0.331838 -0.926689
vn 0.052086 -0.495554 -0.867014
vn 0.035022 -0.500840 -0.864831
vn -0.189475 -0.583135 -0.789970
vn -0.211491 -0.581065 -0.785897
vn -0.479310 -0.532324 -0.697777
vn -0.501950 -0.519785 -0.691281
vn -0.736071 -0.327720 -0.592283
vn -0.753282 -0.304347 -0.583043
vn -0.879811 0.000000 -0.475325
vn -0.885654 0.030927 -0.463315
vn -0.856058 0.381142 -0.349134
vn -0.846969 0.413094 -0.334658
vn -0.653336 0.725604 -0.215988
vn -0.629845 0.750620 -0.199663
vn -0.308066 0.948131 -0.078380
vn -0.275123 0.959468 -0.061065
vn 0.104334 0.992666 0.061066
vn 0.138744 0.987222 0.078380
vn 0.489933 0.848588 0.199661
vn 0.517411 0.828031 0.215986
vn 0.776868 0.524004 0.349135
vn 0.762368 0.553893 0.334659
vn 0.866444 0.152777 0.475324
vn 0.866829 0.184250 0.463314
vn 0.158856 -0.070728 -0.984765
vn 0.160747 -0.064947 -0.984857
vn 0.214165 -0.221773 -0.951289
vn 0.207355 -0.230290 -0.950774
vn 0.135951 -0.418412 -0.898025
vn 0.149441 -0.410579 -0.899496
vn -0.058705 -0.558511 -0.827417
vn -0.038859 -0.555707 -0.830470
vn -0.336088 -0.582118 -0.740394
vn -0.312841 -0.588367 -0.745623
vn -0.622476 -0.452253 -0.638742
vn -0.601126 -0.469652 -0.646587
vn -0.832849 -0.177028 -0.524428
vn -0.819713 -0.204378 -0.535070
vn -0.896787 0.158128 -0.413241
vn -0.896513 0.190560 -0.399940
vn -0.795075 0.536286 -0.283289
vn -0.779469 0.566317 -0.267794
vn -0.495715 0.858601 -0.130656
vn -0.524116 0.838760 -0.147596
vn -0.139167 0.990231 -0.008722
vn -0.104525 0.994484 0.008723
vn 0.273274 0.953022 0.130655
vn 0.305633 0.940640 0.147597
vn 0.641719 0.712702 0.283290
vn 0.619311 0.738065 0.267794
vn 0.823782 0.401786 0.399940
vn 0.831894 0.370382 0.413242
vn 0.826192 0.004046 0.563374
vn 0.103524 -0.014549 -0.994521
vn 0.096460 -0.054180 -0.993861
vn 0.103140 -0.018186 -0.994501
vn 0.204865 -0.128013 -0.970383
vn 0.201095 -0.135639 -0.970136
vn 0.199160 -0.318719 -0.926689
vn 0.208892 -0.309692 -0.927607
vn 0.069873 -0.497176 -0.864832
vn 0.086524 -0.490714 -0.867014
vn -0.148331 -0.594933 -0.789970
vn -0.170443 -0.594404 -0.785897
vn -0.441008 -0.564465 -0.697776
vn -0.464470 -0.553534 -0.691280
vn -0.730217 -0.356151 -0.583043
vn -0.711418 -0.378267 -0.592283
vn -0.885654 -0.030927 -0.463315
vn -0.877667 -0.061372 -0.475325
vn -0.873722 0.353006 -0.334658
vn -0.880561 0.320498 -0.349134
vn -0.702361 0.678262 -0.215987
vn -0.680672 0.704856 -0.199662
vn -0.373454 0.924331 -0.078381
vn -0.341381 0.937939 -0.061065
vn 0.069542 0.994495 0.078381
vn 0.034835 0.997526 0.061066
vn 0.458390 0.862107 0.215987
vn 0.429545 0.880697 0.199661
vn 0.738424 0.576919 0.349135
vn 0.721874 0.605724 0.334658
vn 0.851864 0.244268 0.463314
vn 0.853677 0.212846 0.475324
vn 0.163403 -0.059474 -0.984765
vn 0.164886 -0.053575 -0.984857
vn 0.229112 -0.206294 -0.951289
vn 0.222914 -0.215265 -0.950774
vn 0.177714 -0.399156 -0.899495
vn 0.164807 -0.407908 -0.898025
vn -0.019598 -0.561246 -0.827417
vn 0.000000 -0.557065 -0.830469
vn -0.294661 -0.604145 -0.740394
vn -0.271036 -0.608757 -0.745623
vn -0.566902 -0.510440 -0.646586
vn -0.589410 -0.494576 -0.638742
vn -0.803460 -0.261060 -0.535069
vn -0.818471 -0.234693 -0.524428
vn -0.905633 0.095186 -0.413241
vn -0.907622 0.127558 -0.399940
vn -0.830548 0.479517 -0.283289
vn -0.817075 0.510565 -0.267793
vn -0.581347 0.800157 -0.147596
vn -0.554399 0.821931 -0.130656
vn -0.173642 0.984770 0.008724
vn -0.207905 0.978110 -0.008722
vn 0.206130 0.969763 0.130656
vn 0.239272 0.959669 0.147597
vn 0.590441 0.755729 0.283290
vn 0.566317 0.779469 0.267794
vn 0.793748 0.458271 0.399940
vn 0.804031 0.427512 0.413241
vn 0.846791 0.089001 0.524428
vn 0.795484 0.055625 0.603416
vn 0.867598 0.060668 0.493552
vn 0.840931 0.047142 0.539086
vn 0.117532 -0.012353 -0.992992
vn 0.124382 0.015790 -0.992109
vn 0.173549 -0.037088 -0.984127
vn 0.210066 -0.121281 -0.970136
vn 0.213295 -0.113411 -0.970383
vn 0.229983 -0.294369 -0.927607
vn 0.220907 -0.304051 -0.926689
vn 0.120545 -0.483483 -0.867014
vn 0.104385 -0.491091 -0.864831
vn -0.128563 -0.604844 -0.785898
vn -0.106471 -0.603830 -0.789971
vn -0.424727 -0.584584 -0.691280
vn -0.400558 -0.593852 -0.697777
vn -0.683298 -0.426972 -0.592283
vn -0.703595 -0.406221 -0.583042
vn -0.881339 -0.092632 -0.463315
vn -0.871248 -0.122445 -0.475325
vn -0.896218 0.291199 -0.334658
vn -0.900772 0.258292 -0.349134
vn -0.747962 0.627616 -0.215987
vn -0.728181 0.655658 -0.199662
vn -0.405978 0.911840 -0.061065
vn -0.437022 0.896029 -0.078380
vn -0.034835 0.997526 0.061066
vn -0.000000 0.996923 0.078381
vn 0.397136 0.891982 0.215987
vn 0.367064 0.908515 0.199661
vn 0.696380 0.627024 0.349135
vn 0.677862 0.654604 0.334659
vn 0.832750 0.303096 0.463314
vn 0.836750 0.271877 0.475324
vn 0.168222 -0.041942 -0.984857
vn 0.167153 -0.047930 -0.984765
vn 0.237386 -0.199192 -0.950774
vn 0.242944 -0.189811 -0.951289
vn 0.205125 -0.385787 -0.899495
vn 0.192858 -0.395420 -0.898025
vn 0.038859 -0.555707 -0.830470
vn 0.019598 -0.561246 -0.827417
vn -0.251799 -0.623229 -0.740394
vn -0.227912 -0.626181 -0.745622
vn -0.529913 -0.548742 -0.646587
vn -0.553477 -0.534484 -0.638741
vn -0.800106 -0.291215 -0.524427
vn -0.783292 -0.316472 -0.535069
vn -0.910067 0.031780 -0.413241
vn -0.914309 0.063935 -0.399940
vn -0.861975 0.420413 -0.283289
vn -0.850699 0.452325 -0.267793
vn -0.610384 0.781256 -0.130655
vn -0.635748 0.757654 -0.147597
vn -0.275627 0.961225 -0.008722
vn -0.241913 0.970259 0.008723
vn 0.171746 0.974022 0.147597
vn 0.137979 0.981780 0.130656
vn 0.536285 0.795075 0.283290
vn 0.510565 0.817074 0.267794
vn 0.759847 0.512524 0.399939
vn 0.772251 0.482556 0.413241
vn 0.836586 0.117575 0.535070
vn 0.838519 0.147853 0.524428
vn 0.220686 -0.098257 -0.970383
vn 0.218014 -0.106333 -0.970136
vn 0.241578 -0.287902 -0.926689
vn 0.249960 -0.277606 -0.927607
vn 0.153979 -0.473896 -0.867014
vn 0.138388 -0.482614 -0.864831
vn -0.086056 -0.612340 -0.785897
vn -0.064094 -0.609787 -0.789969
vn -0.358159 -0.620347 -0.697777
vn -0.382912 -0.612788 -0.691281
vn -0.673545 -0.454311 -0.583043
vn -0.651850 -0.473595 -0.592283
vn -0.872731 -0.153886 -0.463314
vn -0.860585 -0.182923 -0.475324
vn -0.914348 0.227973 -0.334658
vn -0.916595 0.194829 -0.349134
vn -0.789921 0.573911 -0.215987
vn -0.772144 0.603266 -0.199661
vn -0.498463 0.863361 -0.078380
vn -0.468596 0.881300 -0.061064
vn -0.104334 0.992666 0.061066
vn -0.069542 0.994495 0.078381
vn 0.302795 0.931907 0.199663
vn 0.333946 0.917513 0.215987
vn 0.630548 0.700295 0.334658
vn 0.650945 0.674073 0.349135
vn 0.809579 0.360447 0.463314
vn 0.815746 0.329583 0.475324
vn 0.170738 -0.030106 -0.984856
vn 0.170090 -0.036153 -0.984765
vn 0.255594 -0.172399 -0.951289
vn 0.250703 -0.182147 -0.950773
vn 0.219973 -0.381003 -0.898025
vn 0.231539 -0.370537 -0.899495
vn 0.058705 -0.558511 -0.827417
vn 0.077528 -0.551644 -0.830469
vn -0.183677 -0.640554 -0.745622
vn -0.207714 -0.639275 -0.740393
vn -0.490344 -0.584370 -0.646587
vn -0.514843 -0.571792 -0.638742
vn -0.777843 -0.346317 -0.524428
vn -0.759308 -0.370339 -0.535071
vn -0.910067 -0.031780 -0.413241
vn -0.916541 0.000000 -0.399940
vn -0.889201 0.359260 -0.283289
vn -0.880179 0.391881 -0.267793
vn -0.663395 0.736774 -0.130656
vn -0.687051 0.711461 -0.147596
vn -0.309005 0.951021 0.008722
vn -0.342007 0.939657 -0.008723
vn 0.103383 0.983630 0.147596
vn 0.069159 0.989013 0.130656
vn 0.479517 0.830548 0.283290
vn 0.452324 0.850699 0.267795
vn 0.722245 0.564278 0.399940
vn 0.736708 0.535251 0.413241
vn 0.826347 0.175645 0.535070
vn 0.826163 0.205986 0.524428
vn 0.224901 -0.090866 -0.970136
vn 0.227003 -0.082623 -0.970383
vn 0.261073 -0.270348 -0.926689
vn 0.268715 -0.259495 -0.927607
vn 0.186662 -0.462001 -0.867013
vn 0.171717 -0.471784 -0.864831
vn -0.021397 -0.612773 -0.789969
vn -0.043135 -0.616853 -0.785896
vn -0.314012 -0.643821 -0.697776
vn -0.339234 -0.638006 -0.691280
vn -0.640213 -0.500190 -0.583042
vn -0.617224 -0.517915 -0.592283
vn -0.859870 -0.214390 -0.463314
vn -0.845728 -0.242509 -0.475325
vn -0.928023 0.163635 -0.334658
vn -0.927953 0.130415 -0.349134
vn -0.828031 0.517411 -0.215988
vn -0.812345 0.547933 -0.199662
vn -0.557472 0.826487 -0.078381
vn -0.528930 0.846466 -0.061066
vn -0.173324 0.982970 0.061064
vn -0.138744 0.987222 0.078380
vn 0.237050 0.950759 0.199661
vn 0.269133 0.938572 0.215988
vn 0.580163 0.742574 0.334658
vn 0.602339 0.717839 0.349134
vn 0.790768 0.385683 0.475325
vn 0.782463 0.416043 0.463314
vn 0.796921 0.024199 0.603598
vn 0.765621 0.032162 0.642488
vn 0.172197 -0.024201 -0.984765
vn 0.172422 -0.018122 -0.984856
vn 0.171468 -0.023563 -0.984908
vn 0.266997 -0.154151 -0.951289
vn 0.262799 -0.164214 -0.950774
vn 0.246013 -0.364731 -0.898025
vn 0.256821 -0.353483 -0.899496
vn 0.115820 -0.544892 -0.830469
vn 0.097518 -0.553057 -0.827416
vn -0.162614 -0.652208 -0.740393
vn -0.138545 -0.651807 -0.745622
vn -0.448388 -0.617150 -0.646586
vn -0.473703 -0.606312 -0.638742
vn -0.731625 -0.422404 -0.535070
vn -0.751790 -0.399734 -0.524428
vn -0.914309 -0.063935 -0.399940
vn -0.905633 -0.095186 -0.413241
vn -0.912096 0.296358 -0.283289
vn -0.905372 0.329528 -0.267794
vn -0.713173 0.688704 -0.130656
vn -0.735005 0.661802 -0.147597
vn -0.406721 0.913511 -0.008722
vn -0.374593 0.927148 0.008723
vn 0.000000 0.991428 0.130656
vn 0.034518 0.988445 0.147597
vn 0.420413 0.861974 0.283290
vn 0.391881 0.880179 0.267795
vn 0.681123 0.613286 0.399940
vn 0.697577 0.585336 0.413242
vn 0.812081 0.232860 0.535070
vn 0.809782 0.263114 0.524428
vn 0.230692 -0.074956 -0.970136
vn 0.232214 -0.066586 -0.970383
vn 0.279294 -0.251478 -0.926689
vn 0.286161 -0.240119 -0.927607
vn 0.204206 -0.458657 -0.864831
vn 0.218432 -0.447856 -0.867014
vn 0.021397 -0.612773 -0.789969
vn -0.000000 -0.618358 -0.785896
vn -0.293902 -0.660116 -0.691280
vn -0.268335 -0.664157 -0.697777
vn -0.603761 -0.543629 -0.583044
vn -0.579595 -0.559706 -0.592283
vn -0.842820 -0.273849 -0.463315
vn -0.826751 -0.300913 -0.475325
vn -0.934790 0.065367 -0.349134
vn -0.937177 0.098501 -0.334658
vn -0.848588 0.489933 -0.199662
vn -0.862107 0.458390 -0.215988
vn -0.586689 0.807507 -0.061065
vn -0.613767 0.785587 -0.078380
vn -0.241470 0.968485 0.061064
vn -0.207272 0.975138 0.078380
vn 0.170151 0.964979 0.199662
vn 0.203003 0.955060 0.215987
vn 0.526950 0.781235 0.334659
vn 0.550797 0.758108 0.349134
vn 0.761939 0.439905 0.475324
vn 0.751536 0.469611 0.463314
vn 0.843252 0.088630 0.530161
vn 0.797268 0.054722 0.601140
vn 0.804535 0.113071 0.583043
vn 0.195404 -0.013664 -0.980628
vn 0.229508 -0.016049 -0.973175
vn 0.222418 0.023885 -0.974659
vn 0.277099 -0.135151 -0.951289
vn 0.273614 -0.145483 -0.950774
vn 0.280853 -0.334708 -0.899495
vn 0.270857 -0.346680 -0.898025
vn 0.153548 -0.535484 -0.830470
vn 0.135858 -0.544907 -0.827417
vn -0.116721 -0.661963 -0.740393
vn -0.092738 -0.659884 -0.745623
vn -0.404244 -0.646926 -0.646586
vn -0.430255 -0.637879 -0.638741
vn -0.722075 -0.451202 -0.524428
vn -0.700378 -0.472410 -0.535070
vn -0.907622 -0.127558 -0.399940
vn -0.896787 -0.158128 -0.413241
vn -0.926153 0.265570 -0.267793
vn -0.930547 0.232012 -0.283289
vn -0.759477 0.637278 -0.130656
vn -0.779380 0.608919 -0.147597
vn -0.438354 0.898760 0.008723
vn -0.469454 0.882914 -0.008722
vn -0.069159 0.989013 0.130656
vn -0.034518 0.988445 0.147597
vn 0.329527 0.905372 0.267793
vn 0.359262 0.889201 0.283290
vn 0.636683 0.659305 0.399939
vn 0.655047 0.632571 0.413241
vn 0.793860 0.288941 0.535070
vn 0.789456 0.318961 0.524427
vn 0.236293 -0.050225 -0.970383
vn 0.235358 -0.058681 -0.970136
vn 0.296157 -0.231383 -0.926689
vn 0.302214 -0.219572 -0.927607
vn 0.235704 -0.443295 -0.864831
vn 0.249143 -0.431527 -0.867014
vn 0.064094 -0.609787 -0.789969
vn 0.043135 -0.616853 -0.785896
vn -0.247140 -0.679008 -0.691281
vn -0.221354 -0.681255 -0.697778
vn -0.564370 -0.584421 -0.583043
vn -0.539138 -0.598774 -0.592283
vn -0.821665 -0.331974 -0.463315
vn -0.803747 -0.357850 -0.475324
vn -0.941766 0.032888 -0.334658
vn -0.937073 0.000000 -0.349135
vn -0.880697 0.429544 -0.199663
vn -0.891982 0.397136 -0.215988
vn -0.641587 0.764615 -0.061064
vn -0.667073 0.740858 -0.078381
vn -0.308440 0.949282 0.061064
vn -0.274789 0.958305 0.078380
vn 0.135889 0.966894 0.215987
vn 0.102423 0.974497 0.199661
vn 0.471169 0.816091 0.334657
vn 0.496574 0.794682 0.349134
vn 0.729396 0.491984 0.475324
vn 0.716946 0.520893 0.463313
vn 0.793489 0.139914 0.592283
vn 0.794688 0.168916 0.583043
vn 0.283095 -0.126043 -0.950774
vn 0.285852 -0.115492 -0.951289
vn 0.294379 -0.326943 -0.898025
vn 0.303517 -0.314301 -0.899496
vn 0.190529 -0.523468 -0.830469
vn 0.173542 -0.534101 -0.827417
vn -0.070262 -0.668490 -0.740394
vn -0.046484 -0.664744 -0.745624
vn -0.358132 -0.673549 -0.646586
vn -0.384710 -0.666339 -0.638741
vn -0.688842 -0.500472 -0.524428
vn -0.665717 -0.520116 -0.535071
vn -0.896513 -0.190560 -0.399940
vn -0.883572 -0.220300 -0.413241
vn -0.942422 0.200319 -0.267793
vn -0.944465 0.166535 -0.283289
vn -0.819958 0.553068 -0.147596
vn -0.802082 0.582746 -0.130655
vn -0.529899 0.848016 -0.008722
vn -0.499981 0.865992 0.008723
vn -0.137979 0.981780 0.130656
vn -0.103383 0.983630 0.147596
vn 0.296358 0.912096 0.283288
vn 0.265571 0.926153 0.267793
vn 0.609324 0.676724 0.413241
vn 0.589142 0.702111 0.399940
vn 0.771771 0.343614 0.535069
vn 0.765283 0.373253 0.524427
vn 0.733056 0.005094 0.680149
vn 0.238975 -0.034622 -0.970408
vn 0.239221 -0.033621 -0.970383
vn 0.238878 -0.042121 -0.970136
vn 0.316795 -0.197954 -0.927607
vn 0.311576 -0.210161 -0.926689
vn 0.278636 -0.413098 -0.867013
vn 0.266054 -0.425773 -0.864831
vn 0.086056 -0.612340 -0.785897
vn 0.106471 -0.603830 -0.789971
vn -0.199171 -0.694594 -0.691281
vn -0.173292 -0.695037 -0.697777
vn -0.496057 -0.634924 -0.592282
vn -0.522227 -0.622367 -0.583043
vn -0.796506 -0.388482 -0.463314
vn -0.776827 -0.413046 -0.475324
vn -0.941766 -0.032888 -0.334658
vn -0.934790 -0.065367 -0.349134
vn -0.908515 0.367064 -0.199662
vn -0.917512 0.333947 -0.215987
vn -0.693362 0.717997 -0.061066
vn -0.717127 0.692521 -0.078381
vn -0.340969 0.936801 0.078381
vn -0.373908 0.925453 0.061065
vn 0.068109 0.974018 0.215986
vn 0.034197 0.979268 0.199661
vn 0.413095 0.846969 0.334658
vn 0.439929 0.827386 0.349134
vn 0.693300 0.541666 0.475323
vn 0.678865 0.569634 0.463314
vn 0.780969 0.223939 0.583043
vn 0.781797 0.194924 0.592283
vn 0.293212 -0.095270 -0.951289
vn 0.291198 -0.105987 -0.950774
vn 0.316471 -0.305610 -0.898025
vn 0.324702 -0.292364 -0.899495
vn 0.226577 -0.508904 -0.830469
vn 0.210375 -0.520695 -0.827417
vn 0.000000 -0.666368 -0.745623
vn -0.023457 -0.671764 -0.740394
vn -0.337293 -0.691551 -0.638741
vn -0.310274 -0.696890 -0.646587
vn -0.627815 -0.565287 -0.535069
vn -0.652251 -0.547306 -0.524428
vn -0.866053 -0.281398 -0.413241
vn -0.881036 -0.252634 -0.399939
vn -0.954100 0.134090 -0.267794
vn -0.953781 0.100246 -0.283290
vn -0.840779 0.525376 -0.130655
vn -0.856540 0.494524 -0.147596
vn -0.587764 0.808985 -0.008723
vn -0.559171 0.829006 0.008723
vn -0.206130 0.969763 0.130656
vn -0.171746 0.974022 0.147597
vn 0.232011 0.930547 0.283289
vn 0.200317 0.942422 0.267793
vn 0.538729 0.741498 0.399939
vn 0.560635 0.717579 0.413241
vn 0.737382 0.425727 0.524428
vn 0.745921 0.396614 0.535070
vn 0.759128 0.042372 0.649561
vn 0.814645 0.056965 0.577155
vn 0.711922 0.049782 0.700492
vn 0.765207 0.080427 0.638741
vn 0.250362 -0.026314 -0.967795
vn 0.270828 0.005820 -0.962610
vn 0.329831 -0.175374 -0.927607
vn 0.325476 -0.187915 -0.926690
vn 0.306776 -0.392653 -0.867013
vn 0.295106 -0.406178 -0.864831
vn 0.148331 -0.594933 -0.789970
vn 0.128563 -0.604844 -0.785898
vn -0.124386 -0.705433 -0.697776
vn -0.150232 -0.706797 -0.691280
vn -0.450559 -0.667981 -0.592283
vn -0.477542 -0.657279 -0.583042
vn -0.746122 -0.466229 -0.475324
vn -0.767467 -0.443097 -0.463314
vn -0.927953 -0.130415 -0.349134
vn -0.937178 -0.098501 -0.334658
vn -0.938572 0.269131 -0.215987
vn -0.931907 0.302795 -0.199662
vn -0.763687 0.640811 -0.078381
vn -0.741757 0.667882 -0.061066
vn -0.405485 0.910735 0.078380
vn -0.437553 0.897117 0.061065
vn -0.000000 0.976396 0.215987
vn -0.034197 0.979268 0.199661
vn 0.353008 0.873722 0.334658
vn 0.381142 0.856059 0.349134
vn 0.653827 0.588708 0.475324
vn 0.637475 0.615602 0.463314
vn 0.766295 0.248985 0.592283
vn 0.763445 0.277871 0.583043
vn 0.297882 -0.085417 -0.950774
vn 0.299143 -0.074585 -0.951289
vn 0.337017 -0.282792 -0.898025
vn 0.344306 -0.269001 -0.899495
vn 0.246183 -0.504753 -0.827417
vn 0.261526 -0.491858 -0.830470
vn 0.046484 -0.664744 -0.745624
vn 0.023457 -0.671764 -0.740394
vn -0.260909 -0.716836 -0.646586
vn -0.288229 -0.713396 -0.638742
vn -0.586853 -0.607704 -0.535070
vn -0.612487 -0.591470 -0.524427
vn -0.844313 -0.341125 -0.413242
vn -0.861268 -0.313475 -0.399940
vn -0.961129 0.067208 -0.267794
vn -0.958450 0.033471 -0.283289
vn -0.875379 0.465447 -0.130655
vn -0.888950 0.433570 -0.147596
vn -0.642763 0.766016 -0.008723
vn -0.615638 0.787981 0.008722
vn -0.273274 0.953022 0.130655
vn -0.239272 0.959669 0.147597
vn 0.134091 0.954100 0.267793
vn 0.166535 0.944465 0.283288
vn 0.509213 0.754940 0.413240
vn 0.485694 0.777271 0.399939
vn 0.716437 0.447680 0.535070
vn 0.705888 0.476127 0.524428
vn 0.755417 0.106167 0.646586
vn 0.757732 0.133609 0.638741
vn 0.341262 -0.151940 -0.927607
vn 0.337792 -0.164751 -0.926689
vn 0.322720 -0.384603 -0.864831
vn 0.333417 -0.370299 -0.867013
vn 0.170443 -0.594404 -0.785897
vn 0.189475 -0.583135 -0.789970
vn -0.074877 -0.712391 -0.697777
vn -0.100565 -0.715554 -0.691281
vn -0.430528 -0.688991 -0.583042
vn -0.402865 -0.697784 -0.592282
vn -0.711782 -0.517139 -0.475324
vn -0.734688 -0.495553 -0.463314
vn -0.916595 -0.194829 -0.349134
vn -0.928024 -0.163635 -0.334658
vn -0.955059 0.203005 -0.215987
vn -0.950759 0.237051 -0.199662
vn -0.786541 0.614512 -0.061065
vn -0.806528 0.585977 -0.078380
vn -0.499067 0.864409 0.061064
vn -0.468027 0.880232 0.078380
vn -0.102423 0.974497 0.199661
vn -0.068109 0.974018 0.215986
vn 0.320497 0.880560 0.349135
vn 0.291199 0.896218 0.334659
vn 0.611168 0.632883 0.475324
vn 0.592979 0.658571 0.463314
vn 0.747060 0.301831 0.592283
vn 0.742202 0.330449 0.583043
vn 0.303115 -0.064429 -0.950774
vn 0.303618 -0.053536 -0.951289
vn 0.355923 -0.258592 -0.898025
vn 0.362232 -0.244328 -0.899495
vn 0.295200 -0.472417 -0.830469
vn 0.280795 -0.486349 -0.827417
vn 0.092738 -0.659884 -0.745623
vn 0.070262 -0.668490 -0.740394
vn -0.237764 -0.731764 -0.638740
vn -0.210267 -0.733291 -0.646585
vn -0.569735 -0.632754 -0.524428
vn -0.543031 -0.647161 -0.535070
vn -0.837302 -0.372790 -0.399940
vn -0.818461 -0.399190 -0.413242
vn -0.958450 -0.033471 -0.283289
vn -0.963476 0.000000 -0.267793
vn -0.905714 0.403250 -0.130655
vn -0.917029 0.370504 -0.147597
vn -0.694632 0.719312 -0.008723
vn -0.669105 0.743117 0.008722
vn -0.305633 0.940640 0.147597
vn -0.339089 0.931637 0.130655
vn 0.100245 0.953781 0.283289
vn 0.067208 0.961129 0.267794
vn 0.430290 0.809258 0.399940
vn 0.455310 0.788622 0.413242
vn 0.683463 0.496566 0.535071
vn 0.670955 0.524208 0.524428
vn 0.746171 0.158604 0.646586
vn 0.746566 0.186140 0.638741
vn 0.351029 -0.127764 -0.927607
vn 0.348461 -0.140789 -0.926689
vn 0.348762 -0.361154 -0.864831
vn 0.358437 -0.346136 -0.867014
vn 0.229689 -0.568498 -0.789970
vn 0.211491 -0.581065 -0.785897
vn -0.024998 -0.715878 -0.697778
vn -0.050407 -0.720826 -0.691281
vn -0.353210 -0.724185 -0.592283
vn -0.381420 -0.717342 -0.583043
vn -0.698331 -0.545595 -0.463314
vn -0.673972 -0.565533 -0.475325
vn -0.914348 -0.227973 -0.334658
vn -0.900772 -0.258293 -0.349135
vn -0.966894 0.135888 -0.215987
vn -0.964979 0.170151 -0.199661
vn -0.845439 0.528289 -0.078381
vn -0.827490 0.558149 -0.061065
vn -0.558149 0.827491 0.061065
vn -0.528289 0.845439 0.078380
vn -0.170151 0.964979 0.199662
vn -0.135889 0.966894 0.215987
vn 0.258293 0.900772 0.349135
vn 0.227972 0.914348 0.334658
vn 0.545596 0.698330 0.463315
vn 0.565531 0.673975 0.475324
vn 0.724185 0.353209 0.592283
vn 0.717343 0.381419 0.583043
vn 0.698177 0.018274 0.715692
vn 0.306613 -0.032226 -0.951289
vn 0.306207 -0.033919 -0.951360
vn 0.306871 -0.043128 -0.950773
vn 0.378392 -0.218466 -0.899495
vn 0.373094 -0.233135 -0.898025
vn 0.314035 -0.465578 -0.827417
vn 0.327434 -0.450674 -0.830470
vn 0.116721 -0.661962 -0.740393
vn 0.138545 -0.651807 -0.745622
vn -0.186141 -0.746567 -0.638741
vn -0.158601 -0.746171 -0.646587
vn -0.524207 -0.670956 -0.524428
vn -0.496566 -0.683464 -0.535070
vn -0.788622 -0.455311 -0.413241
vn -0.809257 -0.430292 -0.399940
vn -0.953781 -0.100246 -0.283290
vn -0.961129 -0.067208 -0.267794
vn -0.931637 0.339089 -0.130656
vn -0.940640 0.305632 -0.147597
vn -0.719313 0.694632 0.008722
vn -0.743116 0.669106 -0.008722
vn -0.370504 0.917029 0.147596
vn -0.403249 0.905715 0.130655
vn 0.033470 0.958450 0.283289
vn 0.000000 0.963476 0.267794
vn 0.372791 0.837302 0.399939
vn 0.399191 0.818461 0.413241
vn 0.647161 0.543031 0.535070
vn 0.632755 0.569735 0.524427
vn 0.733290 0.210267 0.646586
vn 0.731764 0.237765 0.638741
vn 0.359086 -0.102967 -0.927607
vn 0.357434 -0.116137 -0.926689
vn 0.381707 -0.320292 -0.867014
vn 0.373105 -0.335946 -0.864831
vn 0.251508 -0.564897 -0.785897
vn 0.268784 -0.551092 -0.789970
vn 0.024998 -0.715878 -0.697778
vn -0.000000 -0.722585 -0.691282
vn -0.330450 -0.742202 -0.583043
vn -0.301830 -0.747060 -0.592283
vn -0.658570 -0.592980 -0.463316
vn -0.632884 -0.611167 -0.475325
vn -0.896218 -0.291199 -0.334659
vn -0.880561 -0.320497 -0.349134
vn -0.974497 0.102424 -0.199661
vn -0.974018 0.068109 -0.215987
vn -0.864409 0.499067 -0.061066
vn -0.880231 0.468027 -0.078381
vn -0.614512 0.786540 0.061065
vn -0.585977 0.806528 0.078381
vn -0.237050 0.950759 0.199661
vn -0.203003 0.955060 0.215987
vn 0.163636 0.928023 0.334658
vn 0.194828 0.916596 0.349134
vn 0.495553 0.734688 0.463314
vn 0.517140 0.711781 0.475325
vn 0.688989 0.430528 0.583043
vn 0.697783 0.402865 0.592283
vn 0.715554 0.100565 0.691281
vn 0.709101 0.051645 0.703213
vn 0.761802 0.080069 0.642843
vn 0.318558 -0.005560 -0.947887
vn 0.314735 -0.022009 -0.948924
vn 0.365246 -0.006375 -0.930889
vn 0.369448 -0.025835 -0.928892
vn 0.388448 -0.206541 -0.898025
vn 0.392711 -0.191537 -0.899495
vn 0.345747 -0.442537 -0.827418
vn 0.358073 -0.426735 -0.830470
vn 0.162614 -0.652208 -0.740393
vn 0.183677 -0.640554 -0.745622
vn -0.106168 -0.755416 -0.646587
vn -0.133608 -0.757732 -0.638742
vn -0.447678 -0.716438 -0.535071
vn -0.476129 -0.705887 -0.524428
vn -0.777272 -0.485692 -0.399939
vn -0.754940 -0.509213 -0.413241
vn -0.944464 -0.166534 -0.283290
vn -0.954100 -0.134090 -0.267794
vn -0.959669 0.239273 -0.147597
vn -0.953022 0.273274 -0.130656
vn -0.787981 0.615638 -0.008723
vn -0.766015 0.642764 0.008723
vn -0.465447 0.875379 0.130656
vn -0.433570 0.888950 0.147596
vn -0.033470 0.958450 0.283289
vn -0.067208 0.961129 0.267794
vn 0.313475 0.861268 0.399939
vn 0.341125 0.844314 0.413241
vn 0.591470 0.612485 0.524428
vn 0.607703 0.586854 0.535070
vn 0.716836 0.260907 0.646586
vn 0.713395 0.288230 0.638741
vn 0.365394 -0.077667 -0.927607
vn 0.364664 -0.090921 -0.926689
vn 0.395632 -0.309100 -0.864831
vn 0.403121 -0.292884 -0.867013
vn 0.290302 -0.545977 -0.785897
vn 0.306574 -0.530999 -0.789970
vn 0.074877 -0.712391 -0.697777
vn 0.050407 -0.720826 -0.691281
vn -0.248983 -0.766294 -0.592284
vn -0.277871 -0.763444 -0.583044
vn -0.588709 -0.653826 -0.475324
vn -0.615602 -0.637474 -0.463314
vn -0.873722 -0.353006 -0.334658
vn -0.856059 -0.381141 -0.349135
vn -0.979268 0.034196 -0.199662
vn -0.976396 0.000000 -0.215987
vn -0.910735 0.405485 -0.078381
vn -0.897117 0.437553 -0.061066
vn -0.667881 0.741758 0.061066
vn -0.640810 0.763688 0.078381
vn -0.302795 0.931907 0.199663
vn -0.269133 0.938572 0.215988
vn 0.098500 0.937177 0.334659
vn 0.130414 0.927953 0.349135
vn 0.443096 0.767467 0.463314
vn 0.466228 0.746122 0.475325
vn 0.667981 0.450558 0.592283
vn 0.657279 0.477542 0.583042
vn 0.706796 0.150235 0.691281
vn 0.705433 0.124387 0.697777
vn 0.405114 -0.163678 -0.899495
vn 0.401909 -0.178942 -0.898025
vn 0.386969 -0.400719 -0.830469
vn 0.375777 -0.417339 -0.827417
vn 0.227912 -0.626181 -0.745622
vn 0.207714 -0.639275 -0.740393
vn -0.053215 -0.760983 -0.646585
vn -0.080425 -0.765207 -0.638741
vn -0.396615 -0.745920 -0.535071
vn -0.425727 -0.737381 -0.524429
vn -0.741498 -0.538730 -0.399940
vn -0.717580 -0.560634 -0.413241
vn -0.942422 -0.200319 -0.267793
vn -0.930547 -0.232012 -0.283289
vn -0.969763 0.206129 -0.130656
vn -0.974022 0.171746 -0.147596
vn -0.829006 0.559172 -0.008723
vn -0.808986 0.587763 0.008722
vn -0.494524 0.856540 0.147598
vn -0.525377 0.840778 0.130657
vn -0.100245 0.953781 0.283289
vn -0.134091 0.954100 0.267793
vn 0.281396 0.866053 0.413241
vn 0.252634 0.881036 0.399941
vn 0.565287 0.627814 0.535070
vn 0.547304 0.652253 0.524428
vn 0.696890 0.310276 0.646586
vn 0.691551 0.337292 0.638741
vn 0.661607 0.011549 0.749762
vn 0.623474 0.010884 0.781769
vn 0.370119 -0.065262 -0.926689
vn 0.369922 -0.051989 -0.927607
vn 0.416229 -0.280751 -0.864831
vn 0.422569 -0.264051 -0.867014
vn 0.342866 -0.508321 -0.789970
vn 0.327680 -0.524396 -0.785897
vn 0.124386 -0.705433 -0.697776
vn 0.100565 -0.715554 -0.691281
vn -0.223938 -0.780968 -0.583044
vn -0.194925 -0.781796 -0.592284
vn -0.541665 -0.693301 -0.475324
vn -0.569634 -0.678865 -0.463314
vn -0.827385 -0.439930 -0.349135
vn -0.846969 -0.413094 -0.334658
vn -0.974018 -0.068109 -0.215987
vn -0.979268 -0.034196 -0.199662
vn -0.936802 0.340968 -0.078380
vn -0.925454 0.373907 -0.061065
vn -0.717998 0.693362 0.061065
vn -0.692521 0.717127 0.078381
vn -0.333946 0.917513 0.215987
vn -0.367064 0.908515 0.199661
vn 0.032887 0.941766 0.334658
vn 0.065368 0.934790 0.349134
vn 0.388483 0.796506 0.463314
vn 0.413046 0.776827 0.475324
vn 0.622367 0.522227 0.583043
vn 0.634924 0.496058 0.592282
vn 0.694595 0.199171 0.691280
vn 0.695038 0.173291 0.697777
vn 0.415546 -0.135018 -0.899495
vn 0.413413 -0.150470 -0.898025
vn 0.413979 -0.372749 -0.830470
vn 0.403972 -0.390112 -0.827417
vn 0.271036 -0.608757 -0.745623
vn 0.251799 -0.623229 -0.740394
vn -0.026855 -0.768954 -0.638740
vn 0.000000 -0.762841 -0.646586
vn -0.373253 -0.765283 -0.524428
vn -0.343614 -0.771770 -0.535070
vn -0.702112 -0.589141 -0.399939
vn -0.676723 -0.609325 -0.413241
vn -0.926153 -0.265570 -0.267793
vn -0.912096 -0.296358 -0.283289
vn -0.983630 0.103384 -0.147597
vn -0.981779 0.137981 -0.130656
vn -0.848016 0.529899 0.008723
vn -0.865992 0.499981 -0.008722
vn -0.582747 0.802082 0.130656
vn -0.553068 0.819958 0.147597
vn -0.200317 0.942422 0.267793
vn -0.166535 0.944465 0.283288
vn 0.190559 0.896513 0.399940
vn 0.220300 0.883572 0.413242
vn 0.500473 0.688841 0.524428
vn 0.520115 0.665718 0.535070
vn 0.666339 0.384711 0.638741
vn 0.673548 0.358132 0.646586
vn 0.672744 0.047042 0.738379
vn 0.611588 0.042766 0.790020
vn 0.668491 0.070262 0.740394
vn 0.663069 0.036594 0.747663
vn 0.446589 -0.046939 -0.893507
vn 0.373769 -0.039285 -0.926689
vn 0.411292 -0.003962 -0.911495
vn 0.373130 -0.031649 -0.927239
vn 0.434800 -0.251031 -0.864831
vn 0.439959 -0.233930 -0.867014
vn 0.377489 -0.483166 -0.789970
vn 0.363461 -0.500262 -0.785897
vn 0.150232 -0.706797 -0.691280
vn 0.173292 -0.695037 -0.697777
vn -0.139913 -0.793489 -0.592284
vn -0.168917 -0.794687 -0.583043
vn -0.491985 -0.729395 -0.475325
vn -0.520892 -0.716945 -0.463315
vn -0.794683 -0.496572 -0.349136
vn -0.816089 -0.471169 -0.334660
vn -0.966894 -0.135888 -0.215987
vn -0.974497 -0.102424 -0.199661
vn -0.949282 0.308441 -0.061065
vn -0.958304 0.274789 -0.078380
vn -0.764615 0.641588 0.061065
vn -0.740859 0.667072 0.078380
vn -0.429545 0.880697 0.199661
vn -0.397136 0.891982 0.215987
vn -0.000000 0.937073 0.349134
vn -0.032887 0.941766 0.334658
vn 0.331974 0.821665 0.463314
vn 0.357851 0.803747 0.475325
vn 0.584421 0.564370 0.583043
vn 0.598774 0.539139 0.592283
vn 0.681256 0.221354 0.697777
vn 0.679009 0.247139 0.691281
vn 0.423952 -0.105703 -0.899495
vn 0.422902 -0.121266 -0.898025
vn 0.438973 -0.342962 -0.830470
vn 0.430201 -0.360982 -0.827417
vn 0.294661 -0.604145 -0.740394
vn 0.312841 -0.588367 -0.745623
vn 0.053215 -0.760983 -0.646585
vn 0.026855 -0.768954 -0.638740
vn -0.288942 -0.793860 -0.535070
vn -0.318960 -0.789456 -0.524428
vn -0.632571 -0.655046 -0.413241
vn -0.659305 -0.636683 -0.399940
vn -0.889202 -0.359260 -0.283289
vn -0.905372 -0.329528 -0.267794
vn -0.988445 0.034517 -0.147596
vn -0.989013 0.069158 -0.130655
vn -0.898760 0.438354 -0.008723
vn -0.882914 0.469454 0.008723
vn -0.608919 0.779380 0.147597
vn -0.637277 0.759478 0.130656
vn -0.265571 0.926153 0.267793
vn -0.232011 0.930547 0.283289
vn 0.127557 0.907622 0.399939
vn 0.158128 0.896787 0.413241
vn 0.472411 0.700377 0.535070
vn 0.451202 0.722075 0.524428
vn 0.646926 0.404243 0.646586
vn 0.637880 0.430254 0.638741
vn 0.661962 0.116722 0.740394
vn 0.659883 0.092740 0.745623
vn 0.455205 -0.202671 -0.867014
vn 0.451251 -0.220090 -0.864831
vn 0.410276 -0.455655 -0.789970
vn 0.397473 -0.473689 -0.785897
vn 0.199171 -0.694594 -0.691281
vn 0.221354 -0.681255 -0.697778
vn -0.113069 -0.804535 -0.583043
vn -0.084220 -0.801316 -0.592283
vn -0.469611 -0.751536 -0.463314
vn -0.439905 -0.761939 -0.475324
vn -0.758108 -0.550798 -0.349134
vn -0.781234 -0.526951 -0.334659
vn -0.964979 -0.170151 -0.199661
vn -0.955059 -0.203005 -0.215987
vn -0.968485 0.241470 -0.061065
vn -0.975138 0.207272 -0.078381
vn -0.785587 0.613767 0.078381
vn -0.807507 0.586688 0.061066
vn -0.458390 0.862107 0.215987
vn -0.489933 0.848588 0.199661
vn -0.098500 0.937177 0.334659
vn -0.065368 0.934790 0.349134
vn 0.300913 0.826751 0.475324
vn 0.273848 0.842821 0.463314
vn 0.543630 0.603762 0.583043
vn 0.559708 0.579593 0.592283
vn 0.660116 0.293903 0.691280
vn 0.664156 0.268336 0.697777
vn 0.430292 -0.075872 -0.899495
vn 0.430331 -0.091469 -0.898025
vn 0.461826 -0.311507 -0.830470
vn 0.454334 -0.330092 -0.827418
vn 0.353122 -0.565112 -0.745623
vn 0.336088 -0.582118 -0.740394
vn 0.080425 -0.765207 -0.638741
vn 0.106168 -0.755416 -0.646587
vn -0.263114 -0.809782 -0.524427
vn -0.232860 -0.812082 -0.535070
vn -0.613286 -0.681124 -0.399939
vn -0.585336 -0.697577 -0.413241
vn -0.861975 -0.420413 -0.283289
vn -0.880180 -0.391881 -0.267793
vn -0.988445 -0.034517 -0.147596
vn -0.991428 0.000000 -0.130656
vn -0.913511 0.406721 0.008722
vn -0.927149 0.374592 -0.008723
vn -0.688703 0.713174 0.130656
vn -0.661802 0.735006 0.147596
vn -0.329527 0.905372 0.267793
vn -0.296358 0.912096 0.283288
vn 0.095186 0.905633 0.413241
vn 0.063936 0.914309 0.399939
vn 0.422405 0.731625 0.535070
vn 0.399734 0.751790 0.524427
vn 0.617150 0.448387 0.646587
vn 0.606312 0.473704 0.638742
vn 0.651806 0.138546 0.745623
vn 0.652207 0.162613 0.740394
vn 0.468234 -0.170423 -0.867014
vn 0.465504 -0.188077 -0.864831
vn 0.429548 -0.444809 -0.785897
vn 0.441060 -0.425927 -0.789970
vn 0.268335 -0.664157 -0.697777
vn 0.247140 -0.679008 -0.691281
vn -0.056672 -0.810462 -0.583043
vn -0.028122 -0.805240 -0.592282
vn -0.416044 -0.782463 -0.463314
vn -0.385684 -0.790768 -0.475324
vn -0.742574 -0.580161 -0.334659
vn -0.717840 -0.602338 -0.349135
vn -0.950758 -0.237052 -0.199662
vn -0.938572 -0.269131 -0.215987
vn -0.982970 0.173324 -0.061066
vn -0.987221 0.138745 -0.078381
vn -0.826487 0.557472 0.078381
vn -0.846466 0.528930 0.061066
vn -0.517411 0.828031 0.215986
vn -0.547933 0.812345 0.199661
vn -0.130414 0.927953 0.349135
vn -0.163636 0.928023 0.334658
vn 0.242509 0.845729 0.475323
vn 0.214391 0.859871 0.463313
vn 0.517914 0.617225 0.592283
vn 0.500189 0.640213 0.583042
vn 0.643820 0.314012 0.697776
vn 0.638006 0.339234 0.691280
vn 0.583691 0.013215 0.811868
vn 0.619110 0.036228 0.784469
vn 0.433986 -0.038550 -0.900095
vn 0.435663 -0.061229 -0.898025
vn 0.476253 -0.297597 -0.827417
vn 0.482432 -0.278531 -0.830470
vn 0.375874 -0.557257 -0.740394
vn 0.391681 -0.539103 -0.745623
vn 0.133608 -0.757732 -0.638742
vn 0.158601 -0.746171 -0.646587
vn -0.175646 -0.826347 -0.535070
vn -0.205986 -0.826163 -0.524428
vn -0.535251 -0.736708 -0.413242
vn -0.564280 -0.722244 -0.399940
vn -0.850699 -0.452325 -0.267793
vn -0.830548 -0.479517 -0.283289
vn -0.989013 -0.069158 -0.130655
vn -0.983630 -0.103384 -0.147597
vn -0.951020 0.309006 -0.008723
vn -0.939657 0.342007 0.008722
vn -0.736775 0.663394 0.130656
vn -0.711461 0.687050 0.147597
vn -0.391881 0.880179 0.267795
vn -0.359262 0.889201 0.283290
vn 0.031780 0.910067 0.413241
vn 0.000000 0.916541 0.399940
vn 0.370339 0.759308 0.535070
vn 0.346318 0.777843 0.524428
vn 0.571791 0.514844 0.638741
vn 0.584370 0.490345 0.646586
vn 0.640554 0.183676 0.745623
vn 0.639274 0.207713 0.740394
vn 0.477490 -0.155145 -0.864831
vn 0.478982 -0.137347 -0.867013
vn 0.469697 -0.394123 -0.789969
vn 0.459530 -0.413762 -0.785897
vn 0.293902 -0.660116 -0.691280
vn 0.314012 -0.643821 -0.697776
vn 0.028122 -0.805240 -0.592282
vn -0.000000 -0.812443 -0.583041
vn -0.329582 -0.815747 -0.475324
vn -0.360447 -0.809579 -0.463314
vn -0.674074 -0.650946 -0.349134
vn -0.700294 -0.630549 -0.334658
vn -0.917512 -0.333947 -0.215988
vn -0.931907 -0.302794 -0.199662
vn -0.992666 0.104333 -0.061065
vn -0.994495 0.069541 -0.078381
vn -0.863361 0.498462 0.078381
vn -0.881299 0.468596 0.061065
vn -0.573911 0.789921 0.215987
vn -0.603266 0.772144 0.199661
vn -0.227972 0.914348 0.334658
vn -0.194828 0.916596 0.349134
vn 0.182923 0.860585 0.475324
vn 0.153886 0.872731 0.463314
vn 0.454312 0.673544 0.583042
vn 0.473596 0.651850 0.592282
vn 0.620347 0.358158 0.697777
vn 0.612788 0.382912 0.691281
vn 0.609787 0.064091 0.789970
vn 0.532230 0.055939 0.844750
vn 0.612340 0.086059 0.785897
vn 0.512300 -0.035823 -0.858059
vn 0.443000 -0.030977 -0.895986
vn 0.456263 0.004366 -0.889834
vn 0.495852 -0.263649 -0.827417
vn 0.500685 -0.244201 -0.830470
vn 0.413831 -0.529680 -0.740394
vn 0.428333 -0.510466 -0.745624
vn 0.186141 -0.746567 -0.638741
vn 0.210267 -0.733291 -0.646585
vn -0.147853 -0.838520 -0.524427
vn -0.117573 -0.836586 -0.535070
vn -0.482555 -0.772251 -0.413242
vn -0.512524 -0.759847 -0.399940
vn -0.795075 -0.536287 -0.283289
vn -0.817074 -0.510565 -0.267793
vn -0.981779 -0.137981 -0.130656
vn -0.974022 -0.171746 -0.147596
vn -0.970259 0.241913 -0.008722
vn -0.961225 0.275627 0.008723
vn -0.781256 0.610384 0.130655
vn -0.757654 0.635748 0.147597
vn -0.452324 0.850699 0.267795
vn -0.420413 0.861974 0.283290
vn -0.063936 0.914309 0.399939
vn -0.031780 0.910067 0.413241
vn 0.316469 0.783292 0.535070
vn 0.291215 0.800105 0.524429
vn 0.534486 0.553475 0.638741
vn 0.548742 0.529913 0.646586
vn 0.623228 0.251800 0.740394
vn 0.626181 0.227911 0.745623
vn 0.487396 -0.103599 -0.867014
vn 0.487150 -0.121461 -0.864831
vn 0.487273 -0.380699 -0.785896
vn 0.496046 -0.360398 -0.789969
vn 0.358159 -0.620347 -0.697777
vn 0.339234 -0.638006 -0.691280
vn 0.084220 -0.801316 -0.592283
vn 0.056672 -0.810462 -0.583043
vn -0.303098 -0.832749 -0.463314
vn -0.271877 -0.836749 -0.475325
vn -0.654605 -0.677861 -0.334658
vn -0.627023 -0.696381 -0.349135
vn -0.891982 -0.397136 -0.215988
vn -0.908515 -0.367064 -0.199663
vn -0.996923 0.000000 -0.078381
vn -0.997526 0.034835 -0.061066
vn -0.911840 0.405978 0.061066
vn -0.896029 0.437022 0.078381
vn -0.655657 0.728182 0.199661
vn -0.627616 0.747963 0.215986
vn -0.291199 0.896218 0.334659
vn -0.258293 0.900772 0.349135
vn 0.092633 0.881340 0.463314
vn 0.122446 0.871248 0.475324
vn 0.406221 0.703595 0.583043
vn 0.426972 0.683298 0.592283
vn 0.593852 0.400558 0.697777
vn 0.584584 0.424726 0.691280
vn 0.603831 0.106472 0.789970
vn 0.604845 0.128564 0.785897
vn 0.513036 -0.228418 -0.827417
vn 0.516501 -0.208681 -0.830469
vn 0.462899 -0.479345 -0.745623
vn 0.449773 -0.499520 -0.740394
vn 0.260909 -0.716836 -0.646586
vn 0.237764 -0.731764 -0.638740
vn -0.089002 -0.846790 -0.524428
vn -0.058929 -0.842749 -0.535072
vn -0.458270 -0.793748 -0.399940
vn -0.427512 -0.804031 -0.413241
vn -0.779469 -0.566317 -0.267794
vn -0.755730 -0.590439 -0.283290
vn -0.959669 -0.239273 -0.147596
vn -0.969763 -0.206129 -0.130655
vn -0.984770 0.173642 -0.008722
vn -0.978110 0.207904 0.008723
vn -0.821931 0.554399 0.130655
vn -0.800157 0.581347 0.147596
vn -0.479517 0.830548 0.283290
vn -0.510565 0.817074 0.267794
vn -0.095186 0.905633 0.413241
vn -0.127557 0.907622 0.399939
vn 0.261061 0.803459 0.535071
vn 0.234693 0.818471 0.524428
vn 0.494575 0.589411 0.638742
vn 0.510440 0.566902 0.646586
vn 0.608757 0.271036 0.745623
vn 0.604145 0.294661 0.740394
vn 0.542571 -0.001018 0.840010
vn 0.493435 -0.069348 -0.867014
vn 0.494435 -0.087183 -0.864831
vn 0.519977 -0.324918 -0.789970
vn 0.512641 -0.345782 -0.785897
vn 0.382912 -0.612788 -0.691281
vn 0.400558 -0.593852 -0.697777
vn 0.139913 -0.793489 -0.592284
vn 0.113069 -0.804535 -0.583043
vn -0.244267 -0.851865 -0.463314
vn -0.212846 -0.853677 -0.475324
vn -0.605724 -0.721874 -0.334659
vn -0.576920 -0.738423 -0.349135
vn -0.880696 -0.429546 -0.199662
vn -0.862107 -0.458390 -0.215987
vn -0.994495 -0.069541 -0.078381
vn -0.997526 -0.034835 -0.061066
vn -0.937939 0.341382 0.061066
vn -0.924331 0.373454 0.078381
vn -0.704856 0.680671 0.199661
vn -0.678262 0.702361 0.215987
vn -0.320497 0.880560 0.349135
vn -0.353008 0.873722 0.334658
vn 0.030927 0.885654 0.463315
vn 0.061372 0.877667 0.475324
vn 0.356151 0.730217 0.583043
vn 0.378267 0.711417 0.592283
vn 0.564465 0.441008 0.697776
vn 0.553534 0.464470 0.691280
vn 0.594404 0.170442 0.785897
vn 0.594933 0.148334 0.789970
vn 0.529800 -0.172141 -0.830470
vn 0.527720 -0.192075 -0.827417
vn 0.483519 -0.466932 -0.740394
vn 0.495207 -0.445886 -0.745624
vn 0.310274 -0.696890 -0.646587
vn 0.288229 -0.713396 -0.638742
vn 0.000000 -0.844807 -0.535071
vn -0.029714 -0.850935 -0.524430
vn -0.401786 -0.823782 -0.399940
vn -0.370382 -0.831894 -0.413242
vn -0.738065 -0.619311 -0.267793
vn -0.712701 -0.641720 -0.283289
vn -0.953022 -0.273274 -0.130656
vn -0.940640 -0.305632 -0.147597
vn -0.990230 0.139168 0.008723
vn -0.994484 0.104524 -0.008722
vn -0.838760 0.524115 0.147596
vn -0.858602 0.495714 0.130655
vn -0.536285 0.795075 0.283290
vn -0.566317 0.779469 0.267794
vn -0.190559 0.896513 0.399940
vn -0.158128 0.896787 0.413241
vn 0.177027 0.832848 0.524429
vn 0.204377 0.819713 0.535071
vn 0.452254 0.622475 0.638741
vn 0.469652 0.601126 0.646586
vn 0.588368 0.312840 0.745623
vn 0.582119 0.336087 0.740394
vn 0.485119 0.033923 0.873790
vn 0.557541 0.038987 0.829233
vn 0.563502 0.044595 0.824910
vn 0.496614 -0.031293 -0.867407
vn 0.576666 -0.060610 -0.814729
vn 0.499313 -0.052480 -0.864831
vn 0.499753 -0.025692 -0.865787
vn 0.542520 -0.013698 -0.839931
vn 0.541376 -0.287854 -0.789970
vn 0.535514 -0.309179 -0.785897
vn 0.424727 -0.584584 -0.691280
vn 0.441008 -0.564465 -0.697776
vn 0.168917 -0.794687 -0.583043
vn 0.194925 -0.781796 -0.592284
vn -0.152777 -0.866445 -0.475322
vn -0.184248 -0.866830 -0.463313
vn -0.553894 -0.762368 -0.334659
vn -0.524005 -0.776868 -0.349135
vn -0.848589 -0.489931 -0.199662
vn -0.828030 -0.517412 -0.215988
vn -0.987221 -0.138745 -0.078382
vn -0.992666 -0.104333 -0.061065
vn -0.959468 0.275123 0.061065
vn -0.948131 0.308066 0.078381
vn -0.750620 0.629845 0.199662
vn -0.725604 0.653336 0.215987
vn -0.381142 0.856059 0.349134
vn -0.413095 0.846969 0.334658
vn -0.000000 0.879811 0.475325
vn -0.030927 0.885654 0.463315
vn 0.304345 0.753283 0.583042
vn 0.327721 0.736071 0.592283
vn 0.532326 0.479309 0.697776
vn 0.519786 0.501950 0.691280
vn 0.581066 0.211490 0.785897
vn 0.583137 0.189472 0.789970
vn 0.540517 -0.134766 -0.830470
vn 0.539833 -0.154794 -0.827417
vn 0.525105 -0.410257 -0.745623
vn 0.514915 -0.432063 -0.740394
vn 0.337293 -0.691551 -0.638741
vn 0.358132 -0.673549 -0.646586
vn 0.029714 -0.850935 -0.524430
vn 0.058929 -0.842749 -0.535072
vn -0.311452 -0.855704 -0.413241
vn -0.343341 -0.849803 -0.399940
vn -0.693067 -0.669287 -0.267794
vn -0.666202 -0.689871 -0.283289
vn -0.917029 -0.370504 -0.147597
vn -0.931637 -0.339088 -0.130656
vn -0.997526 0.069754 0.008722
vn -0.999353 0.034899 -0.008723
vn -0.873277 0.464330 0.147596
vn -0.891089 0.434613 0.130656
vn -0.590441 0.755729 0.283290
vn -0.619311 0.738065 0.267794
vn -0.220300 0.883572 0.413242
vn -0.252634 0.881036 0.399941
vn 0.118500 0.843168 0.524428
vn 0.146700 0.831973 0.535070
vn 0.426575 0.632424 0.646586
vn 0.407731 0.652507 0.638741
vn 0.565112 0.353122 0.745623
vn 0.557257 0.375874 0.740394
vn 0.551642 0.077528 0.830470
vn 0.553056 0.097519 0.827417
vn 0.560136 -0.249388 -0.789970
vn 0.555776 -0.271070 -0.785897
vn 0.479310 -0.532324 -0.697777
vn 0.464470 -0.553534 -0.691280
vn 0.223938 -0.780968 -0.583044
vn 0.248983 -0.766294 -0.592284
vn -0.123336 -0.877570 -0.463313
vn -0.091966 -0.874991 -0.475323
vn -0.499364 -0.799150 -0.334658
vn -0.468535 -0.811529 -0.349134
vn -0.812344 -0.547934 -0.199663
vn -0.789921 -0.573911 -0.215987
vn -0.975138 -0.207272 -0.078382
vn -0.982970 -0.173324 -0.061066
vn -0.976322 0.207523 0.061065
vn -0.967311 0.241178 0.078381
vn -0.792727 0.575950 0.199662
vn -0.769411 0.601129 0.215988
vn -0.439929 0.827386 0.349134
vn -0.471169 0.816091 0.334657
vn -0.061372 0.877667 0.475324
vn -0.092633 0.881340 0.463314
vn 0.275576 0.757139 0.592282
vn 0.251059 0.772678 0.583042
vn 0.483504 0.536987 0.691281
vn 0.497594 0.515274 0.697777
vn 0.568498 0.229689 0.789970
vn 0.564897 0.251509 0.785897
vn 0.549316 -0.116761 -0.827417
vn 0.548601 -0.096733 -0.830470
vn 0.543799 -0.395094 -0.740394
vn 0.552443 -0.372629 -0.745623
vn 0.404244 -0.646926 -0.646586
vn 0.384710 -0.666339 -0.638741
vn 0.117573 -0.836586 -0.535070
vn 0.089002 -0.846790 -0.524428
vn -0.251001 -0.875346 -0.413241
vn -0.283228 -0.871683 -0.399939
vn -0.616455 -0.734663 -0.283289
vn -0.644692 -0.716002 -0.267793
vn -0.888950 -0.433571 -0.147596
vn -0.905714 -0.403251 -0.130655
vn -0.999353 -0.034899 -0.008723
vn -0.999962 0.000000 0.008723
vn -0.919236 0.371395 0.130656
vn -0.903540 0.402282 0.147597
vn -0.669286 0.693067 0.267794
vn -0.641719 0.712702 0.283290
vn -0.281396 0.866053 0.413241
vn -0.313475 0.861268 0.399939
vn 0.088305 0.840180 0.535071
vn 0.059394 0.849380 0.524429
vn 0.381421 0.660640 0.646586
vn 0.361222 0.679359 0.638741
vn 0.529680 0.413831 0.740394
vn 0.539103 0.391681 0.745623
vn 0.544906 0.135861 0.827417
vn 0.544891 0.115820 0.830470
vn 0.573331 -0.231641 -0.785897
vn 0.576168 -0.209709 -0.789970
vn 0.501950 -0.519785 -0.691281
vn 0.515272 -0.497596 -0.697777
vn 0.301830 -0.747060 -0.592283
vn 0.277871 -0.763444 -0.583044
vn -0.030704 -0.879275 -0.475323
vn -0.061818 -0.884036 -0.463313
vn -0.410786 -0.842235 -0.349135
vn -0.442402 -0.832036 -0.334659
vn -0.772144 -0.603265 -0.199662
vn -0.747962 -0.627616 -0.215988
vn -0.958304 -0.274789 -0.078381
vn -0.968485 -0.241470 -0.061066
vn -0.988420 0.138913 0.061065
vn -0.981778 0.173113 0.078380
vn -0.809469 0.545994 0.215987
vn -0.830973 0.519249 0.199662
vn -0.526950 0.781235 0.334659
vn -0.496574 0.794682 0.349134
vn -0.153886 0.872731 0.463314
vn -0.122446 0.871248 0.475324
vn 0.196547 0.788309 0.583042
vn 0.222089 0.774518 0.592282
vn 0.444869 0.569405 0.691281
vn 0.460438 0.548730 0.697777
vn 0.545978 0.290301 0.785897
vn 0.551092 0.268785 0.789970
vn 0.499744 0.026419 0.865770
vn 0.456245 0.009764 0.889800
vn 0.501962 0.031329 0.864322
vn 0.552191 -0.042521 -0.832633
vn 0.556123 -0.078158 -0.827417
vn 0.570035 -0.356198 -0.740394
vn 0.577091 -0.333184 -0.745623
vn 0.448388 -0.617150 -0.646586
vn 0.430255 -0.637880 -0.638741
vn 0.175646 -0.826347 -0.535070
vn 0.147853 -0.838520 -0.524427
vn -0.221730 -0.889317 -0.399939
vn -0.189327 -0.890723 -0.413241
vn -0.593175 -0.759230 -0.267793
vn -0.563707 -0.775875 -0.283289
vn -0.856541 -0.494523 -0.147597
vn -0.875379 -0.465446 -0.130656
vn -0.994484 -0.104524 -0.008722
vn -0.997526 -0.069754 0.008723
vn -0.942904 0.306368 0.130655
vn -0.929401 0.338275 0.147596
vn -0.716003 0.644691 0.267794
vn -0.689872 0.666201 0.283290
vn -0.372791 0.837302 0.399939
vn -0.341125 0.844314 0.413241
vn 0.000000 0.851455 0.524428
vn 0.029484 0.844293 0.535070
vn 0.312952 0.702901 0.638742
vn 0.334407 0.685637 0.646586
vn 0.499522 0.449772 0.740394
vn 0.510468 0.428333 0.745623
vn 0.535484 0.153548 0.830470
vn 0.534102 0.173540 0.827417
vn 0.588093 -0.191082 -0.785897
vn 0.589394 -0.169005 -0.789970
vn 0.536987 -0.483505 -0.691280
vn 0.548731 -0.460437 -0.697776
vn 0.330450 -0.742202 -0.583043
vn 0.353210 -0.724185 -0.592283
vn -0.000000 -0.886194 -0.463314
vn 0.030704 -0.879275 -0.475323
vn -0.351032 -0.868839 -0.349134
vn -0.383283 -0.860871 -0.334658
vn -0.702361 -0.678262 -0.215987
vn -0.728181 -0.655659 -0.199662
vn -0.949282 -0.308441 -0.061065
vn -0.936802 -0.340968 -0.078381
vn -0.991462 0.104207 0.078381
vn -0.995702 0.069627 0.061065
vn -0.845584 0.488198 0.215987
vn -0.865169 0.460019 0.199662
vn -0.550797 0.758108 0.349134
vn -0.580163 0.742574 0.334658
vn -0.214391 0.859871 0.463313
vn -0.182923 0.860585 0.475324
vn 0.141080 0.800099 0.583042
vn 0.167521 0.788124 0.592282
vn 0.404065 0.599052 0.691280
vn 0.421041 0.579510 0.697777
vn 0.524397 0.327680 0.785897
vn 0.531000 0.306573 0.789970
vn 0.497177 0.069873 0.864831
vn 0.495555 0.052085 0.867014
vn 0.429099 0.045100 0.902131
vn 0.621700 -0.043474 -0.782048
vn 0.558747 -0.039072 -0.828417
vn 0.583737 0.004141 -0.811932
vn 0.598927 -0.292117 -0.745623
vn 0.593494 -0.315566 -0.740394
vn 0.490344 -0.584370 -0.646587
vn 0.473703 -0.606312 -0.638742
vn 0.205986 -0.826163 -0.524428
vn 0.232860 -0.812082 -0.535070
vn -0.159158 -0.902616 -0.399941
vn -0.126736 -0.901758 -0.413243
vn -0.508211 -0.813308 -0.283288
vn -0.538768 -0.798759 -0.267792
vn -0.819957 -0.553069 -0.147597
vn -0.840779 -0.525376 -0.130655
vn -0.990230 -0.139168 0.008723
vn -0.984770 -0.173642 -0.008722
vn -0.950734 0.272619 0.147596
vn -0.961978 0.239848 0.130655
vn -0.734663 0.616455 0.283289
vn -0.759230 0.593175 0.267793
vn -0.430290 0.809258 0.399940
vn -0.399191 0.818461 0.413241
vn -0.059394 0.849380 0.524429
vn -0.029484 0.844293 0.535070
vn 0.263158 0.723019 0.638742
vn 0.285765 0.707293 0.646587
vn 0.479344 0.462899 0.745623
vn 0.466930 0.483521 0.740394
vn 0.520695 0.210375 0.827417
vn 0.523469 0.190527 0.830470
vn 0.599747 -0.127481 -0.789970
vn 0.599990 -0.149595 -0.785897
vn 0.569405 -0.444869 -0.691281
vn 0.579511 -0.421040 -0.697777
vn 0.402865 -0.697784 -0.592282
vn 0.381420 -0.717342 -0.583043
vn 0.091966 -0.874991 -0.475323
vn 0.061818 -0.884036 -0.463313
vn -0.322300 -0.885509 -0.334659
vn -0.289572 -0.891208 -0.349136
vn -0.680671 -0.704856 -0.199661
vn -0.653338 -0.725603 -0.215986
vn -0.925453 -0.373908 -0.061065
vn -0.910734 -0.405487 -0.078381
vn -0.996316 0.034792 0.078381
vn -0.998134 0.000000 0.061065
vn -0.877579 0.428025 0.215987
vn -0.895151 0.398547 0.199661
vn -0.630548 0.700295 0.334658
vn -0.602339 0.717839 0.349134
vn -0.242509 0.845729 0.475323
vn -0.273848 0.842821 0.463314
vn 0.084922 0.807991 0.583043
vn 0.112135 0.797889 0.592283
vn 0.361294 0.625778 0.691280
vn 0.379589 0.607470 0.697777
vn 0.508321 0.342867 0.789970
vn 0.500262 0.363462 0.785897
vn 0.491092 0.104385 0.864831
vn 0.490715 0.086526 0.867014
vn 0.617846 -0.249625 -0.745623
vn 0.614061 -0.273398 -0.740394
vn 0.514843 -0.571792 -0.638742
vn 0.529913 -0.548742 -0.646587
vn 0.288942 -0.793860 -0.535070
vn 0.263114 -0.809782 -0.524427
vn -0.063522 -0.908403 -0.413242
vn -0.095804 -0.911520 -0.399941
vn -0.481738 -0.834395 -0.267792
vn -0.450240 -0.846777 -0.283288
vn -0.802081 -0.582748 -0.130655
vn -0.779381 -0.608918 -0.147595
vn -0.970259 -0.241913 -0.008722
vn -0.978110 -0.207904 0.008723
vn -0.976366 0.172159 0.130656
vn -0.967435 0.205634 0.147597
vn -0.798758 0.538769 0.267793
vn -0.775875 0.563707 0.283289
vn -0.485694 0.777271 0.399939
vn -0.455310 0.788622 0.413242
vn -0.118500 0.843168 0.524428
vn -0.088305 0.840180 0.535071
vn 0.212081 0.739615 0.638742
vn 0.235731 0.725504 0.646587
vn 0.445887 0.495208 0.745623
vn 0.432064 0.514915 0.740394
vn 0.508904 0.226578 0.830469
vn 0.504752 0.246183 0.827417
vn 0.411257 -0.013607 0.911418
vn 0.608963 -0.107377 -0.785897
vn 0.607179 -0.085333 -0.789970
vn 0.607470 -0.379590 -0.697777
vn 0.599051 -0.404065 -0.691281
vn 0.450559 -0.667981 -0.592283
vn 0.430528 -0.688991 -0.583042
vn 0.123336 -0.877570 -0.463313
vn 0.152777 -0.866445 -0.475322
vn -0.259742 -0.905835 -0.334658
vn -0.226697 -0.909238 -0.349134
vn -0.629847 -0.750619 -0.199661
vn -0.601129 -0.769411 -0.215987
vn -0.880232 -0.468026 -0.078381
vn -0.897117 -0.437553 -0.061066
vn -0.996316 -0.034792 0.078381
vn -0.995702 -0.069627 0.061065
vn -0.905299 0.365764 0.215987
vn -0.920772 0.335134 0.199661
vn -0.650945 0.674073 0.349135
vn -0.677862 0.654604 0.334659
vn -0.300913 0.826751 0.475324
vn -0.331974 0.821665 0.463314
vn 0.056205 0.803768 0.592283
vn 0.028354 0.811947 0.583043
vn 0.316760 0.649457 0.691280
vn 0.336290 0.632469 0.697777
vn 0.483166 0.377490 0.789970
vn 0.473690 0.397472 0.785897
vn 0.483483 0.120546 0.867014
vn 0.482614 0.138388 0.864831
vn 0.633753 -0.205918 -0.745623
vn 0.631636 -0.229897 -0.740394
vn 0.553477 -0.534484 -0.638741
vn 0.566902 -0.510440 -0.646586
vn 0.343614 -0.771770 -0.535070
vn 0.318960 -0.789456 -0.524428
vn -0.031986 -0.915983 -0.399940
vn 0.000000 -0.910621 -0.413242
vn -0.390073 -0.876122 -0.283289
vn -0.422362 -0.865967 -0.267792
vn -0.735005 -0.661803 -0.147597
vn -0.759479 -0.637276 -0.130655
vn -0.951020 -0.309006 -0.008723
vn -0.961225 -0.275626 0.008723
vn -0.979422 0.137649 0.147597
vn -0.985997 0.103633 0.130656
vn -0.813308 0.508211 0.283289
vn -0.834395 0.481738 0.267793
vn -0.538729 0.741498 0.399939
vn -0.509213 0.754940 0.413240
vn -0.177027 0.832848 0.524429
vn -0.146700 0.831973 0.535070
vn 0.159972 0.752608 0.638741
vn 0.184548 0.740181 0.646586
vn 0.410257 0.525105 0.745623
vn 0.395094 0.543799 0.740394
vn 0.491858 0.261526 0.830470
vn 0.486349 0.280794 0.827417
vn 0.439909 0.038611 0.897212
vn 0.384413 0.026881 0.922770
vn 0.429760 0.030052 0.902443
vn 0.610957 -0.038431 -0.790730
vn 0.623363 -0.021768 -0.781630
vn 0.661475 -0.023099 -0.749611
vn 0.614970 -0.064636 -0.785897
vn 0.632469 -0.336290 -0.697776
vn 0.625779 -0.361293 -0.691280
vn 0.477542 -0.657279 -0.583042
vn 0.496057 -0.634924 -0.592282
vn 0.212846 -0.853677 -0.475324
vn 0.184248 -0.866830 -0.463313
vn -0.162724 -0.922836 -0.349134
vn -0.195924 -0.921747 -0.334659
vn -0.545993 -0.809470 -0.215988
vn -0.575951 -0.792727 -0.199662
vn -0.845439 -0.528289 -0.078381
vn -0.864409 -0.499066 -0.061065
vn -0.988420 -0.138913 0.061065
vn -0.991462 -0.104207 0.078380
vn -0.928608 0.301723 0.215987
vn -0.941907 0.270088 0.199662
vn -0.721874 0.605724 0.334658
vn -0.696380 0.627024 0.349135
vn -0.388483 0.796506 0.463314
vn -0.357851 0.803747 0.475325
vn -0.000000 0.805730 0.592283
vn -0.028354 0.811947 0.583043
vn 0.291351 0.654387 0.697777
vn 0.270685 0.669971 0.691281
vn 0.444809 0.429548 0.785897
vn 0.455656 0.410275 0.789970
vn 0.473897 0.153979 0.867014
vn 0.471785 0.171715 0.864831
vn 0.646134 -0.185276 -0.740394
vn 0.646573 -0.161210 -0.745623
vn 0.589410 -0.494576 -0.638742
vn 0.601126 -0.469652 -0.646587
vn 0.396615 -0.745920 -0.535071
vn 0.373253 -0.765283 -0.524428
vn 0.031986 -0.915983 -0.399940
vn 0.063522 -0.908403 -0.413242
vn -0.360923 -0.893320 -0.267793
vn -0.328011 -0.901198 -0.283288
vn -0.687050 -0.711462 -0.147598
vn -0.713173 -0.688704 -0.130657
vn -0.939657 -0.342007 0.008722
vn -0.927149 -0.374592 -0.008723
vn -0.990824 0.034601 0.130656
vn -0.986638 0.068992 0.147597
vn -0.846777 0.450240 0.283289
vn -0.865966 0.422361 0.267794
vn -0.589142 0.702111 0.399940
vn -0.560635 0.717579 0.413241
vn -0.204377 0.819713 0.535071
vn -0.234693 0.818471 0.524428
vn 0.132465 0.751251 0.646587
vn 0.107082 0.761933 0.638742
vn 0.372627 0.552444 0.745624
vn 0.356197 0.570035 0.740395
vn 0.472417 0.295198 0.830470
vn 0.465577 0.314035 0.827417
vn 0.433261 0.076395 0.898025
vn 0.432678 0.060809 0.899495
vn 0.654386 -0.291352 -0.697777
vn 0.649456 -0.316762 -0.691280
vn 0.539138 -0.598774 -0.592283
vn 0.522227 -0.622367 -0.583043
vn 0.271877 -0.836749 -0.475325
vn 0.244267 -0.851865 -0.463314
vn -0.097950 -0.931940 -0.349134
vn -0.131149 -0.933169 -0.334657
vn -0.488198 -0.845584 -0.215988
vn -0.519248 -0.830973 -0.199663
vn -0.806527 -0.585978 -0.078380
vn -0.827490 -0.558150 -0.061065
vn -0.976322 -0.207524 0.061064
vn -0.981778 -0.173113 0.078380
vn -0.958453 0.203725 0.199661
vn -0.947393 0.236212 0.215987
vn -0.762368 0.553893 0.334659
vn -0.738424 0.576919 0.349135
vn -0.443096 0.767467 0.463314
vn -0.413046 0.776827 0.475324
vn -0.084922 0.807991 0.583043
vn -0.056205 0.803768 0.592283
vn 0.223292 0.687220 0.691281
vn 0.244994 0.673116 0.697777
vn 0.413762 0.459529 0.785897
vn 0.425927 0.441060 0.789970
vn 0.462001 0.186661 0.867014
vn 0.458657 0.204207 0.864831
vn 0.657485 -0.139752 -0.740394
vn 0.656244 -0.115714 -0.745623
vn 0.622476 -0.452253 -0.638742
vn 0.632424 -0.426575 -0.646586
vn 0.425727 -0.737381 -0.524429
vn 0.447678 -0.716438 -0.535071
vn 0.095804 -0.911520 -0.399941
vn 0.126736 -0.901758 -0.413243
vn -0.264344 -0.921884 -0.283288
vn -0.297731 -0.916321 -0.267791
vn -0.635749 -0.757653 -0.147597
vn -0.663394 -0.736775 -0.130657
vn -0.913511 -0.406721 0.008722
vn -0.898760 -0.438354 -0.008723
vn -0.990824 -0.034601 0.130656
vn -0.989047 0.000000 0.147597
vn -0.876122 0.390074 0.283290
vn -0.893320 0.360924 0.267794
vn -0.609324 0.676724 0.413241
vn -0.636683 0.659305 0.399939
vn -0.291215 0.800105 0.524429
vn -0.261061 0.803459 0.535071
vn 0.053672 0.767547 0.638741
vn 0.079739 0.758662 0.646586
vn 0.315566 0.593494 0.740394
vn 0.333185 0.577091 0.745623
vn 0.450674 0.327434 0.830470
vn 0.442537 0.345748 0.827417
vn 0.427382 0.090843 0.899495
vn 0.426876 0.106432 0.898025
vn 0.669971 -0.270685 -0.691280
vn 0.673116 -0.244995 -0.697776
vn 0.564370 -0.584421 -0.583043
vn 0.579595 -0.559706 -0.592283
vn 0.303098 -0.832749 -0.463314
vn 0.329582 -0.815747 -0.475324
vn -0.032703 -0.936502 -0.349134
vn -0.065733 -0.940044 -0.334658
vn -0.428025 -0.877579 -0.215986
vn -0.460017 -0.865170 -0.199662
vn -0.763689 -0.640809 -0.078380
vn -0.786540 -0.614513 -0.061065
vn -0.959468 -0.275122 0.061065
vn -0.967311 -0.241178 0.078380
vn -0.970329 0.136371 0.199662
vn -0.961563 0.169549 0.215987
vn -0.799149 0.499363 0.334659
vn -0.776868 0.524004 0.349135
vn -0.466228 0.746122 0.475325
vn -0.495553 0.734688 0.463314
vn -0.141080 0.800099 0.583042
vn -0.112135 0.797889 0.592283
vn 0.197445 0.688566 0.697777
vn 0.174810 0.701123 0.691280
vn 0.380699 0.487273 0.785897
vn 0.394123 0.469697 0.789970
vn 0.447855 0.218433 0.867014
vn 0.443295 0.235705 0.864831
vn 0.373429 0.031844 0.927112
vn 0.365224 0.012754 0.930832
vn 0.318543 0.011124 0.947843
vn 0.672603 -0.040658 -0.738885
vn 0.662718 -0.069654 -0.745623
vn 0.665632 -0.093549 -0.740394
vn 0.652506 -0.407731 -0.638741
vn 0.660640 -0.381420 -0.646587
vn 0.496566 -0.683464 -0.535070
vn 0.476129 -0.705887 -0.524428
vn 0.189327 -0.890723 -0.413241
vn 0.159158 -0.902616 -0.399941
vn -0.233087 -0.934857 -0.267793
vn -0.199395 -0.938077 -0.283289
vn -0.581348 -0.800156 -0.147597
vn -0.610385 -0.781255 -0.130656
vn -0.882913 -0.469455 0.008723
vn -0.865993 -0.499981 -0.008721
vn -0.986638 -0.068992 0.147597
vn -0.985997 -0.103632 0.130656
vn -0.916320 0.297731 0.267794
vn -0.901197 0.328009 0.283290
vn -0.655047 0.632571 0.413241
vn -0.681123 0.613286 0.399940
vn -0.316469 0.783292 0.535070
vn -0.346318 0.777843 0.524428
vn 0.026623 0.762377 0.646586
vn 0.000000 0.769422 0.638741
vn 0.273397 0.614061 0.740394
vn 0.292116 0.598928 0.745623
vn 0.426735 0.358074 0.830470
vn 0.417341 0.375776 0.827417
vn 0.418412 0.135951 0.898025
vn 0.420004 0.120434 0.899495
vn 0.688567 -0.197443 -0.697777
vn 0.687221 -0.223292 -0.691280
vn 0.603761 -0.543629 -0.583044
vn 0.617224 -0.517915 -0.592283
vn 0.385684 -0.790768 -0.475324
vn 0.360447 -0.809579 -0.463314
vn -0.000000 -0.942340 -0.334658
vn 0.032703 -0.936502 -0.349134
vn -0.398548 -0.895151 -0.199660
vn -0.365763 -0.905299 -0.215987
vn -0.717127 -0.692522 -0.078379
vn -0.741758 -0.667883 -0.061063
vn -0.937939 -0.341382 0.061066
vn -0.948130 -0.308067 0.078381
vn -0.971047 0.102061 0.215987
vn -0.977478 0.068352 0.199662
vn -0.832036 0.442402 0.334658
vn -0.811528 0.468537 0.349134
vn -0.517140 0.711781 0.475325
vn -0.545596 0.698330 0.463315
vn -0.196547 0.788309 0.583042
vn -0.167521 0.788124 0.592282
vn 0.125475 0.711609 0.691281
vn 0.148929 0.700662 0.697777
vn 0.345781 0.512643 0.785896
vn 0.360398 0.496046 0.789970
vn 0.431527 0.249142 0.867014
vn 0.425774 0.266052 0.864831
vn 0.371511 0.039047 0.927607
vn 0.372171 0.052305 0.926689
vn 0.655904 -0.045865 -0.753449
vn 0.725975 -0.050765 -0.685845
vn 0.698293 0.000019 -0.715812
vn 0.685637 -0.334408 -0.646586
vn 0.679359 -0.361221 -0.638742
vn 0.543031 -0.647161 -0.535070
vn 0.524207 -0.670956 -0.524428
vn 0.251001 -0.875346 -0.413241
vn 0.221730 -0.889317 -0.399939
vn -0.133472 -0.949701 -0.283289
vn -0.167306 -0.948839 -0.267793
vn -0.524115 -0.838761 -0.147596
vn -0.554398 -0.821932 -0.130655
vn -0.829005 -0.559173 -0.008721
vn -0.848016 -0.529899 0.008724
vn -0.976366 -0.172159 0.130656
vn -0.979422 -0.137649 0.147597
vn -0.921883 0.264346 0.283290
vn -0.934857 0.233086 0.267793
vn -0.697577 0.585336 0.413242
vn -0.722245 0.564278 0.399940
vn -0.370339 0.759308 0.535070
vn -0.399734 0.751790 0.524427
vn -0.026623 0.762377 0.646586
vn -0.053672 0.767547 0.638741
vn 0.249626 0.617846 0.745623
vn 0.229897 0.631636 0.740394
vn 0.390111 0.403972 0.827417
vn 0.400718 0.386969 0.830470
vn 0.410580 0.149439 0.899495
vn 0.407910 0.164806 0.898025
vn 0.700662 -0.148930 -0.697777
vn 0.701122 -0.174810 -0.691281
vn 0.651850 -0.473595 -0.592283
vn 0.640213 -0.500190 -0.583042
vn 0.416044 -0.782463 -0.463314
vn 0.439905 -0.761939 -0.475324
vn 0.065733 -0.940044 -0.334658
vn 0.097950 -0.931940 -0.349134
vn -0.335133 -0.920772 -0.199663
vn -0.301723 -0.928608 -0.215988
vn -0.667072 -0.740859 -0.078381
vn -0.693364 -0.717996 -0.061064
vn -0.924332 -0.373453 0.078381
vn -0.911840 -0.405978 0.061065
vn -0.979865 0.000000 0.199661
vn -0.975801 0.034076 0.215987
vn -0.860870 0.383284 0.334658
vn -0.842235 0.410786 0.349134
vn -0.565531 0.673975 0.475324
vn -0.592979 0.658571 0.463314
vn -0.251059 0.772678 0.583042
vn -0.222089 0.774518 0.592282
vn 0.075531 0.718628 0.691280
vn 0.099693 0.709344 0.697777
vn 0.309180 0.535513 0.785896
vn 0.324918 0.519978 0.789969
vn 0.406177 0.295105 0.864831
vn 0.413096 0.278638 0.867014
vn 0.367882 0.064868 0.927607
vn 0.367615 0.078139 0.926690
vn 0.707294 -0.285765 -0.646586
vn 0.702902 -0.312953 -0.638741
vn 0.586853 -0.607704 -0.535070
vn 0.569735 -0.632754 -0.524428
vn 0.311452 -0.855704 -0.413241
vn 0.283228 -0.871683 -0.399939
vn -0.066898 -0.956698 -0.283290
vn -0.100712 -0.958198 -0.267794
vn -0.464328 -0.873278 -0.147596
vn -0.495714 -0.858602 -0.130655
vn -0.808986 -0.587763 0.008723
vn -0.787980 -0.615638 -0.008722
vn -0.961978 -0.239848 0.130656
vn -0.967435 -0.205634 0.147597
vn -0.948839 0.167306 0.267793
vn -0.938077 0.199394 0.283289
vn -0.759847 0.512524 0.399939
vn -0.736708 0.535251 0.413241
vn -0.422405 0.731625 0.535070
vn -0.451202 0.722075 0.524428
vn -0.107082 0.761933 0.638742
vn -0.079739 0.758662 0.646586
vn 0.205920 0.633753 0.745623
vn 0.185278 0.646134 0.740394
vn 0.360982 0.430201 0.827417
vn 0.372749 0.413979 0.830470
vn 0.399156 0.177716 0.899495
vn 0.395420 0.192859 0.898025
vn 0.270742 -0.025801 0.962306
vn 0.711609 -0.125475 -0.691281
vn 0.727286 -0.051640 -0.684389
vn 0.709344 -0.099692 -0.697777
vn 0.673545 -0.454311 -0.583043
vn 0.683298 -0.426972 -0.592283
vn 0.469611 -0.751536 -0.463314
vn 0.491985 -0.729395 -0.475325
vn 0.162724 -0.922836 -0.349134
vn 0.131149 -0.933169 -0.334657
vn -0.270087 -0.941907 -0.199663
vn -0.236212 -0.947393 -0.215988
vn -0.641586 -0.764616 -0.061065
vn -0.613768 -0.785586 -0.078379
vn -0.896028 -0.437024 0.078381
vn -0.881299 -0.468597 0.061066
vn -0.977478 -0.068352 0.199662
vn -0.975801 -0.034076 0.215987
vn -0.868839 0.351034 0.349134
vn -0.885510 0.322299 0.334658
vn -0.611168 0.632883 0.475324
vn -0.637475 0.615602 0.463314
vn -0.304345 0.753283 0.583042
vn -0.275576 0.757139 0.592282
vn 0.049967 0.714571 0.697777
vn 0.025219 0.722146 0.691281
vn 0.271070 0.555777 0.785897
vn 0.287854 0.541376 0.789970
vn 0.384602 0.322720 0.864831
vn 0.392653 0.306775 0.867014
vn 0.362461 0.090371 0.927607
vn 0.361269 0.103592 0.926689
vn 0.723019 -0.263158 -0.638742
vn 0.725504 -0.235731 -0.646587
vn 0.627815 -0.565287 -0.535069
vn 0.612487 -0.591470 -0.524427
vn 0.370382 -0.831894 -0.413242
vn 0.343341 -0.849803 -0.399940
vn -0.033623 -0.962889 -0.267794
vn 0.000000 -0.959035 -0.283289
vn -0.402283 -0.903539 -0.147597
vn -0.434614 -0.891089 -0.130657
vn -0.743116 -0.669106 -0.008725
vn -0.766016 -0.642762 0.008722
vn -0.942904 -0.306369 0.130656
vn -0.950733 -0.272619 0.147597
vn -0.958199 0.100710 0.267793
vn -0.949701 0.133472 0.283289
vn -0.772251 0.482556 0.413241
vn -0.793748 0.458271 0.399940
vn -0.500473 0.688841 0.524428
vn -0.472411 0.700377 0.535070
vn -0.159972 0.752608 0.638741
vn -0.132465 0.751251 0.646587
vn 0.161208 0.646574 0.745623
vn 0.139751 0.657485 0.740394
vn 0.342963 0.438972 0.830470
vn 0.330093 0.454334 0.827417
vn 0.385787 0.205126 0.899495
vn 0.381003 0.219972 0.898025
vn 0.308230 0.033119 0.950735
vn 0.257136 0.017981 0.966208
vn 0.291997 0.020418 0.956201
vn 0.308189 0.032392 0.950774
vn 0.732892 -0.021741 -0.679997
vn 0.765613 -0.032461 -0.642482
vn 0.683699 -0.071860 -0.726218
vn 0.703595 -0.406221 -0.583042
vn 0.711418 -0.378267 -0.592283
vn 0.520892 -0.716945 -0.463315
vn 0.541665 -0.693301 -0.475324
vn 0.226697 -0.909238 -0.349134
vn 0.195924 -0.921747 -0.334659
vn -0.203725 -0.958453 -0.199662
vn -0.169550 -0.961563 -0.215987
vn -0.586688 -0.807507 -0.061063
vn -0.557471 -0.826488 -0.078379
vn -0.863362 -0.498461 0.078380
vn -0.846466 -0.528930 0.061064
vn -0.971047 -0.102061 0.215987
vn -0.970329 -0.136371 0.199662
vn -0.905835 0.259745 0.334658
vn -0.891209 0.289571 0.349134
vn -0.678865 0.569634 0.463314
vn -0.653827 0.588708 0.475324
vn -0.327721 0.736071 0.592283
vn -0.356151 0.730217 0.583043
vn -0.000000 0.716315 0.697777
vn -0.025219 0.722146 0.691281
vn 0.249388 0.560137 0.789970
vn 0.231641 0.573331 0.785897
vn 0.361154 0.348763 0.864831
vn 0.370298 0.333417 0.867014
vn 0.353163 0.128540 0.926689
vn 0.355274 0.115436 0.927607
vn 0.740181 -0.184548 -0.646586
vn 0.739615 -0.212082 -0.638742
vn 0.652251 -0.547307 -0.524428
vn 0.665717 -0.520116 -0.535071
vn 0.427512 -0.804031 -0.413241
vn 0.401786 -0.823782 -0.399940
vn 0.066898 -0.956698 -0.283290
vn 0.033623 -0.962889 -0.267794
vn -0.338274 -0.929401 -0.147595
vn -0.371394 -0.919236 -0.130655
vn -0.694634 -0.719311 -0.008723
vn -0.719312 -0.694632 0.008720
vn -0.919236 -0.371395 0.130655
vn -0.929401 -0.338273 0.147596
vn -0.962890 0.033625 0.267793
vn -0.956699 0.066899 0.283288
vn -0.823782 0.401786 0.399940
vn -0.804031 0.427512 0.413241
vn -0.547304 0.652253 0.524428
vn -0.520115 0.665718 0.535070
vn -0.212081 0.739615 0.638742
vn -0.184548 0.740181 0.646586
vn 0.093549 0.665632 0.740394
vn 0.115714 0.656244 0.745623
vn 0.311505 0.461827 0.830470
vn 0.297596 0.476253 0.827418
vn 0.364730 0.246014 0.898025
vn 0.370538 0.231537 0.899495
vn 0.305179 0.053811 0.950774
vn 0.305301 0.042907 0.951289
vn 0.736071 -0.327720 -0.592283
vn 0.730217 -0.356151 -0.583043
vn 0.569634 -0.678865 -0.463314
vn 0.588709 -0.653826 -0.475324
vn 0.259742 -0.905835 -0.334658
vn 0.289572 -0.891208 -0.349136
vn -0.102063 -0.971048 -0.215985
vn -0.136371 -0.970329 -0.199661
vn -0.528931 -0.846465 -0.061065
vn -0.498461 -0.863361 -0.078381
vn -0.826487 -0.557473 0.078379
vn -0.807507 -0.586688 0.061064
vn -0.961563 -0.169549 0.215987
vn -0.958453 -0.203725 0.199662
vn -0.909238 0.226698 0.349135
vn -0.921747 0.195923 0.334659
vn -0.693300 0.541666 0.475323
vn -0.716946 0.520893 0.463313
vn -0.378267 0.711417 0.592283
vn -0.406221 0.703595 0.583043
vn -0.049967 0.714571 0.697777
vn -0.075531 0.718628 0.691280
vn 0.191084 0.588093 0.785897
vn 0.209708 0.576168 0.789970
vn 0.346138 0.358436 0.867013
vn 0.335946 0.373105 0.864831
vn 0.343336 0.152864 0.926689
vn 0.346356 0.139937 0.927607
vn 0.752608 -0.159971 -0.638741
vn 0.751252 -0.132465 -0.646586
vn 0.700378 -0.472410 -0.535070
vn 0.688842 -0.500472 -0.524428
vn 0.482555 -0.772251 -0.413242
vn 0.458270 -0.793748 -0.399940
vn 0.133472 -0.949701 -0.283289
vn 0.100712 -0.958198 -0.267794
vn -0.272618 -0.950734 -0.147597
vn -0.306369 -0.942904 -0.130655
vn -0.642762 -0.766017 -0.008722
vn -0.669105 -0.743117 0.008724
vn -0.903539 -0.402283 0.147597
vn -0.891089 -0.434615 0.130656
vn -0.962890 -0.033625 0.267793
vn -0.959035 0.000000 0.283289
vn -0.849802 0.343342 0.399940
vn -0.831894 0.370382 0.413242
vn -0.591470 0.612485 0.524428
vn -0.565287 0.627814 0.535070
vn -0.263158 0.723019 0.638742
vn -0.235731 0.725504 0.646587
vn 0.046888 0.670535 0.740394
vn 0.069653 0.662717 0.745623
vn 0.263649 0.495853 0.827417
vn 0.278533 0.482431 0.830470
vn 0.353484 0.256821 0.899495
vn 0.346681 0.270857 0.898025
vn 0.301564 0.064100 0.951289
vn 0.300682 0.074968 0.950774
vn 0.757138 -0.275577 -0.592283
vn 0.753282 -0.304347 -0.583043
vn 0.632884 -0.611167 -0.475325
vn 0.615602 -0.637474 -0.463314
vn 0.351032 -0.868839 -0.349134
vn 0.322300 -0.885509 -0.334659
vn -0.034074 -0.975801 -0.215987
vn -0.068354 -0.977478 -0.199660
vn -0.437023 -0.896029 -0.078381
vn -0.468596 -0.881300 -0.061066
vn -0.764616 -0.641587 0.061066
vn -0.785586 -0.613769 0.078380
vn -0.941907 -0.270088 0.199661
vn -0.947393 -0.236211 0.215987
vn -0.933169 0.131149 0.334658
vn -0.922836 0.162721 0.349135
vn -0.729396 0.491984 0.475324
vn -0.751536 0.469611 0.463314
vn -0.426972 0.683298 0.592283
vn -0.454312 0.673544 0.583042
vn -0.099693 0.709344 0.697777
vn -0.125475 0.711609 0.691281
vn 0.149594 0.599990 0.785897
vn 0.169006 0.589393 0.789970
vn 0.320291 0.381709 0.867014
vn 0.309101 0.395631 0.864831
vn 0.335751 0.163757 0.927607
vn 0.331836 0.176441 0.926689
vn 0.222477 -0.006127 0.974919
vn 0.173608 0.026403 0.984461
vn 0.771016 -0.042947 -0.635366
vn 0.761933 -0.107083 -0.638742
vn 0.758662 -0.079739 -0.646587
vn 0.722075 -0.451202 -0.524428
vn 0.731625 -0.422404 -0.535070
vn 0.535251 -0.736708 -0.413242
vn 0.512524 -0.759847 -0.399940
vn 0.167306 -0.948839 -0.267793
vn 0.199395 -0.938077 -0.283289
vn -0.239849 -0.961978 -0.130657
vn -0.205634 -0.967434 -0.147598
vn -0.587763 -0.808986 -0.008723
vn -0.615638 -0.787981 0.008722
vn -0.873278 -0.464328 0.147596
vn -0.858602 -0.495713 0.130654
vn -0.958199 -0.100710 0.267793
vn -0.956699 -0.066899 0.283288
vn -0.871683 0.283227 0.399940
vn -0.855704 0.311451 0.413242
vn -0.632755 0.569735 0.524427
vn -0.607703 0.586854 0.535070
vn -0.312952 0.702901 0.638742
vn -0.285765 0.707293 0.646587
vn 0.000000 0.672173 0.740394
vn 0.023256 0.665962 0.745623
vn 0.244200 0.500686 0.830470
vn 0.228417 0.513036 0.827417
vn 0.326943 0.294380 0.898025
vn 0.334708 0.280854 0.899495
vn 0.294719 0.095760 0.950774
vn 0.296358 0.084979 0.951289
vn 0.774518 -0.222090 -0.592283
vn 0.772678 -0.251058 -0.583043
vn 0.673972 -0.565533 -0.475325
vn 0.658570 -0.592980 -0.463316
vn 0.383283 -0.860871 -0.334658
vn 0.410786 -0.842235 -0.349135
vn 0.034074 -0.975801 -0.215987
vn -0.000000 -0.979865 -0.199663
vn -0.373453 -0.924332 -0.078381
vn -0.405978 -0.911840 -0.061065
vn -0.717997 -0.693362 0.061066
vn -0.740859 -0.667072 0.078382
vn -0.920772 -0.335133 0.199661
vn -0.928608 -0.301723 0.215986
vn -0.940044 0.065734 0.334659
vn -0.931939 0.097951 0.349135
vn -0.782463 0.416043 0.463314
vn -0.761939 0.439905 0.475324
vn -0.473596 0.651850 0.592282
vn -0.500189 0.640213 0.583042
vn -0.174810 0.701123 0.691280
vn -0.148929 0.700662 0.697777
vn 0.107377 0.608964 0.785897
vn 0.127481 0.599747 0.789970
vn 0.280750 0.416229 0.864831
vn 0.292884 0.403121 0.867014
vn 0.323510 0.186779 0.927607
vn 0.318721 0.199158 0.926689
vn 0.240194 0.035129 0.970089
vn 0.240203 0.033758 0.970136
vn 0.233125 0.024503 0.972138
vn 0.816220 -0.057075 -0.574915
vn 0.715551 -0.050036 -0.696766
vn 0.797137 -0.006656 -0.603761
vn 0.759308 -0.370339 -0.535071
vn 0.751790 -0.399734 -0.524428
vn 0.564280 -0.722244 -0.399940
vn 0.585336 -0.697577 -0.413241
vn 0.264344 -0.921884 -0.283288
vn 0.233087 -0.934857 -0.267793
vn -0.137649 -0.979422 -0.147597
vn -0.172158 -0.976366 -0.130657
vn -0.559173 -0.829005 0.008721
vn -0.529900 -0.848015 -0.008724
vn -0.838759 -0.524116 0.147597
vn -0.821931 -0.554399 0.130656
vn -0.948839 -0.167306 0.267793
vn -0.949701 -0.133472 0.283289
vn -0.875345 0.251001 0.413242
vn -0.889316 0.221731 0.399940
vn -0.647161 0.543031 0.535070
vn -0.670955 0.524208 0.524428
vn -0.334407 0.685637 0.646586
vn -0.361222 0.679359 0.638741
vn -0.023256 0.665962 0.745623
vn -0.046888 0.670535 0.740394
vn 0.192074 0.527720 0.827417
vn 0.208679 0.516501 0.830470
vn 0.314301 0.303518 0.899496
vn 0.305611 0.316469 0.898025
vn 0.287322 0.116086 0.950774
vn 0.289709 0.105445 0.951289
vn 0.788309 -0.196547 -0.583042
vn 0.788123 -0.167520 -0.592283
vn 0.698331 -0.545595 -0.463314
vn 0.711782 -0.517139 -0.475324
vn 0.442402 -0.832036 -0.334659
vn 0.468535 -0.811529 -0.349134
vn 0.068354 -0.977478 -0.199660
vn 0.102063 -0.971048 -0.215985
vn -0.341381 -0.937939 -0.061066
vn -0.308067 -0.948130 -0.078381
vn -0.667881 -0.741758 0.061066
vn -0.692521 -0.717127 0.078382
vn -0.895151 -0.398548 0.199662
vn -0.905298 -0.365765 0.215987
vn -0.942339 0.000000 0.334658
vn -0.936502 0.032704 0.349135
vn -0.790768 0.385683 0.475325
vn -0.809579 0.360447 0.463314
vn -0.517914 0.617225 0.592283
vn -0.543630 0.603762 0.583043
vn -0.223292 0.687220 0.691281
vn -0.197445 0.688566 0.697777
vn 0.064635 0.614970 0.785897
vn 0.085332 0.607179 0.789970
vn 0.264051 0.422569 0.867014
vn 0.251032 0.434799 0.864831
vn 0.304051 0.220906 0.926689
vn 0.309693 0.208890 0.927607
vn 0.237263 0.050432 0.970136
vn 0.237902 0.041948 0.970383
vn 0.783292 -0.316472 -0.535069
vn 0.777843 -0.346317 -0.524428
vn 0.632571 -0.655046 -0.413241
vn 0.613286 -0.681124 -0.399939
vn 0.297731 -0.916321 -0.267791
vn 0.328011 -0.901198 -0.283288
vn -0.103633 -0.985997 -0.130657
vn -0.068994 -0.986638 -0.147597
vn -0.499981 -0.865992 0.008721
vn -0.469454 -0.882914 -0.008724
vn -0.800156 -0.581347 0.147597
vn -0.781255 -0.610385 0.130655
vn -0.938077 -0.199395 0.283289
vn -0.934857 -0.233085 0.267794
vn -0.890722 0.189329 0.413241
vn -0.902617 0.159156 0.399940
vn -0.683463 0.496566 0.535071
vn -0.705888 0.476127 0.524428
vn -0.407731 0.652507 0.638741
vn -0.381421 0.660640 0.646586
vn -0.093549 0.665632 0.740394
vn -0.069653 0.662717 0.745623
vn 0.154795 0.539833 0.827417
vn 0.172143 0.529799 0.830470
vn 0.292364 0.324701 0.899495
vn 0.282790 0.337018 0.898025
vn 0.278524 0.135845 0.950773
vn 0.281647 0.125398 0.951289
vn 0.124308 -0.038048 0.991514
vn 0.817220 -0.058006 -0.573399
vn 0.797889 -0.112136 -0.592283
vn 0.800099 -0.141079 -0.583043
vn 0.734688 -0.495553 -0.463314
vn 0.746122 -0.466229 -0.475324
vn 0.524005 -0.776868 -0.349135
vn 0.499364 -0.799150 -0.334658
vn 0.169550 -0.961563 -0.215987
vn 0.136371 -0.970329 -0.199661
vn -0.241179 -0.967310 -0.078380
vn -0.275123 -0.959468 -0.061065
vn -0.614512 -0.786540 0.061064
vn -0.640811 -0.763687 0.078380
vn -0.865170 -0.460017 0.199661
vn -0.877580 -0.428023 0.215986
vn -0.940044 -0.065734 0.334659
vn -0.936502 -0.032704 0.349135
vn -0.832750 0.303096 0.463314
vn -0.815746 0.329583 0.475324
vn -0.584421 0.564370 0.583043
vn -0.559708 0.579593 0.592283
vn -0.270685 0.669971 0.691281
vn -0.244994 0.673116 0.697777
vn 0.021581 0.617981 0.785897
vn 0.042770 0.611652 0.789970
vn 0.220089 0.451251 0.864831
vn 0.233930 0.439959 0.867014
vn 0.287901 0.241578 0.926689
vn 0.294367 0.229985 0.927607
vn 0.233167 0.066859 0.970136
vn 0.234396 0.058442 0.970383
vn 0.803460 -0.261060 -0.535069
vn 0.800106 -0.291215 -0.524427
vn 0.659305 -0.636683 -0.399940
vn 0.676723 -0.609325 -0.413241
vn 0.390073 -0.876122 -0.283289
vn 0.360923 -0.893320 -0.267793
vn 0.000000 -0.989048 -0.147596
vn -0.034600 -0.990824 -0.130655
vn -0.406721 -0.913511 -0.008722
vn -0.438353 -0.898761 0.008722
vn -0.757655 -0.635747 0.147595
vn -0.736775 -0.663395 0.130654
vn -0.921883 -0.264346 0.283290
vn -0.916320 -0.297731 0.267795
vn -0.901759 0.126734 0.413241
vn -0.911520 0.095805 0.399940
vn -0.716437 0.447680 0.535070
vn -0.737382 0.425727 0.524428
vn -0.426575 0.632424 0.646586
vn -0.452254 0.622475 0.638741
vn -0.139751 0.657485 0.740394
vn -0.115714 0.656244 0.745623
vn 0.116762 0.549315 0.827417
vn 0.134767 0.540517 0.830470
vn 0.269001 0.344306 0.899495
vn 0.258593 0.355923 0.898025
vn 0.272214 0.144739 0.951289
vn 0.268370 0.154943 0.950773
vn 0.172898 0.029289 0.984504
vn 0.147546 0.010317 0.989001
vn 0.118777 0.008306 0.992886
vn 0.172937 0.018177 0.984765
vn 0.755023 -0.079356 -0.650879
vn 0.825967 -0.023654 -0.563221
vn 0.776827 -0.413046 -0.475324
vn 0.767467 -0.443097 -0.463314
vn 0.576920 -0.738423 -0.349135
vn 0.553894 -0.762368 -0.334659
vn 0.236212 -0.947393 -0.215988
vn 0.203725 -0.958453 -0.199662
vn -0.173112 -0.981778 -0.078381
vn -0.207524 -0.976322 -0.061064
vn -0.558150 -0.827490 0.061065
vn -0.585976 -0.806529 0.078380
vn -0.845584 -0.488198 0.215987
vn -0.830972 -0.519250 0.199661
vn -0.931939 -0.097951 0.349135
vn -0.933169 -0.131149 0.334658
vn -0.836750 0.271877 0.475324
vn -0.851864 0.244268 0.463314
vn -0.622367 0.522227 0.583043
vn -0.598774 0.539139 0.592283
vn -0.291351 0.654387 0.697777
vn -0.316760 0.649457 0.691280
vn -0.000000 0.613146 0.789970
vn -0.021581 0.617981 0.785897
vn 0.202670 0.455205 0.867014
vn 0.188075 0.465505 0.864831
vn 0.270348 0.261073 0.926689
vn 0.277607 0.249959 0.927607
vn 0.227935 0.082961 0.970136
vn 0.229749 0.074649 0.970383
vn 0.819713 -0.204378 -0.535070
vn 0.818471 -0.234693 -0.524427
vn 0.717580 -0.560634 -0.413241
vn 0.702112 -0.589141 -0.399939
vn 0.450240 -0.846777 -0.283288
vn 0.422362 -0.865967 -0.267792
vn 0.068994 -0.986638 -0.147597
vn 0.034600 -0.990824 -0.130655
vn -0.342007 -0.939657 -0.008724
vn -0.374594 -0.927148 0.008722
vn -0.688704 -0.713173 0.130655
vn -0.711461 -0.687051 0.147596
vn -0.893319 -0.360925 0.267794
vn -0.901197 -0.328009 0.283290
vn -0.915983 0.031987 0.399940
vn -0.908403 0.063522 0.413241
vn -0.765283 0.373253 0.524427
vn -0.745921 0.396614 0.535070
vn -0.469652 0.601126 0.646586
vn -0.494575 0.589411 0.638742
vn -0.185278 0.646134 0.740394
vn -0.161208 0.646574 0.745623
vn 0.096733 0.548601 0.830470
vn 0.078157 0.556122 0.827417
vn 0.244328 0.362232 0.899495
vn 0.233135 0.373094 0.898025
vn 0.261455 0.163375 0.951289
vn 0.256908 0.173286 0.950773
vn 0.171248 0.030195 0.984765
vn 0.171684 0.024129 0.984856
vn 0.796506 -0.388482 -0.463314
vn 0.803747 -0.357850 -0.475324
vn 0.627023 -0.696381 -0.349135
vn 0.605724 -0.721874 -0.334659
vn 0.301723 -0.928608 -0.215988
vn 0.270087 -0.941907 -0.199663
vn -0.104207 -0.991462 -0.078381
vn -0.138913 -0.988420 -0.061066
vn -0.528288 -0.845439 0.078382
vn -0.499067 -0.864409 0.061067
vn -0.792728 -0.575950 0.199661
vn -0.809469 -0.545994 0.215987
vn -0.921747 -0.195924 0.334658
vn -0.922836 -0.162721 0.349135
vn -0.853677 0.212846 0.475324
vn -0.866829 0.184250 0.463314
vn -0.657279 0.477542 0.583042
vn -0.634924 0.496058 0.592282
vn -0.361294 0.625778 0.691280
vn -0.336290 0.632469 0.697777
vn -0.064635 0.614970 0.785897
vn -0.042770 0.611652 0.789970
vn 0.155147 0.477490 0.864831
vn 0.170424 0.468234 0.867013
vn 0.251479 0.279294 0.926689
vn 0.259495 0.268715 0.927607
vn 0.221592 0.098660 0.970136
vn 0.223981 0.090495 0.970383
vn 0.832849 -0.177028 -0.524428
vn 0.831973 -0.146700 -0.535070
vn 0.741498 -0.538730 -0.399940
vn 0.754940 -0.509213 -0.413241
vn 0.508211 -0.813308 -0.283288
vn 0.481738 -0.834395 -0.267792
vn 0.103633 -0.985997 -0.130657
vn 0.137649 -0.979422 -0.147597
vn -0.275627 -0.961225 -0.008724
vn -0.309005 -0.951021 0.008721
vn -0.637278 -0.759477 0.130656
vn -0.661802 -0.735006 0.147596
vn -0.865967 -0.422359 0.267794
vn -0.876122 -0.390074 0.283290
vn -0.915983 -0.031987 0.399940
vn -0.910621 0.000000 0.413242
vn -0.789456 0.318961 0.524427
vn -0.771771 0.343614 0.535069
vn -0.534486 0.553475 0.638741
vn -0.510440 0.566902 0.646586
vn -0.229897 0.631636 0.740394
vn -0.205920 0.633753 0.745623
vn 0.039174 0.560220 0.827417
vn 0.058228 0.554012 0.830470
vn 0.218466 0.378392 0.899495
vn 0.206542 0.388448 0.898025
vn 0.249421 0.181215 0.951289
vn 0.244194 0.190785 0.950774
vn 0.169583 0.036046 0.984857
vn 0.168724 0.042068 0.984765
vn 0.826751 -0.300913 -0.475325
vn 0.821665 -0.331974 -0.463315
vn 0.674074 -0.650946 -0.349134
vn 0.654605 -0.677861 -0.334658
vn 0.335133 -0.920772 -0.199663
vn 0.365763 -0.905299 -0.215987
vn -0.069625 -0.995702 -0.061064
vn -0.034792 -0.996316 -0.078380
vn -0.437551 -0.897117 0.061065
vn -0.468028 -0.880231 0.078382
vn -0.769411 -0.601129 0.215987
vn -0.750620 -0.629845 0.199661
vn -0.905835 -0.259744 0.334657
vn -0.909238 -0.226698 0.349134
vn -0.866444 0.152777 0.475324
vn -0.877570 0.123334 0.463314
vn -0.688989 0.430528 0.583043
vn -0.667981 0.450558 0.592283
vn -0.404065 0.599052 0.691280
vn -0.379589 0.607470 0.697777
vn -0.107377 0.608964 0.785897
vn -0.085332 0.607179 0.789970
vn 0.121460 0.487149 0.864831
vn 0.137346 0.478982 0.867014
vn 0.240117 0.286162 0.927607
vn 0.231382 0.296157 0.926689
vn 0.214171 0.113876 0.970136
vn 0.217123 0.105898 0.970383
vn 0.074541 -0.058915 0.995476
vn 0.854207 -0.042978 -0.518154
vn 0.840180 -0.088306 -0.535070
vn 0.843169 -0.118499 -0.524427
vn 0.788622 -0.455311 -0.413241
vn 0.777272 -0.485692 -0.399939
vn 0.563707 -0.775875 -0.283289
vn 0.538768 -0.798759 -0.267792
vn 0.205634 -0.967434 -0.147598
vn 0.172158 -0.976366 -0.130657
vn -0.207905 -0.978110 -0.008722
vn -0.241911 -0.970259 0.008722
vn -0.582746 -0.802082 0.130656
vn -0.608919 -0.779380 0.147598
vn -0.834395 -0.481738 0.267794
vn -0.846777 -0.450239 0.283290
vn -0.908403 -0.063522 0.413241
vn -0.911521 -0.095804 0.399940
vn -0.809782 0.263114 0.524428
vn -0.793860 0.288941 0.535070
vn -0.571791 0.514844 0.638741
vn -0.548742 0.529913 0.646586
vn -0.249626 0.617846 0.745623
vn -0.273397 0.614061 0.740394
vn 0.000000 0.561588 0.827417
vn 0.019442 0.556725 0.830470
vn 0.178941 0.401909 0.898025
vn 0.191537 0.392711 0.899495
vn 0.236172 0.198172 0.951289
vn 0.230291 0.207354 0.950774
vn 0.166655 0.047787 0.984857
vn 0.165379 0.053735 0.984765
vn 0.842820 -0.273849 -0.463315
vn 0.845728 -0.242509 -0.475325
vn 0.700294 -0.630549 -0.334658
vn 0.717840 -0.602338 -0.349135
vn 0.398548 -0.895151 -0.199661
vn 0.428025 -0.877579 -0.215986
vn 0.034792 -0.996316 -0.078380
vn -0.000000 -0.998134 -0.061064
vn -0.405485 -0.910735 0.078380
vn -0.373910 -0.925453 0.061066
vn -0.725604 -0.653337 0.215987
vn -0.704855 -0.680672 0.199661
vn -0.891209 -0.289572 0.349134
vn -0.885510 -0.322299 0.334658
vn -0.874991 0.091965 0.475324
vn -0.884035 0.061818 0.463314
vn -0.697783 0.402865 0.592283
vn -0.717343 0.381419 0.583043
vn -0.421041 0.579510 0.697777
vn -0.444869 0.569405 0.691281
vn -0.127481 0.599747 0.789970
vn -0.149594 0.599990 0.785897
vn 0.087182 0.494436 0.864831
vn 0.103600 0.487396 0.867014
vn 0.210160 0.311576 0.926689
vn 0.219572 0.302214 0.927607
vn 0.205705 0.128539 0.970136
vn 0.209207 0.120786 0.970383
vn 0.058666 0.006166 0.998259
vn 0.085632 0.009000 0.996286
vn 0.103712 0.014576 0.994501
vn 0.024875 0.072956 0.997025
vn 0.100631 0.056889 0.993296
vn 0.889715 -0.062215 -0.452257
vn 0.837647 -0.058574 -0.543062
vn 0.853212 -0.014893 -0.521352
vn 0.878134 -0.015328 -0.478170
vn 0.809257 -0.430292 -0.399940
vn 0.818461 -0.399190 -0.413242
vn 0.616455 -0.734663 -0.283289
vn 0.593175 -0.759230 -0.267793
vn 0.272618 -0.950734 -0.147597
vn 0.239849 -0.961978 -0.130657
vn -0.139167 -0.990231 -0.008722
vn -0.173642 -0.984770 0.008724
vn -0.525376 -0.840779 0.130656
vn -0.553068 -0.819958 0.147597
vn -0.798758 -0.538769 0.267794
vn -0.813307 -0.508210 0.283290
vn -0.902617 -0.159156 0.399939
vn -0.901760 -0.126734 0.413241
vn -0.826163 0.205986 0.524428
vn -0.812081 0.232860 0.535070
vn -0.606312 0.473704 0.638742
vn -0.584370 0.490345 0.646586
vn -0.315566 0.593494 0.740394
vn -0.292116 0.598928 0.745623
vn -0.019442 0.556725 0.830470
vn -0.039174 0.560220 0.827417
vn 0.150470 0.413412 0.898025
vn 0.163677 0.405115 0.899495
vn 0.215265 0.222914 0.950774
vn 0.221773 0.214164 0.951289
vn 0.161227 0.065140 0.984765
vn 0.162916 0.059297 0.984856
vn 0.859870 -0.214390 -0.463314
vn 0.860585 -0.182923 -0.475324
vn 0.758108 -0.550798 -0.349134
vn 0.742574 -0.580161 -0.334659
vn 0.488198 -0.845584 -0.215988
vn 0.460017 -0.865170 -0.199662
vn 0.069625 -0.995702 -0.061064
vn 0.104207 -0.991462 -0.078381
vn -0.308440 -0.949282 0.061066
vn -0.340969 -0.936801 0.078382
vn -0.678262 -0.702361 0.215987
vn -0.655657 -0.728182 0.199661
vn -0.868839 -0.351034 0.349134
vn -0.860870 -0.383284 0.334658
vn -0.879275 0.030705 0.475324
vn -0.886194 0.000000 0.463314
vn -0.724185 0.353209 0.592283
vn -0.742202 0.330449 0.583043
vn -0.460438 0.548730 0.697777
vn -0.483504 0.536987 0.691281
vn -0.169006 0.589393 0.789970
vn -0.191084 0.588093 0.785897
vn 0.052479 0.499313 0.864831
vn 0.069347 0.493435 0.867014
vn 0.197956 0.316795 0.927607
vn 0.187915 0.325476 0.926689
vn 0.200272 0.135086 0.970383
vn 0.196238 0.142575 0.970136
vn 0.102953 0.018153 0.994521
vn 0.102442 0.021775 0.994501
vn 0.034360 0.006058 0.999391
vn 0.837302 -0.372790 -0.399940
vn 0.844313 -0.341125 -0.413242
vn 0.666202 -0.689871 -0.283289
vn 0.644692 -0.716002 -0.267793
vn 0.306369 -0.942904 -0.130655
vn 0.338274 -0.929401 -0.147595
vn -0.069753 -0.997526 -0.008723
vn -0.104525 -0.994484 0.008723
vn -0.465448 -0.875378 0.130657
vn -0.494523 -0.856541 0.147597
vn -0.759230 -0.593175 0.267794
vn -0.775875 -0.563707 0.283290
vn -0.889316 -0.221731 0.399940
vn -0.890722 -0.189329 0.413241
vn -0.826347 0.175645 0.535070
vn -0.838519 0.147853 0.524428
vn -0.637880 0.430254 0.638741
vn -0.617150 0.448387 0.646587
vn -0.333185 0.577091 0.745623
vn -0.356197 0.570035 0.740395
vn -0.058228 0.554012 0.830470
vn -0.078157 0.556122 0.827417
vn 0.121265 0.422902 0.898025
vn 0.135019 0.415545 0.899495
vn 0.199191 0.237387 0.950774
vn 0.206294 0.229113 0.951289
vn 0.156291 0.076228 0.984765
vn 0.158383 0.070516 0.984856
vn 0.871248 -0.122445 -0.475325
vn 0.872731 -0.153886 -0.463314
vn 0.794683 -0.496572 -0.349136
vn 0.781234 -0.526951 -0.334659
vn 0.545993 -0.809470 -0.215988
vn 0.519248 -0.830973 -0.199663
vn 0.173112 -0.981778 -0.078381
vn 0.138913 -0.988420 -0.061066
vn -0.241469 -0.968485 0.061065
vn -0.274789 -0.958304 0.078381
vn -0.603265 -0.772144 0.199662
vn -0.627615 -0.747964 0.215987
vn -0.832037 -0.442401 0.334657
vn -0.842236 -0.410785 0.349134
vn -0.884035 -0.061818 0.463314
vn -0.879275 -0.030705 0.475324
vn -0.747060 0.301831 0.592283
vn -0.763445 0.277871 0.583043
vn -0.519786 0.501950 0.691280
vn -0.497594 0.515274 0.697777
vn -0.231641 0.573331 0.785897
vn -0.209708 0.576168 0.789970
vn 0.034759 0.497071 0.867013
vn 0.017523 0.501757 0.864831
vn 0.175375 0.329831 0.927607
vn 0.164752 0.337793 0.926689
vn 0.190361 0.148726 0.970383
vn 0.185814 0.155917 0.970136
vn 0.033853 0.008441 0.999391
vn 0.101436 0.025291 0.994521
vn 0.100674 0.028867 0.994501
vn 0.866053 -0.281398 -0.413241
vn 0.861268 -0.313475 -0.399940
vn 0.693067 -0.669287 -0.267794
vn 0.712701 -0.641720 -0.283289
vn 0.371394 -0.919236 -0.130655
vn 0.402283 -0.903539 -0.147597
vn -0.034899 -0.999353 0.008721
vn 0.000000 -0.999962 -0.008724
vn -0.403249 -0.905715 0.130657
vn -0.433570 -0.888950 0.147598
vn -0.734662 -0.616456 0.283291
vn -0.716002 -0.644691 0.267795
vn -0.871682 -0.283227 0.399940
vn -0.875345 -0.251001 0.413242
vn -0.836586 0.117575 0.535070
vn -0.846791 0.089001 0.524428
vn -0.646926 0.404243 0.646586
vn -0.666339 0.384711 0.638741
vn -0.395094 0.543799 0.740394
vn -0.372627 0.552444 0.745624
vn -0.116762 0.549315 0.827417
vn -0.096733 0.548601 0.830470
vn 0.091470 0.430330 0.898025
vn 0.105703 0.423952 0.899495
vn 0.182147 0.250703 0.950774
vn 0.189810 0.242945 0.951289
vn 0.150593 0.086945 0.984765
vn 0.153077 0.081394 0.984856
vn 0.875076 -0.043175 -0.482056
vn 0.951208 -0.099976 -0.291903
vn 0.881339 -0.092632 -0.463315
vn 0.900642 -0.026685 -0.433742
vn 0.827385 -0.439930 -0.349135
vn 0.816089 -0.471169 -0.334660
vn 0.601129 -0.769411 -0.215987
vn 0.575951 -0.792727 -0.199662
vn 0.241179 -0.967310 -0.078380
vn 0.207524 -0.976322 -0.061064
vn -0.173324 -0.982970 0.061066
vn -0.207271 -0.975139 0.078381
vn -0.547933 -0.812345 0.199661
vn -0.573913 -0.789920 0.215987
vn -0.799149 -0.499363 0.334659
vn -0.811528 -0.468538 0.349134
vn -0.877570 -0.123334 0.463314
vn -0.874991 -0.091965 0.475324
vn -0.780969 0.223939 0.583043
vn -0.766295 0.248985 0.592283
vn -0.532326 0.479309 0.697776
vn -0.553534 0.464470 0.691280
vn -0.249388 0.560137 0.789970
vn -0.271070 0.555777 0.785897
vn -0.017523 0.501757 0.864831
vn -0.000000 0.498285 0.867014
vn 0.140788 0.348462 0.926689
vn 0.151939 0.341262 0.927607
vn 0.174485 0.168499 0.970136
vn 0.179522 0.161643 0.970383
vn 0.033182 0.010782 0.999391
vn 0.099424 0.032305 0.994521
vn 0.098415 0.035820 0.994501
vn 0.881036 -0.252634 -0.399939
vn 0.883572 -0.220300 -0.413241
vn 0.755730 -0.590439 -0.283290
vn 0.738065 -0.619311 -0.267793
vn 0.464328 -0.873278 -0.147596
vn 0.434614 -0.891089 -0.130657
vn 0.034899 -0.999353 0.008721
vn 0.069753 -0.997526 -0.008723
vn -0.370504 -0.917029 0.147597
vn -0.339089 -0.931637 0.130657
vn -0.669286 -0.693067 0.267794
vn -0.689872 -0.666200 0.283290
vn -0.855704 -0.311450 0.413242
vn -0.849802 -0.343343 0.399940
vn -0.850936 0.029715 0.524428
vn -0.842750 0.058930 0.535070
vn -0.691551 0.337292 0.638741
vn -0.673548 0.358132 0.646586
vn -0.410257 0.525105 0.745623
vn -0.432064 0.514915 0.740394
vn -0.134767 0.540517 0.830470
vn -0.154795 0.539833 0.827417
vn 0.075871 0.430292 0.899496
vn 0.061228 0.435663 0.898025
vn 0.172400 0.255594 0.951289
vn 0.164215 0.262798 0.950774
vn 0.144161 0.097238 0.984765
vn 0.147027 0.091873 0.984857
vn 0.856059 -0.381141 -0.349135
vn 0.846969 -0.413094 -0.334658
vn 0.653338 -0.725603 -0.215986
vn 0.629847 -0.750619 -0.199661
vn 0.308067 -0.948130 -0.078381
vn 0.275123 -0.959468 -0.061065
vn -0.104334 -0.992666 0.061066
vn -0.138745 -0.987221 0.078381
vn -0.489932 -0.848589 0.199660
vn -0.517411 -0.828031 0.215986
vn -0.776869 -0.524004 0.349135
vn -0.762369 -0.553894 0.334658
vn -0.866444 -0.152777 0.475324
vn -0.866829 -0.184251 0.463314
vn -0.781797 0.194924 0.592283
vn -0.794688 0.168916 0.583043
vn -0.584584 0.424726 0.691280
vn -0.564465 0.441008 0.697776
vn -0.309180 0.535513 0.785896
vn -0.287854 0.541376 0.789970
vn -0.052479 0.499313 0.864831
vn -0.034759 0.497071 0.867013
vn 0.116138 0.357433 0.926689
vn 0.127763 0.351029 0.927607
vn 0.162306 0.180260 0.970136
vn 0.167810 0.173772 0.970383
vn 0.095677 0.042597 0.994501
vn 0.096929 0.039161 0.994521
vn 0.032349 0.013070 0.999391
vn 0.896513 -0.190560 -0.399940
vn 0.896787 -0.158128 -0.413241
vn 0.779469 -0.566317 -0.267794
vn 0.795075 -0.536287 -0.283289
vn 0.495714 -0.858602 -0.130655
vn 0.524115 -0.838761 -0.147596
vn 0.139167 -0.990231 -0.008722
vn 0.104525 -0.994484 0.008723
vn -0.305633 -0.940640 0.147598
vn -0.273274 -0.953021 0.130657
vn -0.641720 -0.712701 0.283289
vn -0.619310 -0.738067 0.267792
vn -0.831894 -0.370384 0.413241
vn -0.823782 -0.401784 0.399940
vn -0.844808 0.000000 0.535070
vn -0.850936 -0.029715 0.524428
vn -0.713395 0.288230 0.638741
vn -0.696889 0.310276 0.646586
vn -0.466930 0.483521 0.740394
vn -0.445887 0.495208 0.745623
vn -0.172143 0.529799 0.830470
vn -0.192074 0.527720 0.827417
vn 0.030689 0.438873 0.898025
vn 0.045672 0.434537 0.899495
vn 0.145483 0.273613 0.950773
vn 0.154152 0.266996 0.951289
vn 0.140260 0.101905 0.984856
vn 0.137027 0.107057 0.984765
vn 0.880561 -0.320497 -0.349134
vn 0.873722 -0.353006 -0.334658
vn 0.680671 -0.704856 -0.199661
vn 0.702361 -0.678262 -0.215987
vn 0.373453 -0.924332 -0.078381
vn 0.341381 -0.937939 -0.061066
vn -0.069542 -0.994495 0.078381
vn -0.034835 -0.997526 0.061066
vn -0.429545 -0.880697 0.199660
vn -0.458390 -0.862107 0.215985
vn -0.721874 -0.605725 0.334658
vn -0.738423 -0.576920 0.349134
vn -0.851864 -0.244268 0.463314
vn -0.853677 -0.212846 0.475324
vn -0.804535 0.113071 0.583043
vn -0.793489 0.139914 0.592283
vn -0.612788 0.382912 0.691281
vn -0.593852 0.400558 0.697777
vn -0.345781 0.512643 0.785896
vn -0.324918 0.519978 0.789969
vn -0.087182 0.494436 0.864831
vn -0.069347 0.493435 0.867014
vn 0.090921 0.364664 0.926689
vn 0.102967 0.359086 0.927607
vn 0.149337 0.191142 0.970136
vn 0.155279 0.185055 0.970383
vn 0.093961 0.045828 0.994521
vn 0.092472 0.049169 0.994501
vn 0.031359 0.015295 0.999391
vn 0.902517 -0.062570 -0.426084
vn 0.907622 -0.127558 -0.399940
vn 0.830548 -0.479517 -0.283289
vn 0.817074 -0.510565 -0.267793
vn 0.581348 -0.800156 -0.147597
vn 0.554398 -0.821932 -0.130655
vn 0.173642 -0.984770 0.008724
vn 0.207905 -0.978110 -0.008722
vn -0.206128 -0.969763 0.130655
vn -0.239273 -0.959668 0.147597
vn -0.566318 -0.779468 0.267794
vn -0.590440 -0.755730 0.283288
vn -0.793748 -0.458272 0.399939
vn -0.804031 -0.427510 0.413242
vn -0.842750 -0.058930 0.535070
vn -0.846791 -0.089001 0.524428
vn -0.716836 0.260907 0.646586
vn -0.731764 0.237765 0.638741
vn -0.499522 0.449772 0.740394
vn -0.479344 0.462899 0.745623
vn -0.208679 0.516501 0.830470
vn -0.228417 0.513036 0.827417
vn 0.015248 0.436664 0.899495
vn 0.000000 0.439944 0.898025
vn 0.135149 0.277100 0.951289
vn 0.126042 0.283095 0.950774
vn 0.132811 0.111441 0.984856
vn 0.129225 0.116355 0.984765
vn 0.896218 -0.291199 -0.334659
vn 0.900772 -0.258293 -0.349135
vn 0.728181 -0.655659 -0.199662
vn 0.747962 -0.627616 -0.215988
vn 0.405978 -0.911840 -0.061065
vn 0.437023 -0.896029 -0.078381
vn 0.000000 -0.996923 0.078381
vn 0.034835 -0.997526 0.061066
vn -0.397135 -0.891983 0.215986
vn -0.367064 -0.908515 0.199661
vn -0.677863 -0.654603 0.334657
vn -0.696381 -0.627024 0.349133
vn -0.836750 -0.271877 0.475324
vn -0.832750 -0.303096 0.463314
vn -0.810463 0.056673 0.583042
vn -0.801316 0.084222 0.592283
vn -0.638006 0.339234 0.691280
vn -0.620347 0.358158 0.697777
vn -0.380699 0.487273 0.785897
vn -0.360398 0.496046 0.789970
vn -0.103600 0.487396 0.867014
vn -0.121460 0.487149 0.864831
vn 0.077667 0.365394 0.927607
vn 0.065261 0.370118 0.926689
vn 0.141993 0.195435 0.970383
vn 0.135639 0.201094 0.970136
vn 0.030215 0.017445 0.999391
vn 0.090535 0.052271 0.994521
vn 0.088817 0.055499 0.994501
vn 0.901937 -0.063070 -0.427237
vn 0.975368 -0.068204 -0.209773
vn 0.921425 -0.009974 -0.388429
vn 0.861975 -0.420413 -0.283289
vn 0.850699 -0.452325 -0.267793
vn 0.635749 -0.757653 -0.147597
vn 0.610385 -0.781255 -0.130656
vn 0.275627 -0.961225 -0.008724
vn 0.241911 -0.970259 0.008722
vn -0.171748 -0.974022 0.147595
vn -0.137981 -0.981780 0.130653
vn -0.510565 -0.817074 0.267794
vn -0.536285 -0.795075 0.283290
vn -0.759848 -0.512523 0.399940
vn -0.772251 -0.482556 0.413241
vn -0.838519 -0.147854 0.524428
vn -0.836586 -0.117575 0.535070
vn -0.733290 0.210267 0.646586
vn -0.746566 0.186140 0.638741
vn -0.529680 0.413831 0.740394
vn -0.510468 0.428333 0.745623
vn -0.244200 0.500686 0.830470
vn -0.263649 0.495853 0.827417
vn -0.030689 0.438873 0.898025
vn -0.015248 0.436664 0.899495
vn 0.105987 0.291198 0.950774
vn 0.115492 0.285852 0.951289
vn 0.120794 0.125086 0.984765
vn 0.124713 0.120434 0.984856
vn 0.916595 -0.194829 -0.349134
vn 0.914348 -0.227973 -0.334658
vn 0.772144 -0.603265 -0.199662
vn 0.789921 -0.573911 -0.215987
vn 0.498461 -0.863361 -0.078381
vn 0.468596 -0.881300 -0.061066
vn 0.069542 -0.994495 0.078381
vn 0.104334 -0.992666 0.061066
vn -0.302795 -0.931907 0.199661
vn -0.333947 -0.917512 0.215986
vn -0.630549 -0.700294 0.334659
vn -0.650945 -0.674074 0.349134
vn -0.809579 -0.360448 0.463314
vn -0.815746 -0.329582 0.475324
vn -0.812442 0.000000 0.583042
vn -0.805240 0.028120 0.592282
vn -0.660116 0.293903 0.691280
vn -0.643820 0.314012 0.697776
vn -0.413762 0.459529 0.785897
vn -0.394123 0.469697 0.789970
vn -0.137346 0.478982 0.867014
vn -0.155147 0.477490 0.864831
vn 0.051990 0.369922 0.927607
vn 0.039285 0.373769 0.926689
vn 0.121283 0.210065 0.970136
vn 0.128013 0.204865 0.970383
vn 0.028925 0.019510 0.999391
vn 0.084729 0.061559 0.994501
vn 0.086668 0.058458 0.994521
vn 0.880180 -0.391881 -0.267793
vn 0.889202 -0.359260 -0.283289
vn 0.687050 -0.711462 -0.147598
vn 0.663394 -0.736775 -0.130657
vn 0.342007 -0.939657 -0.008724
vn 0.309005 -0.951021 0.008721
vn -0.103381 -0.983630 0.147596
vn -0.069159 -0.989013 0.130656
vn -0.452325 -0.850699 0.267793
vn -0.479518 -0.830548 0.283289
vn -0.722244 -0.564279 0.399941
vn -0.736708 -0.535250 0.413242
vn -0.826163 -0.205986 0.524428
vn -0.826346 -0.175646 0.535070
vn -0.746171 0.158604 0.646586
vn -0.757732 0.133609 0.638741
vn -0.539103 0.391681 0.745623
vn -0.557257 0.375874 0.740394
vn -0.278533 0.482431 0.830470
vn -0.297596 0.476253 0.827418
vn -0.061228 0.435663 0.898025
vn -0.045672 0.434537 0.899495
vn 0.085417 0.297882 0.950774
vn 0.095270 0.293212 0.951289
vn 0.111774 0.133207 0.984765
vn 0.116008 0.128840 0.984856
vn 0.928024 -0.163635 -0.334658
vn 0.927953 -0.130415 -0.349134
vn 0.812344 -0.547934 -0.199663
vn 0.828030 -0.517412 -0.215988
vn 0.557471 -0.826488 -0.078379
vn 0.528931 -0.846465 -0.061065
vn 0.173324 -0.982970 0.061066
vn 0.138745 -0.987221 0.078381
vn -0.237052 -0.950758 0.199662
vn -0.269131 -0.938572 0.215987
vn -0.580161 -0.742574 0.334658
vn -0.602339 -0.717839 0.349135
vn -0.790769 -0.385684 0.475324
vn -0.782463 -0.416042 0.463314
vn -0.805240 -0.028120 0.592282
vn -0.810463 -0.056673 0.583042
vn -0.664156 0.268336 0.697777
vn -0.679009 0.247139 0.691281
vn -0.444809 0.429548 0.785897
vn -0.425927 0.441060 0.789970
vn -0.188075 0.465505 0.864831
vn -0.170424 0.468234 0.867013
vn 0.026057 0.372647 0.927607
vn 0.013116 0.375599 0.926689
vn 0.113410 0.213295 0.970383
vn 0.106332 0.218015 0.970136
vn 0.082379 0.064362 0.994521
vn 0.080229 0.067319 0.994501
vn 0.027493 0.021480 0.999391
vn 0.912096 -0.296358 -0.283289
vn 0.905372 -0.329528 -0.267794
vn 0.735005 -0.661803 -0.147597
vn 0.713173 -0.688704 -0.130657
vn 0.374594 -0.927148 0.008722
vn 0.406721 -0.913511 -0.008722
vn 0.000000 -0.991428 0.130656
vn -0.034518 -0.988445 0.147597
vn -0.391880 -0.880180 0.267794
vn -0.420412 -0.861975 0.283290
vn -0.681123 -0.613285 0.399940
vn -0.697577 -0.585336 0.413242
vn -0.809782 -0.263114 0.524428
vn -0.812081 -0.232860 0.535070
vn -0.765207 0.080427 0.638741
vn -0.755417 0.106167 0.646586
vn -0.582119 0.336087 0.740394
vn -0.565112 0.353122 0.745623
vn -0.330093 0.454334 0.827417
vn -0.311505 0.461827 0.830470
vn -0.091470 0.430330 0.898025
vn -0.075871 0.430292 0.899496
vn 0.074585 0.299143 0.951289
vn 0.064429 0.303115 0.950774
vn 0.106738 0.136619 0.984856
vn 0.102210 0.140679 0.984765
vn 0.933320 -0.050475 -0.355479
vn 0.937178 -0.098501 -0.334658
vn 0.978778 -0.102874 -0.177233
vn 0.939033 -0.037320 -0.341797
vn 0.955131 -0.030385 -0.294622
vn 0.848589 -0.489931 -0.199662
vn 0.862107 -0.458390 -0.215987
vn 0.613768 -0.785586 -0.078379
vn 0.586688 -0.807507 -0.061063
vn 0.207271 -0.975139 0.078381
vn 0.241469 -0.968485 0.061065
vn -0.170153 -0.964978 0.199663
vn -0.203005 -0.955059 0.215988
vn -0.526950 -0.781235 0.334657
vn -0.550798 -0.758107 0.349134
vn -0.751535 -0.469612 0.463314
vn -0.761939 -0.439905 0.475325
vn -0.804535 -0.113070 0.583043
vn -0.801316 -0.084222 0.592283
vn -0.694595 0.199171 0.691280
vn -0.681256 0.221354 0.697777
vn -0.473690 0.397472 0.785897
vn -0.455656 0.410275 0.789970
vn -0.220089 0.451251 0.864831
vn -0.202670 0.455205 0.867014
vn -0.013116 0.375599 0.926689
vn -0.000000 0.373557 0.927607
vn 0.090866 0.224901 0.970136
vn 0.098257 0.220686 0.970383
vn 0.077689 0.069951 0.994521
vn 0.075337 0.072752 0.994501
vn 0.025928 0.023346 0.999391
vn 0.926153 -0.265570 -0.267793
vn 0.930547 -0.232012 -0.283289
vn 0.759479 -0.637276 -0.130655
vn 0.779381 -0.608918 -0.147595
vn 0.469454 -0.882914 -0.008724
vn 0.438353 -0.898761 0.008722
vn 0.034518 -0.988445 0.147597
vn 0.069159 -0.989013 0.130656
vn -0.359262 -0.889201 0.283288
vn -0.329529 -0.905372 0.267792
vn -0.636682 -0.659305 0.399941
vn -0.655045 -0.632571 0.413243
vn -0.789455 -0.318960 0.524428
vn -0.793860 -0.288941 0.535070
vn -0.760983 0.053213 0.646586
vn -0.768953 0.026853 0.638742
vn -0.588368 0.312840 0.745623
vn -0.604145 0.294661 0.740394
vn -0.360982 0.430201 0.827417
vn -0.342963 0.438972 0.830470
vn -0.121265 0.422902 0.898025
vn -0.105703 0.423952 0.899495
vn 0.043128 0.306870 0.950774
vn 0.053536 0.303618 0.951289
vn 0.092147 0.147467 0.984765
vn 0.096949 0.143731 0.984856
vn 0.891982 -0.397136 -0.215988
vn 0.880696 -0.429546 -0.199662
vn 0.641586 -0.764616 -0.061065
vn 0.667072 -0.740859 -0.078381
vn 0.308440 -0.949282 0.061066
vn 0.274789 -0.958304 0.078381
vn -0.102422 -0.974497 0.199662
vn -0.135889 -0.966894 0.215989
vn -0.496571 -0.794684 0.349134
vn -0.471170 -0.816089 0.334659
vn -0.716946 -0.520893 0.463313
vn -0.729396 -0.491984 0.475324
vn -0.794688 -0.168917 0.583042
vn -0.793489 -0.139913 0.592283
vn -0.706796 0.150235 0.691281
vn -0.695038 0.173291 0.697777
vn -0.500262 0.363462 0.785897
vn -0.483166 0.377490 0.789970
vn -0.251032 0.434799 0.864831
vn -0.233930 0.439959 0.867014
vn -0.026057 0.372647 0.927607
vn -0.039285 0.373769 0.926689
vn 0.082622 0.227003 0.970383
vn 0.074956 0.230692 0.970136
vn 0.024236 0.025098 0.999391
vn 0.070078 0.077830 0.994501
vn 0.072620 0.075201 0.994521
vn 0.942422 -0.200319 -0.267793
vn 0.944464 -0.166534 -0.283290
vn 0.819957 -0.553069 -0.147597
vn 0.802081 -0.582748 -0.130655
vn 0.529900 -0.848015 -0.008724
vn 0.499981 -0.865992 0.008721
vn 0.137981 -0.981780 0.130653
vn 0.103381 -0.983630 0.147596
vn -0.265570 -0.926153 0.267793
vn -0.296357 -0.912097 0.283289
vn -0.609325 -0.676723 0.413242
vn -0.589142 -0.702111 0.399940
vn -0.771771 -0.343613 0.535070
vn -0.765283 -0.373254 0.524427
vn -0.768953 -0.026853 0.638742
vn -0.762841 0.000000 0.646587
vn -0.608757 0.271036 0.745623
vn -0.623228 0.251800 0.740394
vn -0.372749 0.413979 0.830470
vn -0.390111 0.403972 0.827417
vn -0.150470 0.413412 0.898025
vn -0.135019 0.415545 0.899495
vn 0.021616 0.309132 0.950774
vn 0.032226 0.306612 0.951289
vn 0.086686 0.150144 0.984856
vn 0.081636 0.153536 0.984765
vn 0.917512 -0.333947 -0.215988
vn 0.908515 -0.367064 -0.199663
vn 0.693364 -0.717996 -0.061064
vn 0.717127 -0.692522 -0.078379
vn 0.373910 -0.925453 0.061066
vn 0.340969 -0.936801 0.078382
vn -0.034197 -0.979268 0.199661
vn -0.068109 -0.974018 0.215986
vn -0.439930 -0.827385 0.349136
vn -0.413093 -0.846970 0.334658
vn -0.678865 -0.569634 0.463314
vn -0.693300 -0.541666 0.475323
vn -0.780969 -0.223939 0.583042
vn -0.781797 -0.194924 0.592282
vn -0.715554 0.100565 0.691281
vn -0.705433 0.124387 0.697777
vn -0.524397 0.327680 0.785897
vn -0.508321 0.342867 0.789970
vn -0.280750 0.416229 0.864831
vn -0.264051 0.422569 0.867014
vn -0.065261 0.370118 0.926689
vn -0.051990 0.369922 0.927607
vn 0.066586 0.232214 0.970383
vn 0.058682 0.235358 0.970136
vn 0.022427 0.026727 0.999391
vn 0.064479 0.082529 0.994501
vn 0.067198 0.080083 0.994521
vn 0.951938 -0.063343 -0.299670
vn 0.954100 -0.134090 -0.267794
vn 0.840779 -0.525376 -0.130655
vn 0.856541 -0.494523 -0.147597
vn 0.559173 -0.829005 0.008721
vn 0.587763 -0.808986 -0.008723
vn 0.171748 -0.974022 0.147595
vn 0.206128 -0.969763 0.130655
vn -0.200319 -0.942422 0.267794
vn -0.232011 -0.930547 0.283289
vn -0.560635 -0.717579 0.413241
vn -0.538730 -0.741497 0.399940
vn -0.737382 -0.425727 0.524428
vn -0.745921 -0.396614 0.535070
vn -0.765207 -0.080427 0.638741
vn -0.760983 -0.053213 0.646586
vn -0.626181 0.227911 0.745623
vn -0.639274 0.207713 0.740394
vn -0.417341 0.375776 0.827417
vn -0.400718 0.386969 0.830470
vn -0.163677 0.405115 0.899495
vn -0.178941 0.401909 0.898025
vn 0.010761 0.308114 0.951289
vn 0.000000 0.309887 0.950773
vn 0.076001 0.155825 0.984856
vn 0.070728 0.158856 0.984765
vn 0.931907 -0.302794 -0.199662
vn 0.938572 -0.269131 -0.215987
vn 0.763689 -0.640809 -0.078380
vn 0.741758 -0.667883 -0.061063
vn 0.405485 -0.910735 0.078380
vn 0.437551 -0.897117 0.061065
vn 0.034197 -0.979268 0.199661
vn 0.000000 -0.976396 0.215987
vn -0.353008 -0.873722 0.334658
vn -0.381142 -0.856059 0.349134
vn -0.653827 -0.588708 0.475324
vn -0.637474 -0.615603 0.463314
vn -0.763445 -0.277872 0.583043
vn -0.766295 -0.248985 0.592283
vn -0.720826 0.050405 0.691281
vn -0.712391 0.074876 0.697777
vn -0.545978 0.290301 0.785897
vn -0.531000 0.306573 0.789970
vn -0.309101 0.395631 0.864831
vn -0.292884 0.403121 0.867014
vn -0.090921 0.364664 0.926689
vn -0.077667 0.365394 0.927607
vn 0.042121 0.238878 0.970136
vn 0.050225 0.236293 0.970383
vn 0.058565 0.086825 0.994501
vn 0.020507 0.028226 0.999391
vn 0.061447 0.084576 0.994521
vn 0.986984 -0.069016 -0.145257
vn 0.948474 -0.066323 -0.309837
vn 0.969052 -0.008114 -0.246725
vn 0.875379 -0.465446 -0.130656
vn 0.888950 -0.433571 -0.147596
vn 0.615638 -0.787981 0.008722
vn 0.642762 -0.766017 -0.008722
vn 0.273274 -0.953021 0.130657
vn 0.239273 -0.959668 0.147597
vn -0.134091 -0.954099 0.267794
vn -0.166535 -0.944464 0.283290
vn -0.509213 -0.754939 0.413242
vn -0.485691 -0.777272 0.399939
vn -0.716437 -0.447680 0.535071
vn -0.705888 -0.476127 0.524429
vn -0.757732 -0.133608 0.638741
vn -0.755417 -0.106167 0.646586
vn -0.652207 0.162613 0.740394
vn -0.640554 0.183676 0.745623
vn -0.426735 0.358074 0.830470
vn -0.442537 0.345748 0.827417
vn -0.206542 0.388448 0.898025
vn -0.191537 0.392711 0.899495
vn -0.021616 0.309132 0.950774
vn -0.010761 0.308114 0.951289
vn 0.059474 0.163403 0.984765
vn 0.064946 0.160747 0.984857
vn 0.950758 -0.237052 -0.199662
vn 0.955059 -0.203005 -0.215987
vn 0.806527 -0.585978 -0.078380
vn 0.786540 -0.614513 -0.061065
vn 0.499067 -0.864409 0.061067
vn 0.468028 -0.880231 0.078382
vn 0.068109 -0.974018 0.215986
vn 0.102422 -0.974497 0.199662
vn -0.291197 -0.896219 0.334658
vn -0.320497 -0.880560 0.349135
vn -0.592981 -0.658570 0.463313
vn -0.611169 -0.632883 0.475323
vn -0.747060 -0.301832 0.592283
vn -0.742202 -0.330449 0.583043
vn -0.722587 0.000000 0.691280
vn -0.715879 0.024999 0.697777
vn -0.564897 0.251509 0.785897
vn -0.551092 0.268785 0.789970
vn -0.320291 0.381709 0.867014
vn -0.335946 0.373105 0.864831
vn -0.102967 0.359086 0.927607
vn -0.116138 0.357433 0.926689
vn 0.025355 0.241234 0.970136
vn 0.033620 0.239221 0.970383
vn 0.018489 0.029588 0.999391
vn 0.055399 0.088655 0.994521
vn 0.052365 0.090699 0.994501
vn 0.917029 -0.370504 -0.147597
vn 0.905714 -0.403251 -0.130655
vn 0.694634 -0.719311 -0.008723
vn 0.669105 -0.743117 0.008724
vn 0.339089 -0.931637 0.130657
vn 0.305633 -0.940640 0.147598
vn -0.067208 -0.961129 0.267794
vn -0.100247 -0.953781 0.283290
vn -0.455309 -0.788623 0.413241
vn -0.430291 -0.809257 0.399941
vn -0.670955 -0.524208 0.524428
vn -0.683464 -0.496565 0.535071
vn -0.746171 -0.158604 0.646586
vn -0.746566 -0.186140 0.638741
vn -0.661962 0.116722 0.740394
vn -0.651806 0.138546 0.745623
vn -0.465577 0.314035 0.827417
vn -0.450674 0.327434 0.830470
vn -0.233135 0.373094 0.898025
vn -0.218466 0.378392 0.899495
vn -0.043128 0.306870 0.950774
vn -0.032226 0.306612 0.951289
vn 0.047931 0.167153 0.984765
vn 0.053574 0.164886 0.984856
vn 0.964979 -0.170151 -0.199661
vn 0.966894 -0.135888 -0.215987
vn 0.827490 -0.558150 -0.061065
vn 0.845439 -0.528289 -0.078381
vn 0.528288 -0.845439 0.078382
vn 0.558150 -0.827490 0.061065
vn 0.170153 -0.964978 0.199663
vn 0.135889 -0.966894 0.215989
vn -0.227972 -0.914348 0.334658
vn -0.258292 -0.900772 0.349134
vn -0.545597 -0.698330 0.463314
vn -0.565532 -0.673974 0.475324
vn -0.717343 -0.381419 0.583043
vn -0.724185 -0.353208 0.592283
vn -0.715879 -0.024999 0.697777
vn -0.720826 -0.050405 0.691281
vn -0.568498 0.229689 0.789970
vn -0.581066 0.211490 0.785897
vn -0.361154 0.348763 0.864831
vn -0.346138 0.358436 0.867013
vn -0.140788 0.348462 0.926689
vn -0.127763 0.351029 0.927607
vn 0.008466 0.242415 0.970136
vn 0.016851 0.240983 0.970383
vn 0.016380 0.030806 0.999391
vn 0.049079 0.092304 0.994521
vn 0.045911 0.094131 0.994501
vn 0.931637 -0.339088 -0.130656
vn 0.940640 -0.305632 -0.147597
vn 0.743116 -0.669106 -0.008725
vn 0.719312 -0.694632 0.008720
vn 0.403249 -0.905715 0.130657
vn 0.370504 -0.917029 0.147597
vn 0.000000 -0.963476 0.267794
vn -0.033470 -0.958450 0.283289
vn -0.399192 -0.818460 0.413242
vn -0.372791 -0.837302 0.399939
vn -0.632755 -0.569735 0.524427
vn -0.647161 -0.543031 0.535070
vn -0.733289 -0.210268 0.646587
vn -0.731763 -0.237765 0.638741
vn -0.659883 0.092740 0.745623
vn -0.668491 0.070262 0.740394
vn -0.472417 0.295198 0.830470
vn -0.486349 0.280794 0.827417
vn -0.244328 0.362232 0.899495
vn -0.258593 0.355923 0.898025
vn -0.064429 0.303115 0.950774
vn -0.053536 0.303618 0.951289
vn 0.041943 0.168221 0.984857
vn 0.036153 0.170090 0.984765
vn 0.974497 -0.102424 -0.199661
vn 0.973351 -0.052775 -0.223167
vn 0.979600 -0.034208 -0.198025
vn 0.988240 -0.034510 -0.148963
vn 0.864409 -0.499066 -0.061065
vn 0.880232 -0.468026 -0.078381
vn 0.585976 -0.806529 0.078380
vn 0.614512 -0.786540 0.061064
vn 0.237052 -0.950758 0.199662
vn 0.203005 -0.955059 0.215988
vn -0.163636 -0.928024 0.334657
vn -0.194829 -0.916596 0.349133
vn -0.517138 -0.711783 0.475325
vn -0.495553 -0.734688 0.463316
vn -0.697783 -0.402865 0.592283
vn -0.688989 -0.430529 0.583043
vn -0.712391 -0.074876 0.697777
vn -0.715554 -0.100565 0.691281
vn -0.583137 0.189472 0.789970
vn -0.594404 0.170442 0.785897
vn -0.370298 0.333417 0.867014
vn -0.384602 0.322720 0.864831
vn -0.164752 0.337793 0.926689
vn -0.151939 0.341262 0.927607
vn -0.008466 0.242415 0.970136
vn -0.000000 0.241572 0.970383
vn 0.014191 0.031873 0.999391
vn 0.039233 0.097105 0.994501
vn 0.042522 0.095502 0.994521
vn 0.953022 -0.273274 -0.130656
vn 0.959669 -0.239273 -0.147596
vn 0.787980 -0.615638 -0.008722
vn 0.766016 -0.642762 0.008722
vn 0.465448 -0.875378 0.130657
vn 0.433570 -0.888950 0.147598
vn 0.033470 -0.958450 0.283289
vn 0.067208 -0.961129 0.267794
vn -0.341125 -0.844314 0.413241
vn -0.313475 -0.861268 0.399939
vn -0.591470 -0.612485 0.524428
vn -0.607703 -0.586854 0.535070
vn -0.716837 -0.260906 0.646586
vn -0.713396 -0.288231 0.638741
vn -0.664745 0.046483 0.745623
vn -0.671764 0.023459 0.740394
vn -0.491858 0.261526 0.830470
vn -0.504752 0.246183 0.827417
vn -0.269001 0.344306 0.899495
vn -0.282790 0.337018 0.898025
vn -0.074585 0.299143 0.951289
vn -0.085417 0.297882 0.950774
vn 0.024200 0.172197 0.984765
vn 0.030105 0.170738 0.984856
vn 0.897117 -0.437553 -0.061066
vn 0.910734 -0.405487 -0.078381
vn 0.667881 -0.741758 0.061066
vn 0.640811 -0.763687 0.078380
vn 0.269131 -0.938572 0.215987
vn 0.302795 -0.931907 0.199661
vn -0.098502 -0.937177 0.334658
vn -0.130415 -0.927953 0.349134
vn -0.466229 -0.746121 0.475325
vn -0.443095 -0.767468 0.463314
vn -0.657279 -0.477541 0.583043
vn -0.667981 -0.450559 0.592282
vn -0.705433 -0.124387 0.697777
vn -0.706796 -0.150234 0.691281
vn -0.594933 0.148334 0.789970
vn -0.604845 0.128564 0.785897
vn -0.406177 0.295105 0.864831
vn -0.392653 0.306775 0.867014
vn -0.187915 0.325476 0.926689
vn -0.175375 0.329831 0.927607
vn -0.025355 0.241234 0.970136
vn -0.016851 0.240983 0.970383
vn 0.035754 0.098237 0.994521
vn 0.032363 0.099605 0.994501
vn 0.011933 0.032786 0.999391
vn 0.969763 -0.206129 -0.130655
vn 0.974022 -0.171746 -0.147596
vn 0.829005 -0.559173 -0.008721
vn 0.808986 -0.587763 0.008723
vn 0.494523 -0.856541 0.147597
vn 0.525376 -0.840779 0.130656
vn 0.100247 -0.953781 0.283290
vn 0.134091 -0.954099 0.267794
vn -0.252632 -0.881036 0.399940
vn -0.281396 -0.866053 0.413241
vn -0.547305 -0.652252 0.524428
vn -0.565287 -0.627814 0.535070
vn -0.691552 -0.337292 0.638741
vn -0.696890 -0.310277 0.646586
vn -0.666368 0.000000 0.745623
vn -0.671764 -0.023459 0.740394
vn -0.520695 0.210375 0.827417
vn -0.508904 0.226578 0.830469
vn -0.305611 0.316469 0.898025
vn -0.292364 0.324701 0.899495
vn -0.105987 0.291198 0.950774
vn -0.095270 0.293212 0.951289
vn 0.012130 0.173466 0.984765
vn 0.018123 0.172422 0.984856
vn 0.925453 -0.373908 -0.061065
vn 0.936802 -0.340968 -0.078381
vn 0.692521 -0.717127 0.078382
vn 0.717997 -0.693362 0.061066
vn 0.367064 -0.908515 0.199661
vn 0.333947 -0.917512 0.215986
vn -0.032887 -0.941766 0.334658
vn -0.065368 -0.934790 0.349134
vn -0.388484 -0.796505 0.463314
vn -0.413047 -0.776827 0.475323
vn -0.622367 -0.522227 0.583042
vn -0.634925 -0.496056 0.592282
vn -0.694595 -0.199172 0.691281
vn -0.695038 -0.173292 0.697777
vn -0.612340 0.086059 0.785897
vn -0.603831 0.106472 0.789970
vn -0.425774 0.266052 0.864831
vn -0.413096 0.278638 0.867014
vn -0.197956 0.316795 0.927607
vn -0.210160 0.311576 0.926689
vn -0.033620 0.239221 0.970383
vn -0.042121 0.238878 0.970136
vn 0.028815 0.100491 0.994521
vn 0.025337 0.101620 0.994501
vn 0.009617 0.033538 0.999391
vn 0.990970 -0.053600 -0.122907
vn 0.983630 -0.103384 -0.147597
vn 0.981779 -0.137981 -0.130656
vn 0.865993 -0.499981 -0.008721
vn 0.848016 -0.529899 0.008724
vn 0.582746 -0.802082 0.130656
vn 0.553068 -0.819958 0.147597
vn 0.200319 -0.942422 0.267794
vn 0.166535 -0.944464 0.283290
vn -0.220300 -0.883572 0.413241
vn -0.190561 -0.896513 0.399939
vn -0.500471 -0.688843 0.524427
vn -0.520116 -0.665717 0.535070
vn -0.673549 -0.358131 0.646586
vn -0.666339 -0.384711 0.638741
vn -0.664745 -0.046483 0.745623
vn -0.668491 -0.070262 0.740394
vn -0.534102 0.173540 0.827417
vn -0.523469 0.190527 0.830470
vn -0.326943 0.294380 0.898025
vn -0.314301 0.303518 0.899496
vn -0.126042 0.283095 0.950774
vn -0.115492 0.285852 0.951289
vn 0.000000 0.173890 0.984765
vn 0.006051 0.173266 0.984856
vn 0.949282 -0.308441 -0.061065
vn 0.958304 -0.274789 -0.078381
vn 0.740859 -0.667072 0.078382
vn 0.764616 -0.641587 0.061066
vn 0.429545 -0.880697 0.199660
vn 0.397135 -0.891983 0.215986
vn 0.032887 -0.941766 0.334658
vn 0.000000 -0.937073 0.349134
vn -0.357850 -0.803747 0.475325
vn -0.331974 -0.821664 0.463316
vn -0.584421 -0.564370 0.583042
vn -0.598774 -0.539139 0.592283
vn -0.679009 -0.247138 0.691281
vn -0.681256 -0.221354 0.697777
vn -0.609787 0.064091 0.789970
vn -0.616851 0.043134 0.785897
vn -0.431527 0.249142 0.867014
vn -0.443295 0.235705 0.864831
vn -0.219572 0.302214 0.927607
vn -0.231382 0.296157 0.926689
vn -0.050225 0.236293 0.970383
vn -0.058682 0.235358 0.970136
vn 0.007254 0.034127 0.999391
vn 0.018186 0.103140 0.994501
vn 0.021736 0.102256 0.994521
vn 0.976928 -0.068313 -0.202346
vn 0.997150 -0.069727 -0.028802
vn 0.994992 -0.008766 -0.099565
vn 0.898760 -0.438354 -0.008723
vn 0.882913 -0.469455 0.008723
vn 0.608919 -0.779380 0.147598
vn 0.637278 -0.759477 0.130656
vn 0.232011 -0.930547 0.283289
vn 0.265570 -0.926153 0.267793
vn -0.158128 -0.896787 0.413241
vn -0.127557 -0.907622 0.399939
vn -0.451203 -0.722074 0.524427
vn -0.472410 -0.700378 0.535069
vn -0.646925 -0.404245 0.646586
vn -0.637879 -0.430255 0.638741
vn -0.661962 -0.116722 0.740394
vn -0.659883 -0.092740 0.745623
vn -0.544906 0.135861 0.827417
vn -0.535484 0.153548 0.830470
vn -0.346681 0.270857 0.898025
vn -0.334708 0.280854 0.899495
vn -0.145483 0.273613 0.950773
vn -0.135149 0.277100 0.951289
vn -0.012130 0.173466 0.984765
vn -0.006051 0.173266 0.984856
vn 0.975138 -0.207272 -0.078382
vn 0.968485 -0.241470 -0.061066
vn 0.785586 -0.613769 0.078380
vn 0.807507 -0.586688 0.061064
vn 0.489932 -0.848589 0.199660
vn 0.458390 -0.862107 0.215985
vn 0.098502 -0.937177 0.334658
vn 0.065368 -0.934790 0.349134
vn -0.300915 -0.826751 0.475325
vn -0.273848 -0.842821 0.463314
vn -0.543630 -0.603762 0.583043
vn -0.559707 -0.579595 0.592282
vn -0.660115 -0.293903 0.691281
vn -0.664155 -0.268337 0.697777
vn -0.618358 0.000000 0.785897
vn -0.612772 0.021399 0.789970
vn -0.458657 0.204207 0.864831
vn -0.447855 0.218433 0.867014
vn -0.251479 0.279294 0.926689
vn -0.240117 0.286162 0.927607
vn -0.074956 0.230692 0.970136
vn -0.066586 0.232214 0.970383
vn 0.004855 0.034550 0.999391
vn 0.010947 0.104157 0.994501
vn 0.014548 0.103524 0.994521
vn 0.913511 -0.406721 0.008722
vn 0.927149 -0.374592 -0.008723
vn 0.661802 -0.735006 0.147596
vn 0.688704 -0.713173 0.130655
vn 0.329529 -0.905372 0.267792
vn 0.296357 -0.912097 0.283289
vn -0.063936 -0.914308 0.399941
vn -0.095184 -0.905633 0.413241
vn -0.399734 -0.751790 0.524427
vn -0.422405 -0.731625 0.535070
vn -0.606313 -0.473702 0.638741
vn -0.617152 -0.448386 0.646586
vn -0.652207 -0.162613 0.740394
vn -0.651806 -0.138546 0.745623
vn -0.553056 0.097519 0.827417
vn -0.544891 0.115820 0.830470
vn -0.353484 0.256821 0.899495
vn -0.364730 0.246014 0.898025
vn -0.154152 0.266996 0.951289
vn -0.164215 0.262798 0.950774
vn -0.018123 0.172422 0.984856
vn -0.024200 0.172197 0.984765
vn 0.982970 -0.173324 -0.061066
vn 0.996946 -0.065997 -0.041760
vn 0.987221 -0.138745 -0.078382
vn 0.826487 -0.557473 0.078379
vn 0.846466 -0.528930 0.061064
vn 0.517411 -0.828031 0.215986
vn 0.547933 -0.812345 0.199661
vn 0.130415 -0.927953 0.349134
vn 0.163636 -0.928024 0.334657
vn -0.214391 -0.859871 0.463313
vn -0.242509 -0.845729 0.475323
vn -0.500189 -0.640212 0.583043
vn -0.517914 -0.617225 0.592283
vn -0.643820 -0.314012 0.697777
vn -0.638006 -0.339233 0.691281
vn -0.612772 -0.021399 0.789970
vn -0.616851 -0.043134 0.785897
vn -0.471785 0.171715 0.864831
vn -0.462001 0.186661 0.867014
vn -0.270348 0.261073 0.926689
vn -0.259495 0.268715 0.927607
vn -0.090866 0.224901 0.970136
vn -0.082622 0.227003 0.970383
vn 0.003655 0.104667 0.994501
vn 0.002434 0.034805 0.999391
vn 0.007292 0.104286 0.994521
vn 0.951020 -0.309006 -0.008723
vn 0.939657 -0.342007 0.008722
vn 0.711461 -0.687051 0.147596
vn 0.736775 -0.663395 0.130654
vn 0.391880 -0.880180 0.267794
vn 0.359262 -0.889201 0.283288
vn 0.000000 -0.916541 0.399941
vn -0.031780 -0.910066 0.413243
vn -0.346317 -0.777844 0.524427
vn -0.370339 -0.759308 0.535070
vn -0.584370 -0.490345 0.646586
vn -0.571791 -0.514844 0.638741
vn -0.640554 -0.183676 0.745623
vn -0.639275 -0.207713 0.740394
vn -0.551642 0.077528 0.830470
vn -0.558511 0.058701 0.827417
vn -0.381003 0.219972 0.898025
vn -0.370538 0.231537 0.899495
vn -0.172400 0.255594 0.951289
vn -0.182147 0.250703 0.950774
vn -0.036153 0.170090 0.984765
vn -0.030105 0.170738 0.984856
vn 0.979340 -0.102932 -0.174063
vn 0.998245 -0.032011 -0.049822
vn 0.999233 -0.039170 0.000000
vn 0.881299 -0.468597 0.061066
vn 0.863362 -0.498461 0.078380
vn 0.573913 -0.789920 0.215987
vn 0.603265 -0.772144 0.199662
vn 0.194829 -0.916596 0.349133
vn 0.227972 -0.914348 0.334658
vn -0.153886 -0.872731 0.463314
vn -0.182923 -0.860585 0.475324
vn -0.473596 -0.651849 0.592283
vn -0.454311 -0.673545 0.583043
vn -0.612787 -0.382913 0.691281
vn -0.620347 -0.358157 0.697777
vn -0.612340 -0.086059 0.785897
vn -0.609787 -0.064091 0.789970
vn -0.482614 0.138388 0.864831
vn -0.473897 0.153979 0.867014
vn -0.277607 0.249959 0.927607
vn -0.287901 0.241578 0.926689
vn -0.098257 0.220686 0.970383
vn -0.106332 0.218015 0.970136
vn -0.000000 0.034890 0.999391
vn -0.000000 0.104541 0.994521
vn -0.003655 0.104667 0.994501
vn 0.961225 -0.275626 0.008723
vn 0.970259 -0.241913 -0.008722
vn 0.781255 -0.610385 0.130655
vn 0.757655 -0.635747 0.147595
vn 0.420412 -0.861975 0.283290
vn 0.452325 -0.850699 0.267793
vn 0.031780 -0.910066 0.413243
vn 0.063936 -0.914308 0.399941
vn -0.291217 -0.800106 0.524427
vn -0.316471 -0.783293 0.535069
vn -0.548740 -0.529915 0.646587
vn -0.534484 -0.553476 0.638742
vn -0.623228 -0.251801 0.740394
vn -0.626181 -0.227911 0.745623
vn -0.555707 0.038859 0.830470
vn -0.561246 0.019599 0.827417
vn -0.385786 0.205126 0.899495
vn -0.395420 0.192859 0.898025
vn -0.199191 0.237387 0.950774
vn -0.189810 0.242945 0.951289
vn -0.047931 0.167153 0.984765
vn -0.041943 0.168221 0.984856
vn 0.911840 -0.405978 0.061065
vn 0.896028 -0.437024 0.078381
vn 0.655657 -0.728182 0.199661
vn 0.627615 -0.747964 0.215987
vn 0.291197 -0.896219 0.334658
vn 0.258292 -0.900772 0.349134
vn -0.092631 -0.881339 0.463315
vn -0.122445 -0.871248 0.475325
vn -0.406222 -0.703595 0.583042
vn -0.426973 -0.683298 0.592282
vn -0.584585 -0.424725 0.691280
vn -0.593853 -0.400558 0.697777
vn -0.603831 -0.106472 0.789970
vn -0.604845 -0.128564 0.785897
vn -0.491092 0.104385 0.864831
vn -0.483483 0.120546 0.867014
vn -0.304051 0.220906 0.926689
vn -0.294367 0.229985 0.927607
vn -0.121283 0.210065 0.970136
vn -0.113410 0.213295 0.970383
vn -0.002434 0.034805 0.999391
vn -0.010947 0.104157 0.994501
vn -0.007292 0.104286 0.994521
vn 0.978110 -0.207904 0.008723
vn 0.984770 -0.173642 -0.008722
vn 0.800156 -0.581347 0.147597
vn 0.821931 -0.554399 0.130656
vn 0.479518 -0.830548 0.283289
vn 0.510565 -0.817074 0.267794
vn 0.095184 -0.905633 0.413241
vn 0.127557 -0.907622 0.399939
vn -0.261057 -0.803460 0.535071
vn -0.234693 -0.818470 0.524429
vn -0.494575 -0.589411 0.638741
vn -0.510442 -0.566900 0.646586
vn -0.604145 -0.294662 0.740394
vn -0.608757 -0.271037 0.745623
vn -0.561246 -0.019599 0.827417
vn -0.557064 0.000000 0.830470
vn -0.399156 0.177716 0.899495
vn -0.407910 0.164806 0.898025
vn -0.206294 0.229113 0.951289
vn -0.215265 0.222914 0.950774
vn -0.053574 0.164886 0.984856
vn -0.059474 0.163403 0.984765
vn 0.924332 -0.373453 0.078381
vn 0.937939 -0.341382 0.061066
vn 0.704855 -0.680672 0.199661
vn 0.678262 -0.702361 0.215987
vn 0.320497 -0.880560 0.349135
vn 0.353008 -0.873722 0.334658
vn -0.030927 -0.885655 0.463313
vn -0.061373 -0.877668 0.475324
vn -0.356151 -0.730217 0.583043
vn -0.378266 -0.711418 0.592283
vn -0.564463 -0.441008 0.697777
vn -0.553533 -0.464469 0.691281
vn -0.594404 -0.170443 0.785897
vn -0.594933 -0.148333 0.789970
vn -0.497177 0.069873 0.864831
vn -0.490715 0.086526 0.867014
vn -0.318721 0.199158 0.926689
vn -0.309693 0.208890 0.927607
vn -0.128013 0.204865 0.970383
vn -0.135639 0.201094 0.970136
vn -0.018186 0.103140 0.994501
vn -0.014548 0.103524 0.994521
vn -0.004855 0.034550 0.999391
vn 0.998422 -0.053572 0.016819
vn 0.990230 -0.139168 0.008723
vn 0.994484 -0.104524 -0.008722
vn 0.858602 -0.495713 0.130654
vn 0.838759 -0.524116 0.147597
vn 0.536285 -0.795075 0.283290
vn 0.566318 -0.779468 0.267794
vn 0.190561 -0.896513 0.399939
vn 0.158128 -0.896787 0.413241
vn -0.177027 -0.832849 0.524427
vn -0.204380 -0.819712 0.535071
vn -0.469651 -0.601128 0.646586
vn -0.452254 -0.622475 0.638741
vn -0.588368 -0.312841 0.745623
vn -0.582119 -0.336087 0.740394
vn -0.558511 -0.058701 0.827417
vn -0.555707 -0.038859 0.830470
vn -0.418412 0.135951 0.898025
vn -0.410580 0.149439 0.899495
vn -0.221773 0.214164 0.951289
vn -0.230291 0.207354 0.950774
vn -0.070728 0.158856 0.984765
vn -0.064946 0.160747 0.984857
vn 0.948130 -0.308067 0.078381
vn 0.959468 -0.275122 0.061065
vn 0.725604 -0.653337 0.215987
vn 0.750620 -0.629845 0.199661
vn 0.381142 -0.856059 0.349134
vn 0.413093 -0.846970 0.334658
vn 0.030927 -0.885655 0.463313
vn 0.000000 -0.879811 0.475323
vn -0.327721 -0.736071 0.592283
vn -0.304346 -0.753282 0.583043
vn -0.532325 -0.479308 0.697778
vn -0.519784 -0.501952 0.691281
vn -0.583136 -0.189473 0.789970
vn -0.581066 -0.211490 0.785897
vn -0.495555 0.052085 0.867013
vn -0.500840 0.035022 0.864831
vn -0.331836 0.176441 0.926689
vn -0.323510 0.186779 0.927607
vn -0.149337 0.191142 0.970136
vn -0.141993 0.195435 0.970383
vn -0.007254 0.034127 0.999391
vn -0.021736 0.102256 0.994521
vn -0.025337 0.101620 0.994501
vn 0.986036 -0.068951 -0.151589
vn 0.992554 -0.069407 0.100099
vn 0.998688 -0.011735 0.049844
vn 0.891089 -0.434615 0.130656
vn 0.873278 -0.464328 0.147596
vn 0.619310 -0.738067 0.267792
vn 0.590440 -0.755730 0.283288
vn 0.252632 -0.881036 0.399940
vn 0.220300 -0.883572 0.413241
vn -0.146697 -0.831973 0.535070
vn -0.118498 -0.843168 0.524429
vn -0.407732 -0.652505 0.638742
vn -0.426575 -0.632424 0.646586
vn -0.557257 -0.375874 0.740394
vn -0.565112 -0.353121 0.745623
vn -0.553056 -0.097519 0.827417
vn -0.551642 -0.077528 0.830470
vn -0.426876 0.106432 0.898025
vn -0.420004 0.120434 0.899495
vn -0.236173 0.198172 0.951289
vn -0.244194 0.190785 0.950774
vn -0.076001 0.155825 0.984856
vn -0.081636 0.153536 0.984765
vn 0.967311 -0.241178 0.078380
vn 0.976322 -0.207524 0.061064
vn 0.769411 -0.601129 0.215987
vn 0.792728 -0.575950 0.199661
vn 0.439930 -0.827385 0.349136
vn 0.471170 -0.816089 0.334659
vn 0.061373 -0.877668 0.475324
vn 0.092631 -0.881339 0.463315
vn -0.275576 -0.757138 0.592283
vn -0.251056 -0.772679 0.583042
vn -0.497595 -0.515274 0.697777
vn -0.483506 -0.536985 0.691281
vn -0.568498 -0.229688 0.789970
vn -0.564897 -0.251509 0.785897
vn -0.497981 0.017390 0.867014
vn -0.502063 0.000000 0.864831
vn -0.335751 0.163757 0.927607
vn -0.343336 0.152864 0.926689
vn -0.162306 0.180260 0.970136
vn -0.155279 0.185055 0.970383
vn -0.028815 0.100491 0.994521
vn -0.009617 0.033538 0.999391
vn -0.032363 0.099605 0.994501
vn 0.903539 -0.402283 0.147597
vn 0.919236 -0.371395 0.130655
vn 0.641720 -0.712701 0.283289
vn 0.669286 -0.693067 0.267794
vn 0.313475 -0.861268 0.399939
vn 0.281396 -0.866053 0.413241
vn -0.088307 -0.840180 0.535070
vn -0.059395 -0.849381 0.524428
vn -0.361220 -0.679359 0.638741
vn -0.381421 -0.660639 0.646587
vn -0.539103 -0.391681 0.745623
vn -0.529679 -0.413832 0.740394
vn -0.544906 -0.135860 0.827417
vn -0.544891 -0.115820 0.830470
vn -0.427382 0.090843 0.899495
vn -0.433261 0.076395 0.898025
vn -0.256908 0.173286 0.950773
vn -0.249421 0.181215 0.951289
vn -0.092147 0.147467 0.984765
vn -0.086686 0.150144 0.984856
vn 0.981778 -0.173113 0.078380
vn 0.993034 -0.067957 0.096257
vn 0.988420 -0.138913 0.061065
vn 0.830972 -0.519250 0.199661
vn 0.809469 -0.545994 0.215987
vn 0.526950 -0.781235 0.334657
vn 0.496571 -0.794684 0.349134
vn 0.153886 -0.872731 0.463314
vn 0.122445 -0.871248 0.475325
vn -0.196550 -0.788307 0.583043
vn -0.222088 -0.774519 0.592282
vn -0.444868 -0.569407 0.691281
vn -0.460439 -0.548729 0.697777
vn -0.545978 -0.290302 0.785896
vn -0.551092 -0.268784 0.789970
vn -0.500840 -0.035023 0.864831
vn -0.497981 -0.017390 0.867014
vn -0.353163 0.128540 0.926689
vn -0.346356 0.139937 0.927607
vn -0.167810 0.173772 0.970383
vn -0.174485 0.168499 0.970136
vn -0.039233 0.097105 0.994501
vn -0.011933 0.032786 0.999391
vn -0.035754 0.098237 0.994521
vn 0.929401 -0.338273 0.147596
vn 0.942904 -0.306369 0.130656
vn 0.689872 -0.666200 0.283290
vn 0.716002 -0.644691 0.267795
vn 0.341125 -0.844314 0.413241
vn 0.372791 -0.837302 0.399939
vn -0.029486 -0.844293 0.535070
vn 0.000000 -0.851456 0.524427
vn -0.334408 -0.685637 0.646586
vn -0.312953 -0.702902 0.638741
vn -0.510467 -0.428334 0.745623
vn -0.499522 -0.449772 0.740394
vn -0.535484 -0.153548 0.830470
vn -0.534101 -0.173541 0.827418
vn -0.432678 0.060809 0.899495
vn -0.437534 0.045987 0.898025
vn -0.261455 0.163375 0.951289
vn -0.268370 0.154943 0.950773
vn -0.096949 0.143731 0.984856
vn -0.102210 0.140679 0.984765
vn 0.991884 -0.104251 -0.072793
vn 0.994570 -0.030429 0.099522
vn 0.865170 -0.460017 0.199661
vn 0.845584 -0.488198 0.215987
vn 0.580161 -0.742574 0.334658
vn 0.550798 -0.758107 0.349134
vn 0.182923 -0.860585 0.475324
vn 0.214391 -0.859871 0.463313
vn -0.167522 -0.788122 0.592284
vn -0.141077 -0.800099 0.583042
vn -0.404065 -0.599052 0.691280
vn -0.421040 -0.579511 0.697777
vn -0.530999 -0.306574 0.789970
vn -0.524397 -0.327679 0.785897
vn -0.495555 -0.052085 0.867013
vn -0.497177 -0.069873 0.864831
vn -0.361269 0.103592 0.926689
vn -0.355274 0.115436 0.927607
vn -0.185814 0.155917 0.970136
vn -0.179522 0.161643 0.970383
vn -0.042522 0.095502 0.994521
vn -0.014191 0.031873 0.999391
vn -0.045911 0.094131 0.994501
vn 0.961978 -0.239848 0.130656
vn 0.950733 -0.272619 0.147597
vn 0.734662 -0.616456 0.283291
vn 0.759230 -0.593175 0.267794
vn 0.399192 -0.818460 0.413242
vn 0.430291 -0.809257 0.399941
vn 0.029486 -0.844293 0.535070
vn 0.059395 -0.849381 0.524428
vn -0.263158 -0.723020 0.638741
vn -0.285765 -0.707294 0.646586
vn -0.466932 -0.483521 0.740393
vn -0.479346 -0.462897 0.745623
vn -0.520695 -0.210375 0.827417
vn -0.523469 -0.190526 0.830470
vn -0.439676 0.015354 0.898025
vn -0.435866 0.030479 0.899495
vn -0.278524 0.135845 0.950773
vn -0.272214 0.144739 0.951289
vn -0.111774 0.133207 0.984765
vn -0.106738 0.136619 0.984856
vn 0.895151 -0.398548 0.199662
vn 0.877580 -0.428023 0.215986
vn 0.630549 -0.700294 0.334659
vn 0.602339 -0.717839 0.349135
vn 0.273848 -0.842821 0.463314
vn 0.242509 -0.845729 0.475323
vn -0.084924 -0.807992 0.583041
vn -0.112137 -0.797890 0.592281
vn -0.379589 -0.607470 0.697777
vn -0.361294 -0.625778 0.691280
vn -0.500262 -0.363461 0.785897
vn -0.508321 -0.342866 0.789970
vn -0.490714 -0.086527 0.867014
vn -0.491092 -0.104385 0.864831
vn -0.367615 0.078139 0.926690
vn -0.362461 0.090371 0.927607
vn -0.190361 0.148726 0.970383
vn -0.196238 0.142575 0.970136
vn -0.016380 0.030806 0.999391
vn -0.049079 0.092304 0.994521
vn -0.052365 0.090699 0.994501
vn 0.967435 -0.205634 0.147597
vn 0.976366 -0.172159 0.130656
vn 0.775875 -0.563707 0.283290
vn 0.798758 -0.538769 0.267794
vn 0.455309 -0.788623 0.413241
vn 0.485691 -0.777272 0.399939
vn 0.118498 -0.843168 0.524429
vn 0.088307 -0.840180 0.535070
vn -0.235730 -0.725505 0.646586
vn -0.212079 -0.739616 0.638741
vn -0.445888 -0.495208 0.745623
vn -0.432065 -0.514915 0.740394
vn -0.508903 -0.226579 0.830469
vn -0.504752 -0.246183 0.827417
vn -0.439676 -0.015354 0.898025
vn -0.436930 0.000000 0.899495
vn -0.287322 0.116086 0.950774
vn -0.281647 0.125398 0.951289
vn -0.120794 0.125086 0.984765
vn -0.116008 0.128840 0.984856
vn 0.920772 -0.335133 0.199661
vn 0.905298 -0.365765 0.215987
vn 0.650945 -0.674074 0.349134
vn 0.677863 -0.654603 0.334657
vn 0.331974 -0.821664 0.463316
vn 0.300915 -0.826751 0.475325
vn -0.028356 -0.811946 0.583043
vn -0.056203 -0.803768 0.592282
vn -0.316762 -0.649456 0.691281
vn -0.336290 -0.632469 0.697777
vn -0.473689 -0.397473 0.785897
vn -0.483165 -0.377490 0.789970
vn -0.482614 -0.138388 0.864831
vn -0.483483 -0.120546 0.867014
vn -0.372171 0.052305 0.926689
vn -0.367882 0.064868 0.927607
vn -0.205705 0.128539 0.970136
vn -0.200272 0.135086 0.970383
vn -0.055399 0.088655 0.994521
vn -0.058565 0.086825 0.994501
vn -0.018489 0.029588 0.999391
vn 0.979422 -0.137649 0.147597
vn 0.985997 -0.103632 0.130656
vn 0.986290 -0.047154 0.158139
vn 0.834395 -0.481738 0.267794
vn 0.813307 -0.508210 0.283290
vn 0.538730 -0.741497 0.399940
vn 0.509213 -0.754939 0.413242
vn 0.177027 -0.832849 0.524427
vn 0.146697 -0.831973 0.535070
vn -0.184548 -0.740182 0.646586
vn -0.159973 -0.752608 0.638741
vn -0.410257 -0.525105 0.745623
vn -0.395094 -0.543800 0.740394
vn -0.491858 -0.261525 0.830470
vn -0.486348 -0.280795 0.827417
vn -0.435866 -0.030479 0.899495
vn -0.437534 -0.045986 0.898025
vn -0.289709 0.105445 0.951289
vn -0.294719 0.095760 0.950774
vn -0.129225 0.116355 0.984765
vn -0.124713 0.120434 0.984856
vn 0.928608 -0.301723 0.215986
vn 0.941907 -0.270088 0.199661
vn 0.696381 -0.627024 0.349133
vn 0.721874 -0.605725 0.334658
vn 0.357850 -0.803747 0.475325
vn 0.388484 -0.796505 0.463314
vn 0.000000 -0.805729 0.592284
vn 0.028356 -0.811946 0.583043
vn -0.291352 -0.654386 0.697777
vn -0.270685 -0.669971 0.691281
vn -0.455657 -0.410274 0.789970
vn -0.444810 -0.429546 0.785897
vn -0.471785 -0.171714 0.864831
vn -0.473897 -0.153978 0.867013
vn -0.374913 0.026216 0.926689
vn -0.371511 0.039047 0.927607
vn -0.209207 0.120786 0.970383
vn -0.214171 0.113876 0.970136
vn -0.020507 0.028226 0.999391
vn -0.064479 0.082529 0.994501
vn -0.061447 0.084576 0.994521
vn 0.980030 -0.017107 0.198112
vn 0.970355 -0.067854 0.231962
vn 0.991158 -0.069308 0.113147
vn 0.988682 -0.017258 0.149030
vn 0.846777 -0.450239 0.283290
vn 0.865967 -0.422359 0.267794
vn 0.560635 -0.717579 0.413241
vn 0.589142 -0.702111 0.399940
vn 0.204380 -0.819712 0.535071
vn 0.234693 -0.818470 0.524429
vn -0.132465 -0.751251 0.646587
vn -0.107083 -0.761933 0.638742
vn -0.372626 -0.552445 0.745623
vn -0.356197 -0.570035 0.740395
vn -0.472418 -0.295199 0.830469
vn -0.465578 -0.314036 0.827417
vn -0.433261 -0.076396 0.898025
vn -0.432678 -0.060809 0.899495
vn -0.296358 0.084979 0.951289
vn -0.300682 0.074968 0.950774
vn -0.137027 0.107057 0.984765
vn -0.132811 0.111441 0.984856
vn 0.958453 -0.203725 0.199662
vn 0.947393 -0.236211 0.215987
vn 0.738423 -0.576920 0.349134
vn 0.762369 -0.553894 0.334658
vn 0.413047 -0.776827 0.475323
vn 0.443095 -0.767468 0.463314
vn 0.084924 -0.807992 0.583041
vn 0.056203 -0.803768 0.592282
vn -0.223290 -0.687220 0.691281
vn -0.244992 -0.673116 0.697777
vn -0.413762 -0.459529 0.785897
vn -0.425926 -0.441060 0.789970
vn -0.462001 -0.186660 0.867014
vn -0.458657 -0.204208 0.864831
vn -0.375828 0.000000 0.926689
vn -0.373330 0.013037 0.927607
vn -0.217123 0.105898 0.970383
vn -0.221592 0.098660 0.970136
vn -0.022427 0.026727 0.999391
vn -0.067198 0.080083 0.994521
vn -0.070078 0.077830 0.994501
vn 0.876122 -0.390074 0.283290
vn 0.893319 -0.360925 0.267794
vn 0.609325 -0.676723 0.413242
vn 0.636682 -0.659305 0.399941
vn 0.291217 -0.800106 0.524427
vn 0.261057 -0.803460 0.535071
vn -0.079741 -0.758661 0.646587
vn -0.053670 -0.767548 0.638741
vn -0.333185 -0.577091 0.745623
vn -0.315566 -0.593494 0.740394
vn -0.450674 -0.327435 0.830470
vn -0.442537 -0.345748 0.827417
vn -0.427382 -0.090843 0.899495
vn -0.426876 -0.106432 0.898025
vn -0.305179 0.053811 0.950774
vn -0.301564 0.064100 0.951289
vn -0.140260 0.101905 0.984856
vn -0.144161 0.097238 0.984765
vn 0.970329 -0.136371 0.199662
vn 0.961563 -0.169549 0.215987
vn 0.776869 -0.524004 0.349135
vn 0.799149 -0.499363 0.334659
vn 0.466229 -0.746121 0.475325
vn 0.495553 -0.734688 0.463316
vn 0.112137 -0.797890 0.592281
vn 0.141077 -0.800099 0.583042
vn -0.174810 -0.701123 0.691280
vn -0.197445 -0.688566 0.697777
vn -0.380698 -0.487272 0.785898
vn -0.394121 -0.469697 0.789970
vn -0.443295 -0.235704 0.864831
vn -0.447855 -0.218435 0.867014
vn -0.374913 -0.026216 0.926689
vn -0.373330 -0.013037 0.927607
vn -0.227935 0.082961 0.970136
vn -0.223981 0.090495 0.970383
vn -0.024236 0.025098 0.999391
vn -0.072620 0.075201 0.994521
vn -0.075337 0.072752 0.994501
vn 0.901197 -0.328009 0.283290
vn 0.916320 -0.297731 0.267795
vn 0.655045 -0.632571 0.413243
vn 0.681123 -0.613285 0.399940
vn 0.346317 -0.777844 0.524427
vn 0.316471 -0.783293 0.535069
vn 0.000000 -0.769421 0.638742
vn -0.026620 -0.762377 0.646586
vn -0.273398 -0.614060 0.740394
vn -0.292116 -0.598928 0.745623
vn -0.417341 -0.375775 0.827417
vn -0.426736 -0.358073 0.830470
vn -0.418412 -0.135950 0.898025
vn -0.420004 -0.120434 0.899495
vn -0.305301 0.042907 0.951289
vn -0.308189 0.032392 0.950774
vn -0.147027 0.091873 0.984857
vn -0.150593 0.086945 0.984765
vn 0.968664 -0.029426 0.246626
vn 0.971047 -0.102061 0.215987
vn 0.980796 -0.047124 0.189258
vn 0.914589 -0.096127 0.392794
vn 0.832037 -0.442401 0.334657
vn 0.811528 -0.468538 0.349134
vn 0.517138 -0.711783 0.475325
vn 0.545597 -0.698330 0.463314
vn 0.167522 -0.788122 0.592284
vn 0.196550 -0.788307 0.583043
vn -0.148929 -0.700662 0.697777
vn -0.125475 -0.711609 0.691281
vn -0.360399 -0.496044 0.789970
vn -0.345780 -0.512643 0.785897
vn -0.431527 -0.249142 0.867014
vn -0.425774 -0.266052 0.864831
vn -0.372171 -0.052305 0.926689
vn -0.371511 -0.039047 0.927607
vn -0.229749 0.074649 0.970383
vn -0.233167 0.066859 0.970136
vn -0.025928 0.023346 0.999391
vn -0.077689 0.069951 0.994521
vn -0.080229 0.067319 0.994501
vn 0.921883 -0.264346 0.283290
vn 0.934857 -0.233085 0.267794
vn 0.697577 -0.585336 0.413242
vn 0.722244 -0.564279 0.399941
vn 0.370339 -0.759308 0.535070
vn 0.399734 -0.751790 0.524427
vn 0.026620 -0.762377 0.646586
vn 0.053670 -0.767548 0.638741
vn -0.229895 -0.631637 0.740394
vn -0.249626 -0.617845 0.745624
vn -0.400718 -0.386969 0.830470
vn -0.390111 -0.403972 0.827417
vn -0.410580 -0.149439 0.899495
vn -0.407910 -0.164806 0.898025
vn -0.307551 0.021506 0.951289
vn -0.309698 0.010815 0.950774
vn -0.156291 0.076228 0.984765
vn -0.153077 0.081394 0.984856
vn 0.860870 -0.383284 0.334658
vn 0.842236 -0.410785 0.349134
vn 0.592981 -0.658570 0.463313
vn 0.565532 -0.673974 0.475324
vn 0.251056 -0.772679 0.583042
vn 0.222088 -0.774519 0.592282
vn -0.099691 -0.709344 0.697777
vn -0.075533 -0.718627 0.691281
vn -0.324918 -0.519978 0.789969
vn -0.309180 -0.535513 0.785896
vn -0.406177 -0.295106 0.864831
vn -0.413097 -0.278636 0.867014
vn -0.367882 -0.064868 0.927607
vn -0.367615 -0.078139 0.926690
vn -0.237263 0.050432 0.970136
vn -0.234396 0.058442 0.970383
vn -0.082379 0.064362 0.994521
vn -0.084729 0.061559 0.994501
vn -0.027493 0.021480 0.999391
vn 0.948839 -0.167306 0.267793
vn 0.938077 -0.199395 0.283289
vn 0.759848 -0.512523 0.399940
vn 0.736708 -0.535250 0.413242
vn 0.451203 -0.722074 0.524427
vn 0.422405 -0.731625 0.535070
vn 0.107083 -0.761933 0.638742
vn 0.079741 -0.758661 0.646587
vn -0.185277 -0.646133 0.740394
vn -0.205918 -0.633754 0.745623
vn -0.372749 -0.413979 0.830470
vn -0.360981 -0.430202 0.827417
vn -0.399156 -0.177715 0.899495
vn -0.395419 -0.192860 0.898025
vn -0.308301 0.000000 0.951289
vn -0.309698 -0.010815 0.950774
vn -0.161227 0.065140 0.984765
vn -0.158383 0.070516 0.984856
vn 0.868839 -0.351034 0.349134
vn 0.885510 -0.322299 0.334658
vn 0.637474 -0.615603 0.463314
vn 0.611169 -0.632883 0.475323
vn 0.275576 -0.757138 0.592283
vn 0.304346 -0.753282 0.583043
vn -0.049967 -0.714569 0.697778
vn -0.025215 -0.722145 0.691282
vn -0.287854 -0.541376 0.789970
vn -0.271070 -0.555777 0.785897
vn -0.384603 -0.322719 0.864831
vn -0.392653 -0.306776 0.867013
vn -0.362461 -0.090371 0.927607
vn -0.361269 -0.103592 0.926689
vn -0.240203 0.033758 0.970136
vn -0.237902 0.041948 0.970383
vn -0.086668 0.058458 0.994521
vn -0.088817 0.055499 0.994501
vn -0.028925 0.019510 0.999391
vn 0.949701 -0.133472 0.283289
vn 0.965628 -0.066487 0.251282
vn 0.772251 -0.482556 0.413241
vn 0.793748 -0.458272 0.399939
vn 0.500471 -0.688843 0.524427
vn 0.472410 -0.700378 0.535069
vn 0.159973 -0.752608 0.638741
vn 0.132465 -0.751251 0.646587
vn -0.139752 -0.657485 0.740393
vn -0.161212 -0.646573 0.745623
vn -0.342964 -0.438972 0.830469
vn -0.330095 -0.454334 0.827417
vn -0.381004 -0.219972 0.898025
vn -0.385787 -0.205126 0.899495
vn -0.307551 -0.021506 0.951289
vn -0.308189 -0.032392 0.950774
vn -0.162916 0.059297 0.984856
vn -0.165379 0.053735 0.984765
vn 0.891209 -0.289572 0.349134
vn 0.905835 -0.259744 0.334657
vn 0.678865 -0.569634 0.463314
vn 0.653827 -0.588708 0.475324
vn 0.356151 -0.730217 0.583043
vn 0.327721 -0.736071 0.592283
vn 0.000000 -0.716315 0.697777
vn 0.025215 -0.722145 0.691282
vn -0.231641 -0.573332 0.785896
vn -0.249390 -0.560137 0.789969
vn -0.370297 -0.333417 0.867014
vn -0.361154 -0.348762 0.864831
vn -0.353163 -0.128541 0.926689
vn -0.355274 -0.115436 0.927607
vn -0.240248 0.025251 0.970383
vn -0.241972 0.016920 0.970136
vn -0.090535 0.052271 0.994521
vn -0.030215 0.017445 0.999391
vn -0.092472 0.049169 0.994501
vn 0.955517 -0.010740 0.294742
vn 0.966213 -0.067564 0.248733
vn 0.887665 -0.062072 0.456287
vn 0.804031 -0.427510 0.413242
vn 0.823782 -0.401784 0.399940
vn 0.547305 -0.652252 0.524428
vn 0.520116 -0.665717 0.535070
vn 0.184548 -0.740182 0.646586
vn 0.212079 -0.739616 0.638741
vn -0.093548 -0.665632 0.740393
vn -0.115712 -0.656245 0.745623
vn -0.311506 -0.461827 0.830469
vn -0.297596 -0.476253 0.827417
vn -0.364731 -0.246013 0.898025
vn -0.370537 -0.231539 0.899495
vn -0.305301 -0.042907 0.951289
vn -0.305179 -0.053811 0.950774
vn -0.168724 0.042068 0.984765
vn -0.166655 0.047787 0.984857
vn 0.909238 -0.226698 0.349134
vn 0.921747 -0.195924 0.334658
vn 0.716946 -0.520893 0.463313
vn 0.693300 -0.541666 0.475323
vn 0.406222 -0.703595 0.583042
vn 0.378266 -0.711418 0.592283
vn 0.049967 -0.714569 0.697778
vn 0.075533 -0.718627 0.691281
vn -0.209707 -0.576169 0.789970
vn -0.191082 -0.588093 0.785897
vn -0.335946 -0.373105 0.864831
vn -0.346137 -0.358436 0.867014
vn -0.346357 -0.139936 0.927607
vn -0.343336 -0.152863 0.926689
vn -0.242563 0.000000 0.970136
vn -0.241425 0.008431 0.970383
vn -0.093961 0.045828 0.994521
vn -0.031359 0.015295 0.999391
vn -0.095677 0.042597 0.994501
vn 0.849802 -0.343343 0.399940
vn 0.831894 -0.370384 0.413241
vn 0.565287 -0.627814 0.535070
vn 0.591470 -0.612485 0.524428
vn 0.235730 -0.725505 0.646586
vn 0.263158 -0.723020 0.638741
vn -0.069653 -0.662718 0.745623
vn -0.046888 -0.670536 0.740394
vn -0.278532 -0.482432 0.830470
vn -0.263649 -0.495853 0.827417
vn -0.353484 -0.256821 0.899496
vn -0.346680 -0.270858 0.898025
vn -0.300682 -0.074968 0.950774
vn -0.301564 -0.064099 0.951289
vn -0.169583 0.036046 0.984857
vn -0.171248 0.030195 0.984765
vn 0.933169 -0.131149 0.334658
vn 0.922836 -0.162721 0.349135
vn 0.729396 -0.491984 0.475324
vn 0.751535 -0.469612 0.463314
vn 0.454311 -0.673545 0.583043
vn 0.426973 -0.683298 0.592282
vn 0.125475 -0.711609 0.691281
vn 0.099691 -0.709344 0.697777
vn -0.149597 -0.599990 0.785896
vn -0.169008 -0.589394 0.789969
vn -0.320291 -0.381707 0.867014
vn -0.309102 -0.395630 0.864831
vn -0.331837 -0.176440 0.926689
vn -0.335751 -0.163758 0.927607
vn -0.241972 -0.016920 0.970136
vn -0.241425 -0.008431 0.970383
vn -0.098415 0.035820 0.994501
vn -0.096929 0.039161 0.994521
vn -0.032349 0.013070 0.999391
vn 0.855704 -0.311450 0.413242
vn 0.871682 -0.283227 0.399940
vn 0.632755 -0.569735 0.524427
vn 0.607703 -0.586854 0.535070
vn 0.285765 -0.707294 0.646586
vn 0.312953 -0.702902 0.638741
vn 0.000000 -0.672175 0.740393
vn -0.023258 -0.665963 0.745622
vn -0.244200 -0.500686 0.830470
vn -0.228419 -0.513035 0.827417
vn -0.334710 -0.280852 0.899495
vn -0.326943 -0.294381 0.898025
vn -0.296358 -0.084979 0.951289
vn -0.294720 -0.095761 0.950774
vn -0.171684 0.024129 0.984856
vn -0.172937 0.018177 0.984765
vn 0.939029 -0.037418 0.341795
vn 0.921080 -0.029110 0.388283
vn 0.931939 -0.097951 0.349135
vn 0.872105 -0.091662 0.480657
vn 0.943333 -0.051000 0.327905
vn 0.761939 -0.439905 0.475325
vn 0.782463 -0.416042 0.463314
vn 0.473596 -0.651849 0.592283
vn 0.500189 -0.640212 0.583043
vn 0.148929 -0.700662 0.697777
vn 0.174810 -0.701123 0.691280
vn -0.107376 -0.608963 0.785897
vn -0.127479 -0.599747 0.789970
vn -0.292883 -0.403120 0.867014
vn -0.280749 -0.416229 0.864832
vn -0.323511 -0.186778 0.927607
vn -0.318720 -0.199160 0.926689
vn -0.240203 -0.033758 0.970136
vn -0.240248 -0.025251 0.970383
vn -0.033182 0.010782 0.999391
vn -0.099424 0.032305 0.994521
vn -0.100674 0.028867 0.994501
vn 0.875345 -0.251001 0.413242
vn 0.889316 -0.221731 0.399940
vn 0.647161 -0.543031 0.535070
vn 0.670955 -0.524208 0.524428
vn 0.334408 -0.685637 0.646586
vn 0.361220 -0.679359 0.638741
vn 0.046888 -0.670536 0.740394
vn 0.023258 -0.665963 0.745622
vn -0.208680 -0.516500 0.830470
vn -0.192073 -0.527721 0.827417
vn -0.305611 -0.316470 0.898025
vn -0.314300 -0.303519 0.899495
vn -0.287322 -0.116085 0.950774
vn -0.289708 -0.105446 0.951289
vn -0.173784 0.006069 0.984765
vn -0.172949 0.012094 0.984856
vn 0.809579 -0.360448 0.463314
vn 0.790769 -0.385684 0.475324
vn 0.543630 -0.603762 0.583043
vn 0.517914 -0.617225 0.592283
vn 0.223290 -0.687220 0.691281
vn 0.197445 -0.688566 0.697777
vn -0.064635 -0.614971 0.785896
vn -0.085334 -0.607179 0.789970
vn -0.264050 -0.422569 0.867014
vn -0.251031 -0.434799 0.864831
vn -0.309692 -0.208892 0.927607
vn -0.304051 -0.220906 0.926689
vn -0.237263 -0.050432 0.970136
vn -0.237902 -0.041948 0.970383
vn -0.101436 0.025291 0.994521
vn -0.033853 0.008441 0.999391
vn -0.102442 0.021775 0.994501
vn 0.890722 -0.189329 0.413241
vn 0.902617 -0.159156 0.399939
vn 0.683464 -0.496565 0.535071
vn 0.705888 -0.476127 0.524429
vn 0.407732 -0.652505 0.638742
vn 0.381421 -0.660639 0.646587
vn 0.093548 -0.665632 0.740393
vn 0.069653 -0.662718 0.745623
vn -0.154796 -0.539832 0.827417
vn -0.172141 -0.529800 0.830469
vn -0.282791 -0.337017 0.898025
vn -0.292363 -0.324702 0.899495
vn -0.281647 -0.125397 0.951289
vn -0.278524 -0.135846 0.950774
vn -0.173784 -0.006069 0.984765
vn -0.173371 0.000000 0.984856
vn 0.815746 -0.329582 0.475324
vn 0.832750 -0.303096 0.463314
vn 0.559707 -0.579595 0.592282
vn 0.584421 -0.564370 0.583042
vn 0.270685 -0.669971 0.691281
vn 0.244992 -0.673116 0.697777
vn -0.042769 -0.611653 0.789969
vn -0.021582 -0.617980 0.785897
vn -0.233930 -0.439959 0.867014
vn -0.220089 -0.451251 0.864831
vn -0.287902 -0.241576 0.926690
vn -0.294367 -0.229985 0.927607
vn -0.234396 -0.058441 0.970383
vn -0.233167 -0.066859 0.970136
vn -0.103712 0.014576 0.994501
vn -0.034360 0.006058 0.999391
vn -0.102953 0.018153 0.994521
vn 0.920895 -0.061914 0.384861
vn 0.901760 -0.126734 0.413241
vn 0.716437 -0.447680 0.535071
vn 0.737382 -0.425727 0.524428
vn 0.426575 -0.632424 0.646586
vn 0.452254 -0.622475 0.638741
vn 0.139752 -0.657485 0.740393
vn 0.115712 -0.656245 0.745623
vn -0.116760 -0.549315 0.827418
vn -0.134765 -0.540516 0.830470
vn -0.258592 -0.355922 0.898025
vn -0.269000 -0.344306 0.899496
vn -0.268370 -0.154942 0.950774
vn -0.272214 -0.144739 0.951289
vn -0.172949 -0.012094 0.984856
vn -0.172937 -0.018177 0.984765
vn 0.851864 -0.244268 0.463314
vn 0.836750 -0.271877 0.475324
vn 0.622367 -0.522227 0.583042
vn 0.598774 -0.539139 0.592283
vn 0.316762 -0.649456 0.691281
vn 0.291352 -0.654386 0.697777
vn 0.021582 -0.617980 0.785897
vn 0.000000 -0.613145 0.789970
vn -0.202672 -0.455205 0.867014
vn -0.188077 -0.465505 0.864831
vn -0.270347 -0.261074 0.926689
vn -0.277608 -0.249957 0.927607
vn -0.227935 -0.082962 0.970136
vn -0.229748 -0.074649 0.970383
vn -0.104476 0.007306 0.994501
vn -0.034698 0.003647 0.999391
vn -0.103968 0.010928 0.994521
vn 0.900945 -0.006196 0.433889
vn 0.858786 -0.060052 0.508802
vn 0.923782 -0.064597 0.377432
vn 0.745921 -0.396614 0.535070
vn 0.765283 -0.373254 0.524427
vn 0.469651 -0.601128 0.646586
vn 0.494575 -0.589411 0.638741
vn 0.185277 -0.646133 0.740394
vn 0.161212 -0.646573 0.745623
vn -0.078159 -0.556122 0.827417
vn -0.096735 -0.548600 0.830470
vn -0.233135 -0.373095 0.898025
vn -0.244330 -0.362230 0.899495
vn -0.256907 -0.173288 0.950774
vn -0.261455 -0.163374 0.951289
vn -0.171684 -0.024129 0.984856
vn -0.171248 -0.030196 0.984765
vn 0.853677 -0.212846 0.475324
vn 0.866829 -0.184251 0.463314
vn 0.634925 -0.496056 0.592282
vn 0.657279 -0.477541 0.583043
vn 0.336290 -0.632469 0.697777
vn 0.361294 -0.625778 0.691280
vn 0.042769 -0.611653 0.789969
vn 0.064635 -0.614971 0.785896
vn -0.170424 -0.468234 0.867013
vn -0.155145 -0.477491 0.864831
vn -0.259494 -0.268716 0.927607
vn -0.251478 -0.279295 0.926689
vn -0.223982 -0.090494 0.970383
vn -0.221593 -0.098659 0.970136
vn -0.104477 0.003648 0.994521
vn -0.104731 0.000000 0.994501
vn -0.034868 0.001218 0.999391
vn 0.771771 -0.343613 0.535070
vn 0.789455 -0.318960 0.524428
vn 0.534484 -0.553476 0.638742
vn 0.510442 -0.566900 0.646586
vn 0.205918 -0.633754 0.745623
vn 0.229895 -0.631637 0.740394
vn -0.058228 -0.554012 0.830470
vn -0.039172 -0.560219 0.827418
vn -0.218463 -0.378394 0.899495
vn -0.206541 -0.388448 0.898025
vn -0.244194 -0.190785 0.950774
vn -0.249420 -0.181216 0.951289
vn -0.168724 -0.042068 0.984765
vn -0.169583 -0.036046 0.984856
vn 0.877570 -0.123334 0.463314
vn 0.866444 -0.152777 0.475324
vn 0.688989 -0.430529 0.583043
vn 0.667981 -0.450559 0.592282
vn 0.404065 -0.599052 0.691280
vn 0.379589 -0.607470 0.697777
vn 0.107376 -0.608963 0.785897
vn 0.085334 -0.607179 0.789970
vn -0.121459 -0.487151 0.864830
vn -0.137346 -0.478983 0.867013
vn -0.231383 -0.296157 0.926689
vn -0.240118 -0.286161 0.927607
vn -0.214170 -0.113877 0.970136
vn -0.217123 -0.105899 0.970383
vn -0.104477 -0.003648 0.994521
vn -0.034868 -0.001218 0.999391
vn -0.104476 -0.007306 0.994501
vn 0.809782 -0.263114 0.524428
vn 0.793860 -0.288941 0.535070
vn 0.548740 -0.529915 0.646587
vn 0.571791 -0.514844 0.638741
vn 0.249626 -0.617845 0.745624
vn 0.273398 -0.614060 0.740394
vn -0.019440 -0.556724 0.830470
vn 0.000000 -0.561587 0.827418
vn -0.178943 -0.401909 0.898025
vn -0.191540 -0.392709 0.899495
vn -0.230291 -0.207353 0.950774
vn -0.236172 -0.198172 0.951289
vn -0.165379 -0.053735 0.984765
vn -0.166655 -0.047787 0.984857
vn 0.877824 -0.030654 0.478001
vn 0.852928 -0.029785 0.521178
vn 0.887514 -0.049212 0.458145
vn 0.874991 -0.091965 0.475324
vn 0.697783 -0.402865 0.592283
vn 0.717343 -0.381419 0.583043
vn 0.421040 -0.579512 0.697776
vn 0.444868 -0.569407 0.691281
vn 0.149597 -0.599990 0.785896
vn 0.127479 -0.599747 0.789970
vn -0.103597 -0.487397 0.867013
vn -0.087184 -0.494435 0.864831
vn -0.219573 -0.302214 0.927607
vn -0.210162 -0.311575 0.926689
vn -0.209207 -0.120786 0.970383
vn -0.205706 -0.128538 0.970136
vn -0.034699 -0.003647 0.999391
vn -0.103968 -0.010927 0.994521
vn -0.103711 -0.014576 0.994501
vn 0.812081 -0.232860 0.535070
vn 0.826163 -0.205986 0.524428
vn 0.584370 -0.490345 0.646586
vn 0.606313 -0.473702 0.638741
vn 0.315566 -0.593494 0.740394
vn 0.292116 -0.598928 0.745623
vn 0.039172 -0.560219 0.827418
vn 0.019440 -0.556724 0.830470
vn -0.163675 -0.405115 0.899495
vn -0.150470 -0.413412 0.898025
vn -0.221775 -0.214162 0.951289
vn -0.215264 -0.222915 0.950773
vn -0.162916 -0.059296 0.984857
vn -0.161228 -0.065140 0.984765
vn 0.742202 -0.330449 0.583043
vn 0.724185 -0.353208 0.592283
vn 0.483506 -0.536985 0.691281
vn 0.460439 -0.548729 0.697777
vn 0.191082 -0.588093 0.785897
vn 0.169008 -0.589394 0.789969
vn -0.052479 -0.499312 0.864831
vn -0.069347 -0.493435 0.867014
vn -0.187912 -0.325478 0.926689
vn -0.197954 -0.316795 0.927607
vn -0.196237 -0.142576 0.970136
vn -0.200272 -0.135085 0.970383
vn -0.034360 -0.006058 0.999391
vn -0.102442 -0.021775 0.994501
vn -0.102953 -0.018153 0.994521
vn 0.826346 -0.175646 0.535070
vn 0.838519 -0.147854 0.524428
vn 0.617152 -0.448386 0.646586
vn 0.637879 -0.430255 0.638741
vn 0.356197 -0.570035 0.740395
vn 0.333185 -0.577091 0.745623
vn 0.058228 -0.554012 0.830470
vn 0.078159 -0.556122 0.827417
vn -0.135017 -0.415545 0.899496
vn -0.121265 -0.422901 0.898026
vn -0.206293 -0.229114 0.951289
vn -0.199192 -0.237387 0.950774
vn -0.158382 -0.070517 0.984856
vn -0.156290 -0.076229 0.984765
vn 0.747060 -0.301832 0.592283
vn 0.763445 -0.277872 0.583043
vn 0.497595 -0.515274 0.697777
vn 0.519784 -0.501952 0.691281
vn 0.231641 -0.573332 0.785896
vn 0.209707 -0.576169 0.789970
vn -0.034761 -0.497071 0.867014
vn -0.017521 -0.501758 0.864831
vn -0.164754 -0.337791 0.926689
vn -0.175375 -0.329832 0.927607
vn -0.190362 -0.148726 0.970383
vn -0.185814 -0.155917 0.970136
vn -0.100674 -0.028867 0.994501
vn -0.033853 -0.008441 0.999391
vn -0.101436 -0.025291 0.994521
vn 0.836586 -0.117575 0.535070
vn 0.840931 -0.047142 0.539086
vn 0.846791 -0.089001 0.524428
vn 0.646925 -0.404245 0.646586
vn 0.666339 -0.384711 0.638741
vn 0.372626 -0.552445 0.745623
vn 0.395094 -0.543800 0.740394
vn 0.096735 -0.548600 0.830470
vn 0.116760 -0.549315 0.827418
vn -0.091467 -0.430330 0.898025
vn -0.105703 -0.423950 0.899496
vn -0.189810 -0.242945 0.951289
vn -0.182148 -0.250703 0.950774
vn -0.153078 -0.081393 0.984856
vn -0.150593 -0.086945 0.984765
vn 0.766295 -0.248985 0.592283
vn 0.780969 -0.223939 0.583042
vn 0.532325 -0.479308 0.697778
vn 0.553533 -0.464469 0.691281
vn 0.271070 -0.555777 0.785897
vn 0.249390 -0.560137 0.789969
vn 0.000000 -0.498285 0.867013
vn 0.017521 -0.501758 0.864831
vn -0.140786 -0.348462 0.926689
vn -0.151939 -0.341262 0.927607
vn -0.174487 -0.168497 0.970136
vn -0.179522 -0.161645 0.970383
vn -0.033182 -0.010782 0.999391
vn -0.098415 -0.035820 0.994501
vn -0.099424 -0.032305 0.994521
vn 0.826192 -0.004046 0.563374
vn 0.795484 -0.055625 0.603416
vn 0.867598 -0.060668 0.493552
vn 0.691552 -0.337292 0.638741
vn 0.673549 -0.358131 0.646586
vn 0.432065 -0.514915 0.740394
vn 0.410257 -0.525105 0.745623
vn 0.154796 -0.539832 0.827417
vn 0.134765 -0.540516 0.830470
vn -0.061228 -0.435664 0.898024
vn -0.075875 -0.430292 0.899495
vn -0.164214 -0.262799 0.950774
vn -0.172399 -0.255593 0.951289
vn -0.144161 -0.097238 0.984765
vn -0.147027 -0.091873 0.984856
vn 0.794688 -0.168917 0.583042
vn 0.781797 -0.194924 0.592282
vn 0.564463 -0.441008 0.697777
vn 0.584585 -0.424725 0.691280
vn 0.309180 -0.535513 0.785896
vn 0.287854 -0.541376 0.789970
vn 0.052479 -0.499312 0.864831
vn 0.034761 -0.497071 0.867014
vn -0.116136 -0.357434 0.926689
vn -0.127763 -0.351029 0.927607
vn -0.162306 -0.180261 0.970136
vn -0.167811 -0.173771 0.970383
vn -0.095676 -0.042598 0.994501
vn -0.096929 -0.039161 0.994521
vn -0.032349 -0.013070 0.999391
vn 0.696890 -0.310277 0.646586
vn 0.713396 -0.288231 0.638741
vn 0.445888 -0.495208 0.745623
vn 0.466932 -0.483521 0.740393
vn 0.172141 -0.529800 0.830469
vn 0.192073 -0.527721 0.827417
vn -0.030691 -0.438872 0.898025
vn -0.045669 -0.434538 0.899495
vn -0.154152 -0.266996 0.951289
vn -0.145483 -0.273613 0.950773
vn -0.140261 -0.101904 0.984856
vn -0.137028 -0.107056 0.984765
vn 0.797268 -0.054722 0.601140
vn 0.793489 -0.139913 0.592283
vn 0.804535 -0.113070 0.583043
vn 0.593853 -0.400558 0.697777
vn 0.612787 -0.382913 0.691281
vn 0.345780 -0.512643 0.785897
vn 0.324918 -0.519978 0.789969
vn 0.069347 -0.493435 0.867014
vn 0.087184 -0.494435 0.864831
vn -0.102969 -0.359086 0.927607
vn -0.090921 -0.364665 0.926689
vn -0.155279 -0.185055 0.970383
vn -0.149337 -0.191142 0.970136
vn -0.092472 -0.049168 0.994501
vn -0.093961 -0.045828 0.994521
vn -0.031359 -0.015295 0.999391
vn 0.716837 -0.260906 0.646586
vn 0.731763 -0.237765 0.638741
vn 0.479346 -0.462897 0.745623
vn 0.499522 -0.449772 0.740394
vn 0.228419 -0.513035 0.827417
vn 0.208680 -0.516500 0.830470
vn -0.015250 -0.436664 0.899496
vn 0.000000 -0.439944 0.898025
vn -0.126042 -0.283095 0.950774
vn -0.135149 -0.277100 0.951289
vn -0.129224 -0.116356 0.984765
vn -0.132809 -0.111443 0.984857
vn 0.796921 -0.024199 0.603598
vn 0.765621 -0.032162 0.642488
vn 0.843252 -0.088630 0.530161
vn 0.638006 -0.339233 0.691281
vn 0.620347 -0.358157 0.697777
vn 0.380698 -0.487272 0.785898
vn 0.360399 -0.496044 0.789970
vn 0.121459 -0.487151 0.864830
vn 0.103597 -0.487397 0.867013
vn -0.065264 -0.370119 0.926689
vn -0.077667 -0.365395 0.927607
vn -0.135639 -0.201094 0.970136
vn -0.141992 -0.195436 0.970383
vn -0.030215 -0.017445 0.999391
vn -0.090535 -0.052270 0.994520
vn -0.088817 -0.055499 0.994501
vn 0.733289 -0.210268 0.646587
vn 0.746566 -0.186140 0.638741
vn 0.510467 -0.428334 0.745623
vn 0.529679 -0.413832 0.740394
vn 0.244200 -0.500686 0.830470
vn 0.263649 -0.495853 0.827417
vn 0.030691 -0.438872 0.898025
vn 0.015250 -0.436664 0.899496
vn -0.105987 -0.291198 0.950774
vn -0.115492 -0.285852 0.951289
vn -0.124713 -0.120434 0.984856
vn -0.120795 -0.125085 0.984765
vn 0.643820 -0.314012 0.697777
vn 0.660115 -0.293903 0.691281
vn 0.394121 -0.469697 0.789970
vn 0.413762 -0.459529 0.785897
vn 0.137346 -0.478983 0.867013
vn 0.155145 -0.477491 0.864831
vn -0.051988 -0.369922 0.927607
vn -0.039282 -0.373770 0.926689
vn -0.128013 -0.204865 0.970383
vn -0.121283 -0.210065 0.970136
vn -0.086668 -0.058460 0.994521
vn -0.084729 -0.061559 0.994501
vn -0.028925 -0.019510 0.999391
vn 0.746171 -0.158604 0.646586
vn 0.757732 -0.133608 0.638741
vn 0.539103 -0.391681 0.745623
vn 0.557257 -0.375874 0.740394
vn 0.297596 -0.476253 0.827417
vn 0.278532 -0.482432 0.830470
vn 0.045669 -0.434538 0.899495
vn 0.061228 -0.435664 0.898024
vn -0.085418 -0.297881 0.950774
vn -0.095270 -0.293212 0.951289
vn -0.111774 -0.133207 0.984765
vn -0.116008 -0.128840 0.984857
vn 0.664155 -0.268337 0.697777
vn 0.679009 -0.247138 0.691281
vn 0.444810 -0.429546 0.785897
vn 0.425926 -0.441060 0.789970
vn 0.188077 -0.465505 0.864831
vn 0.170424 -0.468234 0.867013
vn -0.026059 -0.372648 0.927607
vn -0.013117 -0.375600 0.926689
vn -0.113412 -0.213295 0.970383
vn -0.106332 -0.218015 0.970136
vn -0.080228 -0.067321 0.994501
vn -0.082380 -0.064361 0.994521
vn -0.027494 -0.021480 0.999391
vn 0.759128 -0.042372 0.649560
vn 0.765207 -0.080427 0.638741
vn 0.755417 -0.106167 0.646586
vn 0.582119 -0.336087 0.740394
vn 0.565112 -0.353121 0.745623
vn 0.311506 -0.461827 0.830469
vn 0.330095 -0.454334 0.827417
vn 0.091467 -0.430330 0.898025
vn 0.075875 -0.430292 0.899495
vn -0.074585 -0.299143 0.951289
vn -0.064429 -0.303114 0.950774
vn -0.106739 -0.136617 0.984857
vn -0.102209 -0.140680 0.984765
vn 0.694595 -0.199172 0.691281
vn 0.681256 -0.221354 0.697777
vn 0.473689 -0.397473 0.785897
vn 0.455657 -0.410274 0.789970
vn 0.202672 -0.455205 0.867014
vn 0.220089 -0.451251 0.864831
vn 0.013117 -0.375600 0.926689
vn 0.000000 -0.373558 0.927607
vn -0.090866 -0.224901 0.970136
vn -0.098256 -0.220687 0.970383
vn -0.025928 -0.023346 0.999391
vn -0.075337 -0.072752 0.994501
vn -0.077688 -0.069953 0.994521
vn 0.733056 -0.005094 0.680149
vn 0.814645 -0.056965 0.577156
vn 0.711922 -0.049782 0.700492
vn 0.604145 -0.294662 0.740394
vn 0.588368 -0.312841 0.745623
vn 0.342964 -0.438972 0.830469
vn 0.360981 -0.430202 0.827417
vn 0.121265 -0.422901 0.898026
vn 0.105703 -0.423950 0.899496
vn -0.053538 -0.303617 0.951289
vn -0.043127 -0.306871 0.950774
vn -0.096949 -0.143731 0.984856
vn -0.092147 -0.147467 0.984765
vn 0.695038 -0.173292 0.697777
vn 0.706796 -0.150234 0.691281
vn 0.483165 -0.377490 0.789970
vn 0.500262 -0.363461 0.785897
vn 0.233930 -0.439959 0.867014
vn 0.251031 -0.434799 0.864831
vn 0.026059 -0.372648 0.927607
vn 0.039282 -0.373770 0.926689
vn -0.082622 -0.227003 0.970383
vn -0.074956 -0.230692 0.970136
vn -0.024236 -0.025098 0.999391
vn -0.072620 -0.075201 0.994521
vn -0.070078 -0.077830 0.994501
vn 0.608757 -0.271037 0.745623
vn 0.623228 -0.251801 0.740394
vn 0.372749 -0.413979 0.830470
vn 0.390111 -0.403972 0.827417
vn 0.150470 -0.413412 0.898025
vn 0.135017 -0.415545 0.899496
vn -0.032227 -0.306613 0.951289
vn -0.021618 -0.309132 0.950774
vn -0.086686 -0.150144 0.984856
vn -0.081637 -0.153535 0.984765
vn 0.715554 -0.100565 0.691281
vn 0.705433 -0.124387 0.697777
vn 0.709101 -0.051645 0.703213
vn 0.524397 -0.327679 0.785897
vn 0.508321 -0.342866 0.789970
vn 0.280749 -0.416229 0.864832
vn 0.264050 -0.422569 0.867014
vn 0.065264 -0.370119 0.926689
vn 0.051988 -0.369922 0.927607
vn -0.066585 -0.232214 0.970383
vn -0.058682 -0.235358 0.970136
vn -0.064479 -0.082528 0.994501
vn -0.067198 -0.080083 0.994521
vn -0.022427 -0.026727 0.999391
vn 0.639275 -0.207713 0.740394
vn 0.626181 -0.227911 0.745623
vn 0.400718 -0.386969 0.830470
vn 0.417341 -0.375775 0.827417
vn 0.163675 -0.405115 0.899495
vn 0.178943 -0.401909 0.898025
vn -0.010759 -0.308114 0.951289
vn 0.000000 -0.309886 0.950774
vn -0.076001 -0.155825 0.984857
vn -0.070727 -0.158856 0.984765
vn 0.698177 -0.018274 0.715692
vn 0.761802 -0.080069 0.642843
vn 0.530999 -0.306574 0.789970
vn 0.545978 -0.290302 0.785896
vn 0.309102 -0.395630 0.864831
vn 0.292883 -0.403120 0.867014
vn 0.077667 -0.365395 0.927607
vn 0.090921 -0.364665 0.926689
vn -0.042122 -0.238878 0.970136
vn -0.050229 -0.236292 0.970383
vn -0.020508 -0.028226 0.999391
vn -0.058565 -0.086826 0.994501
vn -0.061449 -0.084575 0.994521
vn 0.652207 -0.162613 0.740394
vn 0.640554 -0.183676 0.745623
vn 0.426736 -0.358073 0.830470
vn 0.442537 -0.345748 0.827417
vn 0.191540 -0.392709 0.899495
vn 0.206541 -0.388448 0.898025
vn 0.010759 -0.308114 0.951289
vn 0.021618 -0.309132 0.950774
vn -0.059474 -0.163403 0.984765
vn -0.064946 -0.160747 0.984857
vn 0.551092 -0.268784 0.789970
vn 0.564897 -0.251509 0.785897
vn 0.320291 -0.381707 0.867014
vn 0.335946 -0.373105 0.864831
vn 0.102969 -0.359086 0.927607
vn 0.116136 -0.357434 0.926689
vn -0.033620 -0.239221 0.970383
vn -0.025355 -0.241234 0.970136
vn -0.018489 -0.029588 0.999391
vn -0.055399 -0.088656 0.994521
vn -0.052365 -0.090700 0.994501
vn 0.651806 -0.138546 0.745623
vn 0.661962 -0.116722 0.740394
vn 0.465578 -0.314036 0.827417
vn 0.450674 -0.327435 0.830470
vn 0.233135 -0.373095 0.898025
vn 0.218463 -0.378394 0.899495
vn 0.043127 -0.306871 0.950774
vn 0.032227 -0.306613 0.951289
vn -0.047929 -0.167154 0.984765
vn -0.053572 -0.164887 0.984857
vn 0.581066 -0.211490 0.785897
vn 0.568498 -0.229688 0.789970
vn 0.361154 -0.348762 0.864831
vn 0.346137 -0.358436 0.867014
vn 0.140786 -0.348462 0.926689
vn 0.127763 -0.351029 0.927607
vn -0.008465 -0.242416 0.970136
vn -0.016851 -0.240983 0.970383
vn -0.016379 -0.030806 0.999391
vn -0.045911 -0.094131 0.994501
vn -0.049077 -0.092305 0.994521
vn 0.663069 -0.036594 0.747663
vn 0.668491 -0.070262 0.740394
vn 0.659883 -0.092740 0.745623
vn 0.486348 -0.280795 0.827417
vn 0.472418 -0.295199 0.830469
vn 0.258592 -0.355922 0.898025
vn 0.244330 -0.362230 0.899495
vn 0.053538 -0.303617 0.951289
vn 0.064429 -0.303114 0.950774
vn -0.036156 -0.170089 0.984765
vn -0.041943 -0.168221 0.984857
vn 0.583136 -0.189473 0.789970
vn 0.594404 -0.170443 0.785897
vn 0.384603 -0.322719 0.864831
vn 0.370297 -0.333417 0.867014
vn 0.164754 -0.337791 0.926689
vn 0.151939 -0.341262 0.927607
vn 0.008465 -0.242416 0.970136
vn 0.000000 -0.241572 0.970383
vn -0.042519 -0.095503 0.994521
vn -0.039233 -0.097105 0.994501
vn -0.014190 -0.031873 0.999391
vn 0.661607 -0.011549 0.749762
vn 0.623474 -0.010884 0.781769
vn 0.611588 -0.042766 0.790020
vn 0.672744 -0.047042 0.738379
vn 0.504752 -0.246183 0.827417
vn 0.491858 -0.261525 0.830470
vn 0.269000 -0.344306 0.899496
vn 0.282791 -0.337017 0.898025
vn 0.085418 -0.297881 0.950774
vn 0.074585 -0.299143 0.951289
vn -0.030105 -0.170737 0.984857
vn -0.024200 -0.172197 0.984765
vn 0.594933 -0.148333 0.789970
vn 0.604845 -0.128564 0.785897
vn 0.406177 -0.295106 0.864831
vn 0.392653 -0.306776 0.867013
vn 0.175375 -0.329832 0.927607
vn 0.187912 -0.325478 0.926689
vn 0.016851 -0.240983 0.970383
vn 0.025355 -0.241234 0.970136
vn -0.011933 -0.032785 0.999391
vn -0.035757 -0.098236 0.994521
vn -0.032362 -0.099605 0.994501
vn 0.508903 -0.226579 0.830469
vn 0.520695 -0.210375 0.827417
vn 0.292363 -0.324702 0.899495
vn 0.305611 -0.316470 0.898025
vn 0.095270 -0.293212 0.951289
vn 0.105987 -0.291198 0.950774
vn -0.018123 -0.172421 0.984857
vn -0.012130 -0.173466 0.984765
vn 0.612340 -0.086059 0.785897
vn 0.603831 -0.106472 0.789970
vn 0.425774 -0.266052 0.864831
vn 0.413097 -0.278636 0.867014
vn 0.197954 -0.316795 0.927607
vn 0.210162 -0.311575 0.926689
vn 0.042122 -0.238878 0.970136
vn 0.033620 -0.239221 0.970383
vn -0.009617 -0.033538 0.999391
vn -0.028815 -0.100491 0.994521
vn -0.025337 -0.101620 0.994501
vn 0.523469 -0.190526 0.830470
vn 0.534101 -0.173541 0.827418
vn 0.326943 -0.294381 0.898025
vn 0.314300 -0.303519 0.899495
vn 0.115492 -0.285852 0.951289
vn 0.126042 -0.283095 0.950774
vn 0.000000 -0.173889 0.984765
vn -0.006051 -0.173265 0.984857
vn 0.583691 -0.013215 0.811868
vn 0.619110 -0.036228 0.784469
vn 0.609787 -0.064091 0.789970
vn 0.532230 -0.055939 0.844750
vn 0.443295 -0.235704 0.864831
vn 0.431527 -0.249142 0.867014
vn 0.231383 -0.296157 0.926689
vn 0.219573 -0.302214 0.927607
vn 0.058682 -0.235358 0.970136
vn 0.050229 -0.236292 0.970383
vn -0.007254 -0.034127 0.999391
vn -0.021736 -0.102257 0.994521
vn -0.018186 -0.103140 0.994501
vn 0.535484 -0.153548 0.830470
vn 0.544906 -0.135860 0.827417
vn 0.346680 -0.270858 0.898025
vn 0.334710 -0.280852 0.899495
vn 0.135149 -0.277100 0.951289
vn 0.145483 -0.273613 0.950773
vn 0.012130 -0.173466 0.984765
vn 0.006051 -0.173265 0.984857
vn 0.458657 -0.204208 0.864831
vn 0.447855 -0.218435 0.867014
vn 0.240118 -0.286161 0.927607
vn 0.251478 -0.279295 0.926689
vn 0.074956 -0.230692 0.970136
vn 0.066585 -0.232214 0.970383
vn -0.014548 -0.103524 0.994521
vn -0.010948 -0.104157 0.994501
vn -0.004855 -0.034550 0.999391
vn 0.544891 -0.115820 0.830470
vn 0.553056 -0.097519 0.827417
vn 0.353484 -0.256821 0.899496
vn 0.364731 -0.246013 0.898025
vn 0.164214 -0.262799 0.950774
vn 0.154152 -0.266996 0.951289
vn 0.018123 -0.172421 0.984857
vn 0.024200 -0.172197 0.984765
vn 0.462001 -0.186660 0.867014
vn 0.471785 -0.171714 0.864831
vn 0.259494 -0.268716 0.927607
vn 0.270347 -0.261074 0.926689
vn 0.082622 -0.227003 0.970383
vn 0.090866 -0.224901 0.970136
vn -0.002435 -0.034805 0.999391
vn -0.007295 -0.104286 0.994521
vn -0.003655 -0.104667 0.994501
vn 0.551642 -0.077528 0.830470
vn 0.563502 -0.044595 0.824910
vn 0.381004 -0.219972 0.898025
vn 0.370537 -0.231539 0.899495
vn 0.182148 -0.250703 0.950774
vn 0.172399 -0.255593 0.951289
vn 0.030105 -0.170737 0.984857
vn 0.036156 -0.170089 0.984765
vn 0.473897 -0.153978 0.867013
vn 0.482614 -0.138388 0.864831
vn 0.287902 -0.241576 0.926690
vn 0.277608 -0.249957 0.927607
vn 0.098256 -0.220687 0.970383
vn 0.106332 -0.218015 0.970136
vn 0.000000 -0.034890 0.999391
vn 0.000000 -0.104541 0.994521
vn 0.003655 -0.104667 0.994501
vn 0.542571 0.001018 0.840010
vn 0.485119 -0.033923 0.873790
vn 0.557541 -0.038988 0.829233
vn 0.395419 -0.192860 0.898025
vn 0.385787 -0.205126 0.899495
vn 0.199192 -0.237387 0.950774
vn 0.189810 -0.242945 0.951289
vn 0.041943 -0.168221 0.984856
vn 0.047929 -0.167154 0.984765
vn 0.491092 -0.104385 0.864831
vn 0.483483 -0.120546 0.867014
vn 0.294367 -0.229985 0.927607
vn 0.304051 -0.220906 0.926689
vn 0.121283 -0.210065 0.970136
vn 0.113412 -0.213295 0.970383
vn 0.002435 -0.034805 0.999391
vn 0.007295 -0.104286 0.994521
vn 0.010948 -0.104157 0.994501
vn 0.407910 -0.164806 0.898025
vn 0.399156 -0.177715 0.899495
vn 0.215264 -0.222915 0.950773
vn 0.206293 -0.229114 0.951289
vn 0.059474 -0.163403 0.984765
vn 0.053572 -0.164887 0.984857
vn 0.490714 -0.086527 0.867014
vn 0.497177 -0.069873 0.864831
vn 0.318720 -0.199160 0.926689
vn 0.309692 -0.208892 0.927607
vn 0.128013 -0.204865 0.970383
vn 0.135639 -0.201094 0.970136
vn 0.014548 -0.103524 0.994521
vn 0.004855 -0.034550 0.999391
vn 0.018186 -0.103140 0.994501
vn 0.410580 -0.149439 0.899495
vn 0.418412 -0.135950 0.898025
vn 0.221775 -0.214162 0.951289
vn 0.230291 -0.207353 0.950774
vn 0.064946 -0.160747 0.984857
vn 0.070727 -0.158856 0.984765
vn 0.429100 -0.045100 0.902131
vn 0.499744 -0.026419 0.865770
vn 0.501962 -0.031329 0.864322
vn 0.456245 -0.009764 0.889800
vn 0.495555 -0.052085 0.867013
vn 0.323511 -0.186778 0.927607
vn 0.331837 -0.176440 0.926689
vn 0.141992 -0.195436 0.970383
vn 0.149337 -0.191142 0.970136
vn 0.007254 -0.034127 0.999391
vn 0.021736 -0.102257 0.994521
vn 0.025337 -0.101620 0.994501
vn 0.420004 -0.120434 0.899495
vn 0.426876 -0.106432 0.898025
vn 0.244194 -0.190785 0.950774
vn 0.236173 -0.198172 0.951289
vn 0.076001 -0.155825 0.984857
vn 0.081637 -0.153535 0.984765
vn 0.335751 -0.163758 0.927607
vn 0.343336 -0.152863 0.926689
vn 0.155279 -0.185055 0.970383
vn 0.162306 -0.180261 0.970136
vn 0.032362 -0.099605 0.994501
vn 0.009617 -0.033538 0.999391
vn 0.028815 -0.100491 0.994521
vn 0.433261 -0.076396 0.898025
vn 0.427382 -0.090843 0.899495
vn 0.249420 -0.181216 0.951289
vn 0.256907 -0.173288 0.950774
vn 0.092147 -0.147467 0.984765
vn 0.086686 -0.150144 0.984856
vn 0.346357 -0.139936 0.927607
vn 0.353163 -0.128541 0.926689
vn 0.167811 -0.173771 0.970383
vn 0.174487 -0.168497 0.970136
vn 0.039233 -0.097105 0.994501
vn 0.035757 -0.098236 0.994521
vn 0.011933 -0.032785 0.999391
vn 0.439909 -0.038611 0.897212
vn 0.432678 -0.060809 0.899495
vn 0.268370 -0.154942 0.950774
vn 0.261455 -0.163374 0.951289
vn 0.102209 -0.140680 0.984765
vn 0.096949 -0.143731 0.984856
vn 0.355274 -0.115436 0.927607
vn 0.361269 -0.103592 0.926689
vn 0.185814 -0.155917 0.970136
vn 0.179522 -0.161645 0.970383
vn 0.045911 -0.094131 0.994501
vn 0.042519 -0.095503 0.994521
vn 0.014190 -0.031873 0.999391
vn 0.411257 0.013607 0.911418
vn 0.429760 -0.030052 0.902443
vn 0.384413 -0.026881 0.922770
vn 0.278524 -0.135846 0.950774
vn 0.272214 -0.144739 0.951289
vn 0.111774 -0.133207 0.984765
vn 0.106739 -0.136617 0.984857
vn 0.362461 -0.090371 0.927607
vn 0.367615 -0.078139 0.926690
vn 0.196237 -0.142576 0.970136
vn 0.190362 -0.148726 0.970383
vn 0.016379 -0.030806 0.999391
vn 0.052365 -0.090700 0.994501
vn 0.049077 -0.092305 0.994521
vn 0.287322 -0.116085 0.950774
vn 0.281647 -0.125397 0.951289
vn 0.116008 -0.128840 0.984857
vn 0.120795 -0.125085 0.984765
vn 0.367882 -0.064868 0.927607
vn 0.372171 -0.052305 0.926689
vn 0.200272 -0.135085 0.970383
vn 0.205706 -0.128538 0.970136
vn 0.018489 -0.029588 0.999391
vn 0.055399 -0.088656 0.994521
vn 0.058565 -0.086826 0.994501
vn 0.294720 -0.095761 0.950774
vn 0.289708 -0.105446 0.951289
vn 0.124713 -0.120434 0.984856
vn 0.129224 -0.116356 0.984765
vn 0.365224 -0.012754 0.930832
vn 0.318543 -0.011124 0.947843
vn 0.371511 -0.039047 0.927607
vn 0.373429 -0.031844 0.927112
vn 0.214170 -0.113877 0.970136
vn 0.209207 -0.120786 0.970383
vn 0.020508 -0.028226 0.999391
vn 0.064479 -0.082528 0.994501
vn 0.061449 -0.084575 0.994521
vn 0.296358 -0.084979 0.951289
vn 0.300682 -0.074968 0.950774
vn 0.137028 -0.107056 0.984765
vn 0.132809 -0.111443 0.984857
vn 0.221593 -0.098659 0.970136
vn 0.217123 -0.105899 0.970383
vn 0.022427 -0.026727 0.999391
vn 0.067198 -0.080083 0.994521
vn 0.070078 -0.077830 0.994501
vn 0.301564 -0.064099 0.951289
vn 0.305179 -0.053811 0.950774
vn 0.144161 -0.097238 0.984765
vn 0.140261 -0.101904 0.984856
vn 0.227935 -0.082962 0.970136
vn 0.223982 -0.090494 0.970383
vn 0.075337 -0.072752 0.994501
vn 0.024236 -0.025098 0.999391
vn 0.072620 -0.075201 0.994521
vn 0.305301 -0.042907 0.951289
vn 0.308230 -0.033119 0.950735
vn 0.308189 -0.032392 0.950774
vn 0.147027 -0.091873 0.984856
vn 0.150593 -0.086945 0.984765
vn 0.233167 -0.066859 0.970136
vn 0.229748 -0.074649 0.970383
vn 0.025928 -0.023346 0.999391
vn 0.080228 -0.067321 0.994501
vn 0.077688 -0.069953 0.994521
vn 0.291997 -0.020419 0.956201
vn 0.270742 0.025801 0.962306
vn 0.257136 -0.017981 0.966208
vn 0.156290 -0.076229 0.984765
vn 0.153078 -0.081393 0.984856
vn 0.234396 -0.058441 0.970383
vn 0.237263 -0.050432 0.970136
vn 0.084729 -0.061559 0.994501
vn 0.027494 -0.021480 0.999391
vn 0.082380 -0.064361 0.994521
vn 0.161228 -0.065140 0.984765
vn 0.158382 -0.070517 0.984856
vn 0.240194 -0.035129 0.970089
vn 0.240203 -0.033758 0.970136
vn 0.237902 -0.041948 0.970383
vn 0.088817 -0.055499 0.994501
vn 0.028925 -0.019510 0.999391
vn 0.086668 -0.058460 0.994521
vn 0.162916 -0.059296 0.984857
vn 0.165379 -0.053735 0.984765
vn 0.222477 0.006127 0.974919
vn 0.173608 -0.026403 0.984461
vn 0.233125 -0.024503 0.972138
vn 0.090535 -0.052270 0.994520
vn 0.030215 -0.017445 0.999391
vn 0.092472 -0.049168 0.994501
vn 0.166655 -0.047787 0.984857
vn 0.168724 -0.042068 0.984765
vn 0.095676 -0.042598 0.994501
vn 0.093961 -0.045828 0.994521
vn 0.031359 -0.015295 0.999391
vn 0.171248 -0.030196 0.984765
vn 0.169583 -0.036046 0.984856
vn 0.096929 -0.039161 0.994521
vn 0.032349 -0.013070 0.999391
vn 0.098415 -0.035820 0.994501
vn 0.172898 -0.029289 0.984504
vn 0.172937 -0.018177 0.984765
vn 0.171684 -0.024129 0.984856
vn 0.100674 -0.028867 0.994501
vn 0.033182 -0.010782 0.999391
vn 0.099424 -0.032305 0.994521
vn 0.147546 -0.010317 0.989001
vn 0.124308 0.038048 0.991514
vn 0.118777 -0.008306 0.992886
vn 0.102442 -0.021775 0.994501
vn 0.101436 -0.025291 0.994521
vn 0.033853 -0.008441 0.999391
vn 0.102953 -0.018153 0.994521
vn 0.024875 -0.072956 0.997025
vn 0.103711 -0.014576 0.994501
vn 0.100631 -0.056889 0.993296
vn 0.034360 -0.006058 0.999391
vn 0.074541 0.058916 0.995476
vn 0.085632 -0.009000 0.996286
vn 0.058666 -0.006166 0.998259
vn 0.999689 0.024930 0.000000
vn 0.999689 0.024930 0.000000
vn 0.997204 0.074731 0.000000
vn 0.997204 0.074731 0.000000
vn 0.992239 0.124344 0.000000
vn 0.992239 0.124344 0.000000
vn 0.984808 0.173647 0.000000
vn 0.984808 0.173647 0.000000
vn 0.974928 0.222521 0.000000
vn 0.974928 0.222521 0.000000
vn 0.962624 0.270841 0.000000
vn 0.947927 0.318486 0.000000
vn 0.962624 0.270841 0.000000
vn 0.947927 0.318486 0.000000
vn 0.930874 0.365341 0.000000
vn 0.930874 0.365341 0.000000
vn 0.911506 0.411287 0.000000
vn 0.911506 0.411287 0.000000
vn 0.889872 0.456210 0.000000
vn 0.889872 0.456210 0.000000
vn 0.866025 0.500000 0.000000
vn 0.866025 0.500000 0.000000
vn 0.840026 0.542546 0.000000
vn 0.840026 0.542546 0.000000
vn 0.811938 0.583743 0.000000
vn 0.811938 0.583743 0.000000
vn 0.781832 0.623489 0.000000
vn 0.781832 0.623489 0.000000
vn 0.749781 0.661686 0.000000
vn 0.749781 0.661686 0.000000
vn 0.715867 0.698237 0.000000
vn 0.715867 0.698237 0.000000
vn 0.680172 0.733052 0.000000
vn 0.680172 0.733052 0.000000
vn 0.642788 0.766044 0.000000
vn 0.642788 0.766044 0.000000
vn 0.603804 0.797133 0.000000
vn 0.603804 0.797133 0.000000
vn 0.563320 0.826239 0.000000
vn 0.563320 0.826239 0.000000
vn 0.521435 0.853291 0.000000
vn 0.521435 0.853291 0.000000
vn 0.478255 0.878221 0.000000
vn 0.478255 0.878221 0.000000
vn 0.433884 0.900969 0.000000
vn 0.433884 0.900969 0.000000
vn 0.388435 0.921476 0.000000
vn 0.388435 0.921476 0.000000
vn 0.342020 0.939693 0.000000
vn 0.342020 0.939693 0.000000
vn 0.294755 0.955573 0.000000
vn 0.294755 0.955573 0.000000
vn 0.246757 0.969077 0.000000
vn 0.246757 0.969077 0.000000
vn 0.198146 0.980173 0.000000
vn 0.198146 0.980173 0.000000
vn 0.149042 0.988831 0.000000
vn 0.149042 0.988831 0.000000
vn 0.099569 0.995031 0.000000
vn 0.099569 0.995031 0.000000
vn 0.049845 0.998757 0.000000
vn 0.049845 0.998757 0.000000
vn 0.000000 1.000000 0.000000
vn -0.049845 0.998757 0.000000
vn -0.000000 1.000000 0.000000
vn -0.049845 0.998757 0.000000
vn -0.099569 0.995031 0.000000
vn -0.099569 0.995031 0.000000
vn -0.149042 0.988831 0.000000
vn -0.149042 0.988831 0.000000
vn -0.198146 0.980173 0.000000
vn -0.198146 0.980173 0.000000
vn -0.246757 0.969077 0.000000
vn -0.246757 0.969077 0.000000
vn -0.294755 0.955573 0.000000
vn -0.294755 0.955573 0.000000
vn -0.342020 0.939693 0.000000
vn -0.342020 0.939693 0.000000
vn -0.388435 0.921476 0.000000
vn -0.388435 0.921476 0.000000
vn -0.433884 0.900969 0.000000
vn -0.433884 0.900969 0.000000
vn -0.478255 0.878221 0.000000
vn -0.478255 0.878221 0.000000
vn -0.521435 0.853291 0.000000
vn -0.521435 0.853291 0.000000
vn -0.563320 0.826239 0.000000
vn -0.563320 0.826239 0.000000
vn -0.603804 0.797133 0.000000
vn -0.603804 0.797133 0.000000
vn -0.642788 0.766044 0.000000
vn -0.642788 0.766044 0.000000
vn -0.680172 0.733052 0.000000
vn -0.680172 0.733052 0.000000
vn -0.715867 0.698237 0.000000
vn -0.715867 0.698237 0.000000
vn -0.749781 0.661686 0.000000
vn -0.749781 0.661686 0.000000
vn -0.781832 0.623489 0.000000
vn -0.781832 0.623489 0.000000
vn -0.811938 0.583743 0.000000
vn -0.811938 0.583743 0.000000
vn -0.840026 0.542546 0.000000
vn -0.840026 0.542546 0.000000
vn -0.866025 0.500000 0.000000
vn -0.866025 0.500000 0.000000
vn -0.889872 0.456210 0.000000
vn -0.889872 0.456210 0.000000
vn -0.911506 0.411287 0.000000
vn -0.911506 0.411287 0.000000
vn -0.930874 0.365341 0.000000
vn -0.930874 0.365341 0.000000
vn -0.947927 0.318486 0.000000
vn -0.947927 0.318486 0.000000
vn -0.962624 0.270841 0.000000
vn -0.962624 0.270841 0.000000
vn -0.974928 0.222521 0.000000
vn -0.974928 0.222521 0.000000
vn -0.984808 0.173647 0.000000
vn -0.984808 0.173647 0.000000
vn -0.992239 0.124344 0.000000
vn -0.992239 0.124344 0.000000
vn -0.997204 0.074731 0.000000
vn -0.997204 0.074731 0.000000
vn -0.999689 0.024930 0.000000
vn -0.999689 0.024930 0.000000
vn -0.999689 -0.024930 0.000000
vn -0.999689 -0.024930 -0.000000
vn -0.997204 -0.074731 0.000000
vn -0.997204 -0.074731 -0.000000
vn -0.992239 -0.124344 0.000000
vn -0.992239 -0.124344 -0.000000
vn -0.984808 -0.173647 0.000000
vn -0.984808 -0.173647 -0.000000
vn -0.974928 -0.222521 0.000000
vn -0.974928 -0.222521 -0.000000
vn -0.962624 -0.270841 0.000000
vn -0.962624 -0.270841 -0.000000
vn -0.947927 -0.318486 0.000000
vn -0.947927 -0.318486 -0.000000
vn -0.930874 -0.365341 0.000000
vn -0.930874 -0.365341 -0.000000
vn -0.911506 -0.411287 0.000000
vn -0.911506 -0.411287 -0.000000
vn -0.889872 -0.456210 0.000000
vn -0.889872 -0.456210 -0.000000
vn -0.866025 -0.500000 -0.000000
vn -0.866025 -0.500000 -0.000000
vn -0.840026 -0.542546 -0.000000
vn -0.840026 -0.542546 0.000000
vn -0.811938 -0.583743 -0.000000
vn -0.811938 -0.583743 0.000000
vn -0.781832 -0.623489 -0.000000
vn -0.781832 -0.623489 0.000000
vn -0.749781 -0.661686 -0.000000
vn -0.749781 -0.661686 0.000000
vn -0.715867 -0.698237 -0.000000
vn -0.715867 -0.698237 0.000000
vn -0.680172 -0.733052 -0.000000
vn -0.680172 -0.733052 0.000000
vn -0.642788 -0.766044 -0.000000
vn -0.642788 -0.766044 0.000000
vn -0.603804 -0.797133 -0.000000
vn -0.603804 -0.797133 0.000000
vn -0.563320 -0.826239 -0.000000
vn -0.563320 -0.826239 0.000000
vn -0.521435 -0.853291 -0.000000
vn -0.521435 -0.853291 0.000000
vn -0.478255 -0.878221 -0.000000
vn -0.478255 -0.878221 0.000000
vn -0.433884 -0.900969 -0.000000
vn -0.433884 -0.900969 0.000000
vn -0.388435 -0.921476 -0.000000
vn -0.388435 -0.921476 0.000000
vn -0.342020 -0.939693 0.000000
vn -0.342020 -0.939693 -0.000000
vn -0.294755 -0.955573 0.000000
vn -0.294755 -0.955573 -0.000000
vn -0.246757 -0.969077 0.000000
vn -0.246757 -0.969077 -0.000000
vn -0.198146 -0.980173 0.000000
vn -0.198146 -0.980173 -0.000000
vn -0.149042 -0.988831 -0.000000
vn -0.149042 -0.988831 0.000000
vn -0.099569 -0.995031 -0.000000
vn -0.099569 -0.995031 0.000000
vn -0.049845 -0.998757 -0.000000
vn -0.049845 -0.998757 0.000000
vn 0.000000 -1.000000 -0.000000
vn -0.000000 -1.000000 0.000000
vn 0.049845 -0.998757 0.000000
vn 0.049845 -0.998757 0.000000
vn 0.099569 -0.995031 0.000000
vn 0.099569 -0.995031 0.000000
vn 0.149042 -0.988831 0.000000
vn 0.149042 -0.988831 0.000000
vn 0.198146 -0.980173 0.000000
vn 0.198146 -0.980173 0.000000
vn 0.246757 -0.969077 0.000000
vn 0.246757 -0.969077 0.000000
vn 0.294755 -0.955573 0.000000
vn 0.294755 -0.955573 0.000000
vn 0.342020 -0.939693 0.000000
vn 0.342020 -0.939693 0.000000
vn 0.388435 -0.921476 0.000000
vn 0.388435 -0.921476 0.000000
vn 0.433884 -0.900969 0.000000
vn 0.433884 -0.900969 0.000000
vn 0.478255 -0.878221 0.000000
vn 0.478255 -0.878221 0.000000
vn 0.521435 -0.853291 0.000000
vn 0.521435 -0.853291 0.000000
vn 0.563320 -0.826239 0.000000
vn 0.563320 -0.826239 0.000000
vn 0.603804 -0.797133 0.000000
vn 0.603804 -0.797133 0.000000
vn 0.642788 -0.766044 0.000000
vn 0.642788 -0.766044 0.000000
vn 0.680172 -0.733052 0.000000
vn 0.680172 -0.733052 0.000000
vn 0.715867 -0.698237 0.000000
vn 0.715867 -0.698237 0.000000
vn 0.749781 -0.661686 0.000000
vn 0.749781 -0.661686 0.000000
vn 0.781832 -0.623489 0.000000
vn 0.781832 -0.623489 0.000000
vn 0.811938 -0.583743 0.000000
vn 0.811938 -0.583743 0.000000
vn 0.840026 -0.542546 0.000000
vn 0.840026 -0.542546 0.000000
vn 0.866025 -0.500000 0.000000
vn 0.866025 -0.500000 0.000000
vn 0.889872 -0.456210 0.000000
vn 0.889872 -0.456210 0.000000
vn 0.911506 -0.411287 0.000000
vn 0.911506 -0.411287 0.000000
vn 0.930874 -0.365341 0.000000
vn 0.930874 -0.365341 0.000000
vn 0.947927 -0.318486 0.000000
vn 0.947927 -0.318486 0.000000
vn 0.962624 -0.270841 0.000000
vn 0.962624 -0.270841 0.000000
vn 0.974928 -0.222521 0.000000
vn 0.974928 -0.222521 0.000000
vn 0.984808 -0.173647 0.000000
vn 0.984808 -0.173647 0.000000
vn 0.992239 -0.124344 0.000000
vn 0.992239 -0.124344 0.000000
vn 0.997204 -0.074731 0.000000
vn 0.997204 -0.074731 0.000000
vn 0.999689 -0.024930 0.000000
vn 0.999689 -0.024930 0.000000
vn 0.000000 0.000000 1.000000
vn 0.000000 0.000000 1.000000
vn 0.000000 0.000000 1.000000
vn 0.000000 0.000000 1.000000
vn 0.000000 0.000000 1.000000
vn 0.000000 0.000000 1.000000
vn 0.000000 0.000000 1.000000
vn 0.000000 0.000000 1.000000
vn 0.000000 0.000000 1.000000
vn 0.000000 0.000000 1.000000
vn 0.000000 0.000000 1.000000
vn 0.000000 0.000000 1.000000
vn 0.000000 0.000000 1.000000
vn 0.000000 0.000000 1.000000
vn 0.000000 0.000000 1.000000
vn 0.000000 0.000000 1.000000
vn 0.000000 0.000000 1.000000
vn 0.000000 0.000000 1.000000
vn 0.000000 0.000000 1.000000
vn 0.000000 0.000000 1.000000
vn 0.000000 0.000000 1.000000
vn 0.000000 0.000000 1.000000
vn 0.000000 0.000000 1.000000
vn 0.000000 0.000000 1.000000
vn 0.000000 0.000000 1.000000
vn 0.000000 0.000000 1.000000
vn 0.000000 0.000000 1.000000
vn 0.000000 0.000000 1.000000
vn 0.000000 0.000000 1.000000
vn 0.000000 0.000000 1.000000
vn 0.000000 0.000000 1.000000
vn 0.000000 0.000000 1.000000
vn 0.000000 0.000000 1.000000
vn 0.000000 0.000000 1.000000
vn 0.000000 0.000000 1.000000
vn 0.000000 0.000000 1.000000
vn 0.000000 0.000000 1.000000
vn 0.000000 0.000000 1.000000
vn 0.000000 0.000000 1.000000
vn 0.000000 0.000000 1.000000
vn 0.000000 0.000000 1.000000
vn 0.000000 0.000000 1.000000
vn 0.000000 0.000000 1.000000
vn 0.000000 0.000000 1.000000
vn 0.000000 0.000000 1.000000
vn 0.000000 0.000000 1.000000
vn 0.000000 0.000000 1.000000
vn 0.000000 0.000000 1.000000
vn 0.000000 0.000000 1.000000
vn 0.000000 0.000000 1.000000
vn 0.000000 0.000000 1.000000
vn 0.000000 0.000000 1.000000
vn 0.000000 0.000000 1.000000
vn 0.000000 0.000000 1.000000
vn 0.000000 0.000000 1.000000
vn 0.000000 0.000000 1.000000
vn 0.000000 0.000000 1.000000
vn 0.000000 0.000000 1.000000
vn 0.000000 0.000000 1.000000
vn 0.000000 0.000000 1.000000
vn 0.000000 0.000000 1.000000
vn 0.000000 0.000000 1.000000
vn 0.000000 0.000000 1.000000
vn 0.000000 0.000000 1.000000
vn 0.000000 0.000000 1.000000
vn 0.000000 0.000000 1.000000
vn 0.000000 0.000000 1.000000
vn 0.000000 0.000000 1.000000
vn 0.000000 0.000000 1.000000
vn 0.000000 0.000000 1.000000
vn 0.000000 0.000000 1.000000
vn 0.000000 0.000000 1.000000
vn 0.000000 0.000000 1.000000
vn 0.000000 0.000000 1.000000
vn 0.000000 0.000000 1.000000
vn 0.000000 0.000000 1.000000
vn 0.000000 0.000000 1.000000
vn 0.000000 0.000000 1.000000
vn 0.000000 0.000000 1.000000
vn 0.000000 0.000000 1.000000
vn 0.000000 0.000000 1.000000
vn 0.000000 0.000000 1.000000
vn 0.000000 0.000000 1.000000
vn 0.000000 0.000000 1.000000
vn 0.000000 0.000000 1.000000
vn 0.000000 0.000000 1.000000
vn 0.000000 0.000000 1.000000
vn 0.000000 0.000000 1.000000
vn 0.000000 0.000000 1.000000
vn 0.000000 0.000000 1.000000
vn 0.000000 0.000000 1.000000
vn 0.000000 0.000000 1.000000
vn 0.000000 0.000000 1.000000
vn 0.000000 0.000000 1.000000
vn 0.000000 0.000000 1.000000
vn 0.000000 0.000000 1.000000
vn 0.000000 0.000000 1.000000
vn 0.000000 0.000000 1.000000
vn 0.000000 0.000000 1.000000
vn 0.000000 0.000000 1.000000
vn 0.000000 0.000000 1.000000
vn 0.000000 0.000000 1.000000
vn 0.000000 0.000000 1.000000
vn 0.000000 0.000000 1.000000
vn 0.000000 0.000000 1.000000
vn 0.000000 0.000000 1.000000
vn 0.000000 0.000000 1.000000
vn 0.000000 0.000000 1.000000
vn 0.000000 0.000000 1.000000
vn 0.000000 0.000000 1.000000
vn 0.000000 0.000000 1.000000
vn 0.000000 0.000000 1.000000
vn 0.000000 0.000000 1.000000
vn 0.000000 0.000000 1.000000
vn 0.000000 0.000000 1.000000
vn 0.000000 0.000000 1.000000
vn 0.000000 0.000000 1.000000
vn 0.000000 0.000000 1.000000
vn 0.000000 0.000000 1.000000
vn 0.000000 0.000000 1.000000
vn 0.000000 0.000000 1.000000
vn 0.000000 0.000000 1.000000
vn 0.000000 0.000000 1.000000
vn 0.000000 0.000000 1.000000
vn 0.000000 0.000000 -1.000000
vn 0.000000 0.000000 -1.000000
vn 0.000000 0.000000 -1.000000
vn 0.000000 0.000000 -1.000000
vn 0.000000 0.000000 -1.000000
vn 0.000000 0.000000 -1.000000
vn 0.000000 0.000000 -1.000000
vn 0.000000 0.000000 -1.000000
vn 0.000000 0.000000 -1.000000
vn 0.000000 0.000000 -1.000000
vn 0.000000 0.000000 -1.000000
vn 0.000000 0.000000 -1.000000
vn 0.000000 0.000000 -1.000000
vn 0.000000 0.000000 -1.000000
vn 0.000000 0.000000 -1.000000
vn 0.000000 0.000000 -1.000000
vn 0.000000 0.000000 -1.000000
vn 0.000000 0.000000 -1.000000
vn 0.000000 0.000000 -1.000000
vn 0.000000 0.000000 -1.000000
vn 0.000000 0.000000 -1.000000
vn 0.000000 0.000000 -1.000000
vn 0.000000 0.000000 -1.000000
vn 0.000000 -0.000000 -1.000000
vn 0.000000 -0.000000 -1.000000
vn 0.000000 0.000000 -1.000000
vn 0.000000 -0.000000 -1.000000
vn 0.000000 -0.000000 -1.000000
vn 0.000000 0.000000 -1.000000
vn 0.000000 0.000000 -1.000000
vn 0.000000 0.000000 -1.000000
vn 0.000000 0.000000 -1.000000
vn 0.000000 -0.000000 -1.000000
vn 0.000000 0.000000 -1.000000
vn 0.000000 0.000000 -1.000000
vn 0.000000 -0.000000 -1.000000
vn 0.000000 -0.000000 -1.000000
vn 0.000000 0.000000 -1.000000
vn 0.000000 0.000000 -1.000000
vn 0.000000 0.000000 -1.000000
vn 0.000000 0.000000 -1.000000
vn 0.000000 -0.000000 -1.000000
vn 0.000000 0.000000 -1.000000
vn 0.000000 -0.000000 -1.000000
vn 0.000000 0.000000 -1.000000
vn 0.000000 0.000000 -1.000000
vn 0.000000 0.000000 -1.000000
vn 0.000000 0.000000 -1.000000
vn 0.000000 -0.000000 -1.000000
vn 0.000000 -0.000000 -1.000000
vn 0.000000 -0.000000 -1.000000
vn 0.000000 -0.000000 -1.000000
vn 0.000000 0.000000 -1.000000
vn 0.000000 0.000000 -1.000000
vn 0.000000 -0.000000 -1.000000
vn 0.000000 -0.000000 -1.000000
vn 0.000000 0.000000 -1.000000
vn 0.000000 -0.000000 -1.000000
vn 0.000000 -0.000000 -1.000000
vn 0.000000 0.000000 -1.000000
vn 0.000000 0.000000 -1.000000
vn 0.000000 0.000000 -1.000000
vn 0.000000 0.000000 -1.000000
vn 0.000000 0.000000 -1.000000
vn 0.000000 0.000000 -1.000000
vn 0.000000 0.000000 -1.000000
vn 0.000000 0.000000 -1.000000
vn 0.000000 0.000000 -1.000000
vn 0.000000 0.000000 -1.000000
vn 0.000000 -0.000000 -1.000000
vn 0.000000 -0.000000 -1.000000
vn 0.000000 -0.000000 -1.000000
vn 0.000000 0.000000 -1.000000
vn 0.000000 0.000000 -1.000000
vn 0.000000 0.000000 -1.000000
vn 0.000000 0.000000 -1.000000
vn 0.000000 -0.000000 -1.000000
vn 0.000000 -0.000000 -1.000000
vn 0.000000 0.000000 -1.000000
vn 0.000000 -0.000000 -1.000000
vn 0.000000 0.000000 -1.000000
vn 0.000000 -0.000000 -1.000000
vn 0.000000 0.000000 -1.000000
vn 0.000000 0.000000 -1.000000
vn 0.000000 -0.000000 -1.000000
vn 0.000000 -0.000000 -1.000000
vn 0.000000 0.000000 -1.000000
vn 0.000000 0.000000 -1.000000
vn 0.000000 0.000000 -1.000000
vn 0.000000 -0.000000 -1.000000
vn -0.000000 -0.000000 -1.000000
vn -0.000000 -0.000000 -1.000000
vn 0.000000 -0.000000 -1.000000
vn 0.000000 0.000000 -1.000000
vn 0.000000 0.000000 -1.000000
vn 0.000000 0.000000 -1.000000
vn -0.000000 -0.000000 -1.000000
vn 0.000000 0.000000 -1.000000
vn 0.000000 0.000000 -1.000000
vn -0.000000 -0.000000 -1.000000
vn -0.000000 -0.000000 -1.000000
vn -0.000000 -0.000000 -1.000000
vn -0.000000 -0.000000 -1.000000
vn 0.000000 0.000000 -1.000000
vn 0.000000 0.000000 -1.000000
vn 0.000000 0.000000 -1.000000
vn 0.000000 0.000000 -1.000000
vn 0.000000 0.000000 -1.000000
vn 0.000000 0.000000 -1.000000
vn 0.000000 -0.000000 -1.000000
vn -0.000000 -0.000000 -1.000000
vn -0.000000 -0.000000 -1.000000
vn -0.000000 -0.000000 -1.000000
vn -0.000000 -0.000000 -1.000000
vn 0.000000 0.000000 -1.000000
vn 0.000000 0.000000 -1.000000
vn 0.000000 0.000000 -1.000000
vn 0.000000 0.000000 -1.000000
vn -0.000000 -0.000000 -1.000000
vn -0.000000 -0.000000 -1.000000
vn -0.000000 -0.000000 -1.000000
vn 0.000000 0.000000 -1.000000
vn 0.000000 0.000000 -1.000000
vn 0.000000 0.000000 -1.000000
vn 0.999689 0.024941 0.000000
vn 0.999689 0.024941 0.000000
vn 0.997205 0.074708 0.000000
vn 0.997205 0.074708 0.000000
vn 0.992237 0.124360 0.000000
vn 0.992237 0.124360 0.000000
vn 0.984811 0.173631 0.000000
vn 0.984811 0.173631 0.000000
vn 0.974929 0.222517 0.000000
vn 0.974929 0.222517 0.000000
vn 0.962617 0.270868 0.000000
vn 0.962617 0.270868 0.000000
vn 0.947936 0.318460 0.000000
vn 0.947936 0.318460 0.000000
vn 0.930870 0.365351 0.000000
vn 0.930870 0.365351 0.000000
vn 0.911502 0.411296 0.000000
vn 0.889875 0.456205 0.000000
vn 0.911502 0.411296 0.000000
vn 0.889875 0.456205 0.000000
vn 0.866023 0.500004 0.000000
vn 0.866023 0.500004 0.000000
vn 0.840028 0.542543 0.000000
vn 0.840028 0.542543 0.000000
vn 0.811938 0.583744 0.000000
vn 0.811938 0.583744 0.000000
vn 0.781834 0.623486 0.000000
vn 0.781834 0.623486 0.000000
vn 0.749773 0.661696 0.000000
vn 0.749773 0.661696 0.000000
vn 0.715869 0.698234 0.000000
vn 0.715869 0.698234 0.000000
vn 0.680177 0.733048 0.000000
vn 0.680177 0.733048 0.000000
vn 0.642783 0.766048 0.000000
vn 0.642783 0.766048 0.000000
vn 0.603812 0.797126 0.000000
vn 0.603812 0.797126 0.000000
vn 0.563307 0.826248 0.000000
vn 0.563307 0.826248 0.000000
vn 0.521445 0.853285 0.000000
vn 0.521445 0.853285 0.000000
vn 0.478257 0.878220 0.000000
vn 0.478257 0.878220 0.000000
vn 0.433883 0.900969 0.000000
vn 0.433883 0.900969 0.000000
vn 0.388431 0.921478 0.000000
vn 0.388431 0.921478 0.000000
vn 0.342023 0.939692 0.000000
vn 0.342023 0.939692 0.000000
vn 0.294751 0.955574 0.000000
vn 0.294751 0.955574 0.000000
vn 0.246759 0.969077 0.000000
vn 0.246759 0.969077 0.000000
vn 0.198149 0.980172 0.000000
vn 0.198149 0.980172 0.000000
vn 0.149042 0.988831 0.000000
vn 0.149042 0.988831 0.000000
vn 0.099567 0.995031 0.000000
vn 0.099567 0.995031 0.000000
vn 0.049844 0.998757 0.000000
vn 0.049844 0.998757 0.000000
vn 0.000000 1.000000 0.000000
vn -0.000000 1.000000 0.000000
vn -0.049844 0.998757 0.000000
vn -0.049844 0.998757 0.000000
vn -0.099567 0.995031 0.000000
vn -0.099567 0.995031 0.000000
vn -0.149045 0.988830 0.000000
vn -0.149045 0.988830 0.000000
vn -0.198145 0.980173 0.000000
vn -0.198145 0.980173 0.000000
vn -0.246755 0.969078 0.000000
vn -0.246755 0.969078 0.000000
vn -0.294762 0.955571 0.000000
vn -0.294762 0.955571 0.000000
vn -0.342016 0.939694 0.000000
vn -0.342016 0.939694 0.000000
vn -0.388431 0.921478 0.000000
vn -0.388431 0.921478 0.000000
vn -0.433883 0.900969 0.000000
vn -0.433883 0.900969 0.000000
vn -0.478257 0.878220 0.000000
vn -0.478257 0.878220 0.000000
vn -0.521436 0.853290 0.000000
vn -0.521436 0.853290 0.000000
vn -0.563316 0.826242 0.000000
vn -0.563316 0.826242 0.000000
vn -0.603812 0.797126 0.000000
vn -0.603812 0.797126 0.000000
vn -0.642783 0.766048 0.000000
vn -0.642783 0.766048 0.000000
vn -0.680177 0.733048 0.000000
vn -0.680177 0.733048 0.000000
vn -0.715860 0.698244 0.000000
vn -0.715860 0.698244 0.000000
vn -0.749782 0.661685 0.000000
vn -0.749782 0.661685 0.000000
vn -0.781834 0.623486 0.000000
vn -0.781834 0.623486 0.000000
vn -0.811938 0.583744 0.000000
vn -0.811938 0.583744 0.000000
vn -0.840028 0.542543 0.000000
vn -0.840028 0.542543 0.000000
vn -0.866023 0.500004 0.000000
vn -0.866023 0.500004 0.000000
vn -0.889875 0.456205 0.000000
vn -0.889875 0.456205 0.000000
vn -0.911502 0.411296 0.000000
vn -0.911502 0.411296 0.000000
vn -0.930876 0.365335 0.000000
vn -0.930876 0.365335 0.000000
vn -0.947925 0.318495 0.000000
vn -0.947925 0.318495 0.000000
vn -0.962627 0.270832 0.000000
vn -0.962627 0.270832 0.000000
vn -0.974929 0.222517 0.000000
vn -0.974929 0.222517 0.000000
vn -0.984807 0.173650 0.000000
vn -0.992240 0.124341 0.000000
vn -0.984807 0.173650 0.000000
vn -0.992240 0.124341 0.000000
vn -0.997203 0.074746 0.000000
vn -0.997203 0.074746 0.000000
vn -0.999689 0.024922 0.000000
vn -0.999689 0.024922 0.000000
vn -0.999689 -0.024922 -0.000000
vn -0.999689 -0.024922 -0.000000
vn -0.997203 -0.074746 0.000000
vn -0.997203 -0.074746 -0.000000
vn -0.992239 -0.124342 -0.000000
vn -0.992239 -0.124342 -0.000000
vn -0.984808 -0.173648 0.000000
vn -0.984808 -0.173648 -0.000000
vn -0.974928 -0.222518 0.000000
vn -0.974928 -0.222518 -0.000000
vn -0.962626 -0.270834 0.000000
vn -0.962626 -0.270834 -0.000000
vn -0.947925 -0.318493 0.000000
vn -0.947925 -0.318493 -0.000000
vn -0.930876 -0.365335 0.000000
vn -0.930876 -0.365335 -0.000000
vn -0.911502 -0.411296 0.000000
vn -0.911502 -0.411296 -0.000000
vn -0.889874 -0.456207 0.000000
vn -0.889874 -0.456207 -0.000000
vn -0.866024 -0.500002 0.000000
vn -0.866024 -0.500002 -0.000000
vn -0.840028 -0.542543 -0.000000
vn -0.840028 -0.542543 0.000000
vn -0.811940 -0.583741 -0.000000
vn -0.811940 -0.583741 0.000000
vn -0.781831 -0.623491 -0.000000
vn -0.781831 -0.623491 0.000000
vn -0.749786 -0.661680 -0.000000
vn -0.749786 -0.661680 0.000000
vn -0.715860 -0.698244 -0.000000
vn -0.680174 -0.733050 -0.000000
vn -0.715860 -0.698244 0.000000
vn -0.680174 -0.733050 -0.000000
vn -0.642781 -0.766050 -0.000000
vn -0.642781 -0.766050 0.000000
vn -0.603812 -0.797126 -0.000000
vn -0.563319 -0.826240 -0.000000
vn -0.603812 -0.797126 0.000000
vn -0.563319 -0.826240 -0.000000
vn -0.521436 -0.853290 -0.000000
vn -0.478254 -0.878222 -0.000000
vn -0.521436 -0.853290 0.000000
vn -0.478254 -0.878222 -0.000000
vn -0.433883 -0.900969 -0.000000
vn -0.433883 -0.900969 0.000000
vn -0.388439 -0.921474 -0.000000
vn -0.388439 -0.921474 0.000000
vn -0.342016 -0.939694 0.000000
vn -0.342016 -0.939694 -0.000000
vn -0.294753 -0.955573 0.000000
vn -0.294753 -0.955573 -0.000000
vn -0.246759 -0.969077 0.000000
vn -0.246759 -0.969077 -0.000000
vn -0.198150 -0.980172 -0.000000
vn -0.198150 -0.980172 -0.000000
vn -0.149035 -0.988832 -0.000000
vn -0.099572 -0.995030 -0.000000
vn -0.149035 -0.988832 0.000000
vn -0.099572 -0.995030 -0.000000
vn -0.049844 -0.998757 -0.000000
vn 0.000000 -1.000000 0.000000
vn -0.049844 -0.998757 0.000000
vn -0.000000 -1.000000 -0.000000
vn 0.049844 -0.998757 0.000000
vn 0.049844 -0.998757 0.000000
vn 0.099572 -0.995030 0.000000
vn 0.149033 -0.988832 0.000000
vn 0.099572 -0.995030 0.000000
vn 0.149033 -0.988832 0.000000
vn 0.198153 -0.980171 0.000000
vn 0.246764 -0.969076 0.000000
vn 0.198153 -0.980171 0.000000
vn 0.246764 -0.969076 0.000000
vn 0.294742 -0.955577 0.000000
vn 0.342023 -0.939692 0.000000
vn 0.294742 -0.955577 0.000000
vn 0.342023 -0.939692 0.000000
vn 0.388439 -0.921474 0.000000
vn 0.388439 -0.921474 0.000000
vn 0.433883 -0.900969 0.000000
vn 0.433883 -0.900969 0.000000
vn 0.478254 -0.878222 0.000000
vn 0.521445 -0.853285 0.000000
vn 0.478254 -0.878222 0.000000
vn 0.563310 -0.826246 0.000000
vn 0.521445 -0.853285 0.000000
vn 0.563310 -0.826246 0.000000
vn 0.603812 -0.797126 0.000000
vn 0.603812 -0.797126 0.000000
vn 0.642781 -0.766050 0.000000
vn 0.642781 -0.766050 0.000000
vn 0.680174 -0.733050 0.000000
vn 0.680174 -0.733050 0.000000
vn 0.715869 -0.698234 0.000000
vn 0.749777 -0.661691 0.000000
vn 0.715869 -0.698234 0.000000
vn 0.781831 -0.623491 0.000000
vn 0.749777 -0.661691 0.000000
vn 0.781831 -0.623491 0.000000
vn 0.811940 -0.583741 0.000000
vn 0.811940 -0.583741 0.000000
vn 0.840028 -0.542543 0.000000
vn 0.840028 -0.542543 0.000000
vn 0.866024 -0.500002 0.000000
vn 0.866024 -0.500002 0.000000
vn 0.889874 -0.456207 0.000000
vn 0.889874 -0.456207 0.000000
vn 0.911502 -0.411296 0.000000
vn 0.911502 -0.411296 0.000000
vn 0.930870 -0.365351 0.000000
vn 0.930870 -0.365351 0.000000
vn 0.947937 -0.318459 0.000000
vn 0.947937 -0.318459 0.000000
vn 0.962616 -0.270869 0.000000
vn 0.962616 -0.270869 0.000000
vn 0.974928 -0.222518 0.000000
vn 0.974928 -0.222518 0.000000
vn 0.984811 -0.173630 0.000000
vn 0.984811 -0.173630 0.000000
vn 0.992237 -0.124361 0.000000
vn 0.992237 -0.124361 0.000000
vn 0.997205 -0.074708 0.000000
vn 0.997205 -0.074708 0.000000
vn 0.999689 -0.024941 0.000000
vn 0.999689 -0.024941 0.000000
vn 0.000000 0.000000 1.000000
vn 0.000000 0.000000 1.000000
vn 0.000000 0.000000 1.000000
vn 0.000000 0.000000 1.000000
vn 0.000000 0.000000 1.000000
vn 0.000000 0.000000 1.000000
vn 0.000000 0.000000 1.000000
vn 0.000000 0.000000 1.000000
vn 0.000000 0.000000 1.000000
vn 0.000000 0.000000 1.000000
vn 0.000000 0.000000 1.000000
vn 0.000000 0.000000 1.000000
vn 0.000000 0.000000 1.000000
vn 0.000000 0.000000 1.000000
vn 0.000000 0.000000 1.000000
vn 0.000000 0.000000 1.000000
vn 0.000000 0.000000 1.000000
vn 0.000000 0.000000 1.000000
vn 0.000000 0.000000 1.000000
vn 0.000000 0.000000 1.000000
vn 0.000000 0.000000 1.000000
vn 0.000000 0.000000 1.000000
vn 0.000000 0.000000 1.000000
vn 0.000000 0.000000 1.000000
vn 0.000000 0.000000 1.000000
vn 0.000000 0.000000 1.000000
vn 0.000000 0.000000 1.000000
vn 0.000000 0.000000 1.000000
vn 0.000000 0.000000 1.000000
vn 0.000000 0.000000 1.000000
vn 0.000000 0.000000 1.000000
vn 0.000000 0.000000 1.000000
vn 0.000000 0.000000 1.000000
vn 0.000000 0.000000 1.000000
vn 0.000000 0.000000 1.000000
vn 0.000000 0.000000 1.000000
vn 0.000000 0.000000 1.000000
vn 0.000000 0.000000 1.000000
vn 0.000000 0.000000 1.000000
vn 0.000000 0.000000 1.000000
vn 0.000000 0.000000 1.000000
vn 0.000000 0.000000 1.000000
vn 0.000000 0.000000 1.000000
vn 0.000000 0.000000 1.000000
vn 0.000000 0.000000 1.000000
vn 0.000000 0.000000 1.000000
vn 0.000000 0.000000 1.000000
vn 0.000000 0.000000 1.000000
vn 0.000000 0.000000 1.000000
vn 0.000000 0.000000 1.000000
vn 0.000000 0.000000 1.000000
vn 0.000000 0.000000 1.000000
vn 0.000000 0.000000 1.000000
vn 0.000000 0.000000 1.000000
vn 0.000000 0.000000 1.000000
vn 0.000000 0.000000 1.000000
vn 0.000000 0.000000 1.000000
vn 0.000000 0.000000 1.000000
vn 0.000000 0.000000 1.000000
vn 0.000000 0.000000 1.000000
vn 0.000000 0.000000 1.000000
vn 0.000000 0.000000 1.000000
vn 0.000000 0.000000 1.000000
vn 0.000000 0.000000 1.000000
vn 0.000000 0.000000 1.000000
vn 0.000000 0.000000 1.000000
vn 0.000000 0.000000 1.000000
vn 0.000000 0.000000 1.000000
vn 0.000000 0.000000 1.000000
vn 0.000000 0.000000 1.000000
vn 0.000000 0.000000 1.000000
vn 0.000000 0.000000 1.000000
vn 0.000000 0.000000 1.000000
vn 0.000000 0.000000 1.000000
vn 0.000000 0.000000 1.000000
vn 0.000000 0.000000 1.000000
vn 0.000000 0.000000 1.000000
vn 0.000000 0.000000 1.000000
vn 0.000000 0.000000 1.000000
vn 0.000000 0.000000 1.000000
vn 0.000000 0.000000 1.000000
vn 0.000000 0.000000 1.000000
vn 0.000000 0.000000 1.000000
vn 0.000000 0.000000 1.000000
vn 0.000000 0.000000 1.000000
vn 0.000000 0.000000 1.000000
vn 0.000000 0.000000 1.000000
vn 0.000000 0.000000 1.000000
vn 0.000000 0.000000 1.000000
vn 0.000000 0.000000 1.000000
vn 0.000000 0.000000 1.000000
vn 0.000000 0.000000 1.000000
vn 0.000000 0.000000 1.000000
vn 0.000000 0.000000 1.000000
vn 0.000000 0.000000 1.000000
vn 0.000000 0.000000 1.000000
vn 0.000000 0.000000 1.000000
vn 0.000000 0.000000 1.000000
vn 0.000000 0.000000 1.000000
vn 0.000000 0.000000 1.000000
vn 0.000000 0.000000 1.000000
vn 0.000000 0.000000 1.000000
vn 0.000000 0.000000 1.000000
vn 0.000000 0.000000 1.000000
vn 0.000000 0.000000 1.000000
vn 0.000000 0.000000 1.000000
vn 0.000000 0.000000 1.000000
vn 0.000000 0.000000 1.000000
vn 0.000000 0.000000 1.000000
vn 0.000000 0.000000 1.000000
vn 0.000000 0.000000 1.000000
vn 0.000000 0.000000 1.000000
vn 0.000000 0.000000 1.000000
vn 0.000000 0.000000 1.000000
vn 0.000000 0.000000 1.000000
vn 0.000000 0.000000 1.000000
vn 0.000000 0.000000 1.000000
vn 0.000000 0.000000 1.000000
vn 0.000000 0.000000 1.000000
vn 0.000000 0.000000 1.000000
vn 0.000000 0.000000 1.000000
vn 0.000000 0.000000 1.000000
vn 0.000000 0.000000 1.000000
vn 0.000000 0.000000 1.000000
vn 0.000000 0.000000 -1.000000
vn 0.000000 0.000000 -1.000000
vn 0.000000 0.000000 -1.000000
vn 0.000000 -0.000000 -1.000000
vn 0.000000 -0.000000 -1.000000
vn 0.000000 0.000000 -1.000000
vn 0.000000 0.000000 -1.000000
vn -0.000000 -0.000000 -1.000000
vn -0.000000 -0.000000 -1.000000
vn 0.000000 0.000000 -1.000000
vn 0.000000 0.000000 -1.000000
vn -0.000000 -0.000000 -1.000000
vn 0.000000 0.000000 -1.000000
vn 0.000000 0.000000 -1.000000
vn -0.000000 -0.000000 -1.000000
vn 0.000000 -0.000000 -1.000000
vn 0.000000 -0.000000 -1.000000
vn -0.000000 -0.000000 -1.000000
vn 0.000000 -0.000000 -1.000000
vn 0.000000 -0.000000 -1.000000
vn 0.000000 -0.000000 -1.000000
vn 0.000000 0.000000 -1.000000
vn 0.000000 -0.000000 -1.000000
vn 0.000000 -0.000000 -1.000000
vn 0.000000 -0.000000 -1.000000
vn 0.000000 -0.000000 -1.000000
vn 0.000000 -0.000000 -1.000000
vn 0.000000 0.000000 -1.000000
vn 0.000000 0.000000 -1.000000
vn 0.000000 0.000000 -1.000000
vn 0.000000 0.000000 -1.000000
vn 0.000000 -0.000000 -1.000000
vn 0.000000 0.000000 -1.000000
vn 0.000000 0.000000 -1.000000
vn 0.000000 0.000000 -1.000000
vn 0.000000 0.000000 -1.000000
vn 0.000000 0.000000 -1.000000
vn 0.000000 0.000000 -1.000000
vn 0.000000 0.000000 -1.000000
vn 0.000000 0.000000 -1.000000
vn 0.000000 -0.000000 -1.000000
vn 0.000000 0.000000 -1.000000
vn 0.000000 0.000000 -1.000000
vn 0.000000 0.000000 -1.000000
vn 0.000000 0.000000 -1.000000
vn 0.000000 0.000000 -1.000000
vn -0.000000 -0.000000 -1.000000
vn 0.000000 0.000000 -1.000000
vn 0.000000 0.000000 -1.000000
vn 0.000000 0.000000 -1.000000
vn 0.000000 0.000000 -1.000000
vn 0.000000 0.000000 -1.000000
vn 0.000000 0.000000 -1.000000
vn 0.000000 0.000000 -1.000000
vn 0.000000 0.000000 -1.000000
vn 0.000000 0.000000 -1.000000
vn 0.000000 -0.000000 -1.000000
vn 0.000000 0.000000 -1.000000
vn 0.000000 0.000000 -1.000000
vn 0.000000 0.000000 -1.000000
vn 0.000000 0.000000 -1.000000
vn 0.000000 0.000000 -1.000000
vn 0.000000 0.000000 -1.000000
vn 0.000000 0.000000 -1.000000
vn 0.000000 0.000000 -1.000000
vn 0.000000 0.000000 -1.000000
vn 0.000000 0.000000 -1.000000
vn 0.000000 0.000000 -1.000000
vn 0.000000 0.000000 -1.000000
vn 0.000000 0.000000 -1.000000
vn 0.000000 0.000000 -1.000000
vn 0.000000 -0.000000 -1.000000
vn 0.000000 -0.000000 -1.000000
vn 0.000000 0.000000 -1.000000
vn 0.000000 0.000000 -1.000000
vn 0.000000 0.000000 -1.000000
vn 0.000000 -0.000000 -1.000000
vn 0.000000 -0.000000 -1.000000
vn 0.000000 -0.000000 -1.000000
vn 0.000000 0.000000 -1.000000
vn 0.000000 0.000000 -1.000000
vn 0.000000 0.000000 -1.000000
vn 0.000000 -0.000000 -1.000000
vn 0.000000 -0.000000 -1.000000
vn 0.000000 0.000000 -1.000000
vn 0.000000 0.000000 -1.000000
vn 0.000000 -0.000000 -1.000000
vn 0.000000 -0.000000 -1.000000
vn 0.000000 0.000000 -1.000000
vn 0.000000 0.000000 -1.000000
vn 0.000000 -0.000000 -1.000000
vn 0.000000 -0.000000 -1.000000
vn 0.000000 -0.000000 -1.000000
vn 0.000000 0.000000 -1.000000
vn 0.000000 0.000000 -1.000000
vn 0.000000 0.000000 -1.000000
vn 0.000000 -0.000000 -1.000000
vn 0.000000 -0.000000 -1.000000
vn 0.000000 0.000000 -1.000000
vn 0.000000 0.000000 -1.000000
vn 0.000000 -0.000000 -1.000000
vn 0.000000 0.000000 -1.000000
vn 0.000000 0.000000 -1.000000
vn 0.000000 0.000000 -1.000000
vn -0.000000 -0.000000 -1.000000
vn 0.000000 0.000000 -1.000000
vn 0.000000 0.000000 -1.000000
vn 0.000000 0.000000 -1.000000
vn -0.000000 -0.000000 -1.000000
vn -0.000000 -0.000000 -1.000000
vn 0.000000 -0.000000 -1.000000
vn -0.000000 -0.000000 -1.000000
vn -0.000000 -0.000000 -1.000000
vn 0.000000 0.000000 -1.000000
vn 0.000000 0.000000 -1.000000
vn -0.000000 -0.000000 -1.000000
vn -0.000000 -0.000000 -1.000000
vn 0.000000 0.000000 -1.000000
vn 0.000000 0.000000 -1.000000
vn -0.000000 -0.000000 -1.000000
vn 0.000000 0.000000 -1.000000
vn 0.000000 0.000000 -1.000000
vn -0.000000 -0.000000 -1.000000
vn 0.000000 0.000000 -1.000000
vn 0.999689 0.024922 0.000000
vn 0.999689 0.024922 0.000000
vn 0.997203 0.074746 0.000000
vn 0.997203 0.074746 0.000000
vn 0.992240 0.124341 0.000000
vn 0.992240 0.124341 0.000000
vn 0.984807 0.173650 0.000000
vn 0.984807 0.173650 0.000000
vn 0.974929 0.222517 0.000000
vn 0.974929 0.222517 0.000000
vn 0.962627 0.270832 0.000000
vn 0.962627 0.270832 0.000000
vn 0.947925 0.318495 0.000000
vn 0.947925 0.318495 0.000000
vn 0.930876 0.365335 0.000000
vn 0.930876 0.365335 0.000000
vn 0.911502 0.411296 0.000000
vn 0.889875 0.456205 0.000000
vn 0.911502 0.411296 0.000000
vn 0.889875 0.456205 0.000000
vn 0.866023 0.500004 0.000000
vn 0.866023 0.500004 0.000000
vn 0.840028 0.542543 0.000000
vn 0.840028 0.542543 0.000000
vn 0.811938 0.583744 0.000000
vn 0.811938 0.583744 0.000000
vn 0.781834 0.623486 0.000000
vn 0.781834 0.623486 0.000000
vn 0.749782 0.661685 0.000000
vn 0.749782 0.661685 0.000000
vn 0.715860 0.698244 0.000000
vn 0.715860 0.698244 0.000000
vn 0.680177 0.733048 0.000000
vn 0.680177 0.733048 0.000000
vn 0.642783 0.766048 0.000000
vn 0.642783 0.766048 0.000000
vn 0.603812 0.797126 0.000000
vn 0.603812 0.797126 0.000000
vn 0.563316 0.826242 0.000000
vn 0.563316 0.826242 0.000000
vn 0.521436 0.853290 0.000000
vn 0.521436 0.853290 0.000000
vn 0.478257 0.878220 0.000000
vn 0.478257 0.878220 0.000000
vn 0.433883 0.900969 0.000000
vn 0.433883 0.900969 0.000000
vn 0.388431 0.921478 0.000000
vn 0.388431 0.921478 0.000000
vn 0.342016 0.939694 0.000000
vn 0.342016 0.939694 0.000000
vn 0.294762 0.955571 0.000000
vn 0.294762 0.955571 0.000000
vn 0.246755 0.969078 0.000000
vn 0.246755 0.969078 0.000000
vn 0.198145 0.980173 0.000000
vn 0.198145 0.980173 0.000000
vn 0.149045 0.988830 0.000000
vn 0.149045 0.988830 0.000000
vn 0.099567 0.995031 0.000000
vn 0.099567 0.995031 0.000000
vn 0.049844 0.998757 0.000000
vn 0.049844 0.998757 0.000000
vn 0.000000 1.000000 0.000000
vn -0.000000 1.000000 0.000000
vn -0.049844 0.998757 0.000000
vn -0.049844 0.998757 0.000000
vn -0.099567 0.995031 0.000000
vn -0.099567 0.995031 0.000000
vn -0.149042 0.988831 0.000000
vn -0.149042 0.988831 0.000000
vn -0.198149 0.980172 0.000000
vn -0.198149 0.980172 0.000000
vn -0.246759 0.969077 0.000000
vn -0.246759 0.969077 0.000000
vn -0.294751 0.955574 0.000000
vn -0.294751 0.955574 0.000000
vn -0.342023 0.939692 0.000000
vn -0.342023 0.939692 0.000000
vn -0.388431 0.921478 0.000000
vn -0.388431 0.921478 0.000000
vn -0.433883 0.900969 0.000000
vn -0.433883 0.900969 0.000000
vn -0.478257 0.878220 0.000000
vn -0.478257 0.878220 0.000000
vn -0.521445 0.853285 0.000000
vn -0.521445 0.853285 0.000000
vn -0.563307 0.826248 0.000000
vn -0.563307 0.826248 0.000000
vn -0.603812 0.797126 0.000000
vn -0.603812 0.797126 0.000000
vn -0.642783 0.766048 0.000000
vn -0.642783 0.766048 0.000000
vn -0.680177 0.733048 0.000000
vn -0.680177 0.733048 0.000000
vn -0.715869 0.698234 0.000000
vn -0.715869 0.698234 0.000000
vn -0.749773 0.661696 0.000000
vn -0.749773 0.661696 0.000000
vn -0.781834 0.623486 0.000000
vn -0.781834 0.623486 0.000000
vn -0.811938 0.583744 0.000000
vn -0.811938 0.583744 0.000000
vn -0.840028 0.542543 0.000000
vn -0.840028 0.542543 0.000000
vn -0.866023 0.500004 0.000000
vn -0.866023 0.500004 0.000000
vn -0.889875 0.456205 0.000000
vn -0.889875 0.456205 0.000000
vn -0.911502 0.411296 0.000000
vn -0.911502 0.411296 0.000000
vn -0.930870 0.365351 0.000000
vn -0.930870 0.365351 0.000000
vn -0.947936 0.318460 0.000000
vn -0.947936 0.318460 0.000000
vn -0.962617 0.270868 0.000000
vn -0.962617 0.270868 0.000000
vn -0.974929 0.222517 0.000000
vn -0.974929 0.222517 0.000000
vn -0.984811 0.173631 0.000000
vn -0.992237 0.124360 0.000000
vn -0.984811 0.173631 0.000000
vn -0.992237 0.124360 0.000000
vn -0.997205 0.074708 0.000000
vn -0.997205 0.074708 0.000000
vn -0.999689 0.024941 0.000000
vn -0.999689 0.024941 0.000000
vn -0.999689 -0.024941 -0.000000
vn -0.999689 -0.024941 -0.000000
vn -0.997205 -0.074708 0.000000
vn -0.997205 -0.074708 -0.000000
vn -0.992237 -0.124361 -0.000000
vn -0.992237 -0.124361 -0.000000
vn -0.984811 -0.173630 0.000000
vn -0.984811 -0.173630 -0.000000
vn -0.974928 -0.222518 0.000000
vn -0.974928 -0.222518 -0.000000
vn -0.962616 -0.270869 0.000000
vn -0.962616 -0.270869 -0.000000
vn -0.947937 -0.318459 0.000000
vn -0.947937 -0.318459 -0.000000
vn -0.930870 -0.365351 0.000000
vn -0.930870 -0.365351 -0.000000
vn -0.911502 -0.411296 0.000000
vn -0.911502 -0.411296 -0.000000
vn -0.889874 -0.456207 0.000000
vn -0.889874 -0.456207 -0.000000
vn -0.866024 -0.500002 0.000000
vn -0.866024 -0.500002 -0.000000
vn -0.840028 -0.542543 -0.000000
vn -0.840028 -0.542543 0.000000
vn -0.811940 -0.583741 -0.000000
vn -0.811940 -0.583741 0.000000
vn -0.781831 -0.623491 -0.000000
vn -0.781831 -0.623491 0.000000
vn -0.749777 -0.661691 -0.000000
vn -0.749777 -0.661691 0.000000
vn -0.715869 -0.698234 -0.000000
vn -0.680174 -0.733050 -0.000000
vn -0.715869 -0.698234 0.000000
vn -0.680174 -0.733050 -0.000000
vn -0.642781 -0.766050 -0.000000
vn -0.642781 -0.766050 0.000000
vn -0.603812 -0.797126 -0.000000
vn -0.563310 -0.826246 -0.000000
vn -0.603812 -0.797126 0.000000
vn -0.563310 -0.826246 -0.000000
vn -0.521445 -0.853285 -0.000000
vn -0.478254 -0.878222 -0.000000
vn -0.521445 -0.853285 0.000000
vn -0.478254 -0.878222 -0.000000
vn -0.433883 -0.900969 -0.000000
vn -0.433883 -0.900969 0.000000
vn -0.388439 -0.921474 -0.000000
vn -0.388439 -0.921474 0.000000
vn -0.342023 -0.939692 0.000000
vn -0.342023 -0.939692 -0.000000
vn -0.294742 -0.955577 0.000000
vn -0.294742 -0.955577 -0.000000
vn -0.246764 -0.969076 0.000000
vn -0.246764 -0.969076 -0.000000
vn -0.198153 -0.980171 -0.000000
vn -0.198153 -0.980171 -0.000000
vn -0.149033 -0.988832 -0.000000
vn -0.099572 -0.995030 -0.000000
vn -0.149033 -0.988832 0.000000
vn -0.099572 -0.995030 -0.000000
vn -0.049844 -0.998757 -0.000000
vn 0.000000 -1.000000 0.000000
vn -0.049844 -0.998757 0.000000
vn -0.000000 -1.000000 -0.000000
vn 0.049844 -0.998757 0.000000
vn 0.049844 -0.998757 0.000000
vn 0.099572 -0.995030 0.000000
vn 0.149035 -0.988832 0.000000
vn 0.099572 -0.995030 0.000000
vn 0.149035 -0.988832 0.000000
vn 0.198150 -0.980172 0.000000
vn 0.246759 -0.969077 0.000000
vn 0.198150 -0.980172 0.000000
vn 0.246759 -0.969077 0.000000
vn 0.294753 -0.955573 0.000000
vn 0.342016 -0.939694 0.000000
vn 0.294753 -0.955573 0.000000
vn 0.342016 -0.939694 0.000000
vn 0.388439 -0.921474 0.000000
vn 0.388439 -0.921474 0.000000
vn 0.433883 -0.900969 0.000000
vn 0.433883 -0.900969 0.000000
vn 0.478254 -0.878222 0.000000
vn 0.521436 -0.853290 0.000000
vn 0.478254 -0.878222 0.000000
vn 0.563319 -0.826240 0.000000
vn 0.521436 -0.853290 0.000000
vn 0.563319 -0.826240 0.000000
vn 0.603812 -0.797126 0.000000
vn 0.603812 -0.797126 0.000000
vn 0.642781 -0.766050 0.000000
vn 0.642781 -0.766050 0.000000
vn 0.680174 -0.733050 0.000000
vn 0.680174 -0.733050 0.000000
vn 0.715860 -0.698244 0.000000
vn 0.749786 -0.661680 0.000000
vn 0.715860 -0.698244 0.000000
vn 0.781831 -0.623491 0.000000
vn 0.749786 -0.661680 0.000000
vn 0.781831 -0.623491 0.000000
vn 0.811940 -0.583741 0.000000
vn 0.811940 -0.583741 0.000000
vn 0.840028 -0.542543 0.000000
vn 0.840028 -0.542543 0.000000
vn 0.866024 -0.500002 0.000000
vn 0.866024 -0.500002 0.000000
vn 0.889874 -0.456207 0.000000
vn 0.889874 -0.456207 0.000000
vn 0.911502 -0.411296 0.000000
vn 0.911502 -0.411296 0.000000
vn 0.930876 -0.365335 0.000000
vn 0.930876 -0.365335 0.000000
vn 0.947925 -0.318493 0.000000
vn 0.947925 -0.318493 0.000000
vn 0.962626 -0.270834 0.000000
vn 0.962626 -0.270834 0.000000
vn 0.974928 -0.222518 0.000000
vn 0.974928 -0.222518 0.000000
vn 0.984808 -0.173648 0.000000
vn 0.984808 -0.173648 0.000000
vn 0.992239 -0.124342 0.000000
vn 0.992239 -0.124342 0.000000
vn 0.997203 -0.074746 0.000000
vn 0.997203 -0.074746 0.000000
vn 0.999689 -0.024922 0.000000
vn 0.999689 -0.024922 0.000000
vn 0.000000 0.000000 1.000000
vn 0.000000 0.000000 1.000000
vn 0.000000 0.000000 1.000000
vn 0.000000 0.000000 1.000000
vn 0.000000 0.000000 1.000000
vn 0.000000 0.000000 1.000000
vn 0.000000 0.000000 1.000000
vn 0.000000 0.000000 1.000000
vn 0.000000 0.000000 1.000000
vn 0.000000 0.000000 1.000000
vn 0.000000 0.000000 1.000000
vn 0.000000 0.000000 1.000000
vn 0.000000 0.000000 1.000000
vn 0.000000 0.000000 1.000000
vn 0.000000 0.000000 1.000000
vn 0.000000 0.000000 1.000000
vn 0.000000 0.000000 1.000000
vn 0.000000 0.000000 1.000000
vn 0.000000 0.000000 1.000000
vn 0.000000 0.000000 1.000000
vn 0.000000 0.000000 1.000000
vn 0.000000 0.000000 1.000000
vn 0.000000 0.000000 1.000000
vn 0.000000 0.000000 1.000000
vn 0.000000 0.000000 1.000000
vn 0.000000 0.000000 1.000000
vn 0.000000 0.000000 1.000000
vn 0.000000 0.000000 1.000000
vn 0.000000 0.000000 1.000000
vn 0.000000 0.000000 1.000000
vn 0.000000 0.000000 1.000000
vn 0.000000 0.000000 1.000000
vn 0.000000 0.000000 1.000000
vn 0.000000 0.000000 1.000000
vn 0.000000 0.000000 1.000000
vn 0.000000 0.000000 1.000000
vn 0.000000 0.000000 1.000000
vn 0.000000 0.000000 1.000000
vn 0.000000 0.000000 1.000000
vn 0.000000 0.000000 1.000000
vn 0.000000 0.000000 1.000000
vn 0.000000 0.000000 1.000000
vn 0.000000 0.000000 1.000000
vn 0.000000 0.000000 1.000000
vn 0.000000 0.000000 1.000000
vn 0.000000 0.000000 1.000000
vn 0.000000 0.000000 1.000000
vn 0.000000 0.000000 1.000000
vn 0.000000 0.000000 1.000000
vn 0.000000 0.000000 1.000000
vn 0.000000 0.000000 1.000000
vn 0.000000 0.000000 1.000000
vn 0.000000 0.000000 1.000000
vn 0.000000 0.000000 1.000000
vn 0.000000 0.000000 1.000000
vn 0.000000 0.000000 1.000000
vn 0.000000 0.000000 1.000000
vn 0.000000 0.000000 1.000000
vn 0.000000 0.000000 1.000000
vn 0.000000 0.000000 1.000000
vn 0.000000 0.000000 1.000000
vn 0.000000 0.000000 1.000000
vn 0.000000 0.000000 1.000000
vn 0.000000 0.000000 1.000000
vn 0.000000 0.000000 1.000000
vn 0.000000 0.000000 1.000000
vn 0.000000 0.000000 1.000000
vn 0.000000 0.000000 1.000000
vn 0.000000 0.000000 1.000000
vn 0.000000 0.000000 1.000000
vn 0.000000 0.000000 1.000000
vn 0.000000 0.000000 1.000000
vn 0.000000 0.000000 1.000000
vn 0.000000 0.000000 1.000000
vn 0.000000 0.000000 1.000000
vn 0.000000 0.000000 1.000000
vn 0.000000 0.000000 1.000000
vn 0.000000 0.000000 1.000000
vn 0.000000 0.000000 1.000000
vn 0.000000 0.000000 1.000000
vn 0.000000 0.000000 1.000000
vn 0.000000 0.000000 1.000000
vn 0.000000 0.000000 1.000000
vn 0.000000 0.000000 1.000000
vn 0.000000 0.000000 1.000000
vn 0.000000 0.000000 1.000000
vn 0.000000 0.000000 1.000000
vn 0.000000 0.000000 1.000000
vn 0.000000 0.000000 1.000000
vn 0.000000 0.000000 1.000000
vn 0.000000 0.000000 1.000000
vn 0.000000 0.000000 1.000000
vn 0.000000 0.000000 1.000000
vn 0.000000 0.000000 1.000000
vn 0.000000 0.000000 1.000000
vn 0.000000 0.000000 1.000000
vn 0.000000 0.000000 1.000000
vn 0.000000 0.000000 1.000000
vn 0.000000 0.000000 1.000000
vn 0.000000 0.000000 1.000000
vn 0.000000 0.000000 1.000000
vn 0.000000 0.000000 1.000000
vn 0.000000 0.000000 1.000000
vn 0.000000 0.000000 1.000000
vn 0.000000 0.000000 1.000000
vn 0.000000 0.000000 1.000000
vn 0.000000 0.000000 1.000000
vn 0.000000 0.000000 1.000000
vn 0.000000 0.000000 1.000000
vn 0.000000 0.000000 1.000000
vn 0.000000 0.000000 1.000000
vn 0.000000 0.000000 1.000000
vn 0.000000 0.000000 1.000000
vn 0.000000 0.000000 1.000000
vn 0.000000 0.000000 1.000000
vn 0.000000 0.000000 1.000000
vn 0.000000 0.000000 1.000000
vn 0.000000 0.000000 1.000000
vn 0.000000 0.000000 1.000000
vn 0.000000 0.000000 1.000000
vn 0.000000 0.000000 1.000000
vn 0.000000 0.000000 1.000000
vn 0.000000 0.000000 1.000000
vn 0.000000 0.000000 1.000000
vn 0.000000 0.000000 -1.000000
vn 0.000000 0.000000 -1.000000
vn 0.000000 0.000000 -1.000000
vn 0.000000 -0.000000 -1.000000
vn 0.000000 -0.000000 -1.000000
vn 0.000000 0.000000 -1.000000
vn 0.000000 0.000000 -1.000000
vn -0.000000 -0.000000 -1.000000
vn -0.000000 -0.000000 -1.000000
vn 0.000000 0.000000 -1.000000
vn 0.000000 0.000000 -1.000000
vn -0.000000 -0.000000 -1.000000
vn 0.000000 0.000000 -1.000000
vn 0.000000 0.000000 -1.000000
vn -0.000000 -0.000000 -1.000000
vn 0.000000 -0.000000 -1.000000
vn 0.000000 -0.000000 -1.000000
vn -0.000000 -0.000000 -1.000000
vn 0.000000 -0.000000 -1.000000
vn 0.000000 -0.000000 -1.000000
vn 0.000000 -0.000000 -1.000000
vn 0.000000 0.000000 -1.000000
vn 0.000000 -0.000000 -1.000000
vn 0.000000 -0.000000 -1.000000
vn 0.000000 -0.000000 -1.000000
vn 0.000000 -0.000000 -1.000000
vn 0.000000 -0.000000 -1.000000
vn 0.000000 0.000000 -1.000000
vn 0.000000 0.000000 -1.000000
vn 0.000000 0.000000 -1.000000
vn 0.000000 0.000000 -1.000000
vn 0.000000 -0.000000 -1.000000
vn 0.000000 0.000000 -1.000000
vn 0.000000 0.000000 -1.000000
vn 0.000000 0.000000 -1.000000
vn 0.000000 0.000000 -1.000000
vn 0.000000 0.000000 -1.000000
vn 0.000000 0.000000 -1.000000
vn 0.000000 0.000000 -1.000000
vn 0.000000 0.000000 -1.000000
vn 0.000000 -0.000000 -1.000000
vn 0.000000 0.000000 -1.000000
vn 0.000000 0.000000 -1.000000
vn 0.000000 0.000000 -1.000000
vn 0.000000 0.000000 -1.000000
vn 0.000000 0.000000 -1.000000
vn -0.000000 -0.000000 -1.000000
vn 0.000000 0.000000 -1.000000
vn 0.000000 0.000000 -1.000000
vn 0.000000 0.000000 -1.000000
vn 0.000000 0.000000 -1.000000
vn 0.000000 0.000000 -1.000000
vn 0.000000 0.000000 -1.000000
vn 0.000000 0.000000 -1.000000
vn 0.000000 0.000000 -1.000000
vn 0.000000 0.000000 -1.000000
vn 0.000000 -0.000000 -1.000000
vn 0.000000 0.000000 -1.000000
vn 0.000000 0.000000 -1.000000
vn 0.000000 0.000000 -1.000000
vn 0.000000 0.000000 -1.000000
vn 0.000000 0.000000 -1.000000
vn 0.000000 0.000000 -1.000000
vn 0.000000 0.000000 -1.000000
vn 0.000000 0.000000 -1.000000
vn 0.000000 0.000000 -1.000000
vn 0.000000 0.000000 -1.000000
vn 0.000000 0.000000 -1.000000
vn 0.000000 0.000000 -1.000000
vn 0.000000 0.000000 -1.000000
vn 0.000000 0.000000 -1.000000
vn 0.000000 -0.000000 -1.000000
vn 0.000000 -0.000000 -1.000000
vn 0.000000 0.000000 -1.000000
vn 0.000000 0.000000 -1.000000
vn 0.000000 0.000000 -1.000000
vn 0.000000 -0.000000 -1.000000
vn 0.000000 -0.000000 -1.000000
vn 0.000000 -0.000000 -1.000000
vn 0.000000 0.000000 -1.000000
vn 0.000000 0.000000 -1.000000
vn 0.000000 0.000000 -1.000000
vn 0.000000 -0.000000 -1.000000
vn 0.000000 -0.000000 -1.000000
vn 0.000000 0.000000 -1.000000
vn 0.000000 0.000000 -1.000000
vn 0.000000 -0.000000 -1.000000
vn 0.000000 -0.000000 -1.000000
vn 0.000000 0.000000 -1.000000
vn 0.000000 0.000000 -1.000000
vn 0.000000 -0.000000 -1.000000
vn 0.000000 -0.000000 -1.000000
vn 0.000000 -0.000000 -1.000000
vn 0.000000 0.000000 -1.000000
vn 0.000000 0.000000 -1.000000
vn 0.000000 0.000000 -1.000000
vn 0.000000 -0.000000 -1.000000
vn 0.000000 -0.000000 -1.000000
vn 0.000000 0.000000 -1.000000
vn 0.000000 0.000000 -1.000000
vn 0.000000 -0.000000 -1.000000
vn 0.000000 0.000000 -1.000000
vn 0.000000 0.000000 -1.000000
vn 0.000000 0.000000 -1.000000
vn -0.000000 -0.000000 -1.000000
vn 0.000000 0.000000 -1.000000
vn 0.000000 0.000000 -1.000000
vn 0.000000 0.000000 -1.000000
vn -0.000000 -0.000000 -1.000000
vn -0.000000 -0.000000 -1.000000
vn 0.000000 -0.000000 -1.000000
vn -0.000000 -0.000000 -1.000000
vn -0.000000 -0.000000 -1.000000
vn 0.000000 0.000000 -1.000000
vn 0.000000 0.000000 -1.000000
vn -0.000000 -0.000000 -1.000000
vn -0.000000 -0.000000 -1.000000
vn 0.000000 0.000000 -1.000000
vn 0.000000 0.000000 -1.000000
vn -0.000000 -0.000000 -1.000000
vn 0.000000 0.000000 -1.000000
vn 0.000000 0.000000 -1.000000
vn -0.000000 -0.000000 -1.000000
vn 0.000000 0.000000 -1.000000
vn 0.999689 0.024919 0.000000
vn 0.999689 0.024919 0.000000
vn 0.997204 0.074730 0.000000
vn 0.997204 0.074730 0.000000
vn 0.992238 0.124350 0.000000
vn 0.992238 0.124350 0.000000
vn 0.984807 0.173655 0.000000
vn 0.974930 0.222510 0.000000
vn 0.984807 0.173655 0.000000
vn 0.974930 0.222510 0.000000
vn 0.962623 0.270845 0.000000
vn 0.962623 0.270845 0.000000
vn 0.947928 0.318484 0.000000
vn 0.947928 0.318484 0.000000
vn 0.930873 0.365343 0.000000
vn 0.911505 0.411288 0.000000
vn 0.930873 0.365343 0.000000
vn 0.911505 0.411288 0.000000
vn 0.889873 0.456209 0.000000
vn 0.866022 0.500006 0.000000
vn 0.889873 0.456209 0.000000
vn 0.866022 0.500006 0.000000
vn 0.840030 0.542540 0.000000
vn 0.840030 0.542540 0.000000
vn 0.811939 0.583742 0.000000
vn 0.811939 0.583742 0.000000
vn 0.781828 0.623494 0.000000
vn 0.781828 0.623494 0.000000
vn 0.749783 0.661683 0.000000
vn 0.749783 0.661683 0.000000
vn 0.715865 0.698239 0.000000
vn 0.715865 0.698239 0.000000
vn 0.680173 0.733051 0.000000
vn 0.680173 0.733051 0.000000
vn 0.642788 0.766044 0.000000
vn 0.642788 0.766044 0.000000
vn 0.603802 0.797134 0.000000
vn 0.603802 0.797134 0.000000
vn 0.563319 0.826239 0.000000
vn 0.563319 0.826239 0.000000
vn 0.521437 0.853290 0.000000
vn 0.521437 0.853290 0.000000
vn 0.478254 0.878222 0.000000
vn 0.478254 0.878222 0.000000
vn 0.433884 0.900969 0.000000
vn 0.433884 0.900969 0.000000
vn 0.388436 0.921476 0.000000
vn 0.388436 0.921476 0.000000
vn 0.342018 0.939694 0.000000
vn 0.294758 0.955572 0.000000
vn 0.342018 0.939694 0.000000
vn 0.294758 0.955572 0.000000
vn 0.246756 0.969078 0.000000
vn 0.198149 0.980172 0.000000
vn 0.246756 0.969078 0.000000
vn 0.198149 0.980172 0.000000
vn 0.149040 0.988831 0.000000
vn 0.149040 0.988831 0.000000
vn 0.099567 0.995031 0.000000
vn 0.099567 0.995031 0.000000
vn 0.049847 0.998757 0.000000
vn 0.000000 1.000000 0.000000
vn 0.049847 0.998757 0.000000
vn -0.049847 0.998757 0.000000
vn -0.000000 1.000000 0.000000
vn -0.049847 0.998757 0.000000
vn -0.099567 0.995031 0.000000
vn -0.099567 0.995031 0.000000
vn -0.149040 0.988831 0.000000
vn -0.198149 0.980172 0.000000
vn -0.149040 0.988831 0.000000
vn -0.198149 0.980172 0.000000
vn -0.246756 0.969078 0.000000
vn -0.246756 0.969078 0.000000
vn -0.294758 0.955572 0.000000
vn -0.294758 0.955572 0.000000
vn -0.342018 0.939694 0.000000
vn -0.342018 0.939694 0.000000
vn -0.388436 0.921476 0.000000
vn -0.388436 0.921476 0.000000
vn -0.433884 0.900969 0.000000
vn -0.433884 0.900969 0.000000
vn -0.478254 0.878222 0.000000
vn -0.478254 0.878222 0.000000
vn -0.521437 0.853290 0.000000
vn -0.521437 0.853290 0.000000
vn -0.563319 0.826239 0.000000
vn -0.563319 0.826239 0.000000
vn -0.603802 0.797134 0.000000
vn -0.603802 0.797134 0.000000
vn -0.642788 0.766044 0.000000
vn -0.642788 0.766044 0.000000
vn -0.680173 0.733051 0.000000
vn -0.680173 0.733051 0.000000
vn -0.715865 0.698239 0.000000
vn -0.715865 0.698239 0.000000
vn -0.749783 0.661683 0.000000
vn -0.749783 0.661683 0.000000
vn -0.781828 0.623494 0.000000
vn -0.781828 0.623494 0.000000
vn -0.811939 0.583742 0.000000
vn -0.811939 0.583742 0.000000
vn -0.840030 0.542540 0.000000
vn -0.840030 0.542540 0.000000
vn -0.866022 0.500006 0.000000
vn -0.866022 0.500006 0.000000
vn -0.889873 0.456209 0.000000
vn -0.889873 0.456209 0.000000
vn -0.911505 0.411288 0.000000
vn -0.911505 0.411288 0.000000
vn -0.930873 0.365343 0.000000
vn -0.930873 0.365343 0.000000
vn -0.947928 0.318484 0.000000
vn -0.947928 0.318484 0.000000
vn -0.962623 0.270845 0.000000
vn -0.962623 0.270845 0.000000
vn -0.974930 0.222510 0.000000
vn -0.974930 0.222510 0.000000
vn -0.984807 0.173655 0.000000
vn -0.984807 0.173655 0.000000
vn -0.992238 0.124350 0.000000
vn -0.992238 0.124350 0.000000
vn -0.997204 0.074730 0.000000
vn -0.997204 0.074730 0.000000
vn -0.999689 0.024919 0.000000
vn -0.999689 0.024919 0.000000
vn -0.999689 -0.024919 0.000000
vn -0.999689 -0.024919 -0.000000
vn -0.997204 -0.074730 0.000000
vn -0.997204 -0.074730 -0.000000
vn -0.992238 -0.124350 0.000000
vn -0.992238 -0.124350 -0.000000
vn -0.984807 -0.173655 0.000000
vn -0.984807 -0.173655 -0.000000
vn -0.974930 -0.222510 0.000000
vn -0.974930 -0.222510 -0.000000
vn -0.962623 -0.270845 0.000000
vn -0.962623 -0.270845 -0.000000
vn -0.947928 -0.318484 0.000000
vn -0.947928 -0.318484 -0.000000
vn -0.930873 -0.365343 0.000000
vn -0.930873 -0.365343 -0.000000
vn -0.911505 -0.411288 0.000000
vn -0.911505 -0.411288 -0.000000
vn -0.889873 -0.456209 0.000000
vn -0.889873 -0.456209 -0.000000
vn -0.866022 -0.500006 0.000000
vn -0.866022 -0.500006 -0.000000
vn -0.840030 -0.542540 -0.000000
vn -0.840030 -0.542540 0.000000
vn -0.811939 -0.583742 -0.000000
vn -0.811939 -0.583742 0.000000
vn -0.781828 -0.623494 -0.000000
vn -0.781828 -0.623494 0.000000
vn -0.749783 -0.661683 -0.000000
vn -0.749783 -0.661683 0.000000
vn -0.715865 -0.698239 -0.000000
vn -0.715865 -0.698239 0.000000
vn -0.680173 -0.733051 -0.000000
vn -0.680173 -0.733051 0.000000
vn -0.642788 -0.766044 -0.000000
vn -0.642788 -0.766044 0.000000
vn -0.603802 -0.797134 -0.000000
vn -0.603802 -0.797134 0.000000
vn -0.563319 -0.826239 -0.000000
vn -0.563319 -0.826239 0.000000
vn -0.521437 -0.853290 -0.000000
vn -0.478254 -0.878222 -0.000000
vn -0.521437 -0.853290 0.000000
vn -0.478254 -0.878222 -0.000000
vn -0.433884 -0.900969 -0.000000
vn -0.433884 -0.900969 0.000000
vn -0.388436 -0.921476 -0.000000
vn -0.388436 -0.921476 0.000000
vn -0.342018 -0.939694 0.000000
vn -0.342018 -0.939694 -0.000000
vn -0.294758 -0.955572 0.000000
vn -0.294758 -0.955572 -0.000000
vn -0.246756 -0.969078 0.000000
vn -0.246756 -0.969078 -0.000000
vn -0.198149 -0.980172 0.000000
vn -0.198149 -0.980172 -0.000000
vn -0.149040 -0.988831 -0.000000
vn -0.149040 -0.988831 0.000000
vn -0.099567 -0.995031 -0.000000
vn -0.099567 -0.995031 0.000000
vn -0.049847 -0.998757 -0.000000
vn -0.049847 -0.998757 0.000000
vn 0.000000 -1.000000 -0.000000
vn -0.000000 -1.000000 0.000000
vn 0.049847 -0.998757 0.000000
vn 0.049847 -0.998757 0.000000
vn 0.099567 -0.995031 0.000000
vn 0.099567 -0.995031 0.000000
vn 0.149040 -0.988831 0.000000
vn 0.149040 -0.988831 0.000000
vn 0.198149 -0.980172 0.000000
vn 0.198149 -0.980172 0.000000
vn 0.246756 -0.969078 0.000000
vn 0.246756 -0.969078 0.000000
vn 0.294758 -0.955572 0.000000
vn 0.294758 -0.955572 0.000000
vn 0.342018 -0.939694 0.000000
vn 0.342018 -0.939694 0.000000
vn 0.388436 -0.921476 0.000000
vn 0.433884 -0.900969 0.000000
vn 0.388436 -0.921476 0.000000
vn 0.433884 -0.900969 0.000000
vn 0.478254 -0.878222 0.000000
vn 0.478254 -0.878222 0.000000
vn 0.521437 -0.853290 0.000000
vn 0.563319 -0.826239 0.000000
vn 0.521437 -0.853290 0.000000
vn 0.563319 -0.826239 0.000000
vn 0.603802 -0.797134 0.000000
vn 0.603802 -0.797134 0.000000
vn 0.642788 -0.766044 0.000000
vn 0.642788 -0.766044 0.000000
vn 0.680173 -0.733051 0.000000
vn 0.680173 -0.733051 0.000000
vn 0.715865 -0.698239 0.000000
vn 0.749783 -0.661683 0.000000
vn 0.715865 -0.698239 0.000000
vn 0.781828 -0.623494 0.000000
vn 0.749783 -0.661683 0.000000
vn 0.781828 -0.623494 0.000000
vn 0.811939 -0.583742 0.000000
vn 0.840030 -0.542540 0.000000
vn 0.811939 -0.583742 0.000000
vn 0.840030 -0.542540 0.000000
vn 0.866022 -0.500006 0.000000
vn 0.866022 -0.500006 0.000000
vn 0.889873 -0.456209 0.000000
vn 0.889873 -0.456209 0.000000
vn 0.911505 -0.411288 0.000000
vn 0.911505 -0.411288 0.000000
vn 0.930873 -0.365343 0.000000
vn 0.930873 -0.365343 0.000000
vn 0.947928 -0.318484 0.000000
vn 0.947928 -0.318484 0.000000
vn 0.962623 -0.270845 0.000000
vn 0.962623 -0.270845 0.000000
vn 0.974930 -0.222510 0.000000
vn 0.974930 -0.222510 0.000000
vn 0.984807 -0.173655 0.000000
vn 0.984807 -0.173655 0.000000
vn 0.992238 -0.124350 0.000000
vn 0.992238 -0.124350 0.000000
vn 0.997204 -0.074730 0.000000
vn 0.997204 -0.074730 0.000000
vn 0.999689 -0.024919 0.000000
vn 0.999689 -0.024919 0.000000
vn 0.000000 0.000000 1.000000
vn 0.000000 0.000000 1.000000
vn 0.000000 0.000000 1.000000
vn 0.000000 0.000000 1.000000
vn 0.000000 0.000000 1.000000
vn 0.000000 0.000000 1.000000
vn 0.000000 0.000000 1.000000
vn 0.000000 0.000000 1.000000
vn 0.000000 0.000000 1.000000
vn 0.000000 0.000000 1.000000
vn 0.000000 0.000000 1.000000
vn 0.000000 0.000000 1.000000
vn 0.000000 0.000000 1.000000
vn 0.000000 0.000000 1.000000
vn 0.000000 0.000000 1.000000
vn 0.000000 0.000000 1.000000
vn 0.000000 0.000000 1.000000
vn 0.000000 0.000000 1.000000
vn 0.000000 0.000000 1.000000
vn 0.000000 0.000000 1.000000
vn 0.000000 0.000000 1.000000
vn 0.000000 0.000000 1.000000
vn 0.000000 0.000000 1.000000
vn 0.000000 0.000000 1.000000
vn 0.000000 0.000000 1.000000
vn 0.000000 0.000000 1.000000
vn 0.000000 0.000000 1.000000
vn 0.000000 0.000000 1.000000
vn 0.000000 0.000000 1.000000
vn 0.000000 0.000000 1.000000
vn 0.000000 0.000000 1.000000
vn 0.000000 0.000000 1.000000
vn 0.000000 0.000000 1.000000
vn 0.000000 0.000000 1.000000
vn 0.000000 0.000000 1.000000
vn 0.000000 0.000000 1.000000
vn 0.000000 0.000000 1.000000
vn 0.000000 0.000000 1.000000
vn 0.000000 0.000000 1.000000
vn 0.000000 0.000000 1.000000
vn 0.000000 0.000000 1.000000
vn 0.000000 0.000000 1.000000
vn 0.000000 0.000000 1.000000
vn 0.000000 0.000000 1.000000
vn 0.000000 0.000000 1.000000
vn 0.000000 0.000000 1.000000
vn 0.000000 0.000000 1.000000
vn 0.000000 0.000000 1.000000
vn 0.000000 0.000000 1.000000
vn 0.000000 0.000000 1.000000
vn 0.000000 0.000000 1.000000
vn 0.000000 0.000000 1.000000
vn 0.000000 0.000000 1.000000
vn 0.000000 0.000000 1.000000
vn 0.000000 0.000000 1.000000
vn 0.000000 0.000000 1.000000
vn 0.000000 0.000000 1.000000
vn 0.000000 0.000000 1.000000
vn 0.000000 0.000000 1.000000
vn 0.000000 0.000000 1.000000
vn 0.000000 0.000000 1.000000
vn 0.000000 0.000000 1.000000
vn 0.000000 0.000000 1.000000
vn 0.000000 0.000000 1.000000
vn 0.000000 0.000000 1.000000
vn 0.000000 0.000000 1.000000
vn 0.000000 0.000000 1.000000
vn 0.000000 0.000000 1.000000
vn 0.000000 0.000000 1.000000
vn 0.000000 0.000000 1.000000
vn 0.000000 0.000000 1.000000
vn 0.000000 0.000000 1.000000
vn 0.000000 0.000000 1.000000
vn 0.000000 0.000000 1.000000
vn 0.000000 0.000000 1.000000
vn 0.000000 0.000000 1.000000
vn 0.000000 0.000000 1.000000
vn 0.000000 0.000000 1.000000
vn 0.000000 0.000000 1.000000
vn 0.000000 0.000000 1.000000
vn 0.000000 0.000000 1.000000
vn 0.000000 0.000000 1.000000
vn 0.000000 0.000000 1.000000
vn 0.000000 0.000000 1.000000
vn 0.000000 0.000000 1.000000
vn 0.000000 0.000000 1.000000
vn 0.000000 0.000000 1.000000
vn 0.000000 0.000000 1.000000
vn 0.000000 0.000000 1.000000
vn 0.000000 0.000000 1.000000
vn 0.000000 0.000000 1.000000
vn 0.000000 0.000000 1.000000
vn 0.000000 0.000000 1.000000
vn 0.000000 0.000000 1.000000
vn 0.000000 0.000000 1.000000
vn 0.000000 0.000000 1.000000
vn 0.000000 0.000000 1.000000
vn 0.000000 0.000000 1.000000
vn 0.000000 0.000000 1.000000
vn 0.000000 0.000000 1.000000
vn 0.000000 0.000000 1.000000
vn 0.000000 0.000000 1.000000
vn 0.000000 0.000000 1.000000
vn 0.000000 0.000000 1.000000
vn 0.000000 0.000000 1.000000
vn 0.000000 0.000000 1.000000
vn 0.000000 0.000000 1.000000
vn 0.000000 0.000000 1.000000
vn 0.000000 0.000000 1.000000
vn 0.000000 0.000000 1.000000
vn 0.000000 0.000000 1.000000
vn 0.000000 0.000000 1.000000
vn 0.000000 0.000000 1.000000
vn 0.000000 0.000000 1.000000
vn 0.000000 0.000000 1.000000
vn 0.000000 0.000000 1.000000
vn 0.000000 0.000000 1.000000
vn 0.000000 0.000000 1.000000
vn 0.000000 0.000000 1.000000
vn 0.000000 0.000000 1.000000
vn 0.000000 0.000000 1.000000
vn 0.000000 0.000000 1.000000
vn 0.000000 0.000000 1.000000
vn 0.000000 0.000000 1.000000
vn 0.000000 0.000000 -1.000000
vn -0.000000 -0.000000 -1.000000
vn -0.000000 -0.000000 -1.000000
vn -0.000000 -0.000000 -1.000000
vn 0.000000 0.000000 -1.000000
vn -0.000000 -0.000000 -1.000000
vn 0.000000 0.000000 -1.000000
vn 0.000000 0.000000 -1.000000
vn 0.000000 0.000000 -1.000000
vn 0.000000 -0.000000 -1.000000
vn 0.000000 0.000000 -1.000000
vn -0.000000 -0.000000 -1.000000
vn 0.000000 0.000000 -1.000000
vn 0.000000 0.000000 -1.000000
vn 0.000000 0.000000 -1.000000
vn 0.000000 0.000000 -1.000000
vn 0.000000 0.000000 -1.000000
vn 0.000000 0.000000 -1.000000
vn 0.000000 0.000000 -1.000000
vn 0.000000 0.000000 -1.000000
vn 0.000000 0.000000 -1.000000
vn 0.000000 0.000000 -1.000000
vn 0.000000 0.000000 -1.000000
vn 0.000000 0.000000 -1.000000
vn -0.000000 -0.000000 -1.000000
vn 0.000000 -0.000000 -1.000000
vn 0.000000 -0.000000 -1.000000
vn 0.000000 0.000000 -1.000000
vn 0.000000 -0.000000 -1.000000
vn 0.000000 -0.000000 -1.000000
vn 0.000000 -0.000000 -1.000000
vn 0.000000 -0.000000 -1.000000
vn 0.000000 0.000000 -1.000000
vn 0.000000 0.000000 -1.000000
vn 0.000000 0.000000 -1.000000
vn 0.000000 -0.000000 -1.000000
vn -0.000000 -0.000000 -1.000000
vn 0.000000 -0.000000 -1.000000
vn 0.000000 -0.000000 -1.000000
vn 0.000000 -0.000000 -1.000000
vn 0.000000 -0.000000 -1.000000
vn 0.000000 -0.000000 -1.000000
vn 0.000000 -0.000000 -1.000000
vn 0.000000 -0.000000 -1.000000
vn 0.000000 -0.000000 -1.000000
vn 0.000000 -0.000000 -1.000000
vn 0.000000 -0.000000 -1.000000
vn -0.000000 -0.000000 -1.000000
vn 0.000000 -0.000000 -1.000000
vn 0.000000 -0.000000 -1.000000
vn 0.000000 -0.000000 -1.000000
vn 0.000000 -0.000000 -1.000000
vn 0.000000 0.000000 -1.000000
vn 0.000000 -0.000000 -1.000000
vn 0.000000 0.000000 -1.000000
vn 0.000000 0.000000 -1.000000
vn 0.000000 0.000000 -1.000000
vn 0.000000 0.000000 -1.000000
vn -0.000000 -0.000000 -1.000000
vn 0.000000 0.000000 -1.000000
vn 0.000000 0.000000 -1.000000
vn 0.000000 0.000000 -1.000000
vn 0.000000 0.000000 -1.000000
vn 0.000000 0.000000 -1.000000
vn 0.000000 0.000000 -1.000000
vn 0.000000 0.000000 -1.000000
vn 0.000000 0.000000 -1.000000
vn 0.000000 -0.000000 -1.000000
vn 0.000000 0.000000 -1.000000
vn 0.000000 0.000000 -1.000000
vn 0.000000 0.000000 -1.000000
vn 0.000000 0.000000 -1.000000
vn 0.000000 0.000000 -1.000000
vn 0.000000 0.000000 -1.000000
vn 0.000000 0.000000 -1.000000
vn 0.000000 0.000000 -1.000000
vn 0.000000 0.000000 -1.000000
vn 0.000000 0.000000 -1.000000
vn 0.000000 0.000000 -1.000000
vn 0.000000 0.000000 -1.000000
vn 0.000000 0.000000 -1.000000
vn 0.000000 0.000000 -1.000000
vn 0.000000 0.000000 -1.000000
vn 0.000000 0.000000 -1.000000
vn 0.000000 0.000000 -1.000000
vn 0.000000 0.000000 -1.000000
vn 0.000000 0.000000 -1.000000
vn 0.000000 0.000000 -1.000000
vn 0.000000 0.000000 -1.000000
vn 0.000000 0.000000 -1.000000
vn 0.000000 0.000000 -1.000000
vn 0.000000 0.000000 -1.000000
vn 0.000000 0.000000 -1.000000
vn 0.000000 -0.000000 -1.000000
vn 0.000000 -0.000000 -1.000000
vn 0.000000 0.000000 -1.000000
vn 0.000000 0.000000 -1.000000
vn 0.000000 0.000000 -1.000000
vn 0.000000 -0.000000 -1.000000
vn 0.000000 0.000000 -1.000000
vn 0.000000 -0.000000 -1.000000
vn 0.000000 -0.000000 -1.000000
vn 0.000000 0.000000 -1.000000
vn 0.000000 -0.000000 -1.000000
vn 0.000000 0.000000 -1.000000
vn 0.000000 0.000000 -1.000000
vn 0.000000 0.000000 -1.000000
vn 0.000000 -0.000000 -1.000000
vn 0.000000 0.000000 -1.000000
vn 0.000000 0.000000 -1.000000
vn 0.000000 0.000000 -1.000000
vn 0.000000 0.000000 -1.000000
vn 0.000000 0.000000 -1.000000
vn 0.000000 0.000000 -1.000000
vn -0.000000 -0.000000 -1.000000
vn -0.000000 -0.000000 -1.000000
vn -0.000000 -0.000000 -1.000000
vn 0.000000 0.000000 -1.000000
vn 0.000000 0.000000 -1.000000
vn -0.000000 -0.000000 -1.000000
vn -0.000000 -0.000000 -1.000000
vn 0.000000 0.000000 -1.000000
vn 0.000000 0.000000 -1.000000
vn -0.000000 -0.000000 -1.000000
vn 0.999689 0.024933 0.000000
vn 0.999689 0.024933 0.000000
vn 0.997204 0.074730 0.000000
vn 0.997204 0.074730 0.000000
vn 0.992239 0.124343 0.000000
vn 0.992239 0.124343 0.000000
vn 0.984808 0.173648 0.000000
vn 0.974928 0.222520 0.000000
vn 0.984808 0.173648 0.000000
vn 0.974928 0.222520 0.000000
vn 0.962624 0.270842 0.000000
vn 0.962624 0.270842 0.000000
vn 0.947927 0.318487 0.000000
vn 0.947927 0.318487 0.000000
vn 0.930874 0.365340 0.000000
vn 0.911505 0.411288 0.000000
vn 0.930874 0.365340 0.000000
vn 0.911505 0.411288 0.000000
vn 0.889873 0.456209 0.000000
vn 0.866025 0.500001 0.000000
vn 0.889873 0.456209 0.000000
vn 0.866025 0.500001 0.000000
vn 0.840025 0.542547 0.000000
vn 0.840025 0.542547 0.000000
vn 0.811938 0.583744 0.000000
vn 0.811938 0.583744 0.000000
vn 0.781833 0.623488 0.000000
vn 0.781833 0.623488 0.000000
vn 0.749780 0.661687 0.000000
vn 0.749780 0.661687 0.000000
vn 0.715867 0.698237 0.000000
vn 0.715867 0.698237 0.000000
vn 0.680173 0.733051 0.000000
vn 0.680173 0.733051 0.000000
vn 0.642788 0.766044 0.000000
vn 0.642788 0.766044 0.000000
vn 0.603805 0.797132 0.000000
vn 0.603805 0.797132 0.000000
vn 0.563319 0.826239 0.000000
vn 0.563319 0.826239 0.000000
vn 0.521436 0.853290 0.000000
vn 0.521436 0.853290 0.000000
vn 0.478254 0.878222 0.000000
vn 0.478254 0.878222 0.000000
vn 0.433882 0.900970 0.000000
vn 0.433882 0.900970 0.000000
vn 0.388436 0.921476 0.000000
vn 0.388436 0.921476 0.000000
vn 0.342020 0.939693 0.000000
vn 0.294755 0.955573 0.000000
vn 0.342020 0.939693 0.000000
vn 0.294755 0.955573 0.000000
vn 0.246758 0.969077 0.000000
vn 0.198147 0.980172 0.000000
vn 0.246758 0.969077 0.000000
vn 0.198147 0.980172 0.000000
vn 0.149041 0.988831 0.000000
vn 0.149041 0.988831 0.000000
vn 0.099567 0.995031 0.000000
vn 0.099567 0.995031 0.000000
vn 0.049847 0.998757 0.000000
vn 0.000000 1.000000 0.000000
vn 0.049847 0.998757 0.000000
vn -0.049847 0.998757 0.000000
vn -0.000000 1.000000 0.000000
vn -0.049847 0.998757 0.000000
vn -0.099567 0.995031 0.000000
vn -0.099567 0.995031 0.000000
vn -0.149042 0.988831 0.000000
vn -0.198147 0.980172 0.000000
vn -0.149042 0.988831 0.000000
vn -0.198147 0.980172 0.000000
vn -0.246757 0.969077 0.000000
vn -0.246757 0.969077 0.000000
vn -0.294755 0.955573 0.000000
vn -0.294755 0.955573 0.000000
vn -0.342020 0.939693 0.000000
vn -0.342020 0.939693 0.000000
vn -0.388436 0.921476 0.000000
vn -0.388436 0.921476 0.000000
vn -0.433884 0.900969 0.000000
vn -0.433884 0.900969 0.000000
vn -0.478254 0.878222 0.000000
vn -0.478254 0.878222 0.000000
vn -0.521434 0.853291 0.000000
vn -0.521434 0.853291 0.000000
vn -0.563319 0.826239 0.000000
vn -0.563319 0.826239 0.000000
vn -0.603805 0.797132 0.000000
vn -0.603805 0.797132 0.000000
vn -0.642788 0.766044 0.000000
vn -0.642788 0.766044 0.000000
vn -0.680173 0.733051 0.000000
vn -0.680173 0.733051 0.000000
vn -0.715865 0.698239 0.000000
vn -0.715865 0.698239 0.000000
vn -0.749783 0.661683 0.000000
vn -0.749783 0.661683 0.000000
vn -0.781831 0.623490 0.000000
vn -0.781831 0.623490 0.000000
vn -0.811936 0.583746 0.000000
vn -0.811936 0.583746 0.000000
vn -0.840027 0.542545 0.000000
vn -0.840027 0.542545 0.000000
vn -0.866025 0.500001 0.000000
vn -0.866025 0.500001 0.000000
vn -0.889873 0.456209 0.000000
vn -0.889873 0.456209 0.000000
vn -0.911505 0.411288 0.000000
vn -0.911505 0.411288 0.000000
vn -0.930873 0.365343 0.000000
vn -0.930873 0.365343 0.000000
vn -0.947928 0.318484 0.000000
vn -0.947928 0.318484 0.000000
vn -0.962625 0.270838 0.000000
vn -0.962625 0.270838 0.000000
vn -0.974927 0.222523 0.000000
vn -0.974927 0.222523 0.000000
vn -0.984808 0.173648 0.000000
vn -0.984808 0.173648 0.000000
vn -0.992239 0.124343 0.000000
vn -0.992239 0.124343 0.000000
vn -0.997204 0.074730 0.000000
vn -0.997204 0.074730 0.000000
vn -0.999689 0.024933 0.000000
vn -0.999689 0.024933 0.000000
vn -0.999689 -0.024933 0.000000
vn -0.999689 -0.024933 -0.000000
vn -0.997204 -0.074730 0.000000
vn -0.997204 -0.074730 -0.000000
vn -0.992239 -0.124343 0.000000
vn -0.992239 -0.124343 -0.000000
vn -0.984808 -0.173648 0.000000
vn -0.984808 -0.173648 -0.000000
vn -0.974927 -0.222523 0.000000
vn -0.974927 -0.222523 -0.000000
vn -0.962625 -0.270838 0.000000
vn -0.962625 -0.270838 -0.000000
vn -0.947928 -0.318484 0.000000
vn -0.947928 -0.318484 -0.000000
vn -0.930873 -0.365343 0.000000
vn -0.930873 -0.365343 -0.000000
vn -0.911505 -0.411288 0.000000
vn -0.911505 -0.411288 -0.000000
vn -0.889873 -0.456209 0.000000
vn -0.889873 -0.456209 -0.000000
vn -0.866025 -0.500001 0.000000
vn -0.866025 -0.500001 -0.000000
vn -0.840027 -0.542545 -0.000000
vn -0.840027 -0.542545 0.000000
vn -0.811936 -0.583746 -0.000000
vn -0.811936 -0.583746 0.000000
vn -0.781831 -0.623490 -0.000000
vn -0.781831 -0.623490 0.000000
vn -0.749783 -0.661683 -0.000000
vn -0.749783 -0.661683 0.000000
vn -0.715865 -0.698239 -0.000000
vn -0.715865 -0.698239 0.000000
vn -0.680173 -0.733051 -0.000000
vn -0.680173 -0.733051 0.000000
vn -0.642788 -0.766044 -0.000000
vn -0.642788 -0.766044 0.000000
vn -0.603805 -0.797132 -0.000000
vn -0.603805 -0.797132 0.000000
vn -0.563319 -0.826239 -0.000000
vn -0.563319 -0.826239 0.000000
vn -0.521434 -0.853291 -0.000000
vn -0.478254 -0.878222 -0.000000
vn -0.521434 -0.853291 0.000000
vn -0.478254 -0.878222 -0.000000
vn -0.433884 -0.900969 -0.000000
vn -0.433884 -0.900969 0.000000
vn -0.388436 -0.921476 -0.000000
vn -0.388436 -0.921476 0.000000
vn -0.342020 -0.939693 0.000000
vn -0.342020 -0.939693 -0.000000
vn -0.294755 -0.955573 0.000000
vn -0.294755 -0.955573 -0.000000
vn -0.246757 -0.969077 0.000000
vn -0.246757 -0.969077 -0.000000
vn -0.198147 -0.980172 0.000000
vn -0.198147 -0.980172 -0.000000
vn -0.149042 -0.988831 -0.000000
vn -0.149042 -0.988831 0.000000
vn -0.099567 -0.995031 -0.000000
vn -0.099567 -0.995031 0.000000
vn -0.049847 -0.998757 -0.000000
vn -0.049847 -0.998757 0.000000
vn 0.000000 -1.000000 -0.000000
vn -0.000000 -1.000000 0.000000
vn 0.049847 -0.998757 0.000000
vn 0.049847 -0.998757 0.000000
vn 0.099567 -0.995031 0.000000
vn 0.099567 -0.995031 0.000000
vn 0.149041 -0.988831 0.000000
vn 0.149041 -0.988831 0.000000
vn 0.198147 -0.980172 0.000000
vn 0.198147 -0.980172 0.000000
vn 0.246758 -0.969077 0.000000
vn 0.246758 -0.969077 0.000000
vn 0.294755 -0.955573 0.000000
vn 0.294755 -0.955573 0.000000
vn 0.342020 -0.939693 0.000000
vn 0.342020 -0.939693 0.000000
vn 0.388436 -0.921476 0.000000
vn 0.433882 -0.900970 0.000000
vn 0.388436 -0.921476 0.000000
vn 0.433882 -0.900970 0.000000
vn 0.478254 -0.878222 0.000000
vn 0.478254 -0.878222 0.000000
vn 0.521436 -0.853290 0.000000
vn 0.563319 -0.826239 0.000000
vn 0.521436 -0.853290 0.000000
vn 0.563319 -0.826239 0.000000
vn 0.603805 -0.797132 0.000000
vn 0.603805 -0.797132 0.000000
vn 0.642788 -0.766044 0.000000
vn 0.642788 -0.766044 0.000000
vn 0.680173 -0.733051 0.000000
vn 0.680173 -0.733051 0.000000
vn 0.715867 -0.698237 0.000000
vn 0.749780 -0.661687 0.000000
vn 0.715867 -0.698237 0.000000
vn 0.781833 -0.623488 0.000000
vn 0.749780 -0.661687 0.000000
vn 0.781833 -0.623488 0.000000
vn 0.811938 -0.583744 0.000000
vn 0.840025 -0.542547 0.000000
vn 0.811938 -0.583744 0.000000
vn 0.840025 -0.542547 0.000000
vn 0.866025 -0.500001 0.000000
vn 0.866025 -0.500001 0.000000
vn 0.889873 -0.456209 0.000000
vn 0.889873 -0.456209 0.000000
vn 0.911505 -0.411288 0.000000
vn 0.911505 -0.411288 0.000000
vn 0.930874 -0.365340 0.000000
vn 0.930874 -0.365340 0.000000
vn 0.947927 -0.318487 0.000000
vn 0.947927 -0.318487 0.000000
vn 0.962624 -0.270842 0.000000
vn 0.962624 -0.270842 0.000000
vn 0.974928 -0.222520 0.000000
vn 0.974928 -0.222520 0.000000
vn 0.984808 -0.173648 0.000000
vn 0.984808 -0.173648 0.000000
vn 0.992239 -0.124343 0.000000
vn 0.992239 -0.124343 0.000000
vn 0.997204 -0.074730 0.000000
vn 0.997204 -0.074730 0.000000
vn 0.999689 -0.024933 0.000000
vn 0.999689 -0.024933 0.000000
vn 0.000000 0.000000 1.000000
vn 0.000000 0.000000 1.000000
vn 0.000000 0.000000 1.000000
vn 0.000000 0.000000 1.000000
vn 0.000000 0.000000 1.000000
vn 0.000000 0.000000 1.000000
vn 0.000000 0.000000 1.000000
vn 0.000000 0.000000 1.000000
vn 0.000000 0.000000 1.000000
vn 0.000000 0.000000 1.000000
vn 0.000000 0.000000 1.000000
vn 0.000000 0.000000 1.000000
vn 0.000000 0.000000 1.000000
vn 0.000000 0.000000 1.000000
vn 0.000000 0.000000 1.000000
vn 0.000000 0.000000 1.000000
vn 0.000000 0.000000 1.000000
vn 0.000000 0.000000 1.000000
vn 0.000000 0.000000 1.000000
vn 0.000000 0.000000 1.000000
vn 0.000000 0.000000 1.000000
vn 0.000000 0.000000 1.000000
vn 0.000000 0.000000 1.000000
vn 0.000000 0.000000 1.000000
vn 0.000000 0.000000 1.000000
vn 0.000000 0.000000 1.000000
vn 0.000000 0.000000 1.000000
vn 0.000000 0.000000 1.000000
vn 0.000000 0.000000 1.000000
vn 0.000000 0.000000 1.000000
vn 0.000000 0.000000 1.000000
vn 0.000000 0.000000 1.000000
vn 0.000000 0.000000 1.000000
vn 0.000000 0.000000 1.000000
vn 0.000000 0.000000 1.000000
vn 0.000000 0.000000 1.000000
vn 0.000000 0.000000 1.000000
vn 0.000000 0.000000 1.000000
vn 0.000000 0.000000 1.000000
vn 0.000000 0.000000 1.000000
vn 0.000000 0.000000 1.000000
vn 0.000000 0.000000 1.000000
vn 0.000000 0.000000 1.000000
vn 0.000000 0.000000 1.000000
vn 0.000000 0.000000 1.000000
vn 0.000000 0.000000 1.000000
vn 0.000000 0.000000 1.000000
vn 0.000000 0.000000 1.000000
vn 0.000000 0.000000 1.000000
vn 0.000000 0.000000 1.000000
vn 0.000000 0.000000 1.000000
vn 0.000000 0.000000 1.000000
vn 0.000000 0.000000 1.000000
vn 0.000000 0.000000 1.000000
vn 0.000000 0.000000 1.000000
vn 0.000000 0.000000 1.000000
vn 0.000000 0.000000 1.000000
vn 0.000000 0.000000 1.000000
vn 0.000000 0.000000 1.000000
vn 0.000000 0.000000 1.000000
vn 0.000000 0.000000 1.000000
vn 0.000000 0.000000 1.000000
vn 0.000000 0.000000 1.000000
vn 0.000000 0.000000 1.000000
vn 0.000000 0.000000 1.000000
vn 0.000000 0.000000 1.000000
vn 0.000000 0.000000 1.000000
vn 0.000000 0.000000 1.000000
vn 0.000000 0.000000 1.000000
vn 0.000000 0.000000 1.000000
vn 0.000000 0.000000 1.000000
vn 0.000000 0.000000 1.000000
vn 0.000000 0.000000 1.000000
vn 0.000000 0.000000 1.000000
vn 0.000000 0.000000 1.000000
vn 0.000000 0.000000 1.000000
vn 0.000000 0.000000 1.000000
vn 0.000000 0.000000 1.000000
vn 0.000000 0.000000 1.000000
vn 0.000000 0.000000 1.000000
vn 0.000000 0.000000 1.000000
vn 0.000000 0.000000 1.000000
vn 0.000000 0.000000 1.000000
vn 0.000000 0.000000 1.000000
vn 0.000000 0.000000 1.000000
vn 0.000000 0.000000 1.000000
vn 0.000000 0.000000 1.000000
vn 0.000000 0.000000 1.000000
vn 0.000000 0.000000 1.000000
vn 0.000000 0.000000 1.000000
vn 0.000000 0.000000 1.000000
vn 0.000000 0.000000 1.000000
vn 0.000000 0.000000 1.000000
vn 0.000000 0.000000 1.000000
vn 0.000000 0.000000 1.000000
vn 0.000000 0.000000 1.000000
vn 0.000000 0.000000 1.000000
vn 0.000000 0.000000 1.000000
vn 0.000000 0.000000 1.000000
vn 0.000000 0.000000 1.000000
vn 0.000000 0.000000 1.000000
vn 0.000000 0.000000 1.000000
vn 0.000000 0.000000 1.000000
vn 0.000000 0.000000 1.000000
vn 0.000000 0.000000 1.000000
vn 0.000000 0.000000 1.000000
vn 0.000000 0.000000 1.000000
vn 0.000000 0.000000 1.000000
vn 0.000000 0.000000 1.000000
vn 0.000000 0.000000 1.000000
vn 0.000000 0.000000 1.000000
vn 0.000000 0.000000 1.000000
vn 0.000000 0.000000 1.000000
vn 0.000000 0.000000 1.000000
vn 0.000000 0.000000 1.000000
vn 0.000000 0.000000 1.000000
vn 0.000000 0.000000 1.000000
vn 0.000000 0.000000 1.000000
vn 0.000000 0.000000 1.000000
vn 0.000000 0.000000 1.000000
vn 0.000000 0.000000 1.000000
vn 0.000000 0.000000 1.000000
vn 0.000000 0.000000 1.000000
vn 0.000000 0.000000 1.000000
vn -0.000000 -0.000000 -1.000000
vn -0.000000 -0.000000 -1.000000
vn -0.000000 -0.000000 -1.000000
vn 0.000000 0.000000 -1.000000
vn 0.000000 0.000000 -1.000000
vn 0.000000 0.000000 -1.000000
vn -0.000000 -0.000000 -1.000000
vn 0.000000 0.000000 -1.000000
vn 0.000000 0.000000 -1.000000
vn 0.000000 0.000000 -1.000000
vn 0.000000 0.000000 -1.000000
vn 0.000000 -0.000000 -1.000000
vn 0.000000 0.000000 -1.000000
vn 0.000000 0.000000 -1.000000
vn 0.000000 -0.000000 -1.000000
vn 0.000000 0.000000 -1.000000
vn 0.000000 0.000000 -1.000000
vn 0.000000 0.000000 -1.000000
vn 0.000000 -0.000000 -1.000000
vn -0.000000 -0.000000 -1.000000
vn 0.000000 -0.000000 -1.000000
vn 0.000000 -0.000000 -1.000000
vn 0.000000 -0.000000 -1.000000
vn 0.000000 -0.000000 -1.000000
vn 0.000000 -0.000000 -1.000000
vn 0.000000 -0.000000 -1.000000
vn 0.000000 -0.000000 -1.000000
vn 0.000000 -0.000000 -1.000000
vn 0.000000 -0.000000 -1.000000
vn 0.000000 -0.000000 -1.000000
vn -0.000000 -0.000000 -1.000000
vn 0.000000 0.000000 -1.000000
vn 0.000000 0.000000 -1.000000
vn 0.000000 -0.000000 -1.000000
vn 0.000000 0.000000 -1.000000
vn 0.000000 -0.000000 -1.000000
vn 0.000000 -0.000000 -1.000000
vn 0.000000 -0.000000 -1.000000
vn 0.000000 -0.000000 -1.000000
vn 0.000000 -0.000000 -1.000000
vn 0.000000 -0.000000 -1.000000
vn 0.000000 0.000000 -1.000000
vn 0.000000 -0.000000 -1.000000
vn 0.000000 0.000000 -1.000000
vn 0.000000 0.000000 -1.000000
vn 0.000000 0.000000 -1.000000
vn 0.000000 0.000000 -1.000000
vn 0.000000 0.000000 -1.000000
vn 0.000000 0.000000 -1.000000
vn 0.000000 0.000000 -1.000000
vn 0.000000 0.000000 -1.000000
vn 0.000000 0.000000 -1.000000
vn 0.000000 -0.000000 -1.000000
vn 0.000000 0.000000 -1.000000
vn 0.000000 0.000000 -1.000000
vn 0.000000 0.000000 -1.000000
vn 0.000000 0.000000 -1.000000
vn -0.000000 -0.000000 -1.000000
vn 0.000000 0.000000 -1.000000
vn 0.000000 0.000000 -1.000000
vn 0.000000 0.000000 -1.000000
vn 0.000000 0.000000 -1.000000
vn 0.000000 0.000000 -1.000000
vn 0.000000 0.000000 -1.000000
vn 0.000000 0.000000 -1.000000
vn 0.000000 0.000000 -1.000000
vn 0.000000 0.000000 -1.000000
vn 0.000000 0.000000 -1.000000
vn 0.000000 0.000000 -1.000000
vn 0.000000 0.000000 -1.000000
vn 0.000000 0.000000 -1.000000
vn 0.000000 -0.000000 -1.000000
vn 0.000000 0.000000 -1.000000
vn 0.000000 0.000000 -1.000000
vn 0.000000 0.000000 -1.000000
vn 0.000000 0.000000 -1.000000
vn 0.000000 0.000000 -1.000000
vn 0.000000 0.000000 -1.000000
vn 0.000000 0.000000 -1.000000
vn 0.000000 0.000000 -1.000000
vn 0.000000 0.000000 -1.000000
vn 0.000000 0.000000 -1.000000
vn 0.000000 0.000000 -1.000000
vn 0.000000 0.000000 -1.000000
vn 0.000000 0.000000 -1.000000
vn 0.000000 -0.000000 -1.000000
vn 0.000000 -0.000000 -1.000000
vn 0.000000 0.000000 -1.000000
vn 0.000000 0.000000 -1.000000
vn 0.000000 -0.000000 -1.000000
vn 0.000000 -0.000000 -1.000000
vn 0.000000 0.000000 -1.000000
vn 0.000000 0.000000 -1.000000
vn 0.000000 0.000000 -1.000000
vn 0.000000 0.000000 -1.000000
vn 0.000000 -0.000000 -1.000000
vn 0.000000 0.000000 -1.000000
vn 0.000000 0.000000 -1.000000
vn 0.000000 0.000000 -1.000000
vn 0.000000 -0.000000 -1.000000
vn 0.000000 -0.000000 -1.000000
vn 0.000000 0.000000 -1.000000
vn 0.000000 0.000000 -1.000000
vn 0.000000 0.000000 -1.000000
vn 0.000000 0.000000 -1.000000
vn 0.000000 0.000000 -1.000000
vn 0.000000 -0.000000 -1.000000
vn 0.000000 0.000000 -1.000000
vn 0.000000 0.000000 -1.000000
vn 0.000000 0.000000 -1.000000
vn 0.000000 0.000000 -1.000000
vn 0.000000 0.000000 -1.000000
vn 0.000000 0.000000 -1.000000
vn -0.000000 -0.000000 -1.000000
vn -0.000000 -0.000000 -1.000000
vn -0.000000 -0.000000 -1.000000
vn -0.000000 -0.000000 -1.000000
vn -0.000000 -0.000000 -1.000000
vn -0.000000 -0.000000 -1.000000
vn -0.000000 -0.000000 -1.000000
vn -0.000000 -0.000000 -1.000000
vn 0.000000 0.000000 -1.000000
vn 0.000000 0.000000 -1.000000
vn 0.000000 0.000000 -1.000000
vn 0.999689 0.024933 0.000000
vn 0.999689 0.024933 0.000000
vn 0.997204 0.074730 0.000000
vn 0.997204 0.074730 0.000000
vn 0.992239 0.124343 0.000000
vn 0.992239 0.124343 0.000000
vn 0.984808 0.173648 0.000000
vn 0.974927 0.222523 0.000000
vn 0.984808 0.173648 0.000000
vn 0.974927 0.222523 0.000000
vn 0.962625 0.270838 0.000000
vn 0.962625 0.270838 0.000000
vn 0.947928 0.318484 0.000000
vn 0.947928 0.318484 0.000000
vn 0.930873 0.365343 0.000000
vn 0.911505 0.411288 0.000000
vn 0.930873 0.365343 0.000000
vn 0.911505 0.411288 0.000000
vn 0.889873 0.456209 0.000000
vn 0.866025 0.500001 0.000000
vn 0.889873 0.456209 0.000000
vn 0.866025 0.500001 0.000000
vn 0.840027 0.542545 0.000000
vn 0.840027 0.542545 0.000000
vn 0.811936 0.583746 0.000000
vn 0.811936 0.583746 0.000000
vn 0.781831 0.623490 0.000000
vn 0.781831 0.623490 0.000000
vn 0.749783 0.661683 0.000000
vn 0.749783 0.661683 0.000000
vn 0.715865 0.698239 0.000000
vn 0.715865 0.698239 0.000000
vn 0.680173 0.733051 0.000000
vn 0.680173 0.733051 0.000000
vn 0.642788 0.766044 0.000000
vn 0.642788 0.766044 0.000000
vn 0.603805 0.797132 0.000000
vn 0.603805 0.797132 0.000000
vn 0.563319 0.826239 0.000000
vn 0.563319 0.826239 0.000000
vn 0.521434 0.853291 0.000000
vn 0.521434 0.853291 0.000000
vn 0.478254 0.878222 0.000000
vn 0.478254 0.878222 0.000000
vn 0.433884 0.900969 0.000000
vn 0.433884 0.900969 0.000000
vn 0.388436 0.921476 0.000000
vn 0.388436 0.921476 0.000000
vn 0.342020 0.939693 0.000000
vn 0.294755 0.955573 0.000000
vn 0.342020 0.939693 0.000000
vn 0.294755 0.955573 0.000000
vn 0.246757 0.969077 0.000000
vn 0.198147 0.980172 0.000000
vn 0.246757 0.969077 0.000000
vn 0.198147 0.980172 0.000000
vn 0.149042 0.988831 0.000000
vn 0.149042 0.988831 0.000000
vn 0.099567 0.995031 0.000000
vn 0.099567 0.995031 0.000000
vn 0.049847 0.998757 0.000000
vn 0.000000 1.000000 0.000000
vn 0.049847 0.998757 0.000000
vn -0.049847 0.998757 0.000000
vn -0.000000 1.000000 0.000000
vn -0.049847 0.998757 0.000000
vn -0.099567 0.995031 0.000000
vn -0.099567 0.995031 0.000000
vn -0.149041 0.988831 0.000000
vn -0.198147 0.980172 0.000000
vn -0.149041 0.988831 0.000000
vn -0.198147 0.980172 0.000000
vn -0.246758 0.969077 0.000000
vn -0.246758 0.969077 0.000000
vn -0.294755 0.955573 0.000000
vn -0.294755 0.955573 0.000000
vn -0.342020 0.939693 0.000000
vn -0.342020 0.939693 0.000000
vn -0.388436 0.921476 0.000000
vn -0.388436 0.921476 0.000000
vn -0.433882 0.900970 0.000000
vn -0.433882 0.900970 0.000000
vn -0.478254 0.878222 0.000000
vn -0.478254 0.878222 0.000000
vn -0.521436 0.853290 0.000000
vn -0.521436 0.853290 0.000000
vn -0.563319 0.826239 0.000000
vn -0.563319 0.826239 0.000000
vn -0.603805 0.797132 0.000000
vn -0.603805 0.797132 0.000000
vn -0.642788 0.766044 0.000000
vn -0.642788 0.766044 0.000000
vn -0.680173 0.733051 0.000000
vn -0.680173 0.733051 0.000000
vn -0.715867 0.698237 0.000000
vn -0.715867 0.698237 0.000000
vn -0.749780 0.661687 0.000000
vn -0.749780 0.661687 0.000000
vn -0.781833 0.623488 0.000000
vn -0.781833 0.623488 0.000000
vn -0.811938 0.583744 0.000000
vn -0.811938 0.583744 0.000000
vn -0.840025 0.542547 0.000000
vn -0.840025 0.542547 0.000000
vn -0.866025 0.500001 0.000000
vn -0.866025 0.500001 0.000000
vn -0.889873 0.456209 0.000000
vn -0.889873 0.456209 0.000000
vn -0.911505 0.411288 0.000000
vn -0.911505 0.411288 0.000000
vn -0.930874 0.365340 0.000000
vn -0.930874 0.365340 0.000000
vn -0.947927 0.318487 0.000000
vn -0.947927 0.318487 0.000000
vn -0.962624 0.270842 0.000000
vn -0.962624 0.270842 0.000000
vn -0.974928 0.222520 0.000000
vn -0.974928 0.222520 0.000000
vn -0.984808 0.173648 0.000000
vn -0.984808 0.173648 0.000000
vn -0.992239 0.124343 0.000000
vn -0.992239 0.124343 0.000000
vn -0.997204 0.074730 0.000000
vn -0.997204 0.074730 0.000000
vn -0.999689 0.024933 0.000000
vn -0.999689 0.024933 0.000000
vn -0.999689 -0.024933 0.000000
vn -0.999689 -0.024933 -0.000000
vn -0.997204 -0.074730 0.000000
vn -0.997204 -0.074730 -0.000000
vn -0.992239 -0.124343 0.000000
vn -0.992239 -0.124343 -0.000000
vn -0.984808 -0.173648 0.000000
vn -0.984808 -0.173648 -0.000000
vn -0.974928 -0.222520 0.000000
vn -0.974928 -0.222520 -0.000000
vn -0.962624 -0.270842 0.000000
vn -0.962624 -0.270842 -0.000000
vn -0.947927 -0.318487 0.000000
vn -0.947927 -0.318487 -0.000000
vn -0.930874 -0.365340 0.000000
vn -0.930874 -0.365340 -0.000000
vn -0.911505 -0.411288 0.000000
vn -0.911505 -0.411288 -0.000000
vn -0.889873 -0.456209 0.000000
vn -0.889873 -0.456209 -0.000000
vn -0.866025 -0.500001 0.000000
vn -0.866025 -0.500001 -0.000000
vn -0.840025 -0.542547 -0.000000
vn -0.840025 -0.542547 0.000000
vn -0.811938 -0.583744 -0.000000
vn -0.811938 -0.583744 0.000000
vn -0.781833 -0.623488 -0.000000
vn -0.781833 -0.623488 0.000000
vn -0.749780 -0.661687 -0.000000
vn -0.749780 -0.661687 0.000000
vn -0.715867 -0.698237 -0.000000
vn -0.715867 -0.698237 0.000000
vn -0.680173 -0.733051 -0.000000
vn -0.680173 -0.733051 0.000000
vn -0.642788 -0.766044 -0.000000
vn -0.642788 -0.766044 0.000000
vn -0.603805 -0.797132 -0.000000
vn -0.603805 -0.797132 0.000000
vn -0.563319 -0.826239 -0.000000
vn -0.563319 -0.826239 0.000000
vn -0.521436 -0.853290 -0.000000
vn -0.478254 -0.878222 -0.000000
vn -0.521436 -0.853290 0.000000
vn -0.478254 -0.878222 -0.000000
vn -0.433882 -0.900970 -0.000000
vn -0.433882 -0.900970 0.000000
vn -0.388436 -0.921476 -0.000000
vn -0.388436 -0.921476 0.000000
vn -0.342020 -0.939693 0.000000
vn -0.342020 -0.939693 -0.000000
vn -0.294755 -0.955573 0.000000
vn -0.294755 -0.955573 -0.000000
vn -0.246758 -0.969077 0.000000
vn -0.246758 -0.969077 -0.000000
vn -0.198147 -0.980172 0.000000
vn -0.198147 -0.980172 -0.000000
vn -0.149041 -0.988831 -0.000000
vn -0.149041 -0.988831 0.000000
vn -0.099567 -0.995031 -0.000000
vn -0.099567 -0.995031 0.000000
vn -0.049847 -0.998757 -0.000000
vn -0.049847 -0.998757 0.000000
vn 0.000000 -1.000000 -0.000000
vn -0.000000 -1.000000 0.000000
vn 0.049847 -0.998757 0.000000
vn 0.049847 -0.998757 0.000000
vn 0.099567 -0.995031 0.000000
vn 0.099567 -0.995031 0.000000
vn 0.149042 -0.988831 0.000000
vn 0.149042 -0.988831 0.000000
vn 0.198147 -0.980172 0.000000
vn 0.198147 -0.980172 0.000000
vn 0.246757 -0.969077 0.000000
vn 0.246757 -0.969077 0.000000
vn 0.294755 -0.955573 0.000000
vn 0.294755 -0.955573 0.000000
vn 0.342020 -0.939693 0.000000
vn 0.342020 -0.939693 0.000000
vn 0.388436 -0.921476 0.000000
vn 0.433884 -0.900969 0.000000
vn 0.388436 -0.921476 0.000000
vn 0.433884 -0.900969 0.000000
vn 0.478254 -0.878222 0.000000
vn 0.478254 -0.878222 0.000000
vn 0.521434 -0.853291 0.000000
vn 0.563319 -0.826239 0.000000
vn 0.521434 -0.853291 0.000000
vn 0.563319 -0.826239 0.000000
vn 0.603805 -0.797132 0.000000
vn 0.603805 -0.797132 0.000000
vn 0.642788 -0.766044 0.000000
vn 0.642788 -0.766044 0.000000
vn 0.680173 -0.733051 0.000000
vn 0.680173 -0.733051 0.000000
vn 0.715865 -0.698239 0.000000
vn 0.749783 -0.661683 0.000000
vn 0.715865 -0.698239 0.000000
vn 0.781831 -0.623490 0.000000
vn 0.749783 -0.661683 0.000000
vn 0.781831 -0.623490 0.000000
vn 0.811936 -0.583746 0.000000
vn 0.840027 -0.542545 0.000000
vn 0.811936 -0.583746 0.000000
vn 0.840027 -0.542545 0.000000
vn 0.866025 -0.500001 0.000000
vn 0.866025 -0.500001 0.000000
vn 0.889873 -0.456209 0.000000
vn 0.889873 -0.456209 0.000000
vn 0.911505 -0.411288 0.000000
vn 0.911505 -0.411288 0.000000
vn 0.930873 -0.365343 0.000000
vn 0.930873 -0.365343 0.000000
vn 0.947928 -0.318484 0.000000
vn 0.947928 -0.318484 0.000000
vn 0.962625 -0.270838 0.000000
vn 0.962625 -0.270838 0.000000
vn 0.974927 -0.222523 0.000000
vn 0.974927 -0.222523 0.000000
vn 0.984808 -0.173648 0.000000
vn 0.984808 -0.173648 0.000000
vn 0.992239 -0.124343 0.000000
vn 0.992239 -0.124343 0.000000
vn 0.997204 -0.074730 0.000000
vn 0.997204 -0.074730 0.000000
vn 0.999689 -0.024933 0.000000
vn 0.999689 -0.024933 0.000000
vn 0.000000 0.000000 1.000000
vn 0.000000 0.000000 1.000000
vn 0.000000 0.000000 1.000000
vn 0.000000 0.000000 1.000000
vn 0.000000 0.000000 1.000000
vn 0.000000 0.000000 1.000000
vn 0.000000 0.000000 1.000000
vn 0.000000 0.000000 1.000000
vn 0.000000 0.000000 1.000000
vn 0.000000 0.000000 1.000000
vn 0.000000 0.000000 1.000000
vn 0.000000 0.000000 1.000000
vn 0.000000 0.000000 1.000000
vn 0.000000 0.000000 1.000000
vn 0.000000 0.000000 1.000000
vn 0.000000 0.000000 1.000000
vn 0.000000 0.000000 1.000000
vn 0.000000 0.000000 1.000000
vn 0.000000 0.000000 1.000000
vn 0.000000 0.000000 1.000000
vn 0.000000 0.000000 1.000000
vn 0.000000 0.000000 1.000000
vn 0.000000 0.000000 1.000000
vn 0.000000 0.000000 1.000000
vn 0.000000 0.000000 1.000000
vn 0.000000 0.000000 1.000000
vn 0.000000 0.000000 1.000000
vn 0.000000 0.000000 1.000000
vn 0.000000 0.000000 1.000000
vn 0.000000 0.000000 1.000000
vn 0.000000 0.000000 1.000000
vn 0.000000 0.000000 1.000000
vn 0.000000 0.000000 1.000000
vn 0.000000 0.000000 1.000000
vn 0.000000 0.000000 1.000000
vn 0.000000 0.000000 1.000000
vn 0.000000 0.000000 1.000000
vn 0.000000 0.000000 1.000000
vn 0.000000 0.000000 1.000000
vn 0.000000 0.000000 1.000000
vn 0.000000 0.000000 1.000000
vn 0.000000 0.000000 1.000000
vn 0.000000 0.000000 1.000000
vn 0.000000 0.000000 1.000000
vn 0.000000 0.000000 1.000000
vn 0.000000 0.000000 1.000000
vn 0.000000 0.000000 1.000000
vn 0.000000 0.000000 1.000000
vn 0.000000 0.000000 1.000000
vn 0.000000 0.000000 1.000000
vn 0.000000 0.000000 1.000000
vn 0.000000 0.000000 1.000000
vn 0.000000 0.000000 1.000000
vn 0.000000 0.000000 1.000000
vn 0.000000 0.000000 1.000000
vn 0.000000 0.000000 1.000000
vn 0.000000 0.000000 1.000000
vn 0.000000 0.000000 1.000000
vn 0.000000 0.000000 1.000000
vn 0.000000 0.000000 1.000000
vn 0.000000 0.000000 1.000000
vn 0.000000 0.000000 1.000000
vn 0.000000 0.000000 1.000000
vn 0.000000 0.000000 1.000000
vn 0.000000 0.000000 1.000000
vn 0.000000 0.000000 1.000000
vn 0.000000 0.000000 1.000000
vn 0.000000 0.000000 1.000000
vn 0.000000 0.000000 1.000000
vn 0.000000 0.000000 1.000000
vn 0.000000 0.000000 1.000000
vn 0.000000 0.000000 1.000000
vn 0.000000 0.000000 1.000000
vn 0.000000 0.000000 1.000000
vn 0.000000 0.000000 1.000000
vn 0.000000 0.000000 1.000000
vn 0.000000 0.000000 1.000000
vn 0.000000 0.000000 1.000000
vn 0.000000 0.000000 1.000000
vn 0.000000 0.000000 1.000000
vn 0.000000 0.000000 1.000000
vn 0.000000 0.000000 1.000000
vn 0.000000 0.000000 1.000000
vn 0.000000 0.000000 1.000000
vn 0.000000 0.000000 1.000000
vn 0.000000 0.000000 1.000000
vn 0.000000 0.000000 1.000000
vn 0.000000 0.000000 1.000000
vn 0.000000 0.000000 1.000000
vn 0.000000 0.000000 1.000000
vn 0.000000 0.000000 1.000000
vn 0.000000 0.000000 1.000000
vn 0.000000 0.000000 1.000000
vn 0.000000 0.000000 1.000000
vn 0.000000 0.000000 1.000000
vn 0.000000 0.000000 1.000000
vn 0.000000 0.000000 1.000000
vn 0.000000 0.000000 1.000000
vn 0.000000 0.000000 1.000000
vn 0.000000 0.000000 1.000000
vn 0.000000 0.000000 1.000000
vn 0.000000 0.000000 1.000000
vn 0.000000 0.000000 1.000000
vn 0.000000 0.000000 1.000000
vn 0.000000 0.000000 1.000000
vn 0.000000 0.000000 1.000000
vn 0.000000 0.000000 1.000000
vn 0.000000 0.000000 1.000000
vn 0.000000 0.000000 1.000000
vn 0.000000 0.000000 1.000000
vn 0.000000 0.000000 1.000000
vn 0.000000 0.000000 1.000000
vn 0.000000 0.000000 1.000000
vn 0.000000 0.000000 1.000000
vn 0.000000 0.000000 1.000000
vn 0.000000 0.000000 1.000000
vn 0.000000 0.000000 1.000000
vn 0.000000 0.000000 1.000000
vn 0.000000 0.000000 1.000000
vn 0.000000 0.000000 1.000000
vn 0.000000 0.000000 1.000000
vn 0.000000 0.000000 1.000000
vn 0.000000 0.000000 1.000000
vn 0.000000 0.000000 1.000000
vn -0.000000 -0.000000 -1.000000
vn -0.000000 -0.000000 -1.000000
vn -0.000000 -0.000000 -1.000000
vn 0.000000 0.000000 -1.000000
vn 0.000000 0.000000 -1.000000
vn 0.000000 0.000000 -1.000000
vn -0.000000 -0.000000 -1.000000
vn 0.000000 0.000000 -1.000000
vn 0.000000 0.000000 -1.000000
vn 0.000000 0.000000 -1.000000
vn 0.000000 0.000000 -1.000000
vn 0.000000 -0.000000 -1.000000
vn 0.000000 0.000000 -1.000000
vn 0.000000 0.000000 -1.000000
vn 0.000000 -0.000000 -1.000000
vn 0.000000 0.000000 -1.000000
vn 0.000000 0.000000 -1.000000
vn 0.000000 0.000000 -1.000000
vn 0.000000 -0.000000 -1.000000
vn -0.000000 -0.000000 -1.000000
vn 0.000000 -0.000000 -1.000000
vn 0.000000 -0.000000 -1.000000
vn 0.000000 -0.000000 -1.000000
vn 0.000000 -0.000000 -1.000000
vn 0.000000 -0.000000 -1.000000
vn 0.000000 -0.000000 -1.000000
vn 0.000000 -0.000000 -1.000000
vn 0.000000 -0.000000 -1.000000
vn 0.000000 -0.000000 -1.000000
vn 0.000000 -0.000000 -1.000000
vn -0.000000 -0.000000 -1.000000
vn 0.000000 0.000000 -1.000000
vn 0.000000 0.000000 -1.000000
vn 0.000000 -0.000000 -1.000000
vn 0.000000 0.000000 -1.000000
vn 0.000000 -0.000000 -1.000000
vn 0.000000 -0.000000 -1.000000
vn 0.000000 -0.000000 -1.000000
vn 0.000000 -0.000000 -1.000000
vn 0.000000 -0.000000 -1.000000
vn 0.000000 -0.000000 -1.000000
vn 0.000000 0.000000 -1.000000
vn 0.000000 -0.000000 -1.000000
vn 0.000000 0.000000 -1.000000
vn 0.000000 0.000000 -1.000000
vn 0.000000 0.000000 -1.000000
vn 0.000000 0.000000 -1.000000
vn 0.000000 0.000000 -1.000000
vn 0.000000 0.000000 -1.000000
vn 0.000000 0.000000 -1.000000
vn 0.000000 0.000000 -1.000000
vn 0.000000 0.000000 -1.000000
vn 0.000000 -0.000000 -1.000000
vn 0.000000 0.000000 -1.000000
vn 0.000000 0.000000 -1.000000
vn 0.000000 0.000000 -1.000000
vn 0.000000 0.000000 -1.000000
vn -0.000000 -0.000000 -1.000000
vn 0.000000 0.000000 -1.000000
vn 0.000000 0.000000 -1.000000
vn 0.000000 0.000000 -1.000000
vn 0.000000 0.000000 -1.000000
vn 0.000000 0.000000 -1.000000
vn 0.000000 0.000000 -1.000000
vn 0.000000 0.000000 -1.000000
vn 0.000000 0.000000 -1.000000
vn 0.000000 0.000000 -1.000000
vn 0.000000 0.000000 -1.000000
vn 0.000000 0.000000 -1.000000
vn 0.000000 0.000000 -1.000000
vn 0.000000 0.000000 -1.000000
vn 0.000000 -0.000000 -1.000000
vn 0.000000 0.000000 -1.000000
vn 0.000000 0.000000 -1.000000
vn 0.000000 0.000000 -1.000000
vn 0.000000 0.000000 -1.000000
vn 0.000000 0.000000 -1.000000
vn 0.000000 0.000000 -1.000000
vn 0.000000 0.000000 -1.000000
vn 0.000000 0.000000 -1.000000
vn 0.000000 0.000000 -1.000000
vn 0.000000 0.000000 -1.000000
vn 0.000000 0.000000 -1.000000
vn 0.000000 0.000000 -1.000000
vn 0.000000 0.000000 -1.000000
vn 0.000000 -0.000000 -1.000000
vn 0.000000 -0.000000 -1.000000
vn 0.000000 0.000000 -1.000000
vn 0.000000 0.000000 -1.000000
vn 0.000000 -0.000000 -1.000000
vn 0.000000 -0.000000 -1.000000
vn 0.000000 0.000000 -1.000000
vn 0.000000 0.000000 -1.000000
vn 0.000000 0.000000 -1.000000
vn 0.000000 0.000000 -1.000000
vn 0.000000 -0.000000 -1.000000
vn 0.000000 0.000000 -1.000000
vn 0.000000 0.000000 -1.000000
vn 0.000000 0.000000 -1.000000
vn 0.000000 -0.000000 -1.000000
vn 0.000000 -0.000000 -1.000000
vn 0.000000 0.000000 -1.000000
vn 0.000000 0.000000 -1.000000
vn 0.000000 0.000000 -1.000000
vn 0.000000 0.000000 -1.000000
vn 0.000000 0.000000 -1.000000
vn 0.000000 -0.000000 -1.000000
vn 0.000000 0.000000 -1.000000
vn 0.000000 0.000000 -1.000000
vn 0.000000 0.000000 -1.000000
vn 0.000000 0.000000 -1.000000
vn 0.000000 0.000000 -1.000000
vn 0.000000 0.000000 -1.000000
vn -0.000000 -0.000000 -1.000000
vn -0.000000 -0.000000 -1.000000
vn -0.000000 -0.000000 -1.000000
vn -0.000000 -0.000000 -1.000000
vn -0.000000 -0.000000 -1.000000
vn -0.000000 -0.000000 -1.000000
vn -0.000000 -0.000000 -1.000000
vn -0.000000 -0.000000 -1.000000
vn 0.000000 0.000000 -1.000000
vn 0.000000 0.000000 -1.000000
vn 0.000000 0.000000 -1.000000
vn 0.999689 0.024919 0.000000
vn 0.999689 0.024919 0.000000
vn 0.997204 0.074730 0.000000
vn 0.997204 0.074730 0.000000
vn 0.992238 0.124350 0.000000
vn 0.992238 0.124350 0.000000
vn 0.984807 0.173655 0.000000
vn 0.974930 0.222510 0.000000
vn 0.984807 0.173655 0.000000
vn 0.974930 0.222510 0.000000
vn 0.962623 0.270845 0.000000
vn 0.962623 0.270845 0.000000
vn 0.947928 0.318484 0.000000
vn 0.947928 0.318484 0.000000
vn 0.930873 0.365343 0.000000
vn 0.911505 0.411288 0.000000
vn 0.930873 0.365343 0.000000
vn 0.911505 0.411288 0.000000
vn 0.889873 0.456209 0.000000
vn 0.866022 0.500006 0.000000
vn 0.889873 0.456209 0.000000
vn 0.866022 0.500006 0.000000
vn 0.840030 0.542540 0.000000
vn 0.840030 0.542540 0.000000
vn 0.811939 0.583742 0.000000
vn 0.811939 0.583742 0.000000
vn 0.781828 0.623494 0.000000
vn 0.781828 0.623494 0.000000
vn 0.749783 0.661683 0.000000
vn 0.749783 0.661683 0.000000
vn 0.715865 0.698239 0.000000
vn 0.715865 0.698239 0.000000
vn 0.680173 0.733051 0.000000
vn 0.680173 0.733051 0.000000
vn 0.642788 0.766044 0.000000
vn 0.642788 0.766044 0.000000
vn 0.603802 0.797134 0.000000
vn 0.603802 0.797134 0.000000
vn 0.563319 0.826239 0.000000
vn 0.563319 0.826239 0.000000
vn 0.521437 0.853290 0.000000
vn 0.521437 0.853290 0.000000
vn 0.478254 0.878222 0.000000
vn 0.478254 0.878222 0.000000
vn 0.433884 0.900969 0.000000
vn 0.433884 0.900969 0.000000
vn 0.388436 0.921476 0.000000
vn 0.388436 0.921476 0.000000
vn 0.342018 0.939694 0.000000
vn 0.294758 0.955572 0.000000
vn 0.342018 0.939694 0.000000
vn 0.294758 0.955572 0.000000
vn 0.246756 0.969078 0.000000
vn 0.198149 0.980172 0.000000
vn 0.246756 0.969078 0.000000
vn 0.198149 0.980172 0.000000
vn 0.149040 0.988831 0.000000
vn 0.149040 0.988831 0.000000
vn 0.099567 0.995031 0.000000
vn 0.099567 0.995031 0.000000
vn 0.049847 0.998757 0.000000
vn 0.000000 1.000000 0.000000
vn 0.049847 0.998757 0.000000
vn -0.049847 0.998757 0.000000
vn -0.000000 1.000000 0.000000
vn -0.049847 0.998757 0.000000
vn -0.099567 0.995031 0.000000
vn -0.099567 0.995031 0.000000
vn -0.149040 0.988831 0.000000
vn -0.198149 0.980172 0.000000
vn -0.149040 0.988831 0.000000
vn -0.198149 0.980172 0.000000
vn -0.246756 0.969078 0.000000
vn -0.246756 0.969078 0.000000
vn -0.294758 0.955572 0.000000
vn -0.294758 0.955572 0.000000
vn -0.342018 0.939694 0.000000
vn -0.342018 0.939694 0.000000
vn -0.388436 0.921476 0.000000
vn -0.388436 0.921476 0.000000
vn -0.433884 0.900969 0.000000
vn -0.433884 0.900969 0.000000
vn -0.478254 0.878222 0.000000
vn -0.478254 0.878222 0.000000
vn -0.521437 0.853290 0.000000
vn -0.521437 0.853290 0.000000
vn -0.563319 0.826239 0.000000
vn -0.563319 0.826239 0.000000
vn -0.603802 0.797134 0.000000
vn -0.603802 0.797134 0.000000
vn -0.642788 0.766044 0.000000
vn -0.642788 0.766044 0.000000
vn -0.680173 0.733051 0.000000
vn -0.680173 0.733051 0.000000
vn -0.715865 0.698239 0.000000
vn -0.715865 0.698239 0.000000
vn -0.749783 0.661683 0.000000
vn -0.749783 0.661683 0.000000
vn -0.781828 0.623494 0.000000
vn -0.781828 0.623494 0.000000
vn -0.811939 0.583742 0.000000
vn -0.811939 0.583742 0.000000
vn -0.840030 0.542540 0.000000
vn -0.840030 0.542540 0.000000
vn -0.866022 0.500006 0.000000
vn -0.866022 0.500006 0.000000
vn -0.889873 0.456209 0.000000
vn -0.889873 0.456209 0.000000
vn -0.911505 0.411288 0.000000
vn -0.911505 0.411288 0.000000
vn -0.930873 0.365343 0.000000
vn -0.930873 0.365343 0.000000
vn -0.947928 0.318484 0.000000
vn -0.947928 0.318484 0.000000
vn -0.962623 0.270845 0.000000
vn -0.962623 0.270845 0.000000
vn -0.974930 0.222510 0.000000
vn -0.974930 0.222510 0.000000
vn -0.984807 0.173655 0.000000
vn -0.984807 0.173655 0.000000
vn -0.992238 0.124350 0.000000
vn -0.992238 0.124350 0.000000
vn -0.997204 0.074730 0.000000
vn -0.997204 0.074730 0.000000
vn -0.999689 0.024919 0.000000
vn -0.999689 0.024919 0.000000
vn -0.999689 -0.024919 0.000000
vn -0.999689 -0.024919 -0.000000
vn -0.997204 -0.074730 0.000000
vn -0.997204 -0.074730 -0.000000
vn -0.992238 -0.124350 0.000000
vn -0.992238 -0.124350 -0.000000
vn -0.984807 -0.173655 0.000000
vn -0.984807 -0.173655 -0.000000
vn -0.974930 -0.222510 0.000000
vn -0.974930 -0.222510 -0.000000
vn -0.962623 -0.270845 0.000000
vn -0.962623 -0.270845 -0.000000
vn -0.947928 -0.318484 0.000000
vn -0.947928 -0.318484 -0.000000
vn -0.930873 -0.365343 0.000000
vn -0.930873 -0.365343 -0.000000
vn -0.911505 -0.411288 0.000000
vn -0.911505 -0.411288 -0.000000
vn -0.889873 -0.456209 0.000000
vn -0.889873 -0.456209 -0.000000
vn -0.866022 -0.500006 0.000000
vn -0.866022 -0.500006 -0.000000
vn -0.840030 -0.542540 -0.000000
vn -0.840030 -0.542540 0.000000
vn -0.811939 -0.583742 -0.000000
vn -0.811939 -0.583742 0.000000
vn -0.781828 -0.623494 -0.000000
vn -0.781828 -0.623494 0.000000
vn -0.749783 -0.661683 -0.000000
vn -0.749783 -0.661683 0.000000
vn -0.715865 -0.698239 -0.000000
vn -0.715865 -0.698239 0.000000
vn -0.680173 -0.733051 -0.000000
vn -0.680173 -0.733051 0.000000
vn -0.642788 -0.766044 -0.000000
vn -0.642788 -0.766044 0.000000
vn -0.603802 -0.797134 -0.000000
vn -0.603802 -0.797134 0.000000
vn -0.563319 -0.826239 -0.000000
vn -0.563319 -0.826239 0.000000
vn -0.521437 -0.853290 -0.000000
vn -0.478254 -0.878222 -0.000000
vn -0.521437 -0.853290 0.000000
vn -0.478254 -0.878222 -0.000000
vn -0.433884 -0.900969 -0.000000
vn -0.433884 -0.900969 0.000000
vn -0.388436 -0.921476 -0.000000
vn -0.388436 -0.921476 0.000000
vn -0.342018 -0.939694 0.000000
vn -0.342018 -0.939694 -0.000000
vn -0.294758 -0.955572 0.000000
vn -0.294758 -0.955572 -0.000000
vn -0.246756 -0.969078 0.000000
vn -0.246756 -0.969078 -0.000000
vn -0.198149 -0.980172 0.000000
vn -0.198149 -0.980172 -0.000000
vn -0.149040 -0.988831 -0.000000
vn -0.149040 -0.988831 0.000000
vn -0.099567 -0.995031 -0.000000
vn -0.099567 -0.995031 0.000000
vn -0.049847 -0.998757 -0.000000
vn -0.049847 -0.998757 0.000000
vn 0.000000 -1.000000 -0.000000
vn -0.000000 -1.000000 0.000000
vn 0.049847 -0.998757 0.000000
vn 0.049847 -0.998757 0.000000
vn 0.099567 -0.995031 0.000000
vn 0.099567 -0.995031 0.000000
vn 0.149040 -0.988831 0.000000
vn 0.149040 -0.988831 0.000000
vn 0.198149 -0.980172 0.000000
vn 0.198149 -0.980172 0.000000
vn 0.246756 -0.969078 0.000000
vn 0.246756 -0.969078 0.000000
vn 0.294758 -0.955572 0.000000
vn 0.294758 -0.955572 0.000000
vn 0.342018 -0.939694 0.000000
vn 0.342018 -0.939694 0.000000
vn 0.388436 -0.921476 0.000000
vn 0.433884 -0.900969 0.000000
vn 0.388436 -0.921476 0.000000
vn 0.433884 -0.900969 0.000000
vn 0.478254 -0.878222 0.000000
vn 0.478254 -0.878222 0.000000
vn 0.521437 -0.853290 0.000000
vn 0.563319 -0.826239 0.000000
vn 0.521437 -0.853290 0.000000
vn 0.563319 -0.826239 0.000000
vn 0.603802 -0.797134 0.000000
vn 0.603802 -0.797134 0.000000
vn 0.642788 -0.766044 0.000000
vn 0.642788 -0.766044 0.000000
vn 0.680173 -0.733051 0.000000
vn 0.680173 -0.733051 0.000000
vn 0.715865 -0.698239 0.000000
vn 0.749783 -0.661683 0.000000
vn 0.715865 -0.698239 0.000000
vn 0.781828 -0.623494 0.000000
vn 0.749783 -0.661683 0.000000
vn 0.781828 -0.623494 0.000000
vn 0.811939 -0.583742 0.000000
vn 0.840030 -0.542540 0.000000
vn 0.811939 -0.583742 0.000000
vn 0.840030 -0.542540 0.000000
vn 0.866022 -0.500006 0.000000
vn 0.866022 -0.500006 0.000000
vn 0.889873 -0.456209 0.000000
vn 0.889873 -0.456209 0.000000
vn 0.911505 -0.411288 0.000000
vn 0.911505 -0.411288 0.000000
vn 0.930873 -0.365343 0.000000
vn 0.930873 -0.365343 0.000000
vn 0.947928 -0.318484 0.000000
vn 0.947928 -0.318484 0.000000
vn 0.962623 -0.270845 0.000000
vn 0.962623 -0.270845 0.000000
vn 0.974930 -0.222510 0.000000
vn 0.974930 -0.222510 0.000000
vn 0.984807 -0.173655 0.000000
vn 0.984807 -0.173655 0.000000
vn 0.992238 -0.124350 0.000000
vn 0.992238 -0.124350 0.000000
vn 0.997204 -0.074730 0.000000
vn 0.997204 -0.074730 0.000000
vn 0.999689 -0.024919 0.000000
vn 0.999689 -0.024919 0.000000
vn 0.000000 0.000000 1.000000
vn 0.000000 0.000000 1.000000
vn 0.000000 0.000000 1.000000
vn 0.000000 0.000000 1.000000
vn 0.000000 0.000000 1.000000
vn 0.000000 0.000000 1.000000
vn 0.000000 0.000000 1.000000
vn 0.000000 0.000000 1.000000
vn 0.000000 0.000000 1.000000
vn 0.000000 0.000000 1.000000
vn 0.000000 0.000000 1.000000
vn 0.000000 0.000000 1.000000
vn 0.000000 0.000000 1.000000
vn 0.000000 0.000000 1.000000
vn 0.000000 0.000000 1.000000
vn 0.000000 0.000000 1.000000
vn 0.000000 0.000000 1.000000
vn 0.000000 0.000000 1.000000
vn 0.000000 0.000000 1.000000
vn 0.000000 0.000000 1.000000
vn 0.000000 0.000000 1.000000
vn 0.000000 0.000000 1.000000
vn 0.000000 0.000000 1.000000
vn 0.000000 0.000000 1.000000
vn 0.000000 0.000000 1.000000
vn 0.000000 0.000000 1.000000
vn 0.000000 0.000000 1.000000
vn 0.000000 0.000000 1.000000
vn 0.000000 0.000000 1.000000
vn 0.000000 0.000000 1.000000
vn 0.000000 0.000000 1.000000
vn 0.000000 0.000000 1.000000
vn 0.000000 0.000000 1.000000
vn 0.000000 0.000000 1.000000
vn 0.000000 0.000000 1.000000
vn 0.000000 0.000000 1.000000
vn 0.000000 0.000000 1.000000
vn 0.000000 0.000000 1.000000
vn 0.000000 0.000000 1.000000
vn 0.000000 0.000000 1.000000
vn 0.000000 0.000000 1.000000
vn 0.000000 0.000000 1.000000
vn 0.000000 0.000000 1.000000
vn 0.000000 0.000000 1.000000
vn 0.000000 0.000000 1.000000
vn 0.000000 0.000000 1.000000
vn 0.000000 0.000000 1.000000
vn 0.000000 0.000000 1.000000
vn 0.000000 0.000000 1.000000
vn 0.000000 0.000000 1.000000
vn 0.000000 0.000000 1.000000
vn 0.000000 0.000000 1.000000
vn 0.000000 0.000000 1.000000
vn 0.000000 0.000000 1.000000
vn 0.000000 0.000000 1.000000
vn 0.000000 0.000000 1.000000
vn 0.000000 0.000000 1.000000
vn 0.000000 0.000000 1.000000
vn 0.000000 0.000000 1.000000
vn 0.000000 0.000000 1.000000
vn 0.000000 0.000000 1.000000
vn 0.000000 0.000000 1.000000
vn 0.000000 0.000000 1.000000
vn 0.000000 0.000000 1.000000
vn 0.000000 0.000000 1.000000
vn 0.000000 0.000000 1.000000
vn 0.000000 0.000000 1.000000
vn 0.000000 0.000000 1.000000
vn 0.000000 0.000000 1.000000
vn 0.000000 0.000000 1.000000
vn 0.000000 0.000000 1.000000
vn 0.000000 0.000000 1.000000
vn 0.000000 0.000000 1.000000
vn 0.000000 0.000000 1.000000
vn 0.000000 0.000000 1.000000
vn 0.000000 0.000000 1.000000
vn 0.000000 0.000000 1.000000
vn 0.000000 0.000000 1.000000
vn 0.000000 0.000000 1.000000
vn 0.000000 0.000000 1.000000
vn 0.000000 0.000000 1.000000
vn 0.000000 0.000000 1.000000
vn 0.000000 0.000000 1.000000
vn 0.000000 0.000000 1.000000
vn 0.000000 0.000000 1.000000
vn 0.000000 0.000000 1.000000
vn 0.000000 0.000000 1.000000
vn 0.000000 0.000000 1.000000
vn 0.000000 0.000000 1.000000
vn 0.000000 0.000000 1.000000
vn 0.000000 0.000000 1.000000
vn 0.000000 0.000000 1.000000
vn 0.000000 0.000000 1.000000
vn 0.000000 0.000000 1.000000
vn 0.000000 0.000000 1.000000
vn 0.000000 0.000000 1.000000
vn 0.000000 0.000000 1.000000
vn 0.000000 0.000000 1.000000
vn 0.000000 0.000000 1.000000
vn 0.000000 0.000000 1.000000
vn 0.000000 0.000000 1.000000
vn 0.000000 0.000000 1.000000
vn 0.000000 0.000000 1.000000
vn 0.000000 0.000000 1.000000
vn 0.000000 0.000000 1.000000
vn 0.000000 0.000000 1.000000
vn 0.000000 0.000000 1.000000
vn 0.000000 0.000000 1.000000
vn 0.000000 0.000000 1.000000
vn 0.000000 0.000000 1.000000
vn 0.000000 0.000000 1.000000
vn 0.000000 0.000000 1.000000
vn 0.000000 0.000000 1.000000
vn 0.000000 0.000000 1.000000
vn 0.000000 0.000000 1.000000
vn 0.000000 0.000000 1.000000
vn 0.000000 0.000000 1.000000
vn 0.000000 0.000000 1.000000
vn 0.000000 0.000000 1.000000
vn 0.000000 0.000000 1.000000
vn 0.000000 0.000000 1.000000
vn 0.000000 0.000000 1.000000
vn 0.000000 0.000000 1.000000
vn 0.000000 0.000000 1.000000
vn 0.000000 0.000000 -1.000000
vn -0.000000 -0.000000 -1.000000
vn -0.000000 -0.000000 -1.000000
vn -0.000000 -0.000000 -1.000000
vn 0.000000 0.000000 -1.000000
vn -0.000000 -0.000000 -1.000000
vn 0.000000 0.000000 -1.000000
vn 0.000000 0.000000 -1.000000
vn 0.000000 0.000000 -1.000000
vn 0.000000 -0.000000 -1.000000
vn 0.000000 0.000000 -1.000000
vn -0.000000 -0.000000 -1.000000
vn 0.000000 0.000000 -1.000000
vn 0.000000 0.000000 -1.000000
vn 0.000000 0.000000 -1.000000
vn 0.000000 0.000000 -1.000000
vn 0.000000 0.000000 -1.000000
vn 0.000000 0.000000 -1.000000
vn 0.000000 0.000000 -1.000000
vn 0.000000 0.000000 -1.000000
vn 0.000000 0.000000 -1.000000
vn 0.000000 0.000000 -1.000000
vn 0.000000 0.000000 -1.000000
vn 0.000000 0.000000 -1.000000
vn -0.000000 -0.000000 -1.000000
vn 0.000000 -0.000000 -1.000000
vn 0.000000 -0.000000 -1.000000
vn 0.000000 0.000000 -1.000000
vn 0.000000 -0.000000 -1.000000
vn 0.000000 -0.000000 -1.000000
vn 0.000000 -0.000000 -1.000000
vn 0.000000 -0.000000 -1.000000
vn 0.000000 0.000000 -1.000000
vn 0.000000 0.000000 -1.000000
vn 0.000000 0.000000 -1.000000
vn 0.000000 -0.000000 -1.000000
vn -0.000000 -0.000000 -1.000000
vn 0.000000 -0.000000 -1.000000
vn 0.000000 -0.000000 -1.000000
vn 0.000000 -0.000000 -1.000000
vn 0.000000 -0.000000 -1.000000
vn 0.000000 -0.000000 -1.000000
vn 0.000000 -0.000000 -1.000000
vn 0.000000 -0.000000 -1.000000
vn 0.000000 -0.000000 -1.000000
vn 0.000000 -0.000000 -1.000000
vn 0.000000 -0.000000 -1.000000
vn -0.000000 -0.000000 -1.000000
vn 0.000000 -0.000000 -1.000000
vn 0.000000 -0.000000 -1.000000
vn 0.000000 -0.000000 -1.000000
vn 0.000000 -0.000000 -1.000000
vn 0.000000 0.000000 -1.000000
vn 0.000000 -0.000000 -1.000000
vn 0.000000 0.000000 -1.000000
vn 0.000000 0.000000 -1.000000
vn 0.000000 0.000000 -1.000000
vn 0.000000 0.000000 -1.000000
vn -0.000000 -0.000000 -1.000000
vn 0.000000 0.000000 -1.000000
vn 0.000000 0.000000 -1.000000
vn 0.000000 0.000000 -1.000000
vn 0.000000 0.000000 -1.000000
vn 0.000000 0.000000 -1.000000
vn 0.000000 0.000000 -1.000000
vn 0.000000 0.000000 -1.000000
vn 0.000000 0.000000 -1.000000
vn 0.000000 -0.000000 -1.000000
vn 0.000000 0.000000 -1.000000
vn 0.000000 0.000000 -1.000000
vn 0.000000 0.000000 -1.000000
vn 0.000000 0.000000 -1.000000
vn 0.000000 0.000000 -1.000000
vn 0.000000 0.000000 -1.000000
vn 0.000000 0.000000 -1.000000
vn 0.000000 0.000000 -1.000000
vn 0.000000 0.000000 -1.000000
vn 0.000000 0.000000 -1.000000
vn 0.000000 0.000000 -1.000000
vn 0.000000 0.000000 -1.000000
vn 0.000000 0.000000 -1.000000
vn 0.000000 0.000000 -1.000000
vn 0.000000 0.000000 -1.000000
vn 0.000000 0.000000 -1.000000
vn 0.000000 0.000000 -1.000000
vn 0.000000 0.000000 -1.000000
vn 0.000000 0.000000 -1.000000
vn 0.000000 0.000000 -1.000000
vn 0.000000 0.000000 -1.000000
vn 0.000000 0.000000 -1.000000
vn 0.000000 0.000000 -1.000000
vn 0.000000 0.000000 -1.000000
vn 0.000000 0.000000 -1.000000
vn 0.000000 -0.000000 -1.000000
vn 0.000000 -0.000000 -1.000000
vn 0.000000 0.000000 -1.000000
vn 0.000000 0.000000 -1.000000
vn 0.000000 0.000000 -1.000000
vn 0.000000 -0.000000 -1.000000
vn 0.000000 0.000000 -1.000000
vn 0.000000 -0.000000 -1.000000
vn 0.000000 -0.000000 -1.000000
vn 0.000000 0.000000 -1.000000
vn 0.000000 -0.000000 -1.000000
vn 0.000000 0.000000 -1.000000
vn 0.000000 0.000000 -1.000000
vn 0.000000 0.000000 -1.000000
vn 0.000000 -0.000000 -1.000000
vn 0.000000 0.000000 -1.000000
vn 0.000000 0.000000 -1.000000
vn 0.000000 0.000000 -1.000000
vn 0.000000 0.000000 -1.000000
vn 0.000000 0.000000 -1.000000
vn 0.000000 0.000000 -1.000000
vn -0.000000 -0.000000 -1.000000
vn -0.000000 -0.000000 -1.000000
vn -0.000000 -0.000000 -1.000000
vn 0.000000 0.000000 -1.000000
vn 0.000000 0.000000 -1.000000
vn -0.000000 -0.000000 -1.000000
vn -0.000000 -0.000000 -1.000000
vn 0.000000 0.000000 -1.000000
vn 0.000000 0.000000 -1.000000
vn -0.000000 -0.000000 -1.000000
f 1//1 2//1 3//1
f 3//2 2//2 4//2
f 5//3 6//3 7//3
f 5//4 7//4 8//4
f 6//5 5//5 1//5
f 1//6 5//6 2//6
f 8//7 7//7 3//7
f 8//8 3//8 4//8
f 3//9 7//9 1//9
f 1//10 7//10 6//10
f 8//11 4//11 2//11
f 8//12 2//12 5//12
f 9//13 10//13 11//13
f 11//14 10//14 12//14
f 13//15 14//15 15//15
f 13//16 15//16 16//16
f 14//17 13//17 9//17
f 9//18 13//18 10//18
f 16//19 15//19 11//19
f 16//20 11//20 12//20
f 11//21 15//21 9//21
f 9//22 15//22 14//22
f 16//23 12//23 10//23
f 16//24 10//24 13//24
f 17//25 18//25 19//25
f 19//26 18//26 20//26
f 21//27 22//27 23//27
f 21//28 23//28 24//28
f 22//29 21//29 17//29
f 17//30 21//30 18//30
f 24//31 23//31 19//31
f 24//32 19//32 20//32
f 19//33 23//33 17//33
f 17//34 23//34 22//34
f 24//35 20//35 18//35
f 24//36 18//36 21//36
f 25//37 26//37 27//37
f 27//38 26//38 28//38
f 29//39 30//39 31//39
f 29//40 31//40 32//40
f 30//41 29//41 25//41
f 25//42 29//42 26//42
f 32//43 31//43 27//43
f 32//44 27//44 28//44
f 27//45 31//45 25//45
f 25//46 31//46 30//46
f 32//47 28//47 26//47
f 32//48 26//48 29//48
f 33//49 34//49 35//49
f 35//50 34//50 36//50
f 37//51 38//51 39//51
f 37//52 39//52 40//52
f 38//53 37//53 33//53
f 33//54 37//54 34//54
f 40//55 39//55 35//55
f 40//56 35//56 36//56
f 35//57 39//57 33//57
f 33//58 39//58 38//58
f 40//59 36//59 34//59
f 40//60 34//60 37//60
f 41//61 42//61 43//61
f 43//62 42//62 44//62
f 45//63 46//63 47//63
f 45//64 47//64 48//64
f 46//65 45//65 41//65
f 41//66 45//66 42//66
f 48//67 47//67 43//67
f 48//68 43//68 44//68
f 43//69 47//69 41//69
f 41//70 47//70 46//70
f 48//71 44//71 42//71
f 48//72 42//72 45//72
f 49//73 50//73 51//73
f 52//74 51//74 53//74
f 52//75 49//75 51//75
f 52//76 50//76 49//76
f 54//77 52//77 53//77
f 55//78 54//78 53//78
f 56//79 57//79 50//79
f 56//80 58//80 57//80
f 59//81 55//81 53//81
f 60//82 52//82 54//82
f 60//83 56//83 50//83
f 60//84 50//84 52//84
f 61//85 59//85 53//85
f 62//86 60//86 54//86
f 62//87 54//87 55//87
f 63//88 61//88 53//88
f 64//89 65//89 58//89
f 66//90 62//90 55//90
f 66//91 55//91 59//91
f 67//92 63//92 53//92
f 68//93 56//93 60//93
f 68//94 58//94 56//94
f 68//95 65//95 64//95
f 68//96 64//96 58//96
f 69//97 66//97 59//97
f 69//98 59//98 61//98
f 70//99 67//99 53//99
f 71//100 68//100 60//100
f 71//101 60//101 62//101
f 72//102 69//102 61//102
f 72//103 61//103 63//103
f 73//104 70//104 53//104
f 74//105 62//105 66//105
f 74//106 71//106 62//106
f 75//107 72//107 63//107
f 75//108 63//108 67//108
f 76//109 77//109 65//109
f 78//110 73//110 53//110
f 79//111 74//111 66//111
f 79//112 66//112 69//112
f 80//113 75//113 67//113
f 80//114 67//114 70//114
f 81//115 76//115 65//115
f 81//116 68//116 71//116
f 81//117 65//117 68//117
f 82//118 78//118 53//118
f 83//119 79//119 69//119
f 83//120 69//120 72//120
f 84//121 70//121 73//121
f 84//122 80//122 70//122
f 85//123 71//123 74//123
f 85//124 81//124 71//124
f 86//125 82//125 53//125
f 87//126 83//126 72//126
f 87//127 72//127 75//127
f 88//128 89//128 77//128
f 88//129 90//129 89//129
f 91//130 84//130 73//130
f 91//131 73//131 78//131
f 92//132 85//132 74//132
f 92//133 74//133 79//133
f 93//134 86//134 53//134
f 94//135 75//135 80//135
f 94//136 87//136 75//136
f 95//137 88//137 77//137
f 95//138 77//138 76//138
f 95//139 76//139 81//139
f 95//140 90//140 88//140
f 96//141 78//141 82//141
f 96//142 91//142 78//142
f 97//143 79//143 83//143
f 97//144 92//144 79//144
f 98//145 93//145 53//145
f 99//146 80//146 84//146
f 99//147 94//147 80//147
f 100//148 81//148 85//148
f 100//149 95//149 81//149
f 101//150 96//150 82//150
f 101//151 82//151 86//151
f 102//152 97//152 83//152
f 102//153 83//153 87//153
f 103//154 98//154 53//154
f 104//155 99//155 84//155
f 104//156 84//156 91//156
f 105//157 100//157 85//157
f 105//158 85//158 92//158
f 106//159 86//159 93//159
f 106//160 101//160 86//160
f 107//161 102//161 87//161
f 107//162 87//162 94//162
f 108//163 109//163 90//163
f 108//164 90//164 95//164
f 110//165 103//165 53//165
f 111//166 104//166 91//166
f 111//167 91//167 96//167
f 112//168 92//168 97//168
f 112//169 105//169 92//169
f 113//170 93//170 98//170
f 113//171 106//171 93//171
f 114//172 94//172 99//172
f 114//173 107//173 94//173
f 115//174 108//174 95//174
f 115//175 95//175 100//175
f 115//176 109//176 108//176
f 116//177 110//177 53//177
f 117//178 96//178 101//178
f 117//179 111//179 96//179
f 118//180 112//180 97//180
f 118//181 97//181 102//181
f 119//182 98//182 103//182
f 119//183 113//183 98//183
f 120//184 99//184 104//184
f 120//185 114//185 99//185
f 121//186 115//186 100//186
f 121//187 100//187 105//187
f 122//188 116//188 53//188
f 123//189 101//189 106//189
f 123//190 117//190 101//190
f 124//191 118//191 102//191
f 124//192 102//192 107//192
f 125//193 126//193 109//193
f 127//194 103//194 110//194
f 127//195 119//195 103//195
f 128//196 104//196 111//196
f 128//197 120//197 104//197
f 129//198 121//198 105//198
f 129//199 105//199 112//199
f 130//200 122//200 53//200
f 131//201 123//201 106//201
f 131//202 106//202 113//202
f 132//203 107//203 114//203
f 132//204 124//204 107//204
f 133//205 109//205 115//205
f 133//206 125//206 109//206
f 133//207 126//207 125//207
f 134//208 127//208 110//208
f 134//209 110//209 116//209
f 135//210 111//210 117//210
f 135//211 128//211 111//211
f 136//212 129//212 112//212
f 136//213 112//213 118//213
f 137//214 130//214 53//214
f 138//215 113//215 119//215
f 138//216 131//216 113//216
f 139//217 132//217 114//217
f 139//218 114//218 120//218
f 140//219 115//219 121//219
f 140//220 133//220 115//220
f 141//221 134//221 116//221
f 141//222 116//222 122//222
f 142//223 117//223 123//223
f 142//224 135//224 117//224
f 143//225 136//225 118//225
f 143//226 118//226 124//226
f 144//227 137//227 53//227
f 145//228 119//228 127//228
f 145//229 138//229 119//229
f 146//230 120//230 128//230
f 146//231 139//231 120//231
f 147//232 121//232 129//232
f 147//233 140//233 121//233
f 148//234 122//234 130//234
f 148//235 141//235 122//235
f 149//236 142//236 123//236
f 149//237 123//237 131//237
f 150//238 124//238 132//238
f 150//239 143//239 124//239
f 151//240 152//240 126//240
f 151//241 153//241 152//241
f 151//242 126//242 133//242
f 154//243 144//243 53//243
f 155//244 127//244 134//244
f 155//245 145//245 127//245
f 156//246 146//246 128//246
f 156//247 128//247 135//247
f 157//248 147//248 129//248
f 157//249 129//249 136//249
f 158//250 130//250 137//250
f 158//251 148//251 130//251
f 159//252 149//252 131//252
f 159//253 131//253 138//253
f 160//254 132//254 139//254
f 160//255 150//255 132//255
f 161//256 153//256 151//256
f 161//257 151//257 133//257
f 161//258 133//258 140//258
f 162//259 154//259 53//259
f 163//260 155//260 134//260
f 163//261 134//261 141//261
f 164//262 156//262 135//262
f 164//263 135//263 142//263
f 165//264 157//264 136//264
f 165//265 136//265 143//265
f 166//266 158//266 137//266
f 166//267 137//267 144//267
f 167//268 138//268 145//268
f 167//269 159//269 138//269
f 168//270 139//270 146//270
f 168//271 160//271 139//271
f 169//272 161//272 140//272
f 169//273 140//273 147//273
f 170//274 162//274 53//274
f 171//275 141//275 148//275
f 171//276 163//276 141//276
f 172//277 164//277 142//277
f 172//278 142//278 149//278
f 173//279 165//279 143//279
f 173//280 143//280 150//280
f 174//281 175//281 153//281
f 176//282 166//282 144//282
f 176//283 144//283 154//283
f 177//284 145//284 155//284
f 177//285 167//285 145//285
f 178//286 146//286 156//286
f 178//287 168//287 146//287
f 179//288 169//288 147//288
f 179//289 147//289 157//289
f 180//290 170//290 53//290
f 181//291 148//291 158//291
f 181//292 171//292 148//292
f 182//293 149//293 159//293
f 182//294 172//294 149//294
f 183//295 150//295 160//295
f 183//296 173//296 150//296
f 184//297 153//297 161//297
f 184//298 175//298 174//298
f 184//299 174//299 153//299
f 185//300 154//300 162//300
f 185//301 176//301 154//301
f 186//302 155//302 163//302
f 186//303 177//303 155//303
f 187//304 178//304 156//304
f 187//305 156//305 164//305
f 188//306 157//306 165//306
f 188//307 179//307 157//307
f 189//308 180//308 53//308
f 190//309 158//309 166//309
f 190//310 181//310 158//310
f 191//311 182//311 159//311
f 191//312 159//312 167//312
f 192//313 160//313 168//313
f 192//314 183//314 160//314
f 193//315 161//315 169//315
f 193//316 184//316 161//316
f 194//317 162//317 170//317
f 194//318 185//318 162//318
f 195//319 186//319 163//319
f 195//320 163//320 171//320
f 196//321 187//321 164//321
f 196//322 164//322 172//322
f 197//323 188//323 165//323
f 197//324 165//324 173//324
f 198//325 189//325 53//325
f 199//326 190//326 166//326
f 199//327 166//327 176//327
f 200//328 191//328 167//328
f 200//329 167//329 177//329
f 201//330 192//330 168//330
f 201//331 168//331 178//331
f 202//332 193//332 169//332
f 202//333 169//333 179//333
f 203//334 194//334 170//334
f 203//335 170//335 180//335
f 204//336 195//336 171//336
f 204//337 171//337 181//337
f 205//338 172//338 182//338
f 205//339 196//339 172//339
f 206//340 197//340 173//340
f 206//341 173//341 183//341
f 207//342 175//342 184//342
f 207//343 208//343 175//343
f 207//344 209//344 208//344
f 210//345 198//345 53//345
f 211//346 199//346 176//346
f 211//347 176//347 185//347
f 212//348 177//348 186//348
f 212//349 200//349 177//349
f 213//350 178//350 187//350
f 213//351 201//351 178//351
f 214//352 179//352 188//352
f 214//353 202//353 179//353
f 215//354 203//354 180//354
f 215//355 180//355 189//355
f 216//356 181//356 190//356
f 216//357 204//357 181//357
f 217//358 205//358 182//358
f 217//359 182//359 191//359
f 218//360 206//360 183//360
f 218//361 183//361 192//361
f 219//362 207//362 184//362
f 219//363 184//363 193//363
f 220//364 210//364 53//364
f 221//365 211//365 185//365
f 221//366 185//366 194//366
f 222//367 186//367 195//367
f 222//368 212//368 186//368
f 223//369 187//369 196//369
f 223//370 213//370 187//370
f 224//371 188//371 197//371
f 224//372 214//372 188//372
f 225//373 189//373 198//373
f 225//374 215//374 189//374
f 226//375 190//375 199//375
f 226//376 216//376 190//376
f 227//377 191//377 200//377
f 227//378 217//378 191//378
f 228//379 218//379 192//379
f 228//380 192//380 201//380
f 229//381 219//381 193//381
f 229//382 193//382 202//382
f 230//383 220//383 53//383
f 231//384 194//384 203//384
f 231//385 221//385 194//385
f 232//386 222//386 195//386
f 232//387 195//387 204//387
f 233//388 223//388 196//388
f 233//389 196//389 205//389
f 234//390 197//390 206//390
f 234//391 224//391 197//391
f 235//392 236//392 209//392
f 237//393 225//393 198//393
f 237//394 198//394 210//394
f 238//395 199//395 211//395
f 238//396 226//396 199//396
f 239//397 227//397 200//397
f 239//398 200//398 212//398
f 240//399 201//399 213//399
f 240//400 228//400 201//400
f 241//401 202//401 214//401
f 241//402 229//402 202//402
f 242//403 230//403 53//403
f 243//404 231//404 203//404
f 243//405 203//405 215//405
f 244//406 232//406 204//406
f 244//407 204//407 216//407
f 245//408 205//408 217//408
f 245//409 233//409 205//409
f 246//410 234//410 206//410
f 246//411 206//411 218//411
f 247//412 207//412 219//412
f 247//413 236//413 235//413
f 247//414 235//414 209//414
f 247//415 209//415 207//415
f 248//416 210//416 220//416
f 248//417 237//417 210//417
f 249//418 211//418 221//418
f 249//419 238//419 211//419
f 250//420 212//420 222//420
f 250//421 239//421 212//421
f 251//422 213//422 223//422
f 251//423 240//423 213//423
f 252//424 214//424 224//424
f 252//425 241//425 214//425
f 253//426 242//426 53//426
f 254//427 215//427 225//427
f 254//428 243//428 215//428
f 255//429 244//429 216//429
f 255//430 216//430 226//430
f 256//431 217//431 227//431
f 256//432 245//432 217//432
f 257//433 218//433 228//433
f 257//434 246//434 218//434
f 258//435 219//435 229//435
f 258//436 247//436 219//436
f 259//437 248//437 220//437
f 259//438 220//438 230//438
f 260//439 221//439 231//439
f 260//440 249//440 221//440
f 261//441 222//441 232//441
f 261//442 250//442 222//442
f 262//443 223//443 233//443
f 262//444 251//444 223//444
f 263//445 252//445 224//445
f 263//446 224//446 234//446
f 264//447 253//447 53//447
f 265//448 225//448 237//448
f 265//449 254//449 225//449
f 266//450 226//450 238//450
f 266//451 255//451 226//451
f 267//452 227//452 239//452
f 267//453 256//453 227//453
f 268//454 257//454 228//454
f 268//455 228//455 240//455
f 269//456 258//456 229//456
f 269//457 229//457 241//457
f 270//458 230//458 242//458
f 270//459 259//459 230//459
f 271//460 260//460 231//460
f 271//461 231//461 243//461
f 272//462 261//462 232//462
f 272//463 232//463 244//463
f 273//464 262//464 233//464
f 273//465 233//465 245//465
f 274//466 234//466 246//466
f 274//467 263//467 234//467
f 275//468 276//468 236//468
f 275//469 277//469 276//469
f 278//470 264//470 53//470
f 279//471 265//471 237//471
f 279//472 237//472 248//472
f 280//473 266//473 238//473
f 280//474 238//474 249//474
f 281//475 267//475 239//475
f 281//476 239//476 250//476
f 282//477 240//477 251//477
f 282//478 268//478 240//478
f 283//479 241//479 252//479
f 283//480 269//480 241//480
f 284//481 242//481 253//481
f 284//482 270//482 242//482
f 285//483 243//483 254//483
f 285//484 271//484 243//484
f 286//485 272//485 244//485
f 286//486 244//486 255//486
f 287//487 245//487 256//487
f 287//488 273//488 245//488
f 288//489 246//489 257//489
f 288//490 274//490 246//490
f 289//491 247//491 258//491
f 289//492 236//492 247//492
f 289//493 275//493 236//493
f 290//494 278//494 53//494
f 291//495 248//495 259//495
f 291//496 279//496 248//496
f 292//497 249//497 260//497
f 292//498 280//498 249//498
f 293//499 281//499 250//499
f 293//500 250//500 261//500
f 294//501 251//501 262//501
f 294//502 282//502 251//502
f 295//503 283//503 252//503
f 295//504 252//504 263//504
f 296//505 253//505 264//505
f 296//506 284//506 253//506
f 297//507 285//507 254//507
f 297//508 254//508 265//508
f 298//509 255//509 266//509
f 298//510 286//510 255//510
f 299//511 287//511 256//511
f 299//512 256//512 267//512
f 300//513 257//513 268//513
f 300//514 288//514 257//514
f 301//515 258//515 269//515
f 301//516 289//516 258//516
f 302//517 290//517 53//517
f 303//518 291//518 259//518
f 303//519 259//519 270//519
f 304//520 260//520 271//520
f 304//521 292//521 260//521
f 305//522 261//522 272//522
f 305//523 293//523 261//523
f 306//524 262//524 273//524
f 306//525 294//525 262//525
f 307//526 295//526 263//526
f 307//527 263//527 274//527
f 308//528 309//528 277//528
f 310//529 296//529 264//529
f 310//530 264//530 278//530
f 311//531 297//531 265//531
f 311//532 265//532 279//532
f 312//533 266//533 280//533
f 312//534 298//534 266//534
f 313//535 299//535 267//535
f 313//536 267//536 281//536
f 314//537 300//537 268//537
f 314//538 268//538 282//538
f 315//539 301//539 269//539
f 315//540 269//540 283//540
f 316//541 302//541 53//541
f 317//542 303//542 270//542
f 317//543 270//543 284//543
f 318//544 271//544 285//544
f 318//545 304//545 271//545
f 319//546 305//546 272//546
f 319//547 272//547 286//547
f 320//548 306//548 273//548
f 320//549 273//549 287//549
f 321//550 274//550 288//550
f 321//551 307//551 274//551
f 322//552 275//552 289//552
f 322//553 309//553 308//553
f 322//554 308//554 277//554
f 322//555 277//555 275//555
f 323//556 278//556 290//556
f 323//557 310//557 278//557
f 324//558 311//558 279//558
f 324//559 279//559 291//559
f 325//560 280//560 292//560
f 325//561 312//561 280//561
f 326//562 313//562 281//562
f 326//563 281//563 293//563
f 327//564 282//564 294//564
f 327//565 314//565 282//565
f 328//566 283//566 295//566
f 328//567 315//567 283//567
f 329//568 316//568 53//568
f 330//569 317//569 284//569
f 330//570 284//570 296//570
f 331//571 285//571 297//571
f 331//572 318//572 285//572
f 332//573 319//573 286//573
f 332//574 286//574 298//574
f 333//575 320//575 287//575
f 333//576 287//576 299//576
f 334//577 288//577 300//577
f 334//578 321//578 288//578
f 335//579 289//579 301//579
f 335//580 322//580 289//580
f 336//581 290//581 302//581
f 336//582 323//582 290//582
f 337//583 291//583 303//583
f 337//584 324//584 291//584
f 338//585 292//585 304//585
f 338//586 325//586 292//586
f 339//587 293//587 305//587
f 339//588 326//588 293//588
f 340//589 327//589 294//589
f 340//590 294//590 306//590
f 341//591 328//591 295//591
f 341//592 295//592 307//592
f 342//593 329//593 53//593
f 343//594 296//594 310//594
f 343//595 330//595 296//595
f 344//596 331//596 297//596
f 344//597 297//597 311//597
f 345//598 298//598 312//598
f 345//599 332//599 298//599
f 346//600 333//600 299//600
f 346//601 299//601 313//601
f 347//602 334//602 300//602
f 347//603 300//603 314//603
f 348//604 335//604 301//604
f 348//605 301//605 315//605
f 349//606 302//606 316//606
f 349//607 336//607 302//607
f 350//608 303//608 317//608
f 350//609 337//609 303//609
f 351//610 304//610 318//610
f 351//611 338//611 304//611
f 352//612 305//612 319//612
f 352//613 339//613 305//613
f 353//614 340//614 306//614
f 353//615 306//615 320//615
f 354//616 307//616 321//616
f 354//617 341//617 307//617
f 355//618 356//618 309//618
f 357//619 342//619 53//619
f 358//620 310//620 323//620
f 358//621 343//621 310//621
f 359//622 344//622 311//622
f 359//623 311//623 324//623
f 360//624 312//624 325//624
f 360//625 345//625 312//625
f 361//626 313//626 326//626
f 361//627 346//627 313//627
f 362//628 314//628 327//628
f 362//629 347//629 314//629
f 363//630 315//630 328//630
f 363//631 348//631 315//631
f 364//632 316//632 329//632
f 364//633 349//633 316//633
f 365//634 317//634 330//634
f 365//635 350//635 317//635
f 366//636 318//636 331//636
f 366//637 351//637 318//637
f 367//638 352//638 319//638
f 367//639 319//639 332//639
f 368//640 320//640 333//640
f 368//641 353//641 320//641
f 369//642 321//642 334//642
f 369//643 354//643 321//643
f 370//644 355//644 309//644
f 370//645 322//645 335//645
f 370//646 309//646 322//646
f 371//647 357//647 53//647
f 372//648 323//648 336//648
f 372//649 358//649 323//649
f 373//650 324//650 337//650
f 373//651 359//651 324//651
f 374//652 360//652 325//652
f 374//653 325//653 338//653
f 375//654 326//654 339//654
f 375//655 361//655 326//655
f 376//656 362//656 327//656
f 376//657 327//657 340//657
f 377//658 328//658 341//658
f 377//659 363//659 328//659
f 378//660 364//660 329//660
f 378//661 329//661 342//661
f 379//662 330//662 343//662
f 379//663 365//663 330//663
f 380//664 366//664 331//664
f 380//665 331//665 344//665
f 381//666 367//666 332//666
f 381//667 332//667 345//667
f 382//668 333//668 346//668
f 382//669 368//669 333//669
f 383//670 334//670 347//670
f 383//671 369//671 334//671
f 384//672 335//672 348//672
f 384//673 370//673 335//673
f 385//674 371//674 53//674
f 386//675 336//675 349//675
f 386//676 372//676 336//676
f 387//677 337//677 350//677
f 387//678 373//678 337//678
f 388//679 374//679 338//679
f 388//680 338//680 351//680
f 389//681 339//681 352//681
f 389//682 375//682 339//682
f 390//683 340//683 353//683
f 390//684 376//684 340//684
f 391//685 341//685 354//685
f 391//686 377//686 341//686
f 392//687 393//687 356//687
f 392//688 394//688 393//688
f 395//689 342//689 357//689
f 395//690 378//690 342//690
f 396//691 379//691 343//691
f 396//692 343//692 358//692
f 397//693 344//693 359//693
f 397//694 380//694 344//694
f 398//695 381//695 345//695
f 398//696 345//696 360//696
f 399//697 382//697 346//697
f 399//698 346//698 361//698
f 400//699 347//699 362//699
f 400//700 383//700 347//700
f 401//701 348//701 363//701
f 401//702 384//702 348//702
f 402//703 385//703 53//703
f 403//704 349//704 364//704
f 403//705 386//705 349//705
f 404//706 350//706 365//706
f 404//707 387//707 350//707
f 405//708 351//708 366//708
f 405//709 388//709 351//709
f 406//710 352//710 367//710
f 406//711 389//711 352//711
f 407//712 353//712 368//712
f 407//713 390//713 353//713
f 408//714 391//714 354//714
f 408//715 354//715 369//715
f 409//716 394//716 392//716
f 409//717 392//717 356//717
f 409//718 356//718 355//718
f 409//719 355//719 370//719
f 410//720 395//720 357//720
f 410//721 357//721 371//721
f 411//722 358//722 372//722
f 411//723 396//723 358//723
f 412//724 397//724 359//724
f 412//725 359//725 373//725
f 413//726 360//726 374//726
f 413//727 398//727 360//727
f 414//728 361//728 375//728
f 414//729 399//729 361//729
f 415//730 400//730 362//730
f 415//731 362//731 376//731
f 416//732 363//732 377//732
f 416//733 401//733 363//733
f 417//734 402//734 53//734
f 418//735 364//735 378//735
f 418//736 403//736 364//736
f 419//737 365//737 379//737
f 419//738 404//738 365//738
f 420//739 405//739 366//739
f 420//740 366//740 380//740
f 421//741 406//741 367//741
f 421//742 367//742 381//742
f 422//743 368//743 382//743
f 422//744 407//744 368//744
f 423//745 408//745 369//745
f 423//746 369//746 383//746
f 424//747 409//747 370//747
f 424//748 370//748 384//748
f 425//749 410//749 371//749
f 425//750 371//750 385//750
f 426//751 411//751 372//751
f 426//752 372//752 386//752
f 427//753 412//753 373//753
f 427//754 373//754 387//754
f 428//755 374//755 388//755
f 428//756 413//756 374//756
f 429//757 414//757 375//757
f 429//758 375//758 389//758
f 430//759 376//759 390//759
f 430//760 415//760 376//760
f 431//761 377//761 391//761
f 431//762 416//762 377//762
f 432//763 417//763 53//763
f 433//764 418//764 378//764
f 433//765 378//765 395//765
f 434//766 379//766 396//766
f 434//767 419//767 379//767
f 435//768 380//768 397//768
f 435//769 420//769 380//769
f 436//770 381//770 398//770
f 436//771 421//771 381//771
f 437//772 422//772 382//772
f 437//773 382//773 399//773
f 438//774 383//774 400//774
f 438//775 423//775 383//775
f 439//776 384//776 401//776
f 439//777 424//777 384//777
f 440//778 385//778 402//778
f 440//779 425//779 385//779
f 441//780 386//780 403//780
f 441//781 426//781 386//781
f 442//782 387//782 404//782
f 442//783 427//783 387//783
f 443//784 428//784 388//784
f 443//785 388//785 405//785
f 444//786 389//786 406//786
f 444//787 429//787 389//787
f 445//788 390//788 407//788
f 445//789 430//789 390//789
f 446//790 391//790 408//790
f 446//791 431//791 391//791
f 447//792 394//792 409//792
f 447//793 448//793 394//793
f 449//794 432//794 53//794
f 450//795 395//795 410//795
f 450//796 433//796 395//796
f 451//797 434//797 396//797
f 451//798 396//798 411//798
f 452//799 435//799 397//799
f 452//800 397//800 412//800
f 453//801 436//801 398//801
f 453//802 398//802 413//802
f 454//803 437//803 399//803
f 454//804 399//804 414//804
f 455//805 438//805 400//805
f 455//806 400//806 415//806
f 456//807 401//807 416//807
f 456//808 439//808 401//808
f 457//809 440//809 402//809
f 457//810 402//810 417//810
f 458//811 441//811 403//811
f 458//812 403//812 418//812
f 459//813 404//813 419//813
f 459//814 442//814 404//814
f 460//815 405//815 420//815
f 460//816 443//816 405//816
f 461//817 444//817 406//817
f 461//818 406//818 421//818
f 462//819 445//819 407//819
f 462//820 407//820 422//820
f 463//821 408//821 423//821
f 463//822 446//822 408//822
f 464//823 409//823 424//823
f 464//824 447//824 409//824
f 464//825 448//825 447//825
f 465//826 449//826 53//826
f 466//827 410//827 425//827
f 466//828 450//828 410//828
f 467//829 451//829 411//829
f 467//830 411//830 426//830
f 468//831 452//831 412//831
f 468//832 412//832 427//832
f 469//833 413//833 428//833
f 469//834 453//834 413//834
f 470//835 454//835 414//835
f 470//836 414//836 429//836
f 471//837 415//837 430//837
f 471//838 455//838 415//838
f 472//839 456//839 416//839
f 472//840 416//840 431//840
f 473//841 457//841 417//841
f 473//842 417//842 432//842
f 474//843 458//843 418//843
f 474//844 418//844 433//844
f 475//845 419//845 434//845
f 475//846 459//846 419//846
f 476//847 460//847 420//847
f 476//848 420//848 435//848
f 477//849 421//849 436//849
f 477//850 461//850 421//850
f 478//851 422//851 437//851
f 478//852 462//852 422//852
f 479//853 423//853 438//853
f 479//854 463//854 423//854
f 480//855 464//855 424//855
f 480//856 424//856 439//856
f 481//857 465//857 53//857
f 482//858 425//858 440//858
f 482//859 466//859 425//859
f 483//860 467//860 426//860
f 483//861 426//861 441//861
f 484//862 427//862 442//862
f 484//863 468//863 427//863
f 485//864 469//864 428//864
f 485//865 428//865 443//865
f 486//866 470//866 429//866
f 486//867 429//867 444//867
f 487//868 430//868 445//868
f 487//869 471//869 430//869
f 488//870 472//870 431//870
f 488//871 431//871 446//871
f 489//872 490//872 448//872
f 491//873 473//873 432//873
f 491//874 432//874 449//874
f 492//875 433//875 450//875
f 492//876 474//876 433//876
f 493//877 475//877 434//877
f 493//878 434//878 451//878
f 494//879 476//879 435//879
f 494//880 435//880 452//880
f 495//881 477//881 436//881
f 495//882 436//882 453//882
f 496//883 437//883 454//883
f 496//884 478//884 437//884
f 497//885 479//885 438//885
f 497//886 438//886 455//886
f 498//887 480//887 439//887
f 498//888 439//888 456//888
f 499//889 481//889 53//889
f 500//890 482//890 440//890
f 500//891 440//891 457//891
f 501//892 483//892 441//892
f 501//893 441//893 458//893
f 502//894 484//894 442//894
f 502//895 442//895 459//895
f 503//896 485//896 443//896
f 503//897 443//897 460//897
f 504//898 444//898 461//898
f 504//899 486//899 444//899
f 505//900 445//900 462//900
f 505//901 487//901 445//901
f 506//902 446//902 463//902
f 506//903 488//903 446//903
f 507//904 448//904 464//904
f 507//905 490//905 489//905
f 507//906 489//906 448//906
f 508//907 449//907 465//907
f 508//908 491//908 449//908
f 509//909 450//909 466//909
f 509//910 492//910 450//910
f 510//911 451//911 467//911
f 510//912 493//912 451//912
f 511//913 452//913 468//913
f 511//914 494//914 452//914
f 512//915 453//915 469//915
f 512//916 495//916 453//916
f 513//917 496//917 454//917
f 513//918 454//918 470//918
f 514//919 455//919 471//919
f 514//920 497//920 455//920
f 515//921 456//921 472//921
f 515//922 498//922 456//922
f 516//923 499//923 53//923
f 517//924 500//924 457//924
f 517//925 457//925 473//925
f 518//926 458//926 474//926
f 518//927 501//927 458//927
f 519//928 502//928 459//928
f 519//929 459//929 475//929
f 520//930 460//930 476//930
f 520//931 503//931 460//931
f 521//932 504//932 461//932
f 521//933 461//933 477//933
f 522//934 462//934 478//934
f 522//935 505//935 462//935
f 523//936 506//936 463//936
f 523//937 463//937 479//937
f 524//938 507//938 464//938
f 524//939 464//939 480//939
f 525//940 508//940 465//940
f 525//941 465//941 481//941
f 526//942 509//942 466//942
f 526//943 466//943 482//943
f 527//944 467//944 483//944
f 527//945 510//945 467//945
f 528//946 511//946 468//946
f 528//947 468//947 484//947
f 529//948 469//948 485//948
f 529//949 512//949 469//949
f 530//950 513//950 470//950
f 530//951 470//951 486//951
f 531//952 514//952 471//952
f 531//953 471//953 487//953
f 532//954 515//954 472//954
f 532//955 472//955 488//955
f 533//956 516//956 53//956
f 534//957 473//957 491//957
f 534//958 517//958 473//958
f 535//959 474//959 492//959
f 535//960 518//960 474//960
f 536//961 475//961 493//961
f 536//962 519//962 475//962
f 537//963 520//963 476//963
f 537//964 476//964 494//964
f 538//965 477//965 495//965
f 538//966 521//966 477//966
f 539//967 478//967 496//967
f 539//968 522//968 478//968
f 540//969 479//969 497//969
f 540//970 523//970 479//970
f 541//971 480//971 498//971
f 541//972 524//972 480//972
f 542//973 525//973 481//973
f 542//974 481//974 499//974
f 543//975 482//975 500//975
f 543//976 526//976 482//976
f 544//977 527//977 483//977
f 544//978 483//978 501//978
f 545//979 528//979 484//979
f 545//980 484//980 502//980
f 546//981 529//981 485//981
f 546//982 485//982 503//982
f 547//983 486//983 504//983
f 547//984 530//984 486//984
f 548//985 531//985 487//985
f 548//986 487//986 505//986
f 549//987 532//987 488//987
f 549//988 488//988 506//988
f 550//989 490//989 507//989
f 550//990 551//990 490//990
f 550//991 552//991 551//991
f 553//992 533//992 53//992
f 554//993 491//993 508//993
f 554//994 534//994 491//994
f 555//995 492//995 509//995
f 555//996 535//996 492//996
f 556//997 536//997 493//997
f 556//998 493//998 510//998
f 557//999 537//999 494//999
f 557//1000 494//1000 511//1000
f 558//1001 538//1001 495//1001
f 558//1002 495//1002 512//1002
f 559//1003 496//1003 513//1003
f 559//1004 539//1004 496//1004
f 560//1005 540//1005 497//1005
f 560//1006 497//1006 514//1006
f 561//1007 541//1007 498//1007
f 561//1008 498//1008 515//1008
f 562//1009 542//1009 499//1009
f 562//1010 499//1010 516//1010
f 563//1011 543//1011 500//1011
f 563//1012 500//1012 517//1012
f 564//1013 544//1013 501//1013
f 564//1014 501//1014 518//1014
f 565//1015 545//1015 502//1015
f 565//1016 502//1016 519//1016
f 566//1017 546//1017 503//1017
f 566//1018 503//1018 520//1018
f 567//1019 547//1019 504//1019
f 567//1020 504//1020 521//1020
f 568//1021 505//1021 522//1021
f 568//1022 548//1022 505//1022
f 569//1023 549//1023 506//1023
f 569//1024 506//1024 523//1024
f 570//1025 552//1025 550//1025
f 570//1026 550//1026 507//1026
f 570//1027 507//1027 524//1027
f 571//1028 553//1028 53//1028
f 572//1029 508//1029 525//1029
f 572//1030 554//1030 508//1030
f 573//1031 509//1031 526//1031
f 573//1032 555//1032 509//1032
f 574//1033 556//1033 510//1033
f 574//1034 510//1034 527//1034
f 575//1035 511//1035 528//1035
f 575//1036 557//1036 511//1036
f 576//1037 512//1037 529//1037
f 576//1038 558//1038 512//1038
f 577//1039 559//1039 513//1039
f 577//1040 513//1040 530//1040
f 578//1041 560//1041 514//1041
f 578//1042 514//1042 531//1042
f 579//1043 515//1043 532//1043
f 579//1044 561//1044 515//1044
f 580//1045 562//1045 516//1045
f 580//1046 516//1046 533//1046
f 581//1047 517//1047 534//1047
f 581//1048 563//1048 517//1048
f 582//1049 518//1049 535//1049
f 582//1050 564//1050 518//1050
f 583//1051 565//1051 519//1051
f 583//1052 519//1052 536//1052
f 584//1053 520//1053 537//1053
f 584//1054 566//1054 520//1054
f 585//1055 521//1055 538//1055
f 585//1056 567//1056 521//1056
f 586//1057 522//1057 539//1057
f 586//1058 568//1058 522//1058
f 587//1059 569//1059 523//1059
f 587//1060 523//1060 540//1060
f 588//1061 524//1061 541//1061
f 588//1062 570//1062 524//1062
f 589//1063 571//1063 53//1063
f 590//1064 525//1064 542//1064
f 590//1065 572//1065 525//1065
f 591//1066 573//1066 526//1066
f 591//1067 526//1067 543//1067
f 592//1068 527//1068 544//1068
f 592//1069 574//1069 527//1069
f 593//1070 575//1070 528//1070
f 593//1071 528//1071 545//1071
f 594//1072 529//1072 546//1072
f 594//1073 576//1073 529//1073
f 595//1074 577//1074 530//1074
f 595//1075 530//1075 547//1075
f 596//1076 531//1076 548//1076
f 596//1077 578//1077 531//1077
f 597//1078 579//1078 532//1078
f 597//1079 532//1079 549//1079
f 598//1080 599//1080 552//1080
f 600//1081 533//1081 553//1081
f 600//1082 580//1082 533//1082
f 601//1083 534//1083 554//1083
f 601//1084 581//1084 534//1084
f 602//1085 582//1085 535//1085
f 602//1086 535//1086 555//1086
f 603//1087 536//1087 556//1087
f 603//1088 583//1088 536//1088
f 604//1089 537//1089 557//1089
f 604//1090 584//1090 537//1090
f 605//1091 585//1091 538//1091
f 605//1092 538//1092 558//1092
f 606//1093 539//1093 559//1093
f 606//1094 586//1094 539//1094
f 607//1095 540//1095 560//1095
f 607//1096 587//1096 540//1096
f 608//1097 588//1097 541//1097
f 608//1098 541//1098 561//1098
f 609//1099 589//1099 53//1099
f 610//1100 542//1100 562//1100
f 610//1101 590//1101 542//1101
f 611//1102 591//1102 543//1102
f 611//1103 543//1103 563//1103
f 612//1104 592//1104 544//1104
f 612//1105 544//1105 564//1105
f 613//1106 545//1106 565//1106
f 613//1107 593//1107 545//1107
f 614//1108 594//1108 546//1108
f 614//1109 546//1109 566//1109
f 615//1110 595//1110 547//1110
f 615//1111 547//1111 567//1111
f 616//1112 548//1112 568//1112
f 616//1113 596//1113 548//1113
f 617//1114 549//1114 569//1114
f 617//1115 597//1115 549//1115
f 618//1116 552//1116 570//1116
f 618//1117 598//1117 552//1117
f 618//1118 599//1118 598//1118
f 619//1119 600//1119 553//1119
f 619//1120 553//1120 571//1120
f 620//1121 601//1121 554//1121
f 620//1122 554//1122 572//1122
f 621//1123 555//1123 573//1123
f 621//1124 602//1124 555//1124
f 622//1125 603//1125 556//1125
f 622//1126 556//1126 574//1126
f 623//1127 557//1127 575//1127
f 623//1128 604//1128 557//1128
f 624//1129 558//1129 576//1129
f 624//1130 605//1130 558//1130
f 625//1131 559//1131 577//1131
f 625//1132 606//1132 559//1132
f 626//1133 560//1133 578//1133
f 626//1134 607//1134 560//1134
f 627//1135 608//1135 561//1135
f 627//1136 561//1136 579//1136
f 628//1137 609//1137 53//1137
f 629//1138 562//1138 580//1138
f 629//1139 610//1139 562//1139
f 630//1140 611//1140 563//1140
f 630//1141 563//1141 581//1141
f 631//1142 612//1142 564//1142
f 631//1143 564//1143 582//1143
f 632//1144 613//1144 565//1144
f 632//1145 565//1145 583//1145
f 633//1146 614//1146 566//1146
f 633//1147 566//1147 584//1147
f 634//1148 567//1148 585//1148
f 634//1149 615//1149 567//1149
f 635//1150 616//1150 568//1150
f 635//1151 568//1151 586//1151
f 636//1152 569//1152 587//1152
f 636//1153 617//1153 569//1153
f 637//1154 618//1154 570//1154
f 637//1155 570//1155 588//1155
f 638//1156 619//1156 571//1156
f 638//1157 571//1157 589//1157
f 639//1158 620//1158 572//1158
f 639//1159 572//1159 590//1159
f 640//1160 621//1160 573//1160
f 640//1161 573//1161 591//1161
f 641//1162 622//1162 574//1162
f 641//1163 574//1163 592//1163
f 642//1164 623//1164 575//1164
f 642//1165 575//1165 593//1165
f 643//1166 624//1166 576//1166
f 643//1167 576//1167 594//1167
f 644//1168 625//1168 577//1168
f 644//1169 577//1169 595//1169
f 645//1170 578//1170 596//1170
f 645//1171 626//1171 578//1171
f 646//1172 579//1172 597//1172
f 646//1173 627//1173 579//1173
f 647//1174 628//1174 53//1174
f 648//1175 580//1175 600//1175
f 648//1176 629//1176 580//1176
f 649//1177 581//1177 601//1177
f 649//1178 630//1178 581//1178
f 650//1179 631//1179 582//1179
f 650//1180 582//1180 602//1180
f 651//1181 632//1181 583//1181
f 651//1182 583//1182 603//1182
f 652//1183 584//1183 604//1183
f 652//1184 633//1184 584//1184
f 653//1185 634//1185 585//1185
f 653//1186 585//1186 605//1186
f 654//1187 635//1187 586//1187
f 654//1188 586//1188 606//1188
f 655//1189 587//1189 607//1189
f 655//1190 636//1190 587//1190
f 656//1191 588//1191 608//1191
f 656//1192 637//1192 588//1192
f 657//1193 589//1193 609//1193
f 657//1194 638//1194 589//1194
f 658//1195 639//1195 590//1195
f 658//1196 590//1196 610//1196
f 659//1197 591//1197 611//1197
f 659//1198 640//1198 591//1198
f 660//1199 592//1199 612//1199
f 660//1200 641//1200 592//1200
f 661//1201 593//1201 613//1201
f 661//1202 642//1202 593//1202
f 662//1203 643//1203 594//1203
f 662//1204 594//1204 614//1204
f 663//1205 644//1205 595//1205
f 663//1206 595//1206 615//1206
f 664//1207 596//1207 616//1207
f 664//1208 645//1208 596//1208
f 665//1209 646//1209 597//1209
f 665//1210 597//1210 617//1210
f 666//1211 599//1211 618//1211
f 666//1212 667//1212 599//1212
f 666//1213 668//1213 667//1213
f 669//1214 647//1214 53//1214
f 670//1215 648//1215 600//1215
f 670//1216 600//1216 619//1216
f 671//1217 649//1217 601//1217
f 671//1218 601//1218 620//1218
f 672//1219 602//1219 621//1219
f 672//1220 650//1220 602//1220
f 673//1221 603//1221 622//1221
f 673//1222 651//1222 603//1222
f 674//1223 652//1223 604//1223
f 674//1224 604//1224 623//1224
f 675//1225 605//1225 624//1225
f 675//1226 653//1226 605//1226
f 676//1227 606//1227 625//1227
f 676//1228 654//1228 606//1228
f 677//1229 655//1229 607//1229
f 677//1230 607//1230 626//1230
f 678//1231 608//1231 627//1231
f 678//1232 656//1232 608//1232
f 679//1233 657//1233 609//1233
f 679//1234 609//1234 628//1234
f 680//1235 658//1235 610//1235
f 680//1236 610//1236 629//1236
f 681//1237 611//1237 630//1237
f 681//1238 659//1238 611//1238
f 682//1239 660//1239 612//1239
f 682//1240 612//1240 631//1240
f 683//1241 613//1241 632//1241
f 683//1242 661//1242 613//1242
f 684//1243 662//1243 614//1243
f 684//1244 614//1244 633//1244
f 685//1245 663//1245 615//1245
f 685//1246 615//1246 634//1246
f 686//1247 664//1247 616//1247
f 686//1248 616//1248 635//1248
f 687//1249 665//1249 617//1249
f 687//1250 617//1250 636//1250
f 688//1251 618//1251 637//1251
f 688//1252 666//1252 618//1252
f 689//1253 669//1253 53//1253
f 690//1254 670//1254 619//1254
f 690//1255 619//1255 638//1255
f 691//1256 671//1256 620//1256
f 691//1257 620//1257 639//1257
f 692//1258 672//1258 621//1258
f 692//1259 621//1259 640//1259
f 693//1260 673//1260 622//1260
f 693//1261 622//1261 641//1261
f 694//1262 623//1262 642//1262
f 694//1263 674//1263 623//1263
f 695//1264 624//1264 643//1264
f 695//1265 675//1265 624//1265
f 696//1266 625//1266 644//1266
f 696//1267 676//1267 625//1267
f 697//1268 677//1268 626//1268
f 697//1269 626//1269 645//1269
f 698//1270 627//1270 646//1270
f 698//1271 678//1271 627//1271
f 699//1272 628//1272 647//1272
f 699//1273 679//1273 628//1273
f 700//1274 680//1274 629//1274
f 700//1275 629//1275 648//1275
f 701//1276 630//1276 649//1276
f 701//1277 681//1277 630//1277
f 702//1278 682//1278 631//1278
f 702//1279 631//1279 650//1279
f 703//1280 632//1280 651//1280
f 703//1281 683//1281 632//1281
f 704//1282 633//1282 652//1282
f 704//1283 684//1283 633//1283
f 705//1284 634//1284 653//1284
f 705//1285 685//1285 634//1285
f 706//1286 686//1286 635//1286
f 706//1287 635//1287 654//1287
f 707//1288 636//1288 655//1288
f 707//1289 687//1289 636//1289
f 708//1290 688//1290 637//1290
f 708//1291 637//1291 656//1291
f 709//1292 689//1292 53//1292
f 710//1293 690//1293 638//1293
f 710//1294 638//1294 657//1294
f 711//1295 691//1295 639//1295
f 711//1296 639//1296 658//1296
f 712//1297 692//1297 640//1297
f 712//1298 640//1298 659//1298
f 713//1299 693//1299 641//1299
f 713//1300 641//1300 660//1300
f 714//1301 694//1301 642//1301
f 714//1302 642//1302 661//1302
f 715//1303 643//1303 662//1303
f 715//1304 695//1304 643//1304
f 716//1305 696//1305 644//1305
f 716//1306 644//1306 663//1306
f 717//1307 697//1307 645//1307
f 717//1308 645//1308 664//1308
f 718//1309 646//1309 665//1309
f 718//1310 698//1310 646//1310
f 719//1311 720//1311 668//1311
f 721//1312 699//1312 647//1312
f 721//1313 647//1313 669//1313
f 722//1314 700//1314 648//1314
f 722//1315 648//1315 670//1315
f 723//1316 701//1316 649//1316
f 723//1317 649//1317 671//1317
f 724//1318 702//1318 650//1318
f 724//1319 650//1319 672//1319
f 725//1320 703//1320 651//1320
f 725//1321 651//1321 673//1321
f 726//1322 652//1322 674//1322
f 726//1323 704//1323 652//1323
f 727//1324 653//1324 675//1324
f 727//1325 705//1325 653//1325
f 728//1326 706//1326 654//1326
f 728//1327 654//1327 676//1327
f 729//1328 707//1328 655//1328
f 729//1329 655//1329 677//1329
f 730//1330 708//1330 656//1330
f 730//1331 656//1331 678//1331
f 731//1332 709//1332 53//1332
f 732//1333 657//1333 679//1333
f 732//1334 710//1334 657//1334
f 733//1335 658//1335 680//1335
f 733//1336 711//1336 658//1336
f 734//1337 712//1337 659//1337
f 734//1338 659//1338 681//1338
f 735//1339 713//1339 660//1339
f 735//1340 660//1340 682//1340
f 736//1341 661//1341 683//1341
f 736//1342 714//1342 661//1342
f 737//1343 715//1343 662//1343
f 737//1344 662//1344 684//1344
f 738//1345 716//1345 663//1345
f 738//1346 663//1346 685//1346
f 739//1347 664//1347 686//1347
f 739//1348 717//1348 664//1348
f 740//1349 718//1349 665//1349
f 740//1350 665//1350 687//1350
f 741//1351 668//1351 666//1351
f 741//1352 719//1352 668//1352
f 741//1353 720//1353 719//1353
f 741//1354 666//1354 688//1354
f 742//1355 721//1355 669//1355
f 742//1356 669//1356 689//1356
f 743//1357 670//1357 690//1357
f 743//1358 722//1358 670//1358
f 744//1359 723//1359 671//1359
f 744//1360 671//1360 691//1360
f 745//1361 724//1361 672//1361
f 745//1362 672//1362 692//1362
f 746//1363 673//1363 693//1363
f 746//1364 725//1364 673//1364
f 747//1365 726//1365 674//1365
f 747//1366 674//1366 694//1366
f 748//1367 675//1367 695//1367
f 748//1368 727//1368 675//1368
f 749//1369 676//1369 696//1369
f 749//1370 728//1370 676//1370
f 750//1371 677//1371 697//1371
f 750//1372 729//1372 677//1372
f 751//1373 678//1373 698//1373
f 751//1374 730//1374 678//1374
f 752//1375 731//1375 53//1375
f 753//1376 679//1376 699//1376
f 753//1377 732//1377 679//1377
f 754//1378 733//1378 680//1378
f 754//1379 680//1379 700//1379
f 755//1380 734//1380 681//1380
f 755//1381 681//1381 701//1381
f 756//1382 682//1382 702//1382
f 756//1383 735//1383 682//1383
f 757//1384 736//1384 683//1384
f 757//1385 683//1385 703//1385
f 758//1386 684//1386 704//1386
f 758//1387 737//1387 684//1387
f 759//1388 738//1388 685//1388
f 759//1389 685//1389 705//1389
f 760//1390 686//1390 706//1390
f 760//1391 739//1391 686//1391
f 761//1392 740//1392 687//1392
f 761//1393 687//1393 707//1393
f 762//1394 741//1394 688//1394
f 762//1395 688//1395 708//1395
f 763//1396 689//1396 709//1396
f 763//1397 742//1397 689//1397
f 764//1398 690//1398 710//1398
f 764//1399 743//1399 690//1399
f 765//1400 691//1400 711//1400
f 765//1401 744//1401 691//1401
f 766//1402 745//1402 692//1402
f 766//1403 692//1403 712//1403
f 767//1404 746//1404 693//1404
f 767//1405 693//1405 713//1405
f 768//1406 747//1406 694//1406
f 768//1407 694//1407 714//1407
f 769//1408 748//1408 695//1408
f 769//1409 695//1409 715//1409
f 770//1410 696//1410 716//1410
f 770//1411 749//1411 696//1411
f 771//1412 750//1412 697//1412
f 771//1413 697//1413 717//1413
f 772//1414 751//1414 698//1414
f 772//1415 698//1415 718//1415
f 773//1416 752//1416 53//1416
f 774//1417 699//1417 721//1417
f 774//1418 753//1418 699//1418
f 775//1419 700//1419 722//1419
f 775//1420 754//1420 700//1420
f 776//1421 755//1421 701//1421
f 776//1422 701//1422 723//1422
f 777//1423 702//1423 724//1423
f 777//1424 756//1424 702//1424
f 778//1425 757//1425 703//1425
f 778//1426 703//1426 725//1426
f 779//1427 704//1427 726//1427
f 779//1428 758//1428 704//1428
f 780//1429 759//1429 705//1429
f 780//1430 705//1430 727//1430
f 781//1431 760//1431 706//1431
f 781//1432 706//1432 728//1432
f 782//1433 707//1433 729//1433
f 782//1434 761//1434 707//1434
f 783//1435 708//1435 730//1435
f 783//1436 762//1436 708//1436
f 784//1437 763//1437 709//1437
f 784//1438 709//1438 731//1438
f 785//1439 710//1439 732//1439
f 785//1440 764//1440 710//1440
f 786//1441 765//1441 711//1441
f 786//1442 711//1442 733//1442
f 787//1443 712//1443 734//1443
f 787//1444 766//1444 712//1444
f 788//1445 713//1445 735//1445
f 788//1446 767//1446 713//1446
f 789//1447 768//1447 714//1447
f 789//1448 714//1448 736//1448
f 790//1449 715//1449 737//1449
f 790//1450 769//1450 715//1450
f 791//1451 770//1451 716//1451
f 791//1452 716//1452 738//1452
f 792//1453 771//1453 717//1453
f 792//1454 717//1454 739//1454
f 793//1455 772//1455 718//1455
f 793//1456 718//1456 740//1456
f 794//1457 795//1457 720//1457
f 794//1458 796//1458 795//1458
f 797//1459 773//1459 53//1459
f 798//1460 774//1460 721//1460
f 798//1461 721//1461 742//1461
f 799//1462 775//1462 722//1462
f 799//1463 722//1463 743//1463
f 800//1464 776//1464 723//1464
f 800//1465 723//1465 744//1465
f 801//1466 777//1466 724//1466
f 801//1467 724//1467 745//1467
f 802//1468 725//1468 746//1468
f 802//1469 778//1469 725//1469
f 803//1470 726//1470 747//1470
f 803//1471 779//1471 726//1471
f 804//1472 780//1472 727//1472
f 804//1473 727//1473 748//1473
f 805//1474 781//1474 728//1474
f 805//1475 728//1475 749//1475
f 806//1476 782//1476 729//1476
f 806//1477 729//1477 750//1477
f 807//1478 730//1478 751//1478
f 807//1479 783//1479 730//1479
f 808//1480 731//1480 752//1480
f 808//1481 784//1481 731//1481
f 809//1482 785//1482 732//1482
f 809//1483 732//1483 753//1483
f 810//1484 786//1484 733//1484
f 810//1485 733//1485 754//1485
f 811//1486 734//1486 755//1486
f 811//1487 787//1487 734//1487
f 812//1488 735//1488 756//1488
f 812//1489 788//1489 735//1489
f 813//1490 789//1490 736//1490
f 813//1491 736//1491 757//1491
f 814//1492 737//1492 758//1492
f 814//1493 790//1493 737//1493
f 815//1494 791//1494 738//1494
f 815//1495 738//1495 759//1495
f 816//1496 792//1496 739//1496
f 816//1497 739//1497 760//1497
f 817//1498 793//1498 740//1498
f 817//1499 740//1499 761//1499
f 818//1500 720//1500 741//1500
f 818//1501 794//1501 720//1501
f 818//1502 741//1502 762//1502
f 819//1503 797//1503 53//1503
f 820//1504 742//1504 763//1504
f 820//1505 798//1505 742//1505
f 821//1506 799//1506 743//1506
f 821//1507 743//1507 764//1507
f 822//1508 744//1508 765//1508
f 822//1509 800//1509 744//1509
f 823//1510 745//1510 766//1510
f 823//1511 801//1511 745//1511
f 824//1512 746//1512 767//1512
f 824//1513 802//1513 746//1513
f 825//1514 747//1514 768//1514
f 825//1515 803//1515 747//1515
f 826//1516 748//1516 769//1516
f 826//1517 804//1517 748//1517
f 827//1518 749//1518 770//1518
f 827//1519 805//1519 749//1519
f 828//1520 750//1520 771//1520
f 828//1521 806//1521 750//1521
f 829//1522 807//1522 751//1522
f 829//1523 751//1523 772//1523
f 830//1524 752//1524 773//1524
f 830//1525 808//1525 752//1525
f 831//1526 809//1526 753//1526
f 831//1527 753//1527 774//1527
f 832//1528 754//1528 775//1528
f 832//1529 810//1529 754//1529
f 833//1530 811//1530 755//1530
f 833//1531 755//1531 776//1531
f 834//1532 756//1532 777//1532
f 834//1533 812//1533 756//1533
f 835//1534 813//1534 757//1534
f 835//1535 757//1535 778//1535
f 836//1536 758//1536 779//1536
f 836//1537 814//1537 758//1537
f 837//1538 759//1538 780//1538
f 837//1539 815//1539 759//1539
f 838//1540 816//1540 760//1540
f 838//1541 760//1541 781//1541
f 839//1542 761//1542 782//1542
f 839//1543 817//1543 761//1543
f 840//1544 818//1544 762//1544
f 840//1545 762//1545 783//1545
f 841//1546 819//1546 53//1546
f 842//1547 820//1547 763//1547
f 842//1548 763//1548 784//1548
f 843//1549 821//1549 764//1549
f 843//1550 764//1550 785//1550
f 844//1551 765//1551 786//1551
f 844//1552 822//1552 765//1552
f 845//1553 766//1553 787//1553
f 845//1554 823//1554 766//1554
f 846//1555 767//1555 788//1555
f 846//1556 824//1556 767//1556
f 847//1557 825//1557 768//1557
f 847//1558 768//1558 789//1558
f 848//1559 826//1559 769//1559
f 848//1560 769//1560 790//1560
f 849//1561 770//1561 791//1561
f 849//1562 827//1562 770//1562
f 850//1563 828//1563 771//1563
f 850//1564 771//1564 792//1564
f 851//1565 772//1565 793//1565
f 851//1566 829//1566 772//1566
f 852//1567 853//1567 796//1567
f 854//1568 830//1568 773//1568
f 854//1569 773//1569 797//1569
f 855//1570 774//1570 798//1570
f 855//1571 831//1571 774//1571
f 856//1572 832//1572 775//1572
f 856//1573 775//1573 799//1573
f 857//1574 833//1574 776//1574
f 857//1575 776//1575 800//1575
f 858//1576 777//1576 801//1576
f 858//1577 834//1577 777//1577
f 859//1578 778//1578 802//1578
f 859//1579 835//1579 778//1579
f 860//1580 779//1580 803//1580
f 860//1581 836//1581 779//1581
f 861//1582 837//1582 780//1582
f 861//1583 780//1583 804//1583
f 862//1584 838//1584 781//1584
f 862//1585 781//1585 805//1585
f 863//1586 782//1586 806//1586
f 863//1587 839//1587 782//1587
f 864//1588 783//1588 807//1588
f 864//1589 840//1589 783//1589
f 865//1590 841//1590 53//1590
f 866//1591 842//1591 784//1591
f 866//1592 784//1592 808//1592
f 867//1593 785//1593 809//1593
f 867//1594 843//1594 785//1594
f 868//1595 786//1595 810//1595
f 868//1596 844//1596 786//1596
f 869//1597 845//1597 787//1597
f 869//1598 787//1598 811//1598
f 870//1599 788//1599 812//1599
f 870//1600 846//1600 788//1600
f 871//1601 847//1601 789//1601
f 871//1602 789//1602 813//1602
f 872//1603 848//1603 790//1603
f 872//1604 790//1604 814//1604
f 873//1605 791//1605 815//1605
f 873//1606 849//1606 791//1606
f 874//1607 792//1607 816//1607
f 874//1608 850//1608 792//1608
f 875//1609 793//1609 817//1609
f 875//1610 851//1610 793//1610
f 876//1611 852//1611 796//1611
f 876//1612 794//1612 818//1612
f 876//1613 796//1613 794//1613
f 876//1614 853//1614 852//1614
f 877//1615 797//1615 819//1615
f 877//1616 854//1616 797//1616
f 878//1617 855//1617 798//1617
f 878//1618 798//1618 820//1618
f 879//1619 799//1619 821//1619
f 879//1620 856//1620 799//1620
f 880//1621 857//1621 800//1621
f 880//1622 800//1622 822//1622
f 881//1623 858//1623 801//1623
f 881//1624 801//1624 823//1624
f 882//1625 802//1625 824//1625
f 882//1626 859//1626 802//1626
f 883//1627 860//1627 803//1627
f 883//1628 803//1628 825//1628
f 884//1629 804//1629 826//1629
f 884//1630 861//1630 804//1630
f 885//1631 805//1631 827//1631
f 885//1632 862//1632 805//1632
f 886//1633 806//1633 828//1633
f 886//1634 863//1634 806//1634
f 887//1635 864//1635 807//1635
f 887//1636 807//1636 829//1636
f 888//1637 865//1637 53//1637
f 889//1638 808//1638 830//1638
f 889//1639 866//1639 808//1639
f 890//1640 809//1640 831//1640
f 890//1641 867//1641 809//1641
f 891//1642 868//1642 810//1642
f 891//1643 810//1643 832//1643
f 892//1644 869//1644 811//1644
f 892//1645 811//1645 833//1645
f 893//1646 870//1646 812//1646
f 893//1647 812//1647 834//1647
f 894//1648 871//1648 813//1648
f 894//1649 813//1649 835//1649
f 895//1650 814//1650 836//1650
f 895//1651 872//1651 814//1651
f 896//1652 815//1652 837//1652
f 896//1653 873//1653 815//1653
f 897//1654 816//1654 838//1654
f 897//1655 874//1655 816//1655
f 898//1656 817//1656 839//1656
f 898//1657 875//1657 817//1657
f 899//1658 818//1658 840//1658
f 899//1659 876//1659 818//1659
f 900//1660 819//1660 841//1660
f 900//1661 877//1661 819//1661
f 901//1662 878//1662 820//1662
f 901//1663 820//1663 842//1663
f 902//1664 821//1664 843//1664
f 902//1665 879//1665 821//1665
f 903//1666 880//1666 822//1666
f 903//1667 822//1667 844//1667
f 904//1668 823//1668 845//1668
f 904//1669 881//1669 823//1669
f 905//1670 882//1670 824//1670
f 905//1671 824//1671 846//1671
f 906//1672 883//1672 825//1672
f 906//1673 825//1673 847//1673
f 907//1674 884//1674 826//1674
f 907//1675 826//1675 848//1675
f 908//1676 885//1676 827//1676
f 908//1677 827//1677 849//1677
f 909//1678 828//1678 850//1678
f 909//1679 886//1679 828//1679
f 910//1680 829//1680 851//1680
f 910//1681 887//1681 829//1681
f 911//1682 888//1682 53//1682
f 912//1683 889//1683 830//1683
f 912//1684 830//1684 854//1684
f 913//1685 890//1685 831//1685
f 913//1686 831//1686 855//1686
f 914//1687 832//1687 856//1687
f 914//1688 891//1688 832//1688
f 915//1689 892//1689 833//1689
f 915//1690 833//1690 857//1690
f 916//1691 893//1691 834//1691
f 916//1692 834//1692 858//1692
f 917//1693 835//1693 859//1693
f 917//1694 894//1694 835//1694
f 918//1695 895//1695 836//1695
f 918//1696 836//1696 860//1696
f 919//1697 837//1697 861//1697
f 919//1698 896//1698 837//1698
f 920//1699 897//1699 838//1699
f 920//1700 838//1700 862//1700
f 921//1701 898//1701 839//1701
f 921//1702 839//1702 863//1702
f 922//1703 899//1703 840//1703
f 922//1704 840//1704 864//1704
f 923//1705 841//1705 865//1705
f 923//1706 900//1706 841//1706
f 924//1707 842//1707 866//1707
f 924//1708 901//1708 842//1708
f 925//1709 843//1709 867//1709
f 925//1710 902//1710 843//1710
f 926//1711 844//1711 868//1711
f 926//1712 903//1712 844//1712
f 927//1713 845//1713 869//1713
f 927//1714 904//1714 845//1714
f 928//1715 905//1715 846//1715
f 928//1716 846//1716 870//1716
f 929//1717 847//1717 871//1717
f 929//1718 906//1718 847//1718
f 930//1719 907//1719 848//1719
f 930//1720 848//1720 872//1720
f 931//1721 849//1721 873//1721
f 931//1722 908//1722 849//1722
f 932//1723 909//1723 850//1723
f 932//1724 850//1724 874//1724
f 933//1725 910//1725 851//1725
f 933//1726 851//1726 875//1726
f 934//1727 935//1727 853//1727
f 936//1728 911//1728 53//1728
f 937//1729 854//1729 877//1729
f 937//1730 912//1730 854//1730
f 938//1731 913//1731 855//1731
f 938//1732 855//1732 878//1732
f 939//1733 856//1733 879//1733
f 939//1734 914//1734 856//1734
f 940//1735 857//1735 880//1735
f 940//1736 915//1736 857//1736
f 941//1737 916//1737 858//1737
f 941//1738 858//1738 881//1738
f 942//1739 859//1739 882//1739
f 942//1740 917//1740 859//1740
f 943//1741 860//1741 883//1741
f 943//1742 918//1742 860//1742
f 944//1743 861//1743 884//1743
f 944//1744 919//1744 861//1744
f 945//1745 920//1745 862//1745
f 945//1746 862//1746 885//1746
f 946//1747 863//1747 886//1747
f 946//1748 921//1748 863//1748
f 947//1749 922//1749 864//1749
f 947//1750 864//1750 887//1750
f 948//1751 865//1751 888//1751
f 948//1752 923//1752 865//1752
f 949//1753 924//1753 866//1753
f 949//1754 866//1754 889//1754
f 950//1755 867//1755 890//1755
f 950//1756 925//1756 867//1756
f 951//1757 868//1757 891//1757
f 951//1758 926//1758 868//1758
f 952//1759 927//1759 869//1759
f 952//1760 869//1760 892//1760
f 953//1761 928//1761 870//1761
f 953//1762 870//1762 893//1762
f 954//1763 871//1763 894//1763
f 954//1764 929//1764 871//1764
f 955//1765 872//1765 895//1765
f 955//1766 930//1766 872//1766
f 956//1767 931//1767 873//1767
f 956//1768 873//1768 896//1768
f 957//1769 874//1769 897//1769
f 957//1770 932//1770 874//1770
f 958//1771 875//1771 898//1771
f 958//1772 933//1772 875//1772
f 959//1773 853//1773 876//1773
f 959//1774 876//1774 899//1774
f 959//1775 934//1775 853//1775
f 960//1776 936//1776 53//1776
f 961//1777 877//1777 900//1777
f 961//1778 937//1778 877//1778
f 962//1779 938//1779 878//1779
f 962//1780 878//1780 901//1780
f 963//1781 939//1781 879//1781
f 963//1782 879//1782 902//1782
f 964//1783 880//1783 903//1783
f 964//1784 940//1784 880//1784
f 965//1785 941//1785 881//1785
f 965//1786 881//1786 904//1786
f 966//1787 942//1787 882//1787
f 966//1788 882//1788 905//1788
f 967//1789 883//1789 906//1789
f 967//1790 943//1790 883//1790
f 968//1791 884//1791 907//1791
f 968//1792 944//1792 884//1792
f 969//1793 885//1793 908//1793
f 969//1794 945//1794 885//1794
f 970//1795 886//1795 909//1795
f 970//1796 946//1796 886//1796
f 971//1797 887//1797 910//1797
f 971//1798 947//1798 887//1798
f 972//1799 948//1799 888//1799
f 972//1800 888//1800 911//1800
f 973//1801 889//1801 912//1801
f 973//1802 949//1802 889//1802
f 974//1803 950//1803 890//1803
f 974//1804 890//1804 913//1804
f 975//1805 891//1805 914//1805
f 975//1806 951//1806 891//1806
f 976//1807 892//1807 915//1807
f 976//1808 952//1808 892//1808
f 977//1809 953//1809 893//1809
f 977//1810 893//1810 916//1810
f 978//1811 954//1811 894//1811
f 978//1812 894//1812 917//1812
f 979//1813 895//1813 918//1813
f 979//1814 955//1814 895//1814
f 980//1815 956//1815 896//1815
f 980//1816 896//1816 919//1816
f 981//1817 957//1817 897//1817
f 981//1818 897//1818 920//1818
f 982//1819 898//1819 921//1819
f 982//1820 958//1820 898//1820
f 983//1821 959//1821 899//1821
f 983//1822 899//1822 922//1822
f 984//1823 960//1823 53//1823
f 985//1824 900//1824 923//1824
f 985//1825 961//1825 900//1825
f 986//1826 962//1826 901//1826
f 986//1827 901//1827 924//1827
f 987//1828 902//1828 925//1828
f 987//1829 963//1829 902//1829
f 988//1830 903//1830 926//1830
f 988//1831 964//1831 903//1831
f 989//1832 965//1832 904//1832
f 989//1833 904//1833 927//1833
f 990//1834 905//1834 928//1834
f 990//1835 966//1835 905//1835
f 991//1836 906//1836 929//1836
f 991//1837 967//1837 906//1837
f 992//1838 907//1838 930//1838
f 992//1839 968//1839 907//1839
f 993//1840 969//1840 908//1840
f 993//1841 908//1841 931//1841
f 994//1842 909//1842 932//1842
f 994//1843 970//1843 909//1843
f 995//1844 910//1844 933//1844
f 995//1845 971//1845 910//1845
f 996//1846 997//1846 935//1846
f 996//1847 998//1847 997//1847
f 999//1848 972//1848 911//1848
f 999//1849 911//1849 936//1849
f 1000//1850 912//1850 937//1850
f 1000//1851 973//1851 912//1851
f 1001//1852 913//1852 938//1852
f 1001//1853 974//1853 913//1853
f 1002//1854 975//1854 914//1854
f 1002//1855 914//1855 939//1855
f 1003//1856 976//1856 915//1856
f 1003//1857 915//1857 940//1857
f 1004//1858 916//1858 941//1858
f 1004//1859 977//1859 916//1859
f 1005//1860 917//1860 942//1860
f 1005//1861 978//1861 917//1861
f 1006//1862 979//1862 918//1862
f 1006//1863 918//1863 943//1863
f 1007//1864 919//1864 944//1864
f 1007//1865 980//1865 919//1865
f 1008//1866 981//1866 920//1866
f 1008//1867 920//1867 945//1867
f 1009//1868 921//1868 946//1868
f 1009//1869 982//1869 921//1869
f 1010//1870 983//1870 922//1870
f 1010//1871 922//1871 947//1871
f 1011//1872 984//1872 53//1872
f 1012//1873 923//1873 948//1873
f 1012//1874 985//1874 923//1874
f 1013//1875 924//1875 949//1875
f 1013//1876 986//1876 924//1876
f 1014//1877 987//1877 925//1877
f 1014//1878 925//1878 950//1878
f 1015//1879 926//1879 951//1879
f 1015//1880 988//1880 926//1880
f 1016//1881 989//1881 927//1881
f 1016//1882 927//1882 952//1882
f 1017//1883 990//1883 928//1883
f 1017//1884 928//1884 953//1884
f 1018//1885 929//1885 954//1885
f 1018//1886 991//1886 929//1886
f 1019//1887 930//1887 955//1887
f 1019//1888 992//1888 930//1888
f 1020//1889 993//1889 931//1889
f 1020//1890 931//1890 956//1890
f 1021//1891 932//1891 957//1891
f 1021//1892 994//1892 932//1892
f 1022//1893 933//1893 958//1893
f 1022//1894 995//1894 933//1894
f 1023//1895 934//1895 959//1895
f 1023//1896 996//1896 935//1896
f 1023//1897 998//1897 996//1897
f 1023//1898 935//1898 934//1898
f 1024//1899 999//1899 936//1899
f 1024//1900 936//1900 960//1900
f 1025//1901 1000//1901 937//1901
f 1025//1902 937//1902 961//1902
f 1026//1903 938//1903 962//1903
f 1026//1904 1001//1904 938//1904
f 1027//1905 939//1905 963//1905
f 1027//1906 1002//1906 939//1906
f 1028//1907 1003//1907 940//1907
f 1028//1908 940//1908 964//1908
f 1029//1909 1004//1909 941//1909
f 1029//1910 941//1910 965//1910
f 1030//1911 942//1911 966//1911
f 1030//1912 1005//1912 942//1912
f 1031//1913 943//1913 967//1913
f 1031//1914 1006//1914 943//1914
f 1032//1915 1007//1915 944//1915
f 1032//1916 944//1916 968//1916
f 1033//1917 945//1917 969//1917
f 1033//1918 1008//1918 945//1918
f 1034//1919 946//1919 970//1919
f 1034//1920 1009//1920 946//1920
f 1035//1921 1010//1921 947//1921
f 1035//1922 947//1922 971//1922
f 1036//1923 1011//1923 53//1923
f 1037//1924 1012//1924 948//1924
f 1037//1925 948//1925 972//1925
f 1038//1926 949//1926 973//1926
f 1038//1927 1013//1927 949//1927
f 1039//1928 1014//1928 950//1928
f 1039//1929 950//1929 974//1929
f 1040//1930 951//1930 975//1930
f 1040//1931 1015//1931 951//1931
f 1041//1932 1016//1932 952//1932
f 1041//1933 952//1933 976//1933
f 1042//1934 953//1934 977//1934
f 1042//1935 1017//1935 953//1935
f 1043//1936 1018//1936 954//1936
f 1043//1937 954//1937 978//1937
f 1044//1938 1019//1938 955//1938
f 1044//1939 955//1939 979//1939
f 1045//1940 1020//1940 956//1940
f 1045//1941 956//1941 980//1941
f 1046//1942 1021//1942 957//1942
f 1046//1943 957//1943 981//1943
f 1047//1944 958//1944 982//1944
f 1047//1945 1022//1945 958//1945
f 1048//1946 959//1946 983//1946
f 1048//1947 1023//1947 959//1947
f 1049//1948 960//1948 984//1948
f 1049//1949 1024//1949 960//1949
f 1050//1950 1025//1950 961//1950
f 1050//1951 961//1951 985//1951
f 1051//1952 962//1952 986//1952
f 1051//1953 1026//1953 962//1953
f 1052//1954 1027//1954 963//1954
f 1052//1955 963//1955 987//1955
f 1053//1956 1028//1956 964//1956
f 1053//1957 964//1957 988//1957
f 1054//1958 965//1958 989//1958
f 1054//1959 1029//1959 965//1959
f 1055//1960 1030//1960 966//1960
f 1055//1961 966//1961 990//1961
f 1056//1962 967//1962 991//1962
f 1056//1963 1031//1963 967//1963
f 1057//1964 968//1964 992//1964
f 1057//1965 1032//1965 968//1965
f 1058//1966 969//1966 993//1966
f 1058//1967 1033//1967 969//1967
f 1059//1968 1034//1968 970//1968
f 1059//1969 970//1969 994//1969
f 1060//1970 971//1970 995//1970
f 1060//1971 1035//1971 971//1971
f 1061//1972 1036//1972 53//1972
f 1062//1973 1037//1973 972//1973
f 1062//1974 972//1974 999//1974
f 1063//1975 1038//1975 973//1975
f 1063//1976 973//1976 1000//1976
f 1064//1977 1039//1977 974//1977
f 1064//1978 974//1978 1001//1978
f 1065//1979 1040//1979 975//1979
f 1065//1980 975//1980 1002//1980
f 1066//1981 976//1981 1003//1981
f 1066//1982 1041//1982 976//1982
f 1067//1983 977//1983 1004//1983
f 1067//1984 1042//1984 977//1984
f 1068//1985 978//1985 1005//1985
f 1068//1986 1043//1986 978//1986
f 1069//1987 1044//1987 979//1987
f 1069//1988 979//1988 1006//1988
f 1070//1989 1045//1989 980//1989
f 1070//1990 980//1990 1007//1990
f 1071//1991 1046//1991 981//1991
f 1071//1992 981//1992 1008//1992
f 1072//1993 1047//1993 982//1993
f 1072//1994 982//1994 1009//1994
f 1073//1995 983//1995 1010//1995
f 1073//1996 1048//1996 983//1996
f 1074//1997 1049//1997 984//1997
f 1074//1998 984//1998 1011//1998
f 1075//1999 1050//1999 985//1999
f 1075//2000 985//2000 1012//2000
f 1076//2001 1051//2001 986//2001
f 1076//2002 986//2002 1013//2002
f 1077//2003 987//2003 1014//2003
f 1077//2004 1052//2004 987//2004
f 1078//2005 988//2005 1015//2005
f 1078//2006 1053//2006 988//2006
f 1079//2007 989//2007 1016//2007
f 1079//2008 1054//2008 989//2008
f 1080//2009 990//2009 1017//2009
f 1080//2010 1055//2010 990//2010
f 1081//2011 1056//2011 991//2011
f 1081//2012 991//2012 1018//2012
f 1082//2013 992//2013 1019//2013
f 1082//2014 1057//2014 992//2014
f 1083//2015 993//2015 1020//2015
f 1083//2016 1058//2016 993//2016
f 1084//2017 994//2017 1021//2017
f 1084//2018 1059//2018 994//2018
f 1085//2019 995//2019 1022//2019
f 1085//2020 1060//2020 995//2020
f 1086//2021 1087//2021 998//2021
f 1086//2022 998//2022 1023//2022
f 1088//2023 1061//2023 53//2023
f 1089//2024 1062//2024 999//2024
f 1089//2025 999//2025 1024//2025
f 1090//2026 1063//2026 1000//2026
f 1090//2027 1000//2027 1025//2027
f 1091//2028 1064//2028 1001//2028
f 1091//2029 1001//2029 1026//2029
f 1092//2030 1065//2030 1002//2030
f 1092//2031 1002//2031 1027//2031
f 1093//2032 1066//2032 1003//2032
f 1093//2033 1003//2033 1028//2033
f 1094//2034 1067//2034 1004//2034
f 1094//2035 1004//2035 1029//2035
f 1095//2036 1068//2036 1005//2036
f 1095//2037 1005//2037 1030//2037
f 1096//2038 1006//2038 1031//2038
f 1096//2039 1069//2039 1006//2039
f 1097//2040 1007//2040 1032//2040
f 1097//2041 1070//2041 1007//2041
f 1098//2042 1008//2042 1033//2042
f 1098//2043 1071//2043 1008//2043
f 1099//2044 1009//2044 1034//2044
f 1099//2045 1072//2045 1009//2045
f 1100//2046 1010//2046 1035//2046
f 1100//2047 1073//2047 1010//2047
f 1101//2048 1011//2048 1036//2048
f 1101//2049 1074//2049 1011//2049
f 1102//2050 1075//2050 1012//2050
f 1102//2051 1012//2051 1037//2051
f 1103//2052 1076//2052 1013//2052
f 1103//2053 1013//2053 1038//2053
f 1104//2054 1014//2054 1039//2054
f 1104//2055 1077//2055 1014//2055
f 1105//2056 1015//2056 1040//2056
f 1105//2057 1078//2057 1015//2057
f 1106//2058 1016//2058 1041//2058
f 1106//2059 1079//2059 1016//2059
f 1107//2060 1017//2060 1042//2060
f 1107//2061 1080//2061 1017//2061
f 1108//2062 1081//2062 1018//2062
f 1108//2063 1018//2063 1043//2063
f 1109//2064 1082//2064 1019//2064
f 1109//2065 1019//2065 1044//2065
f 1110//2066 1020//2066 1045//2066
f 1110//2067 1083//2067 1020//2067
f 1111//2068 1021//2068 1046//2068
f 1111//2069 1084//2069 1021//2069
f 1112//2070 1022//2070 1047//2070
f 1112//2071 1085//2071 1022//2071
f 1113//2072 1086//2072 1023//2072
f 1113//2073 1023//2073 1048//2073
f 1113//2074 1087//2074 1086//2074
f 1114//2075 1088//2075 53//2075
f 1115//2076 1024//2076 1049//2076
f 1115//2077 1089//2077 1024//2077
f 1116//2078 1090//2078 1025//2078
f 1116//2079 1025//2079 1050//2079
f 1117//2080 1026//2080 1051//2080
f 1117//2081 1091//2081 1026//2081
f 1118//2082 1092//2082 1027//2082
f 1118//2083 1027//2083 1052//2083
f 1119//2084 1093//2084 1028//2084
f 1119//2085 1028//2085 1053//2085
f 1120//2086 1094//2086 1029//2086
f 1120//2087 1029//2087 1054//2087
f 1121//2088 1095//2088 1030//2088
f 1121//2089 1030//2089 1055//2089
f 1122//2090 1031//2090 1056//2090
f 1122//2091 1096//2091 1031//2091
f 1123//2092 1097//2092 1032//2092
f 1123//2093 1032//2093 1057//2093
f 1124//2094 1033//2094 1058//2094
f 1124//2095 1098//2095 1033//2095
f 1125//2096 1034//2096 1059//2096
f 1125//2097 1099//2097 1034//2097
f 1126//2098 1100//2098 1035//2098
f 1126//2099 1035//2099 1060//2099
f 1127//2100 1101//2100 1036//2100
f 1127//2101 1036//2101 1061//2101
f 1128//2102 1102//2102 1037//2102
f 1128//2103 1037//2103 1062//2103
f 1129//2104 1103//2104 1038//2104
f 1129//2105 1038//2105 1063//2105
f 1130//2106 1104//2106 1039//2106
f 1130//2107 1039//2107 1064//2107
f 1131//2108 1105//2108 1040//2108
f 1131//2109 1040//2109 1065//2109
f 1132//2110 1041//2110 1066//2110
f 1132//2111 1106//2111 1041//2111
f 1133//2112 1042//2112 1067//2112
f 1133//2113 1107//2113 1042//2113
f 1134//2114 1043//2114 1068//2114
f 1134//2115 1108//2115 1043//2115
f 1135//2116 1044//2116 1069//2116
f 1135//2117 1109//2117 1044//2117
f 1136//2118 1045//2118 1070//2118
f 1136//2119 1110//2119 1045//2119
f 1137//2120 1111//2120 1046//2120
f 1137//2121 1046//2121 1071//2121
f 1138//2122 1047//2122 1072//2122
f 1138//2123 1112//2123 1047//2123
f 1139//2124 1113//2124 1048//2124
f 1139//2125 1048//2125 1073//2125
f 1140//2126 1114//2126 53//2126
f 1141//2127 1115//2127 1049//2127
f 1141//2128 1049//2128 1074//2128
f 1142//2129 1116//2129 1050//2129
f 1142//2130 1050//2130 1075//2130
f 1143//2131 1117//2131 1051//2131
f 1143//2132 1051//2132 1076//2132
f 1144//2133 1052//2133 1077//2133
f 1144//2134 1118//2134 1052//2134
f 1145//2135 1053//2135 1078//2135
f 1145//2136 1119//2136 1053//2136
f 1146//2137 1120//2137 1054//2137
f 1146//2138 1054//2138 1079//2138
f 1147//2139 1055//2139 1080//2139
f 1147//2140 1121//2140 1055//2140
f 1148//2141 1056//2141 1081//2141
f 1148//2142 1122//2142 1056//2142
f 1149//2143 1123//2143 1057//2143
f 1149//2144 1057//2144 1082//2144
f 1150//2145 1058//2145 1083//2145
f 1150//2146 1124//2146 1058//2146
f 1151//2147 1059//2147 1084//2147
f 1151//2148 1125//2148 1059//2148
f 1152//2149 1060//2149 1085//2149
f 1152//2150 1126//2150 1060//2150
f 1153//2151 1154//2151 1087//2151
f 1155//2152 1061//2152 1088//2152
f 1155//2153 1127//2153 1061//2153
f 1156//2154 1062//2154 1089//2154
f 1156//2155 1128//2155 1062//2155
f 1157//2156 1063//2156 1090//2156
f 1157//2157 1129//2157 1063//2157
f 1158//2158 1130//2158 1064//2158
f 1158//2159 1064//2159 1091//2159
f 1159//2160 1131//2160 1065//2160
f 1159//2161 1065//2161 1092//2161
f 1160//2162 1132//2162 1066//2162
f 1160//2163 1066//2163 1093//2163
f 1161//2164 1067//2164 1094//2164
f 1161//2165 1133//2165 1067//2165
f 1162//2166 1134//2166 1068//2166
f 1162//2167 1068//2167 1095//2167
f 1163//2168 1135//2168 1069//2168
f 1163//2169 1069//2169 1096//2169
f 1164//2170 1136//2170 1070//2170
f 1164//2171 1070//2171 1097//2171
f 1165//2172 1071//2172 1098//2172
f 1165//2173 1137//2173 1071//2173
f 1166//2174 1138//2174 1072//2174
f 1166//2175 1072//2175 1099//2175
f 1167//2176 1073//2176 1100//2176
f 1167//2177 1139//2177 1073//2177
f 1168//2178 1140//2178 53//2178
f 1169//2179 1141//2179 1074//2179
f 1169//2180 1074//2180 1101//2180
f 1170//2181 1142//2181 1075//2181
f 1170//2182 1075//2182 1102//2182
f 1171//2183 1143//2183 1076//2183
f 1171//2184 1076//2184 1103//2184
f 1172//2185 1077//2185 1104//2185
f 1172//2186 1144//2186 1077//2186
f 1173//2187 1078//2187 1105//2187
f 1173//2188 1145//2188 1078//2188
f 1174//2189 1079//2189 1106//2189
f 1174//2190 1146//2190 1079//2190
f 1175//2191 1147//2191 1080//2191
f 1175//2192 1080//2192 1107//2192
f 1176//2193 1081//2193 1108//2193
f 1176//2194 1148//2194 1081//2194
f 1177//2195 1082//2195 1109//2195
f 1177//2196 1149//2196 1082//2196
f 1178//2197 1150//2197 1083//2197
f 1178//2198 1083//2198 1110//2198
f 1179//2199 1151//2199 1084//2199
f 1179//2200 1084//2200 1111//2200
f 1180//2201 1085//2201 1112//2201
f 1180//2202 1152//2202 1085//2202
f 1181//2203 1154//2203 1153//2203
f 1181//2204 1153//2204 1087//2204
f 1181//2205 1087//2205 1113//2205
f 1182//2206 1088//2206 1114//2206
f 1182//2207 1155//2207 1088//2207
f 1183//2208 1089//2208 1115//2208
f 1183//2209 1156//2209 1089//2209
f 1184//2210 1157//2210 1090//2210
f 1184//2211 1090//2211 1116//2211
f 1185//2212 1158//2212 1091//2212
f 1185//2213 1091//2213 1117//2213
f 1186//2214 1092//2214 1118//2214
f 1186//2215 1159//2215 1092//2215
f 1187//2216 1160//2216 1093//2216
f 1187//2217 1093//2217 1119//2217
f 1188//2218 1161//2218 1094//2218
f 1188//2219 1094//2219 1120//2219
f 1189//2220 1162//2220 1095//2220
f 1189//2221 1095//2221 1121//2221
f 1190//2222 1096//2222 1122//2222
f 1190//2223 1163//2223 1096//2223
f 1191//2224 1097//2224 1123//2224
f 1191//2225 1164//2225 1097//2225
f 1192//2226 1098//2226 1124//2226
f 1192//2227 1165//2227 1098//2227
f 1193//2228 1099//2228 1125//2228
f 1193//2229 1166//2229 1099//2229
f 1194//2230 1167//2230 1100//2230
f 1194//2231 1100//2231 1126//2231
f 1195//2232 1168//2232 53//2232
f 1196//2233 1169//2233 1101//2233
f 1196//2234 1101//2234 1127//2234
f 1197//2235 1102//2235 1128//2235
f 1197//2236 1170//2236 1102//2236
f 1198//2237 1171//2237 1103//2237
f 1198//2238 1103//2238 1129//2238
f 1199//2239 1104//2239 1130//2239
f 1199//2240 1172//2240 1104//2240
f 1200//2241 1173//2241 1105//2241
f 1200//2242 1105//2242 1131//2242
f 1201//2243 1106//2243 1132//2243
f 1201//2244 1174//2244 1106//2244
f 1202//2245 1175//2245 1107//2245
f 1202//2246 1107//2246 1133//2246
f 1203//2247 1176//2247 1108//2247
f 1203//2248 1108//2248 1134//2248
f 1204//2249 1177//2249 1109//2249
f 1204//2250 1109//2250 1135//2250
f 1205//2251 1178//2251 1110//2251
f 1205//2252 1110//2252 1136//2252
f 1206//2253 1111//2253 1137//2253
f 1206//2254 1179//2254 1111//2254
f 1207//2255 1180//2255 1112//2255
f 1207//2256 1112//2256 1138//2256
f 1208//2257 1181//2257 1113//2257
f 1208//2258 1113//2258 1139//2258
f 1209//2259 1114//2259 1140//2259
f 1209//2260 1182//2260 1114//2260
f 1210//2261 1183//2261 1115//2261
f 1210//2262 1115//2262 1141//2262
f 1211//2263 1116//2263 1142//2263
f 1211//2264 1184//2264 1116//2264
f 1212//2265 1117//2265 1143//2265
f 1212//2266 1185//2266 1117//2266
f 1213//2267 1118//2267 1144//2267
f 1213//2268 1186//2268 1118//2268
f 1214//2269 1119//2269 1145//2269
f 1214//2270 1187//2270 1119//2270
f 1215//2271 1120//2271 1146//2271
f 1215//2272 1188//2272 1120//2272
f 1216//2273 1189//2273 1121//2273
f 1216//2274 1121//2274 1147//2274
f 1217//2275 1190//2275 1122//2275
f 1217//2276 1122//2276 1148//2276
f 1218//2277 1123//2277 1149//2277
f 1218//2278 1191//2278 1123//2278
f 1219//2279 1124//2279 1150//2279
f 1219//2280 1192//2280 1124//2280
f 1220//2281 1125//2281 1151//2281
f 1220//2282 1193//2282 1125//2282
f 1221//2283 1126//2283 1152//2283
f 1221//2284 1194//2284 1126//2284
f 1222//2285 1195//2285 53//2285
f 1223//2286 1196//2286 1127//2286
f 1223//2287 1127//2287 1155//2287
f 1224//2288 1197//2288 1128//2288
f 1224//2289 1128//2289 1156//2289
f 1225//2290 1198//2290 1129//2290
f 1225//2291 1129//2291 1157//2291
f 1226//2292 1130//2292 1158//2292
f 1226//2293 1199//2293 1130//2293
f 1227//2294 1131//2294 1159//2294
f 1227//2295 1200//2295 1131//2295
f 1228//2296 1201//2296 1132//2296
f 1228//2297 1132//2297 1160//2297
f 1229//2298 1202//2298 1133//2298
f 1229//2299 1133//2299 1161//2299
f 1230//2300 1134//2300 1162//2300
f 1230//2301 1203//2301 1134//2301
f 1231//2302 1204//2302 1135//2302
f 1231//2303 1135//2303 1163//2303
f 1232//2304 1136//2304 1164//2304
f 1232//2305 1205//2305 1136//2305
f 1233//2306 1137//2306 1165//2306
f 1233//2307 1206//2307 1137//2307
f 1234//2308 1138//2308 1166//2308
f 1234//2309 1207//2309 1138//2309
f 1235//2310 1139//2310 1167//2310
f 1235//2311 1208//2311 1139//2311
f 1236//2312 1209//2312 1140//2312
f 1236//2313 1140//2313 1168//2313
f 1237//2314 1141//2314 1169//2314
f 1237//2315 1210//2315 1141//2315
f 1238//2316 1211//2316 1142//2316
f 1238//2317 1142//2317 1170//2317
f 1239//2318 1212//2318 1143//2318
f 1239//2319 1143//2319 1171//2319
f 1240//2320 1144//2320 1172//2320
f 1240//2321 1213//2321 1144//2321
f 1241//2322 1145//2322 1173//2322
f 1241//2323 1214//2323 1145//2323
f 1242//2324 1146//2324 1174//2324
f 1242//2325 1215//2325 1146//2325
f 1243//2326 1147//2326 1175//2326
f 1243//2327 1216//2327 1147//2327
f 1244//2328 1217//2328 1148//2328
f 1244//2329 1148//2329 1176//2329
f 1245//2330 1218//2330 1149//2330
f 1245//2331 1149//2331 1177//2331
f 1246//2332 1150//2332 1178//2332
f 1246//2333 1219//2333 1150//2333
f 1247//2334 1220//2334 1151//2334
f 1247//2335 1151//2335 1179//2335
f 1248//2336 1152//2336 1180//2336
f 1248//2337 1221//2337 1152//2337
f 1249//2338 1250//2338 1154//2338
f 1249//2339 1251//2339 1250//2339
f 1249//2340 1154//2340 1181//2340
f 1252//2341 1222//2341 53//2341
f 1253//2342 1223//2342 1155//2342
f 1253//2343 1155//2343 1182//2343
f 1254//2344 1156//2344 1183//2344
f 1254//2345 1224//2345 1156//2345
f 1255//2346 1157//2346 1184//2346
f 1255//2347 1225//2347 1157//2347
f 1256//2348 1226//2348 1158//2348
f 1256//2349 1158//2349 1185//2349
f 1257//2350 1159//2350 1186//2350
f 1257//2351 1227//2351 1159//2351
f 1258//2352 1160//2352 1187//2352
f 1258//2353 1228//2353 1160//2353
f 1259//2354 1229//2354 1161//2354
f 1259//2355 1161//2355 1188//2355
f 1260//2356 1230//2356 1162//2356
f 1260//2357 1162//2357 1189//2357
f 1261//2358 1163//2358 1190//2358
f 1261//2359 1231//2359 1163//2359
f 1262//2360 1164//2360 1191//2360
f 1262//2361 1232//2361 1164//2361
f 1263//2362 1165//2362 1192//2362
f 1263//2363 1233//2363 1165//2363
f 1264//2364 1166//2364 1193//2364
f 1264//2365 1234//2365 1166//2365
f 1265//2366 1167//2366 1194//2366
f 1265//2367 1235//2367 1167//2367
f 1266//2368 1168//2368 1195//2368
f 1266//2369 1236//2369 1168//2369
f 1267//2370 1237//2370 1169//2370
f 1267//2371 1169//2371 1196//2371
f 1268//2372 1170//2372 1197//2372
f 1268//2373 1238//2373 1170//2373
f 1269//2374 1171//2374 1198//2374
f 1269//2375 1239//2375 1171//2375
f 1270//2376 1172//2376 1199//2376
f 1270//2377 1240//2377 1172//2377
f 1271//2378 1173//2378 1200//2378
f 1271//2379 1241//2379 1173//2379
f 1272//2380 1174//2380 1201//2380
f 1272//2381 1242//2381 1174//2381
f 1273//2382 1243//2382 1175//2382
f 1273//2383 1175//2383 1202//2383
f 1274//2384 1176//2384 1203//2384
f 1274//2385 1244//2385 1176//2385
f 1275//2386 1177//2386 1204//2386
f 1275//2387 1245//2387 1177//2387
f 1276//2388 1178//2388 1205//2388
f 1276//2389 1246//2389 1178//2389
f 1277//2390 1179//2390 1206//2390
f 1277//2391 1247//2391 1179//2391
f 1278//2392 1180//2392 1207//2392
f 1278//2393 1248//2393 1180//2393
f 1279//2394 1249//2394 1181//2394
f 1279//2395 1251//2395 1249//2395
f 1279//2396 1181//2396 1208//2396
f 1280//2397 1252//2397 53//2397
f 1281//2398 1182//2398 1209//2398
f 1281//2399 1253//2399 1182//2399
f 1282//2400 1183//2400 1210//2400
f 1282//2401 1254//2401 1183//2401
f 1283//2402 1184//2402 1211//2402
f 1283//2403 1255//2403 1184//2403
f 1284//2404 1185//2404 1212//2404
f 1284//2405 1256//2405 1185//2405
f 1285//2406 1257//2406 1186//2406
f 1285//2407 1186//2407 1213//2407
f 1286//2408 1258//2408 1187//2408
f 1286//2409 1187//2409 1214//2409
f 1287//2410 1188//2410 1215//2410
f 1287//2411 1259//2411 1188//2411
f 1288//2412 1189//2412 1216//2412
f 1288//2413 1260//2413 1189//2413
f 1289//2414 1261//2414 1190//2414
f 1289//2415 1190//2415 1217//2415
f 1290//2416 1191//2416 1218//2416
f 1290//2417 1262//2417 1191//2417
f 1291//2418 1192//2418 1219//2418
f 1291//2419 1263//2419 1192//2419
f 1292//2420 1264//2420 1193//2420
f 1292//2421 1193//2421 1220//2421
f 1293//2422 1265//2422 1194//2422
f 1293//2423 1194//2423 1221//2423
f 1294//2424 1195//2424 1222//2424
f 1294//2425 1266//2425 1195//2425
f 1295//2426 1196//2426 1223//2426
f 1295//2427 1267//2427 1196//2427
f 1296//2428 1197//2428 1224//2428
f 1296//2429 1268//2429 1197//2429
f 1297//2430 1198//2430 1225//2430
f 1297//2431 1269//2431 1198//2431
f 1298//2432 1199//2432 1226//2432
f 1298//2433 1270//2433 1199//2433
f 1299//2434 1200//2434 1227//2434
f 1299//2435 1271//2435 1200//2435
f 1300//2436 1272//2436 1201//2436
f 1300//2437 1201//2437 1228//2437
f 1301//2438 1273//2438 1202//2438
f 1301//2439 1202//2439 1229//2439
f 1302//2440 1274//2440 1203//2440
f 1302//2441 1203//2441 1230//2441
f 1303//2442 1204//2442 1231//2442
f 1303//2443 1275//2443 1204//2443
f 1304//2444 1205//2444 1232//2444
f 1304//2445 1276//2445 1205//2445
f 1305//2446 1206//2446 1233//2446
f 1305//2447 1277//2447 1206//2447
f 1306//2448 1278//2448 1207//2448
f 1306//2449 1207//2449 1234//2449
f 1307//2450 1208//2450 1235//2450
f 1307//2451 1279//2451 1208//2451
f 1308//2452 1280//2452 53//2452
f 1309//2453 1209//2453 1236//2453
f 1309//2454 1281//2454 1209//2454
f 1310//2455 1282//2455 1210//2455
f 1310//2456 1210//2456 1237//2456
f 1311//2457 1283//2457 1211//2457
f 1311//2458 1211//2458 1238//2458
f 1312//2459 1284//2459 1212//2459
f 1312//2460 1212//2460 1239//2460
f 1313//2461 1213//2461 1240//2461
f 1313//2462 1285//2462 1213//2462
f 1314//2463 1214//2463 1241//2463
f 1314//2464 1286//2464 1214//2464
f 1315//2465 1287//2465 1215//2465
f 1315//2466 1215//2466 1242//2466
f 1316//2467 1216//2467 1243//2467
f 1316//2468 1288//2468 1216//2468
f 1317//2469 1289//2469 1217//2469
f 1317//2470 1217//2470 1244//2470
f 1318//2471 1290//2471 1218//2471
f 1318//2472 1218//2472 1245//2472
f 1319//2473 1291//2473 1219//2473
f 1319//2474 1219//2474 1246//2474
f 1320//2475 1220//2475 1247//2475
f 1320//2476 1292//2476 1220//2476
f 1321//2477 1221//2477 1248//2477
f 1321//2478 1293//2478 1221//2478
f 1322//2479 1323//2479 1251//2479
f 1324//2480 1222//2480 1252//2480
f 1324//2481 1294//2481 1222//2481
f 1325//2482 1223//2482 1253//2482
f 1325//2483 1295//2483 1223//2483
f 1326//2484 1296//2484 1224//2484
f 1326//2485 1224//2485 1254//2485
f 1327//2486 1225//2486 1255//2486
f 1327//2487 1297//2487 1225//2487
f 1328//2488 1298//2488 1226//2488
f 1328//2489 1226//2489 1256//2489
f 1329//2490 1299//2490 1227//2490
f 1329//2491 1227//2491 1257//2491
f 1330//2492 1300//2492 1228//2492
f 1330//2493 1228//2493 1258//2493
f 1331//2494 1229//2494 1259//2494
f 1331//2495 1301//2495 1229//2495
f 1332//2496 1302//2496 1230//2496
f 1332//2497 1230//2497 1260//2497
f 1333//2498 1231//2498 1261//2498
f 1333//2499 1303//2499 1231//2499
f 1334//2500 1232//2500 1262//2500
f 1334//2501 1304//2501 1232//2501
f 1335//2502 1305//2502 1233//2502
f 1335//2503 1233//2503 1263//2503
f 1336//2504 1234//2504 1264//2504
f 1336//2505 1306//2505 1234//2505
f 1337//2506 1307//2506 1235//2506
f 1337//2507 1235//2507 1265//2507
f 1338//2508 1308//2508 53//2508
f 1339//2509 1236//2509 1266//2509
f 1339//2510 1309//2510 1236//2510
f 1340//2511 1310//2511 1237//2511
f 1340//2512 1237//2512 1267//2512
f 1341//2513 1238//2513 1268//2513
f 1341//2514 1311//2514 1238//2514
f 1342//2515 1312//2515 1239//2515
f 1342//2516 1239//2516 1269//2516
f 1343//2517 1313//2517 1240//2517
f 1343//2518 1240//2518 1270//2518
f 1344//2519 1314//2519 1241//2519
f 1344//2520 1241//2520 1271//2520
f 1345//2521 1242//2521 1272//2521
f 1345//2522 1315//2522 1242//2522
f 1346//2523 1243//2523 1273//2523
f 1346//2524 1316//2524 1243//2524
f 1347//2525 1244//2525 1274//2525
f 1347//2526 1317//2526 1244//2526
f 1348//2527 1318//2527 1245//2527
f 1348//2528 1245//2528 1275//2528
f 1349//2529 1319//2529 1246//2529
f 1349//2530 1246//2530 1276//2530
f 1350//2531 1320//2531 1247//2531
f 1350//2532 1247//2532 1277//2532
f 1351//2533 1248//2533 1278//2533
f 1351//2534 1321//2534 1248//2534
f 1352//2535 1251//2535 1279//2535
f 1352//2536 1323//2536 1322//2536
f 1352//2537 1322//2537 1251//2537
f 1353//2538 1252//2538 1280//2538
f 1353//2539 1324//2539 1252//2539
f 1354//2540 1253//2540 1281//2540
f 1354//2541 1325//2541 1253//2541
f 1355//2542 1326//2542 1254//2542
f 1355//2543 1254//2543 1282//2543
f 1356//2544 1327//2544 1255//2544
f 1356//2545 1255//2545 1283//2545
f 1357//2546 1328//2546 1256//2546
f 1357//2547 1256//2547 1284//2547
f 1358//2548 1257//2548 1285//2548
f 1358//2549 1329//2549 1257//2549
f 1359//2550 1330//2550 1258//2550
f 1359//2551 1258//2551 1286//2551
f 1360//2552 1259//2552 1287//2552
f 1360//2553 1331//2553 1259//2553
f 1361//2554 1260//2554 1288//2554
f 1361//2555 1332//2555 1260//2555
f 1362//2556 1261//2556 1289//2556
f 1362//2557 1333//2557 1261//2557
f 1363//2558 1262//2558 1290//2558
f 1363//2559 1334//2559 1262//2559
f 1364//2560 1335//2560 1263//2560
f 1364//2561 1263//2561 1291//2561
f 1365//2562 1264//2562 1292//2562
f 1365//2563 1336//2563 1264//2563
f 1366//2564 1265//2564 1293//2564
f 1366//2565 1337//2565 1265//2565
f 1367//2566 1338//2566 53//2566
f 1368//2567 1339//2567 1266//2567
f 1368//2568 1266//2568 1294//2568
f 1369//2569 1340//2569 1267//2569
f 1369//2570 1267//2570 1295//2570
f 1370//2571 1268//2571 1296//2571
f 1370//2572 1341//2572 1268//2572
f 1371//2573 1269//2573 1297//2573
f 1371//2574 1342//2574 1269//2574
f 1372//2575 1270//2575 1298//2575
f 1372//2576 1343//2576 1270//2576
f 1373//2577 1271//2577 1299//2577
f 1373//2578 1344//2578 1271//2578
f 1374//2579 1272//2579 1300//2579
f 1374//2580 1345//2580 1272//2580
f 1375//2581 1346//2581 1273//2581
f 1375//2582 1273//2582 1301//2582
f 1376//2583 1274//2583 1302//2583
f 1376//2584 1347//2584 1274//2584
f 1377//2585 1275//2585 1303//2585
f 1377//2586 1348//2586 1275//2586
f 1378//2587 1349//2587 1276//2587
f 1378//2588 1276//2588 1304//2588
f 1379//2589 1277//2589 1305//2589
f 1379//2590 1350//2590 1277//2590
f 1380//2591 1351//2591 1278//2591
f 1380//2592 1278//2592 1306//2592
f 1381//2593 1352//2593 1279//2593
f 1381//2594 1279//2594 1307//2594
f 1382//2595 1353//2595 1280//2595
f 1382//2596 1280//2596 1308//2596
f 1383//2597 1354//2597 1281//2597
f 1383//2598 1281//2598 1309//2598
f 1384//2599 1355//2599 1282//2599
f 1384//2600 1282//2600 1310//2600
f 1385//2601 1283//2601 1311//2601
f 1385//2602 1356//2602 1283//2602
f 1386//2603 1357//2603 1284//2603
f 1386//2604 1284//2604 1312//2604
f 1387//2605 1358//2605 1285//2605
f 1387//2606 1285//2606 1313//2606
f 1388//2607 1286//2607 1314//2607
f 1388//2608 1359//2608 1286//2608
f 1389//2609 1287//2609 1315//2609
f 1389//2610 1360//2610 1287//2610
f 1390//2611 1288//2611 1316//2611
f 1390//2612 1361//2612 1288//2612
f 1391//2613 1362//2613 1289//2613
f 1391//2614 1289//2614 1317//2614
f 1392//2615 1290//2615 1318//2615
f 1392//2616 1363//2616 1290//2616
f 1393//2617 1291//2617 1319//2617
f 1393//2618 1364//2618 1291//2618
f 1394//2619 1292//2619 1320//2619
f 1394//2620 1365//2620 1292//2620
f 1395//2621 1366//2621 1293//2621
f 1395//2622 1293//2622 1321//2622
f 1396//2623 1367//2623 53//2623
f 1397//2624 1294//2624 1324//2624
f 1397//2625 1368//2625 1294//2625
f 1398//2626 1295//2626 1325//2626
f 1398//2627 1369//2627 1295//2627
f 1399//2628 1370//2628 1296//2628
f 1399//2629 1296//2629 1326//2629
f 1400//2630 1371//2630 1297//2630
f 1400//2631 1297//2631 1327//2631
f 1401//2632 1298//2632 1328//2632
f 1401//2633 1372//2633 1298//2633
f 1402//2634 1299//2634 1329//2634
f 1402//2635 1373//2635 1299//2635
f 1403//2636 1374//2636 1300//2636
f 1403//2637 1300//2637 1330//2637
f 1404//2638 1301//2638 1331//2638
f 1404//2639 1375//2639 1301//2639
f 1405//2640 1302//2640 1332//2640
f 1405//2641 1376//2641 1302//2641
f 1406//2642 1377//2642 1303//2642
f 1406//2643 1303//2643 1333//2643
f 1407//2644 1304//2644 1334//2644
f 1407//2645 1378//2645 1304//2645
f 1408//2646 1305//2646 1335//2646
f 1408//2647 1379//2647 1305//2647
f 1409//2648 1306//2648 1336//2648
f 1409//2649 1380//2649 1306//2649
f 1410//2650 1381//2650 1307//2650
f 1410//2651 1307//2651 1337//2651
f 1411//2652 1308//2652 1338//2652
f 1411//2653 1382//2653 1308//2653
f 1412//2654 1309//2654 1339//2654
f 1412//2655 1383//2655 1309//2655
f 1413//2656 1310//2656 1340//2656
f 1413//2657 1384//2657 1310//2657
f 1414//2658 1311//2658 1341//2658
f 1414//2659 1385//2659 1311//2659
f 1415//2660 1312//2660 1342//2660
f 1415//2661 1386//2661 1312//2661
f 1416//2662 1313//2662 1343//2662
f 1416//2663 1387//2663 1313//2663
f 1417//2664 1314//2664 1344//2664
f 1417//2665 1388//2665 1314//2665
f 1418//2666 1315//2666 1345//2666
f 1418//2667 1389//2667 1315//2667
f 1419//2668 1390//2668 1316//2668
f 1419//2669 1316//2669 1346//2669
f 1420//2670 1391//2670 1317//2670
f 1420//2671 1317//2671 1347//2671
f 1421//2672 1318//2672 1348//2672
f 1421//2673 1392//2673 1318//2673
f 1422//2674 1319//2674 1349//2674
f 1422//2675 1393//2675 1319//2675
f 1423//2676 1320//2676 1350//2676
f 1423//2677 1394//2677 1320//2677
f 1424//2678 1321//2678 1351//2678
f 1424//2679 1395//2679 1321//2679
f 1425//2680 1323//2680 1352//2680
f 1425//2681 1426//2681 1323//2681
f 1425//2682 1427//2682 1426//2682
f 1428//2683 1396//2683 53//2683
f 1428//2684 53//2684 51//2684
f 1429//2685 1397//2685 1324//2685
f 1429//2686 1324//2686 1353//2686
f 1430//2687 1325//2687 1354//2687
f 1430//2688 1398//2688 1325//2688
f 1431//2689 1326//2689 1355//2689
f 1431//2690 1399//2690 1326//2690
f 1432//2691 1400//2691 1327//2691
f 1432//2692 1327//2692 1356//2692
f 1433//2693 1401//2693 1328//2693
f 1433//2694 1328//2694 1357//2694
f 1434//2695 1329//2695 1358//2695
f 1434//2696 1402//2696 1329//2696
f 1435//2697 1403//2697 1330//2697
f 1435//2698 1330//2698 1359//2698
f 1436//2699 1404//2699 1331//2699
f 1436//2700 1331//2700 1360//2700
f 1437//2701 1332//2701 1361//2701
f 1437//2702 1405//2702 1332//2702
f 1438//2703 1333//2703 1362//2703
f 1438//2704 1406//2704 1333//2704
f 1439//2705 1334//2705 1363//2705
f 1439//2706 1407//2706 1334//2706
f 1440//2707 1335//2707 1364//2707
f 1440//2708 1408//2708 1335//2708
f 1441//2709 1409//2709 1336//2709
f 1441//2710 1336//2710 1365//2710
f 1442//2711 1337//2711 1366//2711
f 1442//2712 1410//2712 1337//2712
f 1443//2713 1411//2713 1338//2713
f 1443//2714 1338//2714 1367//2714
f 1444//2715 1412//2715 1339//2715
f 1444//2716 1339//2716 1368//2716
f 1445//2717 1413//2717 1340//2717
f 1445//2718 1340//2718 1369//2718
f 1446//2719 1341//2719 1370//2719
f 1446//2720 1414//2720 1341//2720
f 1447//2721 1415//2721 1342//2721
f 1447//2722 1342//2722 1371//2722
f 1448//2723 1343//2723 1372//2723
f 1448//2724 1416//2724 1343//2724
f 1449//2725 1344//2725 1373//2725
f 1449//2726 1417//2726 1344//2726
f 1450//2727 1345//2727 1374//2727
f 1450//2728 1418//2728 1345//2728
f 1451//2729 1346//2729 1375//2729
f 1451//2730 1419//2730 1346//2730
f 1452//2731 1420//2731 1347//2731
f 1452//2732 1347//2732 1376//2732
f 1453//2733 1421//2733 1348//2733
f 1453//2734 1348//2734 1377//2734
f 1454//2735 1422//2735 1349//2735
f 1454//2736 1349//2736 1378//2736
f 1455//2737 1423//2737 1350//2737
f 1455//2738 1350//2738 1379//2738
f 1456//2739 1351//2739 1380//2739
f 1456//2740 1424//2740 1351//2740
f 1457//2741 1352//2741 1381//2741
f 1457//2742 1425//2742 1352//2742
f 1458//2743 1428//2743 51//2743
f 1458//2744 50//2744 1428//2744
f 1458//2745 51//2745 50//2745
f 1459//2746 1429//2746 1353//2746
f 1459//2747 1353//2747 1382//2747
f 1460//2748 1354//2748 1383//2748
f 1460//2749 1430//2749 1354//2749
f 1461//2750 1431//2750 1355//2750
f 1461//2751 1355//2751 1384//2751
f 1462//2752 1432//2752 1356//2752
f 1462//2753 1356//2753 1385//2753
f 1463//2754 1357//2754 1386//2754
f 1463//2755 1433//2755 1357//2755
f 1464//2756 1358//2756 1387//2756
f 1464//2757 1434//2757 1358//2757
f 1465//2758 1359//2758 1388//2758
f 1465//2759 1435//2759 1359//2759
f 1466//2760 1436//2760 1360//2760
f 1466//2761 1360//2761 1389//2761
f 1467//2762 1361//2762 1390//2762
f 1467//2763 1437//2763 1361//2763
f 1468//2764 1362//2764 1391//2764
f 1468//2765 1438//2765 1362//2765
f 1469//2766 1363//2766 1392//2766
f 1469//2767 1439//2767 1363//2767
f 1470//2768 1440//2768 1364//2768
f 1470//2769 1364//2769 1393//2769
f 1471//2770 1441//2770 1365//2770
f 1471//2771 1365//2771 1394//2771
f 1472//2772 1366//2772 1395//2772
f 1472//2773 1442//2773 1366//2773
f 1473//2774 1367//2774 1396//2774
f 1473//2775 1443//2775 1367//2775
f 1474//2776 1368//2776 1397//2776
f 1474//2777 1444//2777 1368//2777
f 1475//2778 1369//2778 1398//2778
f 1475//2779 1445//2779 1369//2779
f 1476//2780 1370//2780 1399//2780
f 1476//2781 1446//2781 1370//2781
f 1477//2782 1371//2782 1400//2782
f 1477//2783 1447//2783 1371//2783
f 1478//2784 1372//2784 1401//2784
f 1478//2785 1448//2785 1372//2785
f 1479//2786 1373//2786 1402//2786
f 1479//2787 1449//2787 1373//2787
f 1480//2788 1374//2788 1403//2788
f 1480//2789 1450//2789 1374//2789
f 1481//2790 1375//2790 1404//2790
f 1481//2791 1451//2791 1375//2791
f 1482//2792 1376//2792 1405//2792
f 1482//2793 1452//2793 1376//2793
f 1483//2794 1377//2794 1406//2794
f 1483//2795 1453//2795 1377//2795
f 1484//2796 1378//2796 1407//2796
f 1484//2797 1454//2797 1378//2797
f 1485//2798 1379//2798 1408//2798
f 1485//2799 1455//2799 1379//2799
f 1486//2800 1456//2800 1380//2800
f 1486//2801 1380//2801 1409//2801
f 1487//2802 1457//2802 1381//2802
f 1487//2803 1381//2803 1410//2803
f 1488//2804 1459//2804 1382//2804
f 1488//2805 1382//2805 1411//2805
f 1489//2806 1383//2806 1412//2806
f 1489//2807 1460//2807 1383//2807
f 1490//2808 1461//2808 1384//2808
f 1490//2809 1384//2809 1413//2809
f 1491//2810 1462//2810 1385//2810
f 1491//2811 1385//2811 1414//2811
f 1492//2812 1463//2812 1386//2812
f 1492//2813 1386//2813 1415//2813
f 1493//2814 1464//2814 1387//2814
f 1493//2815 1387//2815 1416//2815
f 1494//2816 1465//2816 1388//2816
f 1494//2817 1388//2817 1417//2817
f 1495//2818 1389//2818 1418//2818
f 1495//2819 1466//2819 1389//2819
f 1496//2820 1390//2820 1419//2820
f 1496//2821 1467//2821 1390//2821
f 1497//2822 1468//2822 1391//2822
f 1497//2823 1391//2823 1420//2823
f 1498//2824 1392//2824 1421//2824
f 1498//2825 1469//2825 1392//2825
f 1499//2826 1393//2826 1422//2826
f 1499//2827 1470//2827 1393//2827
f 1500//2828 1471//2828 1394//2828
f 1500//2829 1394//2829 1423//2829
f 1501//2830 1395//2830 1424//2830
f 1501//2831 1472//2831 1395//2831
f 1502//2832 1503//2832 1427//2832
f 1504//2833 1396//2833 1428//2833
f 1504//2834 1428//2834 50//2834
f 1504//2835 1473//2835 1396//2835
f 1505//2836 1397//2836 1429//2836
f 1505//2837 1474//2837 1397//2837
f 1506//2838 1475//2838 1398//2838
f 1506//2839 1398//2839 1430//2839
f 1507//2840 1476//2840 1399//2840
f 1507//2841 1399//2841 1431//2841
f 1508//2842 1400//2842 1432//2842
f 1508//2843 1477//2843 1400//2843
f 1509//2844 1401//2844 1433//2844
f 1509//2845 1478//2845 1401//2845
f 1510//2846 1479//2846 1402//2846
f 1510//2847 1402//2847 1434//2847
f 1511//2848 1480//2848 1403//2848
f 1511//2849 1403//2849 1435//2849
f 1512//2850 1481//2850 1404//2850
f 1512//2851 1404//2851 1436//2851
f 1513//2852 1405//2852 1437//2852
f 1513//2853 1482//2853 1405//2853
f 1514//2854 1406//2854 1438//2854
f 1514//2855 1483//2855 1406//2855
f 1515//2856 1484//2856 1407//2856
f 1515//2857 1407//2857 1439//2857
f 1516//2858 1485//2858 1408//2858
f 1516//2859 1408//2859 1440//2859
f 1517//2860 1486//2860 1409//2860
f 1517//2861 1409//2861 1441//2861
f 1518//2862 1410//2862 1442//2862
f 1518//2863 1487//2863 1410//2863
f 1519//2864 1488//2864 1411//2864
f 1519//2865 1411//2865 1443//2865
f 1520//2866 1412//2866 1444//2866
f 1520//2867 1489//2867 1412//2867
f 1521//2868 1413//2868 1445//2868
f 1521//2869 1490//2869 1413//2869
f 1522//2870 1491//2870 1414//2870
f 1522//2871 1414//2871 1446//2871
f 1523//2872 1492//2872 1415//2872
f 1523//2873 1415//2873 1447//2873
f 1524//2874 1416//2874 1448//2874
f 1524//2875 1493//2875 1416//2875
f 1525//2876 1417//2876 1449//2876
f 1525//2877 1494//2877 1417//2877
f 1526//2878 1418//2878 1450//2878
f 1526//2879 1495//2879 1418//2879
f 1527//2880 1419//2880 1451//2880
f 1527//2881 1496//2881 1419//2881
f 1528//2882 1420//2882 1452//2882
f 1528//2883 1497//2883 1420//2883
f 1529//2884 1498//2884 1421//2884
f 1529//2885 1421//2885 1453//2885
f 1530//2886 1422//2886 1454//2886
f 1530//2887 1499//2887 1422//2887
f 1531//2888 1500//2888 1423//2888
f 1531//2889 1423//2889 1455//2889
f 1532//2890 1424//2890 1456//2890
f 1532//2891 1501//2891 1424//2891
f 1533//2892 1425//2892 1457//2892
f 1533//2893 1503//2893 1502//2893
f 1533//2894 1502//2894 1427//2894
f 1533//2895 1427//2895 1425//2895
f 1534//2896 1504//2896 50//2896
f 1534//2897 50//2897 57//2897
f 1534//2898 57//2898 58//2898
f 1535//2899 1505//2899 1429//2899
f 1535//2900 1429//2900 1459//2900
f 1536//2901 1430//2901 1460//2901
f 1536//2902 1506//2902 1430//2902
f 1537//2903 1431//2903 1461//2903
f 1537//2904 1507//2904 1431//2904
f 1538//2905 1508//2905 1432//2905
f 1538//2906 1432//2906 1462//2906
f 1539//2907 1509//2907 1433//2907
f 1539//2908 1433//2908 1463//2908
f 1540//2909 1434//2909 1464//2909
f 1540//2910 1510//2910 1434//2910
f 1541//2911 1511//2911 1435//2911
f 1541//2912 1435//2912 1465//2912
f 1542//2913 1512//2913 1436//2913
f 1542//2914 1436//2914 1466//2914
f 1543//2915 1437//2915 1467//2915
f 1543//2916 1513//2916 1437//2916
f 1544//2917 1514//2917 1438//2917
f 1544//2918 1438//2918 1468//2918
f 1545//2919 1439//2919 1469//2919
f 1545//2920 1515//2920 1439//2920
f 1546//2921 1516//2921 1440//2921
f 1546//2922 1440//2922 1470//2922
f 1547//2923 1517//2923 1441//2923
f 1547//2924 1441//2924 1471//2924
f 1548//2925 1442//2925 1472//2925
f 1548//2926 1518//2926 1442//2926
f 1549//2927 1443//2927 1473//2927
f 1549//2928 1519//2928 1443//2928
f 1550//2929 1520//2929 1444//2929
f 1550//2930 1444//2930 1474//2930
f 1551//2931 1445//2931 1475//2931
f 1551//2932 1521//2932 1445//2932
f 1552//2933 1446//2933 1476//2933
f 1552//2934 1522//2934 1446//2934
f 1553//2935 1523//2935 1447//2935
f 1553//2936 1447//2936 1477//2936
f 1554//2937 1448//2937 1478//2937
f 1554//2938 1524//2938 1448//2938
f 1555//2939 1525//2939 1449//2939
f 1555//2940 1449//2940 1479//2940
f 1556//2941 1450//2941 1480//2941
f 1556//2942 1526//2942 1450//2942
f 1557//2943 1451//2943 1481//2943
f 1557//2944 1527//2944 1451//2944
f 1558//2945 1528//2945 1452//2945
f 1558//2946 1452//2946 1482//2946
f 1559//2947 1453//2947 1483//2947
f 1559//2948 1529//2948 1453//2948
f 1560//2949 1530//2949 1454//2949
f 1560//2950 1454//2950 1484//2950
f 1561//2951 1531//2951 1455//2951
f 1561//2952 1455//2952 1485//2952
f 1562//2953 1456//2953 1486//2953
f 1562//2954 1532//2954 1456//2954
f 1563//2955 1533//2955 1457//2955
f 1563//2956 1457//2956 1487//2956
f 1564//2957 1459//2957 1488//2957
f 1564//2958 1535//2958 1459//2958
f 1565//2959 1536//2959 1460//2959
f 1565//2960 1460//2960 1489//2960
f 1566//2961 1461//2961 1490//2961
f 1566//2962 1537//2962 1461//2962
f 1567//2963 1538//2963 1462//2963
f 1567//2964 1462//2964 1491//2964
f 1568//2965 1463//2965 1492//2965
f 1568//2966 1539//2966 1463//2966
f 1569//2967 1540//2967 1464//2967
f 1569//2968 1464//2968 1493//2968
f 1570//2969 1541//2969 1465//2969
f 1570//2970 1465//2970 1494//2970
f 1571//2971 1542//2971 1466//2971
f 1571//2972 1466//2972 1495//2972
f 1572//2973 1467//2973 1496//2973
f 1572//2974 1543//2974 1467//2974
f 1573//2975 1468//2975 1497//2975
f 1573//2976 1544//2976 1468//2976
f 1574//2977 1469//2977 1498//2977
f 1574//2978 1545//2978 1469//2978
f 1575//2979 1470//2979 1499//2979
f 1575//2980 1546//2980 1470//2980
f 1576//2981 1471//2981 1500//2981
f 1576//2982 1547//2982 1471//2982
f 1577//2983 1472//2983 1501//2983
f 1577//2984 1548//2984 1472//2984
f 1578//2985 1473//2985 1504//2985
f 1578//2986 1549//2986 1473//2986
f 1579//2987 1474//2987 1505//2987
f 1579//2988 1550//2988 1474//2988
f 1580//2989 1551//2989 1475//2989
f 1580//2990 1475//2990 1506//2990
f 1581//2991 1552//2991 1476//2991
f 1581//2992 1476//2992 1507//2992
f 1582//2993 1477//2993 1508//2993
f 1582//2994 1553//2994 1477//2994
f 1583//2995 1478//2995 1509//2995
f 1583//2996 1554//2996 1478//2996
f 1584//2997 1555//2997 1479//2997
f 1584//2998 1479//2998 1510//2998
f 1585//2999 1480//2999 1511//2999
f 1585//3000 1556//3000 1480//3000
f 1586//3001 1481//3001 1512//3001
f 1586//3002 1557//3002 1481//3002
f 1587//3003 1558//3003 1482//3003
f 1587//3004 1482//3004 1513//3004
f 1588//3005 1559//3005 1483//3005
f 1588//3006 1483//3006 1514//3006
f 1589//3007 1560//3007 1484//3007
f 1589//3008 1484//3008 1515//3008
f 1590//3009 1561//3009 1485//3009
f 1590//3010 1485//3010 1516//3010
f 1591//3011 1486//3011 1517//3011
f 1591//3012 1562//3012 1486//3012
f 1592//3013 1563//3013 1487//3013
f 1592//3014 1487//3014 1518//3014
f 1593//3015 1564//3015 1488//3015
f 1593//3016 1488//3016 1519//3016
f 1594//3017 1565//3017 1489//3017
f 1594//3018 1489//3018 1520//3018
f 1595//3019 1490//3019 1521//3019
f 1595//3020 1566//3020 1490//3020
f 1596//3021 1491//3021 1522//3021
f 1596//3022 1567//3022 1491//3022
f 1597//3023 1492//3023 1523//3023
f 1597//3024 1568//3024 1492//3024
f 1598//3025 1569//3025 1493//3025
f 1598//3026 1493//3026 1524//3026
f 1599//3027 1570//3027 1494//3027
f 1599//3028 1494//3028 1525//3028
f 1600//3029 1571//3029 1495//3029
f 1600//3030 1495//3030 1526//3030
f 1601//3031 1496//3031 1527//3031
f 1601//3032 1572//3032 1496//3032
f 1602//3033 1497//3033 1528//3033
f 1602//3034 1573//3034 1497//3034
f 1603//3035 1498//3035 1529//3035
f 1603//3036 1574//3036 1498//3036
f 1604//3037 1499//3037 1530//3037
f 1604//3038 1575//3038 1499//3038
f 1605//3039 1500//3039 1531//3039
f 1605//3040 1576//3040 1500//3040
f 1606//3041 1577//3041 1501//3041
f 1606//3042 1501//3042 1532//3042
f 1607//3043 1608//3043 1503//3043
f 1607//3044 1609//3044 1608//3044
f 1610//3045 1578//3045 1504//3045
f 1610//3046 1504//3046 1534//3046
f 1610//3047 1534//3047 58//3047
f 1611//3048 1505//3048 1535//3048
f 1611//3049 1579//3049 1505//3049
f 1612//3050 1580//3050 1506//3050
f 1612//3051 1506//3051 1536//3051
f 1613//3052 1507//3052 1537//3052
f 1613//3053 1581//3053 1507//3053
f 1614//3054 1582//3054 1508//3054
f 1614//3055 1508//3055 1538//3055
f 1615//3056 1509//3056 1539//3056
f 1615//3057 1583//3057 1509//3057
f 1616//3058 1510//3058 1540//3058
f 1616//3059 1584//3059 1510//3059
f 1617//3060 1585//3060 1511//3060
f 1617//3061 1511//3061 1541//3061
f 1618//3062 1512//3062 1542//3062
f 1618//3063 1586//3063 1512//3063
f 1619//3064 1587//3064 1513//3064
f 1619//3065 1513//3065 1543//3065
f 1620//3066 1514//3066 1544//3066
f 1620//3067 1588//3067 1514//3067
f 1621//3068 1515//3068 1545//3068
f 1621//3069 1589//3069 1515//3069
f 1622//3070 1590//3070 1516//3070
f 1622//3071 1516//3071 1546//3071
f 1623//3072 1517//3072 1547//3072
f 1623//3073 1591//3073 1517//3073
f 1624//3074 1592//3074 1518//3074
f 1624//3075 1518//3075 1548//3075
f 1625//3076 1593//3076 1519//3076
f 1625//3077 1519//3077 1549//3077
f 1626//3078 1594//3078 1520//3078
f 1626//3079 1520//3079 1550//3079
f 1627//3080 1595//3080 1521//3080
f 1627//3081 1521//3081 1551//3081
f 1628//3082 1522//3082 1552//3082
f 1628//3083 1596//3083 1522//3083
f 1629//3084 1597//3084 1523//3084
f 1629//3085 1523//3085 1553//3085
f 1630//3086 1598//3086 1524//3086
f 1630//3087 1524//3087 1554//3087
f 1631//3088 1599//3088 1525//3088
f 1631//3089 1525//3089 1555//3089
f 1632//3090 1526//3090 1556//3090
f 1632//3091 1600//3091 1526//3091
f 1633//3092 1601//3092 1527//3092
f 1633//3093 1527//3093 1557//3093
f 1634//3094 1602//3094 1528//3094
f 1634//3095 1528//3095 1558//3095
f 1635//3096 1529//3096 1559//3096
f 1635//3097 1603//3097 1529//3097
f 1636//3098 1530//3098 1560//3098
f 1636//3099 1604//3099 1530//3099
f 1637//3100 1531//3100 1561//3100
f 1637//3101 1605//3101 1531//3101
f 1638//3102 1606//3102 1532//3102
f 1638//3103 1532//3103 1562//3103
f 1639//3104 1607//3104 1503//3104
f 1639//3105 1503//3105 1533//3105
f 1639//3106 1533//3106 1563//3106
f 1640//3107 1610//3107 58//3107
f 1640//3108 65//3108 1610//3108
f 1640//3109 58//3109 65//3109
f 1641//3110 1535//3110 1564//3110
f 1641//3111 1611//3111 1535//3111
f 1642//3112 1536//3112 1565//3112
f 1642//3113 1612//3113 1536//3113
f 1643//3114 1537//3114 1566//3114
f 1643//3115 1613//3115 1537//3115
f 1644//3116 1614//3116 1538//3116
f 1644//3117 1538//3117 1567//3117
f 1645//3118 1539//3118 1568//3118
f 1645//3119 1615//3119 1539//3119
f 1646//3120 1616//3120 1540//3120
f 1646//3121 1540//3121 1569//3121
f 1647//3122 1617//3122 1541//3122
f 1647//3123 1541//3123 1570//3123
f 1648//3124 1618//3124 1542//3124
f 1648//3125 1542//3125 1571//3125
f 1649//3126 1619//3126 1543//3126
f 1649//3127 1543//3127 1572//3127
f 1650//3128 1620//3128 1544//3128
f 1650//3129 1544//3129 1573//3129
f 1651//3130 1545//3130 1574//3130
f 1651//3131 1621//3131 1545//3131
f 1652//3132 1546//3132 1575//3132
f 1652//3133 1622//3133 1546//3133
f 1653//3134 1547//3134 1576//3134
f 1653//3135 1623//3135 1547//3135
f 1654//3136 1624//3136 1548//3136
f 1654//3137 1548//3137 1577//3137
f 1655//3138 1549//3138 1578//3138
f 1655//3139 1625//3139 1549//3139
f 1656//3140 1626//3140 1550//3140
f 1656//3141 1550//3141 1579//3141
f 1657//3142 1627//3142 1551//3142
f 1657//3143 1551//3143 1580//3143
f 1658//3144 1552//3144 1581//3144
f 1658//3145 1628//3145 1552//3145
f 1659//3146 1629//3146 1553//3146
f 1659//3147 1553//3147 1582//3147
f 1660//3148 1630//3148 1554//3148
f 1660//3149 1554//3149 1583//3149
f 1661//3150 1631//3150 1555//3150
f 1661//3151 1555//3151 1584//3151
f 1662//3152 1632//3152 1556//3152
f 1662//3153 1556//3153 1585//3153
f 1663//3154 1633//3154 1557//3154
f 1663//3155 1557//3155 1586//3155
f 1664//3156 1634//3156 1558//3156
f 1664//3157 1558//3157 1587//3157
f 1665//3158 1559//3158 1588//3158
f 1665//3159 1635//3159 1559//3159
f 1666//3160 1636//3160 1560//3160
f 1666//3161 1560//3161 1589//3161
f 1667//3162 1561//3162 1590//3162
f 1667//3163 1637//3163 1561//3163
f 1668//3164 1638//3164 1562//3164
f 1668//3165 1562//3165 1591//3165
f 1669//3166 1639//3166 1563//3166
f 1669//3167 1563//3167 1592//3167
f 1670//3168 1641//3168 1564//3168
f 1670//3169 1564//3169 1593//3169
f 1671//3170 1642//3170 1565//3170
f 1671//3171 1565//3171 1594//3171
f 1672//3172 1566//3172 1595//3172
f 1672//3173 1643//3173 1566//3173
f 1673//3174 1644//3174 1567//3174
f 1673//3175 1567//3175 1596//3175
f 1674//3176 1568//3176 1597//3176
f 1674//3177 1645//3177 1568//3177
f 1675//3178 1646//3178 1569//3178
f 1675//3179 1569//3179 1598//3179
f 1676//3180 1647//3180 1570//3180
f 1676//3181 1570//3181 1599//3181
f 1677//3182 1648//3182 1571//3182
f 1677//3183 1571//3183 1600//3183
f 1678//3184 1572//3184 1601//3184
f 1678//3185 1649//3185 1572//3185
f 1679//3186 1573//3186 1602//3186
f 1679//3187 1650//3187 1573//3187
f 1680//3188 1574//3188 1603//3188
f 1680//3189 1651//3189 1574//3189
f 1681//3190 1652//3190 1575//3190
f 1681//3191 1575//3191 1604//3191
f 1682//3192 1653//3192 1576//3192
f 1682//3193 1576//3193 1605//3193
f 1683//3194 1654//3194 1577//3194
f 1683//3195 1577//3195 1606//3195
f 1684//3196 1685//3196 1609//3196
f 1686//3197 1610//3197 65//3197
f 1686//3198 1578//3198 1610//3198
f 1686//3199 1655//3199 1578//3199
f 1687//3200 1579//3200 1611//3200
f 1687//3201 1656//3201 1579//3201
f 1688//3202 1580//3202 1612//3202
f 1688//3203 1657//3203 1580//3203
f 1689//3204 1658//3204 1581//3204
f 1689//3205 1581//3205 1613//3205
f 1690//3206 1659//3206 1582//3206
f 1690//3207 1582//3207 1614//3207
f 1691//3208 1583//3208 1615//3208
f 1691//3209 1660//3209 1583//3209
f 1692//3210 1661//3210 1584//3210
f 1692//3211 1584//3211 1616//3211
f 1693//3212 1662//3212 1585//3212
f 1693//3213 1585//3213 1617//3213
f 1694//3214 1663//3214 1586//3214
f 1694//3215 1586//3215 1618//3215
f 1695//3216 1664//3216 1587//3216
f 1695//3217 1587//3217 1619//3217
f 1696//3218 1665//3218 1588//3218
f 1696//3219 1588//3219 1620//3219
f 1697//3220 1666//3220 1589//3220
f 1697//3221 1589//3221 1621//3221
f 1698//3222 1590//3222 1622//3222
f 1698//3223 1667//3223 1590//3223
f 1699//3224 1668//3224 1591//3224
f 1699//3225 1591//3225 1623//3225
f 1700//3226 1592//3226 1624//3226
f 1700//3227 1669//3227 1592//3227
f 1701//3228 1593//3228 1625//3228
f 1701//3229 1670//3229 1593//3229
f 1702//3230 1671//3230 1594//3230
f 1702//3231 1594//3231 1626//3231
f 1703//3232 1595//3232 1627//3232
f 1703//3233 1672//3233 1595//3233
f 1704//3234 1596//3234 1628//3234
f 1704//3235 1673//3235 1596//3235
f 1705//3236 1674//3236 1597//3236
f 1705//3237 1597//3237 1629//3237
f 1706//3238 1598//3238 1630//3238
f 1706//3239 1675//3239 1598//3239
f 1707//3240 1599//3240 1631//3240
f 1707//3241 1676//3241 1599//3241
f 1708//3242 1677//3242 1600//3242
f 1708//3243 1600//3243 1632//3243
f 1709//3244 1678//3244 1601//3244
f 1709//3245 1601//3245 1633//3245
f 1710//3246 1602//3246 1634//3246
f 1710//3247 1679//3247 1602//3247
f 1711//3248 1603//3248 1635//3248
f 1711//3249 1680//3249 1603//3249
f 1712//3250 1681//3250 1604//3250
f 1712//3251 1604//3251 1636//3251
f 1713//3252 1605//3252 1637//3252
f 1713//3253 1682//3253 1605//3253
f 1714//3254 1606//3254 1638//3254
f 1714//3255 1683//3255 1606//3255
f 1715//3256 1609//3256 1607//3256
f 1715//3257 1684//3257 1609//3257
f 1715//3258 1685//3258 1684//3258
f 1715//3259 1607//3259 1639//3259
f 1716//3260 1686//3260 65//3260
f 1716//3261 65//3261 77//3261
f 1717//3262 1611//3262 1641//3262
f 1717//3263 1687//3263 1611//3263
f 1718//3264 1612//3264 1642//3264
f 1718//3265 1688//3265 1612//3265
f 1719//3266 1613//3266 1643//3266
f 1719//3267 1689//3267 1613//3267
f 1720//3268 1614//3268 1644//3268
f 1720//3269 1690//3269 1614//3269
f 1721//3270 1615//3270 1645//3270
f 1721//3271 1691//3271 1615//3271
f 1722//3272 1616//3272 1646//3272
f 1722//3273 1692//3273 1616//3273
f 1723//3274 1617//3274 1647//3274
f 1723//3275 1693//3275 1617//3275
f 1724//3276 1618//3276 1648//3276
f 1724//3277 1694//3277 1618//3277
f 1725//3278 1619//3278 1649//3278
f 1725//3279 1695//3279 1619//3279
f 1726//3280 1696//3280 1620//3280
f 1726//3281 1620//3281 1650//3281
f 1727//3282 1697//3282 1621//3282
f 1727//3283 1621//3283 1651//3283
f 1728//3284 1622//3284 1652//3284
f 1728//3285 1698//3285 1622//3285
f 1729//3286 1699//3286 1623//3286
f 1729//3287 1623//3287 1653//3287
f 1730//3288 1700//3288 1624//3288
f 1730//3289 1624//3289 1654//3289
f 1731//3290 1701//3290 1625//3290
f 1731//3291 1625//3291 1655//3291
f 1732//3292 1702//3292 1626//3292
f 1732//3293 1626//3293 1656//3293
f 1733//3294 1703//3294 1627//3294
f 1733//3295 1627//3295 1657//3295
f 1734//3296 1628//3296 1658//3296
f 1734//3297 1704//3297 1628//3297
f 1735//3298 1629//3298 1659//3298
f 1735//3299 1705//3299 1629//3299
f 1736//3300 1630//3300 1660//3300
f 1736//3301 1706//3301 1630//3301
f 1737//3302 1631//3302 1661//3302
f 1737//3303 1707//3303 1631//3303
f 1738//3304 1708//3304 1632//3304
f 1738//3305 1632//3305 1662//3305
f 1739//3306 1709//3306 1633//3306
f 1739//3307 1633//3307 1663//3307
f 1740//3308 1634//3308 1664//3308
f 1740//3309 1710//3309 1634//3309
f 1741//3310 1635//3310 1665//3310
f 1741//3311 1711//3311 1635//3311
f 1742//3312 1636//3312 1666//3312
f 1742//3313 1712//3313 1636//3313
f 1743//3314 1713//3314 1637//3314
f 1743//3315 1637//3315 1667//3315
f 1744//3316 1714//3316 1638//3316
f 1744//3317 1638//3317 1668//3317
f 1745//3318 1715//3318 1639//3318
f 1745//3319 1639//3319 1669//3319
f 1746//3320 1641//3320 1670//3320
f 1746//3321 1717//3321 1641//3321
f 1747//3322 1718//3322 1642//3322
f 1747//3323 1642//3323 1671//3323
f 1748//3324 1719//3324 1643//3324
f 1748//3325 1643//3325 1672//3325
f 1749//3326 1644//3326 1673//3326
f 1749//3327 1720//3327 1644//3327
f 1750//3328 1721//3328 1645//3328
f 1750//3329 1645//3329 1674//3329
f 1751//3330 1646//3330 1675//3330
f 1751//3331 1722//3331 1646//3331
f 1752//3332 1647//3332 1676//3332
f 1752//3333 1723//3333 1647//3333
f 1753//3334 1648//3334 1677//3334
f 1753//3335 1724//3335 1648//3335
f 1754//3336 1725//3336 1649//3336
f 1754//3337 1649//3337 1678//3337
f 1755//3338 1650//3338 1679//3338
f 1755//3339 1726//3339 1650//3339
f 1756//3340 1651//3340 1680//3340
f 1756//3341 1727//3341 1651//3341
f 1757//3342 1728//3342 1652//3342
f 1757//3343 1652//3343 1681//3343
f 1758//3344 1729//3344 1653//3344
f 1758//3345 1653//3345 1682//3345
f 1759//3346 1730//3346 1654//3346
f 1759//3347 1654//3347 1683//3347
f 1760//3348 1731//3348 1655//3348
f 1760//3349 1655//3349 1686//3349
f 1761//3350 1732//3350 1656//3350
f 1761//3351 1656//3351 1687//3351
f 1762//3352 1657//3352 1688//3352
f 1762//3353 1733//3353 1657//3353
f 1763//3354 1658//3354 1689//3354
f 1763//3355 1734//3355 1658//3355
f 1764//3356 1735//3356 1659//3356
f 1764//3357 1659//3357 1690//3357
f 1765//3358 1736//3358 1660//3358
f 1765//3359 1660//3359 1691//3359
f 1766//3360 1737//3360 1661//3360
f 1766//3361 1661//3361 1692//3361
f 1767//3362 1662//3362 1693//3362
f 1767//3363 1738//3363 1662//3363
f 1768//3364 1739//3364 1663//3364
f 1768//3365 1663//3365 1694//3365
f 1769//3366 1664//3366 1695//3366
f 1769//3367 1740//3367 1664//3367
f 1770//3368 1741//3368 1665//3368
f 1770//3369 1665//3369 1696//3369
f 1771//3370 1742//3370 1666//3370
f 1771//3371 1666//3371 1697//3371
f 1772//3372 1667//3372 1698//3372
f 1772//3373 1743//3373 1667//3373
f 1773//3374 1744//3374 1668//3374
f 1773//3375 1668//3375 1699//3375
f 1774//3376 1745//3376 1669//3376
f 1774//3377 1669//3377 1700//3377
f 1775//3378 1670//3378 1701//3378
f 1775//3379 1746//3379 1670//3379
f 1776//3380 1747//3380 1671//3380
f 1776//3381 1671//3381 1702//3381
f 1777//3382 1672//3382 1703//3382
f 1777//3383 1748//3383 1672//3383
f 1778//3384 1673//3384 1704//3384
f 1778//3385 1749//3385 1673//3385
f 1779//3386 1674//3386 1705//3386
f 1779//3387 1750//3387 1674//3387
f 1780//3388 1751//3388 1675//3388
f 1780//3389 1675//3389 1706//3389
f 1781//3390 1752//3390 1676//3390
f 1781//3391 1676//3391 1707//3391
f 1782//3392 1677//3392 1708//3392
f 1782//3393 1753//3393 1677//3393
f 1783//3394 1678//3394 1709//3394
f 1783//3395 1754//3395 1678//3395
f 1784//3396 1679//3396 1710//3396
f 1784//3397 1755//3397 1679//3397
f 1785//3398 1680//3398 1711//3398
f 1785//3399 1756//3399 1680//3399
f 1786//3400 1757//3400 1681//3400
f 1786//3401 1681//3401 1712//3401
f 1787//3402 1682//3402 1713//3402
f 1787//3403 1758//3403 1682//3403
f 1788//3404 1759//3404 1683//3404
f 1788//3405 1683//3405 1714//3405
f 1789//3406 1790//3406 1685//3406
f 1791//3407 1686//3407 1716//3407
f 1791//3408 1716//3408 77//3408
f 1791//3409 1760//3409 1686//3409
f 1792//3410 1687//3410 1717//3410
f 1792//3411 1761//3411 1687//3411
f 1793//3412 1762//3412 1688//3412
f 1793//3413 1688//3413 1718//3413
f 1794//3414 1763//3414 1689//3414
f 1794//3415 1689//3415 1719//3415
f 1795//3416 1764//3416 1690//3416
f 1795//3417 1690//3417 1720//3417
f 1796//3418 1765//3418 1691//3418
f 1796//3419 1691//3419 1721//3419
f 1797//3420 1692//3420 1722//3420
f 1797//3421 1766//3421 1692//3421
f 1798//3422 1693//3422 1723//3422
f 1798//3423 1767//3423 1693//3423
f 1799//3424 1768//3424 1694//3424
f 1799//3425 1694//3425 1724//3425
f 1800//3426 1769//3426 1695//3426
f 1800//3427 1695//3427 1725//3427
f 1801//3428 1770//3428 1696//3428
f 1801//3429 1696//3429 1726//3429
f 1802//3430 1771//3430 1697//3430
f 1802//3431 1697//3431 1727//3431
f 1803//3432 1698//3432 1728//3432
f 1803//3433 1772//3433 1698//3433
f 1804//3434 1773//3434 1699//3434
f 1804//3435 1699//3435 1729//3435
f 1805//3436 1774//3436 1700//3436
f 1805//3437 1700//3437 1730//3437
f 1806//3438 1701//3438 1731//3438
f 1806//3439 1775//3439 1701//3439
f 1807//3440 1702//3440 1732//3440
f 1807//3441 1776//3441 1702//3441
f 1808//3442 1777//3442 1703//3442
f 1808//3443 1703//3443 1733//3443
f 1809//3444 1704//3444 1734//3444
f 1809//3445 1778//3445 1704//3445
f 1810//3446 1779//3446 1705//3446
f 1810//3447 1705//3447 1735//3447
f 1811//3448 1780//3448 1706//3448
f 1811//3449 1706//3449 1736//3449
f 1812//3450 1781//3450 1707//3450
f 1812//3451 1707//3451 1737//3451
f 1813//3452 1782//3452 1708//3452
f 1813//3453 1708//3453 1738//3453
f 1814//3454 1783//3454 1709//3454
f 1814//3455 1709//3455 1739//3455
f 1815//3456 1710//3456 1740//3456
f 1815//3457 1784//3457 1710//3457
f 1816//3458 1711//3458 1741//3458
f 1816//3459 1785//3459 1711//3459
f 1817//3460 1712//3460 1742//3460
f 1817//3461 1786//3461 1712//3461
f 1818//3462 1713//3462 1743//3462
f 1818//3463 1787//3463 1713//3463
f 1819//3464 1714//3464 1744//3464
f 1819//3465 1788//3465 1714//3465
f 1820//3466 1715//3466 1745//3466
f 1820//3467 1685//3467 1715//3467
f 1820//3468 1789//3468 1685//3468
f 1821//3469 77//3469 89//3469
f 1821//3470 1791//3470 77//3470
f 1821//3471 89//3471 90//3471
f 1821//3472 90//3472 1791//3472
f 1822//3473 1792//3473 1717//3473
f 1822//3474 1717//3474 1746//3474
f 1823//3475 1793//3475 1718//3475
f 1823//3476 1718//3476 1747//3476
f 1824//3477 1794//3477 1719//3477
f 1824//3478 1719//3478 1748//3478
f 1825//3479 1720//3479 1749//3479
f 1825//3480 1795//3480 1720//3480
f 1826//3481 1721//3481 1750//3481
f 1826//3482 1796//3482 1721//3482
f 1827//3483 1797//3483 1722//3483
f 1827//3484 1722//3484 1751//3484
f 1828//3485 1723//3485 1752//3485
f 1828//3486 1798//3486 1723//3486
f 1829//3487 1724//3487 1753//3487
f 1829//3488 1799//3488 1724//3488
f 1830//3489 1725//3489 1754//3489
f 1830//3490 1800//3490 1725//3490
f 1831//3491 1726//3491 1755//3491
f 1831//3492 1801//3492 1726//3492
f 1832//3493 1802//3493 1727//3493
f 1832//3494 1727//3494 1756//3494
f 1833//3495 1728//3495 1757//3495
f 1833//3496 1803//3496 1728//3496
f 1834//3497 1729//3497 1758//3497
f 1834//3498 1804//3498 1729//3498
f 1835//3499 1805//3499 1730//3499
f 1835//3500 1730//3500 1759//3500
f 1836//3501 1731//3501 1760//3501
f 1836//3502 1806//3502 1731//3502
f 1837//3503 1807//3503 1732//3503
f 1837//3504 1732//3504 1761//3504
f 1838//3505 1808//3505 1733//3505
f 1838//3506 1733//3506 1762//3506
f 1839//3507 1734//3507 1763//3507
f 1839//3508 1809//3508 1734//3508
f 1840//3509 1735//3509 1764//3509
f 1840//3510 1810//3510 1735//3510
f 1841//3511 1736//3511 1765//3511
f 1841//3512 1811//3512 1736//3512
f 1842//3513 1812//3513 1737//3513
f 1842//3514 1737//3514 1766//3514
f 1843//3515 1813//3515 1738//3515
f 1843//3516 1738//3516 1767//3516
f 1844//3517 1739//3517 1768//3517
f 1844//3518 1814//3518 1739//3518
f 1845//3519 1740//3519 1769//3519
f 1845//3520 1815//3520 1740//3520
f 1846//3521 1741//3521 1770//3521
f 1846//3522 1816//3522 1741//3522
f 1847//3523 1742//3523 1771//3523
f 1847//3524 1817//3524 1742//3524
f 1848//3525 1743//3525 1772//3525
f 1848//3526 1818//3526 1743//3526
f 1849//3527 1819//3527 1744//3527
f 1849//3528 1744//3528 1773//3528
f 1850//3529 1745//3529 1774//3529
f 1850//3530 1820//3530 1745//3530
f 1851//3531 1746//3531 1775//3531
f 1851//3532 1822//3532 1746//3532
f 1852//3533 1747//3533 1776//3533
f 1852//3534 1823//3534 1747//3534
f 1853//3535 1748//3535 1777//3535
f 1853//3536 1824//3536 1748//3536
f 1854//3537 1749//3537 1778//3537
f 1854//3538 1825//3538 1749//3538
f 1855//3539 1750//3539 1779//3539
f 1855//3540 1826//3540 1750//3540
f 1856//3541 1827//3541 1751//3541
f 1856//3542 1751//3542 1780//3542
f 1857//3543 1828//3543 1752//3543
f 1857//3544 1752//3544 1781//3544
f 1858//3545 1829//3545 1753//3545
f 1858//3546 1753//3546 1782//3546
f 1859//3547 1754//3547 1783//3547
f 1859//3548 1830//3548 1754//3548
f 1860//3549 1831//3549 1755//3549
f 1860//3550 1755//3550 1784//3550
f 1861//3551 1832//3551 1756//3551
f 1861//3552 1756//3552 1785//3552
f 1862//3553 1833//3553 1757//3553
f 1862//3554 1757//3554 1786//3554
f 1863//3555 1834//3555 1758//3555
f 1863//3556 1758//3556 1787//3556
f 1864//3557 1835//3557 1759//3557
f 1864//3558 1759//3558 1788//3558
f 1865//3559 1866//3559 1790//3559
f 1865//3560 1867//3560 1866//3560
f 1868//3561 1836//3561 1760//3561
f 1868//3562 1760//3562 1791//3562
f 1869//3563 1837//3563 1761//3563
f 1869//3564 1761//3564 1792//3564
f 1870//3565 1762//3565 1793//3565
f 1870//3566 1838//3566 1762//3566
f 1871//3567 1763//3567 1794//3567
f 1871//3568 1839//3568 1763//3568
f 1872//3569 1840//3569 1764//3569
f 1872//3570 1764//3570 1795//3570
f 1873//3571 1765//3571 1796//3571
f 1873//3572 1841//3572 1765//3572
f 1874//3573 1766//3573 1797//3573
f 1874//3574 1842//3574 1766//3574
f 1875//3575 1767//3575 1798//3575
f 1875//3576 1843//3576 1767//3576
f 1876//3577 1768//3577 1799//3577
f 1876//3578 1844//3578 1768//3578
f 1877//3579 1769//3579 1800//3579
f 1877//3580 1845//3580 1769//3580
f 1878//3581 1846//3581 1770//3581
f 1878//3582 1770//3582 1801//3582
f 1879//3583 1771//3583 1802//3583
f 1879//3584 1847//3584 1771//3584
f 1880//3585 1772//3585 1803//3585
f 1880//3586 1848//3586 1772//3586
f 1881//3587 1773//3587 1804//3587
f 1881//3588 1849//3588 1773//3588
f 1882//3589 1774//3589 1805//3589
f 1882//3590 1850//3590 1774//3590
f 1883//3591 1775//3591 1806//3591
f 1883//3592 1851//3592 1775//3592
f 1884//3593 1776//3593 1807//3593
f 1884//3594 1852//3594 1776//3594
f 1885//3595 1777//3595 1808//3595
f 1885//3596 1853//3596 1777//3596
f 1886//3597 1854//3597 1778//3597
f 1886//3598 1778//3598 1809//3598
f 1887//3599 1855//3599 1779//3599
f 1887//3600 1779//3600 1810//3600
f 1888//3601 1856//3601 1780//3601
f 1888//3602 1780//3602 1811//3602
f 1889//3603 1857//3603 1781//3603
f 1889//3604 1781//3604 1812//3604
f 1890//3605 1782//3605 1813//3605
f 1890//3606 1858//3606 1782//3606
f 1891//3607 1859//3607 1783//3607
f 1891//3608 1783//3608 1814//3608
f 1892//3609 1784//3609 1815//3609
f 1892//3610 1860//3610 1784//3610
f 1893//3611 1785//3611 1816//3611
f 1893//3612 1861//3612 1785//3612
f 1894//3613 1786//3613 1817//3613
f 1894//3614 1862//3614 1786//3614
f 1895//3615 1787//3615 1818//3615
f 1895//3616 1863//3616 1787//3616
f 1896//3617 1788//3617 1819//3617
f 1896//3618 1864//3618 1788//3618
f 1897//3619 1865//3619 1790//3619
f 1897//3620 1867//3620 1865//3620
f 1897//3621 1789//3621 1820//3621
f 1897//3622 1790//3622 1789//3622
f 1898//3623 109//3623 1868//3623
f 1898//3624 1868//3624 1791//3624
f 1898//3625 90//3625 109//3625
f 1898//3626 1791//3626 90//3626
f 1899//3627 1869//3627 1792//3627
f 1899//3628 1792//3628 1822//3628
f 1900//3629 1793//3629 1823//3629
f 1900//3630 1870//3630 1793//3630
f 1901//3631 1871//3631 1794//3631
f 1901//3632 1794//3632 1824//3632
f 1902//3633 1795//3633 1825//3633
f 1902//3634 1872//3634 1795//3634
f 1903//3635 1796//3635 1826//3635
f 1903//3636 1873//3636 1796//3636
f 1904//3637 1797//3637 1827//3637
f 1904//3638 1874//3638 1797//3638
f 1905//3639 1798//3639 1828//3639
f 1905//3640 1875//3640 1798//3640
f 1906//3641 1876//3641 1799//3641
f 1906//3642 1799//3642 1829//3642
f 1907//3643 1800//3643 1830//3643
f 1907//3644 1877//3644 1800//3644
f 1908//3645 1801//3645 1831//3645
f 1908//3646 1878//3646 1801//3646
f 1909//3647 1879//3647 1802//3647
f 1909//3648 1802//3648 1832//3648
f 1910//3649 1803//3649 1833//3649
f 1910//3650 1880//3650 1803//3650
f 1911//3651 1804//3651 1834//3651
f 1911//3652 1881//3652 1804//3652
f 1912//3653 1882//3653 1805//3653
f 1912//3654 1805//3654 1835//3654
f 1913//3655 1806//3655 1836//3655
f 1913//3656 1883//3656 1806//3656
f 1914//3657 1807//3657 1837//3657
f 1914//3658 1884//3658 1807//3658
f 1915//3659 1885//3659 1808//3659
f 1915//3660 1808//3660 1838//3660
f 1916//3661 1809//3661 1839//3661
f 1916//3662 1886//3662 1809//3662
f 1917//3663 1810//3663 1840//3663
f 1917//3664 1887//3664 1810//3664
f 1918//3665 1811//3665 1841//3665
f 1918//3666 1888//3666 1811//3666
f 1919//3667 1812//3667 1842//3667
f 1919//3668 1889//3668 1812//3668
f 1920//3669 1813//3669 1843//3669
f 1920//3670 1890//3670 1813//3670
f 1921//3671 1814//3671 1844//3671
f 1921//3672 1891//3672 1814//3672
f 1922//3673 1892//3673 1815//3673
f 1922//3674 1815//3674 1845//3674
f 1923//3675 1816//3675 1846//3675
f 1923//3676 1893//3676 1816//3676
f 1924//3677 1817//3677 1847//3677
f 1924//3678 1894//3678 1817//3678
f 1925//3679 1895//3679 1818//3679
f 1925//3680 1818//3680 1848//3680
f 1926//3681 1896//3681 1819//3681
f 1926//3682 1819//3682 1849//3682
f 1927//3683 1820//3683 1850//3683
f 1927//3684 1897//3684 1820//3684
f 1928//3685 1822//3685 1851//3685
f 1928//3686 1899//3686 1822//3686
f 1929//3687 1823//3687 1852//3687
f 1929//3688 1900//3688 1823//3688
f 1930//3689 1901//3689 1824//3689
f 1930//3690 1824//3690 1853//3690
f 1931//3691 1902//3691 1825//3691
f 1931//3692 1825//3692 1854//3692
f 1932//3693 1903//3693 1826//3693
f 1932//3694 1826//3694 1855//3694
f 1933//3695 1827//3695 1856//3695
f 1933//3696 1904//3696 1827//3696
f 1934//3697 1905//3697 1828//3697
f 1934//3698 1828//3698 1857//3698
f 1935//3699 1906//3699 1829//3699
f 1935//3700 1829//3700 1858//3700
f 1936//3701 1907//3701 1830//3701
f 1936//3702 1830//3702 1859//3702
f 1937//3703 1908//3703 1831//3703
f 1937//3704 1831//3704 1860//3704
f 1938//3705 1832//3705 1861//3705
f 1938//3706 1909//3706 1832//3706
f 1939//3707 1910//3707 1833//3707
f 1939//3708 1833//3708 1862//3708
f 1940//3709 1834//3709 1863//3709
f 1940//3710 1911//3710 1834//3710
f 1941//3711 1835//3711 1864//3711
f 1941//3712 1912//3712 1835//3712
f 1942//3713 1836//3713 1868//3713
f 1942//3714 1913//3714 1836//3714
f 1943//3715 1837//3715 1869//3715
f 1943//3716 1914//3716 1837//3716
f 1944//3717 1838//3717 1870//3717
f 1944//3718 1915//3718 1838//3718
f 1945//3719 1916//3719 1839//3719
f 1945//3720 1839//3720 1871//3720
f 1946//3721 1917//3721 1840//3721
f 1946//3722 1840//3722 1872//3722
f 1947//3723 1918//3723 1841//3723
f 1947//3724 1841//3724 1873//3724
f 1948//3725 1842//3725 1874//3725
f 1948//3726 1919//3726 1842//3726
f 1949//3727 1843//3727 1875//3727
f 1949//3728 1920//3728 1843//3728
f 1950//3729 1921//3729 1844//3729
f 1950//3730 1844//3730 1876//3730
f 1951//3731 1845//3731 1877//3731
f 1951//3732 1922//3732 1845//3732
f 1952//3733 1846//3733 1878//3733
f 1952//3734 1923//3734 1846//3734
f 1953//3735 1924//3735 1847//3735
f 1953//3736 1847//3736 1879//3736
f 1954//3737 1925//3737 1848//3737
f 1954//3738 1848//3738 1880//3738
f 1955//3739 1926//3739 1849//3739
f 1955//3740 1849//3740 1881//3740
f 1956//3741 1927//3741 1850//3741
f 1956//3742 1850//3742 1882//3742
f 1957//3743 1851//3743 1883//3743
f 1957//3744 1928//3744 1851//3744
f 1958//3745 1929//3745 1852//3745
f 1958//3746 1852//3746 1884//3746
f 1959//3747 1853//3747 1885//3747
f 1959//3748 1930//3748 1853//3748
f 1960//3749 1931//3749 1854//3749
f 1960//3750 1854//3750 1886//3750
f 1961//3751 1932//3751 1855//3751
f 1961//3752 1855//3752 1887//3752
f 1962//3753 1933//3753 1856//3753
f 1962//3754 1856//3754 1888//3754
f 1963//3755 1934//3755 1857//3755
f 1963//3756 1857//3756 1889//3756
f 1964//3757 1935//3757 1858//3757
f 1964//3758 1858//3758 1890//3758
f 1965//3759 1936//3759 1859//3759
f 1965//3760 1859//3760 1891//3760
f 1966//3761 1937//3761 1860//3761
f 1966//3762 1860//3762 1892//3762
f 1967//3763 1938//3763 1861//3763
f 1967//3764 1861//3764 1893//3764
f 1968//3765 1939//3765 1862//3765
f 1968//3766 1862//3766 1894//3766
f 1969//3767 1940//3767 1863//3767
f 1969//3768 1863//3768 1895//3768
f 1970//3769 1941//3769 1864//3769
f 1970//3770 1864//3770 1896//3770
f 1971//3771 1972//3771 1867//3771
f 1971//3772 1867//3772 1897//3772
f 1973//3773 1868//3773 109//3773
f 1973//3774 1942//3774 1868//3774
f 1974//3775 1943//3775 1869//3775
f 1974//3776 1869//3776 1899//3776
f 1975//3777 1944//3777 1870//3777
f 1975//3778 1870//3778 1900//3778
f 1976//3779 1945//3779 1871//3779
f 1976//3780 1871//3780 1901//3780
f 1977//3781 1872//3781 1902//3781
f 1977//3782 1946//3782 1872//3782
f 1978//3783 1873//3783 1903//3783
f 1978//3784 1947//3784 1873//3784
f 1979//3785 1948//3785 1874//3785
f 1979//3786 1874//3786 1904//3786
f 1980//3787 1949//3787 1875//3787
f 1980//3788 1875//3788 1905//3788
f 1981//3789 1876//3789 1906//3789
f 1981//3790 1950//3790 1876//3790
f 1982//3791 1877//3791 1907//3791
f 1982//3792 1951//3792 1877//3792
f 1983//3793 1878//3793 1908//3793
f 1983//3794 1952//3794 1878//3794
f 1984//3795 1953//3795 1879//3795
f 1984//3796 1879//3796 1909//3796
f 1985//3797 1954//3797 1880//3797
f 1985//3798 1880//3798 1910//3798
f 1986//3799 1881//3799 1911//3799
f 1986//3800 1955//3800 1881//3800
f 1987//3801 1956//3801 1882//3801
f 1987//3802 1882//3802 1912//3802
f 1988//3803 1957//3803 1883//3803
f 1988//3804 1883//3804 1913//3804
f 1989//3805 1884//3805 1914//3805
f 1989//3806 1958//3806 1884//3806
f 1990//3807 1959//3807 1885//3807
f 1990//3808 1885//3808 1915//3808
f 1991//3809 1886//3809 1916//3809
f 1991//3810 1960//3810 1886//3810
f 1992//3811 1887//3811 1917//3811
f 1992//3812 1961//3812 1887//3812
f 1993//3813 1888//3813 1918//3813
f 1993//3814 1962//3814 1888//3814
f 1994//3815 1889//3815 1919//3815
f 1994//3816 1963//3816 1889//3816
f 1995//3817 1964//3817 1890//3817
f 1995//3818 1890//3818 1920//3818
f 1996//3819 1965//3819 1891//3819
f 1996//3820 1891//3820 1921//3820
f 1997//3821 1966//3821 1892//3821
f 1997//3822 1892//3822 1922//3822
f 1998//3823 1893//3823 1923//3823
f 1998//3824 1967//3824 1893//3824
f 1999//3825 1968//3825 1894//3825
f 1999//3826 1894//3826 1924//3826
f 2000//3827 1895//3827 1925//3827
f 2000//3828 1969//3828 1895//3828
f 2001//3829 1970//3829 1896//3829
f 2001//3830 1896//3830 1926//3830
f 2002//3831 1971//3831 1897//3831
f 2002//3832 1972//3832 1971//3832
f 2002//3833 1897//3833 1927//3833
f 2003//3834 126//3834 1973//3834
f 2003//3835 1973//3835 109//3835
f 2003//3836 109//3836 126//3836
f 2004//3837 1974//3837 1899//3837
f 2004//3838 1899//3838 1928//3838
f 2005//3839 1975//3839 1900//3839
f 2005//3840 1900//3840 1929//3840
f 2006//3841 1976//3841 1901//3841
f 2006//3842 1901//3842 1930//3842
f 2007//3843 1977//3843 1902//3843
f 2007//3844 1902//3844 1931//3844
f 2008//3845 1903//3845 1932//3845
f 2008//3846 1978//3846 1903//3846
f 2009//3847 1904//3847 1933//3847
f 2009//3848 1979//3848 1904//3848
f 2010//3849 1980//3849 1905//3849
f 2010//3850 1905//3850 1934//3850
f 2011//3851 1906//3851 1935//3851
f 2011//3852 1981//3852 1906//3852
f 2012//3853 1907//3853 1936//3853
f 2012//3854 1982//3854 1907//3854
f 2013//3855 1908//3855 1937//3855
f 2013//3856 1983//3856 1908//3856
f 2014//3857 1909//3857 1938//3857
f 2014//3858 1984//3858 1909//3858
f 2015//3859 1985//3859 1910//3859
f 2015//3860 1910//3860 1939//3860
f 2016//3861 1911//3861 1940//3861
f 2016//3862 1986//3862 1911//3862
f 2017//3863 1912//3863 1941//3863
f 2017//3864 1987//3864 1912//3864
f 2018//3865 1913//3865 1942//3865
f 2018//3866 1988//3866 1913//3866
f 2019//3867 1989//3867 1914//3867
f 2019//3868 1914//3868 1943//3868
f 2020//3869 1915//3869 1944//3869
f 2020//3870 1990//3870 1915//3870
f 2021//3871 1916//3871 1945//3871
f 2021//3872 1991//3872 1916//3872
f 2022//3873 1992//3873 1917//3873
f 2022//3874 1917//3874 1946//3874
f 2023//3875 1993//3875 1918//3875
f 2023//3876 1918//3876 1947//3876
f 2024//3877 1919//3877 1948//3877
f 2024//3878 1994//3878 1919//3878
f 2025//3879 1920//3879 1949//3879
f 2025//3880 1995//3880 1920//3880
f 2026//3881 1921//3881 1950//3881
f 2026//3882 1996//3882 1921//3882
f 2027//3883 1922//3883 1951//3883
f 2027//3884 1997//3884 1922//3884
f 2028//3885 1923//3885 1952//3885
f 2028//3886 1998//3886 1923//3886
f 2029//3887 1924//3887 1953//3887
f 2029//3888 1999//3888 1924//3888
f 2030//3889 1925//3889 1954//3889
f 2030//3890 2000//3890 1925//3890
f 2031//3891 2001//3891 1926//3891
f 2031//3892 1926//3892 1955//3892
f 2032//3893 2002//3893 1927//3893
f 2032//3894 1927//3894 1956//3894
f 2033//3895 2004//3895 1928//3895
f 2033//3896 1928//3896 1957//3896
f 2034//3897 1929//3897 1958//3897
f 2034//3898 2005//3898 1929//3898
f 2035//3899 1930//3899 1959//3899
f 2035//3900 2006//3900 1930//3900
f 2036//3901 2007//3901 1931//3901
f 2036//3902 1931//3902 1960//3902
f 2037//3903 2008//3903 1932//3903
f 2037//3904 1932//3904 1961//3904
f 2038//3905 2009//3905 1933//3905
f 2038//3906 1933//3906 1962//3906
f 2039//3907 1934//3907 1963//3907
f 2039//3908 2010//3908 1934//3908
f 2040//3909 1935//3909 1964//3909
f 2040//3910 2011//3910 1935//3910
f 2041//3911 1936//3911 1965//3911
f 2041//3912 2012//3912 1936//3912
f 2042//3913 2013//3913 1937//3913
f 2042//3914 1937//3914 1966//3914
f 2043//3915 2014//3915 1938//3915
f 2043//3916 1938//3916 1967//3916
f 2044//3917 2015//3917 1939//3917
f 2044//3918 1939//3918 1968//3918
f 2045//3919 1940//3919 1969//3919
f 2045//3920 2016//3920 1940//3920
f 2046//3921 2017//3921 1941//3921
f 2046//3922 1941//3922 1970//3922
f 2047//3923 2048//3923 1972//3923
f 2049//3924 1942//3924 1973//3924
f 2049//3925 2018//3925 1942//3925
f 2050//3926 1943//3926 1974//3926
f 2050//3927 2019//3927 1943//3927
f 2051//3928 2020//3928 1944//3928
f 2051//3929 1944//3929 1975//3929
f 2052//3930 1945//3930 1976//3930
f 2052//3931 2021//3931 1945//3931
f 2053//3932 2022//3932 1946//3932
f 2053//3933 1946//3933 1977//3933
f 2054//3934 2023//3934 1947//3934
f 2054//3935 1947//3935 1978//3935
f 2055//3936 2024//3936 1948//3936
f 2055//3937 1948//3937 1979//3937
f 2056//3938 1949//3938 1980//3938
f 2056//3939 2025//3939 1949//3939
f 2057//3940 1950//3940 1981//3940
f 2057//3941 2026//3941 1950//3941
f 2058//3942 1951//3942 1982//3942
f 2058//3943 2027//3943 1951//3943
f 2059//3944 2028//3944 1952//3944
f 2059//3945 1952//3945 1983//3945
f 2060//3946 1953//3946 1984//3946
f 2060//3947 2029//3947 1953//3947
f 2061//3948 1954//3948 1985//3948
f 2061//3949 2030//3949 1954//3949
f 2062//3950 2031//3950 1955//3950
f 2062//3951 1955//3951 1986//3951
f 2063//3952 1956//3952 1987//3952
f 2063//3953 2032//3953 1956//3953
f 2064//3954 1957//3954 1988//3954
f 2064//3955 2033//3955 1957//3955
f 2065//3956 2034//3956 1958//3956
f 2065//3957 1958//3957 1989//3957
f 2066//3958 1959//3958 1990//3958
f 2066//3959 2035//3959 1959//3959
f 2067//3960 1960//3960 1991//3960
f 2067//3961 2036//3961 1960//3961
f 2068//3962 2037//3962 1961//3962
f 2068//3963 1961//3963 1992//3963
f 2069//3964 2038//3964 1962//3964
f 2069//3965 1962//3965 1993//3965
f 2070//3966 2039//3966 1963//3966
f 2070//3967 1963//3967 1994//3967
f 2071//3968 2040//3968 1964//3968
f 2071//3969 1964//3969 1995//3969
f 2072//3970 2041//3970 1965//3970
f 2072//3971 1965//3971 1996//3971
f 2073//3972 2042//3972 1966//3972
f 2073//3973 1966//3973 1997//3973
f 2074//3974 1967//3974 1998//3974
f 2074//3975 2043//3975 1967//3975
f 2075//3976 1968//3976 1999//3976
f 2075//3977 2044//3977 1968//3977
f 2076//3978 1969//3978 2000//3978
f 2076//3979 2045//3979 1969//3979
f 2077//3980 2046//3980 1970//3980
f 2077//3981 1970//3981 2001//3981
f 2078//3982 2048//3982 2047//3982
f 2078//3983 2047//3983 1972//3983
f 2078//3984 1972//3984 2002//3984
f 2079//3985 1973//3985 126//3985
f 2079//3986 153//3986 2049//3986
f 2079//3987 2049//3987 1973//3987
f 2079//3988 126//3988 152//3988
f 2079//3989 152//3989 153//3989
f 2080//3990 1974//3990 2004//3990
f 2080//3991 2050//3991 1974//3991
f 2081//3992 2051//3992 1975//3992
f 2081//3993 1975//3993 2005//3993
f 2082//3994 2052//3994 1976//3994
f 2082//3995 1976//3995 2006//3995
f 2083//3996 1977//3996 2007//3996
f 2083//3997 2053//3997 1977//3997
f 2084//3998 2054//3998 1978//3998
f 2084//3999 1978//3999 2008//3999
f 2085//4000 2055//4000 1979//4000
f 2085//4001 1979//4001 2009//4001
f 2086//4002 1980//4002 2010//4002
f 2086//4003 2056//4003 1980//4003
f 2087//4004 1981//4004 2011//4004
f 2087//4005 2057//4005 1981//4005
f 2088//4006 1982//4006 2012//4006
f 2088//4007 2058//4007 1982//4007
f 2089//4008 2059//4008 1983//4008
f 2089//4009 1983//4009 2013//4009
f 2090//4010 2060//4010 1984//4010
f 2090//4011 1984//4011 2014//4011
f 2091//4012 1985//4012 2015//4012
f 2091//4013 2061//4013 1985//4013
f 2092//4014 2062//4014 1986//4014
f 2092//4015 1986//4015 2016//4015
f 2093//4016 1987//4016 2017//4016
f 2093//4017 2063//4017 1987//4017
f 2094//4018 1988//4018 2018//4018
f 2094//4019 2064//4019 1988//4019
f 2095//4020 1989//4020 2019//4020
f 2095//4021 2065//4021 1989//4021
f 2096//4022 2066//4022 1990//4022
f 2096//4023 1990//4023 2020//4023
f 2097//4024 2067//4024 1991//4024
f 2097//4025 1991//4025 2021//4025
f 2098//4026 1992//4026 2022//4026
f 2098//4027 2068//4027 1992//4027
f 2099//4028 2069//4028 1993//4028
f 2099//4029 1993//4029 2023//4029
f 2100//4030 1994//4030 2024//4030
f 2100//4031 2070//4031 1994//4031
f 2101//4032 2071//4032 1995//4032
f 2101//4033 1995//4033 2025//4033
f 2102//4034 2072//4034 1996//4034
f 2102//4035 1996//4035 2026//4035
f 2103//4036 2073//4036 1997//4036
f 2103//4037 1997//4037 2027//4037
f 2104//4038 2074//4038 1998//4038
f 2104//4039 1998//4039 2028//4039
f 2105//4040 1999//4040 2029//4040
f 2105//4041 2075//4041 1999//4041
f 2106//4042 2076//4042 2000//4042
f 2106//4043 2000//4043 2030//4043
f 2107//4044 2077//4044 2001//4044
f 2107//4045 2001//4045 2031//4045
f 2108//4046 2078//4046 2002//4046
f 2108//4047 2002//4047 2032//4047
f 2109//4048 2004//4048 2033//4048
f 2109//4049 2080//4049 2004//4049
f 2110//4050 2005//4050 2034//4050
f 2110//4051 2081//4051 2005//4051
f 2111//4052 2082//4052 2006//4052
f 2111//4053 2006//4053 2035//4053
f 2112//4054 2083//4054 2007//4054
f 2112//4055 2007//4055 2036//4055
f 2113//4056 2084//4056 2008//4056
f 2113//4057 2008//4057 2037//4057
f 2114//4058 2085//4058 2009//4058
f 2114//4059 2009//4059 2038//4059
f 2115//4060 2010//4060 2039//4060
f 2115//4061 2086//4061 2010//4061
f 2116//4062 2011//4062 2040//4062
f 2116//4063 2087//4063 2011//4063
f 2117//4064 2012//4064 2041//4064
f 2117//4065 2088//4065 2012//4065
f 2118//4066 2089//4066 2013//4066
f 2118//4067 2013//4067 2042//4067
f 2119//4068 2090//4068 2014//4068
f 2119//4069 2014//4069 2043//4069
f 2120//4070 2091//4070 2015//4070
f 2120//4071 2015//4071 2044//4071
f 2121//4072 2016//4072 2045//4072
f 2121//4073 2092//4073 2016//4073
f 2122//4074 2093//4074 2017//4074
f 2122//4075 2017//4075 2046//4075
f 2123//4076 2094//4076 2018//4076
f 2123//4077 2018//4077 2049//4077
f 2124//4078 2095//4078 2019//4078
f 2124//4079 2019//4079 2050//4079
f 2125//4080 2020//4080 2051//4080
f 2125//4081 2096//4081 2020//4081
f 2126//4082 2021//4082 2052//4082
f 2126//4083 2097//4083 2021//4083
f 2127//4084 2022//4084 2053//4084
f 2127//4085 2098//4085 2022//4085
f 2128//4086 2023//4086 2054//4086
f 2128//4087 2099//4087 2023//4087
f 2129//4088 2024//4088 2055//4088
f 2129//4089 2100//4089 2024//4089
f 2130//4090 2025//4090 2056//4090
f 2130//4091 2101//4091 2025//4091
f 2131//4092 2026//4092 2057//4092
f 2131//4093 2102//4093 2026//4093
f 2132//4094 2027//4094 2058//4094
f 2132//4095 2103//4095 2027//4095
f 2133//4096 2104//4096 2028//4096
f 2133//4097 2028//4097 2059//4097
f 2134//4098 2105//4098 2029//4098
f 2134//4099 2029//4099 2060//4099
f 2135//4100 2106//4100 2030//4100
f 2135//4101 2030//4101 2061//4101
f 2136//4102 2031//4102 2062//4102
f 2136//4103 2107//4103 2031//4103
f 2137//4104 2032//4104 2063//4104
f 2137//4105 2108//4105 2032//4105
f 2138//4106 2109//4106 2033//4106
f 2138//4107 2033//4107 2064//4107
f 2139//4108 2110//4108 2034//4108
f 2139//4109 2034//4109 2065//4109
f 2140//4110 2035//4110 2066//4110
f 2140//4111 2111//4111 2035//4111
f 2141//4112 2036//4112 2067//4112
f 2141//4113 2112//4113 2036//4113
f 2142//4114 2037//4114 2068//4114
f 2142//4115 2113//4115 2037//4115
f 2143//4116 2114//4116 2038//4116
f 2143//4117 2038//4117 2069//4117
f 2144//4118 2039//4118 2070//4118
f 2144//4119 2115//4119 2039//4119
f 2145//4120 2040//4120 2071//4120
f 2145//4121 2116//4121 2040//4121
f 2146//4122 2117//4122 2041//4122
f 2146//4123 2041//4123 2072//4123
f 2147//4124 2042//4124 2073//4124
f 2147//4125 2118//4125 2042//4125
f 2148//4126 2043//4126 2074//4126
f 2148//4127 2119//4127 2043//4127
f 2149//4128 2044//4128 2075//4128
f 2149//4129 2120//4129 2044//4129
f 2150//4130 2045//4130 2076//4130
f 2150//4131 2121//4131 2045//4131
f 2151//4132 2046//4132 2077//4132
f 2151//4133 2122//4133 2046//4133
f 2152//4134 2153//4134 2048//4134
f 2152//4135 2154//4135 2153//4135
f 2152//4136 2048//4136 2078//4136
f 2155//4137 2049//4137 153//4137
f 2155//4138 2123//4138 2049//4138
f 2156//4139 2124//4139 2050//4139
f 2156//4140 2050//4140 2080//4140
f 2157//4141 2051//4141 2081//4141
f 2157//4142 2125//4142 2051//4142
f 2158//4143 2052//4143 2082//4143
f 2158//4144 2126//4144 2052//4144
f 2159//4145 2127//4145 2053//4145
f 2159//4146 2053//4146 2083//4146
f 2160//4147 2128//4147 2054//4147
f 2160//4148 2054//4148 2084//4148
f 2161//4149 2055//4149 2085//4149
f 2161//4150 2129//4150 2055//4150
f 2162//4151 2056//4151 2086//4151
f 2162//4152 2130//4152 2056//4152
f 2163//4153 2057//4153 2087//4153
f 2163//4154 2131//4154 2057//4154
f 2164//4155 2058//4155 2088//4155
f 2164//4156 2132//4156 2058//4156
f 2165//4157 2059//4157 2089//4157
f 2165//4158 2133//4158 2059//4158
f 2166//4159 2060//4159 2090//4159
f 2166//4160 2134//4160 2060//4160
f 2167//4161 2061//4161 2091//4161
f 2167//4162 2135//4162 2061//4162
f 2168//4163 2062//4163 2092//4163
f 2168//4164 2136//4164 2062//4164
f 2169//4165 2137//4165 2063//4165
f 2169//4166 2063//4166 2093//4166
f 2170//4167 2138//4167 2064//4167
f 2170//4168 2064//4168 2094//4168
f 2171//4169 2139//4169 2065//4169
f 2171//4170 2065//4170 2095//4170
f 2172//4171 2140//4171 2066//4171
f 2172//4172 2066//4172 2096//4172
f 2173//4173 2141//4173 2067//4173
f 2173//4174 2067//4174 2097//4174
f 2174//4175 2068//4175 2098//4175
f 2174//4176 2142//4176 2068//4176
f 2175//4177 2069//4177 2099//4177
f 2175//4178 2143//4178 2069//4178
f 2176//4179 2144//4179 2070//4179
f 2176//4180 2070//4180 2100//4180
f 2177//4181 2145//4181 2071//4181
f 2177//4182 2071//4182 2101//4182
f 2178//4183 2146//4183 2072//4183
f 2178//4184 2072//4184 2102//4184
f 2179//4185 2147//4185 2073//4185
f 2179//4186 2073//4186 2103//4186
f 2180//4187 2074//4187 2104//4187
f 2180//4188 2148//4188 2074//4188
f 2181//4189 2075//4189 2105//4189
f 2181//4190 2149//4190 2075//4190
f 2182//4191 2076//4191 2106//4191
f 2182//4192 2150//4192 2076//4192
f 2183//4193 2077//4193 2107//4193
f 2183//4194 2151//4194 2077//4194
f 2184//4195 2078//4195 2108//4195
f 2184//4196 2152//4196 2078//4196
f 2184//4197 2154//4197 2152//4197
f 2185//4198 175//4198 2155//4198
f 2185//4199 2155//4199 153//4199
f 2185//4200 153//4200 175//4200
f 2186//4201 2080//4201 2109//4201
f 2186//4202 2156//4202 2080//4202
f 2187//4203 2081//4203 2110//4203
f 2187//4204 2157//4204 2081//4204
f 2188//4205 2158//4205 2082//4205
f 2188//4206 2082//4206 2111//4206
f 2189//4207 2159//4207 2083//4207
f 2189//4208 2083//4208 2112//4208
f 2190//4209 2084//4209 2113//4209
f 2190//4210 2160//4210 2084//4210
f 2191//4211 2085//4211 2114//4211
f 2191//4212 2161//4212 2085//4212
f 2192//4213 2162//4213 2086//4213
f 2192//4214 2086//4214 2115//4214
f 2193//4215 2163//4215 2087//4215
f 2193//4216 2087//4216 2116//4216
f 2194//4217 2164//4217 2088//4217
f 2194//4218 2088//4218 2117//4218
f 2195//4219 2089//4219 2118//4219
f 2195//4220 2165//4220 2089//4220
f 2196//4221 2090//4221 2119//4221
f 2196//4222 2166//4222 2090//4222
f 2197//4223 2091//4223 2120//4223
f 2197//4224 2167//4224 2091//4224
f 2198//4225 2168//4225 2092//4225
f 2198//4226 2092//4226 2121//4226
f 2199//4227 2093//4227 2122//4227
f 2199//4228 2169//4228 2093//4228
f 2200//4229 2094//4229 2123//4229
f 2200//4230 2170//4230 2094//4230
f 2201//4231 2171//4231 2095//4231
f 2201//4232 2095//4232 2124//4232
f 2202//4233 2096//4233 2125//4233
f 2202//4234 2172//4234 2096//4234
f 2203//4235 2097//4235 2126//4235
f 2203//4236 2173//4236 2097//4236
f 2204//4237 2174//4237 2098//4237
f 2204//4238 2098//4238 2127//4238
f 2205//4239 2175//4239 2099//4239
f 2205//4240 2099//4240 2128//4240
f 2206//4241 2176//4241 2100//4241
f 2206//4242 2100//4242 2129//4242
f 2207//4243 2177//4243 2101//4243
f 2207//4244 2101//4244 2130//4244
f 2208//4245 2178//4245 2102//4245
f 2208//4246 2102//4246 2131//4246
f 2209//4247 2103//4247 2132//4247
f 2209//4248 2179//4248 2103//4248
f 2210//4249 2180//4249 2104//4249
f 2210//4250 2104//4250 2133//4250
f 2211//4251 2105//4251 2134//4251
f 2211//4252 2181//4252 2105//4252
f 2212//4253 2106//4253 2135//4253
f 2212//4254 2182//4254 2106//4254
f 2213//4255 2183//4255 2107//4255
f 2213//4256 2107//4256 2136//4256
f 2214//4257 2108//4257 2137//4257
f 2214//4258 2184//4258 2108//4258
f 2215//4259 2109//4259 2138//4259
f 2215//4260 2186//4260 2109//4260
f 2216//4261 2187//4261 2110//4261
f 2216//4262 2110//4262 2139//4262
f 2217//4263 2111//4263 2140//4263
f 2217//4264 2188//4264 2111//4264
f 2218//4265 2112//4265 2141//4265
f 2218//4266 2189//4266 2112//4266
f 2219//4267 2190//4267 2113//4267
f 2219//4268 2113//4268 2142//4268
f 2220//4269 2191//4269 2114//4269
f 2220//4270 2114//4270 2143//4270
f 2221//4271 2115//4271 2144//4271
f 2221//4272 2192//4272 2115//4272
f 2222//4273 2116//4273 2145//4273
f 2222//4274 2193//4274 2116//4274
f 2223//4275 2117//4275 2146//4275
f 2223//4276 2194//4276 2117//4276
f 2224//4277 2118//4277 2147//4277
f 2224//4278 2195//4278 2118//4278
f 2225//4279 2119//4279 2148//4279
f 2225//4280 2196//4280 2119//4280
f 2226//4281 2120//4281 2149//4281
f 2226//4282 2197//4282 2120//4282
f 2227//4283 2198//4283 2121//4283
f 2227//4284 2121//4284 2150//4284
f 2228//4285 2199//4285 2122//4285
f 2228//4286 2122//4286 2151//4286
f 2229//4287 2230//4287 2154//4287
f 2231//4288 2200//4288 2123//4288
f 2231//4289 2123//4289 2155//4289
f 2232//4290 2124//4290 2156//4290
f 2232//4291 2201//4291 2124//4291
f 2233//4292 2125//4292 2157//4292
f 2233//4293 2202//4293 2125//4293
f 2234//4294 2203//4294 2126//4294
f 2234//4295 2126//4295 2158//4295
f 2235//4296 2204//4296 2127//4296
f 2235//4297 2127//4297 2159//4297
f 2236//4298 2205//4298 2128//4298
f 2236//4299 2128//4299 2160//4299
f 2237//4300 2129//4300 2161//4300
f 2237//4301 2206//4301 2129//4301
f 2238//4302 2207//4302 2130//4302
f 2238//4303 2130//4303 2162//4303
f 2239//4304 2208//4304 2131//4304
f 2239//4305 2131//4305 2163//4305
f 2240//4306 2209//4306 2132//4306
f 2240//4307 2132//4307 2164//4307
f 2241//4308 2210//4308 2133//4308
f 2241//4309 2133//4309 2165//4309
f 2242//4310 2211//4310 2134//4310
f 2242//4311 2134//4311 2166//4311
f 2243//4312 2135//4312 2167//4312
f 2243//4313 2212//4313 2135//4313
f 2244//4314 2213//4314 2136//4314
f 2244//4315 2136//4315 2168//4315
f 2245//4316 2214//4316 2137//4316
f 2245//4317 2137//4317 2169//4317
f 2246//4318 2138//4318 2170//4318
f 2246//4319 2215//4319 2138//4319
f 2247//4320 2216//4320 2139//4320
f 2247//4321 2139//4321 2171//4321
f 2248//4322 2140//4322 2172//4322
f 2248//4323 2217//4323 2140//4323
f 2249//4324 2218//4324 2141//4324
f 2249//4325 2141//4325 2173//4325
f 2250//4326 2142//4326 2174//4326
f 2250//4327 2219//4327 2142//4327
f 2251//4328 2143//4328 2175//4328
f 2251//4329 2220//4329 2143//4329
f 2252//4330 2144//4330 2176//4330
f 2252//4331 2221//4331 2144//4331
f 2253//4332 2222//4332 2145//4332
f 2253//4333 2145//4333 2177//4333
f 2254//4334 2223//4334 2146//4334
f 2254//4335 2146//4335 2178//4335
f 2255//4336 2147//4336 2179//4336
f 2255//4337 2224//4337 2147//4337
f 2256//4338 2148//4338 2180//4338
f 2256//4339 2225//4339 2148//4339
f 2257//4340 2149//4340 2181//4340
f 2257//4341 2226//4341 2149//4341
f 2258//4342 2227//4342 2150//4342
f 2258//4343 2150//4343 2182//4343
f 2259//4344 2228//4344 2151//4344
f 2259//4345 2151//4345 2183//4345
f 2260//4346 2154//4346 2184//4346
f 2260//4347 2230//4347 2229//4347
f 2260//4348 2229//4348 2154//4348
f 2261//4349 2155//4349 175//4349
f 2261//4350 175//4350 208//4350
f 2261//4351 208//4351 209//4351
f 2261//4352 2231//4352 2155//4352
f 2262//4353 2156//4353 2186//4353
f 2262//4354 2232//4354 2156//4354
f 2263//4355 2233//4355 2157//4355
f 2263//4356 2157//4356 2187//4356
f 2264//4357 2158//4357 2188//4357
f 2264//4358 2234//4358 2158//4358
f 2265//4359 2159//4359 2189//4359
f 2265//4360 2235//4360 2159//4360
f 2266//4361 2160//4361 2190//4361
f 2266//4362 2236//4362 2160//4362
f 2267//4363 2161//4363 2191//4363
f 2267//4364 2237//4364 2161//4364
f 2268//4365 2162//4365 2192//4365
f 2268//4366 2238//4366 2162//4366
f 2269//4367 2239//4367 2163//4367
f 2269//4368 2163//4368 2193//4368
f 2270//4369 2164//4369 2194//4369
f 2270//4370 2240//4370 2164//4370
f 2271//4371 2165//4371 2195//4371
f 2271//4372 2241//4372 2165//4372
f 2272//4373 2242//4373 2166//4373
f 2272//4374 2166//4374 2196//4374
f 2273//4375 2243//4375 2167//4375
f 2273//4376 2167//4376 2197//4376
f 2274//4377 2168//4377 2198//4377
f 2274//4378 2244//4378 2168//4378
f 2275//4379 2245//4379 2169//4379
f 2275//4380 2169//4380 2199//4380
f 2276//4381 2246//4381 2170//4381
f 2276//4382 2170//4382 2200//4382
f 2277//4383 2247//4383 2171//4383
f 2277//4384 2171//4384 2201//4384
f 2278//4385 2172//4385 2202//4385
f 2278//4386 2248//4386 2172//4386
f 2279//4387 2249//4387 2173//4387
f 2279//4388 2173//4388 2203//4388
f 2280//4389 2250//4389 2174//4389
f 2280//4390 2174//4390 2204//4390
f 2281//4391 2175//4391 2205//4391
f 2281//4392 2251//4392 2175//4392
f 2282//4393 2252//4393 2176//4393
f 2282//4394 2176//4394 2206//4394
f 2283//4395 2177//4395 2207//4395
f 2283//4396 2253//4396 2177//4396
f 2284//4397 2254//4397 2178//4397
f 2284//4398 2178//4398 2208//4398
f 2285//4399 2179//4399 2209//4399
f 2285//4400 2255//4400 2179//4400
f 2286//4401 2256//4401 2180//4401
f 2286//4402 2180//4402 2210//4402
f 2287//4403 2257//4403 2181//4403
f 2287//4404 2181//4404 2211//4404
f 2288//4405 2258//4405 2182//4405
f 2288//4406 2182//4406 2212//4406
f 2289//4407 2259//4407 2183//4407
f 2289//4408 2183//4408 2213//4408
f 2290//4409 2184//4409 2214//4409
f 2290//4410 2260//4410 2184//4410
f 2291//4411 2186//4411 2215//4411
f 2291//4412 2262//4412 2186//4412
f 2292//4413 2187//4413 2216//4413
f 2292//4414 2263//4414 2187//4414
f 2293//4415 2188//4415 2217//4415
f 2293//4416 2264//4416 2188//4416
f 2294//4417 2189//4417 2218//4417
f 2294//4418 2265//4418 2189//4418
f 2295//4419 2190//4419 2219//4419
f 2295//4420 2266//4420 2190//4420
f 2296//4421 2191//4421 2220//4421
f 2296//4422 2267//4422 2191//4422
f 2297//4423 2192//4423 2221//4423
f 2297//4424 2268//4424 2192//4424
f 2298//4425 2193//4425 2222//4425
f 2298//4426 2269//4426 2193//4426
f 2299//4427 2194//4427 2223//4427
f 2299//4428 2270//4428 2194//4428
f 2300//4429 2195//4429 2224//4429
f 2300//4430 2271//4430 2195//4430
f 2301//4431 2196//4431 2225//4431
f 2301//4432 2272//4432 2196//4432
f 2302//4433 2197//4433 2226//4433
f 2302//4434 2273//4434 2197//4434
f 2303//4435 2198//4435 2227//4435
f 2303//4436 2274//4436 2198//4436
f 2304//4437 2275//4437 2199//4437
f 2304//4438 2199//4438 2228//4438
f 2305//4439 2276//4439 2200//4439
f 2305//4440 2200//4440 2231//4440
f 2306//4441 2277//4441 2201//4441
f 2306//4442 2201//4442 2232//4442
f 2307//4443 2278//4443 2202//4443
f 2307//4444 2202//4444 2233//4444
f 2308//4445 2279//4445 2203//4445
f 2308//4446 2203//4446 2234//4446
f 2309//4447 2204//4447 2235//4447
f 2309//4448 2280//4448 2204//4448
f 2310//4449 2205//4449 2236//4449
f 2310//4450 2281//4450 2205//4450
f 2311//4451 2282//4451 2206//4451
f 2311//4452 2206//4452 2237//4452
f 2312//4453 2207//4453 2238//4453
f 2312//4454 2283//4454 2207//4454
f 2313//4455 2284//4455 2208//4455
f 2313//4456 2208//4456 2239//4456
f 2314//4457 2285//4457 2209//4457
f 2314//4458 2209//4458 2240//4458
f 2315//4459 2210//4459 2241//4459
f 2315//4460 2286//4460 2210//4460
f 2316//4461 2211//4461 2242//4461
f 2316//4462 2287//4462 2211//4462
f 2317//4463 2212//4463 2243//4463
f 2317//4464 2288//4464 2212//4464
f 2318//4465 2289//4465 2213//4465
f 2318//4466 2213//4466 2244//4466
f 2319//4467 2290//4467 2214//4467
f 2319//4468 2214//4468 2245//4468
f 2320//4469 2291//4469 2215//4469
f 2320//4470 2215//4470 2246//4470
f 2321//4471 2292//4471 2216//4471
f 2321//4472 2216//4472 2247//4472
f 2322//4473 2293//4473 2217//4473
f 2322//4474 2217//4474 2248//4474
f 2323//4475 2218//4475 2249//4475
f 2323//4476 2294//4476 2218//4476
f 2324//4477 2219//4477 2250//4477
f 2324//4478 2295//4478 2219//4478
f 2325//4479 2220//4479 2251//4479
f 2325//4480 2296//4480 2220//4480
f 2326//4481 2221//4481 2252//4481
f 2326//4482 2297//4482 2221//4482
f 2327//4483 2222//4483 2253//4483
f 2327//4484 2298//4484 2222//4484
f 2328//4485 2223//4485 2254//4485
f 2328//4486 2299//4486 2223//4486
f 2329//4487 2300//4487 2224//4487
f 2329//4488 2224//4488 2255//4488
f 2330//4489 2225//4489 2256//4489
f 2330//4490 2301//4490 2225//4490
f 2331//4491 2302//4491 2226//4491
f 2331//4492 2226//4492 2257//4492
f 2332//4493 2227//4493 2258//4493
f 2332//4494 2303//4494 2227//4494
f 2333//4495 2304//4495 2228//4495
f 2333//4496 2228//4496 2259//4496
f 2334//4497 2230//4497 2260//4497
f 2334//4498 2335//4498 2230//4498
f 2334//4499 2336//4499 2335//4499
f 2337//4500 2261//4500 209//4500
f 2337//4501 2231//4501 2261//4501
f 2337//4502 2305//4502 2231//4502
f 2338//4503 2306//4503 2232//4503
f 2338//4504 2232//4504 2262//4504
f 2339//4505 2233//4505 2263//4505
f 2339//4506 2307//4506 2233//4506
f 2340//4507 2234//4507 2264//4507
f 2340//4508 2308//4508 2234//4508
f 2341//4509 2309//4509 2235//4509
f 2341//4510 2235//4510 2265//4510
f 2342//4511 2236//4511 2266//4511
f 2342//4512 2310//4512 2236//4512
f 2343//4513 2311//4513 2237//4513
f 2343//4514 2237//4514 2267//4514
f 2344//4515 2312//4515 2238//4515
f 2344//4516 2238//4516 2268//4516
f 2345//4517 2239//4517 2269//4517
f 2345//4518 2313//4518 2239//4518
f 2346//4519 2314//4519 2240//4519
f 2346//4520 2240//4520 2270//4520
f 2347//4521 2315//4521 2241//4521
f 2347//4522 2241//4522 2271//4522
f 2348//4523 2316//4523 2242//4523
f 2348//4524 2242//4524 2272//4524
f 2349//4525 2243//4525 2273//4525
f 2349//4526 2317//4526 2243//4526
f 2350//4527 2318//4527 2244//4527
f 2350//4528 2244//4528 2274//4528
f 2351//4529 2245//4529 2275//4529
f 2351//4530 2319//4530 2245//4530
f 2352//4531 2246//4531 2276//4531
f 2352//4532 2320//4532 2246//4532
f 2353//4533 2321//4533 2247//4533
f 2353//4534 2247//4534 2277//4534
f 2354//4535 2248//4535 2278//4535
f 2354//4536 2322//4536 2248//4536
f 2355//4537 2323//4537 2249//4537
f 2355//4538 2249//4538 2279//4538
f 2356//4539 2324//4539 2250//4539
f 2356//4540 2250//4540 2280//4540
f 2357//4541 2251//4541 2281//4541
f 2357//4542 2325//4542 2251//4542
f 2358//4543 2252//4543 2282//4543
f 2358//4544 2326//4544 2252//4544
f 2359//4545 2327//4545 2253//4545
f 2359//4546 2253//4546 2283//4546
f 2360//4547 2254//4547 2284//4547
f 2360//4548 2328//4548 2254//4548
f 2361//4549 2329//4549 2255//4549
f 2361//4550 2255//4550 2285//4550
f 2362//4551 2256//4551 2286//4551
f 2362//4552 2330//4552 2256//4552
f 2363//4553 2257//4553 2287//4553
f 2363//4554 2331//4554 2257//4554
f 2364//4555 2258//4555 2288//4555
f 2364//4556 2332//4556 2258//4556
f 2365//4557 2333//4557 2259//4557
f 2365//4558 2259//4558 2289//4558
f 2366//4559 2334//4559 2260//4559
f 2366//4560 2260//4560 2290//4560
f 2367//4561 2337//4561 209//4561
f 2367//4562 236//4562 2337//4562
f 2367//4563 209//4563 236//4563
f 2368//4564 2262//4564 2291//4564
f 2368//4565 2338//4565 2262//4565
f 2369//4566 2263//4566 2292//4566
f 2369//4567 2339//4567 2263//4567
f 2370//4568 2264//4568 2293//4568
f 2370//4569 2340//4569 2264//4569
f 2371//4570 2265//4570 2294//4570
f 2371//4571 2341//4571 2265//4571
f 2372//4572 2266//4572 2295//4572
f 2372//4573 2342//4573 2266//4573
f 2373//4574 2267//4574 2296//4574
f 2373//4575 2343//4575 2267//4575
f 2374//4576 2268//4576 2297//4576
f 2374//4577 2344//4577 2268//4577
f 2375//4578 2345//4578 2269//4578
f 2375//4579 2269//4579 2298//4579
f 2376//4580 2346//4580 2270//4580
f 2376//4581 2270//4581 2299//4581
f 2377//4582 2347//4582 2271//4582
f 2377//4583 2271//4583 2300//4583
f 2378//4584 2348//4584 2272//4584
f 2378//4585 2272//4585 2301//4585
f 2379//4586 2349//4586 2273//4586
f 2379//4587 2273//4587 2302//4587
f 2380//4588 2274//4588 2303//4588
f 2380//4589 2350//4589 2274//4589
f 2381//4590 2351//4590 2275//4590
f 2381//4591 2275//4591 2304//4591
f 2382//4592 2276//4592 2305//4592
f 2382//4593 2352//4593 2276//4593
f 2383//4594 2277//4594 2306//4594
f 2383//4595 2353//4595 2277//4595
f 2384//4596 2354//4596 2278//4596
f 2384//4597 2278//4597 2307//4597
f 2385//4598 2355//4598 2279//4598
f 2385//4599 2279//4599 2308//4599
f 2386//4600 2356//4600 2280//4600
f 2386//4601 2280//4601 2309//4601
f 2387//4602 2281//4602 2310//4602
f 2387//4603 2357//4603 2281//4603
f 2388//4604 2358//4604 2282//4604
f 2388//4605 2282//4605 2311//4605
f 2389//4606 2283//4606 2312//4606
f 2389//4607 2359//4607 2283//4607
f 2390//4608 2284//4608 2313//4608
f 2390//4609 2360//4609 2284//4609
f 2391//4610 2361//4610 2285//4610
f 2391//4611 2285//4611 2314//4611
f 2392//4612 2286//4612 2315//4612
f 2392//4613 2362//4613 2286//4613
f 2393//4614 2287//4614 2316//4614
f 2393//4615 2363//4615 2287//4615
f 2394//4616 2288//4616 2317//4616
f 2394//4617 2364//4617 2288//4617
f 2395//4618 2289//4618 2318//4618
f 2395//4619 2365//4619 2289//4619
f 2396//4620 2366//4620 2290//4620
f 2396//4621 2290//4621 2319//4621
f 2397//4622 2291//4622 2320//4622
f 2397//4623 2368//4623 2291//4623
f 2398//4624 2292//4624 2321//4624
f 2398//4625 2369//4625 2292//4625
f 2399//4626 2293//4626 2322//4626
f 2399//4627 2370//4627 2293//4627
f 2400//4628 2294//4628 2323//4628
f 2400//4629 2371//4629 2294//4629
f 2401//4630 2295//4630 2324//4630
f 2401//4631 2372//4631 2295//4631
f 2402//4632 2373//4632 2296//4632
f 2402//4633 2296//4633 2325//4633
f 2403//4634 2297//4634 2326//4634
f 2403//4635 2374//4635 2297//4635
f 2404//4636 2298//4636 2327//4636
f 2404//4637 2375//4637 2298//4637
f 2405//4638 2299//4638 2328//4638
f 2405//4639 2376//4639 2299//4639
f 2406//4640 2377//4640 2300//4640
f 2406//4641 2300//4641 2329//4641
f 2407//4642 2301//4642 2330//4642
f 2407//4643 2378//4643 2301//4643
f 2408//4644 2379//4644 2302//4644
f 2408//4645 2302//4645 2331//4645
f 2409//4646 2303//4646 2332//4646
f 2409//4647 2380//4647 2303//4647
f 2410//4648 2381//4648 2304//4648
f 2410//4649 2304//4649 2333//4649
f 2411//4650 2412//4650 2336//4650
f 2413//4651 2382//4651 2305//4651
f 2413//4652 2337//4652 236//4652
f 2413//4653 2305//4653 2337//4653
f 2414//4654 2383//4654 2306//4654
f 2414//4655 2306//4655 2338//4655
f 2415//4656 2384//4656 2307//4656
f 2415//4657 2307//4657 2339//4657
f 2416//4658 2308//4658 2340//4658
f 2416//4659 2385//4659 2308//4659
f 2417//4660 2386//4660 2309//4660
f 2417//4661 2309//4661 2341//4661
f 2418//4662 2387//4662 2310//4662
f 2418//4663 2310//4663 2342//4663
f 2419//4664 2388//4664 2311//4664
f 2419//4665 2311//4665 2343//4665
f 2420//4666 2312//4666 2344//4666
f 2420//4667 2389//4667 2312//4667
f 2421//4668 2390//4668 2313//4668
f 2421//4669 2313//4669 2345//4669
f 2422//4670 2391//4670 2314//4670
f 2422//4671 2314//4671 2346//4671
f 2423//4672 2315//4672 2347//4672
f 2423//4673 2392//4673 2315//4673
f 2424//4674 2393//4674 2316//4674
f 2424//4675 2316//4675 2348//4675
f 2425//4676 2317//4676 2349//4676
f 2425//4677 2394//4677 2317//4677
f 2426//4678 2318//4678 2350//4678
f 2426//4679 2395//4679 2318//4679
f 2427//4680 2396//4680 2319//4680
f 2427//4681 2319//4681 2351//4681
f 2428//4682 2397//4682 2320//4682
f 2428//4683 2320//4683 2352//4683
f 2429//4684 2321//4684 2353//4684
f 2429//4685 2398//4685 2321//4685
f 2430//4686 2322//4686 2354//4686
f 2430//4687 2399//4687 2322//4687
f 2431//4688 2400//4688 2323//4688
f 2431//4689 2323//4689 2355//4689
f 2432//4690 2324//4690 2356//4690
f 2432//4691 2401//4691 2324//4691
f 2433//4692 2325//4692 2357//4692
f 2433//4693 2402//4693 2325//4693
f 2434//4694 2326//4694 2358//4694
f 2434//4695 2403//4695 2326//4695
f 2435//4696 2327//4696 2359//4696
f 2435//4697 2404//4697 2327//4697
f 2436//4698 2405//4698 2328//4698
f 2436//4699 2328//4699 2360//4699
f 2437//4700 2329//4700 2361//4700
f 2437//4701 2406//4701 2329//4701
f 2438//4702 2330//4702 2362//4702
f 2438//4703 2407//4703 2330//4703
f 2439//4704 2408//4704 2331//4704
f 2439//4705 2331//4705 2363//4705
f 2440//4706 2409//4706 2332//4706
f 2440//4707 2332//4707 2364//4707
f 2441//4708 2410//4708 2333//4708
f 2441//4709 2333//4709 2365//4709
f 2442//4710 2336//4710 2334//4710
f 2442//4711 2412//4711 2411//4711
f 2442//4712 2411//4712 2336//4712
f 2442//4713 2334//4713 2366//4713
f 2443//4714 236//4714 276//4714
f 2443//4715 276//4715 277//4715
f 2443//4716 2413//4716 236//4716
f 2444//4717 2414//4717 2338//4717
f 2444//4718 2338//4718 2368//4718
f 2445//4719 2415//4719 2339//4719
f 2445//4720 2339//4720 2369//4720
f 2446//4721 2340//4721 2370//4721
f 2446//4722 2416//4722 2340//4722
f 2447//4723 2417//4723 2341//4723
f 2447//4724 2341//4724 2371//4724
f 2448//4725 2418//4725 2342//4725
f 2448//4726 2342//4726 2372//4726
f 2449//4727 2419//4727 2343//4727
f 2449//4728 2343//4728 2373//4728
f 2450//4729 2420//4729 2344//4729
f 2450//4730 2344//4730 2374//4730
f 2451//4731 2345//4731 2375//4731
f 2451//4732 2421//4732 2345//4732
f 2452//4733 2346//4733 2376//4733
f 2452//4734 2422//4734 2346//4734
f 2453//4735 2423//4735 2347//4735
f 2453//4736 2347//4736 2377//4736
f 2454//4737 2424//4737 2348//4737
f 2454//4738 2348//4738 2378//4738
f 2455//4739 2425//4739 2349//4739
f 2455//4740 2349//4740 2379//4740
f 2456//4741 2350//4741 2380//4741
f 2456//4742 2426//4742 2350//4742
f 2457//4743 2351//4743 2381//4743
f 2457//4744 2427//4744 2351//4744
f 2458//4745 2352//4745 2382//4745
f 2458//4746 2428//4746 2352//4746
f 2459//4747 2429//4747 2353//4747
f 2459//4748 2353//4748 2383//4748
f 2460//4749 2354//4749 2384//4749
f 2460//4750 2430//4750 2354//4750
f 2461//4751 2355//4751 2385//4751
f 2461//4752 2431//4752 2355//4752
f 2462//4753 2356//4753 2386//4753
f 2462//4754 2432//4754 2356//4754
f 2463//4755 2357//4755 2387//4755
f 2463//4756 2433//4756 2357//4756
f 2464//4757 2358//4757 2388//4757
f 2464//4758 2434//4758 2358//4758
f 2465//4759 2359//4759 2389//4759
f 2465//4760 2435//4760 2359//4760
f 2466//4761 2360//4761 2390//4761
f 2466//4762 2436//4762 2360//4762
f 2467//4763 2361//4763 2391//4763
f 2467//4764 2437//4764 2361//4764
f 2468//4765 2362//4765 2392//4765
f 2468//4766 2438//4766 2362//4766
f 2469//4767 2363//4767 2393//4767
f 2469//4768 2439//4768 2363//4768
f 2470//4769 2440//4769 2364//4769
f 2470//4770 2364//4770 2394//4770
f 2471//4771 2365//4771 2395//4771
f 2471//4772 2441//4772 2365//4772
f 2472//4773 2366//4773 2396//4773
f 2472//4774 2442//4774 2366//4774
f 2473//4775 2368//4775 2397//4775
f 2473//4776 2444//4776 2368//4776
f 2474//4777 2445//4777 2369//4777
f 2474//4778 2369//4778 2398//4778
f 2475//4779 2446//4779 2370//4779
f 2475//4780 2370//4780 2399//4780
f 2476//4781 2371//4781 2400//4781
f 2476//4782 2447//4782 2371//4782
f 2477//4783 2448//4783 2372//4783
f 2477//4784 2372//4784 2401//4784
f 2478//4785 2449//4785 2373//4785
f 2478//4786 2373//4786 2402//4786
f 2479//4787 2450//4787 2374//4787
f 2479//4788 2374//4788 2403//4788
f 2480//4789 2451//4789 2375//4789
f 2480//4790 2375//4790 2404//4790
f 2481//4791 2452//4791 2376//4791
f 2481//4792 2376//4792 2405//4792
f 2482//4793 2453//4793 2377//4793
f 2482//4794 2377//4794 2406//4794
f 2483//4795 2454//4795 2378//4795
f 2483//4796 2378//4796 2407//4796
f 2484//4797 2379//4797 2408//4797
f 2484//4798 2455//4798 2379//4798
f 2485//4799 2456//4799 2380//4799
f 2485//4800 2380//4800 2409//4800
f 2486//4801 2381//4801 2410//4801
f 2486//4802 2457//4802 2381//4802
f 2487//4803 2458//4803 2382//4803
f 2487//4804 2382//4804 2413//4804
f 2488//4805 2383//4805 2414//4805
f 2488//4806 2459//4806 2383//4806
f 2489//4807 2384//4807 2415//4807
f 2489//4808 2460//4808 2384//4808
f 2490//4809 2385//4809 2416//4809
f 2490//4810 2461//4810 2385//4810
f 2491//4811 2386//4811 2417//4811
f 2491//4812 2462//4812 2386//4812
f 2492//4813 2387//4813 2418//4813
f 2492//4814 2463//4814 2387//4814
f 2493//4815 2464//4815 2388//4815
f 2493//4816 2388//4816 2419//4816
f 2494//4817 2389//4817 2420//4817
f 2494//4818 2465//4818 2389//4818
f 2495//4819 2390//4819 2421//4819
f 2495//4820 2466//4820 2390//4820
f 2496//4821 2391//4821 2422//4821
f 2496//4822 2467//4822 2391//4822
f 2497//4823 2392//4823 2423//4823
f 2497//4824 2468//4824 2392//4824
f 2498//4825 2393//4825 2424//4825
f 2498//4826 2469//4826 2393//4826
f 2499//4827 2394//4827 2425//4827
f 2499//4828 2470//4828 2394//4828
f 2500//4829 2471//4829 2395//4829
f 2500//4830 2395//4830 2426//4830
f 2501//4831 2472//4831 2396//4831
f 2501//4832 2396//4832 2427//4832
f 2502//4833 2397//4833 2428//4833
f 2502//4834 2473//4834 2397//4834
f 2503//4835 2398//4835 2429//4835
f 2503//4836 2474//4836 2398//4836
f 2504//4837 2399//4837 2430//4837
f 2504//4838 2475//4838 2399//4838
f 2505//4839 2400//4839 2431//4839
f 2505//4840 2476//4840 2400//4840
f 2506//4841 2401//4841 2432//4841
f 2506//4842 2477//4842 2401//4842
f 2507//4843 2402//4843 2433//4843
f 2507//4844 2478//4844 2402//4844
f 2508//4845 2403//4845 2434//4845
f 2508//4846 2479//4846 2403//4846
f 2509//4847 2404//4847 2435//4847
f 2509//4848 2480//4848 2404//4848
f 2510//4849 2481//4849 2405//4849
f 2510//4850 2405//4850 2436//4850
f 2511//4851 2482//4851 2406//4851
f 2511//4852 2406//4852 2437//4852
f 2512//4853 2483//4853 2407//4853
f 2512//4854 2407//4854 2438//4854
f 2513//4855 2408//4855 2439//4855
f 2513//4856 2484//4856 2408//4856
f 2514//4857 2485//4857 2409//4857
f 2514//4858 2409//4858 2440//4858
f 2515//4859 2486//4859 2410//4859
f 2515//4860 2410//4860 2441//4860
f 2516//4861 2517//4861 2412//4861
f 2516//4862 2518//4862 2517//4862
f 2519//4863 2443//4863 277//4863
f 2519//4864 2487//4864 2413//4864
f 2519//4865 2413//4865 2443//4865
f 2520//4866 2488//4866 2414//4866
f 2520//4867 2414//4867 2444//4867
f 2521//4868 2415//4868 2445//4868
f 2521//4869 2489//4869 2415//4869
f 2522//4870 2490//4870 2416//4870
f 2522//4871 2416//4871 2446//4871
f 2523//4872 2491//4872 2417//4872
f 2523//4873 2417//4873 2447//4873
f 2524//4874 2418//4874 2448//4874
f 2524//4875 2492//4875 2418//4875
f 2525//4876 2493//4876 2419//4876
f 2525//4877 2419//4877 2449//4877
f 2526//4878 2420//4878 2450//4878
f 2526//4879 2494//4879 2420//4879
f 2527//4880 2421//4880 2451//4880
f 2527//4881 2495//4881 2421//4881
f 2528//4882 2422//4882 2452//4882
f 2528//4883 2496//4883 2422//4883
f 2529//4884 2423//4884 2453//4884
f 2529//4885 2497//4885 2423//4885
f 2530//4886 2424//4886 2454//4886
f 2530//4887 2498//4887 2424//4887
f 2531//4888 2499//4888 2425//4888
f 2531//4889 2425//4889 2455//4889
f 2532//4890 2426//4890 2456//4890
f 2532//4891 2500//4891 2426//4891
f 2533//4892 2427//4892 2457//4892
f 2533//4893 2501//4893 2427//4893
f 2534//4894 2428//4894 2458//4894
f 2534//4895 2502//4895 2428//4895
f 2535//4896 2429//4896 2459//4896
f 2535//4897 2503//4897 2429//4897
f 2536//4898 2504//4898 2430//4898
f 2536//4899 2430//4899 2460//4899
f 2537//4900 2431//4900 2461//4900
f 2537//4901 2505//4901 2431//4901
f 2538//4902 2432//4902 2462//4902
f 2538//4903 2506//4903 2432//4903
f 2539//4904 2433//4904 2463//4904
f 2539//4905 2507//4905 2433//4905
f 2540//4906 2434//4906 2464//4906
f 2540//4907 2508//4907 2434//4907
f 2541//4908 2435//4908 2465//4908
f 2541//4909 2509//4909 2435//4909
f 2542//4910 2436//4910 2466//4910
f 2542//4911 2510//4911 2436//4911
f 2543//4912 2511//4912 2437//4912
f 2543//4913 2437//4913 2467//4913
f 2544//4914 2438//4914 2468//4914
f 2544//4915 2512//4915 2438//4915
f 2545//4916 2439//4916 2469//4916
f 2545//4917 2513//4917 2439//4917
f 2546//4918 2440//4918 2470//4918
f 2546//4919 2514//4919 2440//4919
f 2547//4920 2515//4920 2441//4920
f 2547//4921 2441//4921 2471//4921
f 2548//4922 2412//4922 2442//4922
f 2548//4923 2442//4923 2472//4923
f 2548//4924 2516//4924 2412//4924
f 2549//4925 309//4925 2519//4925
f 2549//4926 2519//4926 277//4926
f 2549//4927 277//4927 309//4927
f 2550//4928 2444//4928 2473//4928
f 2550//4929 2520//4929 2444//4929
f 2551//4930 2521//4930 2445//4930
f 2551//4931 2445//4931 2474//4931
f 2552//4932 2446//4932 2475//4932
f 2552//4933 2522//4933 2446//4933
f 2553//4934 2447//4934 2476//4934
f 2553//4935 2523//4935 2447//4935
f 2554//4936 2524//4936 2448//4936
f 2554//4937 2448//4937 2477//4937
f 2555//4938 2525//4938 2449//4938
f 2555//4939 2449//4939 2478//4939
f 2556//4940 2450//4940 2479//4940
f 2556//4941 2526//4941 2450//4941
f 2557//4942 2527//4942 2451//4942
f 2557//4943 2451//4943 2480//4943
f 2558//4944 2528//4944 2452//4944
f 2558//4945 2452//4945 2481//4945
f 2559//4946 2529//4946 2453//4946
f 2559//4947 2453//4947 2482//4947
f 2560//4948 2530//4948 2454//4948
f 2560//4949 2454//4949 2483//4949
f 2561//4950 2455//4950 2484//4950
f 2561//4951 2531//4951 2455//4951
f 2562//4952 2532//4952 2456//4952
f 2562//4953 2456//4953 2485//4953
f 2563//4954 2457//4954 2486//4954
f 2563//4955 2533//4955 2457//4955
f 2564//4956 2534//4956 2458//4956
f 2564//4957 2458//4957 2487//4957
f 2565//4958 2535//4958 2459//4958
f 2565//4959 2459//4959 2488//4959
f 2566//4960 2536//4960 2460//4960
f 2566//4961 2460//4961 2489//4961
f 2567//4962 2537//4962 2461//4962
f 2567//4963 2461//4963 2490//4963
f 2568//4964 2538//4964 2462//4964
f 2568//4965 2462//4965 2491//4965
f 2569//4966 2463//4966 2492//4966
f 2569//4967 2539//4967 2463//4967
f 2570//4968 2464//4968 2493//4968
f 2570//4969 2540//4969 2464//4969
f 2571//4970 2465//4970 2494//4970
f 2571//4971 2541//4971 2465//4971
f 2572//4972 2542//4972 2466//4972
f 2572//4973 2466//4973 2495//4973
f 2573//4974 2543//4974 2467//4974
f 2573//4975 2467//4975 2496//4975
f 2574//4976 2468//4976 2497//4976
f 2574//4977 2544//4977 2468//4977
f 2575//4978 2469//4978 2498//4978
f 2575//4979 2545//4979 2469//4979
f 2576//4980 2546//4980 2470//4980
f 2576//4981 2470//4981 2499//4981
f 2577//4982 2471//4982 2500//4982
f 2577//4983 2547//4983 2471//4983
f 2578//4984 2472//4984 2501//4984
f 2578//4985 2548//4985 2472//4985
f 2579//4986 2473//4986 2502//4986
f 2579//4987 2550//4987 2473//4987
f 2580//4988 2474//4988 2503//4988
f 2580//4989 2551//4989 2474//4989
f 2581//4990 2552//4990 2475//4990
f 2581//4991 2475//4991 2504//4991
f 2582//4992 2553//4992 2476//4992
f 2582//4993 2476//4993 2505//4993
f 2583//4994 2554//4994 2477//4994
f 2583//4995 2477//4995 2506//4995
f 2584//4996 2555//4996 2478//4996
f 2584//4997 2478//4997 2507//4997
f 2585//4998 2556//4998 2479//4998
f 2585//4999 2479//4999 2508//4999
f 2586//5000 2557//5000 2480//5000
f 2586//5001 2480//5001 2509//5001
f 2587//5002 2558//5002 2481//5002
f 2587//5003 2481//5003 2510//5003
f 2588//5004 2482//5004 2511//5004
f 2588//5005 2559//5005 2482//5005
f 2589//5006 2483//5006 2512//5006
f 2589//5007 2560//5007 2483//5007
f 2590//5008 2484//5008 2513//5008
f 2590//5009 2561//5009 2484//5009
f 2591//5010 2562//5010 2485//5010
f 2591//5011 2485//5011 2514//5011
f 2592//5012 2486//5012 2515//5012
f 2592//5013 2563//5013 2486//5013
f 2593//5014 2594//5014 2518//5014
f 2595//5015 2519//5015 309//5015
f 2595//5016 2487//5016 2519//5016
f 2595//5017 2564//5017 2487//5017
f 2596//5018 2565//5018 2488//5018
f 2596//5019 2488//5019 2520//5019
f 2597//5020 2489//5020 2521//5020
f 2597//5021 2566//5021 2489//5021
f 2598//5022 2490//5022 2522//5022
f 2598//5023 2567//5023 2490//5023
f 2599//5024 2491//5024 2523//5024
f 2599//5025 2568//5025 2491//5025
f 2600//5026 2492//5026 2524//5026
f 2600//5027 2569//5027 2492//5027
f 2601//5028 2493//5028 2525//5028
f 2601//5029 2570//5029 2493//5029
f 2602//5030 2494//5030 2526//5030
f 2602//5031 2571//5031 2494//5031
f 2603//5032 2495//5032 2527//5032
f 2603//5033 2572//5033 2495//5033
f 2604//5034 2496//5034 2528//5034
f 2604//5035 2573//5035 2496//5035
f 2605//5036 2497//5036 2529//5036
f 2605//5037 2574//5037 2497//5037
f 2606//5038 2498//5038 2530//5038
f 2606//5039 2575//5039 2498//5039
f 2607//5040 2499//5040 2531//5040
f 2607//5041 2576//5041 2499//5041
f 2608//5042 2500//5042 2532//5042
f 2608//5043 2577//5043 2500//5043
f 2609//5044 2501//5044 2533//5044
f 2609//5045 2578//5045 2501//5045
f 2610//5046 2502//5046 2534//5046
f 2610//5047 2579//5047 2502//5047
f 2611//5048 2580//5048 2503//5048
f 2611//5049 2503//5049 2535//5049
f 2612//5050 2504//5050 2536//5050
f 2612//5051 2581//5051 2504//5051
f 2613//5052 2505//5052 2537//5052
f 2613//5053 2582//5053 2505//5053
f 2614//5054 2506//5054 2538//5054
f 2614//5055 2583//5055 2506//5055
f 2615//5056 2584//5056 2507//5056
f 2615//5057 2507//5057 2539//5057
f 2616//5058 2585//5058 2508//5058
f 2616//5059 2508//5059 2540//5059
f 2617//5060 2586//5060 2509//5060
f 2617//5061 2509//5061 2541//5061
f 2618//5062 2587//5062 2510//5062
f 2618//5063 2510//5063 2542//5063
f 2619//5064 2588//5064 2511//5064
f 2619//5065 2511//5065 2543//5065
f 2620//5066 2512//5066 2544//5066
f 2620//5067 2589//5067 2512//5067
f 2621//5068 2513//5068 2545//5068
f 2621//5069 2590//5069 2513//5069
f 2622//5070 2591//5070 2514//5070
f 2622//5071 2514//5071 2546//5071
f 2623//5072 2592//5072 2515//5072
f 2623//5073 2515//5073 2547//5073
f 2624//5074 2518//5074 2516//5074
f 2624//5075 2593//5075 2518//5075
f 2624//5076 2594//5076 2593//5076
f 2624//5077 2516//5077 2548//5077
f 2625//5078 2595//5078 309//5078
f 2625//5079 309//5079 356//5079
f 2626//5080 2520//5080 2550//5080
f 2626//5081 2596//5081 2520//5081
f 2627//5082 2521//5082 2551//5082
f 2627//5083 2597//5083 2521//5083
f 2628//5084 2522//5084 2552//5084
f 2628//5085 2598//5085 2522//5085
f 2629//5086 2523//5086 2553//5086
f 2629//5087 2599//5087 2523//5087
f 2630//5088 2524//5088 2554//5088
f 2630//5089 2600//5089 2524//5089
f 2631//5090 2601//5090 2525//5090
f 2631//5091 2525//5091 2555//5091
f 2632//5092 2602//5092 2526//5092
f 2632//5093 2526//5093 2556//5093
f 2633//5094 2603//5094 2527//5094
f 2633//5095 2527//5095 2557//5095
f 2634//5096 2528//5096 2558//5096
f 2634//5097 2604//5097 2528//5097
f 2635//5098 2605//5098 2529//5098
f 2635//5099 2529//5099 2559//5099
f 2636//5100 2606//5100 2530//5100
f 2636//5101 2530//5101 2560//5101
f 2637//5102 2607//5102 2531//5102
f 2637//5103 2531//5103 2561//5103
f 2638//5104 2532//5104 2562//5104
f 2638//5105 2608//5105 2532//5105
f 2639//5106 2533//5106 2563//5106
f 2639//5107 2609//5107 2533//5107
f 2640//5108 2534//5108 2564//5108
f 2640//5109 2610//5109 2534//5109
f 2641//5110 2535//5110 2565//5110
f 2641//5111 2611//5111 2535//5111
f 2642//5112 2536//5112 2566//5112
f 2642//5113 2612//5113 2536//5113
f 2643//5114 2537//5114 2567//5114
f 2643//5115 2613//5115 2537//5115
f 2644//5116 2538//5116 2568//5116
f 2644//5117 2614//5117 2538//5117
f 2645//5118 2539//5118 2569//5118
f 2645//5119 2615//5119 2539//5119
f 2646//5120 2540//5120 2570//5120
f 2646//5121 2616//5121 2540//5121
f 2647//5122 2541//5122 2571//5122
f 2647//5123 2617//5123 2541//5123
f 2648//5124 2542//5124 2572//5124
f 2648//5125 2618//5125 2542//5125
f 2649//5126 2619//5126 2543//5126
f 2649//5127 2543//5127 2573//5127
f 2650//5128 2544//5128 2574//5128
f 2650//5129 2620//5129 2544//5129
f 2651//5130 2621//5130 2545//5130
f 2651//5131 2545//5131 2575//5131
f 2652//5132 2622//5132 2546//5132
f 2652//5133 2546//5133 2576//5133
f 2653//5134 2623//5134 2547//5134
f 2653//5135 2547//5135 2577//5135
f 2654//5136 2548//5136 2578//5136
f 2654//5137 2624//5137 2548//5137
f 2655//5138 2626//5138 2550//5138
f 2655//5139 2550//5139 2579//5139
f 2656//5140 2551//5140 2580//5140
f 2656//5141 2627//5141 2551//5141
f 2657//5142 2552//5142 2581//5142
f 2657//5143 2628//5143 2552//5143
f 2658//5144 2553//5144 2582//5144
f 2658//5145 2629//5145 2553//5145
f 2659//5146 2630//5146 2554//5146
f 2659//5147 2554//5147 2583//5147
f 2660//5148 2555//5148 2584//5148
f 2660//5149 2631//5149 2555//5149
f 2661//5150 2556//5150 2585//5150
f 2661//5151 2632//5151 2556//5151
f 2662//5152 2633//5152 2557//5152
f 2662//5153 2557//5153 2586//5153
f 2663//5154 2558//5154 2587//5154
f 2663//5155 2634//5155 2558//5155
f 2664//5156 2559//5156 2588//5156
f 2664//5157 2635//5157 2559//5157
f 2665//5158 2560//5158 2589//5158
f 2665//5159 2636//5159 2560//5159
f 2666//5160 2561//5160 2590//5160
f 2666//5161 2637//5161 2561//5161
f 2667//5162 2562//5162 2591//5162
f 2667//5163 2638//5163 2562//5163
f 2668//5164 2563//5164 2592//5164
f 2668//5165 2639//5165 2563//5165
f 2669//5166 2640//5166 2564//5166
f 2669//5167 2564//5167 2595//5167
f 2670//5168 2641//5168 2565//5168
f 2670//5169 2565//5169 2596//5169
f 2671//5170 2566//5170 2597//5170
f 2671//5171 2642//5171 2566//5171
f 2672//5172 2643//5172 2567//5172
f 2672//5173 2567//5173 2598//5173
f 2673//5174 2568//5174 2599//5174
f 2673//5175 2644//5175 2568//5175
f 2674//5176 2569//5176 2600//5176
f 2674//5177 2645//5177 2569//5177
f 2675//5178 2570//5178 2601//5178
f 2675//5179 2646//5179 2570//5179
f 2676//5180 2571//5180 2602//5180
f 2676//5181 2647//5181 2571//5181
f 2677//5182 2572//5182 2603//5182
f 2677//5183 2648//5183 2572//5183
f 2678//5184 2573//5184 2604//5184
f 2678//5185 2649//5185 2573//5185
f 2679//5186 2574//5186 2605//5186
f 2679//5187 2650//5187 2574//5187
f 2680//5188 2575//5188 2606//5188
f 2680//5189 2651//5189 2575//5189
f 2681//5190 2652//5190 2576//5190
f 2681//5191 2576//5191 2607//5191
f 2682//5192 2653//5192 2577//5192
f 2682//5193 2577//5193 2608//5193
f 2683//5194 2654//5194 2578//5194
f 2683//5195 2578//5195 2609//5195
f 2684//5196 2579//5196 2610//5196
f 2684//5197 2655//5197 2579//5197
f 2685//5198 2580//5198 2611//5198
f 2685//5199 2656//5199 2580//5199
f 2686//5200 2657//5200 2581//5200
f 2686//5201 2581//5201 2612//5201
f 2687//5202 2658//5202 2582//5202
f 2687//5203 2582//5203 2613//5203
f 2688//5204 2583//5204 2614//5204
f 2688//5205 2659//5205 2583//5205
f 2689//5206 2660//5206 2584//5206
f 2689//5207 2584//5207 2615//5207
f 2690//5208 2585//5208 2616//5208
f 2690//5209 2661//5209 2585//5209
f 2691//5210 2662//5210 2586//5210
f 2691//5211 2586//5211 2617//5211
f 2692//5212 2587//5212 2618//5212
f 2692//5213 2663//5213 2587//5213
f 2693//5214 2588//5214 2619//5214
f 2693//5215 2664//5215 2588//5215
f 2694//5216 2589//5216 2620//5216
f 2694//5217 2665//5217 2589//5217
f 2695//5218 2590//5218 2621//5218
f 2695//5219 2666//5219 2590//5219
f 2696//5220 2667//5220 2591//5220
f 2696//5221 2591//5221 2622//5221
f 2697//5222 2592//5222 2623//5222
f 2697//5223 2668//5223 2592//5223
f 2698//5224 2699//5224 2594//5224
f 2700//5225 2625//5225 356//5225
f 2700//5226 2595//5226 2625//5226
f 2700//5227 2669//5227 2595//5227
f 2701//5228 2596//5228 2626//5228
f 2701//5229 2670//5229 2596//5229
f 2702//5230 2597//5230 2627//5230
f 2702//5231 2671//5231 2597//5231
f 2703//5232 2598//5232 2628//5232
f 2703//5233 2672//5233 2598//5233
f 2704//5234 2599//5234 2629//5234
f 2704//5235 2673//5235 2599//5235
f 2705//5236 2600//5236 2630//5236
f 2705//5237 2674//5237 2600//5237
f 2706//5238 2601//5238 2631//5238
f 2706//5239 2675//5239 2601//5239
f 2707//5240 2676//5240 2602//5240
f 2707//5241 2602//5241 2632//5241
f 2708//5242 2603//5242 2633//5242
f 2708//5243 2677//5243 2603//5243
f 2709//5244 2604//5244 2634//5244
f 2709//5245 2678//5245 2604//5245
f 2710//5246 2679//5246 2605//5246
f 2710//5247 2605//5247 2635//5247
f 2711//5248 2606//5248 2636//5248
f 2711//5249 2680//5249 2606//5249
f 2712//5250 2607//5250 2637//5250
f 2712//5251 2681//5251 2607//5251
f 2713//5252 2682//5252 2608//5252
f 2713//5253 2608//5253 2638//5253
f 2714//5254 2683//5254 2609//5254
f 2714//5255 2609//5255 2639//5255
f 2715//5256 2684//5256 2610//5256
f 2715//5257 2610//5257 2640//5257
f 2716//5258 2685//5258 2611//5258
f 2716//5259 2611//5259 2641//5259
f 2717//5260 2686//5260 2612//5260
f 2717//5261 2612//5261 2642//5261
f 2718//5262 2613//5262 2643//5262
f 2718//5263 2687//5263 2613//5263
f 2719//5264 2688//5264 2614//5264
f 2719//5265 2614//5265 2644//5265
f 2720//5266 2689//5266 2615//5266
f 2720//5267 2615//5267 2645//5267
f 2721//5268 2690//5268 2616//5268
f 2721//5269 2616//5269 2646//5269
f 2722//5270 2691//5270 2617//5270
f 2722//5271 2617//5271 2647//5271
f 2723//5272 2692//5272 2618//5272
f 2723//5273 2618//5273 2648//5273
f 2724//5274 2693//5274 2619//5274
f 2724//5275 2619//5275 2649//5275
f 2725//5276 2694//5276 2620//5276
f 2725//5277 2620//5277 2650//5277
f 2726//5278 2621//5278 2651//5278
f 2726//5279 2695//5279 2621//5279
f 2727//5280 2622//5280 2652//5280
f 2727//5281 2696//5281 2622//5281
f 2728//5282 2623//5282 2653//5282
f 2728//5283 2697//5283 2623//5283
f 2729//5284 2699//5284 2698//5284
f 2729//5285 2698//5285 2594//5285
f 2729//5286 2624//5286 2654//5286
f 2729//5287 2730//5287 2699//5287
f 2729//5288 2594//5288 2624//5288
f 2731//5289 394//5289 2700//5289
f 2731//5290 2700//5290 356//5290
f 2731//5291 356//5291 393//5291
f 2731//5292 393//5292 394//5292
f 2732//5293 2701//5293 2626//5293
f 2732//5294 2626//5294 2655//5294
f 2733//5295 2627//5295 2656//5295
f 2733//5296 2702//5296 2627//5296
f 2734//5297 2628//5297 2657//5297
f 2734//5298 2703//5298 2628//5298
f 2735//5299 2629//5299 2658//5299
f 2735//5300 2704//5300 2629//5300
f 2736//5301 2630//5301 2659//5301
f 2736//5302 2705//5302 2630//5302
f 2737//5303 2631//5303 2660//5303
f 2737//5304 2706//5304 2631//5304
f 2738//5305 2632//5305 2661//5305
f 2738//5306 2707//5306 2632//5306
f 2739//5307 2633//5307 2662//5307
f 2739//5308 2708//5308 2633//5308
f 2740//5309 2634//5309 2663//5309
f 2740//5310 2709//5310 2634//5310
f 2741//5311 2635//5311 2664//5311
f 2741//5312 2710//5312 2635//5312
f 2742//5313 2711//5313 2636//5313
f 2742//5314 2636//5314 2665//5314
f 2743//5315 2637//5315 2666//5315
f 2743//5316 2712//5316 2637//5316
f 2744//5317 2638//5317 2667//5317
f 2744//5318 2713//5318 2638//5318
f 2745//5319 2639//5319 2668//5319
f 2745//5320 2714//5320 2639//5320
f 2746//5321 2715//5321 2640//5321
f 2746//5322 2640//5322 2669//5322
f 2747//5323 2641//5323 2670//5323
f 2747//5324 2716//5324 2641//5324
f 2748//5325 2642//5325 2671//5325
f 2748//5326 2717//5326 2642//5326
f 2749//5327 2718//5327 2643//5327
f 2749//5328 2643//5328 2672//5328
f 2750//5329 2644//5329 2673//5329
f 2750//5330 2719//5330 2644//5330
f 2751//5331 2720//5331 2645//5331
f 2751//5332 2645//5332 2674//5332
f 2752//5333 2721//5333 2646//5333
f 2752//5334 2646//5334 2675//5334
f 2753//5335 2722//5335 2647//5335
f 2753//5336 2647//5336 2676//5336
f 2754//5337 2723//5337 2648//5337
f 2754//5338 2648//5338 2677//5338
f 2755//5339 2724//5339 2649//5339
f 2755//5340 2649//5340 2678//5340
f 2756//5341 2725//5341 2650//5341
f 2756//5342 2650//5342 2679//5342
f 2757//5343 2651//5343 2680//5343
f 2757//5344 2726//5344 2651//5344
f 2758//5345 2727//5345 2652//5345
f 2758//5346 2652//5346 2681//5346
f 2759//5347 2728//5347 2653//5347
f 2759//5348 2653//5348 2682//5348
f 2760//5349 2729//5349 2654//5349
f 2760//5350 2654//5350 2683//5350
f 2760//5351 2730//5351 2729//5351
f 2761//5352 2732//5352 2655//5352
f 2761//5353 2655//5353 2684//5353
f 2762//5354 2656//5354 2685//5354
f 2762//5355 2733//5355 2656//5355
f 2763//5356 2734//5356 2657//5356
f 2763//5357 2657//5357 2686//5357
f 2764//5358 2658//5358 2687//5358
f 2764//5359 2735//5359 2658//5359
f 2765//5360 2659//5360 2688//5360
f 2765//5361 2736//5361 2659//5361
f 2766//5362 2660//5362 2689//5362
f 2766//5363 2737//5363 2660//5363
f 2767//5364 2661//5364 2690//5364
f 2767//5365 2738//5365 2661//5365
f 2768//5366 2739//5366 2662//5366
f 2768//5367 2662//5367 2691//5367
f 2769//5368 2663//5368 2692//5368
f 2769//5369 2740//5369 2663//5369
f 2770//5370 2741//5370 2664//5370
f 2770//5371 2664//5371 2693//5371
f 2771//5372 2742//5372 2665//5372
f 2771//5373 2665//5373 2694//5373
f 2772//5374 2666//5374 2695//5374
f 2772//5375 2743//5375 2666//5375
f 2773//5376 2667//5376 2696//5376
f 2773//5377 2744//5377 2667//5377
f 2774//5378 2668//5378 2697//5378
f 2774//5379 2745//5379 2668//5379
f 2775//5380 2669//5380 2700//5380
f 2775//5381 2746//5381 2669//5381
f 2776//5382 2670//5382 2701//5382
f 2776//5383 2747//5383 2670//5383
f 2777//5384 2671//5384 2702//5384
f 2777//5385 2748//5385 2671//5385
f 2778//5386 2672//5386 2703//5386
f 2778//5387 2749//5387 2672//5387
f 2779//5388 2673//5388 2704//5388
f 2779//5389 2750//5389 2673//5389
f 2780//5390 2674//5390 2705//5390
f 2780//5391 2751//5391 2674//5391
f 2781//5392 2675//5392 2706//5392
f 2781//5393 2752//5393 2675//5393
f 2782//5394 2676//5394 2707//5394
f 2782//5395 2753//5395 2676//5395
f 2783//5396 2754//5396 2677//5396
f 2783//5397 2677//5397 2708//5397
f 2784//5398 2678//5398 2709//5398
f 2784//5399 2755//5399 2678//5399
f 2785//5400 2679//5400 2710//5400
f 2785//5401 2756//5401 2679//5401
f 2786//5402 2757//5402 2680//5402
f 2786//5403 2680//5403 2711//5403
f 2787//5404 2758//5404 2681//5404
f 2787//5405 2681//5405 2712//5405
f 2788//5406 2759//5406 2682//5406
f 2788//5407 2682//5407 2713//5407
f 2789//5408 2730//5408 2760//5408
f 2789//5409 2760//5409 2683//5409
f 2789//5410 2683//5410 2714//5410
f 2790//5411 2684//5411 2715//5411
f 2790//5412 2761//5412 2684//5412
f 2791//5413 2762//5413 2685//5413
f 2791//5414 2685//5414 2716//5414
f 2792//5415 2763//5415 2686//5415
f 2792//5416 2686//5416 2717//5416
f 2793//5417 2764//5417 2687//5417
f 2793//5418 2687//5418 2718//5418
f 2794//5419 2688//5419 2719//5419
f 2794//5420 2765//5420 2688//5420
f 2795//5421 2766//5421 2689//5421
f 2795//5422 2689//5422 2720//5422
f 2796//5423 2690//5423 2721//5423
f 2796//5424 2767//5424 2690//5424
f 2797//5425 2768//5425 2691//5425
f 2797//5426 2691//5426 2722//5426
f 2798//5427 2769//5427 2692//5427
f 2798//5428 2692//5428 2723//5428
f 2799//5429 2693//5429 2724//5429
f 2799//5430 2770//5430 2693//5430
f 2800//5431 2694//5431 2725//5431
f 2800//5432 2771//5432 2694//5432
f 2801//5433 2695//5433 2726//5433
f 2801//5434 2772//5434 2695//5434
f 2802//5435 2696//5435 2727//5435
f 2802//5436 2773//5436 2696//5436
f 2803//5437 2697//5437 2728//5437
f 2803//5438 2774//5438 2697//5438
f 2804//5439 2700//5439 394//5439
f 2804//5440 448//5440 2775//5440
f 2804//5441 2775//5441 2700//5441
f 2804//5442 394//5442 448//5442
f 2805//5443 2701//5443 2732//5443
f 2805//5444 2776//5444 2701//5444
f 2806//5445 2702//5445 2733//5445
f 2806//5446 2777//5446 2702//5446
f 2807//5447 2703//5447 2734//5447
f 2807//5448 2778//5448 2703//5448
f 2808//5449 2704//5449 2735//5449
f 2808//5450 2779//5450 2704//5450
f 2809//5451 2705//5451 2736//5451
f 2809//5452 2780//5452 2705//5452
f 2810//5453 2706//5453 2737//5453
f 2810//5454 2781//5454 2706//5454
f 2811//5455 2707//5455 2738//5455
f 2811//5456 2782//5456 2707//5456
f 2812//5457 2708//5457 2739//5457
f 2812//5458 2783//5458 2708//5458
f 2813//5459 2784//5459 2709//5459
f 2813//5460 2709//5460 2740//5460
f 2814//5461 2785//5461 2710//5461
f 2814//5462 2710//5462 2741//5462
f 2815//5463 2711//5463 2742//5463
f 2815//5464 2786//5464 2711//5464
f 2816//5465 2712//5465 2743//5465
f 2816//5466 2787//5466 2712//5466
f 2817//5467 2713//5467 2744//5467
f 2817//5468 2788//5468 2713//5468
f 2818//5469 2730//5469 2789//5469
f 2818//5470 2789//5470 2714//5470
f 2818//5471 2714//5471 2745//5471
f 2819//5472 2790//5472 2715//5472
f 2819//5473 2715//5473 2746//5473
f 2820//5474 2716//5474 2747//5474
f 2820//5475 2791//5475 2716//5475
f 2821//5476 2717//5476 2748//5476
f 2821//5477 2792//5477 2717//5477
f 2822//5478 2793//5478 2718//5478
f 2822//5479 2718//5479 2749//5479
f 2823//5480 2794//5480 2719//5480
f 2823//5481 2719//5481 2750//5481
f 2824//5482 2720//5482 2751//5482
f 2824//5483 2795//5483 2720//5483
f 2825//5484 2796//5484 2721//5484
f 2825//5485 2721//5485 2752//5485
f 2826//5486 2722//5486 2753//5486
f 2826//5487 2797//5487 2722//5487
f 2827//5488 2723//5488 2754//5488
f 2827//5489 2798//5489 2723//5489
f 2828//5490 2799//5490 2724//5490
f 2828//5491 2724//5491 2755//5491
f 2829//5492 2800//5492 2725//5492
f 2829//5493 2725//5493 2756//5493
f 2830//5494 2801//5494 2726//5494
f 2830//5495 2726//5495 2757//5495
f 2831//5496 2802//5496 2727//5496
f 2831//5497 2727//5497 2758//5497
f 2832//5498 2728//5498 2759//5498
f 2832//5499 2803//5499 2728//5499
f 2833//5500 2732//5500 2761//5500
f 2833//5501 2805//5501 2732//5501
f 2834//5502 2733//5502 2762//5502
f 2834//5503 2806//5503 2733//5503
f 2835//5504 2734//5504 2763//5504
f 2835//5505 2807//5505 2734//5505
f 2836//5506 2735//5506 2764//5506
f 2836//5507 2808//5507 2735//5507
f 2837//5508 2736//5508 2765//5508
f 2837//5509 2809//5509 2736//5509
f 2838//5510 2810//5510 2737//5510
f 2838//5511 2737//5511 2766//5511
f 2839//5512 2811//5512 2738//5512
f 2839//5513 2738//5513 2767//5513
f 2840//5514 2812//5514 2739//5514
f 2840//5515 2739//5515 2768//5515
f 2841//5516 2740//5516 2769//5516
f 2841//5517 2813//5517 2740//5517
f 2842//5518 2741//5518 2770//5518
f 2842//5519 2814//5519 2741//5519
f 2843//5520 2742//5520 2771//5520
f 2843//5521 2815//5521 2742//5521
f 2844//5522 2743//5522 2772//5522
f 2844//5523 2816//5523 2743//5523
f 2845//5524 2744//5524 2773//5524
f 2845//5525 2817//5525 2744//5525
f 2846//5526 2745//5526 2774//5526
f 2846//5527 2818//5527 2745//5527
f 2846//5528 2730//5528 2818//5528
f 2847//5529 2819//5529 2746//5529
f 2847//5530 2746//5530 2775//5530
f 2848//5531 2820//5531 2747//5531
f 2848//5532 2747//5532 2776//5532
f 2849//5533 2821//5533 2748//5533
f 2849//5534 2748//5534 2777//5534
f 2850//5535 2749//5535 2778//5535
f 2850//5536 2822//5536 2749//5536
f 2851//5537 2823//5537 2750//5537
f 2851//5538 2750//5538 2779//5538
f 2852//5539 2824//5539 2751//5539
f 2852//5540 2751//5540 2780//5540
f 2853//5541 2825//5541 2752//5541
f 2853//5542 2752//5542 2781//5542
f 2854//5543 2826//5543 2753//5543
f 2854//5544 2753//5544 2782//5544
f 2855//5545 2754//5545 2783//5545
f 2855//5546 2827//5546 2754//5546
f 2856//5547 2755//5547 2784//5547
f 2856//5548 2828//5548 2755//5548
f 2857//5549 2829//5549 2756//5549
f 2857//5550 2756//5550 2785//5550
f 2858//5551 2757//5551 2786//5551
f 2858//5552 2830//5552 2757//5552
f 2859//5553 2758//5553 2787//5553
f 2859//5554 2831//5554 2758//5554
f 2860//5555 2832//5555 2759//5555
f 2860//5556 2759//5556 2788//5556
f 2861//5557 2761//5557 2790//5557
f 2861//5558 2833//5558 2761//5558
f 2862//5559 2834//5559 2762//5559
f 2862//5560 2762//5560 2791//5560
f 2863//5561 2763//5561 2792//5561
f 2863//5562 2835//5562 2763//5562
f 2864//5563 2836//5563 2764//5563
f 2864//5564 2764//5564 2793//5564
f 2865//5565 2765//5565 2794//5565
f 2865//5566 2837//5566 2765//5566
f 2866//5567 2766//5567 2795//5567
f 2866//5568 2838//5568 2766//5568
f 2867//5569 2767//5569 2796//5569
f 2867//5570 2839//5570 2767//5570
f 2868//5571 2768//5571 2797//5571
f 2868//5572 2840//5572 2768//5572
f 2869//5573 2769//5573 2798//5573
f 2869//5574 2841//5574 2769//5574
f 2870//5575 2770//5575 2799//5575
f 2870//5576 2842//5576 2770//5576
f 2871//5577 2771//5577 2800//5577
f 2871//5578 2843//5578 2771//5578
f 2872//5579 2772//5579 2801//5579
f 2872//5580 2844//5580 2772//5580
f 2873//5581 2773//5581 2802//5581
f 2873//5582 2845//5582 2773//5582
f 2874//5583 2846//5583 2774//5583
f 2874//5584 2774//5584 2803//5584
f 2874//5585 2730//5585 2846//5585
f 2875//5586 2775//5586 448//5586
f 2875//5587 2847//5587 2775//5587
f 2876//5588 2776//5588 2805//5588
f 2876//5589 2848//5589 2776//5589
f 2877//5590 2777//5590 2806//5590
f 2877//5591 2849//5591 2777//5591
f 2878//5592 2850//5592 2778//5592
f 2878//5593 2778//5593 2807//5593
f 2879//5594 2779//5594 2808//5594
f 2879//5595 2851//5595 2779//5595
f 2880//5596 2780//5596 2809//5596
f 2880//5597 2852//5597 2780//5597
f 2881//5598 2781//5598 2810//5598
f 2881//5599 2853//5599 2781//5599
f 2882//5600 2854//5600 2782//5600
f 2882//5601 2782//5601 2811//5601
f 2883//5602 2855//5602 2783//5602
f 2883//5603 2783//5603 2812//5603
f 2884//5604 2784//5604 2813//5604
f 2884//5605 2856//5605 2784//5605
f 2885//5606 2857//5606 2785//5606
f 2885//5607 2785//5607 2814//5607
f 2886//5608 2858//5608 2786//5608
f 2886//5609 2786//5609 2815//5609
f 2887//5610 2859//5610 2787//5610
f 2887//5611 2787//5611 2816//5611
f 2888//5612 2860//5612 2788//5612
f 2888//5613 2788//5613 2817//5613
f 2889//5614 2861//5614 2790//5614
f 2889//5615 2790//5615 2819//5615
f 2890//5616 2862//5616 2791//5616
f 2890//5617 2791//5617 2820//5617
f 2891//5618 2863//5618 2792//5618
f 2891//5619 2792//5619 2821//5619
f 2892//5620 2864//5620 2793//5620
f 2892//5621 2793//5621 2822//5621
f 2893//5622 2865//5622 2794//5622
f 2893//5623 2794//5623 2823//5623
f 2894//5624 2795//5624 2824//5624
f 2894//5625 2866//5625 2795//5625
f 2895//5626 2867//5626 2796//5626
f 2895//5627 2796//5627 2825//5627
f 2896//5628 2797//5628 2826//5628
f 2896//5629 2868//5629 2797//5629
f 2897//5630 2798//5630 2827//5630
f 2897//5631 2869//5631 2798//5631
f 2898//5632 2799//5632 2828//5632
f 2898//5633 2870//5633 2799//5633
f 2899//5634 2871//5634 2800//5634
f 2899//5635 2800//5635 2829//5635
f 2900//5636 2872//5636 2801//5636
f 2900//5637 2801//5637 2830//5637
f 2901//5638 2873//5638 2802//5638
f 2901//5639 2802//5639 2831//5639
f 2902//5640 2730//5640 2874//5640
f 2902//5641 2874//5641 2803//5641
f 2902//5642 2803//5642 2832//5642
f 2903//5643 2875//5643 448//5643
f 2903//5644 490//5644 2875//5644
f 2903//5645 448//5645 490//5645
f 2904//5646 2805//5646 2833//5646
f 2904//5647 2876//5647 2805//5647
f 2905//5648 2806//5648 2834//5648
f 2905//5649 2877//5649 2806//5649
f 2906//5650 2807//5650 2835//5650
f 2906//5651 2878//5651 2807//5651
f 2907//5652 2879//5652 2808//5652
f 2907//5653 2808//5653 2836//5653
f 2908//5654 2809//5654 2837//5654
f 2908//5655 2880//5655 2809//5655
f 2909//5656 2810//5656 2838//5656
f 2909//5657 2881//5657 2810//5657
f 2910//5658 2811//5658 2839//5658
f 2910//5659 2882//5659 2811//5659
f 2911//5660 2883//5660 2812//5660
f 2911//5661 2812//5661 2840//5661
f 2912//5662 2813//5662 2841//5662
f 2912//5663 2884//5663 2813//5663
f 2913//5664 2885//5664 2814//5664
f 2913//5665 2814//5665 2842//5665
f 2914//5666 2815//5666 2843//5666
f 2914//5667 2886//5667 2815//5667
f 2915//5668 2816//5668 2844//5668
f 2915//5669 2887//5669 2816//5669
f 2916//5670 2817//5670 2845//5670
f 2916//5671 2888//5671 2817//5671
f 2917//5672 2819//5672 2847//5672
f 2917//5673 2889//5673 2819//5673
f 2918//5674 2890//5674 2820//5674
f 2918//5675 2820//5675 2848//5675
f 2919//5676 2821//5676 2849//5676
f 2919//5677 2891//5677 2821//5677
f 2920//5678 2892//5678 2822//5678
f 2920//5679 2822//5679 2850//5679
f 2921//5680 2823//5680 2851//5680
f 2921//5681 2893//5681 2823//5681
f 2922//5682 2824//5682 2852//5682
f 2922//5683 2894//5683 2824//5683
f 2923//5684 2825//5684 2853//5684
f 2923//5685 2895//5685 2825//5685
f 2924//5686 2826//5686 2854//5686
f 2924//5687 2896//5687 2826//5687
f 2925//5688 2827//5688 2855//5688
f 2925//5689 2897//5689 2827//5689
f 2926//5690 2828//5690 2856//5690
f 2926//5691 2898//5691 2828//5691
f 2927//5692 2899//5692 2829//5692
f 2927//5693 2829//5693 2857//5693
f 2928//5694 2900//5694 2830//5694
f 2928//5695 2830//5695 2858//5695
f 2929//5696 2831//5696 2859//5696
f 2929//5697 2901//5697 2831//5697
f 2930//5698 2730//5698 2902//5698
f 2930//5699 2832//5699 2860//5699
f 2930//5700 2902//5700 2832//5700
f 2931//5701 2904//5701 2833//5701
f 2931//5702 2833//5702 2861//5702
f 2932//5703 2834//5703 2862//5703
f 2932//5704 2905//5704 2834//5704
f 2933//5705 2835//5705 2863//5705
f 2933//5706 2906//5706 2835//5706
f 2934//5707 2907//5707 2836//5707
f 2934//5708 2836//5708 2864//5708
f 2935//5709 2837//5709 2865//5709
f 2935//5710 2908//5710 2837//5710
f 2936//5711 2838//5711 2866//5711
f 2936//5712 2909//5712 2838//5712
f 2937//5713 2839//5713 2867//5713
f 2937//5714 2910//5714 2839//5714
f 2938//5715 2911//5715 2840//5715
f 2938//5716 2840//5716 2868//5716
f 2939//5717 2912//5717 2841//5717
f 2939//5718 2841//5718 2869//5718
f 2940//5719 2913//5719 2842//5719
f 2940//5720 2842//5720 2870//5720
f 2941//5721 2843//5721 2871//5721
f 2941//5722 2914//5722 2843//5722
f 2942//5723 2844//5723 2872//5723
f 2942//5724 2915//5724 2844//5724
f 2943//5725 2845//5725 2873//5725
f 2943//5726 2916//5726 2845//5726
f 2944//5727 2917//5727 2847//5727
f 2944//5728 2847//5728 2875//5728
f 2945//5729 2918//5729 2848//5729
f 2945//5730 2848//5730 2876//5730
f 2946//5731 2849//5731 2877//5731
f 2946//5732 2919//5732 2849//5732
f 2947//5733 2850//5733 2878//5733
f 2947//5734 2920//5734 2850//5734
f 2948//5735 2851//5735 2879//5735
f 2948//5736 2921//5736 2851//5736
f 2949//5737 2852//5737 2880//5737
f 2949//5738 2922//5738 2852//5738
f 2950//5739 2923//5739 2853//5739
f 2950//5740 2853//5740 2881//5740
f 2951//5741 2924//5741 2854//5741
f 2951//5742 2854//5742 2882//5742
f 2952//5743 2925//5743 2855//5743
f 2952//5744 2855//5744 2883//5744
f 2953//5745 2856//5745 2884//5745
f 2953//5746 2926//5746 2856//5746
f 2954//5747 2857//5747 2885//5747
f 2954//5748 2927//5748 2857//5748
f 2955//5749 2928//5749 2858//5749
f 2955//5750 2858//5750 2886//5750
f 2956//5751 2929//5751 2859//5751
f 2956//5752 2859//5752 2887//5752
f 2957//5753 2930//5753 2860//5753
f 2957//5754 2860//5754 2888//5754
f 2957//5755 2730//5755 2930//5755
f 2958//5756 2861//5756 2889//5756
f 2958//5757 2931//5757 2861//5757
f 2959//5758 2862//5758 2890//5758
f 2959//5759 2932//5759 2862//5759
f 2960//5760 2933//5760 2863//5760
f 2960//5761 2863//5761 2891//5761
f 2961//5762 2864//5762 2892//5762
f 2961//5763 2934//5763 2864//5763
f 2962//5764 2865//5764 2893//5764
f 2962//5765 2935//5765 2865//5765
f 2963//5766 2866//5766 2894//5766
f 2963//5767 2936//5767 2866//5767
f 2964//5768 2867//5768 2895//5768
f 2964//5769 2937//5769 2867//5769
f 2965//5770 2868//5770 2896//5770
f 2965//5771 2938//5771 2868//5771
f 2966//5772 2869//5772 2897//5772
f 2966//5773 2939//5773 2869//5773
f 2967//5774 2870//5774 2898//5774
f 2967//5775 2940//5775 2870//5775
f 2968//5776 2871//5776 2899//5776
f 2968//5777 2941//5777 2871//5777
f 2969//5778 2942//5778 2872//5778
f 2969//5779 2872//5779 2900//5779
f 2970//5780 2943//5780 2873//5780
f 2970//5781 2873//5781 2901//5781
f 2971//5782 2875//5782 490//5782
f 2971//5783 2944//5783 2875//5783
f 2971//5784 552//5784 2944//5784
f 2971//5785 490//5785 551//5785
f 2971//5786 551//5786 552//5786
f 2972//5787 2945//5787 2876//5787
f 2972//5788 2876//5788 2904//5788
f 2973//5789 2877//5789 2905//5789
f 2973//5790 2946//5790 2877//5790
f 2974//5791 2947//5791 2878//5791
f 2974//5792 2878//5792 2906//5792
f 2975//5793 2879//5793 2907//5793
f 2975//5794 2948//5794 2879//5794
f 2976//5795 2880//5795 2908//5795
f 2976//5796 2949//5796 2880//5796
f 2977//5797 2881//5797 2909//5797
f 2977//5798 2950//5798 2881//5798
f 2978//5799 2882//5799 2910//5799
f 2978//5800 2951//5800 2882//5800
f 2979//5801 2883//5801 2911//5801
f 2979//5802 2952//5802 2883//5802
f 2980//5803 2884//5803 2912//5803
f 2980//5804 2953//5804 2884//5804
f 2981//5805 2885//5805 2913//5805
f 2981//5806 2954//5806 2885//5806
f 2982//5807 2886//5807 2914//5807
f 2982//5808 2955//5808 2886//5808
f 2983//5809 2887//5809 2915//5809
f 2983//5810 2956//5810 2887//5810
f 2984//5811 2957//5811 2888//5811
f 2984//5812 2888//5812 2916//5812
f 2984//5813 2730//5813 2957//5813
f 2985//5814 2958//5814 2889//5814
f 2985//5815 2889//5815 2917//5815
f 2986//5816 2959//5816 2890//5816
f 2986//5817 2890//5817 2918//5817
f 2987//5818 2891//5818 2919//5818
f 2987//5819 2960//5819 2891//5819
f 2988//5820 2961//5820 2892//5820
f 2988//5821 2892//5821 2920//5821
f 2989//5822 2962//5822 2893//5822
f 2989//5823 2893//5823 2921//5823
f 2990//5824 2894//5824 2922//5824
f 2990//5825 2963//5825 2894//5825
f 2991//5826 2895//5826 2923//5826
f 2991//5827 2964//5827 2895//5827
f 2992//5828 2965//5828 2896//5828
f 2992//5829 2896//5829 2924//5829
f 2993//5830 2966//5830 2897//5830
f 2993//5831 2897//5831 2925//5831
f 2994//5832 2898//5832 2926//5832
f 2994//5833 2967//5833 2898//5833
f 2995//5834 2899//5834 2927//5834
f 2995//5835 2968//5835 2899//5835
f 2996//5836 2900//5836 2928//5836
f 2996//5837 2969//5837 2900//5837
f 2997//5838 2901//5838 2929//5838
f 2997//5839 2970//5839 2901//5839
f 2998//5840 2904//5840 2931//5840
f 2998//5841 2972//5841 2904//5841
f 2999//5842 2973//5842 2905//5842
f 2999//5843 2905//5843 2932//5843
f 3000//5844 2906//5844 2933//5844
f 3000//5845 2974//5845 2906//5845
f 3001//5846 2907//5846 2934//5846
f 3001//5847 2975//5847 2907//5847
f 3002//5848 2976//5848 2908//5848
f 3002//5849 2908//5849 2935//5849
f 3003//5850 2909//5850 2936//5850
f 3003//5851 2977//5851 2909//5851
f 3004//5852 2910//5852 2937//5852
f 3004//5853 2978//5853 2910//5853
f 3005//5854 2911//5854 2938//5854
f 3005//5855 2979//5855 2911//5855
f 3006//5856 2912//5856 2939//5856
f 3006//5857 2980//5857 2912//5857
f 3007//5858 2913//5858 2940//5858
f 3007//5859 2981//5859 2913//5859
f 3008//5860 2982//5860 2914//5860
f 3008//5861 2914//5861 2941//5861
f 3009//5862 2983//5862 2915//5862
f 3009//5863 2915//5863 2942//5863
f 3010//5864 2730//5864 2984//5864
f 3010//5865 2916//5865 2943//5865
f 3010//5866 2984//5866 2916//5866
f 3011//5867 2985//5867 2917//5867
f 3011//5868 2917//5868 2944//5868
f 3012//5869 2918//5869 2945//5869
f 3012//5870 2986//5870 2918//5870
f 3013//5871 2919//5871 2946//5871
f 3013//5872 2987//5872 2919//5872
f 3014//5873 2920//5873 2947//5873
f 3014//5874 2988//5874 2920//5874
f 3015//5875 2921//5875 2948//5875
f 3015//5876 2989//5876 2921//5876
f 3016//5877 2990//5877 2922//5877
f 3016//5878 2922//5878 2949//5878
f 3017//5879 2991//5879 2923//5879
f 3017//5880 2923//5880 2950//5880
f 3018//5881 2924//5881 2951//5881
f 3018//5882 2992//5882 2924//5882
f 3019//5883 2993//5883 2925//5883
f 3019//5884 2925//5884 2952//5884
f 3020//5885 2994//5885 2926//5885
f 3020//5886 2926//5886 2953//5886
f 3021//5887 2927//5887 2954//5887
f 3021//5888 2995//5888 2927//5888
f 3022//5889 2928//5889 2955//5889
f 3022//5890 2996//5890 2928//5890
f 3023//5891 2997//5891 2929//5891
f 3023//5892 2929//5892 2956//5892
f 3024//5893 2931//5893 2958//5893
f 3024//5894 2998//5894 2931//5894
f 3025//5895 2999//5895 2932//5895
f 3025//5896 2932//5896 2959//5896
f 3026//5897 2933//5897 2960//5897
f 3026//5898 3000//5898 2933//5898
f 3027//5899 2934//5899 2961//5899
f 3027//5900 3001//5900 2934//5900
f 3028//5901 3002//5901 2935//5901
f 3028//5902 2935//5902 2962//5902
f 3029//5903 2936//5903 2963//5903
f 3029//5904 3003//5904 2936//5904
f 3030//5905 2937//5905 2964//5905
f 3030//5906 3004//5906 2937//5906
f 3031//5907 2938//5907 2965//5907
f 3031//5908 3005//5908 2938//5908
f 3032//5909 2939//5909 2966//5909
f 3032//5910 3006//5910 2939//5910
f 3033//5911 2940//5911 2967//5911
f 3033//5912 3007//5912 2940//5912
f 3034//5913 2941//5913 2968//5913
f 3034//5914 3008//5914 2941//5914
f 3035//5915 3009//5915 2942//5915
f 3035//5916 2942//5916 2969//5916
f 3036//5917 2730//5917 3010//5917
f 3036//5918 2943//5918 2970//5918
f 3036//5919 3010//5919 2943//5919
f 3037//5920 2944//5920 552//5920
f 3037//5921 3011//5921 2944//5921
f 3038//5922 3012//5922 2945//5922
f 3038//5923 2945//5923 2972//5923
f 3039//5924 3013//5924 2946//5924
f 3039//5925 2946//5925 2973//5925
f 3040//5926 3014//5926 2947//5926
f 3040//5927 2947//5927 2974//5927
f 3041//5928 2948//5928 2975//5928
f 3041//5929 3015//5929 2948//5929
f 3042//5930 3016//5930 2949//5930
f 3042//5931 2949//5931 2976//5931
f 3043//5932 2950//5932 2977//5932
f 3043//5933 3017//5933 2950//5933
f 3044//5934 2951//5934 2978//5934
f 3044//5935 3018//5935 2951//5935
f 3045//5936 3019//5936 2952//5936
f 3045//5937 2952//5937 2979//5937
f 3046//5938 2953//5938 2980//5938
f 3046//5939 3020//5939 2953//5939
f 3047//5940 3021//5940 2954//5940
f 3047//5941 2954//5941 2981//5941
f 3048//5942 3022//5942 2955//5942
f 3048//5943 2955//5943 2982//5943
f 3049//5944 3023//5944 2956//5944
f 3049//5945 2956//5945 2983//5945
f 3050//5946 3024//5946 2958//5946
f 3050//5947 2958//5947 2985//5947
f 3051//5948 2959//5948 2986//5948
f 3051//5949 3025//5949 2959//5949
f 3052//5950 3026//5950 2960//5950
f 3052//5951 2960//5951 2987//5951
f 3053//5952 2961//5952 2988//5952
f 3053//5953 3027//5953 2961//5953
f 3054//5954 2962//5954 2989//5954
f 3054//5955 3028//5955 2962//5955
f 3055//5956 3029//5956 2963//5956
f 3055//5957 2963//5957 2990//5957
f 3056//5958 2964//5958 2991//5958
f 3056//5959 3030//5959 2964//5959
f 3057//5960 2965//5960 2992//5960
f 3057//5961 3031//5961 2965//5961
f 3058//5962 2966//5962 2993//5962
f 3058//5963 3032//5963 2966//5963
f 3059//5964 2967//5964 2994//5964
f 3059//5965 3033//5965 2967//5965
f 3060//5966 2968//5966 2995//5966
f 3060//5967 3034//5967 2968//5967
f 3061//5968 2969//5968 2996//5968
f 3061//5969 3035//5969 2969//5969
f 3062//5970 2970//5970 2997//5970
f 3062//5971 2730//5971 3036//5971
f 3062//5972 3036//5972 2970//5972
f 3063//5973 599//5973 3037//5973
f 3063//5974 3037//5974 552//5974
f 3063//5975 552//5975 599//5975
f 3064//5976 3038//5976 2972//5976
f 3064//5977 2972//5977 2998//5977
f 3065//5978 3039//5978 2973//5978
f 3065//5979 2973//5979 2999//5979
f 3066//5980 2974//5980 3000//5980
f 3066//5981 3040//5981 2974//5981
f 3067//5982 2975//5982 3001//5982
f 3067//5983 3041//5983 2975//5983
f 3068//5984 3042//5984 2976//5984
f 3068//5985 2976//5985 3002//5985
f 3069//5986 3043//5986 2977//5986
f 3069//5987 2977//5987 3003//5987
f 3070//5988 2978//5988 3004//5988
f 3070//5989 3044//5989 2978//5989
f 3071//5990 2979//5990 3005//5990
f 3071//5991 3045//5991 2979//5991
f 3072//5992 3046//5992 2980//5992
f 3072//5993 2980//5993 3006//5993
f 3073//5994 2981//5994 3007//5994
f 3073//5995 3047//5995 2981//5995
f 3074//5996 2982//5996 3008//5996
f 3074//5997 3048//5997 2982//5997
f 3075//5998 2983//5998 3009//5998
f 3075//5999 3049//5999 2983//5999
f 3076//6000 3050//6000 2985//6000
f 3076//6001 2985//6001 3011//6001
f 3077//6002 2986//6002 3012//6002
f 3077//6003 3051//6003 2986//6003
f 3078//6004 2987//6004 3013//6004
f 3078//6005 3052//6005 2987//6005
f 3079//6006 3053//6006 2988//6006
f 3079//6007 2988//6007 3014//6007
f 3080//6008 2989//6008 3015//6008
f 3080//6009 3054//6009 2989//6009
f 3081//6010 2990//6010 3016//6010
f 3081//6011 3055//6011 2990//6011
f 3082//6012 3056//6012 2991//6012
f 3082//6013 2991//6013 3017//6013
f 3083//6014 2992//6014 3018//6014
f 3083//6015 3057//6015 2992//6015
f 3084//6016 2993//6016 3019//6016
f 3084//6017 3058//6017 2993//6017
f 3085//6018 3059//6018 2994//6018
f 3085//6019 2994//6019 3020//6019
f 3086//6020 3060//6020 2995//6020
f 3086//6021 2995//6021 3021//6021
f 3087//6022 2996//6022 3022//6022
f 3087//6023 3061//6023 2996//6023
f 3088//6024 2730//6024 3062//6024
f 3088//6025 3062//6025 2997//6025
f 3088//6026 2997//6026 3023//6026
f 3089//6027 2998//6027 3024//6027
f 3089//6028 3064//6028 2998//6028
f 3090//6029 2999//6029 3025//6029
f 3090//6030 3065//6030 2999//6030
f 3091//6031 3000//6031 3026//6031
f 3091//6032 3066//6032 3000//6032
f 3092//6033 3001//6033 3027//6033
f 3092//6034 3067//6034 3001//6034
f 3093//6035 3068//6035 3002//6035
f 3093//6036 3002//6036 3028//6036
f 3094//6037 3003//6037 3029//6037
f 3094//6038 3069//6038 3003//6038
f 3095//6039 3070//6039 3004//6039
f 3095//6040 3004//6040 3030//6040
f 3096//6041 3005//6041 3031//6041
f 3096//6042 3071//6042 3005//6042
f 3097//6043 3006//6043 3032//6043
f 3097//6044 3072//6044 3006//6044
f 3098//6045 3007//6045 3033//6045
f 3098//6046 3073//6046 3007//6046
f 3099//6047 3008//6047 3034//6047
f 3099//6048 3074//6048 3008//6048
f 3100//6049 3009//6049 3035//6049
f 3100//6050 3075//6050 3009//6050
f 3101//6051 3076//6051 3011//6051
f 3101//6052 3011//6052 3037//6052
f 3102//6053 3077//6053 3012//6053
f 3102//6054 3012//6054 3038//6054
f 3103//6055 3078//6055 3013//6055
f 3103//6056 3013//6056 3039//6056
f 3104//6057 3014//6057 3040//6057
f 3104//6058 3079//6058 3014//6058
f 3105//6059 3015//6059 3041//6059
f 3105//6060 3080//6060 3015//6060
f 3106//6061 3016//6061 3042//6061
f 3106//6062 3081//6062 3016//6062
f 3107//6063 3017//6063 3043//6063
f 3107//6064 3082//6064 3017//6064
f 3108//6065 3083//6065 3018//6065
f 3108//6066 3018//6066 3044//6066
f 3109//6067 3084//6067 3019//6067
f 3109//6068 3019//6068 3045//6068
f 3110//6069 3020//6069 3046//6069
f 3110//6070 3085//6070 3020//6070
f 3111//6071 3021//6071 3047//6071
f 3111//6072 3086//6072 3021//6072
f 3112//6073 3022//6073 3048//6073
f 3112//6074 3087//6074 3022//6074
f 3113//6075 2730//6075 3088//6075
f 3113//6076 3088//6076 3023//6076
f 3113//6077 3023//6077 3049//6077
f 3114//6078 3089//6078 3024//6078
f 3114//6079 3024//6079 3050//6079
f 3115//6080 3025//6080 3051//6080
f 3115//6081 3090//6081 3025//6081
f 3116//6082 3026//6082 3052//6082
f 3116//6083 3091//6083 3026//6083
f 3117//6084 3027//6084 3053//6084
f 3117//6085 3092//6085 3027//6085
f 3118//6086 3093//6086 3028//6086
f 3118//6087 3028//6087 3054//6087
f 3119//6088 3029//6088 3055//6088
f 3119//6089 3094//6089 3029//6089
f 3120//6090 3095//6090 3030//6090
f 3120//6091 3030//6091 3056//6091
f 3121//6092 3096//6092 3031//6092
f 3121//6093 3031//6093 3057//6093
f 3122//6094 3097//6094 3032//6094
f 3122//6095 3032//6095 3058//6095
f 3123//6096 3098//6096 3033//6096
f 3123//6097 3033//6097 3059//6097
f 3124//6098 3034//6098 3060//6098
f 3124//6099 3099//6099 3034//6099
f 3125//6100 3100//6100 3035//6100
f 3125//6101 3035//6101 3061//6101
f 3126//6102 3101//6102 3037//6102
f 3126//6103 3037//6103 599//6103
f 3126//6104 599//6104 667//6104
f 3126//6105 667//6105 668//6105
f 3127//6106 3102//6106 3038//6106
f 3127//6107 3038//6107 3064//6107
f 3128//6108 3103//6108 3039//6108
f 3128//6109 3039//6109 3065//6109
f 3129//6110 3040//6110 3066//6110
f 3129//6111 3104//6111 3040//6111
f 3130//6112 3041//6112 3067//6112
f 3130//6113 3105//6113 3041//6113
f 3131//6114 3106//6114 3042//6114
f 3131//6115 3042//6115 3068//6115
f 3132//6116 3107//6116 3043//6116
f 3132//6117 3043//6117 3069//6117
f 3133//6118 3108//6118 3044//6118
f 3133//6119 3044//6119 3070//6119
f 3134//6120 3109//6120 3045//6120
f 3134//6121 3045//6121 3071//6121
f 3135//6122 3110//6122 3046//6122
f 3135//6123 3046//6123 3072//6123
f 3136//6124 3047//6124 3073//6124
f 3136//6125 3111//6125 3047//6125
f 3137//6126 3048//6126 3074//6126
f 3137//6127 3112//6127 3048//6127
f 3138//6128 2730//6128 3113//6128
f 3138//6129 3049//6129 3075//6129
f 3138//6130 3113//6130 3049//6130
f 3139//6131 3114//6131 3050//6131
f 3139//6132 3050//6132 3076//6132
f 3140//6133 3051//6133 3077//6133
f 3140//6134 3115//6134 3051//6134
f 3141//6135 3052//6135 3078//6135
f 3141//6136 3116//6136 3052//6136
f 3142//6137 3117//6137 3053//6137
f 3142//6138 3053//6138 3079//6138
f 3143//6139 3118//6139 3054//6139
f 3143//6140 3054//6140 3080//6140
f 3144//6141 3055//6141 3081//6141
f 3144//6142 3119//6142 3055//6142
f 3145//6143 3120//6143 3056//6143
f 3145//6144 3056//6144 3082//6144
f 3146//6145 3121//6145 3057//6145
f 3146//6146 3057//6146 3083//6146
f 3147//6147 3122//6147 3058//6147
f 3147//6148 3058//6148 3084//6148
f 3148//6149 3123//6149 3059//6149
f 3148//6150 3059//6150 3085//6150
f 3149//6151 3124//6151 3060//6151
f 3149//6152 3060//6152 3086//6152
f 3150//6153 3061//6153 3087//6153
f 3150//6154 3125//6154 3061//6154
f 3151//6155 3127//6155 3064//6155
f 3151//6156 3064//6156 3089//6156
f 3152//6157 3065//6157 3090//6157
f 3152//6158 3128//6158 3065//6158
f 3153//6159 3129//6159 3066//6159
f 3153//6160 3066//6160 3091//6160
f 3154//6161 3067//6161 3092//6161
f 3154//6162 3130//6162 3067//6162
f 3155//6163 3131//6163 3068//6163
f 3155//6164 3068//6164 3093//6164
f 3156//6165 3069//6165 3094//6165
f 3156//6166 3132//6166 3069//6166
f 3157//6167 3133//6167 3070//6167
f 3157//6168 3070//6168 3095//6168
f 3158//6169 3134//6169 3071//6169
f 3158//6170 3071//6170 3096//6170
f 3159//6171 3072//6171 3097//6171
f 3159//6172 3135//6172 3072//6172
f 3160//6173 3073//6173 3098//6173
f 3160//6174 3136//6174 3073//6174
f 3161//6175 3074//6175 3099//6175
f 3161//6176 3137//6176 3074//6176
f 3162//6177 3138//6177 3075//6177
f 3162//6178 3075//6178 3100//6178
f 3162//6179 2730//6179 3138//6179
f 3163//6180 3139//6180 3076//6180
f 3163//6181 3076//6181 3101//6181
f 3164//6182 3077//6182 3102//6182
f 3164//6183 3140//6183 3077//6183
f 3165//6184 3141//6184 3078//6184
f 3165//6185 3078//6185 3103//6185
f 3166//6186 3142//6186 3079//6186
f 3166//6187 3079//6187 3104//6187
f 3167//6188 3080//6188 3105//6188
f 3167//6189 3143//6189 3080//6189
f 3168//6190 3081//6190 3106//6190
f 3168//6191 3144//6191 3081//6191
f 3169//6192 3082//6192 3107//6192
f 3169//6193 3145//6193 3082//6193
f 3170//6194 3146//6194 3083//6194
f 3170//6195 3083//6195 3108//6195
f 3171//6196 3084//6196 3109//6196
f 3171//6197 3147//6197 3084//6197
f 3172//6198 3085//6198 3110//6198
f 3172//6199 3148//6199 3085//6199
f 3173//6200 3086//6200 3111//6200
f 3173//6201 3149//6201 3086//6201
f 3174//6202 3087//6202 3112//6202
f 3174//6203 3150//6203 3087//6203
f 3175//6204 3151//6204 3089//6204
f 3175//6205 3089//6205 3114//6205
f 3176//6206 3152//6206 3090//6206
f 3176//6207 3090//6207 3115//6207
f 3177//6208 3091//6208 3116//6208
f 3177//6209 3153//6209 3091//6209
f 3178//6210 3092//6210 3117//6210
f 3178//6211 3154//6211 3092//6211
f 3179//6212 3093//6212 3118//6212
f 3179//6213 3155//6213 3093//6213
f 3180//6214 3094//6214 3119//6214
f 3180//6215 3156//6215 3094//6215
f 3181//6216 3095//6216 3120//6216
f 3181//6217 3157//6217 3095//6217
f 3182//6218 3096//6218 3121//6218
f 3182//6219 3158//6219 3096//6219
f 3183//6220 3097//6220 3122//6220
f 3183//6221 3159//6221 3097//6221
f 3184//6222 3160//6222 3098//6222
f 3184//6223 3098//6223 3123//6223
f 3185//6224 3161//6224 3099//6224
f 3185//6225 3099//6225 3124//6225
f 3186//6226 3162//6226 3100//6226
f 3186//6227 3100//6227 3125//6227
f 3186//6228 2730//6228 3162//6228
f 3187//6229 3126//6229 668//6229
f 3187//6230 3101//6230 3126//6230
f 3187//6231 3163//6231 3101//6231
f 3188//6232 3102//6232 3127//6232
f 3188//6233 3164//6233 3102//6233
f 3189//6234 3103//6234 3128//6234
f 3189//6235 3165//6235 3103//6235
f 3190//6236 3104//6236 3129//6236
f 3190//6237 3166//6237 3104//6237
f 3191//6238 3167//6238 3105//6238
f 3191//6239 3105//6239 3130//6239
f 3192//6240 3106//6240 3131//6240
f 3192//6241 3168//6241 3106//6241
f 3193//6242 3169//6242 3107//6242
f 3193//6243 3107//6243 3132//6243
f 3194//6244 3170//6244 3108//6244
f 3194//6245 3108//6245 3133//6245
f 3195//6246 3109//6246 3134//6246
f 3195//6247 3171//6247 3109//6247
f 3196//6248 3110//6248 3135//6248
f 3196//6249 3172//6249 3110//6249
f 3197//6250 3111//6250 3136//6250
f 3197//6251 3173//6251 3111//6251
f 3198//6252 3112//6252 3137//6252
f 3198//6253 3174//6253 3112//6253
f 3199//6254 3175//6254 3114//6254
f 3199//6255 3114//6255 3139//6255
f 3200//6256 3176//6256 3115//6256
f 3200//6257 3115//6257 3140//6257
f 3201//6258 3116//6258 3141//6258
f 3201//6259 3177//6259 3116//6259
f 3202//6260 3117//6260 3142//6260
f 3202//6261 3178//6261 3117//6261
f 3203//6262 3179//6262 3118//6262
f 3203//6263 3118//6263 3143//6263
f 3204//6264 3119//6264 3144//6264
f 3204//6265 3180//6265 3119//6265
f 3205//6266 3120//6266 3145//6266
f 3205//6267 3181//6267 3120//6267
f 3206//6268 3182//6268 3121//6268
f 3206//6269 3121//6269 3146//6269
f 3207//6270 3183//6270 3122//6270
f 3207//6271 3122//6271 3147//6271
f 3208//6272 3184//6272 3123//6272
f 3208//6273 3123//6273 3148//6273
f 3209//6274 3185//6274 3124//6274
f 3209//6275 3124//6275 3149//6275
f 3210//6276 2730//6276 3186//6276
f 3210//6277 3125//6277 3150//6277
f 3210//6278 3186//6278 3125//6278
f 3211//6279 3187//6279 668//6279
f 3211//6280 720//6280 3187//6280
f 3211//6281 668//6281 720//6281
f 3212//6282 3127//6282 3151//6282
f 3212//6283 3188//6283 3127//6283
f 3213//6284 3189//6284 3128//6284
f 3213//6285 3128//6285 3152//6285
f 3214//6286 3190//6286 3129//6286
f 3214//6287 3129//6287 3153//6287
f 3215//6288 3191//6288 3130//6288
f 3215//6289 3130//6289 3154//6289
f 3216//6290 3131//6290 3155//6290
f 3216//6291 3192//6291 3131//6291
f 3217//6292 3193//6292 3132//6292
f 3217//6293 3132//6293 3156//6293
f 3218//6294 3133//6294 3157//6294
f 3218//6295 3194//6295 3133//6295
f 3219//6296 3134//6296 3158//6296
f 3219//6297 3195//6297 3134//6297
f 3220//6298 3135//6298 3159//6298
f 3220//6299 3196//6299 3135//6299
f 3221//6300 3136//6300 3160//6300
f 3221//6301 3197//6301 3136//6301
f 3222//6302 3137//6302 3161//6302
f 3222//6303 3198//6303 3137//6303
f 3223//6304 3139//6304 3163//6304
f 3223//6305 3199//6305 3139//6305
f 3224//6306 3200//6306 3140//6306
f 3224//6307 3140//6307 3164//6307
f 3225//6308 3141//6308 3165//6308
f 3225//6309 3201//6309 3141//6309
f 3226//6310 3142//6310 3166//6310
f 3226//6311 3202//6311 3142//6311
f 3227//6312 3203//6312 3143//6312
f 3227//6313 3143//6313 3167//6313
f 3228//6314 3144//6314 3168//6314
f 3228//6315 3204//6315 3144//6315
f 3229//6316 3145//6316 3169//6316
f 3229//6317 3205//6317 3145//6317
f 3230//6318 3146//6318 3170//6318
f 3230//6319 3206//6319 3146//6319
f 3231//6320 3147//6320 3171//6320
f 3231//6321 3207//6321 3147//6321
f 3232//6322 3148//6322 3172//6322
f 3232//6323 3208//6323 3148//6323
f 3233//6324 3149//6324 3173//6324
f 3233//6325 3209//6325 3149//6325
f 3234//6326 2730//6326 3210//6326
f 3234//6327 3150//6327 3174//6327
f 3234//6328 3210//6328 3150//6328
f 3235//6329 3212//6329 3151//6329
f 3235//6330 3151//6330 3175//6330
f 3236//6331 3213//6331 3152//6331
f 3236//6332 3152//6332 3176//6332
f 3237//6333 3153//6333 3177//6333
f 3237//6334 3214//6334 3153//6334
f 3238//6335 3154//6335 3178//6335
f 3238//6336 3215//6336 3154//6336
f 3239//6337 3155//6337 3179//6337
f 3239//6338 3216//6338 3155//6338
f 3240//6339 3156//6339 3180//6339
f 3240//6340 3217//6340 3156//6340
f 3241//6341 3157//6341 3181//6341
f 3241//6342 3218//6342 3157//6342
f 3242//6343 3158//6343 3182//6343
f 3242//6344 3219//6344 3158//6344
f 3243//6345 3220//6345 3159//6345
f 3243//6346 3159//6346 3183//6346
f 3244//6347 3221//6347 3160//6347
f 3244//6348 3160//6348 3184//6348
f 3245//6349 3222//6349 3161//6349
f 3245//6350 3161//6350 3185//6350
f 3246//6351 3223//6351 3163//6351
f 3246//6352 3187//6352 720//6352
f 3246//6353 3163//6353 3187//6353
f 3247//6354 3224//6354 3164//6354
f 3247//6355 3164//6355 3188//6355
f 3248//6356 3225//6356 3165//6356
f 3248//6357 3165//6357 3189//6357
f 3249//6358 3226//6358 3166//6358
f 3249//6359 3166//6359 3190//6359
f 3250//6360 3167//6360 3191//6360
f 3250//6361 3227//6361 3167//6361
f 3251//6362 3168//6362 3192//6362
f 3251//6363 3228//6363 3168//6363
f 3252//6364 3229//6364 3169//6364
f 3252//6365 3169//6365 3193//6365
f 3253//6366 3230//6366 3170//6366
f 3253//6367 3170//6367 3194//6367
f 3254//6368 3171//6368 3195//6368
f 3254//6369 3231//6369 3171//6369
f 3255//6370 3172//6370 3196//6370
f 3255//6371 3232//6371 3172//6371
f 3256//6372 3173//6372 3197//6372
f 3256//6373 3233//6373 3173//6373
f 3257//6374 3174//6374 3198//6374
f 3257//6375 2730//6375 3234//6375
f 3257//6376 3234//6376 3174//6376
f 3258//6377 3175//6377 3199//6377
f 3258//6378 3235//6378 3175//6378
f 3259//6379 3236//6379 3176//6379
f 3259//6380 3176//6380 3200//6380
f 3260//6381 3177//6381 3201//6381
f 3260//6382 3237//6382 3177//6382
f 3261//6383 3178//6383 3202//6383
f 3261//6384 3238//6384 3178//6384
f 3262//6385 3179//6385 3203//6385
f 3262//6386 3239//6386 3179//6386
f 3263//6387 3240//6387 3180//6387
f 3263//6388 3180//6388 3204//6388
f 3264//6389 3241//6389 3181//6389
f 3264//6390 3181//6390 3205//6390
f 3265//6391 3242//6391 3182//6391
f 3265//6392 3182//6392 3206//6392
f 3266//6393 3183//6393 3207//6393
f 3266//6394 3243//6394 3183//6394
f 3267//6395 3244//6395 3184//6395
f 3267//6396 3184//6396 3208//6396
f 3268//6397 3185//6397 3209//6397
f 3268//6398 3245//6398 3185//6398
f 3269//6399 3246//6399 720//6399
f 3269//6400 720//6400 795//6400
f 3269//6401 795//6401 796//6401
f 3270//6402 3188//6402 3212//6402
f 3270//6403 3247//6403 3188//6403
f 3271//6404 3248//6404 3189//6404
f 3271//6405 3189//6405 3213//6405
f 3272//6406 3249//6406 3190//6406
f 3272//6407 3190//6407 3214//6407
f 3273//6408 3191//6408 3215//6408
f 3273//6409 3250//6409 3191//6409
f 3274//6410 3251//6410 3192//6410
f 3274//6411 3192//6411 3216//6411
f 3275//6412 3193//6412 3217//6412
f 3275//6413 3252//6413 3193//6413
f 3276//6414 3194//6414 3218//6414
f 3276//6415 3253//6415 3194//6415
f 3277//6416 3195//6416 3219//6416
f 3277//6417 3254//6417 3195//6417
f 3278//6418 3255//6418 3196//6418
f 3278//6419 3196//6419 3220//6419
f 3279//6420 3256//6420 3197//6420
f 3279//6421 3197//6421 3221//6421
f 3280//6422 2730//6422 3257//6422
f 3280//6423 3257//6423 3198//6423
f 3280//6424 3198//6424 3222//6424
f 3281//6425 3258//6425 3199//6425
f 3281//6426 3199//6426 3223//6426
f 3282//6427 3200//6427 3224//6427
f 3282//6428 3259//6428 3200//6428
f 3283//6429 3260//6429 3201//6429
f 3283//6430 3201//6430 3225//6430
f 3284//6431 3261//6431 3202//6431
f 3284//6432 3202//6432 3226//6432
f 3285//6433 3203//6433 3227//6433
f 3285//6434 3262//6434 3203//6434
f 3286//6435 3263//6435 3204//6435
f 3286//6436 3204//6436 3228//6436
f 3287//6437 3205//6437 3229//6437
f 3287//6438 3264//6438 3205//6438
f 3288//6439 3265//6439 3206//6439
f 3288//6440 3206//6440 3230//6440
f 3289//6441 3266//6441 3207//6441
f 3289//6442 3207//6442 3231//6442
f 3290//6443 3208//6443 3232//6443
f 3290//6444 3267//6444 3208//6444
f 3291//6445 3209//6445 3233//6445
f 3291//6446 3268//6446 3209//6446
f 3292//6447 3212//6447 3235//6447
f 3292//6448 3270//6448 3212//6448
f 3293//6449 3213//6449 3236//6449
f 3293//6450 3271//6450 3213//6450
f 3294//6451 3214//6451 3237//6451
f 3294//6452 3272//6452 3214//6452
f 3295//6453 3215//6453 3238//6453
f 3295//6454 3273//6454 3215//6454
f 3296//6455 3216//6455 3239//6455
f 3296//6456 3274//6456 3216//6456
f 3297//6457 3217//6457 3240//6457
f 3297//6458 3275//6458 3217//6458
f 3298//6459 3276//6459 3218//6459
f 3298//6460 3218//6460 3241//6460
f 3299//6461 3219//6461 3242//6461
f 3299//6462 3277//6462 3219//6462
f 3300//6463 3220//6463 3243//6463
f 3300//6464 3278//6464 3220//6464
f 3301//6465 3221//6465 3244//6465
f 3301//6466 3279//6466 3221//6466
f 3302//6467 2730//6467 3280//6467
f 3302//6468 3222//6468 3245//6468
f 3302//6469 3280//6469 3222//6469
f 3303//6470 3281//6470 3223//6470
f 3303//6471 3223//6471 3246//6471
f 3304//6472 3282//6472 3224//6472
f 3304//6473 3224//6473 3247//6473
f 3305//6474 3283//6474 3225//6474
f 3305//6475 3225//6475 3248//6475
f 3306//6476 3284//6476 3226//6476
f 3306//6477 3226//6477 3249//6477
f 3307//6478 3285//6478 3227//6478
f 3307//6479 3227//6479 3250//6479
f 3308//6480 3228//6480 3251//6480
f 3308//6481 3286//6481 3228//6481
f 3309//6482 3229//6482 3252//6482
f 3309//6483 3287//6483 3229//6483
f 3310//6484 3230//6484 3253//6484
f 3310//6485 3288//6485 3230//6485
f 3311//6486 3289//6486 3231//6486
f 3311//6487 3231//6487 3254//6487
f 3312//6488 3290//6488 3232//6488
f 3312//6489 3232//6489 3255//6489
f 3313//6490 3291//6490 3233//6490
f 3313//6491 3233//6491 3256//6491
f 3314//6492 3292//6492 3235//6492
f 3314//6493 3235//6493 3258//6493
f 3315//6494 3236//6494 3259//6494
f 3315//6495 3293//6495 3236//6495
f 3316//6496 3294//6496 3237//6496
f 3316//6497 3237//6497 3260//6497
f 3317//6498 3238//6498 3261//6498
f 3317//6499 3295//6499 3238//6499
f 3318//6500 3239//6500 3262//6500
f 3318//6501 3296//6501 3239//6501
f 3319//6502 3297//6502 3240//6502
f 3319//6503 3240//6503 3263//6503
f 3320//6504 3241//6504 3264//6504
f 3320//6505 3298//6505 3241//6505
f 3321//6506 3242//6506 3265//6506
f 3321//6507 3299//6507 3242//6507
f 3322//6508 3243//6508 3266//6508
f 3322//6509 3300//6509 3243//6509
f 3323//6510 3301//6510 3244//6510
f 3323//6511 3244//6511 3267//6511
f 3324//6512 3245//6512 3268//6512
f 3324//6513 3302//6513 3245//6513
f 3324//6514 2730//6514 3302//6514
f 3325//6515 3269//6515 796//6515
f 3325//6516 3303//6516 3246//6516
f 3325//6517 3246//6517 3269//6517
f 3326//6518 3247//6518 3270//6518
f 3326//6519 3304//6519 3247//6519
f 3327//6520 3305//6520 3248//6520
f 3327//6521 3248//6521 3271//6521
f 3328//6522 3249//6522 3272//6522
f 3328//6523 3306//6523 3249//6523
f 3329//6524 3250//6524 3273//6524
f 3329//6525 3307//6525 3250//6525
f 3330//6526 3308//6526 3251//6526
f 3330//6527 3251//6527 3274//6527
f 3331//6528 3309//6528 3252//6528
f 3331//6529 3252//6529 3275//6529
f 3332//6530 3253//6530 3276//6530
f 3332//6531 3310//6531 3253//6531
f 3333//6532 3254//6532 3277//6532
f 3333//6533 3311//6533 3254//6533
f 3334//6534 3312//6534 3255//6534
f 3334//6535 3255//6535 3278//6535
f 3335//6536 3256//6536 3279//6536
f 3335//6537 3313//6537 3256//6537
f 3336//6538 3314//6538 3258//6538
f 3336//6539 3258//6539 3281//6539
f 3337//6540 3315//6540 3259//6540
f 3337//6541 3259//6541 3282//6541
f 3338//6542 3316//6542 3260//6542
f 3338//6543 3260//6543 3283//6543
f 3339//6544 3261//6544 3284//6544
f 3339//6545 3317//6545 3261//6545
f 3340//6546 3318//6546 3262//6546
f 3340//6547 3262//6547 3285//6547
f 3341//6548 3319//6548 3263//6548
f 3341//6549 3263//6549 3286//6549
f 3342//6550 3320//6550 3264//6550
f 3342//6551 3264//6551 3287//6551
f 3343//6552 3321//6552 3265//6552
f 3343//6553 3265//6553 3288//6553
f 3344//6554 3266//6554 3289//6554
f 3344//6555 3322//6555 3266//6555
f 3345//6556 3267//6556 3290//6556
f 3345//6557 3323//6557 3267//6557
f 3346//6558 2730//6558 3324//6558
f 3346//6559 3324//6559 3268//6559
f 3346//6560 3268//6560 3291//6560
f 3347//6561 3325//6561 796//6561
f 3347//6562 853//6562 3325//6562
f 3347//6563 796//6563 853//6563
f 3348//6564 3270//6564 3292//6564
f 3348//6565 3326//6565 3270//6565
f 3349//6566 3271//6566 3293//6566
f 3349//6567 3327//6567 3271//6567
f 3350//6568 3272//6568 3294//6568
f 3350//6569 3328//6569 3272//6569
f 3351//6570 3329//6570 3273//6570
f 3351//6571 3273//6571 3295//6571
f 3352//6572 3274//6572 3296//6572
f 3352//6573 3330//6573 3274//6573
f 3353//6574 3275//6574 3297//6574
f 3353//6575 3331//6575 3275//6575
f 3354//6576 3276//6576 3298//6576
f 3354//6577 3332//6577 3276//6577
f 3355//6578 3277//6578 3299//6578
f 3355//6579 3333//6579 3277//6579
f 3356//6580 3334//6580 3278//6580
f 3356//6581 3278//6581 3300//6581
f 3357//6582 3335//6582 3279//6582
f 3357//6583 3279//6583 3301//6583
f 3358//6584 3336//6584 3281//6584
f 3358//6585 3281//6585 3303//6585
f 3359//6586 3337//6586 3282//6586
f 3359//6587 3282//6587 3304//6587
f 3360//6588 3338//6588 3283//6588
f 3360//6589 3283//6589 3305//6589
f 3361//6590 3339//6590 3284//6590
f 3361//6591 3284//6591 3306//6591
f 3362//6592 3340//6592 3285//6592
f 3362//6593 3285//6593 3307//6593
f 3363//6594 3341//6594 3286//6594
f 3363//6595 3286//6595 3308//6595
f 3364//6596 3342//6596 3287//6596
f 3364//6597 3287//6597 3309//6597
f 3365//6598 3343//6598 3288//6598
f 3365//6599 3288//6599 3310//6599
f 3366//6600 3344//6600 3289//6600
f 3366//6601 3289//6601 3311//6601
f 3367//6602 3290//6602 3312//6602
f 3367//6603 3345//6603 3290//6603
f 3368//6604 3346//6604 3291//6604
f 3368//6605 2730//6605 3346//6605
f 3368//6606 3291//6606 3313//6606
f 3369//6607 3348//6607 3292//6607
f 3369//6608 3292//6608 3314//6608
f 3370//6609 3349//6609 3293//6609
f 3370//6610 3293//6610 3315//6610
f 3371//6611 3294//6611 3316//6611
f 3371//6612 3350//6612 3294//6612
f 3372//6613 3351//6613 3295//6613
f 3372//6614 3295//6614 3317//6614
f 3373//6615 3296//6615 3318//6615
f 3373//6616 3352//6616 3296//6616
f 3374//6617 3353//6617 3297//6617
f 3374//6618 3297//6618 3319//6618
f 3375//6619 3298//6619 3320//6619
f 3375//6620 3354//6620 3298//6620
f 3376//6621 3355//6621 3299//6621
f 3376//6622 3299//6622 3321//6622
f 3377//6623 3300//6623 3322//6623
f 3377//6624 3356//6624 3300//6624
f 3378//6625 3301//6625 3323//6625
f 3378//6626 3357//6626 3301//6626
f 3379//6627 3358//6627 3303//6627
f 3379//6628 3325//6628 853//6628
f 3379//6629 3303//6629 3325//6629
f 3380//6630 3304//6630 3326//6630
f 3380//6631 3359//6631 3304//6631
f 3381//6632 3305//6632 3327//6632
f 3381//6633 3360//6633 3305//6633
f 3382//6634 3306//6634 3328//6634
f 3382//6635 3361//6635 3306//6635
f 3383//6636 3307//6636 3329//6636
f 3383//6637 3362//6637 3307//6637
f 3384//6638 3308//6638 3330//6638
f 3384//6639 3363//6639 3308//6639
f 3385//6640 3309//6640 3331//6640
f 3385//6641 3364//6641 3309//6641
f 3386//6642 3310//6642 3332//6642
f 3386//6643 3365//6643 3310//6643
f 3387//6644 3311//6644 3333//6644
f 3387//6645 3366//6645 3311//6645
f 3388//6646 3367//6646 3312//6646
f 3388//6647 3312//6647 3334//6647
f 3389//6648 3313//6648 3335//6648
f 3389//6649 2730//6649 3368//6649
f 3389//6650 3368//6650 3313//6650
f 3390//6651 3369//6651 3314//6651
f 3390//6652 3314//6652 3336//6652
f 3391//6653 3370//6653 3315//6653
f 3391//6654 3315//6654 3337//6654
f 3392//6655 3371//6655 3316//6655
f 3392//6656 3316//6656 3338//6656
f 3393//6657 3372//6657 3317//6657
f 3393//6658 3317//6658 3339//6658
f 3394//6659 3373//6659 3318//6659
f 3394//6660 3318//6660 3340//6660
f 3395//6661 3374//6661 3319//6661
f 3395//6662 3319//6662 3341//6662
f 3396//6663 3375//6663 3320//6663
f 3396//6664 3320//6664 3342//6664
f 3397//6665 3376//6665 3321//6665
f 3397//6666 3321//6666 3343//6666
f 3398//6667 3377//6667 3322//6667
f 3398//6668 3322//6668 3344//6668
f 3399//6669 3378//6669 3323//6669
f 3399//6670 3323//6670 3345//6670
f 3400//6671 3379//6671 853//6671
f 3400//6672 853//6672 935//6672
f 3401//6673 3326//6673 3348//6673
f 3401//6674 3380//6674 3326//6674
f 3402//6675 3327//6675 3349//6675
f 3402//6676 3381//6676 3327//6676
f 3403//6677 3382//6677 3328//6677
f 3403//6678 3328//6678 3350//6678
f 3404//6679 3383//6679 3329//6679
f 3404//6680 3329//6680 3351//6680
f 3405//6681 3330//6681 3352//6681
f 3405//6682 3384//6682 3330//6682
f 3406//6683 3385//6683 3331//6683
f 3406//6684 3331//6684 3353//6684
f 3407//6685 3386//6685 3332//6685
f 3407//6686 3332//6686 3354//6686
f 3408//6687 3333//6687 3355//6687
f 3408//6688 3387//6688 3333//6688
f 3409//6689 3334//6689 3356//6689
f 3409//6690 3388//6690 3334//6690
f 3410//6691 3389//6691 3335//6691
f 3410//6692 2730//6692 3389//6692
f 3410//6693 3335//6693 3357//6693
f 3411//6694 3336//6694 3358//6694
f 3411//6695 3390//6695 3336//6695
f 3412//6696 3391//6696 3337//6696
f 3412//6697 3337//6697 3359//6697
f 3413//6698 3392//6698 3338//6698
f 3413//6699 3338//6699 3360//6699
f 3414//6700 3393//6700 3339//6700
f 3414//6701 3339//6701 3361//6701
f 3415//6702 3340//6702 3362//6702
f 3415//6703 3394//6703 3340//6703
f 3416//6704 3341//6704 3363//6704
f 3416//6705 3395//6705 3341//6705
f 3417//6706 3342//6706 3364//6706
f 3417//6707 3396//6707 3342//6707
f 3418//6708 3343//6708 3365//6708
f 3418//6709 3397//6709 3343//6709
f 3419//6710 3344//6710 3366//6710
f 3419//6711 3398//6711 3344//6711
f 3420//6712 3345//6712 3367//6712
f 3420//6713 3399//6713 3345//6713
f 3421//6714 3348//6714 3369//6714
f 3421//6715 3401//6715 3348//6715
f 3422//6716 3349//6716 3370//6716
f 3422//6717 3402//6717 3349//6717
f 3423//6718 3350//6718 3371//6718
f 3423//6719 3403//6719 3350//6719
f 3424//6720 3351//6720 3372//6720
f 3424//6721 3404//6721 3351//6721
f 3425//6722 3405//6722 3352//6722
f 3425//6723 3352//6723 3373//6723
f 3426//6724 3353//6724 3374//6724
f 3426//6725 3406//6725 3353//6725
f 3427//6726 3407//6726 3354//6726
f 3427//6727 3354//6727 3375//6727
f 3428//6728 3355//6728 3376//6728
f 3428//6729 3408//6729 3355//6729
f 3429//6730 3409//6730 3356//6730
f 3429//6731 3356//6731 3377//6731
f 3430//6732 2730//6732 3410//6732
f 3430//6733 3410//6733 3357//6733
f 3430//6734 3357//6734 3378//6734
f 3431//6735 3411//6735 3358//6735
f 3431//6736 3358//6736 3379//6736
f 3432//6737 3412//6737 3359//6737
f 3432//6738 3359//6738 3380//6738
f 3433//6739 3413//6739 3360//6739
f 3433//6740 3360//6740 3381//6740
f 3434//6741 3361//6741 3382//6741
f 3434//6742 3414//6742 3361//6742
f 3435//6743 3415//6743 3362//6743
f 3435//6744 3362//6744 3383//6744
f 3436//6745 3416//6745 3363//6745
f 3436//6746 3363//6746 3384//6746
f 3437//6747 3417//6747 3364//6747
f 3437//6748 3364//6748 3385//6748
f 3438//6749 3365//6749 3386//6749
f 3438//6750 3418//6750 3365//6750
f 3439//6751 3366//6751 3387//6751
f 3439//6752 3419//6752 3366//6752
f 3440//6753 3367//6753 3388//6753
f 3440//6754 3420//6754 3367//6754
f 3441//6755 3369//6755 3390//6755
f 3441//6756 3421//6756 3369//6756
f 3442//6757 3422//6757 3370//6757
f 3442//6758 3370//6758 3391//6758
f 3443//6759 3371//6759 3392//6759
f 3443//6760 3423//6760 3371//6760
f 3444//6761 3372//6761 3393//6761
f 3444//6762 3424//6762 3372//6762
f 3445//6763 3373//6763 3394//6763
f 3445//6764 3425//6764 3373//6764
f 3446//6765 3374//6765 3395//6765
f 3446//6766 3426//6766 3374//6766
f 3447//6767 3375//6767 3396//6767
f 3447//6768 3427//6768 3375//6768
f 3448//6769 3376//6769 3397//6769
f 3448//6770 3428//6770 3376//6770
f 3449//6771 3377//6771 3398//6771
f 3449//6772 3429//6772 3377//6772
f 3450//6773 3430//6773 3378//6773
f 3450//6774 3378//6774 3399//6774
f 3450//6775 2730//6775 3430//6775
f 3451//6776 3431//6776 3379//6776
f 3451//6777 3379//6777 3400//6777
f 3451//6778 3400//6778 935//6778
f 3452//6779 3380//6779 3401//6779
f 3452//6780 3432//6780 3380//6780
f 3453//6781 3381//6781 3402//6781
f 3453//6782 3433//6782 3381//6782
f 3454//6783 3382//6783 3403//6783
f 3454//6784 3434//6784 3382//6784
f 3455//6785 3435//6785 3383//6785
f 3455//6786 3383//6786 3404//6786
f 3456//6787 3436//6787 3384//6787
f 3456//6788 3384//6788 3405//6788
f 3457//6789 3437//6789 3385//6789
f 3457//6790 3385//6790 3406//6790
f 3458//6791 3438//6791 3386//6791
f 3458//6792 3386//6792 3407//6792
f 3459//6793 3439//6793 3387//6793
f 3459//6794 3387//6794 3408//6794
f 3460//6795 3388//6795 3409//6795
f 3460//6796 3440//6796 3388//6796
f 3461//6797 3441//6797 3390//6797
f 3461//6798 3390//6798 3411//6798
f 3462//6799 3442//6799 3391//6799
f 3462//6800 3391//6800 3412//6800
f 3463//6801 3443//6801 3392//6801
f 3463//6802 3392//6802 3413//6802
f 3464//6803 3444//6803 3393//6803
f 3464//6804 3393//6804 3414//6804
f 3465//6805 3445//6805 3394//6805
f 3465//6806 3394//6806 3415//6806
f 3466//6807 3446//6807 3395//6807
f 3466//6808 3395//6808 3416//6808
f 3467//6809 3396//6809 3417//6809
f 3467//6810 3447//6810 3396//6810
f 3468//6811 3397//6811 3418//6811
f 3468//6812 3448//6812 3397//6812
f 3469//6813 3449//6813 3398//6813
f 3469//6814 3398//6814 3419//6814
f 3470//6815 2730//6815 3450//6815
f 3470//6816 3399//6816 3420//6816
f 3470//6817 3450//6817 3399//6817
f 3471//6818 997//6818 998//6818
f 3471//6819 998//6819 3451//6819
f 3471//6820 3451//6820 935//6820
f 3471//6821 935//6821 997//6821
f 3472//6822 3452//6822 3401//6822
f 3472//6823 3401//6823 3421//6823
f 3473//6824 3453//6824 3402//6824
f 3473//6825 3402//6825 3422//6825
f 3474//6826 3454//6826 3403//6826
f 3474//6827 3403//6827 3423//6827
f 3475//6828 3455//6828 3404//6828
f 3475//6829 3404//6829 3424//6829
f 3476//6830 3456//6830 3405//6830
f 3476//6831 3405//6831 3425//6831
f 3477//6832 3457//6832 3406//6832
f 3477//6833 3406//6833 3426//6833
f 3478//6834 3407//6834 3427//6834
f 3478//6835 3458//6835 3407//6835
f 3479//6836 3459//6836 3408//6836
f 3479//6837 3408//6837 3428//6837
f 3480//6838 3409//6838 3429//6838
f 3480//6839 3460//6839 3409//6839
f 3481//6840 3411//6840 3431//6840
f 3481//6841 3461//6841 3411//6841
f 3482//6842 3462//6842 3412//6842
f 3482//6843 3412//6843 3432//6843
f 3483//6844 3463//6844 3413//6844
f 3483//6845 3413//6845 3433//6845
f 3484//6846 3414//6846 3434//6846
f 3484//6847 3464//6847 3414//6847
f 3485//6848 3415//6848 3435//6848
f 3485//6849 3465//6849 3415//6849
f 3486//6850 3416//6850 3436//6850
f 3486//6851 3466//6851 3416//6851
f 3487//6852 3467//6852 3417//6852
f 3487//6853 3417//6853 3437//6853
f 3488//6854 3418//6854 3438//6854
f 3488//6855 3468//6855 3418//6855
f 3489//6856 3469//6856 3419//6856
f 3489//6857 3419//6857 3439//6857
f 3490//6858 2730//6858 3470//6858
f 3490//6859 3470//6859 3420//6859
f 3490//6860 3420//6860 3440//6860
f 3491//6861 3472//6861 3421//6861
f 3491//6862 3421//6862 3441//6862
f 3492//6863 3473//6863 3422//6863
f 3492//6864 3422//6864 3442//6864
f 3493//6865 3423//6865 3443//6865
f 3493//6866 3474//6866 3423//6866
f 3494//6867 3475//6867 3424//6867
f 3494//6868 3424//6868 3444//6868
f 3495//6869 3476//6869 3425//6869
f 3495//6870 3425//6870 3445//6870
f 3496//6871 3477//6871 3426//6871
f 3496//6872 3426//6872 3446//6872
f 3497//6873 3478//6873 3427//6873
f 3497//6874 3427//6874 3447//6874
f 3498//6875 3428//6875 3448//6875
f 3498//6876 3479//6876 3428//6876
f 3499//6877 3480//6877 3429//6877
f 3499//6878 3429//6878 3449//6878
f 3500//6879 3431//6879 3451//6879
f 3500//6880 3481//6880 3431//6880
f 3501//6881 3482//6881 3432//6881
f 3501//6882 3432//6882 3452//6882
f 3502//6883 3483//6883 3433//6883
f 3502//6884 3433//6884 3453//6884
f 3503//6885 3484//6885 3434//6885
f 3503//6886 3434//6886 3454//6886
f 3504//6887 3435//6887 3455//6887
f 3504//6888 3485//6888 3435//6888
f 3505//6889 3436//6889 3456//6889
f 3505//6890 3486//6890 3436//6890
f 3506//6891 3437//6891 3457//6891
f 3506//6892 3487//6892 3437//6892
f 3507//6893 3438//6893 3458//6893
f 3507//6894 3488//6894 3438//6894
f 3508//6895 3439//6895 3459//6895
f 3508//6896 3489//6896 3439//6896
f 3509//6897 2730//6897 3490//6897
f 3509//6898 3490//6898 3440//6898
f 3509//6899 3440//6899 3460//6899
f 3510//6900 3491//6900 3441//6900
f 3510//6901 3441//6901 3461//6901
f 3511//6902 3492//6902 3442//6902
f 3511//6903 3442//6903 3462//6903
f 3512//6904 3443//6904 3463//6904
f 3512//6905 3493//6905 3443//6905
f 3513//6906 3444//6906 3464//6906
f 3513//6907 3494//6907 3444//6907
f 3514//6908 3445//6908 3465//6908
f 3514//6909 3495//6909 3445//6909
f 3515//6910 3446//6910 3466//6910
f 3515//6911 3496//6911 3446//6911
f 3516//6912 3447//6912 3467//6912
f 3516//6913 3497//6913 3447//6913
f 3517//6914 3498//6914 3448//6914
f 3517//6915 3448//6915 3468//6915
f 3518//6916 3499//6916 3449//6916
f 3518//6917 3449//6917 3469//6917
f 3519//6918 998//6918 1087//6918
f 3519//6919 3500//6919 3451//6919
f 3519//6920 3451//6920 998//6920
f 3519//6921 1087//6921 3500//6921
f 3520//6922 3452//6922 3472//6922
f 3520//6923 3501//6923 3452//6923
f 3521//6924 3502//6924 3453//6924
f 3521//6925 3453//6925 3473//6925
f 3522//6926 3503//6926 3454//6926
f 3522//6927 3454//6927 3474//6927
f 3523//6928 3504//6928 3455//6928
f 3523//6929 3455//6929 3475//6929
f 3524//6930 3505//6930 3456//6930
f 3524//6931 3456//6931 3476//6931
f 3525//6932 3506//6932 3457//6932
f 3525//6933 3457//6933 3477//6933
f 3526//6934 3458//6934 3478//6934
f 3526//6935 3507//6935 3458//6935
f 3527//6936 3508//6936 3459//6936
f 3527//6937 3459//6937 3479//6937
f 3528//6938 2730//6938 3509//6938
f 3528//6939 3509//6939 3460//6939
f 3528//6940 3460//6940 3480//6940
f 3529//6941 3510//6941 3461//6941
f 3529//6942 3461//6942 3481//6942
f 3530//6943 3511//6943 3462//6943
f 3530//6944 3462//6944 3482//6944
f 3531//6945 3512//6945 3463//6945
f 3531//6946 3463//6946 3483//6946
f 3532//6947 3513//6947 3464//6947
f 3532//6948 3464//6948 3484//6948
f 3533//6949 3465//6949 3485//6949
f 3533//6950 3514//6950 3465//6950
f 3534//6951 3515//6951 3466//6951
f 3534//6952 3466//6952 3486//6952
f 3535//6953 3516//6953 3467//6953
f 3535//6954 3467//6954 3487//6954
f 3536//6955 3517//6955 3468//6955
f 3536//6956 3468//6956 3488//6956
f 3537//6957 3469//6957 3489//6957
f 3537//6958 3518//6958 3469//6958
f 3538//6959 3472//6959 3491//6959
f 3538//6960 3520//6960 3472//6960
f 3539//6961 3473//6961 3492//6961
f 3539//6962 3521//6962 3473//6962
f 3540//6963 3474//6963 3493//6963
f 3540//6964 3522//6964 3474//6964
f 3541//6965 3523//6965 3475//6965
f 3541//6966 3475//6966 3494//6966
f 3542//6967 3524//6967 3476//6967
f 3542//6968 3476//6968 3495//6968
f 3543//6969 3477//6969 3496//6969
f 3543//6970 3525//6970 3477//6970
f 3544//6971 3526//6971 3478//6971
f 3544//6972 3478//6972 3497//6972
f 3545//6973 3479//6973 3498//6973
f 3545//6974 3527//6974 3479//6974
f 3546//6975 3528//6975 3480//6975
f 3546//6976 3480//6976 3499//6976
f 3546//6977 2730//6977 3528//6977
f 3547//6978 3481//6978 3500//6978
f 3547//6979 3529//6979 3481//6979
f 3548//6980 3482//6980 3501//6980
f 3548//6981 3530//6981 3482//6981
f 3549//6982 3483//6982 3502//6982
f 3549//6983 3531//6983 3483//6983
f 3550//6984 3484//6984 3503//6984
f 3550//6985 3532//6985 3484//6985
f 3551//6986 3485//6986 3504//6986
f 3551//6987 3533//6987 3485//6987
f 3552//6988 3534//6988 3486//6988
f 3552//6989 3486//6989 3505//6989
f 3553//6990 3535//6990 3487//6990
f 3553//6991 3487//6991 3506//6991
f 3554//6992 3536//6992 3488//6992
f 3554//6993 3488//6993 3507//6993
f 3555//6994 3489//6994 3508//6994
f 3555//6995 3537//6995 3489//6995
f 3556//6996 3538//6996 3491//6996
f 3556//6997 3491//6997 3510//6997
f 3557//6998 3492//6998 3511//6998
f 3557//6999 3539//6999 3492//6999
f 3558//7000 3540//7000 3493//7000
f 3558//7001 3493//7001 3512//7001
f 3559//7002 3541//7002 3494//7002
f 3559//7003 3494//7003 3513//7003
f 3560//7004 3542//7004 3495//7004
f 3560//7005 3495//7005 3514//7005
f 3561//7006 3496//7006 3515//7006
f 3561//7007 3543//7007 3496//7007
f 3562//7008 3544//7008 3497//7008
f 3562//7009 3497//7009 3516//7009
f 3563//7010 3498//7010 3517//7010
f 3563//7011 3545//7011 3498//7011
f 3564//7012 3546//7012 3499//7012
f 3564//7013 3499//7013 3518//7013
f 3564//7014 2730//7014 3546//7014
f 3565//7015 3547//7015 3500//7015
f 3565//7016 3500//7016 1087//7016
f 3566//7017 3548//7017 3501//7017
f 3566//7018 3501//7018 3520//7018
f 3567//7019 3502//7019 3521//7019
f 3567//7020 3549//7020 3502//7020
f 3568//7021 3503//7021 3522//7021
f 3568//7022 3550//7022 3503//7022
f 3569//7023 3504//7023 3523//7023
f 3569//7024 3551//7024 3504//7024
f 3570//7025 3552//7025 3505//7025
f 3570//7026 3505//7026 3524//7026
f 3571//7027 3506//7027 3525//7027
f 3571//7028 3553//7028 3506//7028
f 3572//7029 3554//7029 3507//7029
f 3572//7030 3507//7030 3526//7030
f 3573//7031 3555//7031 3508//7031
f 3573//7032 3508//7032 3527//7032
f 3574//7033 3556//7033 3510//7033
f 3574//7034 3510//7034 3529//7034
f 3575//7035 3511//7035 3530//7035
f 3575//7036 3557//7036 3511//7036
f 3576//7037 3512//7037 3531//7037
f 3576//7038 3558//7038 3512//7038
f 3577//7039 3559//7039 3513//7039
f 3577//7040 3513//7040 3532//7040
f 3578//7041 3514//7041 3533//7041
f 3578//7042 3560//7042 3514//7042
f 3579//7043 3561//7043 3515//7043
f 3579//7044 3515//7044 3534//7044
f 3580//7045 3516//7045 3535//7045
f 3580//7046 3562//7046 3516//7046
f 3581//7047 3563//7047 3517//7047
f 3581//7048 3517//7048 3536//7048
f 3582//7049 3564//7049 3518//7049
f 3582//7050 2730//7050 3564//7050
f 3582//7051 3518//7051 3537//7051
f 3583//7052 1087//7052 1154//7052
f 3583//7053 3565//7053 1087//7053
f 3583//7054 1154//7054 3565//7054
f 3584//7055 3566//7055 3520//7055
f 3584//7056 3520//7056 3538//7056
f 3585//7057 3521//7057 3539//7057
f 3585//7058 3567//7058 3521//7058
f 3586//7059 3568//7059 3522//7059
f 3586//7060 3522//7060 3540//7060
f 3587//7061 3523//7061 3541//7061
f 3587//7062 3569//7062 3523//7062
f 3588//7063 3570//7063 3524//7063
f 3588//7064 3524//7064 3542//7064
f 3589//7065 3525//7065 3543//7065
f 3589//7066 3571//7066 3525//7066
f 3590//7067 3572//7067 3526//7067
f 3590//7068 3526//7068 3544//7068
f 3591//7069 3527//7069 3545//7069
f 3591//7070 3573//7070 3527//7070
f 3592//7071 3574//7071 3529//7071
f 3592//7072 3529//7072 3547//7072
f 3593//7073 3530//7073 3548//7073
f 3593//7074 3575//7074 3530//7074
f 3594//7075 3531//7075 3549//7075
f 3594//7076 3576//7076 3531//7076
f 3595//7077 3577//7077 3532//7077
f 3595//7078 3532//7078 3550//7078
f 3596//7079 3578//7079 3533//7079
f 3596//7080 3533//7080 3551//7080
f 3597//7081 3534//7081 3552//7081
f 3597//7082 3579//7082 3534//7082
f 3598//7083 3580//7083 3535//7083
f 3598//7084 3535//7084 3553//7084
f 3599//7085 3536//7085 3554//7085
f 3599//7086 3581//7086 3536//7086
f 3600//7087 3582//7087 3537//7087
f 3600//7088 2730//7088 3582//7088
f 3600//7089 3537//7089 3555//7089
f 3601//7090 3538//7090 3556//7090
f 3601//7091 3584//7091 3538//7091
f 3602//7092 3585//7092 3539//7092
f 3602//7093 3539//7093 3557//7093
f 3603//7094 3586//7094 3540//7094
f 3603//7095 3540//7095 3558//7095
f 3604//7096 3587//7096 3541//7096
f 3604//7097 3541//7097 3559//7097
f 3605//7098 3588//7098 3542//7098
f 3605//7099 3542//7099 3560//7099
f 3606//7100 3589//7100 3543//7100
f 3606//7101 3543//7101 3561//7101
f 3607//7102 3544//7102 3562//7102
f 3607//7103 3590//7103 3544//7103
f 3608//7104 3591//7104 3545//7104
f 3608//7105 3545//7105 3563//7105
f 3609//7106 3547//7106 3565//7106
f 3609//7107 3592//7107 3547//7107
f 3610//7108 3593//7108 3548//7108
f 3610//7109 3548//7109 3566//7109
f 3611//7110 3549//7110 3567//7110
f 3611//7111 3594//7111 3549//7111
f 3612//7112 3550//7112 3568//7112
f 3612//7113 3595//7113 3550//7113
f 3613//7114 3551//7114 3569//7114
f 3613//7115 3596//7115 3551//7115
f 3614//7116 3597//7116 3552//7116
f 3614//7117 3552//7117 3570//7117
f 3615//7118 3553//7118 3571//7118
f 3615//7119 3598//7119 3553//7119
f 3616//7120 3554//7120 3572//7120
f 3616//7121 3599//7121 3554//7121
f 3617//7122 3555//7122 3573//7122
f 3617//7123 3600//7123 3555//7123
f 3617//7124 2730//7124 3600//7124
f 3618//7125 3601//7125 3556//7125
f 3618//7126 3556//7126 3574//7126
f 3619//7127 3557//7127 3575//7127
f 3619//7128 3602//7128 3557//7128
f 3620//7129 3603//7129 3558//7129
f 3620//7130 3558//7130 3576//7130
f 3621//7131 3559//7131 3577//7131
f 3621//7132 3604//7132 3559//7132
f 3622//7133 3605//7133 3560//7133
f 3622//7134 3560//7134 3578//7134
f 3623//7135 3606//7135 3561//7135
f 3623//7136 3561//7136 3579//7136
f 3624//7137 3607//7137 3562//7137
f 3624//7138 3562//7138 3580//7138
f 3625//7139 3608//7139 3563//7139
f 3625//7140 3563//7140 3581//7140
f 3626//7141 1154//7141 1250//7141
f 3626//7142 1250//7142 1251//7142
f 3626//7143 3609//7143 3565//7143
f 3626//7144 1251//7144 3609//7144
f 3626//7145 3565//7145 1154//7145
f 3627//7146 3610//7146 3566//7146
f 3627//7147 3566//7147 3584//7147
f 3628//7148 3611//7148 3567//7148
f 3628//7149 3567//7149 3585//7149
f 3629//7150 3612//7150 3568//7150
f 3629//7151 3568//7151 3586//7151
f 3630//7152 3569//7152 3587//7152
f 3630//7153 3613//7153 3569//7153
f 3631//7154 3614//7154 3570//7154
f 3631//7155 3570//7155 3588//7155
f 3632//7156 3615//7156 3571//7156
f 3632//7157 3571//7157 3589//7157
f 3633//7158 3572//7158 3590//7158
f 3633//7159 3616//7159 3572//7159
f 3634//7160 2730//7160 3617//7160
f 3634//7161 3617//7161 3573//7161
f 3634//7162 3573//7162 3591//7162
f 3635//7163 3618//7163 3574//7163
f 3635//7164 3574//7164 3592//7164
f 3636//7165 3619//7165 3575//7165
f 3636//7166 3575//7166 3593//7166
f 3637//7167 3620//7167 3576//7167
f 3637//7168 3576//7168 3594//7168
f 3638//7169 3577//7169 3595//7169
f 3638//7170 3621//7170 3577//7170
f 3639//7171 3622//7171 3578//7171
f 3639//7172 3578//7172 3596//7172
f 3640//7173 3579//7173 3597//7173
f 3640//7174 3623//7174 3579//7174
f 3641//7175 3580//7175 3598//7175
f 3641//7176 3624//7176 3580//7176
f 3642//7177 3581//7177 3599//7177
f 3642//7178 3625//7178 3581//7178
f 3643//7179 3584//7179 3601//7179
f 3643//7180 3627//7180 3584//7180
f 3644//7181 3585//7181 3602//7181
f 3644//7182 3628//7182 3585//7182
f 3645//7183 3586//7183 3603//7183
f 3645//7184 3629//7184 3586//7184
f 3646//7185 3587//7185 3604//7185
f 3646//7186 3630//7186 3587//7186
f 3647//7187 3631//7187 3588//7187
f 3647//7188 3588//7188 3605//7188
f 3648//7189 3632//7189 3589//7189
f 3648//7190 3589//7190 3606//7190
f 3649//7191 3590//7191 3607//7191
f 3649//7192 3633//7192 3590//7192
f 3650//7193 3634//7193 3591//7193
f 3650//7194 2730//7194 3634//7194
f 3650//7195 3591//7195 3608//7195
f 3651//7196 3635//7196 3592//7196
f 3651//7197 3592//7197 3609//7197
f 3652//7198 3636//7198 3593//7198
f 3652//7199 3593//7199 3610//7199
f 3653//7200 3594//7200 3611//7200
f 3653//7201 3637//7201 3594//7201
f 3654//7202 3595//7202 3612//7202
f 3654//7203 3638//7203 3595//7203
f 3655//7204 3596//7204 3613//7204
f 3655//7205 3639//7205 3596//7205
f 3656//7206 3597//7206 3614//7206
f 3656//7207 3640//7207 3597//7207
f 3657//7208 3641//7208 3598//7208
f 3657//7209 3598//7209 3615//7209
f 3658//7210 3599//7210 3616//7210
f 3658//7211 3642//7211 3599//7211
f 3659//7212 3643//7212 3601//7212
f 3659//7213 3601//7213 3618//7213
f 3660//7214 3644//7214 3602//7214
f 3660//7215 3602//7215 3619//7215
f 3661//7216 3603//7216 3620//7216
f 3661//7217 3645//7217 3603//7217
f 3662//7218 3646//7218 3604//7218
f 3662//7219 3604//7219 3621//7219
f 3663//7220 3647//7220 3605//7220
f 3663//7221 3605//7221 3622//7221
f 3664//7222 3606//7222 3623//7222
f 3664//7223 3648//7223 3606//7223
f 3665//7224 3649//7224 3607//7224
f 3665//7225 3607//7225 3624//7225
f 3666//7226 3608//7226 3625//7226
f 3666//7227 2730//7227 3650//7227
f 3666//7228 3650//7228 3608//7228
f 3667//7229 3609//7229 1251//7229
f 3667//7230 3651//7230 3609//7230
f 3668//7231 3652//7231 3610//7231
f 3668//7232 3610//7232 3627//7232
f 3669//7233 3653//7233 3611//7233
f 3669//7234 3611//7234 3628//7234
f 3670//7235 3612//7235 3629//7235
f 3670//7236 3654//7236 3612//7236
f 3671//7237 3613//7237 3630//7237
f 3671//7238 3655//7238 3613//7238
f 3672//7239 3614//7239 3631//7239
f 3672//7240 3656//7240 3614//7240
f 3673//7241 3615//7241 3632//7241
f 3673//7242 3657//7242 3615//7242
f 3674//7243 3658//7243 3616//7243
f 3674//7244 3616//7244 3633//7244
f 3675//7245 3618//7245 3635//7245
f 3675//7246 3659//7246 3618//7246
f 3676//7247 3619//7247 3636//7247
f 3676//7248 3660//7248 3619//7248
f 3677//7249 3620//7249 3637//7249
f 3677//7250 3661//7250 3620//7250
f 3678//7251 3621//7251 3638//7251
f 3678//7252 3662//7252 3621//7252
f 3679//7253 3663//7253 3622//7253
f 3679//7254 3622//7254 3639//7254
f 3680//7255 3623//7255 3640//7255
f 3680//7256 3664//7256 3623//7256
f 3681//7257 3624//7257 3641//7257
f 3681//7258 3665//7258 3624//7258
f 3682//7259 3625//7259 3642//7259
f 3682//7260 2730//7260 3666//7260
f 3682//7261 3666//7261 3625//7261
f 3683//7262 1251//7262 1323//7262
f 3683//7263 1323//7263 3667//7263
f 3683//7264 3667//7264 1251//7264
f 3684//7265 3668//7265 3627//7265
f 3684//7266 3627//7266 3643//7266
f 3685//7267 3669//7267 3628//7267
f 3685//7268 3628//7268 3644//7268
f 3686//7269 3629//7269 3645//7269
f 3686//7270 3670//7270 3629//7270
f 3687//7271 3630//7271 3646//7271
f 3687//7272 3671//7272 3630//7272
f 3688//7273 3631//7273 3647//7273
f 3688//7274 3672//7274 3631//7274
f 3689//7275 3632//7275 3648//7275
f 3689//7276 3673//7276 3632//7276
f 3690//7277 3674//7277 3633//7277
f 3690//7278 3633//7278 3649//7278
f 3691//7279 3675//7279 3635//7279
f 3691//7280 3635//7280 3651//7280
f 3692//7281 3676//7281 3636//7281
f 3692//7282 3636//7282 3652//7282
f 3693//7283 3677//7283 3637//7283
f 3693//7284 3637//7284 3653//7284
f 3694//7285 3678//7285 3638//7285
f 3694//7286 3638//7286 3654//7286
f 3695//7287 3679//7287 3639//7287
f 3695//7288 3639//7288 3655//7288
f 3696//7289 3680//7289 3640//7289
f 3696//7290 3640//7290 3656//7290
f 3697//7291 3681//7291 3641//7291
f 3697//7292 3641//7292 3657//7292
f 3698//7293 3682//7293 3642//7293
f 3698//7294 3642//7294 3658//7294
f 3698//7295 2730//7295 3682//7295
f 3699//7296 3684//7296 3643//7296
f 3699//7297 3643//7297 3659//7297
f 3700//7298 3644//7298 3660//7298
f 3700//7299 3685//7299 3644//7299
f 3701//7300 3686//7300 3645//7300
f 3701//7301 3645//7301 3661//7301
f 3702//7302 3687//7302 3646//7302
f 3702//7303 3646//7303 3662//7303
f 3703//7304 3688//7304 3647//7304
f 3703//7305 3647//7305 3663//7305
f 3704//7306 3648//7306 3664//7306
f 3704//7307 3689//7307 3648//7307
f 3705//7308 3649//7308 3665//7308
f 3705//7309 3690//7309 3649//7309
f 3706//7310 3651//7310 3667//7310
f 3706//7311 3691//7311 3651//7311
f 3707//7312 3652//7312 3668//7312
f 3707//7313 3692//7313 3652//7313
f 3708//7314 3653//7314 3669//7314
f 3708//7315 3693//7315 3653//7315
f 3709//7316 3654//7316 3670//7316
f 3709//7317 3694//7317 3654//7317
f 3710//7318 3655//7318 3671//7318
f 3710//7319 3695//7319 3655//7319
f 3711//7320 3656//7320 3672//7320
f 3711//7321 3696//7321 3656//7321
f 3712//7322 3657//7322 3673//7322
f 3712//7323 3697//7323 3657//7323
f 3713//7324 3698//7324 3658//7324
f 3713//7325 2730//7325 3698//7325
f 3713//7326 3658//7326 3674//7326
f 3714//7327 3659//7327 3675//7327
f 3714//7328 3699//7328 3659//7328
f 3715//7329 3700//7329 3660//7329
f 3715//7330 3660//7330 3676//7330
f 3716//7331 3701//7331 3661//7331
f 3716//7332 3661//7332 3677//7332
f 3717//7333 3702//7333 3662//7333
f 3717//7334 3662//7334 3678//7334
f 3718//7335 3663//7335 3679//7335
f 3718//7336 3703//7336 3663//7336
f 3719//7337 3664//7337 3680//7337
f 3719//7338 3704//7338 3664//7338
f 3720//7339 3665//7339 3681//7339
f 3720//7340 3705//7340 3665//7340
f 3721//7341 1323//7341 1426//7341
f 3721//7342 1426//7342 1427//7342
f 3721//7343 3667//7343 1323//7343
f 3721//7344 3706//7344 3667//7344
f 3722//7345 3707//7345 3668//7345
f 3722//7346 3668//7346 3684//7346
f 3723//7347 3708//7347 3669//7347
f 3723//7348 3669//7348 3685//7348
f 3724//7349 3670//7349 3686//7349
f 3724//7350 3709//7350 3670//7350
f 3725//7351 3710//7351 3671//7351
f 3725//7352 3671//7352 3687//7352
f 3726//7353 3711//7353 3672//7353
f 3726//7354 3672//7354 3688//7354
f 3727//7355 3712//7355 3673//7355
f 3727//7356 3673//7356 3689//7356
f 3728//7357 2730//7357 3713//7357
f 3728//7358 3713//7358 3674//7358
f 3728//7359 3674//7359 3690//7359
f 3729//7360 3714//7360 3675//7360
f 3729//7361 3675//7361 3691//7361
f 3730//7362 3715//7362 3676//7362
f 3730//7363 3676//7363 3692//7363
f 3731//7364 3677//7364 3693//7364
f 3731//7365 3716//7365 3677//7365
f 3732//7366 3678//7366 3694//7366
f 3732//7367 3717//7367 3678//7367
f 3733//7368 3718//7368 3679//7368
f 3733//7369 3679//7369 3695//7369
f 3734//7370 3719//7370 3680//7370
f 3734//7371 3680//7371 3696//7371
f 3735//7372 3720//7372 3681//7372
f 3735//7373 3681//7373 3697//7373
f 3736//7374 3684//7374 3699//7374
f 3736//7375 3722//7375 3684//7375
f 3737//7376 3685//7376 3700//7376
f 3737//7377 3723//7377 3685//7377
f 3738//7378 3686//7378 3701//7378
f 3738//7379 3724//7379 3686//7379
f 3739//7380 3687//7380 3702//7380
f 3739//7381 3725//7381 3687//7381
f 3740//7382 3688//7382 3703//7382
f 3740//7383 3726//7383 3688//7383
f 3741//7384 3689//7384 3704//7384
f 3741//7385 3727//7385 3689//7385
f 3742//7386 2730//7386 3728//7386
f 3742//7387 3690//7387 3705//7387
f 3742//7388 3728//7388 3690//7388
f 3743//7389 3729//7389 3691//7389
f 3743//7390 3691//7390 3706//7390
f 3744//7391 3730//7391 3692//7391
f 3744//7392 3692//7392 3707//7392
f 3745//7393 3693//7393 3708//7393
f 3745//7394 3731//7394 3693//7394
f 3746//7395 3732//7395 3694//7395
f 3746//7396 3694//7396 3709//7396
f 3747//7397 3733//7397 3695//7397
f 3747//7398 3695//7398 3710//7398
f 3748//7399 3734//7399 3696//7399
f 3748//7400 3696//7400 3711//7400
f 3749//7401 3735//7401 3697//7401
f 3749//7402 3697//7402 3712//7402
f 3750//7403 3736//7403 3699//7403
f 3750//7404 3699//7404 3714//7404
f 3751//7405 3737//7405 3700//7405
f 3751//7406 3700//7406 3715//7406
f 3752//7407 3701//7407 3716//7407
f 3752//7408 3738//7408 3701//7408
f 3753//7409 3739//7409 3702//7409
f 3753//7410 3702//7410 3717//7410
f 3754//7411 3703//7411 3718//7411
f 3754//7412 3740//7412 3703//7412
f 3755//7413 3741//7413 3704//7413
f 3755//7414 3704//7414 3719//7414
f 3756//7415 3705//7415 3720//7415
f 3756//7416 2730//7416 3742//7416
f 3756//7417 3742//7417 3705//7417
f 3757//7418 3743//7418 3706//7418
f 3757//7419 3721//7419 1427//7419
f 3757//7420 3706//7420 3721//7420
f 3758//7421 3744//7421 3707//7421
f 3758//7422 3707//7422 3722//7422
f 3759//7423 3745//7423 3708//7423
f 3759//7424 3708//7424 3723//7424
f 3760//7425 3746//7425 3709//7425
f 3760//7426 3709//7426 3724//7426
f 3761//7427 3710//7427 3725//7427
f 3761//7428 3747//7428 3710//7428
f 3762//7429 3748//7429 3711//7429
f 3762//7430 3711//7430 3726//7430
f 3763//7431 3749//7431 3712//7431
f 3763//7432 3712//7432 3727//7432
f 3764//7433 3750//7433 3714//7433
f 3764//7434 3714//7434 3729//7434
f 3765//7435 3751//7435 3715//7435
f 3765//7436 3715//7436 3730//7436
f 3766//7437 3716//7437 3731//7437
f 3766//7438 3752//7438 3716//7438
f 3767//7439 3753//7439 3717//7439
f 3767//7440 3717//7440 3732//7440
f 3768//7441 3718//7441 3733//7441
f 3768//7442 3754//7442 3718//7442
f 3769//7443 3719//7443 3734//7443
f 3769//7444 3755//7444 3719//7444
f 3770//7445 2730//7445 3756//7445
f 3770//7446 3720//7446 3735//7446
f 3770//7447 3756//7447 3720//7447
f 3771//7448 1427//7448 1503//7448
f 3771//7449 1503//7449 3757//7449
f 3771//7450 3757//7450 1427//7450
f 3772//7451 3722//7451 3736//7451
f 3772//7452 3758//7452 3722//7452
f 3773//7453 3723//7453 3737//7453
f 3773//7454 3759//7454 3723//7454
f 3774//7455 3724//7455 3738//7455
f 3774//7456 3760//7456 3724//7456
f 3775//7457 3725//7457 3739//7457
f 3775//7458 3761//7458 3725//7458
f 3776//7459 3726//7459 3740//7459
f 3776//7460 3762//7460 3726//7460
f 3777//7461 3727//7461 3741//7461
f 3777//7462 3763//7462 3727//7462
f 3778//7463 3729//7463 3743//7463
f 3778//7464 3764//7464 3729//7464
f 3779//7465 3765//7465 3730//7465
f 3779//7466 3730//7466 3744//7466
f 3780//7467 3731//7467 3745//7467
f 3780//7468 3766//7468 3731//7468
f 3781//7469 3732//7469 3746//7469
f 3781//7470 3767//7470 3732//7470
f 3782//7471 3733//7471 3747//7471
f 3782//7472 3768//7472 3733//7472
f 3783//7473 3734//7473 3748//7473
f 3783//7474 3769//7474 3734//7474
f 3784//7475 3735//7475 3749//7475
f 3784//7476 3770//7476 3735//7476
f 3784//7477 2730//7477 3770//7477
f 3785//7478 3772//7478 3736//7478
f 3785//7479 3736//7479 3750//7479
f 3786//7480 3773//7480 3737//7480
f 3786//7481 3737//7481 3751//7481
f 3787//7482 3774//7482 3738//7482
f 3787//7483 3738//7483 3752//7483
f 3788//7484 3739//7484 3753//7484
f 3788//7485 3775//7485 3739//7485
f 3789//7486 3776//7486 3740//7486
f 3789//7487 3740//7487 3754//7487
f 3790//7488 3777//7488 3741//7488
f 3790//7489 3741//7489 3755//7489
f 3791//7490 3757//7490 1503//7490
f 3791//7491 3778//7491 3743//7491
f 3791//7492 3743//7492 3757//7492
f 3792//7493 3779//7493 3744//7493
f 3792//7494 3744//7494 3758//7494
f 3793//7495 3745//7495 3759//7495
f 3793//7496 3780//7496 3745//7496
f 3794//7497 3781//7497 3746//7497
f 3794//7498 3746//7498 3760//7498
f 3795//7499 3782//7499 3747//7499
f 3795//7500 3747//7500 3761//7500
f 3796//7501 3783//7501 3748//7501
f 3796//7502 3748//7502 3762//7502
f 3797//7503 3749//7503 3763//7503
f 3797//7504 3784//7504 3749//7504
f 3797//7505 2730//7505 3784//7505
f 3798//7506 3785//7506 3750//7506
f 3798//7507 3750//7507 3764//7507
f 3799//7508 3786//7508 3751//7508
f 3799//7509 3751//7509 3765//7509
f 3800//7510 3752//7510 3766//7510
f 3800//7511 3787//7511 3752//7511
f 3801//7512 3788//7512 3753//7512
f 3801//7513 3753//7513 3767//7513
f 3802//7514 3754//7514 3768//7514
f 3802//7515 3789//7515 3754//7515
f 3803//7516 3755//7516 3769//7516
f 3803//7517 3790//7517 3755//7517
f 3804//7518 1503//7518 1608//7518
f 3804//7519 1608//7519 1609//7519
f 3804//7520 3791//7520 1503//7520
f 3805//7521 3758//7521 3772//7521
f 3805//7522 3792//7522 3758//7522
f 3806//7523 3759//7523 3773//7523
f 3806//7524 3793//7524 3759//7524
f 3807//7525 3760//7525 3774//7525
f 3807//7526 3794//7526 3760//7526
f 3808//7527 3761//7527 3775//7527
f 3808//7528 3795//7528 3761//7528
f 3809//7529 3762//7529 3776//7529
f 3809//7530 3796//7530 3762//7530
f 3810//7531 2730//7531 3797//7531
f 3810//7532 3797//7532 3763//7532
f 3810//7533 3763//7533 3777//7533
f 3811//7534 3798//7534 3764//7534
f 3811//7535 3764//7535 3778//7535
f 3812//7536 3799//7536 3765//7536
f 3812//7537 3765//7537 3779//7537
f 3813//7538 3800//7538 3766//7538
f 3813//7539 3766//7539 3780//7539
f 3814//7540 3767//7540 3781//7540
f 3814//7541 3801//7541 3767//7541
f 3815//7542 3768//7542 3782//7542
f 3815//7543 3802//7543 3768//7543
f 3816//7544 3803//7544 3769//7544
f 3816//7545 3769//7545 3783//7545
f 3817//7546 3805//7546 3772//7546
f 3817//7547 3772//7547 3785//7547
f 3818//7548 3806//7548 3773//7548
f 3818//7549 3773//7549 3786//7549
f 3819//7550 3807//7550 3774//7550
f 3819//7551 3774//7551 3787//7551
f 3820//7552 3808//7552 3775//7552
f 3820//7553 3775//7553 3788//7553
f 3821//7554 3809//7554 3776//7554
f 3821//7555 3776//7555 3789//7555
f 3822//7556 3810//7556 3777//7556
f 3822//7557 3777//7557 3790//7557
f 3822//7558 2730//7558 3810//7558
f 3823//7559 3811//7559 3778//7559
f 3823//7560 3778//7560 3791//7560
f 3824//7561 3812//7561 3779//7561
f 3824//7562 3779//7562 3792//7562
f 3825//7563 3780//7563 3793//7563
f 3825//7564 3813//7564 3780//7564
f 3826//7565 3814//7565 3781//7565
f 3826//7566 3781//7566 3794//7566
f 3827//7567 3782//7567 3795//7567
f 3827//7568 3815//7568 3782//7568
f 3828//7569 3783//7569 3796//7569
f 3828//7570 3816//7570 3783//7570
f 3829//7571 3817//7571 3785//7571
f 3829//7572 3785//7572 3798//7572
f 3830//7573 3786//7573 3799//7573
f 3830//7574 3818//7574 3786//7574
f 3831//7575 3787//7575 3800//7575
f 3831//7576 3819//7576 3787//7576
f 3832//7577 3820//7577 3788//7577
f 3832//7578 3788//7578 3801//7578
f 3833//7579 3821//7579 3789//7579
f 3833//7580 3789//7580 3802//7580
f 3834//7581 3790//7581 3803//7581
f 3834//7582 3822//7582 3790//7582
f 3834//7583 2730//7583 3822//7583
f 3835//7584 3804//7584 1609//7584
f 3835//7585 3791//7585 3804//7585
f 3835//7586 3823//7586 3791//7586
f 3836//7587 3792//7587 3805//7587
f 3836//7588 3824//7588 3792//7588
f 3837//7589 3825//7589 3793//7589
f 3837//7590 3793//7590 3806//7590
f 3838//7591 3794//7591 3807//7591
f 3838//7592 3826//7592 3794//7592
f 3839//7593 3827//7593 3795//7593
f 3839//7594 3795//7594 3808//7594
f 3840//7595 3828//7595 3796//7595
f 3840//7596 3796//7596 3809//7596
f 3841//7597 3798//7597 3811//7597
f 3841//7598 3829//7598 3798//7598
f 3842//7599 3799//7599 3812//7599
f 3842//7600 3830//7600 3799//7600
f 3843//7601 3831//7601 3800//7601
f 3843//7602 3800//7602 3813//7602
f 3844//7603 3801//7603 3814//7603
f 3844//7604 3832//7604 3801//7604
f 3845//7605 3802//7605 3815//7605
f 3845//7606 3833//7606 3802//7606
f 3846//7607 2730//7607 3834//7607
f 3846//7608 3803//7608 3816//7608
f 3846//7609 3834//7609 3803//7609
f 3847//7610 1609//7610 1685//7610
f 3847//7611 3835//7611 1609//7611
f 3847//7612 1685//7612 3835//7612
f 3848//7613 3805//7613 3817//7613
f 3848//7614 3836//7614 3805//7614
f 3849//7615 3837//7615 3806//7615
f 3849//7616 3806//7616 3818//7616
f 3850//7617 3807//7617 3819//7617
f 3850//7618 3838//7618 3807//7618
f 3851//7619 3839//7619 3808//7619
f 3851//7620 3808//7620 3820//7620
f 3852//7621 3840//7621 3809//7621
f 3852//7622 3809//7622 3821//7622
f 3853//7623 3841//7623 3811//7623
f 3853//7624 3811//7624 3823//7624
f 3854//7625 3842//7625 3812//7625
f 3854//7626 3812//7626 3824//7626
f 3855//7627 3843//7627 3813//7627
f 3855//7628 3813//7628 3825//7628
f 3856//7629 3844//7629 3814//7629
f 3856//7630 3814//7630 3826//7630
f 3857//7631 3845//7631 3815//7631
f 3857//7632 3815//7632 3827//7632
f 3858//7633 2730//7633 3846//7633
f 3858//7634 3846//7634 3816//7634
f 3858//7635 3816//7635 3828//7635
f 3859//7636 3848//7636 3817//7636
f 3859//7637 3817//7637 3829//7637
f 3860//7638 3849//7638 3818//7638
f 3860//7639 3818//7639 3830//7639
f 3861//7640 3819//7640 3831//7640
f 3861//7641 3850//7641 3819//7641
f 3862//7642 3851//7642 3820//7642
f 3862//7643 3820//7643 3832//7643
f 3863//7644 3852//7644 3821//7644
f 3863//7645 3821//7645 3833//7645
f 3864//7646 3823//7646 3835//7646
f 3864//7647 3853//7647 3823//7647
f 3864//7648 3835//7648 1685//7648
f 3865//7649 3824//7649 3836//7649
f 3865//7650 3854//7650 3824//7650
f 3866//7651 3825//7651 3837//7651
f 3866//7652 3855//7652 3825//7652
f 3867//7653 3826//7653 3838//7653
f 3867//7654 3856//7654 3826//7654
f 3868//7655 3857//7655 3827//7655
f 3868//7656 3827//7656 3839//7656
f 3869//7657 3828//7657 3840//7657
f 3869//7658 3858//7658 3828//7658
f 3869//7659 2730//7659 3858//7659
f 3870//7660 3829//7660 3841//7660
f 3870//7661 3859//7661 3829//7661
f 3871//7662 3860//7662 3830//7662
f 3871//7663 3830//7663 3842//7663
f 3872//7664 3861//7664 3831//7664
f 3872//7665 3831//7665 3843//7665
f 3873//7666 3862//7666 3832//7666
f 3873//7667 3832//7667 3844//7667
f 3874//7668 3863//7668 3833//7668
f 3874//7669 3833//7669 3845//7669
f 3875//7670 1685//7670 1790//7670
f 3875//7671 3864//7671 1685//7671
f 3876//7672 3865//7672 3836//7672
f 3876//7673 3836//7673 3848//7673
f 3877//7674 3837//7674 3849//7674
f 3877//7675 3866//7675 3837//7675
f 3878//7676 3867//7676 3838//7676
f 3878//7677 3838//7677 3850//7677
f 3879//7678 3839//7678 3851//7678
f 3879//7679 3868//7679 3839//7679
f 3880//7680 2730//7680 3869//7680
f 3880//7681 3840//7681 3852//7681
f 3880//7682 3869//7682 3840//7682
f 3881//7683 3841//7683 3853//7683
f 3881//7684 3870//7684 3841//7684
f 3882//7685 3871//7685 3842//7685
f 3882//7686 3842//7686 3854//7686
f 3883//7687 3872//7687 3843//7687
f 3883//7688 3843//7688 3855//7688
f 3884//7689 3873//7689 3844//7689
f 3884//7690 3844//7690 3856//7690
f 3885//7691 3845//7691 3857//7691
f 3885//7692 3874//7692 3845//7692
f 3886//7693 3876//7693 3848//7693
f 3886//7694 3848//7694 3859//7694
f 3887//7695 3877//7695 3849//7695
f 3887//7696 3849//7696 3860//7696
f 3888//7697 3878//7697 3850//7697
f 3888//7698 3850//7698 3861//7698
f 3889//7699 3879//7699 3851//7699
f 3889//7700 3851//7700 3862//7700
f 3890//7701 2730//7701 3880//7701
f 3890//7702 3880//7702 3852//7702
f 3890//7703 3852//7703 3863//7703
f 3891//7704 3881//7704 3853//7704
f 3891//7705 3853//7705 3864//7705
f 3892//7706 3854//7706 3865//7706
f 3892//7707 3882//7707 3854//7707
f 3893//7708 3855//7708 3866//7708
f 3893//7709 3883//7709 3855//7709
f 3894//7710 3856//7710 3867//7710
f 3894//7711 3884//7711 3856//7711
f 3895//7712 3857//7712 3868//7712
f 3895//7713 3885//7713 3857//7713
f 3896//7714 3859//7714 3870//7714
f 3896//7715 3886//7715 3859//7715
f 3897//7716 3860//7716 3871//7716
f 3897//7717 3887//7717 3860//7717
f 3898//7718 3861//7718 3872//7718
f 3898//7719 3888//7719 3861//7719
f 3899//7720 3862//7720 3873//7720
f 3899//7721 3889//7721 3862//7721
f 3900//7722 2730//7722 3890//7722
f 3900//7723 3863//7723 3874//7723
f 3900//7724 3890//7724 3863//7724
f 3901//7725 3875//7725 1790//7725
f 3901//7726 3864//7726 3875//7726
f 3901//7727 3891//7727 3864//7727
f 3902//7728 3865//7728 3876//7728
f 3902//7729 3892//7729 3865//7729
f 3903//7730 3866//7730 3877//7730
f 3903//7731 3893//7731 3866//7731
f 3904//7732 3894//7732 3867//7732
f 3904//7733 3867//7733 3878//7733
f 3905//7734 3868//7734 3879//7734
f 3905//7735 3895//7735 3868//7735
f 3906//7736 3896//7736 3870//7736
f 3906//7737 3870//7737 3881//7737
f 3907//7738 3871//7738 3882//7738
f 3907//7739 3897//7739 3871//7739
f 3908//7740 3872//7740 3883//7740
f 3908//7741 3898//7741 3872//7741
f 3909//7742 3873//7742 3884//7742
f 3909//7743 3899//7743 3873//7743
f 3910//7744 3900//7744 3874//7744
f 3910//7745 3874//7745 3885//7745
f 3910//7746 2730//7746 3900//7746
f 3911//7747 1790//7747 1866//7747
f 3911//7748 1866//7748 1867//7748
f 3911//7749 1867//7749 3901//7749
f 3911//7750 3901//7750 1790//7750
f 3912//7751 3876//7751 3886//7751
f 3912//7752 3902//7752 3876//7752
f 3913//7753 3903//7753 3877//7753
f 3913//7754 3877//7754 3887//7754
f 3914//7755 3878//7755 3888//7755
f 3914//7756 3904//7756 3878//7756
f 3915//7757 3905//7757 3879//7757
f 3915//7758 3879//7758 3889//7758
f 3916//7759 3906//7759 3881//7759
f 3916//7760 3881//7760 3891//7760
f 3917//7761 3882//7761 3892//7761
f 3917//7762 3907//7762 3882//7762
f 3918//7763 3908//7763 3883//7763
f 3918//7764 3883//7764 3893//7764
f 3919//7765 3909//7765 3884//7765
f 3919//7766 3884//7766 3894//7766
f 3920//7767 2730//7767 3910//7767
f 3920//7768 3910//7768 3885//7768
f 3920//7769 3885//7769 3895//7769
f 3921//7770 3912//7770 3886//7770
f 3921//7771 3886//7771 3896//7771
f 3922//7772 3913//7772 3887//7772
f 3922//7773 3887//7773 3897//7773
f 3923//7774 3914//7774 3888//7774
f 3923//7775 3888//7775 3898//7775
f 3924//7776 3915//7776 3889//7776
f 3924//7777 3889//7777 3899//7777
f 3925//7778 3891//7778 3901//7778
f 3925//7779 3916//7779 3891//7779
f 3926//7780 3892//7780 3902//7780
f 3926//7781 3917//7781 3892//7781
f 3927//7782 3918//7782 3893//7782
f 3927//7783 3893//7783 3903//7783
f 3928//7784 3894//7784 3904//7784
f 3928//7785 3919//7785 3894//7785
f 3929//7786 2730//7786 3920//7786
f 3929//7787 3920//7787 3895//7787
f 3929//7788 3895//7788 3905//7788
f 3930//7789 3921//7789 3896//7789
f 3930//7790 3896//7790 3906//7790
f 3931//7791 3897//7791 3907//7791
f 3931//7792 3922//7792 3897//7792
f 3932//7793 3923//7793 3898//7793
f 3932//7794 3898//7794 3908//7794
f 3933//7795 3899//7795 3909//7795
f 3933//7796 3924//7796 3899//7796
f 3934//7797 1867//7797 1972//7797
f 3934//7798 3901//7798 1867//7798
f 3934//7799 3925//7799 3901//7799
f 3934//7800 1972//7800 3925//7800
f 3935//7801 3902//7801 3912//7801
f 3935//7802 3926//7802 3902//7802
f 3936//7803 3903//7803 3913//7803
f 3936//7804 3927//7804 3903//7804
f 3937//7805 3904//7805 3914//7805
f 3937//7806 3928//7806 3904//7806
f 3938//7807 2730//7807 3929//7807
f 3938//7808 3929//7808 3905//7808
f 3938//7809 3905//7809 3915//7809
f 3939//7810 3930//7810 3906//7810
f 3939//7811 3906//7811 3916//7811
f 3940//7812 3907//7812 3917//7812
f 3940//7813 3931//7813 3907//7813
f 3941//7814 3932//7814 3908//7814
f 3941//7815 3908//7815 3918//7815
f 3942//7816 3909//7816 3919//7816
f 3942//7817 3933//7817 3909//7817
f 3943//7818 3912//7818 3921//7818
f 3943//7819 3935//7819 3912//7819
f 3944//7820 3936//7820 3913//7820
f 3944//7821 3913//7821 3922//7821
f 3945//7822 3914//7822 3923//7822
f 3945//7823 3937//7823 3914//7823
f 3946//7824 3938//7824 3915//7824
f 3946//7825 3915//7825 3924//7825
f 3946//7826 2730//7826 3938//7826
f 3947//7827 3939//7827 3916//7827
f 3947//7828 3916//7828 3925//7828
f 3948//7829 3940//7829 3917//7829
f 3948//7830 3917//7830 3926//7830
f 3949//7831 3918//7831 3927//7831
f 3949//7832 3941//7832 3918//7832
f 3950//7833 3942//7833 3919//7833
f 3950//7834 3919//7834 3928//7834
f 3951//7835 3943//7835 3921//7835
f 3951//7836 3921//7836 3930//7836
f 3952//7837 3944//7837 3922//7837
f 3952//7838 3922//7838 3931//7838
f 3953//7839 3945//7839 3923//7839
f 3953//7840 3923//7840 3932//7840
f 3954//7841 2730//7841 3946//7841
f 3954//7842 3946//7842 3924//7842
f 3954//7843 3924//7843 3933//7843
f 3955//7844 3947//7844 3925//7844
f 3955//7845 3925//7845 1972//7845
f 3956//7846 3926//7846 3935//7846
f 3956//7847 3948//7847 3926//7847
f 3957//7848 3927//7848 3936//7848
f 3957//7849 3949//7849 3927//7849
f 3958//7850 3950//7850 3928//7850
f 3958//7851 3928//7851 3937//7851
f 3959//7852 3951//7852 3930//7852
f 3959//7853 3930//7853 3939//7853
f 3960//7854 3931//7854 3940//7854
f 3960//7855 3952//7855 3931//7855
f 3961//7856 3953//7856 3932//7856
f 3961//7857 3932//7857 3941//7857
f 3962//7858 2730//7858 3954//7858
f 3962//7859 3954//7859 3933//7859
f 3962//7860 3933//7860 3942//7860
f 3963//7861 1972//7861 2048//7861
f 3963//7862 2048//7862 3955//7862
f 3963//7863 3955//7863 1972//7863
f 3964//7864 3935//7864 3943//7864
f 3964//7865 3956//7865 3935//7865
f 3965//7866 3936//7866 3944//7866
f 3965//7867 3957//7867 3936//7867
f 3966//7868 3958//7868 3937//7868
f 3966//7869 3937//7869 3945//7869
f 3967//7870 3939//7870 3947//7870
f 3967//7871 3959//7871 3939//7871
f 3968//7872 3960//7872 3940//7872
f 3968//7873 3940//7873 3948//7873
f 3969//7874 3941//7874 3949//7874
f 3969//7875 3961//7875 3941//7875
f 3970//7876 2730//7876 3962//7876
f 3970//7877 3962//7877 3942//7877
f 3970//7878 3942//7878 3950//7878
f 3971//7879 3943//7879 3951//7879
f 3971//7880 3964//7880 3943//7880
f 3972//7881 3944//7881 3952//7881
f 3972//7882 3965//7882 3944//7882
f 3973//7883 3945//7883 3953//7883
f 3973//7884 3966//7884 3945//7884
f 3974//7885 3967//7885 3947//7885
f 3974//7886 3947//7886 3955//7886
f 3975//7887 3948//7887 3956//7887
f 3975//7888 3968//7888 3948//7888
f 3976//7889 3969//7889 3949//7889
f 3976//7890 3949//7890 3957//7890
f 3977//7891 3970//7891 3950//7891
f 3977//7892 2730//7892 3970//7892
f 3977//7893 3950//7893 3958//7893
f 3978//7894 3971//7894 3951//7894
f 3978//7895 3951//7895 3959//7895
f 3979//7896 3972//7896 3952//7896
f 3979//7897 3952//7897 3960//7897
f 3980//7898 3973//7898 3953//7898
f 3980//7899 3953//7899 3961//7899
f 3981//7900 2154//7900 3974//7900
f 3981//7901 2048//7901 2153//7901
f 3981//7902 3955//7902 2048//7902
f 3981//7903 2153//7903 2154//7903
f 3981//7904 3974//7904 3955//7904
f 3982//7905 3975//7905 3956//7905
f 3982//7906 3956//7906 3964//7906
f 3983//7907 3976//7907 3957//7907
f 3983//7908 3957//7908 3965//7908
f 3984//7909 2730//7909 3977//7909
f 3984//7910 3977//7910 3958//7910
f 3984//7911 3958//7911 3966//7911
f 3985//7912 3978//7912 3959//7912
f 3985//7913 3959//7913 3967//7913
f 3986//7914 3960//7914 3968//7914
f 3986//7915 3979//7915 3960//7915
f 3987//7916 3980//7916 3961//7916
f 3987//7917 3961//7917 3969//7917
f 3988//7918 3982//7918 3964//7918
f 3988//7919 3964//7919 3971//7919
f 3989//7920 3983//7920 3965//7920
f 3989//7921 3965//7921 3972//7921
f 3990//7922 3966//7922 3973//7922
f 3990//7923 2730//7923 3984//7923
f 3990//7924 3984//7924 3966//7924
f 3991//7925 3967//7925 3974//7925
f 3991//7926 3985//7926 3967//7926
f 3992//7927 3986//7927 3968//7927
f 3992//7928 3968//7928 3975//7928
f 3993//7929 3969//7929 3976//7929
f 3993//7930 3987//7930 3969//7930
f 3994//7931 3988//7931 3971//7931
f 3994//7932 3971//7932 3978//7932
f 3995//7933 3989//7933 3972//7933
f 3995//7934 3972//7934 3979//7934
f 3996//7935 3973//7935 3980//7935
f 3996//7936 3990//7936 3973//7936
f 3996//7937 2730//7937 3990//7937
f 3997//7938 3974//7938 2154//7938
f 3997//7939 3991//7939 3974//7939
f 3998//7940 3975//7940 3982//7940
f 3998//7941 3992//7941 3975//7941
f 3999//7942 3976//7942 3983//7942
f 3999//7943 3993//7943 3976//7943
f 4000//7944 3994//7944 3978//7944
f 4000//7945 3978//7945 3985//7945
f 4001//7946 3979//7946 3986//7946
f 4001//7947 3995//7947 3979//7947
f 4002//7948 3980//7948 3987//7948
f 4002//7949 3996//7949 3980//7949
f 4002//7950 2730//7950 3996//7950
f 4003//7951 2154//7951 2230//7951
f 4003//7952 3997//7952 2154//7952
f 4003//7953 2230//7953 3997//7953
f 4004//7954 3982//7954 3988//7954
f 4004//7955 3998//7955 3982//7955
f 4005//7956 3983//7956 3989//7956
f 4005//7957 3999//7957 3983//7957
f 4006//7958 4000//7958 3985//7958
f 4006//7959 3985//7959 3991//7959
f 4007//7960 3986//7960 3992//7960
f 4007//7961 4001//7961 3986//7961
f 4008//7962 2730//7962 4002//7962
f 4008//7963 3987//7963 3993//7963
f 4008//7964 4002//7964 3987//7964
f 4009//7965 3988//7965 3994//7965
f 4009//7966 4004//7966 3988//7966
f 4010//7967 4005//7967 3989//7967
f 4010//7968 3989//7968 3995//7968
f 4011//7969 4006//7969 3991//7969
f 4011//7970 3991//7970 3997//7970
f 4012//7971 4007//7971 3992//7971
f 4012//7972 3992//7972 3998//7972
f 4013//7973 2730//7973 4008//7973
f 4013//7974 4008//7974 3993//7974
f 4013//7975 3993//7975 3999//7975
f 4014//7976 3994//7976 4000//7976
f 4014//7977 4009//7977 3994//7977
f 4015//7978 4010//7978 3995//7978
f 4015//7979 3995//7979 4001//7979
f 4016//7980 2230//7980 2335//7980
f 4016//7981 2335//7981 2336//7981
f 4016//7982 4011//7982 3997//7982
f 4016//7983 3997//7983 2230//7983
f 4017//7984 3998//7984 4004//7984
f 4017//7985 4012//7985 3998//7985
f 4018//7986 2730//7986 4013//7986
f 4018//7987 3999//7987 4005//7987
f 4018//7988 4013//7988 3999//7988
f 4019//7989 4014//7989 4000//7989
f 4019//7990 4000//7990 4006//7990
f 4020//7991 4001//7991 4007//7991
f 4020//7992 4015//7992 4001//7992
f 4021//7993 4004//7993 4009//7993
f 4021//7994 4017//7994 4004//7994
f 4022//7995 2730//7995 4018//7995
f 4022//7996 4018//7996 4005//7996
f 4022//7997 4005//7997 4010//7997
f 4023//7998 4019//7998 4006//7998
f 4023//7999 4006//7999 4011//7999
f 4024//8000 4007//8000 4012//8000
f 4024//8001 4020//8001 4007//8001
f 4025//8002 4009//8002 4014//8002
f 4025//8003 4021//8003 4009//8003
f 4026//8004 4010//8004 4015//8004
f 4026//8005 2730//8005 4022//8005
f 4026//8006 4022//8006 4010//8006
f 4027//8007 4023//8007 4011//8007
f 4027//8008 4016//8008 2336//8008
f 4027//8009 4011//8009 4016//8009
f 4028//8010 4024//8010 4012//8010
f 4028//8011 4012//8011 4017//8011
f 4029//8012 4014//8012 4019//8012
f 4029//8013 4025//8013 4014//8013
f 4030//8014 2730//8014 4026//8014
f 4030//8015 4015//8015 4020//8015
f 4030//8016 4026//8016 4015//8016
f 4031//8017 4027//8017 2336//8017
f 4031//8018 2336//8018 2412//8018
f 4031//8019 2412//8019 4027//8019
f 4032//8020 4017//8020 4021//8020
f 4032//8021 4028//8021 4017//8021
f 4033//8022 4029//8022 4019//8022
f 4033//8023 4019//8023 4023//8023
f 4034//8024 4020//8024 4024//8024
f 4034//8025 2730//8025 4030//8025
f 4034//8026 4030//8026 4020//8026
f 4035//8027 4021//8027 4025//8027
f 4035//8028 4032//8028 4021//8028
f 4036//8029 4027//8029 2412//8029
f 4036//8030 4023//8030 4027//8030
f 4036//8031 4033//8031 4023//8031
f 4037//8032 4024//8032 4028//8032
f 4037//8033 2730//8033 4034//8033
f 4037//8034 4034//8034 4024//8034
f 4038//8035 4035//8035 4025//8035
f 4038//8036 4025//8036 4029//8036
f 4039//8037 2412//8037 2517//8037
f 4039//8038 2517//8038 2518//8038
f 4039//8039 4036//8039 2412//8039
f 4040//8040 4037//8040 4028//8040
f 4040//8041 2730//8041 4037//8041
f 4040//8042 4028//8042 4032//8042
f 4041//8043 4038//8043 4029//8043
f 4041//8044 4029//8044 4033//8044
f 4042//8045 4032//8045 4035//8045
f 4042//8046 4040//8046 4032//8046
f 4042//8047 2730//8047 4040//8047
f 4043//8048 4033//8048 4036//8048
f 4043//8049 4041//8049 4033//8049
f 4044//8050 4042//8050 4035//8050
f 4044//8051 2730//8051 4042//8051
f 4044//8052 4035//8052 4038//8052
f 4045//8053 4039//8053 2518//8053
f 4045//8054 4036//8054 4039//8054
f 4045//8055 4043//8055 4036//8055
f 4046//8056 4038//8056 4041//8056
f 4046//8057 2730//8057 4044//8057
f 4046//8058 4044//8058 4038//8058
f 4047//8059 4045//8059 2518//8059
f 4047//8060 2518//8060 2594//8060
f 4047//8061 2594//8061 4045//8061
f 4048//8062 4041//8062 4043//8062
f 4048//8063 4046//8063 4041//8063
f 4048//8064 2730//8064 4046//8064
f 4049//8065 4048//8065 4043//8065
f 4049//8066 2699//8066 2730//8066
f 4049//8067 4043//8067 4045//8067
f 4049//8068 4045//8068 2594//8068
f 4049//8069 2730//8069 4048//8069
f 4050//8070 2594//8070 2699//8070
f 4050//8071 4049//8071 2594//8071
f 4050//8072 2699//8072 4049//8072
f 4051//8073 4052//8073 4053//8073
f 4051//8074 4053//8074 4054//8074
f 4055//8075 4054//8075 4056//8075
f 4055//8076 4051//8076 4054//8076
f 4057//8077 4056//8077 4058//8077
f 4057//8078 4055//8078 4056//8078
f 4059//8079 4058//8079 4060//8079
f 4059//8080 4057//8080 4058//8080
f 4061//8081 4060//8081 4062//8081
f 4061//8082 4059//8082 4060//8082
f 4063//8083 4062//8083 4064//8083
f 4063//8084 4064//8084 4065//8084
f 4063//8085 4061//8085 4062//8085
f 4066//8086 4063//8086 4065//8086
f 4067//8087 4065//8087 4068//8087
f 4067//8088 4066//8088 4065//8088
f 4069//8089 4068//8089 4070//8089
f 4069//8090 4067//8090 4068//8090
f 4071//8091 4070//8091 4072//8091
f 4071//8092 4069//8092 4070//8092
f 4073//8093 4071//8093 4072//8093
f 4073//8094 4072//8094 4074//8094
f 4075//8095 4073//8095 4074//8095
f 4075//8096 4074//8096 4076//8096
f 4077//8097 4075//8097 4076//8097
f 4077//8098 4076//8098 4078//8098
f 4079//8099 4077//8099 4078//8099
f 4079//8100 4078//8100 4080//8100
f 4081//8101 4079//8101 4080//8101
f 4081//8102 4080//8102 4082//8102
f 4083//8103 4081//8103 4082//8103
f 4083//8104 4082//8104 4084//8104
f 4085//8105 4083//8105 4084//8105
f 4085//8106 4084//8106 4086//8106
f 4087//8107 4085//8107 4086//8107
f 4087//8108 4086//8108 4088//8108
f 4089//8109 4087//8109 4088//8109
f 4089//8110 4088//8110 4090//8110
f 4089//8111 4090//8111 4091//8111
f 4092//8112 4089//8112 4091//8112
f 4092//8113 4091//8113 4093//8113
f 4094//8114 4092//8114 4093//8114
f 4095//8115 4094//8115 4093//8115
f 4095//8116 4093//8116 4096//8116
f 4097//8117 4096//8117 4098//8117
f 4097//8118 4095//8118 4096//8118
f 4099//8119 4098//8119 4100//8119
f 4099//8120 4097//8120 4098//8120
f 4101//8121 4100//8121 4102//8121
f 4101//8122 4099//8122 4100//8122
f 4103//8123 4102//8123 4104//8123
f 4103//8124 4101//8124 4102//8124
f 4105//8125 4104//8125 4106//8125
f 4105//8126 4103//8126 4104//8126
f 4107//8127 4106//8127 4108//8127
f 4107//8128 4105//8128 4106//8128
f 4109//8129 4108//8129 4110//8129
f 4109//8130 4107//8130 4108//8130
f 4111//8131 4110//8131 4112//8131
f 4111//8132 4109//8132 4110//8132
f 4113//8133 4112//8133 4114//8133
f 4113//8134 4111//8134 4112//8134
f 4115//8135 4114//8135 4116//8135
f 4115//8136 4116//8136 4117//8136
f 4115//8137 4113//8137 4114//8137
f 4118//8138 4115//8138 4117//8138
f 4119//8139 4117//8139 4120//8139
f 4119//8140 4118//8140 4117//8140
f 4121//8141 4120//8141 4122//8141
f 4121//8142 4119//8142 4120//8142
f 4123//8143 4122//8143 4124//8143
f 4123//8144 4121//8144 4122//8144
f 4125//8145 4123//8145 4124//8145
f 4125//8146 4124//8146 4126//8146
f 4127//8147 4125//8147 4126//8147
f 4127//8148 4126//8148 4128//8148
f 4129//8149 4127//8149 4128//8149
f 4129//8150 4128//8150 4130//8150
f 4131//8151 4129//8151 4130//8151
f 4131//8152 4130//8152 4132//8152
f 4133//8153 4131//8153 4132//8153
f 4133//8154 4132//8154 4134//8154
f 4133//8155 4134//8155 4135//8155
f 4136//8156 4133//8156 4135//8156
f 4137//8157 4136//8157 4135//8157
f 4137//8158 4135//8158 4138//8158
f 4139//8159 4137//8159 4138//8159
f 4139//8160 4138//8160 4140//8160
f 4141//8161 4139//8161 4140//8161
f 4141//8162 4140//8162 4142//8162
f 4143//8163 4141//8163 4142//8163
f 4143//8164 4142//8164 4144//8164
f 4145//8165 4143//8165 4144//8165
f 4145//8166 4144//8166 4146//8166
f 4147//8167 4145//8167 4146//8167
f 4147//8168 4146//8168 4148//8168
f 4149//8169 4147//8169 4148//8169
f 4149//8170 4148//8170 4150//8170
f 4151//8171 4149//8171 4150//8171
f 4151//8172 4150//8172 4152//8172
f 4153//8173 4151//8173 4152//8173
f 4153//8174 4152//8174 4154//8174
f 4155//8175 4153//8175 4154//8175
f 4155//8176 4154//8176 4156//8176
f 4157//8177 4155//8177 4156//8177
f 4157//8178 4156//8178 4158//8178
f 4159//8179 4157//8179 4158//8179
f 4159//8180 4158//8180 4160//8180
f 4161//8181 4159//8181 4160//8181
f 4161//8182 4160//8182 4162//8182
f 4163//8183 4161//8183 4162//8183
f 4163//8184 4162//8184 4164//8184
f 4165//8185 4163//8185 4164//8185
f 4165//8186 4164//8186 4166//8186
f 4167//8187 4166//8187 4168//8187
f 4167//8188 4165//8188 4166//8188
f 4169//8189 4168//8189 4170//8189
f 4169//8190 4167//8190 4168//8190
f 4171//8191 4170//8191 4172//8191
f 4171//8192 4169//8192 4170//8192
f 4173//8193 4172//8193 4174//8193
f 4173//8194 4171//8194 4172//8194
f 4175//8195 4173//8195 4174//8195
f 4175//8196 4174//8196 4176//8196
f 4177//8197 4175//8197 4176//8197
f 4177//8198 4176//8198 4178//8198
f 4179//8199 4177//8199 4178//8199
f 4179//8200 4178//8200 4180//8200
f 4181//8201 4179//8201 4180//8201
f 4181//8202 4180//8202 4182//8202
f 4183//8203 4181//8203 4182//8203
f 4183//8204 4182//8204 4184//8204
f 4185//8205 4183//8205 4184//8205
f 4185//8206 4184//8206 4186//8206
f 4187//8207 4185//8207 4186//8207
f 4187//8208 4186//8208 4188//8208
f 4189//8209 4187//8209 4188//8209
f 4189//8210 4188//8210 4190//8210
f 4191//8211 4189//8211 4190//8211
f 4191//8212 4190//8212 4192//8212
f 4193//8213 4191//8213 4192//8213
f 4193//8214 4192//8214 4194//8214
f 4195//8215 4193//8215 4194//8215
f 4195//8216 4194//8216 4196//8216
f 4197//8217 4195//8217 4196//8217
f 4197//8218 4196//8218 4198//8218
f 4197//8219 4198//8219 4199//8219
f 4200//8220 4197//8220 4199//8220
f 4201//8221 4199//8221 4202//8221
f 4201//8222 4200//8222 4199//8222
f 4203//8223 4202//8223 4204//8223
f 4203//8224 4201//8224 4202//8224
f 4205//8225 4204//8225 4206//8225
f 4205//8226 4203//8226 4204//8226
f 4207//8227 4206//8227 4208//8227
f 4207//8228 4205//8228 4206//8228
f 4209//8229 4208//8229 4210//8229
f 4209//8230 4207//8230 4208//8230
f 4211//8231 4210//8231 4212//8231
f 4211//8232 4209//8232 4210//8232
f 4213//8233 4212//8233 4214//8233
f 4213//8234 4211//8234 4212//8234
f 4215//8235 4214//8235 4216//8235
f 4215//8236 4213//8236 4214//8236
f 4217//8237 4216//8237 4218//8237
f 4217//8238 4215//8238 4216//8238
f 4219//8239 4218//8239 4220//8239
f 4219//8240 4217//8240 4218//8240
f 4221//8241 4220//8241 4222//8241
f 4221//8242 4219//8242 4220//8242
f 4223//8243 4222//8243 4224//8243
f 4223//8244 4221//8244 4222//8244
f 4225//8245 4224//8245 4226//8245
f 4225//8246 4223//8246 4224//8246
f 4227//8247 4225//8247 4226//8247
f 4227//8248 4226//8248 4228//8248
f 4229//8249 4227//8249 4228//8249
f 4229//8250 4228//8250 4230//8250
f 4231//8251 4229//8251 4230//8251
f 4231//8252 4230//8252 4232//8252
f 4233//8253 4231//8253 4232//8253
f 4233//8254 4232//8254 4234//8254
f 4235//8255 4234//8255 4236//8255
f 4235//8256 4233//8256 4234//8256
f 4237//8257 4236//8257 4238//8257
f 4237//8258 4235//8258 4236//8258
f 4239//8259 4238//8259 4240//8259
f 4239//8260 4237//8260 4238//8260
f 4241//8261 4240//8261 4242//8261
f 4241//8262 4239//8262 4240//8262
f 4243//8263 4242//8263 4244//8263
f 4243//8264 4241//8264 4242//8264
f 4245//8265 4244//8265 4246//8265
f 4245//8266 4243//8266 4244//8266
f 4247//8267 4246//8267 4248//8267
f 4247//8268 4245//8268 4246//8268
f 4249//8269 4248//8269 4250//8269
f 4249//8270 4247//8270 4248//8270
f 4251//8271 4250//8271 4252//8271
f 4251//8272 4249//8272 4250//8272
f 4253//8273 4252//8273 4254//8273
f 4253//8274 4251//8274 4252//8274
f 4255//8275 4254//8275 4256//8275
f 4255//8276 4253//8276 4254//8276
f 4257//8277 4256//8277 4258//8277
f 4257//8278 4255//8278 4256//8278
f 4259//8279 4258//8279 4260//8279
f 4259//8280 4257//8280 4258//8280
f 4261//8281 4260//8281 4262//8281
f 4261//8282 4259//8282 4260//8282
f 4263//8283 4262//8283 4264//8283
f 4263//8284 4261//8284 4262//8284
f 4265//8285 4264//8285 4266//8285
f 4265//8286 4263//8286 4264//8286
f 4267//8287 4266//8287 4268//8287
f 4267//8288 4265//8288 4266//8288
f 4269//8289 4268//8289 4270//8289
f 4269//8290 4267//8290 4268//8290
f 4271//8291 4270//8291 4272//8291
f 4271//8292 4269//8292 4270//8292
f 4273//8293 4272//8293 4274//8293
f 4273//8294 4271//8294 4272//8294
f 4275//8295 4273//8295 4274//8295
f 4275//8296 4274//8296 4276//8296
f 4277//8297 4275//8297 4276//8297
f 4277//8298 4276//8298 4278//8298
f 4279//8299 4277//8299 4278//8299
f 4279//8300 4278//8300 4280//8300
f 4281//8301 4279//8301 4280//8301
f 4281//8302 4280//8302 4282//8302
f 4283//8303 4281//8303 4282//8303
f 4283//8304 4282//8304 4284//8304
f 4285//8305 4283//8305 4284//8305
f 4285//8306 4284//8306 4286//8306
f 4287//8307 4285//8307 4286//8307
f 4287//8308 4286//8308 4288//8308
f 4289//8309 4287//8309 4288//8309
f 4289//8310 4288//8310 4290//8310
f 4291//8311 4289//8311 4290//8311
f 4291//8312 4290//8312 4292//8312
f 4293//8313 4291//8313 4292//8313
f 4293//8314 4292//8314 4294//8314
f 4295//8315 4293//8315 4294//8315
f 4295//8316 4294//8316 4296//8316
f 4297//8317 4295//8317 4296//8317
f 4297//8318 4296//8318 4298//8318
f 4299//8319 4297//8319 4298//8319
f 4299//8320 4298//8320 4300//8320
f 4301//8321 4300//8321 4302//8321
f 4301//8322 4299//8322 4300//8322
f 4052//8323 4302//8323 4053//8323
f 4052//8324 4301//8324 4302//8324
f 4203//8325 4205//8325 4207//8325
f 4201//8326 4203//8326 4207//8326
f 4201//8327 4207//8327 4209//8327
f 4217//8328 4209//8328 4211//8328
f 4217//8329 4211//8329 4213//8329
f 4217//8330 4213//8330 4215//8330
f 4223//8331 4219//8331 4221//8331
f 4193//8332 4201//8332 4209//8332
f 4193//8333 4195//8333 4197//8333
f 4193//8334 4197//8334 4200//8334
f 4193//8335 4200//8335 4201//8335
f 4227//8336 4223//8336 4225//8336
f 4189//8337 4191//8337 4193//8337
f 4229//8338 4223//8338 4227//8338
f 4185//8339 4187//8339 4189//8339
f 4183//8340 4185//8340 4189//8340
f 4235//8341 4229//8341 4231//8341
f 4235//8342 4231//8342 4233//8342
f 4237//8343 4219//8343 4223//8343
f 4237//8344 4223//8344 4229//8344
f 4237//8345 4229//8345 4235//8345
f 4177//8346 4179//8346 4181//8346
f 4177//8347 4181//8347 4183//8347
f 4171//8348 4173//8348 4175//8348
f 4169//8349 4171//8349 4175//8349
f 4249//8350 4245//8350 4247//8350
f 4167//8351 4175//8351 4177//8351
f 4167//8352 4169//8352 4175//8352
f 4251//8353 4245//8353 4249//8353
f 4251//8354 4239//8354 4241//8354
f 4251//8355 4241//8355 4243//8355
f 4251//8356 4243//8356 4245//8356
f 4165//8357 4167//8357 4177//8357
f 4253//8358 4239//8358 4251//8358
f 4255//8359 4239//8359 4253//8359
f 4161//8360 4163//8360 4165//8360
f 4159//8361 4161//8361 4165//8361
f 4159//8362 4193//8362 4209//8362
f 4159//8363 4189//8363 4193//8363
f 4159//8364 4183//8364 4189//8364
f 4159//8365 4177//8365 4183//8365
f 4159//8366 4165//8366 4177//8366
f 4261//8367 4257//8367 4259//8367
f 4155//8368 4157//8368 4159//8368
f 4263//8369 4255//8369 4257//8369
f 4263//8370 4257//8370 4261//8370
f 4267//8371 4263//8371 4265//8371
f 4267//8372 4255//8372 4263//8372
f 4149//8373 4151//8373 4153//8373
f 4149//8374 4153//8374 4155//8374
f 4145//8375 4149//8375 4155//8375
f 4145//8376 4147//8376 4149//8376
f 4275//8377 4269//8377 4271//8377
f 4275//8378 4271//8378 4273//8378
f 4139//8379 4155//8379 4159//8379
f 4139//8380 4145//8380 4155//8380
f 4139//8381 4209//8381 4217//8381
f 4139//8382 4141//8382 4143//8382
f 4139//8383 4143//8383 4145//8383
f 4139//8384 4219//8384 4237//8384
f 4139//8385 4217//8385 4219//8385
f 4139//8386 4159//8386 4209//8386
f 4139//8387 4237//8387 4239//8387
f 4279//8388 4267//8388 4269//8388
f 4279//8389 4275//8389 4277//8389
f 4279//8390 4255//8390 4267//8390
f 4279//8391 4269//8391 4275//8391
f 4285//8392 4279//8392 4281//8392
f 4285//8393 4281//8393 4283//8393
f 4131//8394 4133//8394 4136//8394
f 4131//8395 4136//8395 4137//8395
f 4131//8396 4137//8396 4139//8396
f 4289//8397 4285//8397 4287//8397
f 4289//8398 4255//8398 4279//8398
f 4289//8399 4279//8399 4285//8399
f 4291//8400 4255//8400 4289//8400
f 4125//8401 4127//8401 4129//8401
f 4125//8402 4129//8402 4131//8402
f 4125//8403 4139//8403 4239//8403
f 4125//8404 4131//8404 4139//8404
f 4295//8405 4291//8405 4293//8405
f 4121//8406 4123//8406 4125//8406
f 4299//8407 4295//8407 4297//8407
f 4299//8408 4291//8408 4295//8408
f 4115//8409 4118//8409 4119//8409
f 4115//8410 4119//8410 4121//8410
f 4051//8411 4291//8411 4299//8411
f 4051//8412 4299//8412 4301//8412
f 4051//8413 4301//8413 4052//8413
f 4109//8414 4115//8414 4121//8414
f 4109//8415 4111//8415 4113//8415
f 4109//8416 4113//8416 4115//8416
f 4109//8417 4121//8417 4125//8417
f 4061//8418 4051//8418 4055//8418
f 4061//8419 4055//8419 4057//8419
f 4061//8420 4057//8420 4059//8420
f 4103//8421 4105//8421 4107//8421
f 4067//8422 4061//8422 4063//8422
f 4067//8423 4063//8423 4066//8423
f 4095//8424 4097//8424 4099//8424
f 4095//8425 4099//8425 4101//8425
f 4095//8426 4101//8426 4103//8426
f 4095//8427 4103//8427 4107//8427
f 4073//8428 4067//8428 4069//8428
f 4073//8429 4069//8429 4071//8429
f 4073//8430 4051//8430 4061//8430
f 4073//8431 4061//8431 4067//8431
f 4075//8432 4291//8432 4051//8432
f 4075//8433 4051//8433 4073//8433
f 4089//8434 4109//8434 4125//8434
f 4089//8435 4092//8435 4094//8435
f 4089//8436 4094//8436 4095//8436
f 4089//8437 4107//8437 4109//8437
f 4089//8438 4095//8438 4107//8438
f 4077//8439 4291//8439 4075//8439
f 4079//8440 4291//8440 4077//8440
f 4079//8441 4255//8441 4291//8441
f 4083//8442 4079//8442 4081//8442
f 4083//8443 4085//8443 4087//8443
f 4083//8444 4087//8444 4089//8444
f 4083//8445 4089//8445 4125//8445
f 4083//8446 4255//8446 4079//8446
f 4083//8447 4125//8447 4239//8447
f 4083//8448 4239//8448 4255//8448
f 4206//8449 4204//8449 4208//8449
f 4204//8450 4202//8450 4208//8450
f 4208//8451 4202//8451 4210//8451
f 4210//8452 4218//8452 4212//8452
f 4212//8453 4218//8453 4214//8453
f 4214//8454 4218//8454 4216//8454
f 4220//8455 4224//8455 4222//8455
f 4202//8456 4194//8456 4210//8456
f 4196//8457 4194//8457 4198//8457
f 4198//8458 4194//8458 4199//8458
f 4199//8459 4194//8459 4202//8459
f 4224//8460 4228//8460 4226//8460
f 4192//8461 4190//8461 4194//8461
f 4224//8462 4230//8462 4228//8462
f 4188//8463 4186//8463 4190//8463
f 4186//8464 4184//8464 4190//8464
f 4230//8465 4236//8465 4232//8465
f 4232//8466 4236//8466 4234//8466
f 4220//8467 4238//8467 4224//8467
f 4224//8468 4238//8468 4230//8468
f 4230//8469 4238//8469 4236//8469
f 4180//8470 4178//8470 4182//8470
f 4182//8471 4178//8471 4184//8471
f 4174//8472 4172//8472 4176//8472
f 4172//8473 4170//8473 4176//8473
f 4246//8474 4250//8474 4248//8474
f 4176//8475 4168//8475 4178//8475
f 4170//8476 4168//8476 4176//8476
f 4246//8477 4252//8477 4250//8477
f 4240//8478 4252//8478 4242//8478
f 4242//8479 4252//8479 4244//8479
f 4244//8480 4252//8480 4246//8480
f 4168//8481 4166//8481 4178//8481
f 4240//8482 4254//8482 4252//8482
f 4240//8483 4256//8483 4254//8483
f 4164//8484 4162//8484 4166//8484
f 4162//8485 4160//8485 4166//8485
f 4194//8486 4160//8486 4210//8486
f 4190//8487 4160//8487 4194//8487
f 4184//8488 4160//8488 4190//8488
f 4178//8489 4160//8489 4184//8489
f 4166//8490 4160//8490 4178//8490
f 4258//8491 4262//8491 4260//8491
f 4158//8492 4156//8492 4160//8492
f 4256//8493 4264//8493 4258//8493
f 4258//8494 4264//8494 4262//8494
f 4264//8495 4268//8495 4266//8495
f 4256//8496 4268//8496 4264//8496
f 4152//8497 4150//8497 4154//8497
f 4154//8498 4150//8498 4156//8498
f 4150//8499 4146//8499 4156//8499
f 4148//8500 4146//8500 4150//8500
f 4270//8501 4276//8501 4272//8501
f 4272//8502 4276//8502 4274//8502
f 4156//8503 4140//8503 4160//8503
f 4146//8504 4140//8504 4156//8504
f 4210//8505 4140//8505 4218//8505
f 4142//8506 4140//8506 4144//8506
f 4144//8507 4140//8507 4146//8507
f 4220//8508 4140//8508 4238//8508
f 4218//8509 4140//8509 4220//8509
f 4160//8510 4140//8510 4210//8510
f 4238//8511 4140//8511 4240//8511
f 4268//8512 4280//8512 4270//8512
f 4276//8513 4280//8513 4278//8513
f 4256//8514 4280//8514 4268//8514
f 4270//8515 4280//8515 4276//8515
f 4280//8516 4286//8516 4282//8516
f 4282//8517 4286//8517 4284//8517
f 4134//8518 4132//8518 4135//8518
f 4135//8519 4132//8519 4138//8519
f 4138//8520 4132//8520 4140//8520
f 4286//8521 4290//8521 4288//8521
f 4256//8522 4290//8522 4280//8522
f 4280//8523 4290//8523 4286//8523
f 4256//8524 4292//8524 4290//8524
f 4128//8525 4126//8525 4130//8525
f 4130//8526 4126//8526 4132//8526
f 4140//8527 4126//8527 4240//8527
f 4132//8528 4126//8528 4140//8528
f 4292//8529 4296//8529 4294//8529
f 4124//8530 4122//8530 4126//8530
f 4296//8531 4300//8531 4298//8531
f 4292//8532 4300//8532 4296//8532
f 4117//8533 4116//8533 4120//8533
f 4120//8534 4116//8534 4122//8534
f 4292//8535 4054//8535 4300//8535
f 4300//8536 4054//8536 4302//8536
f 4302//8537 4054//8537 4053//8537
f 4116//8538 4110//8538 4122//8538
f 4112//8539 4110//8539 4114//8539
f 4114//8540 4110//8540 4116//8540
f 4122//8541 4110//8541 4126//8541
f 4054//8542 4062//8542 4056//8542
f 4056//8543 4062//8543 4058//8543
f 4058//8544 4062//8544 4060//8544
f 4106//8545 4104//8545 4108//8545
f 4062//8546 4068//8546 4064//8546
f 4064//8547 4068//8547 4065//8547
f 4098//8548 4096//8548 4100//8548
f 4100//8549 4096//8549 4102//8549
f 4102//8550 4096//8550 4104//8550
f 4104//8551 4096//8551 4108//8551
f 4068//8552 4074//8552 4070//8552
f 4070//8553 4074//8553 4072//8553
f 4054//8554 4074//8554 4062//8554
f 4062//8555 4074//8555 4068//8555
f 4292//8556 4076//8556 4054//8556
f 4054//8557 4076//8557 4074//8557
f 4110//8558 4090//8558 4126//8558
f 4091//8559 4090//8559 4093//8559
f 4093//8560 4090//8560 4096//8560
f 4108//8561 4090//8561 4110//8561
f 4096//8562 4090//8562 4108//8562
f 4292//8563 4078//8563 4076//8563
f 4292//8564 4080//8564 4078//8564
f 4256//8565 4080//8565 4292//8565
f 4080//8566 4084//8566 4082//8566
f 4086//8567 4084//8567 4088//8567
f 4088//8568 4084//8568 4090//8568
f 4090//8569 4084//8569 4126//8569
f 4256//8570 4084//8570 4080//8570
f 4126//8571 4084//8571 4240//8571
f 4240//8572 4084//8572 4256//8572
f 4303//8573 4304//8573 4305//8573
f 4303//8574 4305//8574 4306//8574
f 4307//8575 4306//8575 4308//8575
f 4307//8576 4303//8576 4306//8576
f 4309//8577 4308//8577 4310//8577
f 4309//8578 4307//8578 4308//8578
f 4311//8579 4310//8579 4312//8579
f 4311//8580 4309//8580 4310//8580
f 4313//8581 4312//8581 4314//8581
f 4313//8582 4311//8582 4312//8582
f 4315//8583 4314//8583 4316//8583
f 4315//8584 4313//8584 4314//8584
f 4317//8585 4316//8585 4318//8585
f 4317//8586 4315//8586 4316//8586
f 4319//8587 4318//8587 4320//8587
f 4319//8588 4317//8588 4318//8588
f 4321//8589 4320//8589 4322//8589
f 4321//8590 4322//8590 4323//8590
f 4321//8591 4319//8591 4320//8591
f 4324//8592 4321//8592 4323//8592
f 4325//8593 4324//8593 4323//8593
f 4325//8594 4323//8594 4326//8594
f 4327//8595 4325//8595 4326//8595
f 4327//8596 4326//8596 4328//8596
f 4327//8597 4328//8597 4329//8597
f 4330//8598 4327//8598 4329//8598
f 4330//8599 4329//8599 4331//8599
f 4332//8600 4330//8600 4331//8600
f 4333//8601 4332//8601 4331//8601
f 4333//8602 4331//8602 4334//8602
f 4335//8603 4333//8603 4334//8603
f 4335//8604 4334//8604 4336//8604
f 4337//8605 4335//8605 4336//8605
f 4337//8606 4336//8606 4338//8606
f 4337//8607 4338//8607 4339//8607
f 4340//8608 4337//8608 4339//8608
f 4341//8609 4340//8609 4339//8609
f 4341//8610 4339//8610 4342//8610
f 4343//8611 4341//8611 4342//8611
f 4343//8612 4342//8612 4344//8612
f 4343//8613 4344//8613 4345//8613
f 4346//8614 4343//8614 4345//8614
f 4347//8615 4346//8615 4345//8615
f 4347//8616 4345//8616 4348//8616
f 4349//8617 4348//8617 4350//8617
f 4349//8618 4347//8618 4348//8618
f 4351//8619 4350//8619 4352//8619
f 4351//8620 4349//8620 4350//8620
f 4353//8621 4352//8621 4354//8621
f 4353//8622 4351//8622 4352//8622
f 4355//8623 4354//8623 4356//8623
f 4355//8624 4353//8624 4354//8624
f 4357//8625 4356//8625 4358//8625
f 4357//8626 4355//8626 4356//8626
f 4359//8627 4358//8627 4360//8627
f 4359//8628 4357//8628 4358//8628
f 4361//8629 4360//8629 4362//8629
f 4361//8630 4359//8630 4360//8630
f 4363//8631 4362//8631 4364//8631
f 4363//8632 4361//8632 4362//8632
f 4365//8633 4364//8633 4366//8633
f 4365//8634 4363//8634 4364//8634
f 4367//8635 4366//8635 4368//8635
f 4367//8636 4365//8636 4366//8636
f 4369//8637 4368//8637 4370//8637
f 4369//8638 4367//8638 4368//8638
f 4371//8639 4370//8639 4372//8639
f 4371//8640 4369//8640 4370//8640
f 4373//8641 4372//8641 4374//8641
f 4373//8642 4371//8642 4372//8642
f 4375//8643 4374//8643 4376//8643
f 4375//8644 4373//8644 4374//8644
f 4377//8645 4375//8645 4376//8645
f 4377//8646 4376//8646 4378//8646
f 4379//8647 4377//8647 4378//8647
f 4379//8648 4378//8648 4380//8648
f 4381//8649 4379//8649 4380//8649
f 4381//8650 4380//8650 4382//8650
f 4383//8651 4381//8651 4382//8651
f 4383//8652 4382//8652 4384//8652
f 4385//8653 4383//8653 4384//8653
f 4385//8654 4384//8654 4386//8654
f 4387//8655 4385//8655 4386//8655
f 4387//8656 4386//8656 4388//8656
f 4387//8657 4388//8657 4389//8657
f 4390//8658 4387//8658 4389//8658
f 4391//8659 4390//8659 4389//8659
f 4391//8660 4389//8660 4392//8660
f 4393//8661 4391//8661 4392//8661
f 4393//8662 4392//8662 4394//8662
f 4395//8663 4393//8663 4394//8663
f 4395//8664 4394//8664 4396//8664
f 4397//8665 4395//8665 4396//8665
f 4397//8666 4396//8666 4398//8666
f 4399//8667 4397//8667 4398//8667
f 4399//8668 4398//8668 4400//8668
f 4401//8669 4399//8669 4400//8669
f 4401//8670 4400//8670 4402//8670
f 4401//8671 4402//8671 4403//8671
f 4404//8672 4401//8672 4403//8672
f 4405//8673 4404//8673 4403//8673
f 4405//8674 4403//8674 4406//8674
f 4407//8675 4405//8675 4406//8675
f 4407//8676 4406//8676 4408//8676
f 4409//8677 4407//8677 4408//8677
f 4409//8678 4408//8678 4410//8678
f 4409//8679 4410//8679 4411//8679
f 4412//8680 4409//8680 4411//8680
f 4413//8681 4412//8681 4411//8681
f 4413//8682 4411//8682 4414//8682
f 4415//8683 4413//8683 4414//8683
f 4415//8684 4414//8684 4416//8684
f 4417//8685 4415//8685 4416//8685
f 4417//8686 4416//8686 4418//8686
f 4417//8687 4418//8687 4419//8687
f 4420//8688 4417//8688 4419//8688
f 4421//8689 4419//8689 4422//8689
f 4421//8690 4420//8690 4419//8690
f 4423//8691 4422//8691 4424//8691
f 4423//8692 4424//8692 4425//8692
f 4423//8693 4421//8693 4422//8693
f 4426//8694 4423//8694 4425//8694
f 4427//8695 4426//8695 4425//8695
f 4427//8696 4425//8696 4428//8696
f 4429//8697 4427//8697 4428//8697
f 4429//8698 4428//8698 4430//8698
f 4429//8699 4430//8699 4431//8699
f 4432//8700 4429//8700 4431//8700
f 4433//8701 4432//8701 4431//8701
f 4433//8702 4431//8702 4434//8702
f 4433//8703 4434//8703 4435//8703
f 4436//8704 4433//8704 4435//8704
f 4437//8705 4436//8705 4435//8705
f 4437//8706 4435//8706 4438//8706
f 4439//8707 4437//8707 4438//8707
f 4439//8708 4438//8708 4440//8708
f 4441//8709 4439//8709 4440//8709
f 4441//8710 4440//8710 4442//8710
f 4443//8711 4441//8711 4442//8711
f 4443//8712 4442//8712 4444//8712
f 4445//8713 4443//8713 4444//8713
f 4445//8714 4444//8714 4446//8714
f 4447//8715 4445//8715 4446//8715
f 4447//8716 4446//8716 4448//8716
f 4449//8717 4447//8717 4448//8717
f 4449//8718 4448//8718 4450//8718
f 4451//8719 4449//8719 4450//8719
f 4451//8720 4450//8720 4452//8720
f 4453//8721 4452//8721 4454//8721
f 4453//8722 4451//8722 4452//8722
f 4455//8723 4454//8723 4456//8723
f 4455//8724 4453//8724 4454//8724
f 4457//8725 4456//8725 4458//8725
f 4457//8726 4455//8726 4456//8726
f 4459//8727 4458//8727 4460//8727
f 4459//8728 4457//8728 4458//8728
f 4461//8729 4460//8729 4462//8729
f 4461//8730 4462//8730 4463//8730
f 4461//8731 4459//8731 4460//8731
f 4464//8732 4461//8732 4463//8732
f 4465//8733 4463//8733 4466//8733
f 4465//8734 4464//8734 4463//8734
f 4467//8735 4466//8735 4468//8735
f 4467//8736 4468//8736 4469//8736
f 4467//8737 4465//8737 4466//8737
f 4470//8738 4467//8738 4469//8738
f 4471//8739 4469//8739 4472//8739
f 4471//8740 4472//8740 4473//8740
f 4471//8741 4470//8741 4469//8741
f 4474//8742 4471//8742 4473//8742
f 4475//8743 4473//8743 4476//8743
f 4475//8744 4474//8744 4473//8744
f 4477//8745 4476//8745 4478//8745
f 4477//8746 4475//8746 4476//8746
f 4479//8747 4477//8747 4478//8747
f 4479//8748 4478//8748 4480//8748
f 4481//8749 4479//8749 4480//8749
f 4481//8750 4480//8750 4482//8750
f 4483//8751 4481//8751 4482//8751
f 4483//8752 4482//8752 4484//8752
f 4483//8753 4484//8753 4485//8753
f 4486//8754 4483//8754 4485//8754
f 4487//8755 4485//8755 4488//8755
f 4487//8756 4488//8756 4489//8756
f 4487//8757 4486//8757 4485//8757
f 4490//8758 4487//8758 4489//8758
f 4491//8759 4489//8759 4492//8759
f 4491//8760 4492//8760 4493//8760
f 4491//8761 4490//8761 4489//8761
f 4494//8762 4491//8762 4493//8762
f 4494//8763 4493//8763 4495//8763
f 4496//8764 4494//8764 4495//8764
f 4497//8765 4495//8765 4498//8765
f 4497//8766 4498//8766 4499//8766
f 4497//8767 4496//8767 4495//8767
f 4500//8768 4497//8768 4499//8768
f 4501//8769 4499//8769 4502//8769
f 4501//8770 4502//8770 4503//8770
f 4501//8771 4500//8771 4499//8771
f 4504//8772 4501//8772 4503//8772
f 4505//8773 4503//8773 4506//8773
f 4505//8774 4506//8774 4507//8774
f 4505//8775 4504//8775 4503//8775
f 4508//8776 4505//8776 4507//8776
f 4509//8777 4507//8777 4510//8777
f 4509//8778 4508//8778 4507//8778
f 4511//8779 4510//8779 4512//8779
f 4511//8780 4509//8780 4510//8780
f 4513//8781 4512//8781 4514//8781
f 4513//8782 4514//8782 4515//8782
f 4513//8783 4511//8783 4512//8783
f 4516//8784 4515//8784 4517//8784
f 4516//8785 4513//8785 4515//8785
f 4518//8786 4516//8786 4517//8786
f 4519//8787 4517//8787 4520//8787
f 4519//8788 4518//8788 4517//8788
f 4521//8789 4520//8789 4522//8789
f 4521//8790 4519//8790 4520//8790
f 4523//8791 4522//8791 4524//8791
f 4523//8792 4521//8792 4522//8792
f 4525//8793 4524//8793 4526//8793
f 4525//8794 4526//8794 4527//8794
f 4525//8795 4523//8795 4524//8795
f 4528//8796 4527//8796 4529//8796
f 4528//8797 4525//8797 4527//8797
f 4530//8798 4528//8798 4529//8798
f 4531//8799 4529//8799 4532//8799
f 4531//8800 4530//8800 4529//8800
f 4533//8801 4531//8801 4532//8801
f 4533//8802 4532//8802 4534//8802
f 4533//8803 4534//8803 4535//8803
f 4536//8804 4533//8804 4535//8804
f 4537//8805 4536//8805 4535//8805
f 4537//8806 4535//8806 4538//8806
f 4537//8807 4538//8807 4539//8807
f 4540//8808 4537//8808 4539//8808
f 4540//8809 4539//8809 4541//8809
f 4542//8810 4540//8810 4541//8810
f 4543//8811 4542//8811 4541//8811
f 4543//8812 4541//8812 4544//8812
f 4545//8813 4543//8813 4544//8813
f 4545//8814 4544//8814 4546//8814
f 4547//8815 4545//8815 4546//8815
f 4547//8816 4546//8816 4548//8816
f 4547//8817 4548//8817 4549//8817
f 4550//8818 4547//8818 4549//8818
f 4550//8819 4549//8819 4551//8819
f 4552//8820 4550//8820 4551//8820
f 4553//8821 4551//8821 4554//8821
f 4553//8822 4552//8822 4551//8822
f 4304//8823 4554//8823 4305//8823
f 4304//8824 4553//8824 4554//8824
f 4333//8825 4315//8825 4317//8825
f 4333//8826 4330//8826 4332//8826
f 4333//8827 4317//8827 4330//8827
f 4335//8828 4401//8828 4409//8828
f 4335//8829 4412//8829 4417//8829
f 4335//8830 4505//8830 4509//8830
f 4335//8831 4497//8831 4505//8831
f 4335//8832 4337//8832 4340//8832
f 4335//8833 4340//8833 4341//8833
f 4335//8834 4552//8834 4309//8834
f 4335//8835 4521//8835 4533//8835
f 4335//8836 4347//8836 4349//8836
f 4335//8837 4309//8837 4315//8837
f 4335//8838 4509//8838 4521//8838
f 4335//8839 4349//8839 4355//8839
f 4335//8840 4369//8840 4371//8840
f 4335//8841 4375//8841 4377//8841
f 4335//8842 4341//8842 4347//8842
f 4335//8843 4409//8843 4412//8843
f 4335//8844 4395//8844 4401//8844
f 4335//8845 4417//8845 4420//8845
f 4335//8846 4315//8846 4333//8846
f 4335//8847 4420//8847 4421//8847
f 4335//8848 4421//8848 4423//8848
f 4335//8849 4423//8849 4426//8849
f 4335//8850 4426//8850 4427//8850
f 4335//8851 4427//8851 4429//8851
f 4335//8852 4429//8852 4432//8852
f 4335//8853 4432//8853 4433//8853
f 4335//8854 4433//8854 4436//8854
f 4335//8855 4436//8855 4437//8855
f 4335//8856 4385//8856 4395//8856
f 4335//8857 4437//8857 4439//8857
f 4335//8858 4439//8858 4441//8858
f 4335//8859 4441//8859 4443//8859
f 4335//8860 4443//8860 4445//8860
f 4335//8861 4445//8861 4447//8861
f 4335//8862 4533//8862 4542//8862
f 4335//8863 4447//8863 4449//8863
f 4335//8864 4449//8864 4451//8864
f 4335//8865 4377//8865 4385//8865
f 4335//8866 4451//8866 4453//8866
f 4335//8867 4453//8867 4455//8867
f 4335//8868 4455//8868 4457//8868
f 4335//8869 4457//8869 4459//8869
f 4335//8870 4459//8870 4461//8870
f 4335//8871 4355//8871 4369//8871
f 4335//8872 4461//8872 4464//8872
f 4335//8873 4464//8873 4465//8873
f 4335//8874 4465//8874 4467//8874
f 4335//8875 4467//8875 4470//8875
f 4335//8876 4470//8876 4471//8876
f 4335//8877 4542//8877 4552//8877
f 4335//8878 4471//8878 4474//8878
f 4335//8879 4474//8879 4475//8879
f 4335//8880 4475//8880 4477//8880
f 4335//8881 4371//8881 4375//8881
f 4335//8882 4477//8882 4479//8882
f 4335//8883 4479//8883 4481//8883
f 4335//8884 4481//8884 4483//8884
f 4335//8885 4483//8885 4486//8885
f 4335//8886 4486//8886 4487//8886
f 4335//8887 4487//8887 4490//8887
f 4335//8888 4490//8888 4491//8888
f 4335//8889 4491//8889 4494//8889
f 4335//8890 4494//8890 4496//8890
f 4335//8891 4496//8891 4497//8891
f 4504//8892 4500//8892 4501//8892
f 4505//8893 4500//8893 4504//8893
f 4505//8894 4497//8894 4500//8894
f 4509//8895 4505//8895 4508//8895
f 4412//8896 4413//8896 4415//8896
f 4412//8897 4415//8897 4417//8897
f 4513//8898 4509//8898 4511//8898
f 4519//8899 4513//8899 4516//8899
f 4519//8900 4516//8900 4518//8900
f 4401//8901 4404//8901 4405//8901
f 4401//8902 4405//8902 4407//8902
f 4401//8903 4407//8903 4409//8903
f 4521//8904 4513//8904 4519//8904
f 4521//8905 4509//8905 4513//8905
f 4525//8906 4521//8906 4523//8906
f 4395//8907 4397//8907 4399//8907
f 4395//8908 4399//8908 4401//8908
f 4530//8909 4525//8909 4528//8909
f 4530//8910 4521//8910 4525//8910
f 4391//8911 4393//8911 4395//8911
f 4390//8912 4391//8912 4395//8912
f 4533//8913 4530//8913 4531//8913
f 4533//8914 4521//8914 4530//8914
f 4385//8915 4387//8915 4390//8915
f 4385//8916 4390//8916 4395//8916
f 4381//8917 4383//8917 4385//8917
f 4542//8918 4533//8918 4536//8918
f 4542//8919 4536//8919 4537//8919
f 4542//8920 4537//8920 4540//8920
f 4379//8921 4381//8921 4385//8921
f 4377//8922 4379//8922 4385//8922
f 4545//8923 4542//8923 4543//8923
f 4547//8924 4542//8924 4545//8924
f 4371//8925 4373//8925 4375//8925
f 4552//8926 4547//8926 4550//8926
f 4552//8927 4542//8927 4547//8927
f 4304//8928 4552//8928 4553//8928
f 4361//8929 4363//8929 4365//8929
f 4309//8930 4304//8930 4303//8930
f 4309//8931 4303//8931 4307//8931
f 4309//8932 4552//8932 4304//8932
f 4357//8933 4359//8933 4361//8933
f 4355//8934 4365//8934 4367//8934
f 4355//8935 4367//8935 4369//8935
f 4355//8936 4357//8936 4361//8936
f 4355//8937 4361//8937 4365//8937
f 4315//8938 4309//8938 4311//8938
f 4315//8939 4311//8939 4313//8939
f 4349//8940 4351//8940 4353//8940
f 4349//8941 4353//8941 4355//8941
f 4321//8942 4317//8942 4319//8942
f 4324//8943 4317//8943 4321//8943
f 4343//8944 4346//8944 4347//8944
f 4327//8945 4324//8945 4325//8945
f 4327//8946 4317//8946 4324//8946
f 4341//8947 4343//8947 4347//8947
f 4330//8948 4317//8948 4327//8948
f 4316//8949 4334//8949 4318//8949
f 4329//8950 4334//8950 4331//8950
f 4318//8951 4334//8951 4329//8951
f 4402//8952 4336//8952 4410//8952
f 4411//8953 4336//8953 4418//8953
f 4506//8954 4336//8954 4510//8954
f 4498//8955 4336//8955 4506//8955
f 4338//8956 4336//8956 4339//8956
f 4339//8957 4336//8957 4342//8957
f 4551//8958 4336//8958 4310//8958
f 4522//8959 4336//8959 4534//8959
f 4348//8960 4336//8960 4350//8960
f 4310//8961 4336//8961 4316//8961
f 4510//8962 4336//8962 4522//8962
f 4350//8963 4336//8963 4356//8963
f 4370//8964 4336//8964 4372//8964
f 4376//8965 4336//8965 4378//8965
f 4342//8966 4336//8966 4348//8966
f 4410//8967 4336//8967 4411//8967
f 4396//8968 4336//8968 4402//8968
f 4418//8969 4336//8969 4419//8969
f 4316//8970 4336//8970 4334//8970
f 4419//8971 4336//8971 4422//8971
f 4422//8972 4336//8972 4424//8972
f 4424//8973 4336//8973 4425//8973
f 4425//8974 4336//8974 4428//8974
f 4428//8975 4336//8975 4430//8975
f 4430//8976 4336//8976 4431//8976
f 4431//8977 4336//8977 4434//8977
f 4434//8978 4336//8978 4435//8978
f 4435//8979 4336//8979 4438//8979
f 4386//8980 4336//8980 4396//8980
f 4438//8981 4336//8981 4440//8981
f 4440//8982 4336//8982 4442//8982
f 4442//8983 4336//8983 4444//8983
f 4444//8984 4336//8984 4446//8984
f 4446//8985 4336//8985 4448//8985
f 4534//8986 4336//8986 4541//8986
f 4448//8987 4336//8987 4450//8987
f 4450//8988 4336//8988 4452//8988
f 4378//8989 4336//8989 4386//8989
f 4452//8990 4336//8990 4454//8990
f 4454//8991 4336//8991 4456//8991
f 4456//8992 4336//8992 4458//8992
f 4458//8993 4336//8993 4460//8993
f 4460//8994 4336//8994 4462//8994
f 4356//8995 4336//8995 4370//8995
f 4462//8996 4336//8996 4463//8996
f 4463//8997 4336//8997 4466//8997
f 4466//8998 4336//8998 4468//8998
f 4468//8999 4336//8999 4469//8999
f 4469//9000 4336//9000 4472//9000
f 4541//9001 4336//9001 4551//9001
f 4472//9002 4336//9002 4473//9002
f 4473//9003 4336//9003 4476//9003
f 4476//9004 4336//9004 4478//9004
f 4372//9005 4336//9005 4376//9005
f 4478//9006 4336//9006 4480//9006
f 4480//9007 4336//9007 4482//9007
f 4482//9008 4336//9008 4484//9008
f 4484//9009 4336//9009 4485//9009
f 4485//9010 4336//9010 4488//9010
f 4488//9011 4336//9011 4489//9011
f 4489//9012 4336//9012 4492//9012
f 4492//9013 4336//9013 4493//9013
f 4493//9014 4336//9014 4495//9014
f 4495//9015 4336//9015 4498//9015
f 4499//9016 4503//9016 4502//9016
f 4499//9017 4506//9017 4503//9017
f 4498//9018 4506//9018 4499//9018
f 4506//9019 4510//9019 4507//9019
f 4414//9020 4411//9020 4416//9020
f 4416//9021 4411//9021 4418//9021
f 4510//9022 4514//9022 4512//9022
f 4514//9023 4520//9023 4515//9023
f 4515//9024 4520//9024 4517//9024
f 4403//9025 4402//9025 4406//9025
f 4406//9026 4402//9026 4408//9026
f 4408//9027 4402//9027 4410//9027
f 4514//9028 4522//9028 4520//9028
f 4510//9029 4522//9029 4514//9029
f 4522//9030 4526//9030 4524//9030
f 4398//9031 4396//9031 4400//9031
f 4400//9032 4396//9032 4402//9032
f 4526//9033 4529//9033 4527//9033
f 4522//9034 4529//9034 4526//9034
f 4394//9035 4392//9035 4396//9035
f 4392//9036 4389//9036 4396//9036
f 4529//9037 4534//9037 4532//9037
f 4522//9038 4534//9038 4529//9038
f 4388//9039 4386//9039 4389//9039
f 4389//9040 4386//9040 4396//9040
f 4384//9041 4382//9041 4386//9041
f 4534//9042 4541//9042 4535//9042
f 4535//9043 4541//9043 4538//9043
f 4538//9044 4541//9044 4539//9044
f 4382//9045 4380//9045 4386//9045
f 4380//9046 4378//9046 4386//9046
f 4541//9047 4546//9047 4544//9047
f 4541//9048 4548//9048 4546//9048
f 4374//9049 4372//9049 4376//9049
f 4548//9050 4551//9050 4549//9050
f 4541//9051 4551//9051 4548//9051
f 4551//9052 4305//9052 4554//9052
f 4364//9053 4362//9053 4366//9053
f 4305//9054 4310//9054 4306//9054
f 4306//9055 4310//9055 4308//9055
f 4551//9056 4310//9056 4305//9056
f 4360//9057 4358//9057 4362//9057
f 4366//9058 4356//9058 4368//9058
f 4368//9059 4356//9059 4370//9059
f 4358//9060 4356//9060 4362//9060
f 4362//9061 4356//9061 4366//9061
f 4310//9062 4316//9062 4312//9062
f 4312//9063 4316//9063 4314//9063
f 4352//9064 4350//9064 4354//9064
f 4354//9065 4350//9065 4356//9065
f 4318//9066 4322//9066 4320//9066
f 4318//9067 4323//9067 4322//9067
f 4345//9068 4344//9068 4348//9068
f 4323//9069 4328//9069 4326//9069
f 4318//9070 4328//9070 4323//9070
f 4344//9071 4342//9071 4348//9071
f 4318//9072 4329//9072 4328//9072
f 4555//9073 4556//9073 4557//9073
f 4555//9074 4557//9074 4558//9074
f 4559//9075 4558//9075 4560//9075
f 4559//9076 4555//9076 4558//9076
f 4561//9077 4560//9077 4562//9077
f 4561//9078 4559//9078 4560//9078
f 4563//9079 4562//9079 4564//9079
f 4563//9080 4561//9080 4562//9080
f 4565//9081 4564//9081 4566//9081
f 4565//9082 4563//9082 4564//9082
f 4567//9083 4566//9083 4568//9083
f 4567//9084 4565//9084 4566//9084
f 4569//9085 4568//9085 4570//9085
f 4569//9086 4567//9086 4568//9086
f 4571//9087 4570//9087 4572//9087
f 4571//9088 4569//9088 4570//9088
f 4573//9089 4572//9089 4574//9089
f 4573//9090 4574//9090 4575//9090
f 4573//9091 4571//9091 4572//9091
f 4576//9092 4573//9092 4575//9092
f 4577//9093 4576//9093 4575//9093
f 4577//9094 4575//9094 4578//9094
f 4579//9095 4577//9095 4578//9095
f 4579//9096 4578//9096 4580//9096
f 4579//9097 4580//9097 4581//9097
f 4582//9098 4579//9098 4581//9098
f 4582//9099 4581//9099 4583//9099
f 4584//9100 4582//9100 4583//9100
f 4585//9101 4584//9101 4583//9101
f 4585//9102 4583//9102 4586//9102
f 4587//9103 4585//9103 4586//9103
f 4587//9104 4586//9104 4588//9104
f 4589//9105 4587//9105 4588//9105
f 4589//9106 4588//9106 4590//9106
f 4589//9107 4590//9107 4591//9107
f 4592//9108 4589//9108 4591//9108
f 4593//9109 4592//9109 4591//9109
f 4593//9110 4591//9110 4594//9110
f 4595//9111 4593//9111 4594//9111
f 4595//9112 4594//9112 4596//9112
f 4595//9113 4596//9113 4597//9113
f 4598//9114 4595//9114 4597//9114
f 4599//9115 4598//9115 4597//9115
f 4599//9116 4597//9116 4600//9116
f 4601//9117 4600//9117 4602//9117
f 4601//9118 4599//9118 4600//9118
f 4603//9119 4602//9119 4604//9119
f 4603//9120 4601//9120 4602//9120
f 4605//9121 4604//9121 4606//9121
f 4605//9122 4603//9122 4604//9122
f 4607//9123 4606//9123 4608//9123
f 4607//9124 4605//9124 4606//9124
f 4609//9125 4608//9125 4610//9125
f 4609//9126 4607//9126 4608//9126
f 4611//9127 4610//9127 4612//9127
f 4611//9128 4609//9128 4610//9128
f 4613//9129 4612//9129 4614//9129
f 4613//9130 4611//9130 4612//9130
f 4615//9131 4614//9131 4616//9131
f 4615//9132 4613//9132 4614//9132
f 4617//9133 4616//9133 4618//9133
f 4617//9134 4615//9134 4616//9134
f 4619//9135 4618//9135 4620//9135
f 4619//9136 4617//9136 4618//9136
f 4621//9137 4620//9137 4622//9137
f 4621//9138 4619//9138 4620//9138
f 4623//9139 4622//9139 4624//9139
f 4623//9140 4621//9140 4622//9140
f 4625//9141 4624//9141 4626//9141
f 4625//9142 4623//9142 4624//9142
f 4627//9143 4626//9143 4628//9143
f 4627//9144 4625//9144 4626//9144
f 4629//9145 4627//9145 4628//9145
f 4629//9146 4628//9146 4630//9146
f 4631//9147 4629//9147 4630//9147
f 4631//9148 4630//9148 4632//9148
f 4633//9149 4631//9149 4632//9149
f 4633//9150 4632//9150 4634//9150
f 4635//9151 4633//9151 4634//9151
f 4635//9152 4634//9152 4636//9152
f 4637//9153 4635//9153 4636//9153
f 4637//9154 4636//9154 4638//9154
f 4639//9155 4637//9155 4638//9155
f 4639//9156 4638//9156 4640//9156
f 4639//9157 4640//9157 4641//9157
f 4642//9158 4639//9158 4641//9158
f 4643//9159 4642//9159 4641//9159
f 4643//9160 4641//9160 4644//9160
f 4645//9161 4643//9161 4644//9161
f 4645//9162 4644//9162 4646//9162
f 4647//9163 4645//9163 4646//9163
f 4647//9164 4646//9164 4648//9164
f 4649//9165 4647//9165 4648//9165
f 4649//9166 4648//9166 4650//9166
f 4651//9167 4649//9167 4650//9167
f 4651//9168 4650//9168 4652//9168
f 4653//9169 4651//9169 4652//9169
f 4653//9170 4652//9170 4654//9170
f 4653//9171 4654//9171 4655//9171
f 4656//9172 4653//9172 4655//9172
f 4657//9173 4656//9173 4655//9173
f 4657//9174 4655//9174 4658//9174
f 4659//9175 4657//9175 4658//9175
f 4659//9176 4658//9176 4660//9176
f 4661//9177 4659//9177 4660//9177
f 4661//9178 4660//9178 4662//9178
f 4661//9179 4662//9179 4663//9179
f 4664//9180 4661//9180 4663//9180
f 4665//9181 4664//9181 4663//9181
f 4665//9182 4663//9182 4666//9182
f 4667//9183 4665//9183 4666//9183
f 4667//9184 4666//9184 4668//9184
f 4669//9185 4667//9185 4668//9185
f 4669//9186 4668//9186 4670//9186
f 4669//9187 4670//9187 4671//9187
f 4672//9188 4669//9188 4671//9188
f 4673//9189 4671//9189 4674//9189
f 4673//9190 4672//9190 4671//9190
f 4675//9191 4674//9191 4676//9191
f 4675//9192 4676//9192 4677//9192
f 4675//9193 4673//9193 4674//9193
f 4678//9194 4675//9194 4677//9194
f 4679//9195 4678//9195 4677//9195
f 4679//9196 4677//9196 4680//9196
f 4681//9197 4679//9197 4680//9197
f 4681//9198 4680//9198 4682//9198
f 4681//9199 4682//9199 4683//9199
f 4684//9200 4681//9200 4683//9200
f 4685//9201 4684//9201 4683//9201
f 4685//9202 4683//9202 4686//9202
f 4685//9203 4686//9203 4687//9203
f 4688//9204 4685//9204 4687//9204
f 4689//9205 4688//9205 4687//9205
f 4689//9206 4687//9206 4690//9206
f 4691//9207 4689//9207 4690//9207
f 4691//9208 4690//9208 4692//9208
f 4693//9209 4691//9209 4692//9209
f 4693//9210 4692//9210 4694//9210
f 4695//9211 4693//9211 4694//9211
f 4695//9212 4694//9212 4696//9212
f 4697//9213 4695//9213 4696//9213
f 4697//9214 4696//9214 4698//9214
f 4699//9215 4697//9215 4698//9215
f 4699//9216 4698//9216 4700//9216
f 4701//9217 4699//9217 4700//9217
f 4701//9218 4700//9218 4702//9218
f 4703//9219 4701//9219 4702//9219
f 4703//9220 4702//9220 4704//9220
f 4705//9221 4704//9221 4706//9221
f 4705//9222 4703//9222 4704//9222
f 4707//9223 4706//9223 4708//9223
f 4707//9224 4705//9224 4706//9224
f 4709//9225 4708//9225 4710//9225
f 4709//9226 4707//9226 4708//9226
f 4711//9227 4710//9227 4712//9227
f 4711//9228 4709//9228 4710//9228
f 4713//9229 4712//9229 4714//9229
f 4713//9230 4714//9230 4715//9230
f 4713//9231 4711//9231 4712//9231
f 4716//9232 4713//9232 4715//9232
f 4717//9233 4715//9233 4718//9233
f 4717//9234 4716//9234 4715//9234
f 4719//9235 4718//9235 4720//9235
f 4719//9236 4720//9236 4721//9236
f 4719//9237 4717//9237 4718//9237
f 4722//9238 4719//9238 4721//9238
f 4723//9239 4721//9239 4724//9239
f 4723//9240 4724//9240 4725//9240
f 4723//9241 4722//9241 4721//9241
f 4726//9242 4723//9242 4725//9242
f 4727//9243 4725//9243 4728//9243
f 4727//9244 4726//9244 4725//9244
f 4729//9245 4728//9245 4730//9245
f 4729//9246 4727//9246 4728//9246
f 4731//9247 4729//9247 4730//9247
f 4731//9248 4730//9248 4732//9248
f 4733//9249 4731//9249 4732//9249
f 4733//9250 4732//9250 4734//9250
f 4735//9251 4733//9251 4734//9251
f 4735//9252 4734//9252 4736//9252
f 4735//9253 4736//9253 4737//9253
f 4738//9254 4735//9254 4737//9254
f 4739//9255 4737//9255 4740//9255
f 4739//9256 4740//9256 4741//9256
f 4739//9257 4738//9257 4737//9257
f 4742//9258 4739//9258 4741//9258
f 4743//9259 4741//9259 4744//9259
f 4743//9260 4744//9260 4745//9260
f 4743//9261 4742//9261 4741//9261
f 4746//9262 4743//9262 4745//9262
f 4746//9263 4745//9263 4747//9263
f 4748//9264 4746//9264 4747//9264
f 4749//9265 4747//9265 4750//9265
f 4749//9266 4750//9266 4751//9266
f 4749//9267 4748//9267 4747//9267
f 4752//9268 4749//9268 4751//9268
f 4753//9269 4751//9269 4754//9269
f 4753//9270 4754//9270 4755//9270
f 4753//9271 4752//9271 4751//9271
f 4756//9272 4753//9272 4755//9272
f 4757//9273 4755//9273 4758//9273
f 4757//9274 4758//9274 4759//9274
f 4757//9275 4756//9275 4755//9275
f 4760//9276 4757//9276 4759//9276
f 4761//9277 4759//9277 4762//9277
f 4761//9278 4760//9278 4759//9278
f 4763//9279 4762//9279 4764//9279
f 4763//9280 4761//9280 4762//9280
f 4765//9281 4764//9281 4766//9281
f 4765//9282 4766//9282 4767//9282
f 4765//9283 4763//9283 4764//9283
f 4768//9284 4767//9284 4769//9284
f 4768//9285 4765//9285 4767//9285
f 4770//9286 4768//9286 4769//9286
f 4771//9287 4769//9287 4772//9287
f 4771//9288 4770//9288 4769//9288
f 4773//9289 4772//9289 4774//9289
f 4773//9290 4771//9290 4772//9290
f 4775//9291 4774//9291 4776//9291
f 4775//9292 4773//9292 4774//9292
f 4777//9293 4776//9293 4778//9293
f 4777//9294 4778//9294 4779//9294
f 4777//9295 4775//9295 4776//9295
f 4780//9296 4779//9296 4781//9296
f 4780//9297 4777//9297 4779//9297
f 4782//9298 4780//9298 4781//9298
f 4783//9299 4781//9299 4784//9299
f 4783//9300 4782//9300 4781//9300
f 4785//9301 4783//9301 4784//9301
f 4785//9302 4784//9302 4786//9302
f 4785//9303 4786//9303 4787//9303
f 4788//9304 4785//9304 4787//9304
f 4789//9305 4788//9305 4787//9305
f 4789//9306 4787//9306 4790//9306
f 4789//9307 4790//9307 4791//9307
f 4792//9308 4789//9308 4791//9308
f 4792//9309 4791//9309 4793//9309
f 4794//9310 4792//9310 4793//9310
f 4795//9311 4794//9311 4793//9311
f 4795//9312 4793//9312 4796//9312
f 4797//9313 4795//9313 4796//9313
f 4797//9314 4796//9314 4798//9314
f 4799//9315 4797//9315 4798//9315
f 4799//9316 4798//9316 4800//9316
f 4799//9317 4800//9317 4801//9317
f 4802//9318 4799//9318 4801//9318
f 4802//9319 4801//9319 4803//9319
f 4804//9320 4802//9320 4803//9320
f 4805//9321 4803//9321 4806//9321
f 4805//9322 4804//9322 4803//9322
f 4556//9323 4806//9323 4557//9323
f 4556//9324 4805//9324 4806//9324
f 4585//9325 4567//9325 4569//9325
f 4585//9326 4582//9326 4584//9326
f 4585//9327 4569//9327 4582//9327
f 4587//9328 4653//9328 4661//9328
f 4587//9329 4664//9329 4669//9329
f 4587//9330 4757//9330 4761//9330
f 4587//9331 4749//9331 4757//9331
f 4587//9332 4589//9332 4592//9332
f 4587//9333 4592//9333 4593//9333
f 4587//9334 4804//9334 4561//9334
f 4587//9335 4773//9335 4785//9335
f 4587//9336 4599//9336 4601//9336
f 4587//9337 4561//9337 4567//9337
f 4587//9338 4761//9338 4773//9338
f 4587//9339 4601//9339 4607//9339
f 4587//9340 4621//9340 4623//9340
f 4587//9341 4627//9341 4629//9341
f 4587//9342 4593//9342 4599//9342
f 4587//9343 4661//9343 4664//9343
f 4587//9344 4647//9344 4653//9344
f 4587//9345 4669//9345 4672//9345
f 4587//9346 4567//9346 4585//9346
f 4587//9347 4672//9347 4673//9347
f 4587//9348 4673//9348 4675//9348
f 4587//9349 4675//9349 4678//9349
f 4587//9350 4678//9350 4679//9350
f 4587//9351 4679//9351 4681//9351
f 4587//9352 4681//9352 4684//9352
f 4587//9353 4684//9353 4685//9353
f 4587//9354 4685//9354 4688//9354
f 4587//9355 4688//9355 4689//9355
f 4587//9356 4637//9356 4647//9356
f 4587//9357 4689//9357 4691//9357
f 4587//9358 4691//9358 4693//9358
f 4587//9359 4693//9359 4695//9359
f 4587//9360 4695//9360 4697//9360
f 4587//9361 4697//9361 4699//9361
f 4587//9362 4785//9362 4794//9362
f 4587//9363 4699//9363 4701//9363
f 4587//9364 4701//9364 4703//9364
f 4587//9365 4629//9365 4637//9365
f 4587//9366 4703//9366 4705//9366
f 4587//9367 4705//9367 4707//9367
f 4587//9368 4707//9368 4709//9368
f 4587//9369 4709//9369 4711//9369
f 4587//9370 4711//9370 4713//9370
f 4587//9371 4607//9371 4621//9371
f 4587//9372 4713//9372 4716//9372
f 4587//9373 4716//9373 4717//9373
f 4587//9374 4717//9374 4719//9374
f 4587//9375 4719//9375 4722//9375
f 4587//9376 4722//9376 4723//9376
f 4587//9377 4794//9377 4804//9377
f 4587//9378 4723//9378 4726//9378
f 4587//9379 4726//9379 4727//9379
f 4587//9380 4727//9380 4729//9380
f 4587//9381 4623//9381 4627//9381
f 4587//9382 4729//9382 4731//9382
f 4587//9383 4731//9383 4733//9383
f 4587//9384 4733//9384 4735//9384
f 4587//9385 4735//9385 4738//9385
f 4587//9386 4738//9386 4739//9386
f 4587//9387 4739//9387 4742//9387
f 4587//9388 4742//9388 4743//9388
f 4587//9389 4743//9389 4746//9389
f 4587//9390 4746//9390 4748//9390
f 4587//9391 4748//9391 4749//9391
f 4756//9392 4752//9392 4753//9392
f 4757//9393 4752//9393 4756//9393
f 4757//9394 4749//9394 4752//9394
f 4761//9395 4757//9395 4760//9395
f 4664//9396 4665//9396 4667//9396
f 4664//9397 4667//9397 4669//9397
f 4765//9398 4761//9398 4763//9398
f 4771//9399 4765//9399 4768//9399
f 4771//9400 4768//9400 4770//9400
f 4653//9401 4656//9401 4657//9401
f 4653//9402 4657//9402 4659//9402
f 4653//9403 4659//9403 4661//9403
f 4773//9404 4765//9404 4771//9404
f 4773//9405 4761//9405 4765//9405
f 4777//9406 4773//9406 4775//9406
f 4647//9407 4649//9407 4651//9407
f 4647//9408 4651//9408 4653//9408
f 4782//9409 4777//9409 4780//9409
f 4782//9410 4773//9410 4777//9410
f 4643//9411 4645//9411 4647//9411
f 4642//9412 4643//9412 4647//9412
f 4785//9413 4782//9413 4783//9413
f 4785//9414 4773//9414 4782//9414
f 4637//9415 4639//9415 4642//9415
f 4637//9416 4642//9416 4647//9416
f 4633//9417 4635//9417 4637//9417
f 4794//9418 4785//9418 4788//9418
f 4794//9419 4788//9419 4789//9419
f 4794//9420 4789//9420 4792//9420
f 4631//9421 4633//9421 4637//9421
f 4629//9422 4631//9422 4637//9422
f 4797//9423 4794//9423 4795//9423
f 4799//9424 4794//9424 4797//9424
f 4623//9425 4625//9425 4627//9425
f 4804//9426 4799//9426 4802//9426
f 4804//9427 4794//9427 4799//9427
f 4556//9428 4804//9428 4805//9428
f 4613//9429 4615//9429 4617//9429
f 4561//9430 4556//9430 4555//9430
f 4561//9431 4555//9431 4559//9431
f 4561//9432 4804//9432 4556//9432
f 4609//9433 4611//9433 4613//9433
f 4607//9434 4617//9434 4619//9434
f 4607//9435 4619//9435 4621//9435
f 4607//9436 4609//9436 4613//9436
f 4607//9437 4613//9437 4617//9437
f 4567//9438 4561//9438 4563//9438
f 4567//9439 4563//9439 4565//9439
f 4601//9440 4603//9440 4605//9440
f 4601//9441 4605//9441 4607//9441
f 4573//9442 4569//9442 4571//9442
f 4576//9443 4569//9443 4573//9443
f 4595//9444 4598//9444 4599//9444
f 4579//9445 4576//9445 4577//9445
f 4579//9446 4569//9446 4576//9446
f 4593//9447 4595//9447 4599//9447
f 4582//9448 4569//9448 4579//9448
f 4568//9449 4586//9449 4570//9449
f 4581//9450 4586//9450 4583//9450
f 4570//9451 4586//9451 4581//9451
f 4654//9452 4588//9452 4662//9452
f 4663//9453 4588//9453 4670//9453
f 4758//9454 4588//9454 4762//9454
f 4750//9455 4588//9455 4758//9455
f 4590//9456 4588//9456 4591//9456
f 4591//9457 4588//9457 4594//9457
f 4803//9458 4588//9458 4562//9458
f 4774//9459 4588//9459 4786//9459
f 4600//9460 4588//9460 4602//9460
f 4562//9461 4588//9461 4568//9461
f 4762//9462 4588//9462 4774//9462
f 4602//9463 4588//9463 4608//9463
f 4622//9464 4588//9464 4624//9464
f 4628//9465 4588//9465 4630//9465
f 4594//9466 4588//9466 4600//9466
f 4662//9467 4588//9467 4663//9467
f 4648//9468 4588//9468 4654//9468
f 4670//9469 4588//9469 4671//9469
f 4568//9470 4588//9470 4586//9470
f 4671//9471 4588//9471 4674//9471
f 4674//9472 4588//9472 4676//9472
f 4676//9473 4588//9473 4677//9473
f 4677//9474 4588//9474 4680//9474
f 4680//9475 4588//9475 4682//9475
f 4682//9476 4588//9476 4683//9476
f 4683//9477 4588//9477 4686//9477
f 4686//9478 4588//9478 4687//9478
f 4687//9479 4588//9479 4690//9479
f 4638//9480 4588//9480 4648//9480
f 4690//9481 4588//9481 4692//9481
f 4692//9482 4588//9482 4694//9482
f 4694//9483 4588//9483 4696//9483
f 4696//9484 4588//9484 4698//9484
f 4698//9485 4588//9485 4700//9485
f 4786//9486 4588//9486 4793//9486
f 4700//9487 4588//9487 4702//9487
f 4702//9488 4588//9488 4704//9488
f 4630//9489 4588//9489 4638//9489
f 4704//9490 4588//9490 4706//9490
f 4706//9491 4588//9491 4708//9491
f 4708//9492 4588//9492 4710//9492
f 4710//9493 4588//9493 4712//9493
f 4712//9494 4588//9494 4714//9494
f 4608//9495 4588//9495 4622//9495
f 4714//9496 4588//9496 4715//9496
f 4715//9497 4588//9497 4718//9497
f 4718//9498 4588//9498 4720//9498
f 4720//9499 4588//9499 4721//9499
f 4721//9500 4588//9500 4724//9500
f 4793//9501 4588//9501 4803//9501
f 4724//9502 4588//9502 4725//9502
f 4725//9503 4588//9503 4728//9503
f 4728//9504 4588//9504 4730//9504
f 4624//9505 4588//9505 4628//9505
f 4730//9506 4588//9506 4732//9506
f 4732//9507 4588//9507 4734//9507
f 4734//9508 4588//9508 4736//9508
f 4736//9509 4588//9509 4737//9509
f 4737//9510 4588//9510 4740//9510
f 4740//9511 4588//9511 4741//9511
f 4741//9512 4588//9512 4744//9512
f 4744//9513 4588//9513 4745//9513
f 4745//9514 4588//9514 4747//9514
f 4747//9515 4588//9515 4750//9515
f 4751//9516 4755//9516 4754//9516
f 4751//9517 4758//9517 4755//9517
f 4750//9518 4758//9518 4751//9518
f 4758//9519 4762//9519 4759//9519
f 4666//9520 4663//9520 4668//9520
f 4668//9521 4663//9521 4670//9521
f 4762//9522 4766//9522 4764//9522
f 4766//9523 4772//9523 4767//9523
f 4767//9524 4772//9524 4769//9524
f 4655//9525 4654//9525 4658//9525
f 4658//9526 4654//9526 4660//9526
f 4660//9527 4654//9527 4662//9527
f 4766//9528 4774//9528 4772//9528
f 4762//9529 4774//9529 4766//9529
f 4774//9530 4778//9530 4776//9530
f 4650//9531 4648//9531 4652//9531
f 4652//9532 4648//9532 4654//9532
f 4778//9533 4781//9533 4779//9533
f 4774//9534 4781//9534 4778//9534
f 4646//9535 4644//9535 4648//9535
f 4644//9536 4641//9536 4648//9536
f 4781//9537 4786//9537 4784//9537
f 4774//9538 4786//9538 4781//9538
f 4640//9539 4638//9539 4641//9539
f 4641//9540 4638//9540 4648//9540
f 4636//9541 4634//9541 4638//9541
f 4786//9542 4793//9542 4787//9542
f 4787//9543 4793//9543 4790//9543
f 4790//9544 4793//9544 4791//9544
f 4634//9545 4632//9545 4638//9545
f 4632//9546 4630//9546 4638//9546
f 4793//9547 4798//9547 4796//9547
f 4793//9548 4800//9548 4798//9548
f 4626//9549 4624//9549 4628//9549
f 4800//9550 4803//9550 4801//9550
f 4793//9551 4803//9551 4800//9551
f 4803//9552 4557//9552 4806//9552
f 4616//9553 4614//9553 4618//9553
f 4557//9554 4562//9554 4558//9554
f 4558//9555 4562//9555 4560//9555
f 4803//9556 4562//9556 4557//9556
f 4612//9557 4610//9557 4614//9557
f 4618//9558 4608//9558 4620//9558
f 4620//9559 4608//9559 4622//9559
f 4610//9560 4608//9560 4614//9560
f 4614//9561 4608//9561 4618//9561
f 4562//9562 4568//9562 4564//9562
f 4564//9563 4568//9563 4566//9563
f 4604//9564 4602//9564 4606//9564
f 4606//9565 4602//9565 4608//9565
f 4570//9566 4574//9566 4572//9566
f 4570//9567 4575//9567 4574//9567
f 4597//9568 4596//9568 4600//9568
f 4575//9569 4580//9569 4578//9569
f 4570//9570 4580//9570 4575//9570
f 4596//9571 4594//9571 4600//9571
f 4570//9572 4581//9572 4580//9572
f 4807//9573 4808//9573 4809//9573
f 4807//9574 4809//9574 4810//9574
f 4811//9575 4810//9575 4812//9575
f 4811//9576 4807//9576 4810//9576
f 4813//9577 4812//9577 4814//9577
f 4813//9578 4811//9578 4812//9578
f 4815//9579 4814//9579 4816//9579
f 4815//9580 4816//9580 4817//9580
f 4815//9581 4813//9581 4814//9581
f 4818//9582 4815//9582 4817//9582
f 4819//9583 4817//9583 4820//9583
f 4819//9584 4818//9584 4817//9584
f 4821//9585 4820//9585 4822//9585
f 4821//9586 4819//9586 4820//9586
f 4823//9587 4822//9587 4824//9587
f 4823//9588 4824//9588 4825//9588
f 4823//9589 4821//9589 4822//9589
f 4826//9590 4823//9590 4825//9590
f 4827//9591 4825//9591 4828//9591
f 4827//9592 4828//9592 4829//9592
f 4827//9593 4826//9593 4825//9593
f 4830//9594 4827//9594 4829//9594
f 4831//9595 4830//9595 4829//9595
f 4831//9596 4829//9596 4832//9596
f 4833//9597 4831//9597 4832//9597
f 4833//9598 4832//9598 4834//9598
f 4833//9599 4834//9599 4835//9599
f 4836//9600 4833//9600 4835//9600
f 4837//9601 4836//9601 4835//9601
f 4837//9602 4835//9602 4838//9602
f 4839//9603 4837//9603 4838//9603
f 4839//9604 4838//9604 4840//9604
f 4841//9605 4839//9605 4840//9605
f 4841//9606 4840//9606 4842//9606
f 4841//9607 4842//9607 4843//9607
f 4844//9608 4841//9608 4843//9608
f 4844//9609 4843//9609 4845//9609
f 4846//9610 4844//9610 4845//9610
f 4847//9611 4846//9611 4845//9611
f 4847//9612 4845//9612 4848//9612
f 4849//9613 4847//9613 4848//9613
f 4849//9614 4848//9614 4850//9614
f 4851//9615 4849//9615 4850//9615
f 4851//9616 4850//9616 4852//9616
f 4853//9617 4852//9617 4854//9617
f 4853//9618 4851//9618 4852//9618
f 4855//9619 4854//9619 4856//9619
f 4855//9620 4853//9620 4854//9620
f 4857//9621 4856//9621 4858//9621
f 4857//9622 4858//9622 4859//9622
f 4857//9623 4855//9623 4856//9623
f 4860//9624 4857//9624 4859//9624
f 4861//9625 4859//9625 4862//9625
f 4861//9626 4862//9626 4863//9626
f 4861//9627 4860//9627 4859//9627
f 4864//9628 4861//9628 4863//9628
f 4865//9629 4863//9629 4866//9629
f 4865//9630 4864//9630 4863//9630
f 4867//9631 4866//9631 4868//9631
f 4867//9632 4865//9632 4866//9632
f 4869//9633 4868//9633 4870//9633
f 4869//9634 4870//9634 4871//9634
f 4869//9635 4867//9635 4868//9635
f 4872//9636 4871//9636 4873//9636
f 4872//9637 4869//9637 4871//9637
f 4874//9638 4872//9638 4873//9638
f 4875//9639 4873//9639 4876//9639
f 4875//9640 4874//9640 4873//9640
f 4877//9641 4876//9641 4878//9641
f 4877//9642 4878//9642 4879//9642
f 4877//9643 4875//9643 4876//9643
f 4880//9644 4877//9644 4879//9644
f 4881//9645 4880//9645 4879//9645
f 4881//9646 4879//9646 4882//9646
f 4883//9647 4881//9647 4882//9647
f 4883//9648 4882//9648 4884//9648
f 4885//9649 4883//9649 4884//9649
f 4885//9650 4884//9650 4886//9650
f 4887//9651 4885//9651 4886//9651
f 4887//9652 4886//9652 4888//9652
f 4889//9653 4887//9653 4888//9653
f 4889//9654 4888//9654 4890//9654
f 4891//9655 4889//9655 4890//9655
f 4891//9656 4890//9656 4892//9656
f 4893//9657 4891//9657 4892//9657
f 4893//9658 4892//9658 4894//9658
f 4895//9659 4893//9659 4894//9659
f 4895//9660 4894//9660 4896//9660
f 4897//9661 4895//9661 4896//9661
f 4897//9662 4896//9662 4898//9662
f 4899//9663 4897//9663 4898//9663
f 4899//9664 4898//9664 4900//9664
f 4901//9665 4899//9665 4900//9665
f 4901//9666 4900//9666 4902//9666
f 4903//9667 4901//9667 4902//9667
f 4903//9668 4902//9668 4904//9668
f 4905//9669 4903//9669 4904//9669
f 4905//9670 4904//9670 4906//9670
f 4907//9671 4905//9671 4906//9671
f 4907//9672 4906//9672 4908//9672
f 4909//9673 4907//9673 4908//9673
f 4909//9674 4908//9674 4910//9674
f 4911//9675 4909//9675 4910//9675
f 4911//9676 4910//9676 4912//9676
f 4913//9677 4911//9677 4912//9677
f 4913//9678 4912//9678 4914//9678
f 4915//9679 4913//9679 4914//9679
f 4915//9680 4914//9680 4916//9680
f 4917//9681 4915//9681 4916//9681
f 4917//9682 4916//9682 4918//9682
f 4919//9683 4917//9683 4918//9683
f 4919//9684 4918//9684 4920//9684
f 4921//9685 4919//9685 4920//9685
f 4921//9686 4920//9686 4922//9686
f 4923//9687 4922//9687 4924//9687
f 4923//9688 4921//9688 4922//9688
f 4925//9689 4924//9689 4926//9689
f 4925//9690 4923//9690 4924//9690
f 4927//9691 4926//9691 4928//9691
f 4927//9692 4925//9692 4926//9692
f 4929//9693 4928//9693 4930//9693
f 4929//9694 4927//9694 4928//9694
f 4931//9695 4929//9695 4930//9695
f 4931//9696 4930//9696 4932//9696
f 4933//9697 4931//9697 4932//9697
f 4933//9698 4932//9698 4934//9698
f 4935//9699 4933//9699 4934//9699
f 4935//9700 4934//9700 4936//9700
f 4937//9701 4935//9701 4936//9701
f 4937//9702 4936//9702 4938//9702
f 4939//9703 4937//9703 4938//9703
f 4939//9704 4938//9704 4940//9704
f 4941//9705 4939//9705 4940//9705
f 4941//9706 4940//9706 4942//9706
f 4943//9707 4941//9707 4942//9707
f 4943//9708 4942//9708 4944//9708
f 4945//9709 4943//9709 4944//9709
f 4945//9710 4944//9710 4946//9710
f 4947//9711 4945//9711 4946//9711
f 4947//9712 4946//9712 4948//9712
f 4949//9713 4947//9713 4948//9713
f 4949//9714 4948//9714 4950//9714
f 4951//9715 4949//9715 4950//9715
f 4951//9716 4950//9716 4952//9716
f 4953//9717 4951//9717 4952//9717
f 4953//9718 4952//9718 4954//9718
f 4955//9719 4953//9719 4954//9719
f 4955//9720 4954//9720 4956//9720
f 4957//9721 4956//9721 4958//9721
f 4957//9722 4955//9722 4956//9722
f 4959//9723 4958//9723 4960//9723
f 4959//9724 4957//9724 4958//9724
f 4961//9725 4960//9725 4962//9725
f 4961//9726 4959//9726 4960//9726
f 4963//9727 4962//9727 4964//9727
f 4963//9728 4961//9728 4962//9728
f 4965//9729 4964//9729 4966//9729
f 4965//9730 4963//9730 4964//9730
f 4967//9731 4966//9731 4968//9731
f 4967//9732 4965//9732 4966//9732
f 4969//9733 4968//9733 4970//9733
f 4969//9734 4967//9734 4968//9734
f 4971//9735 4970//9735 4972//9735
f 4971//9736 4969//9736 4970//9736
f 4973//9737 4972//9737 4974//9737
f 4973//9738 4971//9738 4972//9738
f 4975//9739 4974//9739 4976//9739
f 4975//9740 4976//9740 4977//9740
f 4975//9741 4973//9741 4974//9741
f 4978//9742 4975//9742 4977//9742
f 4979//9743 4977//9743 4980//9743
f 4979//9744 4978//9744 4977//9744
f 4981//9745 4980//9745 4982//9745
f 4981//9746 4979//9746 4980//9746
f 4983//9747 4981//9747 4982//9747
f 4983//9748 4982//9748 4984//9748
f 4985//9749 4983//9749 4984//9749
f 4985//9750 4984//9750 4986//9750
f 4987//9751 4985//9751 4986//9751
f 4987//9752 4986//9752 4988//9752
f 4989//9753 4987//9753 4988//9753
f 4989//9754 4988//9754 4990//9754
f 4991//9755 4990//9755 4992//9755
f 4991//9756 4989//9756 4990//9756
f 4993//9757 4992//9757 4994//9757
f 4993//9758 4991//9758 4992//9758
f 4995//9759 4994//9759 4996//9759
f 4995//9760 4993//9760 4994//9760
f 4997//9761 4996//9761 4998//9761
f 4997//9762 4995//9762 4996//9762
f 4999//9763 4998//9763 5000//9763
f 4999//9764 4997//9764 4998//9764
f 5001//9765 5000//9765 5002//9765
f 5001//9766 4999//9766 5000//9766
f 5003//9767 5002//9767 5004//9767
f 5003//9768 5001//9768 5002//9768
f 5005//9769 5004//9769 5006//9769
f 5005//9770 5003//9770 5004//9770
f 5007//9771 5006//9771 5008//9771
f 5007//9772 5005//9772 5006//9772
f 5009//9773 5008//9773 5010//9773
f 5009//9774 5007//9774 5008//9774
f 5011//9775 5010//9775 5012//9775
f 5011//9776 5009//9776 5010//9776
f 5013//9777 5012//9777 5014//9777
f 5013//9778 5014//9778 5015//9778
f 5013//9779 5011//9779 5012//9779
f 5016//9780 5013//9780 5015//9780
f 5016//9781 5015//9781 5017//9781
f 5018//9782 5016//9782 5017//9782
f 5019//9783 5017//9783 5020//9783
f 5019//9784 5020//9784 5021//9784
f 5019//9785 5018//9785 5017//9785
f 5022//9786 5019//9786 5021//9786
f 5023//9787 5021//9787 5024//9787
f 5023//9788 5022//9788 5021//9788
f 5025//9789 5024//9789 5026//9789
f 5025//9790 5023//9790 5024//9790
f 5027//9791 5026//9791 5028//9791
f 5027//9792 5025//9792 5026//9792
f 5029//9793 5028//9793 5030//9793
f 5029//9794 5030//9794 5031//9794
f 5029//9795 5027//9795 5028//9795
f 5032//9796 5031//9796 5033//9796
f 5032//9797 5029//9797 5031//9797
f 5034//9798 5032//9798 5033//9798
f 5035//9799 5033//9799 5036//9799
f 5035//9800 5036//9800 5037//9800
f 5035//9801 5034//9801 5033//9801
f 5038//9802 5035//9802 5037//9802
f 5039//9803 5038//9803 5037//9803
f 5039//9804 5037//9804 5040//9804
f 5041//9805 5039//9805 5040//9805
f 5041//9806 5040//9806 5042//9806
f 5043//9807 5041//9807 5042//9807
f 5043//9808 5042//9808 5044//9808
f 5045//9809 5043//9809 5044//9809
f 5045//9810 5044//9810 5046//9810
f 5047//9811 5045//9811 5046//9811
f 5047//9812 5046//9812 5048//9812
f 5049//9813 5047//9813 5048//9813
f 5049//9814 5048//9814 5050//9814
f 5051//9815 5049//9815 5050//9815
f 5051//9816 5050//9816 5052//9816
f 5051//9817 5052//9817 5053//9817
f 5054//9818 5051//9818 5053//9818
f 5055//9819 5054//9819 5053//9819
f 5055//9820 5053//9820 5056//9820
f 5055//9821 5056//9821 5057//9821
f 5058//9822 5055//9822 5057//9822
f 4808//9823 5057//9823 4809//9823
f 4808//9824 5058//9824 5057//9824
f 4831//9825 4827//9825 4830//9825
f 4846//9826 4847//9826 4849//9826
f 4846//9827 4849//9827 4851//9827
f 4846//9828 4851//9828 4855//9828
f 4989//9829 4985//9829 4987//9829
f 4841//9830 4844//9830 4846//9830
f 4839//9831 5007//9831 5009//9831
f 4839//9832 5009//9832 5011//9832
f 4839//9833 5011//9833 5013//9833
f 4839//9834 4907//9834 4913//9834
f 4839//9835 4818//9835 4819//9835
f 4839//9836 4855//9836 4861//9836
f 4839//9837 4826//9837 4827//9837
f 4839//9838 4831//9838 4833//9838
f 4839//9839 4833//9839 4836//9839
f 4839//9840 4819//9840 4826//9840
f 4839//9841 5003//9841 5007//9841
f 4839//9842 4836//9842 4837//9842
f 4839//9843 5013//9843 5019//9843
f 4839//9844 5019//9844 5025//9844
f 4839//9845 5051//9845 5054//9845
f 4839//9846 5025//9846 5029//9846
f 4839//9847 5054//9847 5055//9847
f 4839//9848 5055//9848 5058//9848
f 4839//9849 4869//9849 4872//9849
f 4839//9850 4872//9850 4874//9850
f 4839//9851 4874//9851 4875//9851
f 4839//9852 4811//9852 4818//9852
f 4839//9853 4875//9853 4877//9853
f 4839//9854 4877//9854 4880//9854
f 4839//9855 4880//9855 4881//9855
f 4839//9856 4885//9856 4887//9856
f 4839//9857 5058//9857 4811//9857
f 4839//9858 5029//9858 5034//9858
f 4839//9859 4827//9859 4831//9859
f 4839//9860 4895//9860 4899//9860
f 4839//9861 4861//9861 4869//9861
f 4839//9862 4899//9862 4903//9862
f 4839//9863 4903//9863 4905//9863
f 4839//9864 4905//9864 4907//9864
f 4839//9865 4913//9865 4915//9865
f 4839//9866 4915//9866 4917//9866
f 4839//9867 4891//9867 4895//9867
f 4839//9868 4917//9868 4919//9868
f 4839//9869 4919//9869 4921//9869
f 4839//9870 4921//9870 4923//9870
f 4839//9871 4923//9871 4925//9871
f 4839//9872 4846//9872 4855//9872
f 4839//9873 4925//9873 4927//9873
f 4839//9874 4927//9874 4929//9874
f 4839//9875 4929//9875 4931//9875
f 4839//9876 4931//9876 4933//9876
f 4839//9877 4933//9877 4935//9877
f 4839//9878 4887//9878 4891//9878
f 4839//9879 4935//9879 4937//9879
f 4839//9880 4937//9880 4939//9880
f 4839//9881 4939//9881 4941//9881
f 4839//9882 4941//9882 4943//9882
f 4839//9883 4841//9883 4846//9883
f 4839//9884 4943//9884 4945//9884
f 4839//9885 4945//9885 4947//9885
f 4839//9886 4947//9886 4949//9886
f 4839//9887 4949//9887 4951//9887
f 4839//9888 4951//9888 4953//9888
f 4839//9889 4953//9889 4955//9889
f 4839//9890 4955//9890 4957//9890
f 4839//9891 4957//9891 4959//9891
f 4839//9892 4881//9892 4885//9892
f 4839//9893 4959//9893 4961//9893
f 4839//9894 4961//9894 4963//9894
f 4839//9895 4985//9895 4989//9895
f 4839//9896 4963//9896 4965//9896
f 4839//9897 4965//9897 4967//9897
f 4839//9898 4967//9898 4969//9898
f 4839//9899 4969//9899 4971//9899
f 4839//9900 4971//9900 4973//9900
f 4839//9901 4973//9901 4975//9901
f 4839//9902 4975//9902 4978//9902
f 4839//9903 4978//9903 4979//9903
f 4839//9904 4979//9904 4981//9904
f 4839//9905 4981//9905 4983//9905
f 4839//9906 4983//9906 4985//9906
f 4839//9907 4989//9907 4991//9907
f 4839//9908 5034//9908 5051//9908
f 4839//9909 4991//9909 4993//9909
f 4839//9910 4993//9910 4995//9910
f 4839//9911 4995//9911 4997//9911
f 5007//9912 5003//9912 5005//9912
f 4839//9913 4997//9913 4999//9913
f 4839//9914 4999//9914 5001//9914
f 4839//9915 5001//9915 5003//9915
f 5018//9916 5013//9916 5016//9916
f 5019//9917 5013//9917 5018//9917
f 4907//9918 4909//9918 4911//9918
f 4907//9919 4911//9919 4913//9919
f 5023//9920 5019//9920 5022//9920
f 5025//9921 5019//9921 5023//9921
f 5029//9922 5025//9922 5027//9922
f 4899//9923 4901//9923 4903//9923
f 5034//9924 5029//9924 5032//9924
f 4895//9925 4897//9925 4899//9925
f 4891//9926 4893//9926 4895//9926
f 5041//9927 5038//9927 5039//9927
f 4887//9928 4889//9928 4891//9928
f 5043//9929 5035//9929 5038//9929
f 5043//9930 5038//9930 5041//9930
f 5045//9931 5035//9931 5043//9931
f 4881//9932 4883//9932 4885//9932
f 5051//9933 5034//9933 5035//9933
f 5051//9934 5045//9934 5047//9934
f 5051//9935 5047//9935 5049//9935
f 5051//9936 5035//9936 5045//9936
f 4807//9937 5058//9937 4808//9937
f 4811//9938 5058//9938 4807//9938
f 4864//9939 4865//9939 4867//9939
f 4861//9940 4864//9940 4867//9940
f 4861//9941 4867//9941 4869//9941
f 4818//9942 4811//9942 4813//9942
f 4818//9943 4813//9943 4815//9943
f 4855//9944 4857//9944 4860//9944
f 4855//9945 4860//9945 4861//9945
f 4823//9946 4819//9946 4821//9946
f 4826//9947 4819//9947 4823//9947
f 4851//9948 4853//9948 4855//9948
f 4828//9949 4832//9949 4829//9949
f 4848//9950 4845//9950 4850//9950
f 4850//9951 4845//9951 4852//9951
f 4852//9952 4845//9952 4856//9952
f 4986//9953 4990//9953 4988//9953
f 4843//9954 4842//9954 4845//9954
f 5008//9955 4840//9955 5010//9955
f 5010//9956 4840//9956 5012//9956
f 5012//9957 4840//9957 5014//9957
f 4908//9958 4840//9958 4914//9958
f 4817//9959 4840//9959 4820//9959
f 4856//9960 4840//9960 4862//9960
f 4825//9961 4840//9961 4828//9961
f 4832//9962 4840//9962 4834//9962
f 4834//9963 4840//9963 4835//9963
f 4820//9964 4840//9964 4825//9964
f 5004//9965 4840//9965 5008//9965
f 4835//9966 4840//9966 4838//9966
f 5014//9967 4840//9967 5020//9967
f 5020//9968 4840//9968 5026//9968
f 5052//9969 4840//9969 5053//9969
f 5026//9970 4840//9970 5030//9970
f 5053//9971 4840//9971 5056//9971
f 5056//9972 4840//9972 5057//9972
f 4870//9973 4840//9973 4871//9973
f 4871//9974 4840//9974 4873//9974
f 4873//9975 4840//9975 4876//9975
f 4812//9976 4840//9976 4817//9976
f 4876//9977 4840//9977 4878//9977
f 4878//9978 4840//9978 4879//9978
f 4879//9979 4840//9979 4882//9979
f 4886//9980 4840//9980 4888//9980
f 5057//9981 4840//9981 4812//9981
f 5030//9982 4840//9982 5033//9982
f 4828//9983 4840//9983 4832//9983
f 4896//9984 4840//9984 4900//9984
f 4862//9985 4840//9985 4870//9985
f 4900//9986 4840//9986 4904//9986
f 4904//9987 4840//9987 4906//9987
f 4906//9988 4840//9988 4908//9988
f 4914//9989 4840//9989 4916//9989
f 4916//9990 4840//9990 4918//9990
f 4892//9991 4840//9991 4896//9991
f 4918//9992 4840//9992 4920//9992
f 4920//9993 4840//9993 4922//9993
f 4922//9994 4840//9994 4924//9994
f 4924//9995 4840//9995 4926//9995
f 4845//9996 4840//9996 4856//9996
f 4926//9997 4840//9997 4928//9997
f 4928//9998 4840//9998 4930//9998
f 4930//9999 4840//9999 4932//9999
f 4932//10000 4840//10000 4934//10000
f 4934//10001 4840//10001 4936//10001
f 4888//10002 4840//10002 4892//10002
f 4936//10003 4840//10003 4938//10003
f 4938//10004 4840//10004 4940//10004
f 4940//10005 4840//10005 4942//10005
f 4942//10006 4840//10006 4944//10006
f 4842//10007 4840//10007 4845//10007
f 4944//10008 4840//10008 4946//10008
f 4946//10009 4840//10009 4948//10009
f 4948//10010 4840//10010 4950//10010
f 4950//10011 4840//10011 4952//10011
f 4952//10012 4840//10012 4954//10012
f 4954//10013 4840//10013 4956//10013
f 4956//10014 4840//10014 4958//10014
f 4958//10015 4840//10015 4960//10015
f 4882//10016 4840//10016 4886//10016
f 4960//10017 4840//10017 4962//10017
f 4962//10018 4840//10018 4964//10018
f 4986//10019 4840//10019 4990//10019
f 4964//10020 4840//10020 4966//10020
f 4966//10021 4840//10021 4968//10021
f 4968//10022 4840//10022 4970//10022
f 4970//10023 4840//10023 4972//10023
f 4972//10024 4840//10024 4974//10024
f 4974//10025 4840//10025 4976//10025
f 4976//10026 4840//10026 4977//10026
f 4977//10027 4840//10027 4980//10027
f 4980//10028 4840//10028 4982//10028
f 4982//10029 4840//10029 4984//10029
f 4984//10030 4840//10030 4986//10030
f 4990//10031 4840//10031 4992//10031
f 5033//10032 4840//10032 5052//10032
f 4992//10033 4840//10033 4994//10033
f 4994//10034 4840//10034 4996//10034
f 4996//10035 4840//10035 4998//10035
f 5004//10036 5008//10036 5006//10036
f 4998//10037 4840//10037 5000//10037
f 5000//10038 4840//10038 5002//10038
f 5002//10039 4840//10039 5004//10039
f 5014//10040 5017//10040 5015//10040
f 5014//10041 5020//10041 5017//10041
f 4910//10042 4908//10042 4912//10042
f 4912//10043 4908//10043 4914//10043
f 5020//10044 5024//10044 5021//10044
f 5020//10045 5026//10045 5024//10045
f 5026//10046 5030//10046 5028//10046
f 4902//10047 4900//10047 4904//10047
f 5030//10048 5033//10048 5031//10048
f 4898//10049 4896//10049 4900//10049
f 4894//10050 4892//10050 4896//10050
f 5037//10051 5042//10051 5040//10051
f 4890//10052 4888//10052 4892//10052
f 5036//10053 5044//10053 5037//10053
f 5037//10054 5044//10054 5042//10054
f 5036//10055 5046//10055 5044//10055
f 4884//10056 4882//10056 4886//10056
f 5033//10057 5052//10057 5036//10057
f 5046//10058 5052//10058 5048//10058
f 5048//10059 5052//10059 5050//10059
f 5036//10060 5052//10060 5046//10060
f 5057//10061 4810//10061 4809//10061
f 5057//10062 4812//10062 4810//10062
f 4866//10063 4863//10063 4868//10063
f 4863//10064 4862//10064 4868//10064
f 4868//10065 4862//10065 4870//10065
f 4812//10066 4817//10066 4814//10066
f 4814//10067 4817//10067 4816//10067
f 4858//10068 4856//10068 4859//10068
f 4859//10069 4856//10069 4862//10069
f 4820//10070 4824//10070 4822//10070
f 4820//10071 4825//10071 4824//10071
f 4854//10072 4852//10072 4856//10072
f 5059//10073 5060//10073 5061//10073
f 5059//10074 5061//10074 5062//10074
f 5063//10075 5062//10075 5064//10075
f 5063//10076 5059//10076 5062//10076
f 5065//10077 5064//10077 5066//10077
f 5065//10078 5063//10078 5064//10078
f 5067//10079 5066//10079 5068//10079
f 5067//10080 5068//10080 5069//10080
f 5067//10081 5065//10081 5066//10081
f 5070//10082 5067//10082 5069//10082
f 5071//10083 5069//10083 5072//10083
f 5071//10084 5070//10084 5069//10084
f 5073//10085 5072//10085 5074//10085
f 5073//10086 5071//10086 5072//10086
f 5075//10087 5074//10087 5076//10087
f 5075//10088 5076//10088 5077//10088
f 5075//10089 5073//10089 5074//10089
f 5078//10090 5075//10090 5077//10090
f 5079//10091 5077//10091 5080//10091
f 5079//10092 5080//10092 5081//10092
f 5079//10093 5078//10093 5077//10093
f 5082//10094 5079//10094 5081//10094
f 5083//10095 5082//10095 5081//10095
f 5083//10096 5081//10096 5084//10096
f 5085//10097 5083//10097 5084//10097
f 5085//10098 5084//10098 5086//10098
f 5085//10099 5086//10099 5087//10099
f 5088//10100 5085//10100 5087//10100
f 5089//10101 5088//10101 5087//10101
f 5089//10102 5087//10102 5090//10102
f 5091//10103 5089//10103 5090//10103
f 5091//10104 5090//10104 5092//10104
f 5093//10105 5091//10105 5092//10105
f 5093//10106 5092//10106 5094//10106
f 5093//10107 5094//10107 5095//10107
f 5096//10108 5093//10108 5095//10108
f 5096//10109 5095//10109 5097//10109
f 5098//10110 5096//10110 5097//10110
f 5099//10111 5098//10111 5097//10111
f 5099//10112 5097//10112 5100//10112
f 5101//10113 5099//10113 5100//10113
f 5101//10114 5100//10114 5102//10114
f 5103//10115 5101//10115 5102//10115
f 5103//10116 5102//10116 5104//10116
f 5105//10117 5104//10117 5106//10117
f 5105//10118 5103//10118 5104//10118
f 5107//10119 5106//10119 5108//10119
f 5107//10120 5105//10120 5106//10120
f 5109//10121 5108//10121 5110//10121
f 5109//10122 5110//10122 5111//10122
f 5109//10123 5107//10123 5108//10123
f 5112//10124 5109//10124 5111//10124
f 5113//10125 5111//10125 5114//10125
f 5113//10126 5114//10126 5115//10126
f 5113//10127 5112//10127 5111//10127
f 5116//10128 5113//10128 5115//10128
f 5117//10129 5115//10129 5118//10129
f 5117//10130 5116//10130 5115//10130
f 5119//10131 5118//10131 5120//10131
f 5119//10132 5117//10132 5118//10132
f 5121//10133 5120//10133 5122//10133
f 5121//10134 5122//10134 5123//10134
f 5121//10135 5119//10135 5120//10135
f 5124//10136 5123//10136 5125//10136
f 5124//10137 5121//10137 5123//10137
f 5126//10138 5124//10138 5125//10138
f 5127//10139 5125//10139 5128//10139
f 5127//10140 5126//10140 5125//10140
f 5129//10141 5128//10141 5130//10141
f 5129//10142 5130//10142 5131//10142
f 5129//10143 5127//10143 5128//10143
f 5132//10144 5129//10144 5131//10144
f 5133//10145 5132//10145 5131//10145
f 5133//10146 5131//10146 5134//10146
f 5135//10147 5133//10147 5134//10147
f 5135//10148 5134//10148 5136//10148
f 5137//10149 5135//10149 5136//10149
f 5137//10150 5136//10150 5138//10150
f 5139//10151 5137//10151 5138//10151
f 5139//10152 5138//10152 5140//10152
f 5141//10153 5139//10153 5140//10153
f 5141//10154 5140//10154 5142//10154
f 5143//10155 5141//10155 5142//10155
f 5143//10156 5142//10156 5144//10156
f 5145//10157 5143//10157 5144//10157
f 5145//10158 5144//10158 5146//10158
f 5147//10159 5145//10159 5146//10159
f 5147//10160 5146//10160 5148//10160
f 5149//10161 5147//10161 5148//10161
f 5149//10162 5148//10162 5150//10162
f 5151//10163 5149//10163 5150//10163
f 5151//10164 5150//10164 5152//10164
f 5153//10165 5151//10165 5152//10165
f 5153//10166 5152//10166 5154//10166
f 5155//10167 5153//10167 5154//10167
f 5155//10168 5154//10168 5156//10168
f 5157//10169 5155//10169 5156//10169
f 5157//10170 5156//10170 5158//10170
f 5159//10171 5157//10171 5158//10171
f 5159//10172 5158//10172 5160//10172
f 5161//10173 5159//10173 5160//10173
f 5161//10174 5160//10174 5162//10174
f 5163//10175 5161//10175 5162//10175
f 5163//10176 5162//10176 5164//10176
f 5165//10177 5163//10177 5164//10177
f 5165//10178 5164//10178 5166//10178
f 5167//10179 5165//10179 5166//10179
f 5167//10180 5166//10180 5168//10180
f 5169//10181 5167//10181 5168//10181
f 5169//10182 5168//10182 5170//10182
f 5171//10183 5169//10183 5170//10183
f 5171//10184 5170//10184 5172//10184
f 5173//10185 5171//10185 5172//10185
f 5173//10186 5172//10186 5174//10186
f 5175//10187 5174//10187 5176//10187
f 5175//10188 5173//10188 5174//10188
f 5177//10189 5176//10189 5178//10189
f 5177//10190 5175//10190 5176//10190
f 5179//10191 5178//10191 5180//10191
f 5179//10192 5177//10192 5178//10192
f 5181//10193 5180//10193 5182//10193
f 5181//10194 5179//10194 5180//10194
f 5183//10195 5181//10195 5182//10195
f 5183//10196 5182//10196 5184//10196
f 5185//10197 5183//10197 5184//10197
f 5185//10198 5184//10198 5186//10198
f 5187//10199 5185//10199 5186//10199
f 5187//10200 5186//10200 5188//10200
f 5189//10201 5187//10201 5188//10201
f 5189//10202 5188//10202 5190//10202
f 5191//10203 5189//10203 5190//10203
f 5191//10204 5190//10204 5192//10204
f 5193//10205 5191//10205 5192//10205
f 5193//10206 5192//10206 5194//10206
f 5195//10207 5193//10207 5194//10207
f 5195//10208 5194//10208 5196//10208
f 5197//10209 5195//10209 5196//10209
f 5197//10210 5196//10210 5198//10210
f 5199//10211 5197//10211 5198//10211
f 5199//10212 5198//10212 5200//10212
f 5201//10213 5199//10213 5200//10213
f 5201//10214 5200//10214 5202//10214
f 5203//10215 5201//10215 5202//10215
f 5203//10216 5202//10216 5204//10216
f 5205//10217 5203//10217 5204//10217
f 5205//10218 5204//10218 5206//10218
f 5207//10219 5205//10219 5206//10219
f 5207//10220 5206//10220 5208//10220
f 5209//10221 5208//10221 5210//10221
f 5209//10222 5207//10222 5208//10222
f 5211//10223 5210//10223 5212//10223
f 5211//10224 5209//10224 5210//10224
f 5213//10225 5212//10225 5214//10225
f 5213//10226 5211//10226 5212//10226
f 5215//10227 5214//10227 5216//10227
f 5215//10228 5213//10228 5214//10228
f 5217//10229 5216//10229 5218//10229
f 5217//10230 5215//10230 5216//10230
f 5219//10231 5218//10231 5220//10231
f 5219//10232 5217//10232 5218//10232
f 5221//10233 5220//10233 5222//10233
f 5221//10234 5219//10234 5220//10234
f 5223//10235 5222//10235 5224//10235
f 5223//10236 5221//10236 5222//10236
f 5225//10237 5224//10237 5226//10237
f 5225//10238 5223//10238 5224//10238
f 5227//10239 5226//10239 5228//10239
f 5227//10240 5228//10240 5229//10240
f 5227//10241 5225//10241 5226//10241
f 5230//10242 5227//10242 5229//10242
f 5231//10243 5229//10243 5232//10243
f 5231//10244 5230//10244 5229//10244
f 5233//10245 5232//10245 5234//10245
f 5233//10246 5231//10246 5232//10246
f 5235//10247 5233//10247 5234//10247
f 5235//10248 5234//10248 5236//10248
f 5237//10249 5235//10249 5236//10249
f 5237//10250 5236//10250 5238//10250
f 5239//10251 5237//10251 5238//10251
f 5239//10252 5238//10252 5240//10252
f 5241//10253 5239//10253 5240//10253
f 5241//10254 5240//10254 5242//10254
f 5243//10255 5242//10255 5244//10255
f 5243//10256 5241//10256 5242//10256
f 5245//10257 5244//10257 5246//10257
f 5245//10258 5243//10258 5244//10258
f 5247//10259 5246//10259 5248//10259
f 5247//10260 5245//10260 5246//10260
f 5249//10261 5248//10261 5250//10261
f 5249//10262 5247//10262 5248//10262
f 5251//10263 5250//10263 5252//10263
f 5251//10264 5249//10264 5250//10264
f 5253//10265 5252//10265 5254//10265
f 5253//10266 5251//10266 5252//10266
f 5255//10267 5254//10267 5256//10267
f 5255//10268 5253//10268 5254//10268
f 5257//10269 5256//10269 5258//10269
f 5257//10270 5255//10270 5256//10270
f 5259//10271 5258//10271 5260//10271
f 5259//10272 5257//10272 5258//10272
f 5261//10273 5260//10273 5262//10273
f 5261//10274 5259//10274 5260//10274
f 5263//10275 5262//10275 5264//10275
f 5263//10276 5261//10276 5262//10276
f 5265//10277 5264//10277 5266//10277
f 5265//10278 5266//10278 5267//10278
f 5265//10279 5263//10279 5264//10279
f 5268//10280 5265//10280 5267//10280
f 5268//10281 5267//10281 5269//10281
f 5270//10282 5268//10282 5269//10282
f 5271//10283 5269//10283 5272//10283
f 5271//10284 5272//10284 5273//10284
f 5271//10285 5270//10285 5269//10285
f 5274//10286 5271//10286 5273//10286
f 5275//10287 5273//10287 5276//10287
f 5275//10288 5274//10288 5273//10288
f 5277//10289 5276//10289 5278//10289
f 5277//10290 5275//10290 5276//10290
f 5279//10291 5278//10291 5280//10291
f 5279//10292 5277//10292 5278//10292
f 5281//10293 5280//10293 5282//10293
f 5281//10294 5282//10294 5283//10294
f 5281//10295 5279//10295 5280//10295
f 5284//10296 5283//10296 5285//10296
f 5284//10297 5281//10297 5283//10297
f 5286//10298 5284//10298 5285//10298
f 5287//10299 5285//10299 5288//10299
f 5287//10300 5288//10300 5289//10300
f 5287//10301 5286//10301 5285//10301
f 5290//10302 5287//10302 5289//10302
f 5291//10303 5290//10303 5289//10303
f 5291//10304 5289//10304 5292//10304
f 5293//10305 5291//10305 5292//10305
f 5293//10306 5292//10306 5294//10306
f 5295//10307 5293//10307 5294//10307
f 5295//10308 5294//10308 5296//10308
f 5297//10309 5295//10309 5296//10309
f 5297//10310 5296//10310 5298//10310
f 5299//10311 5297//10311 5298//10311
f 5299//10312 5298//10312 5300//10312
f 5301//10313 5299//10313 5300//10313
f 5301//10314 5300//10314 5302//10314
f 5303//10315 5301//10315 5302//10315
f 5303//10316 5302//10316 5304//10316
f 5303//10317 5304//10317 5305//10317
f 5306//10318 5303//10318 5305//10318
f 5307//10319 5306//10319 5305//10319
f 5307//10320 5305//10320 5308//10320
f 5307//10321 5308//10321 5309//10321
f 5310//10322 5307//10322 5309//10322
f 5060//10323 5309//10323 5061//10323
f 5060//10324 5310//10324 5309//10324
f 5098//10325 5099//10325 5101//10325
f 5098//10326 5101//10326 5103//10326
f 5098//10327 5103//10327 5105//10327
f 5085//10328 5079//10328 5082//10328
f 5085//10329 5082//10329 5083//10329
f 5241//10330 5237//10330 5239//10330
f 5093//10331 5096//10331 5098//10331
f 5089//10332 5085//10332 5088//10332
f 5091//10333 5310//10333 5071//10333
f 5091//10334 5259//10334 5261//10334
f 5091//10335 5261//10335 5268//10335
f 5091//10336 5161//10336 5165//10336
f 5091//10337 5268//10337 5270//10337
f 5091//10338 5270//10338 5271//10338
f 5091//10339 5132//10339 5137//10339
f 5091//10340 5275//10340 5277//10340
f 5091//10341 5271//10341 5275//10341
f 5091//10342 5287//10342 5297//10342
f 5091//10343 5165//10343 5169//10343
f 5091//10344 5098//10344 5105//10344
f 5091//10345 5127//10345 5129//10345
f 5091//10346 5129//10346 5132//10346
f 5091//10347 5137//10347 5139//10347
f 5091//10348 5143//10348 5145//10348
f 5091//10349 5145//10349 5147//10349
f 5091//10350 5147//10350 5149//10350
f 5091//10351 5149//10351 5151//10351
f 5091//10352 5151//10352 5157//10352
f 5091//10353 5157//10353 5159//10353
f 5091//10354 5159//10354 5161//10354
f 5091//10355 5093//10355 5098//10355
f 5091//10356 5297//10356 5310//10356
f 5091//10357 5071//10357 5079//10357
f 5091//10358 5169//10358 5171//10358
f 5091//10359 5277//10359 5287//10359
f 5091//10360 5171//10360 5173//10360
f 5091//10361 5173//10361 5175//10361
f 5091//10362 5175//10362 5177//10362
f 5091//10363 5177//10363 5179//10363
f 5091//10364 5179//10364 5181//10364
f 5091//10365 5181//10365 5183//10365
f 5091//10366 5079//10366 5085//10366
f 5091//10367 5183//10367 5185//10367
f 5091//10368 5185//10368 5187//10368
f 5091//10369 5187//10369 5189//10369
f 5091//10370 5189//10370 5191//10370
f 5091//10371 5191//10371 5193//10371
f 5091//10372 5193//10372 5195//10372
f 5091//10373 5195//10373 5197//10373
f 5091//10374 5197//10374 5199//10374
f 5091//10375 5199//10375 5201//10375
f 5091//10376 5201//10376 5203//10376
f 5091//10377 5139//10377 5143//10377
f 5091//10378 5203//10378 5205//10378
f 5091//10379 5085//10379 5089//10379
f 5091//10380 5205//10380 5207//10380
f 5091//10381 5207//10381 5209//10381
f 5091//10382 5105//10382 5124//10382
f 5091//10383 5209//10383 5211//10383
f 5091//10384 5211//10384 5213//10384
f 5091//10385 5213//10385 5215//10385
f 5091//10386 5237//10386 5241//10386
f 5091//10387 5215//10387 5217//10387
f 5091//10388 5217//10388 5219//10388
f 5091//10389 5219//10389 5221//10389
f 5091//10390 5221//10390 5223//10390
f 5091//10391 5223//10391 5225//10391
f 5091//10392 5225//10392 5227//10392
f 5091//10393 5227//10393 5230//10393
f 5091//10394 5230//10394 5231//10394
f 5091//10395 5231//10395 5233//10395
f 5091//10396 5124//10396 5127//10396
f 5091//10397 5233//10397 5235//10397
f 5091//10398 5235//10398 5237//10398
f 5091//10399 5241//10399 5243//10399
f 5091//10400 5243//10400 5245//10400
f 5091//10401 5245//10401 5247//10401
f 5091//10402 5247//10402 5249//10402
f 5091//10403 5249//10403 5251//10403
f 5091//10404 5251//10404 5253//10404
f 5091//10405 5253//10405 5255//10405
f 5091//10406 5255//10406 5257//10406
f 5091//10407 5257//10407 5259//10407
f 5268//10408 5261//10408 5263//10408
f 5268//10409 5263//10409 5265//10409
f 5165//10410 5167//10410 5169//10410
f 5161//10411 5163//10411 5165//10411
f 5275//10412 5271//10412 5274//10412
f 5281//10413 5277//10413 5279//10413
f 5151//10414 5153//10414 5155//10414
f 5151//10415 5155//10415 5157//10415
f 5286//10416 5281//10416 5284//10416
f 5287//10417 5281//10417 5286//10417
f 5287//10418 5277//10418 5281//10418
f 5291//10419 5287//10419 5290//10419
f 5139//10420 5141//10420 5143//10420
f 5295//10421 5291//10421 5293//10421
f 5295//10422 5287//10422 5291//10422
f 5297//10423 5287//10423 5295//10423
f 5133//10424 5135//10424 5137//10424
f 5132//10425 5133//10425 5137//10425
f 5303//10426 5297//10426 5299//10426
f 5303//10427 5299//10427 5301//10427
f 5307//10428 5303//10428 5306//10428
f 5307//10429 5297//10429 5303//10429
f 5310//10430 5297//10430 5307//10430
f 5124//10431 5126//10431 5127//10431
f 5067//10432 5059//10432 5063//10432
f 5067//10433 5063//10433 5065//10433
f 5071//10434 5060//10434 5059//10434
f 5071//10435 5067//10435 5070//10435
f 5071//10436 5310//10436 5060//10436
f 5071//10437 5059//10437 5067//10437
f 5107//10438 5109//10438 5112//10438
f 5105//10439 5112//10439 5113//10439
f 5105//10440 5113//10440 5116//10440
f 5105//10441 5116//10441 5117//10441
f 5105//10442 5117//10442 5119//10442
f 5105//10443 5119//10443 5121//10443
f 5105//10444 5121//10444 5124//10444
f 5105//10445 5107//10445 5112//10445
f 5079//10446 5071//10446 5073//10446
f 5079//10447 5073//10447 5075//10447
f 5079//10448 5075//10448 5078//10448
f 5100//10449 5097//10449 5102//10449
f 5102//10450 5097//10450 5104//10450
f 5104//10451 5097//10451 5106//10451
f 5080//10452 5086//10452 5081//10452
f 5081//10453 5086//10453 5084//10453
f 5238//10454 5242//10454 5240//10454
f 5095//10455 5094//10455 5097//10455
f 5086//10456 5090//10456 5087//10456
f 5309//10457 5092//10457 5072//10457
f 5260//10458 5092//10458 5262//10458
f 5262//10459 5092//10459 5267//10459
f 5162//10460 5092//10460 5166//10460
f 5267//10461 5092//10461 5269//10461
f 5269//10462 5092//10462 5272//10462
f 5131//10463 5092//10463 5138//10463
f 5276//10464 5092//10464 5278//10464
f 5272//10465 5092//10465 5276//10465
f 5288//10466 5092//10466 5298//10466
f 5166//10467 5092//10467 5170//10467
f 5097//10468 5092//10468 5106//10468
f 5128//10469 5092//10469 5130//10469
f 5130//10470 5092//10470 5131//10470
f 5138//10471 5092//10471 5140//10471
f 5144//10472 5092//10472 5146//10472
f 5146//10473 5092//10473 5148//10473
f 5148//10474 5092//10474 5150//10474
f 5150//10475 5092//10475 5152//10475
f 5152//10476 5092//10476 5158//10476
f 5158//10477 5092//10477 5160//10477
f 5160//10478 5092//10478 5162//10478
f 5094//10479 5092//10479 5097//10479
f 5298//10480 5092//10480 5309//10480
f 5072//10481 5092//10481 5080//10481
f 5170//10482 5092//10482 5172//10482
f 5278//10483 5092//10483 5288//10483
f 5172//10484 5092//10484 5174//10484
f 5174//10485 5092//10485 5176//10485
f 5176//10486 5092//10486 5178//10486
f 5178//10487 5092//10487 5180//10487
f 5180//10488 5092//10488 5182//10488
f 5182//10489 5092//10489 5184//10489
f 5080//10490 5092//10490 5086//10490
f 5184//10491 5092//10491 5186//10491
f 5186//10492 5092//10492 5188//10492
f 5188//10493 5092//10493 5190//10493
f 5190//10494 5092//10494 5192//10494
f 5192//10495 5092//10495 5194//10495
f 5194//10496 5092//10496 5196//10496
f 5196//10497 5092//10497 5198//10497
f 5198//10498 5092//10498 5200//10498
f 5200//10499 5092//10499 5202//10499
f 5202//10500 5092//10500 5204//10500
f 5140//10501 5092//10501 5144//10501
f 5204//10502 5092//10502 5206//10502
f 5086//10503 5092//10503 5090//10503
f 5206//10504 5092//10504 5208//10504
f 5208//10505 5092//10505 5210//10505
f 5106//10506 5092//10506 5123//10506
f 5210//10507 5092//10507 5212//10507
f 5212//10508 5092//10508 5214//10508
f 5214//10509 5092//10509 5216//10509
f 5238//10510 5092//10510 5242//10510
f 5216//10511 5092//10511 5218//10511
f 5218//10512 5092//10512 5220//10512
f 5220//10513 5092//10513 5222//10513
f 5222//10514 5092//10514 5224//10514
f 5224//10515 5092//10515 5226//10515
f 5226//10516 5092//10516 5228//10516
f 5228//10517 5092//10517 5229//10517
f 5229//10518 5092//10518 5232//10518
f 5232//10519 5092//10519 5234//10519
f 5123//10520 5092//10520 5128//10520
f 5234//10521 5092//10521 5236//10521
f 5236//10522 5092//10522 5238//10522
f 5242//10523 5092//10523 5244//10523
f 5244//10524 5092//10524 5246//10524
f 5246//10525 5092//10525 5248//10525
f 5248//10526 5092//10526 5250//10526
f 5250//10527 5092//10527 5252//10527
f 5252//10528 5092//10528 5254//10528
f 5254//10529 5092//10529 5256//10529
f 5256//10530 5092//10530 5258//10530
f 5258//10531 5092//10531 5260//10531
f 5262//10532 5267//10532 5264//10532
f 5264//10533 5267//10533 5266//10533
f 5168//10534 5166//10534 5170//10534
f 5164//10535 5162//10535 5166//10535
f 5272//10536 5276//10536 5273//10536
f 5278//10537 5282//10537 5280//10537
f 5154//10538 5152//10538 5156//10538
f 5156//10539 5152//10539 5158//10539
f 5282//10540 5285//10540 5283//10540
f 5282//10541 5288//10541 5285//10541
f 5278//10542 5288//10542 5282//10542
f 5288//10543 5292//10543 5289//10543
f 5142//10544 5140//10544 5144//10544
f 5292//10545 5296//10545 5294//10545
f 5288//10546 5296//10546 5292//10546
f 5288//10547 5298//10547 5296//10547
f 5136//10548 5134//10548 5138//10548
f 5134//10549 5131//10549 5138//10549
f 5298//10550 5304//10550 5300//10550
f 5300//10551 5304//10551 5302//10551
f 5304//10552 5308//10552 5305//10552
f 5298//10553 5308//10553 5304//10553
f 5298//10554 5309//10554 5308//10554
f 5125//10555 5123//10555 5128//10555
f 5062//10556 5068//10556 5064//10556
f 5064//10557 5068//10557 5066//10557
f 5061//10558 5072//10558 5062//10558
f 5068//10559 5072//10559 5069//10559
f 5309//10560 5072//10560 5061//10560
f 5062//10561 5072//10561 5068//10561
f 5110//10562 5108//10562 5111//10562
f 5111//10563 5106//10563 5114//10563
f 5114//10564 5106//10564 5115//10564
f 5115//10565 5106//10565 5118//10565
f 5118//10566 5106//10566 5120//10566
f 5120//10567 5106//10567 5122//10567
f 5122//10568 5106//10568 5123//10568
f 5108//10569 5106//10569 5111//10569
f 5072//10570 5080//10570 5074//10570
f 5074//10571 5080//10571 5076//10571
f 5076//10572 5080//10572 5077//10572
f 5311//10573 5312//10573 5313//10573
f 5311//10574 5313//10574 5314//10574
f 5315//10575 5314//10575 5316//10575
f 5315//10576 5311//10576 5314//10576
f 5317//10577 5316//10577 5318//10577
f 5317//10578 5315//10578 5316//10578
f 5319//10579 5318//10579 5320//10579
f 5319//10580 5320//10580 5321//10580
f 5319//10581 5317//10581 5318//10581
f 5322//10582 5319//10582 5321//10582
f 5323//10583 5321//10583 5324//10583
f 5323//10584 5322//10584 5321//10584
f 5325//10585 5324//10585 5326//10585
f 5325//10586 5323//10586 5324//10586
f 5327//10587 5326//10587 5328//10587
f 5327//10588 5328//10588 5329//10588
f 5327//10589 5325//10589 5326//10589
f 5330//10590 5327//10590 5329//10590
f 5331//10591 5329//10591 5332//10591
f 5331//10592 5332//10592 5333//10592
f 5331//10593 5330//10593 5329//10593
f 5334//10594 5331//10594 5333//10594
f 5335//10595 5334//10595 5333//10595
f 5335//10596 5333//10596 5336//10596
f 5337//10597 5335//10597 5336//10597
f 5337//10598 5336//10598 5338//10598
f 5337//10599 5338//10599 5339//10599
f 5340//10600 5337//10600 5339//10600
f 5341//10601 5340//10601 5339//10601
f 5341//10602 5339//10602 5342//10602
f 5343//10603 5341//10603 5342//10603
f 5343//10604 5342//10604 5344//10604
f 5345//10605 5343//10605 5344//10605
f 5345//10606 5344//10606 5346//10606
f 5345//10607 5346//10607 5347//10607
f 5348//10608 5345//10608 5347//10608
f 5348//10609 5347//10609 5349//10609
f 5350//10610 5348//10610 5349//10610
f 5351//10611 5350//10611 5349//10611
f 5351//10612 5349//10612 5352//10612
f 5353//10613 5351//10613 5352//10613
f 5353//10614 5352//10614 5354//10614
f 5355//10615 5353//10615 5354//10615
f 5355//10616 5354//10616 5356//10616
f 5357//10617 5356//10617 5358//10617
f 5357//10618 5355//10618 5356//10618
f 5359//10619 5358//10619 5360//10619
f 5359//10620 5357//10620 5358//10620
f 5361//10621 5360//10621 5362//10621
f 5361//10622 5362//10622 5363//10622
f 5361//10623 5359//10623 5360//10623
f 5364//10624 5361//10624 5363//10624
f 5365//10625 5363//10625 5366//10625
f 5365//10626 5366//10626 5367//10626
f 5365//10627 5364//10627 5363//10627
f 5368//10628 5365//10628 5367//10628
f 5369//10629 5367//10629 5370//10629
f 5369//10630 5368//10630 5367//10630
f 5371//10631 5370//10631 5372//10631
f 5371//10632 5369//10632 5370//10632
f 5373//10633 5372//10633 5374//10633
f 5373//10634 5374//10634 5375//10634
f 5373//10635 5371//10635 5372//10635
f 5376//10636 5375//10636 5377//10636
f 5376//10637 5373//10637 5375//10637
f 5378//10638 5376//10638 5377//10638
f 5379//10639 5377//10639 5380//10639
f 5379//10640 5378//10640 5377//10640
f 5381//10641 5380//10641 5382//10641
f 5381//10642 5382//10642 5383//10642
f 5381//10643 5379//10643 5380//10643
f 5384//10644 5381//10644 5383//10644
f 5385//10645 5384//10645 5383//10645
f 5385//10646 5383//10646 5386//10646
f 5387//10647 5385//10647 5386//10647
f 5387//10648 5386//10648 5388//10648
f 5389//10649 5387//10649 5388//10649
f 5389//10650 5388//10650 5390//10650
f 5391//10651 5389//10651 5390//10651
f 5391//10652 5390//10652 5392//10652
f 5393//10653 5391//10653 5392//10653
f 5393//10654 5392//10654 5394//10654
f 5395//10655 5393//10655 5394//10655
f 5395//10656 5394//10656 5396//10656
f 5397//10657 5395//10657 5396//10657
f 5397//10658 5396//10658 5398//10658
f 5399//10659 5397//10659 5398//10659
f 5399//10660 5398//10660 5400//10660
f 5401//10661 5399//10661 5400//10661
f 5401//10662 5400//10662 5402//10662
f 5403//10663 5401//10663 5402//10663
f 5403//10664 5402//10664 5404//10664
f 5405//10665 5403//10665 5404//10665
f 5405//10666 5404//10666 5406//10666
f 5407//10667 5405//10667 5406//10667
f 5407//10668 5406//10668 5408//10668
f 5409//10669 5407//10669 5408//10669
f 5409//10670 5408//10670 5410//10670
f 5411//10671 5409//10671 5410//10671
f 5411//10672 5410//10672 5412//10672
f 5413//10673 5411//10673 5412//10673
f 5413//10674 5412//10674 5414//10674
f 5415//10675 5413//10675 5414//10675
f 5415//10676 5414//10676 5416//10676
f 5417//10677 5415//10677 5416//10677
f 5417//10678 5416//10678 5418//10678
f 5419//10679 5417//10679 5418//10679
f 5419//10680 5418//10680 5420//10680
f 5421//10681 5419//10681 5420//10681
f 5421//10682 5420//10682 5422//10682
f 5423//10683 5421//10683 5422//10683
f 5423//10684 5422//10684 5424//10684
f 5425//10685 5423//10685 5424//10685
f 5425//10686 5424//10686 5426//10686
f 5427//10687 5426//10687 5428//10687
f 5427//10688 5425//10688 5426//10688
f 5429//10689 5428//10689 5430//10689
f 5429//10690 5427//10690 5428//10690
f 5431//10691 5430//10691 5432//10691
f 5431//10692 5429//10692 5430//10692
f 5433//10693 5432//10693 5434//10693
f 5433//10694 5431//10694 5432//10694
f 5435//10695 5433//10695 5434//10695
f 5435//10696 5434//10696 5436//10696
f 5437//10697 5435//10697 5436//10697
f 5437//10698 5436//10698 5438//10698
f 5439//10699 5437//10699 5438//10699
f 5439//10700 5438//10700 5440//10700
f 5441//10701 5439//10701 5440//10701
f 5441//10702 5440//10702 5442//10702
f 5443//10703 5441//10703 5442//10703
f 5443//10704 5442//10704 5444//10704
f 5445//10705 5443//10705 5444//10705
f 5445//10706 5444//10706 5446//10706
f 5447//10707 5445//10707 5446//10707
f 5447//10708 5446//10708 5448//10708
f 5449//10709 5447//10709 5448//10709
f 5449//10710 5448//10710 5450//10710
f 5451//10711 5449//10711 5450//10711
f 5451//10712 5450//10712 5452//10712
f 5453//10713 5451//10713 5452//10713
f 5453//10714 5452//10714 5454//10714
f 5455//10715 5453//10715 5454//10715
f 5455//10716 5454//10716 5456//10716
f 5457//10717 5455//10717 5456//10717
f 5457//10718 5456//10718 5458//10718
f 5459//10719 5457//10719 5458//10719
f 5459//10720 5458//10720 5460//10720
f 5461//10721 5460//10721 5462//10721
f 5461//10722 5459//10722 5460//10722
f 5463//10723 5462//10723 5464//10723
f 5463//10724 5461//10724 5462//10724
f 5465//10725 5464//10725 5466//10725
f 5465//10726 5463//10726 5464//10726
f 5467//10727 5466//10727 5468//10727
f 5467//10728 5465//10728 5466//10728
f 5469//10729 5468//10729 5470//10729
f 5469//10730 5467//10730 5468//10730
f 5471//10731 5470//10731 5472//10731
f 5471//10732 5469//10732 5470//10732
f 5473//10733 5472//10733 5474//10733
f 5473//10734 5471//10734 5472//10734
f 5475//10735 5474//10735 5476//10735
f 5475//10736 5473//10736 5474//10736
f 5477//10737 5476//10737 5478//10737
f 5477//10738 5475//10738 5476//10738
f 5479//10739 5478//10739 5480//10739
f 5479//10740 5480//10740 5481//10740
f 5479//10741 5477//10741 5478//10741
f 5482//10742 5479//10742 5481//10742
f 5483//10743 5481//10743 5484//10743
f 5483//10744 5482//10744 5481//10744
f 5485//10745 5484//10745 5486//10745
f 5485//10746 5483//10746 5484//10746
f 5487//10747 5485//10747 5486//10747
f 5487//10748 5486//10748 5488//10748
f 5489//10749 5487//10749 5488//10749
f 5489//10750 5488//10750 5490//10750
f 5491//10751 5489//10751 5490//10751
f 5491//10752 5490//10752 5492//10752
f 5493//10753 5491//10753 5492//10753
f 5493//10754 5492//10754 5494//10754
f 5495//10755 5494//10755 5496//10755
f 5495//10756 5493//10756 5494//10756
f 5497//10757 5496//10757 5498//10757
f 5497//10758 5495//10758 5496//10758
f 5499//10759 5498//10759 5500//10759
f 5499//10760 5497//10760 5498//10760
f 5501//10761 5500//10761 5502//10761
f 5501//10762 5499//10762 5500//10762
f 5503//10763 5502//10763 5504//10763
f 5503//10764 5501//10764 5502//10764
f 5505//10765 5504//10765 5506//10765
f 5505//10766 5503//10766 5504//10766
f 5507//10767 5506//10767 5508//10767
f 5507//10768 5505//10768 5506//10768
f 5509//10769 5508//10769 5510//10769
f 5509//10770 5507//10770 5508//10770
f 5511//10771 5510//10771 5512//10771
f 5511//10772 5509//10772 5510//10772
f 5513//10773 5512//10773 5514//10773
f 5513//10774 5511//10774 5512//10774
f 5515//10775 5514//10775 5516//10775
f 5515//10776 5513//10776 5514//10776
f 5517//10777 5516//10777 5518//10777
f 5517//10778 5518//10778 5519//10778
f 5517//10779 5515//10779 5516//10779
f 5520//10780 5517//10780 5519//10780
f 5520//10781 5519//10781 5521//10781
f 5522//10782 5520//10782 5521//10782
f 5523//10783 5521//10783 5524//10783
f 5523//10784 5524//10784 5525//10784
f 5523//10785 5522//10785 5521//10785
f 5526//10786 5523//10786 5525//10786
f 5527//10787 5525//10787 5528//10787
f 5527//10788 5526//10788 5525//10788
f 5529//10789 5528//10789 5530//10789
f 5529//10790 5527//10790 5528//10790
f 5531//10791 5530//10791 5532//10791
f 5531//10792 5529//10792 5530//10792
f 5533//10793 5532//10793 5534//10793
f 5533//10794 5534//10794 5535//10794
f 5533//10795 5531//10795 5532//10795
f 5536//10796 5535//10796 5537//10796
f 5536//10797 5533//10797 5535//10797
f 5538//10798 5536//10798 5537//10798
f 5539//10799 5537//10799 5540//10799
f 5539//10800 5540//10800 5541//10800
f 5539//10801 5538//10801 5537//10801
f 5542//10802 5539//10802 5541//10802
f 5543//10803 5542//10803 5541//10803
f 5543//10804 5541//10804 5544//10804
f 5545//10805 5543//10805 5544//10805
f 5545//10806 5544//10806 5546//10806
f 5547//10807 5545//10807 5546//10807
f 5547//10808 5546//10808 5548//10808
f 5549//10809 5547//10809 5548//10809
f 5549//10810 5548//10810 5550//10810
f 5551//10811 5549//10811 5550//10811
f 5551//10812 5550//10812 5552//10812
f 5553//10813 5551//10813 5552//10813
f 5553//10814 5552//10814 5554//10814
f 5555//10815 5553//10815 5554//10815
f 5555//10816 5554//10816 5556//10816
f 5555//10817 5556//10817 5557//10817
f 5558//10818 5555//10818 5557//10818
f 5559//10819 5558//10819 5557//10819
f 5559//10820 5557//10820 5560//10820
f 5559//10821 5560//10821 5561//10821
f 5562//10822 5559//10822 5561//10822
f 5312//10823 5561//10823 5313//10823
f 5312//10824 5562//10824 5561//10824
f 5350//10825 5351//10825 5353//10825
f 5350//10826 5353//10826 5355//10826
f 5350//10827 5355//10827 5357//10827
f 5337//10828 5331//10828 5334//10828
f 5337//10829 5334//10829 5335//10829
f 5493//10830 5489//10830 5491//10830
f 5345//10831 5348//10831 5350//10831
f 5341//10832 5337//10832 5340//10832
f 5343//10833 5562//10833 5323//10833
f 5343//10834 5511//10834 5513//10834
f 5343//10835 5513//10835 5520//10835
f 5343//10836 5413//10836 5417//10836
f 5343//10837 5520//10837 5522//10837
f 5343//10838 5522//10838 5523//10838
f 5343//10839 5384//10839 5389//10839
f 5343//10840 5527//10840 5529//10840
f 5343//10841 5523//10841 5527//10841
f 5343//10842 5539//10842 5549//10842
f 5343//10843 5417//10843 5421//10843
f 5343//10844 5350//10844 5357//10844
f 5343//10845 5379//10845 5381//10845
f 5343//10846 5381//10846 5384//10846
f 5343//10847 5389//10847 5391//10847
f 5343//10848 5395//10848 5397//10848
f 5343//10849 5397//10849 5399//10849
f 5343//10850 5399//10850 5401//10850
f 5343//10851 5401//10851 5403//10851
f 5343//10852 5403//10852 5409//10852
f 5343//10853 5409//10853 5411//10853
f 5343//10854 5411//10854 5413//10854
f 5343//10855 5345//10855 5350//10855
f 5343//10856 5549//10856 5562//10856
f 5343//10857 5323//10857 5331//10857
f 5343//10858 5421//10858 5423//10858
f 5343//10859 5529//10859 5539//10859
f 5343//10860 5423//10860 5425//10860
f 5343//10861 5425//10861 5427//10861
f 5343//10862 5427//10862 5429//10862
f 5343//10863 5429//10863 5431//10863
f 5343//10864 5431//10864 5433//10864
f 5343//10865 5433//10865 5435//10865
f 5343//10866 5331//10866 5337//10866
f 5343//10867 5435//10867 5437//10867
f 5343//10868 5437//10868 5439//10868
f 5343//10869 5439//10869 5441//10869
f 5343//10870 5441//10870 5443//10870
f 5343//10871 5443//10871 5445//10871
f 5343//10872 5445//10872 5447//10872
f 5343//10873 5447//10873 5449//10873
f 5343//10874 5449//10874 5451//10874
f 5343//10875 5451//10875 5453//10875
f 5343//10876 5453//10876 5455//10876
f 5343//10877 5391//10877 5395//10877
f 5343//10878 5455//10878 5457//10878
f 5343//10879 5337//10879 5341//10879
f 5343//10880 5457//10880 5459//10880
f 5343//10881 5459//10881 5461//10881
f 5343//10882 5357//10882 5376//10882
f 5343//10883 5461//10883 5463//10883
f 5343//10884 5463//10884 5465//10884
f 5343//10885 5465//10885 5467//10885
f 5343//10886 5489//10886 5493//10886
f 5343//10887 5467//10887 5469//10887
f 5343//10888 5469//10888 5471//10888
f 5343//10889 5471//10889 5473//10889
f 5343//10890 5473//10890 5475//10890
f 5343//10891 5475//10891 5477//10891
f 5343//10892 5477//10892 5479//10892
f 5343//10893 5479//10893 5482//10893
f 5343//10894 5482//10894 5483//10894
f 5343//10895 5483//10895 5485//10895
f 5343//10896 5376//10896 5379//10896
f 5343//10897 5485//10897 5487//10897
f 5343//10898 5487//10898 5489//10898
f 5343//10899 5493//10899 5495//10899
f 5343//10900 5495//10900 5497//10900
f 5343//10901 5497//10901 5499//10901
f 5343//10902 5499//10902 5501//10902
f 5343//10903 5501//10903 5503//10903
f 5343//10904 5503//10904 5505//10904
f 5343//10905 5505//10905 5507//10905
f 5343//10906 5507//10906 5509//10906
f 5343//10907 5509//10907 5511//10907
f 5520//10908 5513//10908 5515//10908
f 5520//10909 5515//10909 5517//10909
f 5417//10910 5419//10910 5421//10910
f 5413//10911 5415//10911 5417//10911
f 5527//10912 5523//10912 5526//10912
f 5533//10913 5529//10913 5531//10913
f 5403//10914 5405//10914 5407//10914
f 5403//10915 5407//10915 5409//10915
f 5538//10916 5533//10916 5536//10916
f 5539//10917 5533//10917 5538//10917
f 5539//10918 5529//10918 5533//10918
f 5543//10919 5539//10919 5542//10919
f 5391//10920 5393//10920 5395//10920
f 5547//10921 5543//10921 5545//10921
f 5547//10922 5539//10922 5543//10922
f 5549//10923 5539//10923 5547//10923
f 5385//10924 5387//10924 5389//10924
f 5384//10925 5385//10925 5389//10925
f 5555//10926 5549//10926 5551//10926
f 5555//10927 5551//10927 5553//10927
f 5559//10928 5555//10928 5558//10928
f 5559//10929 5549//10929 5555//10929
f 5562//10930 5549//10930 5559//10930
f 5376//10931 5378//10931 5379//10931
f 5319//10932 5311//10932 5315//10932
f 5319//10933 5315//10933 5317//10933
f 5323//10934 5312//10934 5311//10934
f 5323//10935 5319//10935 5322//10935
f 5323//10936 5562//10936 5312//10936
f 5323//10937 5311//10937 5319//10937
f 5359//10938 5361//10938 5364//10938
f 5357//10939 5364//10939 5365//10939
f 5357//10940 5365//10940 5368//10940
f 5357//10941 5368//10941 5369//10941
f 5357//10942 5369//10942 5371//10942
f 5357//10943 5371//10943 5373//10943
f 5357//10944 5373//10944 5376//10944
f 5357//10945 5359//10945 5364//10945
f 5331//10946 5323//10946 5325//10946
f 5331//10947 5325//10947 5327//10947
f 5331//10948 5327//10948 5330//10948
f 5352//10949 5349//10949 5354//10949
f 5354//10950 5349//10950 5356//10950
f 5356//10951 5349//10951 5358//10951
f 5332//10952 5338//10952 5333//10952
f 5333//10953 5338//10953 5336//10953
f 5490//10954 5494//10954 5492//10954
f 5347//10955 5346//10955 5349//10955
f 5338//10956 5342//10956 5339//10956
f 5561//10957 5344//10957 5324//10957
f 5512//10958 5344//10958 5514//10958
f 5514//10959 5344//10959 5519//10959
f 5414//10960 5344//10960 5418//10960
f 5519//10961 5344//10961 5521//10961
f 5521//10962 5344//10962 5524//10962
f 5383//10963 5344//10963 5390//10963
f 5528//10964 5344//10964 5530//10964
f 5524//10965 5344//10965 5528//10965
f 5540//10966 5344//10966 5550//10966
f 5418//10967 5344//10967 5422//10967
f 5349//10968 5344//10968 5358//10968
f 5380//10969 5344//10969 5382//10969
f 5382//10970 5344//10970 5383//10970
f 5390//10971 5344//10971 5392//10971
f 5396//10972 5344//10972 5398//10972
f 5398//10973 5344//10973 5400//10973
f 5400//10974 5344//10974 5402//10974
f 5402//10975 5344//10975 5404//10975
f 5404//10976 5344//10976 5410//10976
f 5410//10977 5344//10977 5412//10977
f 5412//10978 5344//10978 5414//10978
f 5346//10979 5344//10979 5349//10979
f 5550//10980 5344//10980 5561//10980
f 5324//10981 5344//10981 5332//10981
f 5422//10982 5344//10982 5424//10982
f 5530//10983 5344//10983 5540//10983
f 5424//10984 5344//10984 5426//10984
f 5426//10985 5344//10985 5428//10985
f 5428//10986 5344//10986 5430//10986
f 5430//10987 5344//10987 5432//10987
f 5432//10988 5344//10988 5434//10988
f 5434//10989 5344//10989 5436//10989
f 5332//10990 5344//10990 5338//10990
f 5436//10991 5344//10991 5438//10991
f 5438//10992 5344//10992 5440//10992
f 5440//10993 5344//10993 5442//10993
f 5442//10994 5344//10994 5444//10994
f 5444//10995 5344//10995 5446//10995
f 5446//10996 5344//10996 5448//10996
f 5448//10997 5344//10997 5450//10997
f 5450//10998 5344//10998 5452//10998
f 5452//10999 5344//10999 5454//10999
f 5454//11000 5344//11000 5456//11000
f 5392//11001 5344//11001 5396//11001
f 5456//11002 5344//11002 5458//11002
f 5338//11003 5344//11003 5342//11003
f 5458//11004 5344//11004 5460//11004
f 5460//11005 5344//11005 5462//11005
f 5358//11006 5344//11006 5375//11006
f 5462//11007 5344//11007 5464//11007
f 5464//11008 5344//11008 5466//11008
f 5466//11009 5344//11009 5468//11009
f 5490//11010 5344//11010 5494//11010
f 5468//11011 5344//11011 5470//11011
f 5470//11012 5344//11012 5472//11012
f 5472//11013 5344//11013 5474//11013
f 5474//11014 5344//11014 5476//11014
f 5476//11015 5344//11015 5478//11015
f 5478//11016 5344//11016 5480//11016
f 5480//11017 5344//11017 5481//11017
f 5481//11018 5344//11018 5484//11018
f 5484//11019 5344//11019 5486//11019
f 5375//11020 5344//11020 5380//11020
f 5486//11021 5344//11021 5488//11021
f 5488//11022 5344//11022 5490//11022
f 5494//11023 5344//11023 5496//11023
f 5496//11024 5344//11024 5498//11024
f 5498//11025 5344//11025 5500//11025
f 5500//11026 5344//11026 5502//11026
f 5502//11027 5344//11027 5504//11027
f 5504//11028 5344//11028 5506//11028
f 5506//11029 5344//11029 5508//11029
f 5508//11030 5344//11030 5510//11030
f 5510//11031 5344//11031 5512//11031
f 5514//11032 5519//11032 5516//11032
f 5516//11033 5519//11033 5518//11033
f 5420//11034 5418//11034 5422//11034
f 5416//11035 5414//11035 5418//11035
f 5524//11036 5528//11036 5525//11036
f 5530//11037 5534//11037 5532//11037
f 5406//11038 5404//11038 5408//11038
f 5408//11039 5404//11039 5410//11039
f 5534//11040 5537//11040 5535//11040
f 5534//11041 5540//11041 5537//11041
f 5530//11042 5540//11042 5534//11042
f 5540//11043 5544//11043 5541//11043
f 5394//11044 5392//11044 5396//11044
f 5544//11045 5548//11045 5546//11045
f 5540//11046 5548//11046 5544//11046
f 5540//11047 5550//11047 5548//11047
f 5388//11048 5386//11048 5390//11048
f 5386//11049 5383//11049 5390//11049
f 5550//11050 5556//11050 5552//11050
f 5552//11051 5556//11051 5554//11051
f 5556//11052 5560//11052 5557//11052
f 5550//11053 5560//11053 5556//11053
f 5550//11054 5561//11054 5560//11054
f 5377//11055 5375//11055 5380//11055
f 5314//11056 5320//11056 5316//11056
f 5316//11057 5320//11057 5318//11057
f 5313//11058 5324//11058 5314//11058
f 5320//11059 5324//11059 5321//11059
f 5561//11060 5324//11060 5313//11060
f 5314//11061 5324//11061 5320//11061
f 5362//11062 5360//11062 5363//11062
f 5363//11063 5358//11063 5366//11063
f 5366//11064 5358//11064 5367//11064
f 5367//11065 5358//11065 5370//11065
f 5370//11066 5358//11066 5372//11066
f 5372//11067 5358//11067 5374//11067
f 5374//11068 5358//11068 5375//11068
f 5360//11069 5358//11069 5363//11069
f 5324//11070 5332//11070 5326//11070
f 5326//11071 5332//11071 5328//11071
f 5328//11072 5332//11072 5329//11072
f 5563//11073 5564//11073 5565//11073
f 5563//11074 5565//11074 5566//11074
f 5567//11075 5566//11075 5568//11075
f 5567//11076 5563//11076 5566//11076
f 5569//11077 5568//11077 5570//11077
f 5569//11078 5567//11078 5568//11078
f 5571//11079 5570//11079 5572//11079
f 5571//11080 5572//11080 5573//11080
f 5571//11081 5569//11081 5570//11081
f 5574//11082 5571//11082 5573//11082
f 5575//11083 5573//11083 5576//11083
f 5575//11084 5574//11084 5573//11084
f 5577//11085 5576//11085 5578//11085
f 5577//11086 5575//11086 5576//11086
f 5579//11087 5578//11087 5580//11087
f 5579//11088 5580//11088 5581//11088
f 5579//11089 5577//11089 5578//11089
f 5582//11090 5579//11090 5581//11090
f 5583//11091 5581//11091 5584//11091
f 5583//11092 5584//11092 5585//11092
f 5583//11093 5582//11093 5581//11093
f 5586//11094 5583//11094 5585//11094
f 5587//11095 5586//11095 5585//11095
f 5587//11096 5585//11096 5588//11096
f 5589//11097 5587//11097 5588//11097
f 5589//11098 5588//11098 5590//11098
f 5589//11099 5590//11099 5591//11099
f 5592//11100 5589//11100 5591//11100
f 5593//11101 5592//11101 5591//11101
f 5593//11102 5591//11102 5594//11102
f 5595//11103 5593//11103 5594//11103
f 5595//11104 5594//11104 5596//11104
f 5597//11105 5595//11105 5596//11105
f 5597//11106 5596//11106 5598//11106
f 5597//11107 5598//11107 5599//11107
f 5600//11108 5597//11108 5599//11108
f 5600//11109 5599//11109 5601//11109
f 5602//11110 5600//11110 5601//11110
f 5603//11111 5602//11111 5601//11111
f 5603//11112 5601//11112 5604//11112
f 5605//11113 5603//11113 5604//11113
f 5605//11114 5604//11114 5606//11114
f 5607//11115 5605//11115 5606//11115
f 5607//11116 5606//11116 5608//11116
f 5609//11117 5608//11117 5610//11117
f 5609//11118 5607//11118 5608//11118
f 5611//11119 5610//11119 5612//11119
f 5611//11120 5609//11120 5610//11120
f 5613//11121 5612//11121 5614//11121
f 5613//11122 5614//11122 5615//11122
f 5613//11123 5611//11123 5612//11123
f 5616//11124 5613//11124 5615//11124
f 5617//11125 5615//11125 5618//11125
f 5617//11126 5618//11126 5619//11126
f 5617//11127 5616//11127 5615//11127
f 5620//11128 5617//11128 5619//11128
f 5621//11129 5619//11129 5622//11129
f 5621//11130 5620//11130 5619//11130
f 5623//11131 5622//11131 5624//11131
f 5623//11132 5621//11132 5622//11132
f 5625//11133 5624//11133 5626//11133
f 5625//11134 5626//11134 5627//11134
f 5625//11135 5623//11135 5624//11135
f 5628//11136 5627//11136 5629//11136
f 5628//11137 5625//11137 5627//11137
f 5630//11138 5628//11138 5629//11138
f 5631//11139 5629//11139 5632//11139
f 5631//11140 5630//11140 5629//11140
f 5633//11141 5632//11141 5634//11141
f 5633//11142 5634//11142 5635//11142
f 5633//11143 5631//11143 5632//11143
f 5636//11144 5633//11144 5635//11144
f 5637//11145 5636//11145 5635//11145
f 5637//11146 5635//11146 5638//11146
f 5639//11147 5637//11147 5638//11147
f 5639//11148 5638//11148 5640//11148
f 5641//11149 5639//11149 5640//11149
f 5641//11150 5640//11150 5642//11150
f 5643//11151 5641//11151 5642//11151
f 5643//11152 5642//11152 5644//11152
f 5645//11153 5643//11153 5644//11153
f 5645//11154 5644//11154 5646//11154
f 5647//11155 5645//11155 5646//11155
f 5647//11156 5646//11156 5648//11156
f 5649//11157 5647//11157 5648//11157
f 5649//11158 5648//11158 5650//11158
f 5651//11159 5649//11159 5650//11159
f 5651//11160 5650//11160 5652//11160
f 5653//11161 5651//11161 5652//11161
f 5653//11162 5652//11162 5654//11162
f 5655//11163 5653//11163 5654//11163
f 5655//11164 5654//11164 5656//11164
f 5657//11165 5655//11165 5656//11165
f 5657//11166 5656//11166 5658//11166
f 5659//11167 5657//11167 5658//11167
f 5659//11168 5658//11168 5660//11168
f 5661//11169 5659//11169 5660//11169
f 5661//11170 5660//11170 5662//11170
f 5663//11171 5661//11171 5662//11171
f 5663//11172 5662//11172 5664//11172
f 5665//11173 5663//11173 5664//11173
f 5665//11174 5664//11174 5666//11174
f 5667//11175 5665//11175 5666//11175
f 5667//11176 5666//11176 5668//11176
f 5669//11177 5667//11177 5668//11177
f 5669//11178 5668//11178 5670//11178
f 5671//11179 5669//11179 5670//11179
f 5671//11180 5670//11180 5672//11180
f 5673//11181 5671//11181 5672//11181
f 5673//11182 5672//11182 5674//11182
f 5675//11183 5673//11183 5674//11183
f 5675//11184 5674//11184 5676//11184
f 5677//11185 5675//11185 5676//11185
f 5677//11186 5676//11186 5678//11186
f 5679//11187 5678//11187 5680//11187
f 5679//11188 5677//11188 5678//11188
f 5681//11189 5680//11189 5682//11189
f 5681//11190 5679//11190 5680//11190
f 5683//11191 5682//11191 5684//11191
f 5683//11192 5681//11192 5682//11192
f 5685//11193 5684//11193 5686//11193
f 5685//11194 5683//11194 5684//11194
f 5687//11195 5685//11195 5686//11195
f 5687//11196 5686//11196 5688//11196
f 5689//11197 5687//11197 5688//11197
f 5689//11198 5688//11198 5690//11198
f 5691//11199 5689//11199 5690//11199
f 5691//11200 5690//11200 5692//11200
f 5693//11201 5691//11201 5692//11201
f 5693//11202 5692//11202 5694//11202
f 5695//11203 5693//11203 5694//11203
f 5695//11204 5694//11204 5696//11204
f 5697//11205 5695//11205 5696//11205
f 5697//11206 5696//11206 5698//11206
f 5699//11207 5697//11207 5698//11207
f 5699//11208 5698//11208 5700//11208
f 5701//11209 5699//11209 5700//11209
f 5701//11210 5700//11210 5702//11210
f 5703//11211 5701//11211 5702//11211
f 5703//11212 5702//11212 5704//11212
f 5705//11213 5703//11213 5704//11213
f 5705//11214 5704//11214 5706//11214
f 5707//11215 5705//11215 5706//11215
f 5707//11216 5706//11216 5708//11216
f 5709//11217 5707//11217 5708//11217
f 5709//11218 5708//11218 5710//11218
f 5711//11219 5709//11219 5710//11219
f 5711//11220 5710//11220 5712//11220
f 5713//11221 5712//11221 5714//11221
f 5713//11222 5711//11222 5712//11222
f 5715//11223 5714//11223 5716//11223
f 5715//11224 5713//11224 5714//11224
f 5717//11225 5716//11225 5718//11225
f 5717//11226 5715//11226 5716//11226
f 5719//11227 5718//11227 5720//11227
f 5719//11228 5717//11228 5718//11228
f 5721//11229 5720//11229 5722//11229
f 5721//11230 5719//11230 5720//11230
f 5723//11231 5722//11231 5724//11231
f 5723//11232 5721//11232 5722//11232
f 5725//11233 5724//11233 5726//11233
f 5725//11234 5723//11234 5724//11234
f 5727//11235 5726//11235 5728//11235
f 5727//11236 5725//11236 5726//11236
f 5729//11237 5728//11237 5730//11237
f 5729//11238 5727//11238 5728//11238
f 5731//11239 5730//11239 5732//11239
f 5731//11240 5732//11240 5733//11240
f 5731//11241 5729//11241 5730//11241
f 5734//11242 5731//11242 5733//11242
f 5735//11243 5733//11243 5736//11243
f 5735//11244 5734//11244 5733//11244
f 5737//11245 5736//11245 5738//11245
f 5737//11246 5735//11246 5736//11246
f 5739//11247 5737//11247 5738//11247
f 5739//11248 5738//11248 5740//11248
f 5741//11249 5739//11249 5740//11249
f 5741//11250 5740//11250 5742//11250
f 5743//11251 5741//11251 5742//11251
f 5743//11252 5742//11252 5744//11252
f 5745//11253 5743//11253 5744//11253
f 5745//11254 5744//11254 5746//11254
f 5747//11255 5746//11255 5748//11255
f 5747//11256 5745//11256 5746//11256
f 5749//11257 5748//11257 5750//11257
f 5749//11258 5747//11258 5748//11258
f 5751//11259 5750//11259 5752//11259
f 5751//11260 5749//11260 5750//11260
f 5753//11261 5752//11261 5754//11261
f 5753//11262 5751//11262 5752//11262
f 5755//11263 5754//11263 5756//11263
f 5755//11264 5753//11264 5754//11264
f 5757//11265 5756//11265 5758//11265
f 5757//11266 5755//11266 5756//11266
f 5759//11267 5758//11267 5760//11267
f 5759//11268 5757//11268 5758//11268
f 5761//11269 5760//11269 5762//11269
f 5761//11270 5759//11270 5760//11270
f 5763//11271 5762//11271 5764//11271
f 5763//11272 5761//11272 5762//11272
f 5765//11273 5764//11273 5766//11273
f 5765//11274 5763//11274 5764//11274
f 5767//11275 5766//11275 5768//11275
f 5767//11276 5765//11276 5766//11276
f 5769//11277 5768//11277 5770//11277
f 5769//11278 5770//11278 5771//11278
f 5769//11279 5767//11279 5768//11279
f 5772//11280 5769//11280 5771//11280
f 5772//11281 5771//11281 5773//11281
f 5774//11282 5772//11282 5773//11282
f 5775//11283 5773//11283 5776//11283
f 5775//11284 5776//11284 5777//11284
f 5775//11285 5774//11285 5773//11285
f 5778//11286 5775//11286 5777//11286
f 5779//11287 5777//11287 5780//11287
f 5779//11288 5778//11288 5777//11288
f 5781//11289 5780//11289 5782//11289
f 5781//11290 5779//11290 5780//11290
f 5783//11291 5782//11291 5784//11291
f 5783//11292 5781//11292 5782//11292
f 5785//11293 5784//11293 5786//11293
f 5785//11294 5786//11294 5787//11294
f 5785//11295 5783//11295 5784//11295
f 5788//11296 5787//11296 5789//11296
f 5788//11297 5785//11297 5787//11297
f 5790//11298 5788//11298 5789//11298
f 5791//11299 5789//11299 5792//11299
f 5791//11300 5792//11300 5793//11300
f 5791//11301 5790//11301 5789//11301
f 5794//11302 5791//11302 5793//11302
f 5795//11303 5794//11303 5793//11303
f 5795//11304 5793//11304 5796//11304
f 5797//11305 5795//11305 5796//11305
f 5797//11306 5796//11306 5798//11306
f 5799//11307 5797//11307 5798//11307
f 5799//11308 5798//11308 5800//11308
f 5801//11309 5799//11309 5800//11309
f 5801//11310 5800//11310 5802//11310
f 5803//11311 5801//11311 5802//11311
f 5803//11312 5802//11312 5804//11312
f 5805//11313 5803//11313 5804//11313
f 5805//11314 5804//11314 5806//11314
f 5807//11315 5805//11315 5806//11315
f 5807//11316 5806//11316 5808//11316
f 5807//11317 5808//11317 5809//11317
f 5810//11318 5807//11318 5809//11318
f 5811//11319 5810//11319 5809//11319
f 5811//11320 5809//11320 5812//11320
f 5811//11321 5812//11321 5813//11321
f 5814//11322 5811//11322 5813//11322
f 5564//11323 5813//11323 5565//11323
f 5564//11324 5814//11324 5813//11324
f 5587//11325 5583//11325 5586//11325
f 5602//11326 5603//11326 5605//11326
f 5602//11327 5605//11327 5607//11327
f 5602//11328 5607//11328 5611//11328
f 5745//11329 5741//11329 5743//11329
f 5597//11330 5600//11330 5602//11330
f 5595//11331 5763//11331 5765//11331
f 5595//11332 5765//11332 5767//11332
f 5595//11333 5767//11333 5769//11333
f 5595//11334 5663//11334 5669//11334
f 5595//11335 5574//11335 5575//11335
f 5595//11336 5611//11336 5617//11336
f 5595//11337 5582//11337 5583//11337
f 5595//11338 5587//11338 5589//11338
f 5595//11339 5589//11339 5592//11339
f 5595//11340 5575//11340 5582//11340
f 5595//11341 5759//11341 5763//11341
f 5595//11342 5592//11342 5593//11342
f 5595//11343 5769//11343 5775//11343
f 5595//11344 5775//11344 5781//11344
f 5595//11345 5807//11345 5810//11345
f 5595//11346 5781//11346 5785//11346
f 5595//11347 5810//11347 5811//11347
f 5595//11348 5811//11348 5814//11348
f 5595//11349 5625//11349 5628//11349
f 5595//11350 5628//11350 5630//11350
f 5595//11351 5630//11351 5631//11351
f 5595//11352 5567//11352 5574//11352
f 5595//11353 5631//11353 5633//11353
f 5595//11354 5633//11354 5636//11354
f 5595//11355 5636//11355 5637//11355
f 5595//11356 5641//11356 5643//11356
f 5595//11357 5814//11357 5567//11357
f 5595//11358 5785//11358 5790//11358
f 5595//11359 5583//11359 5587//11359
f 5595//11360 5651//11360 5655//11360
f 5595//11361 5617//11361 5625//11361
f 5595//11362 5655//11362 5659//11362
f 5595//11363 5659//11363 5661//11363
f 5595//11364 5661//11364 5663//11364
f 5595//11365 5669//11365 5671//11365
f 5595//11366 5671//11366 5673//11366
f 5595//11367 5647//11367 5651//11367
f 5595//11368 5673//11368 5675//11368
f 5595//11369 5675//11369 5677//11369
f 5595//11370 5677//11370 5679//11370
f 5595//11371 5679//11371 5681//11371
f 5595//11372 5602//11372 5611//11372
f 5595//11373 5681//11373 5683//11373
f 5595//11374 5683//11374 5685//11374
f 5595//11375 5685//11375 5687//11375
f 5595//11376 5687//11376 5689//11376
f 5595//11377 5689//11377 5691//11377
f 5595//11378 5643//11378 5647//11378
f 5595//11379 5691//11379 5693//11379
f 5595//11380 5693//11380 5695//11380
f 5595//11381 5695//11381 5697//11381
f 5595//11382 5697//11382 5699//11382
f 5595//11383 5597//11383 5602//11383
f 5595//11384 5699//11384 5701//11384
f 5595//11385 5701//11385 5703//11385
f 5595//11386 5703//11386 5705//11386
f 5595//11387 5705//11387 5707//11387
f 5595//11388 5707//11388 5709//11388
f 5595//11389 5709//11389 5711//11389
f 5595//11390 5711//11390 5713//11390
f 5595//11391 5713//11391 5715//11391
f 5595//11392 5637//11392 5641//11392
f 5595//11393 5715//11393 5717//11393
f 5595//11394 5717//11394 5719//11394
f 5595//11395 5741//11395 5745//11395
f 5595//11396 5719//11396 5721//11396
f 5595//11397 5721//11397 5723//11397
f 5595//11398 5723//11398 5725//11398
f 5595//11399 5725//11399 5727//11399
f 5595//11400 5727//11400 5729//11400
f 5595//11401 5729//11401 5731//11401
f 5595//11402 5731//11402 5734//11402
f 5595//11403 5734//11403 5735//11403
f 5595//11404 5735//11404 5737//11404
f 5595//11405 5737//11405 5739//11405
f 5595//11406 5739//11406 5741//11406
f 5595//11407 5745//11407 5747//11407
f 5595//11408 5790//11408 5807//11408
f 5595//11409 5747//11409 5749//11409
f 5595//11410 5749//11410 5751//11410
f 5595//11411 5751//11411 5753//11411
f 5763//11412 5759//11412 5761//11412
f 5595//11413 5753//11413 5755//11413
f 5595//11414 5755//11414 5757//11414
f 5595//11415 5757//11415 5759//11415
f 5774//11416 5769//11416 5772//11416
f 5775//11417 5769//11417 5774//11417
f 5663//11418 5665//11418 5667//11418
f 5663//11419 5667//11419 5669//11419
f 5779//11420 5775//11420 5778//11420
f 5781//11421 5775//11421 5779//11421
f 5785//11422 5781//11422 5783//11422
f 5655//11423 5657//11423 5659//11423
f 5790//11424 5785//11424 5788//11424
f 5651//11425 5653//11425 5655//11425
f 5647//11426 5649//11426 5651//11426
f 5797//11427 5794//11427 5795//11427
f 5643//11428 5645//11428 5647//11428
f 5799//11429 5791//11429 5794//11429
f 5799//11430 5794//11430 5797//11430
f 5801//11431 5791//11431 5799//11431
f 5637//11432 5639//11432 5641//11432
f 5807//11433 5790//11433 5791//11433
f 5807//11434 5801//11434 5803//11434
f 5807//11435 5803//11435 5805//11435
f 5807//11436 5791//11436 5801//11436
f 5563//11437 5814//11437 5564//11437
f 5567//11438 5814//11438 5563//11438
f 5620//11439 5621//11439 5623//11439
f 5617//11440 5620//11440 5623//11440
f 5617//11441 5623//11441 5625//11441
f 5574//11442 5567//11442 5569//11442
f 5574//11443 5569//11443 5571//11443
f 5611//11444 5613//11444 5616//11444
f 5611//11445 5616//11445 5617//11445
f 5579//11446 5575//11446 5577//11446
f 5582//11447 5575//11447 5579//11447
f 5607//11448 5609//11448 5611//11448
f 5584//11449 5588//11449 5585//11449
f 5604//11450 5601//11450 5606//11450
f 5606//11451 5601//11451 5608//11451
f 5608//11452 5601//11452 5612//11452
f 5742//11453 5746//11453 5744//11453
f 5599//11454 5598//11454 5601//11454
f 5764//11455 5596//11455 5766//11455
f 5766//11456 5596//11456 5768//11456
f 5768//11457 5596//11457 5770//11457
f 5664//11458 5596//11458 5670//11458
f 5573//11459 5596//11459 5576//11459
f 5612//11460 5596//11460 5618//11460
f 5581//11461 5596//11461 5584//11461
f 5588//11462 5596//11462 5590//11462
f 5590//11463 5596//11463 5591//11463
f 5576//11464 5596//11464 5581//11464
f 5760//11465 5596//11465 5764//11465
f 5591//11466 5596//11466 5594//11466
f 5770//11467 5596//11467 5776//11467
f 5776//11468 5596//11468 5782//11468
f 5808//11469 5596//11469 5809//11469
f 5782//11470 5596//11470 5786//11470
f 5809//11471 5596//11471 5812//11471
f 5812//11472 5596//11472 5813//11472
f 5626//11473 5596//11473 5627//11473
f 5627//11474 5596//11474 5629//11474
f 5629//11475 5596//11475 5632//11475
f 5568//11476 5596//11476 5573//11476
f 5632//11477 5596//11477 5634//11477
f 5634//11478 5596//11478 5635//11478
f 5635//11479 5596//11479 5638//11479
f 5642//11480 5596//11480 5644//11480
f 5813//11481 5596//11481 5568//11481
f 5786//11482 5596//11482 5789//11482
f 5584//11483 5596//11483 5588//11483
f 5652//11484 5596//11484 5656//11484
f 5618//11485 5596//11485 5626//11485
f 5656//11486 5596//11486 5660//11486
f 5660//11487 5596//11487 5662//11487
f 5662//11488 5596//11488 5664//11488
f 5670//11489 5596//11489 5672//11489
f 5672//11490 5596//11490 5674//11490
f 5648//11491 5596//11491 5652//11491
f 5674//11492 5596//11492 5676//11492
f 5676//11493 5596//11493 5678//11493
f 5678//11494 5596//11494 5680//11494
f 5680//11495 5596//11495 5682//11495
f 5601//11496 5596//11496 5612//11496
f 5682//11497 5596//11497 5684//11497
f 5684//11498 5596//11498 5686//11498
f 5686//11499 5596//11499 5688//11499
f 5688//11500 5596//11500 5690//11500
f 5690//11501 5596//11501 5692//11501
f 5644//11502 5596//11502 5648//11502
f 5692//11503 5596//11503 5694//11503
f 5694//11504 5596//11504 5696//11504
f 5696//11505 5596//11505 5698//11505
f 5698//11506 5596//11506 5700//11506
f 5598//11507 5596//11507 5601//11507
f 5700//11508 5596//11508 5702//11508
f 5702//11509 5596//11509 5704//11509
f 5704//11510 5596//11510 5706//11510
f 5706//11511 5596//11511 5708//11511
f 5708//11512 5596//11512 5710//11512
f 5710//11513 5596//11513 5712//11513
f 5712//11514 5596//11514 5714//11514
f 5714//11515 5596//11515 5716//11515
f 5638//11516 5596//11516 5642//11516
f 5716//11517 5596//11517 5718//11517
f 5718//11518 5596//11518 5720//11518
f 5742//11519 5596//11519 5746//11519
f 5720//11520 5596//11520 5722//11520
f 5722//11521 5596//11521 5724//11521
f 5724//11522 5596//11522 5726//11522
f 5726//11523 5596//11523 5728//11523
f 5728//11524 5596//11524 5730//11524
f 5730//11525 5596//11525 5732//11525
f 5732//11526 5596//11526 5733//11526
f 5733//11527 5596//11527 5736//11527
f 5736//11528 5596//11528 5738//11528
f 5738//11529 5596//11529 5740//11529
f 5740//11530 5596//11530 5742//11530
f 5746//11531 5596//11531 5748//11531
f 5789//11532 5596//11532 5808//11532
f 5748//11533 5596//11533 5750//11533
f 5750//11534 5596//11534 5752//11534
f 5752//11535 5596//11535 5754//11535
f 5760//11536 5764//11536 5762//11536
f 5754//11537 5596//11537 5756//11537
f 5756//11538 5596//11538 5758//11538
f 5758//11539 5596//11539 5760//11539
f 5770//11540 5773//11540 5771//11540
f 5770//11541 5776//11541 5773//11541
f 5666//11542 5664//11542 5668//11542
f 5668//11543 5664//11543 5670//11543
f 5776//11544 5780//11544 5777//11544
f 5776//11545 5782//11545 5780//11545
f 5782//11546 5786//11546 5784//11546
f 5658//11547 5656//11547 5660//11547
f 5786//11548 5789//11548 5787//11548
f 5654//11549 5652//11549 5656//11549
f 5650//11550 5648//11550 5652//11550
f 5793//11551 5798//11551 5796//11551
f 5646//11552 5644//11552 5648//11552
f 5792//11553 5800//11553 5793//11553
f 5793//11554 5800//11554 5798//11554
f 5792//11555 5802//11555 5800//11555
f 5640//11556 5638//11556 5642//11556
f 5789//11557 5808//11557 5792//11557
f 5802//11558 5808//11558 5804//11558
f 5804//11559 5808//11559 5806//11559
f 5792//11560 5808//11560 5802//11560
f 5813//11561 5566//11561 5565//11561
f 5813//11562 5568//11562 5566//11562
f 5622//11563 5619//11563 5624//11563
f 5619//11564 5618//11564 5624//11564
f 5624//11565 5618//11565 5626//11565
f 5568//11566 5573//11566 5570//11566
f 5570//11567 5573//11567 5572//11567
f 5614//11568 5612//11568 5615//11568
f 5615//11569 5612//11569 5618//11569
f 5576//11570 5580//11570 5578//11570
f 5576//11571 5581//11571 5580//11571
f 5610//11572 5608//11572 5612//11572
